sp_id	sp_hh_id	age	sex	race	relate	school_id	work_id
164153161	56598590	72	M	1	0	X	X
164153179	56598219	72	M	1	0	X	X
164165885	56600014	48	F	1	1	X	517667145
164165888	56597983	47	M	1	0	X	517668603
164165889	56597983	48	F	1	1	X	517788474
164165890	56598537	47	M	1	0	X	517788475
164165891	56598537	48	F	1	1	X	517668782
164206898	56598840	41	F	1	1	X	517788697
164206899	56598840	36	M	1	0	X	517788703
165196854	56598130	87	M	1	0	X	X
166120439	56551009	10	F	1	2	450100218	X
166120440	56551009	32	F	1	0	X	515183403
166120445	56598656	32	F	1	0	X	515183313
166120446	56598656	6	M	1	2	450100218	X
166120448	56598656	34	M	1	1	X	517668578
166204778	56598103	15	F	1	2	450100219	X
166204781	56598103	40	M	1	0	X	517668579
166277962	56550782	80	M	1	0	X	X
166308176	56599083	44	M	1	1	X	517668807
166308177	56599083	45	F	1	0	X	X
166390068	56550797	35	M	1	9	X	517788475
166390095	56599414	28	M	1	0	X	517668752
166390115	56599637	28	M	1	0	X	514668728
166390119	56598733	28	M	1	0	X	517668671
166390126	56598346	35	M	1	9	X	517668667
166390127	56598346	28	M	1	0	X	517668577
166659688	56598236	14	M	9	7	450100218	X
167043564	56599134	28	F	1	1	X	X
167125048	56598385	44	F	1	0	X	517668457
167125050	56598385	17	M	1	2	450100219	X
167421128	56597924	35	M	1	0	X	517788473
167421129	56597924	14	M	1	2	450100219	X
167421142	56599582	35	M	1	0	X	517668859
167421144	56598246	35	M	1	0	X	517788475
167421145	56598246	14	M	1	2	450100218	X
167530532	56598148	62	F	1	0	X	517788450
167530533	56598148	20	F	9	5	X	517666962
167530540	56598316	62	F	1	0	X	517668665
167530542	56598620	62	F	1	0	X	517667803
167530544	56598154	62	F	1	0	X	515183373
167568138	56598960	29	F	1	1	X	517668808
167568140	56598960	0	M	1	2	X	X
167594522	56598335	62	M	1	0	X	X
167594523	56598335	49	F	1	1	X	517668624
167865573	56599782	72	F	1	0	X	X
167865596	56599035	72	M	1	1	X	X
168451265	56598267	39	M	1	1	X	517668104
168451266	56598267	16	F	1	2	450100219	517788730
168868899	56550995	31	M	1	0	X	517666962
168917301	56599450	23	F	1	0	X	517668792
168917302	56599450	24	M	1	1	X	517788510
168917303	56599450	1	M	1	2	X	X
168917328	56598772	23	F	1	0	X	517668586
168926875	56599848	22	M	1	0	X	517668802
168926876	56599848	20	F	1	10	X	517669011
168926881	56597750	22	M	1	0	X	517668577
168926891	56598358	22	M	1	0	X	517668599
168926892	56598358	20	F	1	10	X	515183313
168926921	56598734	22	M	1	0	X	515184295
168933717	56599121	56	M	9	1	X	X
168933721	56599477	56	M	9	1	X	X
168933722	56599477	69	F	1	0	X	517668838
168933725	56598774	56	M	9	1	X	X
168933726	56598774	69	F	1	0	X	517668077
169206921	56599660	67	F	1	0	X	X
169206922	56598998	67	F	1	0	X	X
169333804	56599170	56	M	1	0	X	517668859
169463413	56599590	31	M	1	2	X	517666880
169463414	56599590	63	M	1	0	X	X
169628582	56599926	11	F	1	2	450100219	X
169628584	56599926	31	F	1	3	X	X
169628585	56599926	29	M	1	1	X	517668859
169628586	56599926	7	F	1	7	450100218	X
169686588	56598653	24	F	1	0	X	517788453
169739315	56599795	36	M	1	1	X	517668806
169739316	56599795	16	M	1	2	450100219	517668874
169739317	56599795	15	F	1	2	450100219	X
169739318	56599560	37	F	1	0	X	517668749
169739339	56598028	36	M	1	1	X	517668634
169739340	56598028	16	M	1	2	450100219	517668874
169739341	56598028	15	F	1	2	450100219	X
169739347	56599903	36	M	1	1	X	517668843
169739349	56599903	15	F	1	2	450100219	X
169752215	56598542	60	F	1	1	X	X
169752216	56598542	61	M	1	0	X	X
169752220	56597497	61	M	1	0	X	X
170021615	56600036	22	F	1	0	X	517668840
170021718	56599478	1	F	1	2	X	X
170021722	56598725	4	M	1	2	450099883	X
170021723	56598725	22	F	1	0	X	517788451
170247862	56598995	38	F	1	1	X	514669040
170247865	56598995	65	M	1	0	X	517788441
170635207	56599793	21	M	1	8	X	517668874
170635210	56599793	52	M	1	0	X	517668792
170844314	56597891	73	F	1	0	X	X
171053955	56599428	19	M	1	2	X	X
171328575	56598273	32	F	1	1	X	515191434
171328576	56598273	12	F	1	2	450100219	X
171328577	56598273	5	M	1	2	450100218	X
171670807	56599271	25	F	1	1	X	517668801
171670814	56598798	1	M	1	2	X	X
171670815	56598798	45	M	1	0	X	517668709
171670879	56599626	25	F	1	1	X	517668859
171760959	56598938	40	M	1	0	X	517668859
172179858	56599949	24	M	1	2	X	517668859
172387105	56597655	30	F	1	10	X	517668975
172387106	56597655	43	M	1	0	X	517669038
172496446	56599172	56	F	1	0	X	517668859
172685213	56599845	60	M	1	0	X	517668859
173244645	56598608	56	M	1	1	X	515187395
173382887	56597707	7	M	1	2	450100218	X
173430297	56597714	13	M	1	2	450100219	X
173430298	56597714	11	F	1	2	450100219	X
173430299	56597714	4	M	2	2	450099883	X
173430302	56597714	19	F	1	2	X	X
173430303	56597714	41	F	1	0	X	X
173430371	56597989	4	M	2	2	450099883	X
173430376	56597989	7	M	2	2	450100218	X
173430385	56598047	13	M	1	2	450100219	X
173430387	56598047	4	M	2	2	450099883	X
173430388	56598047	0	M	1	5	X	X
173430390	56598047	19	F	1	2	X	X
173430392	56598047	7	M	2	2	450100218	X
173430418	56550788	11	F	1	2	450100218	X
173430419	56550788	4	M	2	2	450099883	X
173430420	56550788	0	M	1	5	X	X
173430422	56550788	19	F	1	2	X	X
173430449	56597974	13	M	1	2	450100219	X
173430450	56597974	11	F	1	2	450100219	X
173430451	56597974	4	M	2	2	450099883	X
173430453	56597974	15	F	1	2	450063600	X
173430454	56597974	19	F	1	2	X	X
173430456	56597974	7	M	2	2	450100218	X
173719286	56597995	49	M	1	1	X	517788458
173719287	56597995	50	F	1	0	X	517788453
173878922	56598551	45	M	1	0	X	515191434
173915390	56599539	68	M	1	0	X	517669013
174071925	56599752	51	F	1	1	X	517668781
174758689	56597643	52	M	1	1	X	517667996
174758694	56550911	46	F	1	0	X	517667694
174969143	56597516	36	F	1	0	X	517668104
174969145	56597516	8	M	1	2	450100218	X
174969147	56597516	13	F	1	2	450100219	X
174969188	56551001	36	F	1	0	X	517668859
174969189	56551001	6	F	1	2	450100218	X
174969190	56551001	8	M	1	2	450100218	X
174969192	56551001	13	F	1	2	450100219	X
174969230	56599065	8	M	1	2	450100218	X
174969231	56599065	10	F	1	2	450100219	X
175195331	56598929	36	M	1	0	X	517788533
175223622	56597811	60	M	1	0	X	X
175833585	56598116	51	F	1	1	X	517668291
175833604	56599911	50	M	1	0	X	517668752
175993682	56598110	54	M	1	0	X	517668968
175993683	56598110	51	F	1	1	X	517788451
176851301	56597875	78	F	1	1	X	X
176867980	56599293	50	M	1	0	X	517667590
176952857	56597794	48	M	1	0	X	X
176979443	56550949	77	F	1	0	X	X
177164054	56598030	57	M	1	0	X	X
177164055	56598030	56	F	1	1	X	X
177164084	56597785	57	M	1	0	X	X
177164085	56597785	56	F	1	1	X	X
177553288	56550822	56	M	1	0	X	517666771
178163275	56550934	50	F	1	0	X	517788508
178586234	56598300	83	F	1	0	X	X
178764869	56599195	58	M	1	0	X	517668752
178764873	56597842	58	M	1	0	X	517668782
179107007	56599501	73	F	1	1	X	X
179150121	56597496	34	F	1	1	X	517788455
179150122	56597496	6	F	1	2	450100218	X
179405784	56599262	66	F	1	0	X	X
179617027	56599951	48	F	1	1	X	517668801
179635616	56598958	66	F	1	1	X	X
179635620	56599902	66	F	1	1	X	X
179635636	56599066	66	F	1	1	X	X
179827531	56598576	8	F	1	2	450100218	X
179827532	56598576	49	M	1	1	X	517668971
180299706	56550742	51	M	1	0	X	X
180299707	56550742	53	F	1	1	X	517667802
180299724	56597837	51	M	1	0	X	X
180778254	56598454	0	M	1	2	X	X
180778256	56598454	21	F	1	10	X	X
180778257	56600019	0	M	1	2	X	X
180778258	56600019	23	M	1	0	X	517668859
180778259	56600019	21	F	1	10	X	X
181011633	56599636	71	M	1	0	X	X
181076892	56550825	79	M	1	0	X	X
181856842	56598770	58	F	1	1	X	517788475
181856847	56599856	52	M	1	0	X	517788421
181978751	56599351	48	F	1	1	X	517668792
182060911	56597523	64	M	1	0	X	517669038
182060912	56597523	58	F	1	1	X	517667710
182202002	56598900	47	M	1	1	X	517668782
182202004	56598283	47	M	1	1	X	517667501
182398770	56598150	59	F	1	1	X	X
182846073	56550851	62	F	1	0	X	515186308
182919698	56550855	31	M	1	0	X	517666898
182919699	56550855	13	M	1	2	450100219	X
182919702	56550855	3	F	1	2	X	X
183065579	56597757	61	M	1	0	X	517788417
183493278	56598320	17	M	1	2	450100219	X
183493279	56598320	24	F	1	2	X	517788522
183652675	56599254	67	F	1	1	X	517788441
183938204	56598896	45	F	1	1	X	517668220
183938291	56550850	18	F	1	2	450100219	517668704
184030765	56597659	63	F	1	1	X	X
184030766	56597659	58	M	1	0	X	517668627
184254768	56599376	68	M	1	0	X	517668843
184500006	56598649	29	M	1	0	X	517788532
184500013	56599251	29	M	1	0	X	514669542
184500017	56599783	29	M	1	0	X	517668765
184759350	56597804	40	F	1	0	X	517668632
184759351	56597804	11	F	1	2	450100218	X
184759352	56597804	7	M	1	2	450100218	X
184759353	56597804	13	M	1	2	450100218	X
184759404	56550966	7	M	1	2	450100218	X
184915549	56597752	58	F	1	1	X	517669043
185175989	56598199	71	M	1	0	X	X
185375771	56598894	64	F	1	0	X	517788536
185495823	56597824	26	F	1	2	X	517668720
185561754	56550763	58	M	1	0	X	515191016
186115805	56600031	36	M	1	0	X	517668792
186115806	56600031	43	F	1	1	X	517668763
186244343	56599054	76	F	1	1	X	X
186244344	56599054	74	M	1	0	X	X
186244373	56597634	76	F	1	1	X	X
186244374	56597634	74	M	1	0	X	X
186272022	56597826	52	M	1	0	X	517668588
186272043	56599953	51	F	1	1	X	517668869
186272044	56599953	52	M	1	0	X	517668841
186708571	56598520	77	F	1	0	X	X
186923246	56599309	28	M	1	1	X	517788441
186923261	56599764	4	F	1	2	X	X
186923262	56599764	7	M	1	2	450100218	X
186923263	56599764	28	F	1	0	X	517668801
186923265	56599764	2	M	1	2	X	X
186923315	56550711	4	F	1	2	X	X
186923316	56550711	7	M	1	2	450100218	X
186923364	56599040	7	M	1	2	450100218	X
186923367	56599040	2	M	1	2	X	X
186923410	56598941	4	F	1	2	X	X
186923411	56598941	4	F	1	2	X	X
186923453	56599261	4	F	1	2	X	X
186923454	56599261	7	M	1	2	450100218	X
186923455	56599261	28	F	1	0	X	517668857
186923471	56598172	4	F	1	2	X	X
186923473	56598172	28	F	1	0	X	517668104
186923475	56598172	2	M	1	2	X	X
186923476	56598957	4	F	1	2	X	X
186923478	56598957	7	M	1	2	450100218	X
186923479	56598957	28	F	1	0	X	517668859
186923481	56598957	2	M	1	2	X	X
187132685	56598849	48	M	1	1	X	517668709
187429493	56597857	58	M	1	0	X	517666962
187429494	56597857	46	F	1	1	X	X
187490930	56598242	61	M	1	1	X	X
187490931	56598242	60	F	1	0	X	X
187490983	56598307	60	F	1	0	X	X
187504184	56550937	81	M	1	0	X	X
187504185	56550937	80	F	1	1	X	X
187504188	56598660	81	M	1	0	X	X
187504189	56598660	80	F	1	1	X	X
187675222	56550876	42	M	1	0	X	517668601
187677846	56599092	51	M	1	0	X	517668859
187677877	56599638	51	M	1	0	X	517788510
187680365	56598724	33	F	1	1	X	X
187680367	56598724	8	M	1	2	450100218	X
187680368	56598724	3	M	1	2	X	X
187842661	56599600	58	F	1	1	X	517668792
187842684	56599633	61	M	1	0	X	517668859
187842685	56599633	58	F	1	1	X	517788689
187949557	56598208	23	F	1	2	X	517668104
188193618	56598502	33	M	1	0	X	517668418
188469609	56599645	8	M	1	2	450100218	X
188469659	56598658	8	M	1	2	450100218	X
188536232	56598357	38	F	1	0	X	517666808
188785340	56598160	22	M	1	0	X	517667694
189103425	56599823	0	M	1	5	X	X
189103427	56599823	24	F	1	2	X	517668813
189718427	56550986	50	M	1	0	X	517668148
189718428	56550986	15	F	1	2	450100219	X
189718429	56550986	47	F	1	1	X	515184295
189718430	56550986	19	M	1	2	X	517788464
189718435	56599266	50	M	1	0	X	517668749
189718436	56599266	15	F	1	2	450100219	X
189718437	56599266	47	F	1	1	X	517668792
189718438	56599266	19	M	1	2	X	517668803
189718457	56599675	47	F	1	1	X	517668859
189718458	56599675	19	M	1	2	X	517669003
189718467	56597836	50	M	1	0	X	517666962
189718469	56597836	47	F	1	1	X	517667199
189718470	56597836	19	M	1	2	X	517667668
190023386	56598313	54	M	1	1	X	515183313
190135286	56597741	50	M	1	1	X	517788451
190135287	56597741	48	F	1	0	X	X
190158420	56598980	49	M	1	0	X	517669003
190158421	56598980	8	F	1	2	450100218	X
190204266	56600005	50	M	1	0	X	514669160
190204267	56600005	17	F	1	2	450100219	517668838
190204268	56600005	12	M	1	2	450100218	X
190270433	56599240	4	F	1	2	450099883	X
190270434	56599240	8	F	1	2	450067304	X
190270435	56599240	42	M	1	1	X	517668859
190270436	56599240	45	F	1	0	X	X
190270452	56599390	45	F	1	0	X	X
190270453	56599871	4	F	1	2	450099883	X
190270456	56599871	45	F	1	0	X	X
190270462	56599458	8	F	1	2	450066968	X
190270463	56599458	42	M	1	1	X	517668859
190270517	56599695	4	F	1	2	450099883	X
190367063	56550942	71	F	1	0	X	X
190367065	56550942	20	F	1	5	X	X
190367102	56598678	18	M	1	5	X	517667580
190367105	56598678	71	F	1	0	X	X
190367107	56598678	20	F	1	5	X	X
190568910	56597470	83	F	1	0	X	X
190568923	56550887	85	M	1	1	X	X
190568924	56550887	83	F	1	0	X	X
190752323	56598356	61	F	1	0	X	517788451
191129004	56598061	89	M	1	1	X	X
191129005	56598061	63	F	1	0	X	X
191625134	56599475	46	F	1	10	X	X
191752471	56597546	57	F	1	0	X	517668792
191752493	56597858	57	F	1	0	X	517788722
191773404	56599125	65	F	1	1	X	X
191773405	56599125	48	F	1	2	X	517788533
191823440	56597786	46	F	1	0	X	517666166
192138423	56599053	29	F	1	10	X	517788510
192138425	56599053	9	F	1	2	450100218	X
192138426	56599053	6	M	1	2	450100218	X
192138432	56598015	38	M	1	0	X	517668464
192138433	56598015	9	F	1	2	450100218	X
192138434	56598015	6	M	1	2	450100218	X
192138448	56599076	38	M	1	0	X	517668752
192165272	56597450	10	M	8	2	450100218	X
192165273	56597450	13	F	8	2	450100218	X
192165275	56597450	31	M	8	10	X	517668706
192178003	56599758	63	F	1	1	X	X
192232685	56550898	50	M	1	0	X	517666047
192232686	56599150	50	M	1	0	X	517668843
192232699	56600030	50	M	1	0	X	517669003
192232704	56599906	50	M	1	0	X	517668855
192438084	56598785	61	M	1	0	X	X
192765889	56599439	5	F	1	2	450100218	X
193386308	56599805	13	M	1	12	450100218	X
193386309	56599805	31	F	1	10	X	X
193386371	56599553	0	M	1	2	X	X
193386372	56599553	8	M	1	12	450100218	X
193386374	56599553	31	F	1	10	X	X
193386375	56599553	24	M	1	0	X	517668859
193386437	56598319	8	M	1	12	450100218	X
193386438	56598319	13	M	1	12	450100218	X
193386439	56598319	31	F	1	10	X	X
193386440	56598319	24	M	1	0	X	517668551
193970176	56598042	27	M	1	1	X	517788475
194183327	56599657	59	F	1	1	X	517668859
194183328	56599657	73	M	1	0	X	X
194183343	56597966	59	F	1	1	X	517666644
194183344	56597966	73	M	1	0	X	X
194241020	56599798	86	F	1	1	X	X
194241021	56599798	86	M	1	0	X	X
194241041	56598217	86	M	1	0	X	X
194383094	56599230	72	F	1	0	X	X
194389260	56597640	56	M	1	1	X	517668705
194389261	56597640	53	F	1	0	X	X
194520174	56599966	28	F	1	1	X	517668786
194520176	56599966	7	M	1	2	450100218	X
194761813	56597956	44	M	1	1	X	517668632
194761814	56597956	14	M	1	2	450100219	X
194761831	56598101	12	M	1	2	450100218	X
194761833	56598101	44	M	1	1	X	517667694
194761871	56599431	12	M	1	2	450100218	X
194761873	56599431	44	M	1	1	X	517668819
194761874	56599431	14	M	1	2	450100219	X
194883366	56599456	52	F	1	0	X	517668792
194883367	56599456	54	M	1	1	X	X
195223528	56599459	41	F	1	10	X	514669315
196454952	56598257	17	F	1	7	450100219	X
196454956	56598257	36	F	1	0	X	X
196971636	56599796	64	M	1	0	X	X
197046656	56598202	60	M	1	0	X	517668979
197534836	56598002	78	M	1	0	X	X
197744155	56597980	21	M	1	7	X	X
197744159	56597980	15	F	1	2	450100219	X
197780679	56550896	60	M	1	1	X	517788475
197780680	56550896	60	F	1	0	X	517668763
197804575	56598525	13	F	1	2	450100218	X
197804576	56598525	40	M	1	0	X	517667792
197804580	56598525	3	M	1	2	450099883	X
197804581	56598525	31	M	1	7	X	517666808
197804582	56598525	21	M	1	2	X	515184295
197804836	56598014	40	M	1	0	X	517668584
197804839	56598014	8	F	1	2	450100218	X
197804843	56598014	17	F	1	2	450100219	X
197804855	56598906	13	F	1	2	450100218	X
197804856	56598906	40	M	1	0	X	517667763
197804858	56598906	43	F	1	1	X	517666627
197804860	56598906	3	M	1	2	450099883	X
197804861	56598906	31	M	1	7	X	517666128
197804862	56598906	21	M	1	2	X	517668443
197804863	56598906	17	F	1	2	450100219	X
197804878	56597841	43	F	1	1	X	517788545
197804879	56597841	8	F	1	2	450100218	X
197804884	56597841	15	F	1	2	450100219	X
198426405	56598820	29	M	1	0	X	517788451
198641991	56597965	67	F	1	0	X	X
198641993	56597965	83	M	1	1	X	X
199156553	56550993	73	F	1	0	X	515183313
199573283	56599298	12	F	1	2	450100218	X
199624932	56600016	40	F	1	0	X	517668874
199624933	56600016	46	M	1	1	X	517668752
199976610	56597456	64	F	1	0	X	517788697
199976611	56597456	68	M	1	1	X	X
199976637	56598013	68	M	1	1	X	X
200164225	56550743	49	F	1	0	X	517788475
200165192	56598907	11	F	1	2	450100218	X
200165193	56598907	15	M	1	2	450100219	X
200165194	56598907	17	F	1	2	450100219	X
200165195	56598907	54	M	1	0	X	517788510
200451820	56598036	83	M	1	0	X	X
201025322	56598081	50	M	1	0	X	517667352
201025339	56598825	50	M	1	0	X	515191016
201025346	56599858	50	M	1	0	X	517669013
201087547	56599099	36	F	1	1	X	X
201149875	56598026	63	M	1	0	X	517668709
201149876	56598026	51	F	1	1	X	X
201242805	56597779	47	M	1	0	X	515183313
201242806	56597779	14	F	1	2	450100218	X
201569756	56598286	39	F	1	0	X	517667723
201569759	56599244	33	M	1	1	X	517668859
201644130	56598128	58	M	1	0	X	517666635
201644131	56598128	75	F	1	6	X	X
201644139	56550688	58	M	1	0	X	517668049
201644140	56550688	75	F	1	6	X	X
201997867	56550870	33	M	1	0	X	517668658
202116293	56598953	6	M	1	2	450100218	X
202116294	56598953	30	F	1	0	X	517669000
202356934	56599919	22	F	1	12	X	X
202356935	56599919	74	F	1	0	X	517668792
202356936	56599919	21	F	1	12	X	X
202359575	56599489	2	F	1	2	X	X
202359577	56599489	24	M	1	0	X	X
202359662	56600028	3	M	1	2	X	X
202359664	56600028	19	F	1	10	X	X
202359665	56600028	24	M	1	0	X	X
202359734	56598792	3	M	1	2	X	X
202511225	56599000	51	F	1	0	X	514668798
202511227	56599000	14	M	1	2	450100218	X
202511228	56599000	14	M	1	2	450100218	X
203667070	56598393	33	F	1	0	X	517668382
204331024	56598191	56	M	1	0	X	517667897
204331026	56599438	56	M	1	0	X	514668851
204376113	56599615	53	M	1	0	X	517668851
204900354	56599322	71	M	1	0	X	X
205088764	56597649	47	F	1	0	X	517667488
206320430	56599929	36	F	1	1	X	517668866
206320431	56599929	41	M	1	0	X	517668859
206320482	56550994	36	F	1	1	X	517667016
206538804	56599909	23	F	1	0	X	517668874
206774726	56598754	61	M	1	1	X	517668632
206849330	56597747	57	M	1	0	X	X
206849417	56550956	57	M	1	0	X	X
206849427	56599577	86	F	1	4	X	X
206849428	56599577	51	F	1	10	X	X
206849429	56599577	57	M	1	0	X	X
206942528	56598843	49	M	1	0	X	517668624
206942549	56597691	50	F	1	1	X	517788477
206942550	56597691	49	M	1	0	X	515183313
207074377	56599272	51	M	1	0	X	514669315
207202370	56599101	53	M	1	0	X	517668874
207584750	56598249	64	M	1	1	X	517668101
207584768	56599961	64	M	1	1	X	517788510
207680034	56599466	65	M	1	1	X	X
207680035	56599466	62	F	1	0	X	X
207946243	56599945	3	M	1	2	X	X
207946246	56599945	0	F	1	2	X	X
208037381	56599113	15	F	9	2	450100219	X
208267027	56599318	13	F	1	2	450100218	X
208267028	56599318	36	F	1	0	X	X
208267029	56599318	11	F	1	2	450100218	X
208267030	56599318	35	M	1	1	X	517668800
208267084	56599923	36	F	1	0	X	X
208267085	56599923	11	F	1	2	450100218	X
208267086	56599923	35	M	1	1	X	517668815
208603142	56598380	14	M	1	12	450100218	X
208603143	56598380	54	M	1	9	X	517788547
208603144	56598380	23	M	1	0	X	517788458
208603182	56598406	54	M	1	9	X	515191016
208603183	56598406	23	M	1	0	X	517668622
208912592	56599658	30	F	1	1	X	X
208912593	56599658	2	F	1	2	X	X
208912594	56599658	31	M	1	0	X	517788417
208912645	56598887	2	F	1	2	X	X
208912646	56598887	31	M	1	0	X	517668382
208912647	56598887	0	M	1	2	X	X
208912676	56597816	30	F	1	1	X	X
208912677	56597816	2	F	1	2	X	X
208912678	56597816	31	M	1	0	X	517666808
209040018	56598017	60	F	1	1	X	517666962
209040020	56600001	60	F	1	1	X	517668859
209040021	56600001	59	M	1	0	X	517668859
209165918	56599908	1	M	1	2	X	X
209596416	56598910	80	F	1	0	X	X
210021158	56598756	51	M	1	0	X	517668661
210021159	56598756	44	F	1	1	X	517668416
210021160	56598756	4	F	1	2	X	X
210021161	56598756	1	F	1	2	X	X
210113771	56550771	52	M	1	0	X	517667641
210113772	56550771	53	F	1	1	X	517788550
210117157	56550877	80	F	1	0	X	X
210247336	56598492	34	M	1	1	X	517788475
210247338	56598492	15	M	1	2	450100219	X
210321976	56550996	50	F	1	0	X	517788350
210321981	56598784	50	F	1	0	X	517666285
210359755	56597563	9	F	1	2	450100218	X
210359757	56597563	36	F	1	0	X	517666962
210359763	56597780	9	F	1	2	450100218	X
210387939	56599837	21	F	1	0	X	517668874
210387941	56599837	0	M	1	2	X	X
210679359	56598114	45	F	1	1	X	517788714
210679391	56597954	45	F	1	1	X	517668634
211090870	56599030	73	M	1	0	X	517668859
211121928	56597489	16	F	1	11	450100219	X
211121929	56597489	2	F	1	2	X	X
211121931	56597489	28	F	1	1	X	517668667
211121992	56599255	28	M	1	0	X	517668752
212093084	56599941	30	F	1	0	X	517668792
212313240	56599681	49	M	1	0	X	514669160
212313242	56599681	44	F	1	1	X	X
212313243	56599681	14	F	1	2	450100218	X
212597801	56598828	23	M	1	10	X	517668551
213043606	56597578	56	M	1	0	X	517668722
213254146	56598577	4	F	1	2	X	X
213254147	56598577	14	F	1	2	450100218	X
213303905	56598465	77	F	1	0	X	X
213303913	56599721	77	F	1	0	X	X
213482251	56597940	63	M	1	0	X	X
213552009	56599609	44	F	1	0	X	X
213862360	56598627	35	F	1	0	X	517788475
213862361	56598627	32	M	1	1	X	517668880
214214157	56599715	41	M	1	0	X	517669018
214485190	56597899	70	M	1	0	X	X
214485191	56597899	68	F	1	1	X	X
214485213	56597920	68	F	1	1	X	X
214485241	56599785	68	F	1	1	X	X
214734554	56599417	66	M	1	0	X	517668859
214992922	56598964	44	M	1	1	X	517668859
214992923	56598964	42	F	1	0	X	517668815
215109234	56598807	38	M	1	0	X	517668580
215160522	56598121	71	F	1	1	X	517669038
215361729	56599090	74	F	1	0	X	X
215730099	56599503	73	F	1	1	X	X
215730105	56550700	73	F	1	1	X	X
215730106	56550700	72	M	1	0	X	X
215794993	56597685	40	F	1	0	X	517788475
215794994	56597685	47	M	1	1	X	517667824
215794995	56597685	8	F	1	2	450100218	X
215794996	56597685	4	M	1	2	450099883	X
215795078	56598339	47	M	1	1	X	517668632
215795080	56598339	4	M	1	2	450099883	X
216043099	56597903	46	F	1	0	X	514674796
216090931	56598306	51	F	1	10	X	517667802
216090959	56597480	51	F	1	10	X	517666962
216090960	56597480	61	M	1	0	X	517503806
216090963	56597941	51	F	1	10	X	517666627
216090964	56597941	61	M	1	0	X	517668421
216094647	56598860	36	M	1	0	X	517666962
216531508	56597598	1	M	1	2	X	X
216531509	56597598	27	M	1	0	X	515184295
216531510	56597598	24	F	1	1	X	X
217022638	56598295	27	F	1	2	X	X
217022646	56598304	27	F	1	2	X	X
217391818	56598422	20	M	1	0	X	X
217737560	56598210	53	M	1	0	X	X
217768993	56550892	76	M	1	1	X	X
217894249	56597967	10	F	1	2	450100218	X
217894251	56597967	15	M	1	2	450100219	X
217894253	56597967	17	M	1	2	X	517668680
217907496	56597787	50	F	1	0	X	517668104
217907500	56598019	50	F	1	0	X	515184295
218277797	56599057	71	M	1	0	X	X
218277798	56599057	70	F	9	1	X	X
218319687	56598156	52	F	1	1	X	517668725
218416109	56599733	75	F	1	0	X	X
218660555	56599088	62	F	1	1	X	517668827
218660556	56599088	60	M	1	0	X	X
218712563	56598739	52	F	1	1	X	X
218712564	56598739	55	M	1	0	X	517668646
218746961	56599920	55	M	1	0	X	517668742
218824130	56599425	24	M	1	1	X	517668806
218824131	56599425	20	F	1	0	X	X
218880971	56600004	87	F	1	0	X	X
218885208	56550928	21	M	1	8	X	517667580
218885209	56550928	84	F	1	0	X	515186308
219053796	56599669	77	F	1	0	X	X
219053797	56599669	93	F	1	4	X	X
219157087	56598317	20	M	1	2	X	515184295
219402673	56597455	65	M	1	0	X	X
219402724	56599073	62	F	1	1	X	X
220028150	56598399	25	F	1	0	X	517668457
220028151	56598399	27	F	1	9	X	517788475
220028166	56599122	25	F	1	0	X	517668859
220052785	56598853	31	M	1	0	X	517668792
220052787	56598853	26	F	1	10	X	517788508
220109609	56550741	58	M	1	0	X	517666962
220268226	56599985	51	F	1	0	X	517668769
220268249	56598893	79	F	1	4	X	X
220268251	56598893	52	M	1	1	X	517668851
220555433	56599457	79	M	1	0	X	X
220555463	56550895	79	M	1	0	X	X
220555464	56550895	73	F	1	1	X	X
220809057	56599141	36	M	1	0	X	517668856
220809058	56599141	11	M	1	2	450100218	X
220809059	56599141	3	F	1	2	X	X
220809060	56599141	36	F	1	1	X	517668859
220969167	56597709	67	F	1	2	X	X
221202658	56597545	58	F	1	1	X	517668851
221202659	56597545	67	M	1	0	X	X
221202677	56599139	67	M	1	0	X	X
221570878	56599704	44	F	1	0	X	517669024
221623737	56598618	1	F	1	2	X	X
221623748	56598872	27	F	1	1	X	517668681
221623749	56598872	1	F	1	2	X	X
221933613	56599855	68	M	1	0	X	517668801
221933630	56598355	68	M	1	0	X	517666627
222084129	56599312	35	F	1	2	X	X
222084137	56598883	35	F	1	2	X	X
222084138	56598883	61	M	1	0	X	517668709
222084167	56598635	35	F	1	2	X	X
222084173	56599393	35	F	1	2	X	X
222441573	56598262	49	F	1	1	X	X
222631836	56550889	55	F	1	0	X	517669038
222747850	56598971	19	F	1	2	X	517668201
222747851	56598971	56	F	1	0	X	X
222747867	56598440	56	M	1	1	X	517788351
222747869	56598440	56	F	1	0	X	X
222747872	56550766	56	F	1	0	X	X
222747886	56599525	19	F	1	2	X	517668843
222747887	56599525	56	F	1	0	X	X
222815479	56599288	28	M	1	0	X	517669000
222815481	56599288	2	M	1	2	X	X
223151019	56598216	9	F	1	2	450100218	X
223151020	56598216	5	M	1	2	450100218	X
223151021	56598216	44	M	1	0	X	517668574
223151057	56599252	37	F	1	1	X	517668997
223151059	56599252	9	F	1	2	450100218	X
223151060	56599252	5	M	1	2	450100218	X
223151061	56599252	44	M	1	0	X	517668859
223262811	56599948	66	F	1	0	X	X
223657970	56597886	53	M	1	1	X	517788451
223657972	56597886	21	F	1	2	X	517667699
223803165	56599698	61	M	1	0	X	517788432
223803169	56598097	61	M	1	0	X	517667675
223914884	56598816	7	F	1	2	450100218	X
223980335	56598037	50	M	1	1	X	517667698
223980336	56598037	47	F	1	0	X	517668810
224128329	56598376	93	M	1	0	X	X
224128367	56597996	93	M	1	0	X	X
224128368	56597996	87	F	1	1	X	X
225266013	56599349	26	F	1	1	X	517669016
225266014	56599349	42	M	1	0	X	517669024
225266030	56550953	42	M	1	0	X	517668721
225338823	56597884	47	M	1	0	X	517668497
225338824	56597884	12	M	1	2	450100218	X
225682202	56550702	64	F	1	1	X	X
225682203	56550702	66	M	1	0	X	517668859
225997206	56598604	44	M	1	0	X	517788704
225997235	56598112	45	F	1	1	X	517667488
226104591	56598955	59	F	1	1	X	517668859
226104592	56598955	64	M	1	0	X	517668859
226995938	56599807	59	M	1	0	X	517668859
227047961	56598218	34	F	1	1	X	517666962
227047965	56598218	33	M	1	0	X	517669038
227047981	56598755	34	F	1	1	X	517788504
227047983	56598755	8	F	1	2	X	X
227102957	56599238	46	M	1	1	X	517668792
227311767	56597770	17	F	1	2	450100219	X
227311770	56597770	50	M	1	1	X	517667105
227945489	56597542	93	F	1	0	X	X
228113172	56598387	73	F	1	0	X	X
228247422	56598845	65	F	1	0	X	517668073
228247423	56598845	65	M	1	1	X	517666962
228306427	56550856	47	F	1	0	X	517668720
228306428	56550856	58	M	1	1	X	517668703
228306430	56598765	58	M	1	1	X	517668749
228306446	56598417	58	M	1	1	X	517666609
228465113	56599502	65	F	1	1	X	X
228465118	56599673	69	M	1	0	X	X
228465120	56599300	69	M	1	0	X	X
228465121	56599300	65	F	1	1	X	X
228627576	56599147	67	M	1	0	X	517668843
228627577	56599147	66	F	1	1	X	517668752
228905637	56599197	61	F	1	0	X	517668874
229264508	56598489	11	M	1	2	X	X
229264509	56598489	36	F	1	0	X	X
229264556	56599664	11	M	1	2	X	X
229264557	56599664	36	F	1	0	X	X
229264561	56598400	36	F	1	0	X	X
229264563	56598400	46	M	1	1	X	517667318
229264598	56597865	10	M	1	2	X	X
229328246	56597758	87	F	1	0	X	X
229353878	56597623	81	M	1	1	X	X
229691785	56550733	50	M	1	2	X	517668584
229691786	56550733	7	M	1	5	450100218	X
229691787	56550733	9	F	1	5	450100218	X
229691788	56550733	72	M	1	1	X	X
229691789	56550733	22	F	1	5	X	X
229991138	56597898	66	M	1	0	X	515187487
229991151	56599532	67	F	1	1	X	X
230467654	56550720	59	F	1	0	X	X
230552752	56598952	42	M	1	0	X	517669013
230552753	56598952	36	F	1	1	X	517668859
230552770	56599822	42	M	1	0	X	517788442
230552771	56599822	36	F	1	1	X	517668839
230950872	56598403	20	F	1	0	X	517666827
230975739	56598463	20	M	1	8	X	517668505
230975741	56598463	20	M	1	3	X	517788550
230975742	56598463	25	F	1	3	X	515188508
230975904	56598292	24	M	1	0	X	517788362
230975906	56598292	25	F	1	3	X	517788498
231182131	56598898	15	M	1	2	450100219	X
231182132	56598898	13	M	1	2	450100218	X
231211367	56597583	55	F	1	0	X	517668539
231233017	56598967	42	M	1	0	X	517668859
231500534	56598334	39	F	1	0	X	517788451
231500535	56598334	41	M	1	1	X	517668604
231518146	56550821	14	M	1	2	450100219	X
231518147	56550821	50	F	1	1	X	X
231518243	56598321	50	F	1	1	X	X
231518373	56598278	56	M	1	0	X	517668564
231518375	56598278	50	F	1	1	X	X
231518468	56599611	15	F	1	2	450100219	X
231518469	56599611	56	M	1	0	X	517668752
231749412	56599484	10	F	1	2	450100218	X
231749413	56599484	36	F	1	0	X	517668859
231749414	56599484	3	M	1	2	X	X
231749427	56599045	10	F	1	2	450100218	X
231749429	56599045	3	M	1	2	X	X
231749433	56598225	10	F	1	2	450100218	X
231749446	56598928	36	F	1	0	X	514669315
231749490	56598769	10	F	1	2	450100218	X
231749526	56599415	10	F	1	2	450100218	X
231749582	56598736	3	M	1	2	X	X
232237547	56551000	68	F	1	1	X	X
232237573	56599699	68	F	1	1	X	X
232237574	56599699	73	M	1	0	X	517669024
232777015	56550692	36	M	1	0	X	515183313
232777025	56598965	36	M	1	0	X	517668851
232777031	56599607	36	M	1	0	X	514669277
232860932	56598827	28	M	1	0	X	517788470
232860933	56598827	13	F	1	2	450100218	X
232920116	56599353	54	M	1	0	X	X
233010897	56599666	67	M	1	0	X	X
233010898	56599666	65	F	1	1	X	X
233010915	56599398	67	M	1	0	X	X
233010916	56599398	65	F	1	1	X	X
233195906	56597477	35	F	1	1	X	517666808
233195907	56597477	53	M	1	0	X	517788437
233195909	56598165	35	F	1	1	X	517668574
233195910	56598165	53	M	1	0	X	517788475
233195911	56598165	9	F	1	2	450100218	X
233516732	56599199	40	F	1	1	X	517668792
233516733	56599199	43	M	1	0	X	517668847
233771924	56599702	25	F	1	0	X	517668851
233771925	56599702	0	M	1	2	X	X
233771942	56598837	25	F	1	0	X	517666250
233848493	56599846	14	M	1	2	450100219	X
233853784	56599672	42	F	1	0	X	517668859
233853786	56599672	8	F	1	2	450100218	X
233936602	56597557	37	M	1	0	X	517788491
233962754	56599152	28	M	1	0	X	517669024
234078540	56599203	16	M	1	2	X	X
234078541	56599203	14	F	1	2	450100219	X
234212101	56598388	39	F	1	0	X	517788536
234212102	56598388	36	M	1	1	X	517668859
234212103	56598388	5	M	1	2	450066968	X
234212104	56598388	16	F	1	2	450100219	X
234212128	56598056	16	F	1	2	450100219	X
234729216	56597986	59	F	1	0	X	517788475
234806973	56599571	47	M	1	1	X	517668859
234918342	56550857	14	F	1	2	450100218	X
234918343	56550857	58	M	1	0	X	517668713
234918344	56550857	40	F	1	1	X	517788475
235015938	56600007	45	F	1	0	X	517668813
235401220	56597531	59	F	1	1	X	X
235401221	56597531	4	F	1	5	X	X
235401224	56597531	10	F	1	5	450100218	X
235813405	56598062	65	F	1	1	X	517668708
236116589	56599740	35	M	1	10	X	517668804
236116592	56599740	2	M	1	2	X	X
236296431	56550984	30	F	1	2	X	X
236296432	56550984	68	M	1	0	X	X
236296434	56599842	30	F	1	2	X	X
236713762	56598457	24	F	1	0	X	517668829
237009961	56599194	32	M	1	0	X	517669003
237009962	56599194	44	F	1	10	X	517668878
237009983	56599108	32	M	1	0	X	517668865
237009984	56599108	44	F	1	10	X	517668859
237009997	56599734	32	M	1	0	X	517668752
237009998	56599734	44	F	1	10	X	514669490
237010019	56599595	32	M	1	0	X	517668865
237010020	56599595	44	F	1	10	X	517668874
237010034	56550915	44	F	1	10	X	514674597
237010063	56551002	32	M	1	0	X	515184295
237010064	56551002	44	F	1	10	X	517668205
237010071	56598970	32	M	1	0	X	517668859
237010088	56599863	44	F	1	10	X	517668843
237079216	56597737	46	M	1	0	X	517668523
237079217	56597737	47	F	1	1	X	517666712
238098589	56550967	54	M	1	0	X	X
238138209	56599491	44	F	1	0	X	X
238138210	56599491	9	M	1	2	450066968	X
238138211	56599491	12	F	1	2	450067304	X
238138212	56599491	45	M	1	1	X	517668859
238142853	56598875	55	F	1	1	X	515183313
238142863	56599006	55	F	1	1	X	517668859
238146568	56550710	38	F	1	0	X	514674597
238279775	56598282	46	M	1	0	X	517788475
238279776	56598282	16	M	1	2	450100219	517788475
238301411	56598152	39	M	1	0	X	517668614
238301431	56597572	11	F	1	2	450100218	X
238301487	56599542	34	F	1	1	X	517668859
238301500	56597944	11	F	1	2	450100218	X
238414837	56599701	13	M	1	2	450100218	X
238414838	56599701	10	M	1	2	450100218	X
238414887	56599905	32	F	1	0	X	517668847
238414888	56599905	31	M	1	1	X	517668792
238414889	56599905	13	M	1	2	450100218	X
238696057	56599396	0	F	1	2	X	X
238696060	56599396	0	F	1	2	X	X
238761371	56599700	5	M	1	2	450099883	X
238761372	56599700	24	F	1	1	X	517788441
238763806	56598862	23	F	1	0	X	X
239050236	56598416	73	F	1	0	X	X
239097111	56550873	70	M	1	0	X	X
239241978	56597805	9	M	1	2	450100218	X
239241980	56597805	36	F	1	0	X	517668632
239242073	56597938	13	F	1	2	450100218	X
239279192	56599742	64	M	1	0	X	X
239295121	56598381	53	M	1	0	X	517667925
239350337	56598713	57	M	1	0	X	517667689
239413704	56550812	77	F	1	0	X	X
239579099	56597485	51	M	1	1	X	517666416
239579136	56598449	50	F	1	0	X	X
239895999	56598954	2	M	1	2	X	X
239896000	56598954	43	M	1	0	X	517668859
239896001	56598954	32	F	1	1	X	517668856
239896015	56599212	2	M	1	2	X	X
239896016	56599212	43	M	1	0	X	517668859
240005361	56598135	48	M	1	0	X	517667488
240005363	56598876	48	M	1	0	X	517668104
240267061	56599967	56	M	1	0	X	517668986
240267062	56599967	27	M	1	2	X	X
240429057	56550865	64	F	1	0	X	X
240934072	56599559	42	F	1	1	X	517668752
241610175	56598959	47	M	1	1	X	517788437
241610176	56598959	48	F	1	0	X	X
241610187	56597594	47	M	1	1	X	517668609
241610188	56597594	48	F	1	0	X	X
241685432	56598383	22	M	1	0	X	517788339
241770851	56598651	63	M	1	0	X	517668584
241815845	56597863	50	F	1	1	X	X
242053887	56599790	24	M	1	0	X	X
242053888	56599790	20	F	1	10	X	517668801
242071017	56598448	63	M	1	10	X	X
242071021	56550789	63	M	1	10	X	X
242103422	56598483	35	M	1	1	X	517666285
242103423	56598483	12	M	1	2	450100218	X
242103424	56598483	15	M	1	2	450100219	X
242103425	56598483	33	F	1	0	X	X
242103427	56598483	8	M	1	2	450100218	X
242199057	56598108	48	F	1	1	X	X
242199058	56598108	26	M	1	2	X	517666627
242199059	56598108	48	M	1	0	X	517666808
242230414	56597534	37	M	1	1	X	517788697
242230432	56599386	37	M	1	1	X	517668792
242230433	56599386	30	F	1	0	X	517668792
242382483	56599575	23	F	1	10	X	517669024
242382484	56599575	1	M	1	2	X	X
242762833	56598038	45	F	1	0	X	X
242762834	56598038	56	M	1	1	X	X
242841068	56597834	8	M	1	2	450066968	X
242841071	56597834	15	M	1	2	450100219	X
242841072	56597834	41	F	1	1	X	X
242854938	56598352	56	M	1	0	X	517667896
243524732	56598710	28	M	1	0	X	X
243524794	56599694	2	M	1	2	X	X
243524795	56599694	0	M	1	2	X	X
243524796	56599694	28	M	1	0	X	X
244268313	56550773	47	F	1	0	X	517666199
244283504	56599531	39	M	1	0	X	517668792
244283527	56597962	39	M	1	0	X	517788470
244283544	56598562	39	M	1	0	X	517668598
244578706	56598384	57	F	1	1	X	517667694
244578707	56598384	59	M	1	0	X	X
244578708	56597904	57	F	1	1	X	517788340
244618528	56597693	64	M	1	0	X	X
244712249	56598628	1	F	1	2	X	X
244712250	56598628	20	M	1	1	X	517666619
244712251	56598628	21	F	1	0	X	517788525
244717287	56597515	52	F	1	0	X	X
244795274	56600022	53	F	1	1	X	517669024
244795275	56599883	54	M	1	0	X	517668859
244795276	56599883	53	F	1	1	X	517788413
244795353	56599117	54	M	1	0	X	517668859
244795354	56599117	53	F	1	1	X	517668792
244795379	56599338	54	M	1	0	X	517788714
244795396	56597645	53	F	1	1	X	517788525
244971482	56600033	6	F	1	2	450100218	X
244971484	56600033	26	F	1	0	X	517668792
244971491	56550712	6	F	1	2	450100218	X
244971493	56550712	26	F	1	0	X	517788705
244971542	56598631	6	F	1	2	450100218	X
244971544	56598631	26	F	1	0	X	517667376
245011307	56598753	25	F	1	0	X	514674796
245011310	56598753	2	F	1	2	X	X
245034076	56599486	44	F	1	0	X	517668792
245069090	56599219	21	F	1	3	X	X
245069091	56599219	0	M	1	7	X	X
245069093	56599219	8	M	1	2	450100218	X
245069094	56599219	10	M	1	2	450100218	X
245069095	56599219	11	F	1	2	450100218	X
245069097	56599219	29	F	1	0	X	517668752
245069154	56599149	21	F	1	3	X	X
245069155	56599149	0	M	1	7	X	X
245069157	56599149	8	M	1	2	450100218	X
245069158	56599149	10	M	1	2	450100218	X
245420475	56599712	16	F	1	2	450100219	X
245420476	56597853	1	F	1	2	X	X
245420478	56597853	38	F	1	0	X	517668801
245519359	56599205	19	M	1	5	X	517788419
245519360	56599205	59	F	1	1	X	517668838
245644958	56597916	55	F	1	1	X	517788475
245644989	56598293	55	M	1	0	X	X
245754777	56597719	21	M	1	0	X	517666962
245754778	56597719	20	F	1	9	X	X
245849600	56598397	32	F	1	0	X	X
246520668	56599188	50	F	1	0	X	517668880
246520673	56599724	48	F	1	10	X	517668889
246520674	56599724	50	F	1	0	X	517788442
247407109	56598083	48	M	8	1	X	515192397
247439319	56550810	50	M	1	0	X	509823268
247535086	56597879	65	F	1	1	X	X
247535087	56599828	64	M	1	0	X	X
247535088	56599828	65	F	1	1	X	X
247562831	56598687	61	F	1	1	X	515184295
247924511	56550719	9	M	1	5	450100218	X
247924512	56550719	48	F	1	0	X	517668980
247924515	56597613	9	M	1	5	450100218	X
247987192	56598023	54	F	1	1	X	517668673
247987221	56599896	58	M	1	0	X	517668859
247987256	56597828	54	F	1	1	X	517667927
247987265	56598639	58	M	1	0	X	517660857
248026890	56598271	59	M	1	0	X	517666808
248492892	56598064	17	F	1	0	450100219	X
248492943	56598655	45	F	1	7	X	517667689
248492944	56598655	17	F	1	0	450100219	X
248582704	56598759	10	M	9	2	450100218	X
248582705	56598759	24	F	1	1	X	517788705
249215465	56598818	18	M	1	7	X	X
249215467	56598818	54	M	1	1	X	517668604
249345091	56598498	55	M	1	1	X	517788475
249345092	56598498	49	F	1	0	X	517668778
249345093	56598386	55	M	1	1	X	517668309
249384521	56599886	72	F	1	0	X	X
249384526	56598701	72	F	1	0	X	X
249547041	56600035	71	M	1	0	X	517668995
249780694	56550924	75	M	1	1	X	X
250137532	56550969	71	M	1	0	X	X
250452613	56599839	29	M	1	1	X	517668752
250452614	56599839	28	F	1	0	X	517668836
250452616	56599248	28	F	1	0	X	517668859
250452639	56599555	29	M	1	1	X	517788510
250452650	56599470	28	F	1	0	X	517668801
250505803	56599433	70	M	1	0	X	X
250699982	56598040	63	F	1	1	X	517666047
250752393	56597957	70	M	1	1	X	517668104
250752411	56598094	70	M	1	1	X	517666808
250752412	56598094	67	F	1	0	X	517788475
250779394	56597718	51	F	1	1	X	X
250779395	56597718	55	M	1	0	X	517788487
251039487	56598526	21	M	1	2	X	517668132
251192411	56598500	23	M	1	0	X	517788475
251193669	56599956	17	F	1	2	450100219	517668859
251271726	56597985	37	F	1	1	X	517667408
251271727	56597985	42	M	1	0	X	517668752
251271728	56597985	3	M	1	2	450066968	X
251308868	56598425	93	F	1	7	X	X
251534074	56599494	68	M	1	1	X	X
251534097	56599680	50	F	1	0	X	X
251534098	56599028	68	M	1	1	X	X
251727589	56599401	67	M	1	0	X	X
251727633	56599372	67	M	1	0	X	X
251727634	56599372	54	F	1	1	X	517788441
251727641	56599335	67	M	1	0	X	X
252166920	56597533	60	M	1	0	X	517668843
252175111	56598880	2	F	1	5	X	X
252175112	56598880	25	F	1	6	X	517668667
252175113	56598880	53	F	1	0	X	517788475
252175114	56598880	24	M	1	2	X	X
252194183	56599160	71	F	1	0	X	517669024
252194189	56599655	71	F	1	0	X	517668781
252194204	56550750	71	F	1	0	X	517668874
252194211	56598982	71	F	1	0	X	514668564
252569400	56597861	64	F	1	0	X	517667488
252573833	56599954	52	F	1	0	X	517668837
252573839	56550962	52	F	1	0	X	517666676
252620286	56550959	21	F	1	2	X	X
252620287	56550959	13	M	1	2	450100218	X
252720666	56598919	63	M	1	0	X	X
252720674	56599693	66	F	1	1	X	X
252720675	56599693	63	M	1	0	X	X
252720676	56599693	86	F	1	6	X	X
253838965	56550701	65	M	1	0	X	517788457
253838966	56550701	69	M	1	3	X	515192397
254023357	56599303	71	F	1	1	X	X
254144321	56599500	68	F	1	0	X	X
254152865	56599441	26	M	1	0	X	517668859
254222041	56597465	56	F	1	1	X	X
254222042	56597465	56	M	1	0	X	X
254222045	56599723	56	F	1	1	X	X
254222046	56599723	56	M	1	0	X	X
255434036	56597885	42	M	1	0	X	515191409
255517362	56597657	71	M	1	1	X	517788475
255706100	56597662	17	M	1	2	450100219	X
255732041	56598070	47	M	1	0	X	517788475
256093661	56598686	51	F	1	1	X	517661539
256093662	56598686	17	M	1	2	450100219	X
256093681	56550921	51	F	1	1	X	517667644
256181261	56599511	80	F	1	1	X	X
256846979	56597913	62	F	1	0	X	517668602
256967859	56598068	38	F	1	0	X	517668505
256967862	56598068	17	F	1	2	450100219	517668851
257098896	56598347	25	F	1	2	X	517666627
257098898	56598347	57	F	1	1	X	X
257523277	56599209	42	M	1	0	X	517668859
257523279	56599209	7	M	1	2	450100218	X
257523281	56599209	33	F	1	1	X	X
257523298	56550696	5	M	1	2	X	X
257523300	56550696	11	F	1	2	450100218	X
257667835	56597764	56	M	1	0	X	X
257667881	56598778	56	M	1	0	X	X
257667892	56600002	54	F	1	1	X	517668859
257698943	56597607	17	F	1	2	450100219	X
258101896	56598427	54	M	1	0	X	X
258174297	56597774	57	F	1	1	X	X
258174298	56597774	64	M	1	0	X	517667694
258390764	56550681	13	M	1	2	450067304	X
258390778	56598021	55	M	1	0	X	517666871
258390779	56598021	11	M	1	2	450067304	X
258390782	56597897	55	M	1	0	X	515186308
258390783	56597897	11	M	1	2	450067304	X
258390846	56550974	55	M	1	0	X	517666454
258390847	56550974	11	M	1	2	450067304	X
258687310	56597500	49	F	1	0	X	517667698
258719188	56599204	79	F	1	1	X	X
258719189	56597459	70	M	1	0	X	X
258719190	56597459	79	F	1	1	X	X
258730140	56599530	0	M	1	2	X	X
258730143	56599530	2	M	1	2	X	X
258730163	56598158	2	M	1	2	X	X
258730192	56550878	0	M	1	2	X	X
258730193	56550878	31	M	1	0	X	517788475
258902480	56598468	24	M	1	9	X	517788477
259059837	56597499	60	F	1	1	X	X
259059838	56597499	63	M	1	0	X	517669038
259093607	56598168	60	M	1	0	X	X
259419197	56598198	49	F	1	1	X	517502396
259419203	56598268	49	F	1	1	X	517666929
259419204	56598268	64	M	1	0	X	X
259503742	56598780	67	M	1	0	X	517667420
259503743	56598780	60	F	1	1	X	517668604
259637226	56550686	86	F	1	0	X	X
259660289	56599679	57	M	1	0	X	517668757
259678519	56599068	58	F	1	0	X	517668874
259678520	56599068	57	M	1	1	X	517668859
259697734	56598117	46	F	1	2	X	517666285
259806285	56599830	48	M	1	0	X	517668747
259806286	56599830	48	F	1	1	X	514690932
259806298	56597676	48	F	1	1	X	517668263
259903272	56598115	23	M	1	0	X	515184295
259903274	56598115	20	F	1	10	X	X
259960353	56599218	47	F	1	0	X	517668859
259960355	56599218	54	M	1	1	X	517668859
259960365	56597537	47	F	1	0	X	517788475
259960366	56597537	17	F	1	2	450100219	X
259960367	56597537	54	M	1	1	X	517666100
259965356	56598050	19	M	1	0	X	X
259965388	56598248	19	M	1	0	X	X
259965417	56597833	19	M	1	0	X	X
260147838	56598059	64	M	1	0	X	X
260147839	56598059	29	M	1	2	X	X
260147861	56598032	65	F	1	1	X	X
260147863	56598032	29	M	1	2	X	X
260147864	56597934	65	F	1	1	X	X
260189057	56598641	58	F	1	1	X	517788475
260189058	56598641	52	M	1	0	X	515191016
260500620	56599228	18	F	1	2	450100219	517668874
260500621	56599228	2	M	1	5	X	X
260503947	56598749	54	F	1	9	X	517667730
260503948	56598749	51	M	1	0	X	517668584
260503962	56599280	51	M	1	0	X	517668874
260698739	56598129	55	M	1	0	X	517788457
260920154	56599358	64	F	1	1	X	517788347
261211348	56597686	77	M	1	1	X	X
261250919	56599995	5	F	1	2	450066968	X
261352902	56597681	74	F	1	1	X	X
261352905	56599736	79	M	1	0	X	X
261352912	56600024	74	F	1	1	X	X
262178649	56599665	15	F	1	2	450100219	X
262178650	56599665	42	F	1	0	X	514669315
262242501	56598931	46	M	1	0	X	517668859
262900171	56597626	17	M	1	2	450100219	517667904
262900172	56597626	52	M	1	0	X	517666808
262978027	56598886	54	M	1	0	X	517668851
262978033	56550778	54	M	1	0	X	517668729
263032611	56599361	67	F	1	1	X	X
263032613	56598308	67	F	1	1	X	X
263032614	56598308	72	M	1	0	X	X
263160707	56599237	12	M	1	2	450100218	X
263160708	56599237	35	M	1	0	X	517669007
263160709	56599237	6	F	1	2	450099883	X
263160711	56599237	10	F	1	2	450100218	X
263518807	56599888	46	M	1	0	X	517668815
263518809	56599888	16	M	1	2	450100219	X
263570546	56597946	49	F	1	1	X	X
263570547	56597946	52	M	1	0	X	517667166
263597354	56598177	61	M	1	1	X	517788348
263774252	56598968	26	F	1	12	X	517668792
263774253	56598968	38	M	1	2	X	517668792
263792485	56550732	16	M	1	2	450100219	517788475
263792486	56550732	40	M	1	0	X	X
263792497	56550779	16	M	1	2	450100219	517665990
263792499	56550779	44	F	1	1	X	517668584
263792544	56597519	18	M	1	2	450100219	517788475
263792545	56597519	16	M	1	2	450100219	517668646
263792546	56597519	40	M	1	0	X	X
263792547	56597519	44	F	1	1	X	517667721
263792607	56597801	44	F	1	1	X	517788475
263875206	56599187	66	F	1	0	X	X
263875228	56599616	66	F	1	0	X	X
263935568	56598573	60	M	1	0	X	517667423
263935569	56598573	59	F	1	1	X	X
264298346	56598265	22	M	1	0	X	517667488
264298347	56598265	22	M	1	9	X	515183313
264839987	56550909	31	F	1	10	X	X
264906758	56597621	5	F	1	2	450099883	X
265024769	56598501	43	M	1	0	X	517667010
265024770	56598501	42	F	1	1	X	517669038
265581605	56598045	32	F	1	1	X	517668847
265581606	56598045	31	M	1	0	X	517668604
265782735	56599983	21	M	1	2	X	X
266412849	56598093	46	F	1	0	X	517666794
266455639	56599977	42	M	1	0	X	517668865
266632411	56598596	21	F	1	0	X	517668603
266632412	56598596	27	M	1	10	X	517668975
266732246	56597817	59	F	1	1	X	517668975
266732267	56597969	61	M	1	0	X	517788475
266827426	56598575	45	M	1	0	X	517788356
266827427	56598575	10	F	1	2	X	X
266827429	56598575	14	F	1	2	450063600	X
266827430	56598575	44	F	1	1	X	X
266963483	56598033	73	M	1	0	X	X
266979396	56550964	2	F	1	2	X	X
266979397	56550964	5	F	1	2	450100218	X
266979450	56597631	29	M	1	1	X	517669038
266979454	56597631	0	M	1	2	X	X
266979496	56597548	2	F	1	2	X	X
266979505	56598401	29	M	1	1	X	517668147
266979507	56598401	5	F	1	2	450100218	X
266979606	56598773	2	F	1	2	X	X
266979607	56598773	5	F	1	2	450100218	X
266979608	56598773	25	F	1	0	X	517788352
266979609	56598773	0	M	1	2	X	X
266979656	56598419	2	F	1	2	X	X
266979657	56598419	5	F	1	2	450100218	X
266979658	56598419	25	F	1	0	X	517788702
267126979	56598187	70	M	1	0	X	517666962
267126983	56599320	70	M	1	0	X	514669918
267324947	56599463	61	F	1	0	X	517668859
267324950	56598685	61	F	1	0	X	517788455
267715314	56597503	60	F	1	0	X	517788504
267716241	56599779	74	F	1	0	X	X
267981042	56599171	62	M	1	0	X	X
268025585	56598972	46	F	1	0	X	517668859
268193441	56599056	52	M	1	0	X	517669013
268193442	56599056	50	F	1	1	X	517668792
268281639	56598359	46	F	1	0	X	517668602
268281668	56599100	52	M	1	1	X	517668781
268281669	56599100	46	F	1	0	X	517668859
268691926	56597806	1	F	1	2	X	X
268691960	56598823	28	M	1	1	X	517788348
268691961	56598823	23	F	1	0	X	517668706
268709551	56597630	41	M	1	1	X	517788475
269688904	56550982	9	M	1	5	450100218	X
269688906	56550982	53	F	1	0	X	517788525
269688907	56550982	9	M	1	5	450100218	X
269688909	56550982	14	M	1	5	450100218	X
269688910	56550982	11	F	1	5	450100218	X
269911794	56599922	5	M	1	2	450099883	X
269911795	56599922	25	F	1	0	X	517668792
270161126	56599015	62	M	1	0	X	517668752
270576836	56550684	60	M	1	0	X	517668874
270576837	56550785	60	M	1	0	X	517788493
270640341	56599225	67	F	1	0	X	517788533
270640343	56599201	67	F	1	0	X	517669005
270679600	56598182	53	M	1	1	X	517668609
270679601	56598182	48	F	1	0	X	X
270751776	56597749	39	M	1	1	X	517668444
270751777	56597749	35	F	1	0	X	517668575
270800099	56550883	11	M	1	2	450100218	X
270800105	56550883	41	M	1	1	X	517668882
270800134	56598471	11	M	1	2	450100219	X
270800135	56598471	7	F	1	2	450100218	X
270800136	56598471	1	F	1	2	X	X
270800139	56598471	39	F	1	0	X	X
270800169	56598550	11	M	1	2	450100218	X
270800170	56598550	7	F	1	2	450100218	X
270800171	56598550	1	F	1	2	X	X
270800173	56598550	12	M	1	2	450100218	X
270800174	56598550	39	F	1	0	X	X
270952861	56599119	40	M	1	8	X	X
270952862	56599119	67	M	1	0	X	X
270952877	56599342	40	M	1	8	X	X
270952878	56599342	67	M	1	0	X	X
271003762	56550931	82	F	1	1	X	X
271003769	56597765	80	M	1	0	X	X
271003770	56597765	82	F	1	1	X	X
271003771	56599986	80	M	1	0	X	X
271003772	56599986	82	F	1	1	X	X
271003789	56597540	80	M	1	0	X	X
271003790	56597540	82	F	1	1	X	X
271003819	56550862	80	M	1	0	X	X
271003820	56550862	82	F	1	1	X	X
271028410	56599207	21	F	1	10	X	517668792
271028420	56550827	21	F	1	10	X	517666886
271256727	56598054	18	F	1	2	X	517668584
271256728	56598054	53	M	1	1	X	517666808
271256749	56597466	53	M	1	1	X	517788475
271402891	56597506	68	M	1	0	X	517668170
271402897	56599791	68	M	1	0	X	517668880
271526189	56599913	30	M	1	1	X	517668859
271526192	56599913	33	F	1	0	X	517668815
271985906	56599302	27	F	1	0	X	X
271985907	56599302	1	M	1	2	X	X
271985909	56599797	7	M	1	2	450100218	X
271985910	56599797	27	F	1	0	X	X
271985912	56599797	29	M	9	10	X	517668820
272170493	56597665	46	F	1	0	X	515186201
272266794	56598447	0	F	1	2	X	X
272677781	56597781	44	M	1	0	X	517669038
272751471	56598832	49	F	1	1	X	X
272751472	56598832	58	M	1	0	X	517668602
272751517	56599267	49	F	1	1	X	X
272751535	56597877	49	F	1	1	X	X
272751536	56597877	58	M	1	0	X	517668104
272859536	56598746	48	F	1	1	X	X
272859559	56598318	51	M	1	0	X	517668627
272859560	56598318	48	F	1	1	X	X
272859618	56598729	48	F	1	1	X	X
272859645	56599337	51	M	1	0	X	517668855
272887421	56599574	70	F	1	0	X	X
272887422	56599574	73	M	1	1	X	X
272887437	56599286	70	F	1	0	X	X
272887438	56599286	73	M	1	1	X	X
272969011	56599483	10	M	1	2	450100218	X
272969012	56599483	40	M	1	1	X	517668799
272969013	56599483	36	F	1	0	X	517668855
272969043	56550728	36	F	1	0	X	517668604
272969051	56597654	40	M	1	1	X	517668441
272969052	56597654	36	F	1	0	X	517668049
273006456	56598669	52	F	1	1	X	X
273192003	56599963	74	F	1	0	X	X
273213759	56598824	69	M	1	0	X	X
273213761	56598824	58	F	1	1	X	515187492
273213834	56598227	69	M	1	0	X	X
273213835	56598227	24	M	1	2	X	X
273213836	56598227	58	F	1	1	X	517788549
273213853	56550864	24	M	1	2	X	X
273760798	56598914	68	M	1	0	X	X
274092454	56598228	28	M	1	10	X	517788353
274092459	56598683	38	F	1	0	X	517668964
274092460	56598683	28	M	1	10	X	517667242
274307612	56598699	24	F	1	1	X	517667117
274404453	56597975	51	F	1	0	X	X
274440248	56598528	23	M	1	0	X	517788484
274440249	56598528	1	F	1	7	X	X
274440251	56598528	1	F	1	2	X	X
274518152	56598247	25	M	1	0	X	X
274518153	56598247	0	M	1	2	X	X
274518162	56598891	0	M	1	2	X	X
274518163	56598891	26	F	1	10	X	517788491
274765092	56598511	34	F	1	1	X	517666627
274765094	56598511	36	M	1	0	X	517666913
275220880	56598360	52	F	1	0	X	517788475
275220881	56598360	65	M	1	1	X	X
275949034	56598539	78	F	1	0	X	X
276123669	56597513	40	F	1	1	X	517668600
276123670	56597513	16	F	1	2	450100219	X
276123671	56597513	45	M	1	0	X	517668982
276123753	56550697	40	F	1	1	X	517788514
276123755	56550697	45	M	1	0	X	517667702
276123775	56597746	16	F	1	2	450100219	X
276123776	56597746	45	M	1	0	X	517788475
276216246	56599710	6	F	1	2	450100218	X
276216301	56599275	37	F	1	1	X	517788722
276216302	56599275	6	F	1	2	450100218	X
276216303	56599275	11	M	1	2	450100219	X
276422850	56597845	21	F	1	1	X	517666808
276422905	56598170	22	M	1	0	X	517666627
277015659	56598704	83	F	1	0	X	X
277157656	56599329	35	F	1	2	X	X
277424105	56599082	36	M	1	0	X	517668104
277424108	56599128	36	M	1	0	X	517668859
277424109	56599128	22	M	1	2	X	517668859
277658471	56597652	79	M	1	0	X	X
277658505	56598789	79	M	1	0	X	X
278136293	56599537	37	M	1	0	X	517788498
278136294	56599537	7	F	1	2	450100218	X
278521812	56598084	58	M	1	0	X	517668981
278738800	56598863	39	M	8	0	X	517668383
278763143	56599116	34	F	1	1	X	514668828
278763144	56599116	40	M	1	0	X	514668129
278854344	56599003	27	M	1	10	X	517788510
279098131	56550723	39	M	1	0	X	517667110
279502990	56598619	57	M	1	1	X	517788475
279502991	56598619	57	F	1	0	X	X
279733273	56598524	76	F	1	0	X	X
279781395	56597703	41	M	1	0	X	517788730
279781438	56598680	41	M	1	0	X	517788459
279805295	56599297	69	F	1	0	X	X
279810855	56597849	15	F	1	2	450100219	X
279928708	56597905	30	F	1	1	X	517666962
279928709	56597905	6	F	1	2	X	X
280128976	56598544	2	F	1	2	X	X
280128978	56598544	45	M	1	0	X	517788697
280128998	56598808	39	F	1	1	X	517666026
280129005	56551004	45	M	1	0	X	517666860
280129017	56550840	45	M	1	0	X	517668667
280378378	56599535	37	F	1	0	X	X
280378397	56599561	70	F	1	4	X	X
280498401	56598911	48	M	1	1	X	517502708
280498403	56598911	14	F	1	2	450100218	X
280884593	56598552	74	M	1	0	X	X
280884594	56598552	69	F	1	1	X	X
281006911	56598102	22	M	1	2	X	517668104
281006912	56598102	55	F	1	1	X	X
281006947	56598624	22	M	1	2	X	517788508
281110504	56598602	49	F	1	0	X	517668618
281110505	56598602	35	M	1	10	X	X
281159101	56599597	54	F	1	0	X	517668837
281159117	56550752	54	F	1	0	X	517667685
281159120	56598413	54	F	1	0	X	517668442
281159131	56598353	54	F	1	0	X	517667897
281206934	56599812	26	M	1	0	X	517668843
281526654	56598662	55	F	1	0	X	517788475
281526658	56598715	55	F	1	0	X	517668982
281526703	56597541	55	F	1	0	X	517788436
281530107	56598086	11	M	1	5	450100219	X
281530109	56598086	21	F	1	5	X	517667723
282008766	56599127	32	F	1	0	X	517668838
282008773	56599904	5	M	1	2	X	X
282008774	56599904	4	F	1	2	X	X
282008776	56599904	0	F	1	2	X	X
282106371	56598195	65	F	1	1	X	X
282271709	56550824	54	M	1	0	X	X
282314763	56599747	48	F	1	1	X	X
282580903	56598569	54	F	1	0	X	517667702
282696849	56598519	20	M	1	0	X	517668638
282696853	56598829	20	M	1	0	X	517666910
282696854	56598279	20	M	1	0	X	517788475
282696859	56599925	20	M	1	0	X	517668792
282850230	56599813	93	F	1	0	X	X
282900522	56599085	74	F	1	0	X	X
282900523	56599032	74	F	1	0	X	X
283308425	56597505	85	M	1	0	X	517668177
283308432	56550941	85	M	1	0	X	517661548
283942289	56551008	15	F	1	2	450100219	X
283942290	56551008	46	M	1	1	X	517788496
283977795	56550845	61	F	1	0	X	517788475
284142759	56550916	27	F	1	0	X	514674597
284142780	56597992	6	M	1	2	450100218	X
284700749	56599027	41	M	1	0	X	517668792
285025931	56598223	51	F	1	1	X	517668752
285857305	56550899	11	F	1	2	450100219	X
285857306	56550899	0	F	1	2	X	X
285857310	56550899	33	M	1	1	X	517666627
286009397	56599624	53	M	1	0	X	517668860
286091938	56597819	51	F	1	0	X	517668859
286091969	56599007	56	M	1	1	X	517668812
286091988	56598169	51	F	1	0	X	517668704
286254384	56599771	22	F	1	0	X	517668880
286254386	56599771	25	M	1	1	X	517668987
286551592	56550749	75	F	1	1	X	X
286551593	56550749	79	M	1	0	X	X
286650094	56599792	56	M	1	1	X	517668806
286813535	56597823	59	M	1	1	X	517668629
286813538	56597823	0	F	1	5	X	X
287235595	56598157	62	F	1	0	X	X
287352662	56599631	0	M	1	2	X	X
287352663	56599631	24	F	1	1	X	X
287352664	56599631	22	M	1	0	X	517668859
287382450	56597955	62	F	1	1	X	517667488
287449085	56598901	42	M	1	0	X	517668792
287449086	56598901	40	F	1	1	X	517668618
287449087	56599063	42	M	1	0	X	517788533
287449088	56599063	40	F	1	1	X	517668859
287633065	56598554	34	F	1	0	X	517666047
287633068	56598554	11	M	1	2	450100218	X
287679140	56598226	42	M	1	0	X	517668874
288017316	56598167	62	F	1	0	X	X
288135868	56598288	9	F	1	2	450100218	X
288135956	56598890	35	F	1	0	X	517788469
288135957	56598890	16	F	1	2	450100219	X
288270670	56599899	26	M	1	0	X	517668859
288353972	56599093	11	F	1	2	450100219	X
288353973	56599093	10	M	1	2	450100218	X
288353987	56597771	46	F	1	0	X	517788475
288353988	56597771	11	F	1	2	450100218	X
288354003	56599392	46	F	1	0	X	517668749
288354004	56599392	11	F	1	2	450100219	X
288354006	56599392	46	M	1	1	X	517668880
288354023	56597526	46	F	1	0	X	515183313
288354024	56597526	11	F	1	2	450100219	X
288354026	56597526	46	M	1	1	X	517668274
288401702	56598435	53	M	1	0	X	517668584
288623985	56597551	22	F	1	2	X	517666808
288885292	56550777	54	F	1	1	X	X
288885293	56550777	63	M	1	0	X	517788703
289114954	56599235	69	M	1	0	X	517669024
289298853	56598695	63	M	1	1	X	517788368
289298854	56598695	61	F	1	0	X	515186308
289298869	56599612	63	M	1	1	X	517668752
289298870	56599612	61	F	1	0	X	517668808
289439568	56598460	52	M	1	0	X	X
289749068	56599264	67	M	1	0	X	517668772
290656330	56599507	70	F	1	0	X	X
291773161	56599840	75	F	1	1	X	X
292039719	56598677	52	M	1	0	X	517788541
292401625	56598433	48	F	1	0	X	517668964
292401626	56598433	17	M	1	2	450100219	X
292401635	56598737	48	F	1	0	X	517666462
292401636	56598737	17	M	1	2	450100219	X
292516152	56599528	44	M	1	0	X	X
292879325	56598940	37	F	1	0	X	517669018
292879326	56598940	36	M	1	1	X	517668798
292879327	56598940	3	M	1	2	X	X
292941580	56599770	46	M	1	0	X	517668752
292941598	56597929	46	M	1	0	X	514674597
292941599	56597929	44	F	1	1	X	517788457
293245500	56597981	55	M	1	1	X	517788475
293245501	56597683	52	F	1	0	X	517668604
293245502	56597683	55	M	1	1	X	517668710
293928110	56599768	66	M	1	0	X	X
293928129	56599165	67	F	1	1	X	X
293928130	56599165	66	M	1	0	X	X
293928181	56599011	67	F	1	1	X	X
293928193	56598689	67	F	1	1	X	X
294619088	56599990	84	F	1	0	X	X
294812585	56599620	29	F	1	1	X	X
294812586	56599620	1	F	1	2	X	X
294828270	56598088	39	F	1	0	X	X
294890837	56599950	34	M	1	0	X	517788414
294890845	56598472	30	F	1	1	X	X
294890846	56598472	34	M	1	0	X	517668667
294890847	56598472	1	F	1	2	X	X
294890869	56598877	30	F	1	1	X	X
294890870	56598877	34	M	1	0	X	517668382
294930857	56598517	10	F	1	2	450100218	X
294930859	56598517	16	M	1	2	X	515187460
294980151	56598589	31	F	1	0	X	517668678
294980153	56598589	31	M	1	1	X	517668213
295004463	56598322	30	F	1	1	X	X
295004464	56598322	31	M	1	0	X	517788475
295004465	56598322	6	M	1	2	450099883	X
295004496	56599120	31	M	1	0	X	517668838
295004498	56599120	5	M	1	2	450099883	X
295265970	56599324	34	M	1	1	X	X
295265971	56599324	29	F	1	0	X	517668859
295265973	56599324	0	M	1	2	X	X
295265987	56599451	29	F	1	0	X	517788437
295265989	56599451	0	M	1	2	X	X
295274241	56597798	64	F	1	0	X	517667352
295274276	56599821	64	F	1	0	X	517668859
295277757	56598716	48	F	1	0	X	515184295
295349318	56598496	3	M	1	2	X	X
295349365	56597603	28	F	1	10	X	X
295349366	56597603	26	M	1	0	X	517788475
295349367	56597603	0	M	1	2	X	X
295349368	56597603	3	M	1	2	X	X
296234913	56598006	4	M	1	2	450099883	X
296262121	56598309	16	F	1	2	450100219	X
296262124	56598309	12	M	1	2	450100219	X
296379291	56598479	57	M	1	1	X	X
296379292	56598479	55	F	1	0	X	517788547
296639939	56597528	78	M	1	0	X	X
296639940	56550758	61	F	1	1	X	X
296639941	56550758	78	M	1	0	X	X
297266445	56598516	32	M	1	0	X	517666743
297381940	56597727	77	M	1	0	X	X
297507182	56598652	33	M	1	0	X	517667892
297511240	56598728	27	M	1	0	X	X
297843371	56599048	65	M	1	0	X	517668857
297843372	56599048	57	F	1	1	X	517668875
297843408	56598783	57	F	1	1	X	517666958
297843411	56599304	65	M	1	0	X	514690742
297843412	56599304	57	F	1	1	X	517668996
297962642	56599416	34	F	1	1	X	X
297962643	56599416	13	M	1	2	450100219	X
297962644	56599416	8	F	1	2	450100218	X
297962645	56599416	7	M	1	2	450100218	X
297962647	56599416	35	M	1	0	X	517668872
298535893	56599576	69	F	1	0	X	517668986
298568204	56599506	55	M	1	0	X	517668859
298568205	56599506	55	F	1	1	X	517788510
298919903	56598688	53	F	1	1	X	517668663
298919904	56598688	48	M	1	0	X	517668104
299033047	56550726	93	F	1	0	X	X
299106553	56599568	81	M	1	0	X	X
299288846	56550945	58	F	1	1	X	517668573
299288851	56598962	60	M	1	0	X	517668775
299288852	56598962	58	F	1	1	X	517668859
299734595	56599573	74	M	1	0	X	X
299734596	56599573	73	F	1	1	X	X
299734609	56599744	74	M	1	0	X	X
299795621	56598001	13	M	6	2	450100219	X
299858680	56598270	46	F	1	0	X	517667488
299858681	56598270	13	M	1	2	450100219	X
299858682	56598270	16	F	1	2	450100219	X
299863391	56599258	68	M	1	1	X	X
299863392	56599258	65	F	1	0	X	X
299941095	56599547	80	M	1	0	X	X
300001915	56599409	3	M	1	2	X	X
300001916	56599409	29	F	1	0	X	517668745
300368058	56597788	58	F	1	1	X	517788475
300368062	56597642	58	F	1	1	X	517668975
300368063	56597642	61	M	1	0	X	X
300402321	56597476	26	M	1	2	X	X
300402322	56597476	52	F	1	1	X	X
300576015	56598961	49	F	1	1	X	517668837
300729619	56597518	82	M	1	0	X	517666808
300770044	56598035	60	M	1	0	X	X
301341426	56598456	49	M	1	0	X	X
301696480	56599852	57	M	1	0	X	517668815
301819473	56598092	25	F	1	0	X	X
301819474	56598092	26	M	1	1	X	517668874
302246546	56598149	29	M	1	2	X	X
302360957	56598913	26	F	1	1	X	X
302361014	56598757	30	M	1	0	X	517666962
302361079	56599825	26	F	1	1	X	X
302361080	56599825	30	M	1	0	X	514669546
302639729	56599818	52	M	1	0	X	517668792
302639730	56599818	23	M	1	12	X	517668843
302639749	56599465	52	M	1	0	X	517668838
302639750	56599465	23	M	1	12	X	514691085
302812962	56598327	59	M	1	1	X	517788722
302812963	56598327	59	F	1	0	X	X
302812965	56598873	59	F	1	0	X	X
302948882	56597653	44	F	1	1	X	517668857
302948884	56597653	65	F	1	4	X	X
302948885	56597653	18	M	1	2	450100219	X
302948900	56599546	65	F	1	4	X	X
302948916	56598048	65	F	1	4	X	X
302959982	56598245	46	M	1	0	X	517668640
303052073	56597663	56	F	5	1	X	517667786
303052074	56597663	60	M	1	0	X	515191360
303082232	56598142	54	M	1	0	X	517667892
303082233	56598142	53	F	1	1	X	517788475
303247512	56598758	55	F	1	0	X	517668816
303295410	56598527	75	M	1	0	X	X
303543060	56598098	53	M	1	0	X	517668574
303650337	56599917	16	F	6	2	450100219	X
303650339	56599917	21	F	6	2	X	X
303650340	56599917	57	F	1	0	X	517668755
303650377	56599625	16	F	6	2	450100219	X
303650379	56599625	21	F	6	2	X	X
303650380	56599625	57	F	1	0	X	517668859
303704612	56598698	51	F	1	1	X	517667895
303704613	56598698	19	F	1	2	X	X
303704614	56598698	54	M	1	0	X	517668604
303858918	56550997	54	F	1	0	X	517666728
304038059	56598856	41	M	1	0	X	517668104
304038061	56598856	4	F	1	2	450099883	X
304038062	56598856	35	F	1	1	X	X
304038063	56598856	10	M	1	2	450100218	X
304264827	56597912	62	M	1	0	X	X
304345591	56597695	58	F	1	1	X	X
304427043	56597569	41	M	1	0	X	517668369
304427045	56597569	8	F	1	2	450100218	X
304437019	56599989	56	M	1	0	X	X
304753042	56599471	8	M	1	2	450100218	X
304753043	56599471	29	F	1	0	X	517668859
304753044	56599471	38	M	1	1	X	517668986
304753046	56599471	5	M	1	2	450100218	X
305347702	56599246	79	M	1	1	X	517668792
305832331	56597733	80	F	1	1	X	X
305832340	56598089	78	M	1	0	X	X
305905839	56599618	3	F	1	2	X	X
305905840	56599618	2	M	1	2	X	X
305905841	56599618	30	F	1	1	X	517668752
305905842	56550793	33	M	1	0	X	515183313
305905843	56550793	3	F	1	2	X	X
305905947	56599522	3	F	1	2	X	X
305905949	56599522	30	F	1	1	X	517668859
306008277	56599870	25	M	1	2	X	517668851
306008278	56599870	50	F	1	0	X	517668874
306395633	56598391	26	F	1	2	X	517668604
306395635	56598391	56	F	1	0	X	517668235
306395637	56598391	66	M	1	3	X	X
306615232	56599885	52	M	1	3	X	517788442
306800132	56550987	72	M	1	0	X	X
306800137	56599378	72	M	1	0	X	X
307475612	56597939	9	F	1	2	450100218	X
307475613	56597939	27	M	1	1	X	517788475
307475615	56597939	2	F	1	2	X	X
307489715	56598325	13	F	1	2	450100219	X
307489717	56598325	9	F	1	2	450100218	X
307489760	56599400	13	F	1	2	450100219	X
307489761	56599400	0	F	1	2	X	X
307489763	56599400	48	M	1	0	X	517668859
307566650	56599245	32	M	1	1	X	517669003
307653381	56598723	64	F	1	0	X	517669038
307914125	56597720	71	M	1	10	X	517666962
308242964	56550875	38	M	1	0	X	517788453
308330273	56598950	1	M	1	5	X	X
308330274	56598950	30	F	1	2	X	517667215
308330320	56599227	50	M	1	10	X	517668792
308330321	56599227	1	M	1	5	X	X
308330323	56599227	54	F	1	0	X	517788421
308364342	56599487	52	M	1	0	X	517666916
308364354	56598274	52	M	1	0	X	517668681
308364356	56598053	52	M	1	0	X	517788489
308526975	56599362	38	M	1	0	X	517668787
308527002	56598289	13	F	1	2	450100219	X
308527004	56598289	17	M	1	2	450100219	X
308527049	56598209	36	F	1	1	X	X
308527050	56598209	13	F	1	2	450100219	X
308558476	56598742	33	M	1	1	X	517788475
308558477	56598742	4	M	1	2	450099883	X
308558479	56598742	6	M	1	2	450100218	X
308558536	56599592	33	M	1	1	X	514668834
308558538	56599592	29	F	1	0	X	517668104
308636637	56550950	31	F	1	12	X	X
308636640	56550950	5	F	9	5	450100218	X
308636641	56550950	3	F	9	5	X	X
308653364	56550718	9	M	1	2	450100218	X
308653365	56550718	34	F	1	0	X	X
308653367	56550718	14	M	3	2	450100218	X
309036509	56599041	5	F	1	2	X	X
309036510	56599041	28	F	1	0	X	517668777
309036511	56599041	3	F	1	2	X	X
309036553	56597472	5	F	1	2	X	X
309036556	56597472	30	M	1	1	X	517668868
309036557	56598932	5	F	1	2	X	X
309036559	56598932	3	F	1	2	X	X
309036560	56598932	30	M	1	1	X	517668843
309036582	56599932	28	F	1	0	X	517668777
309036584	56599932	30	M	1	1	X	517668874
309043809	56599894	73	M	1	0	X	X
309043810	56599894	70	F	1	1	X	X
309043837	56598075	73	M	1	0	X	X
309170366	56599022	28	F	1	1	X	X
309170398	56598750	9	F	1	2	450100218	X
309170399	56598750	28	F	1	1	X	X
309170401	56599652	9	F	1	2	450100218	X
309170402	56599652	28	F	1	1	X	X
309170431	56599192	9	F	1	2	450100218	X
309170439	56599164	32	M	1	0	X	517668810
309170467	56598937	9	F	1	2	450100218	X
309170468	56598937	28	F	1	1	X	X
309288836	56598118	46	F	1	1	X	517666808
309288837	56598118	17	M	1	2	450063600	X
309288838	56598118	14	M	1	2	450063600	X
309589145	56550842	6	M	1	2	450100218	X
309589146	56550842	44	M	1	1	X	517668085
309589147	56550842	50	F	1	0	X	515183313
309589148	56550842	11	F	1	2	450100219	X
309808219	56598484	62	M	1	0	X	515183313
309813671	56598922	34	M	1	0	X	517668859
309813698	56550811	34	M	1	0	X	517666646
309862658	56599250	16	F	1	2	450100219	X
309862661	56599250	19	F	1	2	X	517668752
309862695	56550880	52	M	1	0	X	517666201
309862696	56550880	51	F	1	1	X	517788503
309988223	56599650	70	F	1	1	X	X
310348940	56598599	64	M	1	0	X	517668601
310348941	56598599	61	F	1	1	X	X
310556535	56598200	62	F	1	0	X	517668604
310878044	56550819	57	M	1	0	X	517668242
311194294	56598865	56	M	1	1	X	517666330
311401428	56598096	47	F	1	0	X	517668551
311426582	56599427	23	F	1	0	X	517668792
311576381	56599994	25	M	1	1	X	517668851
311874093	56598611	54	F	1	1	X	517788705
311874094	56598611	69	M	1	0	X	517668580
312106331	56599916	86	F	1	0	X	X
312409331	56597670	61	F	1	1	X	X
312409332	56597670	64	M	1	0	X	517666197
312610202	56598473	33	F	1	0	X	517788520
312610215	56598601	13	M	1	2	450100218	X
312610216	56598601	11	M	1	2	450100218	X
312610217	56598601	33	M	1	1	X	517667667
312610218	56598601	33	F	1	0	X	517667867
312610269	56599341	33	M	1	1	X	517668859
312610270	56599341	33	F	1	0	X	517669018
312811890	56597674	25	F	1	1	X	X
312811892	56597674	5	F	1	2	X	X
312814111	56598508	19	M	1	10	X	517666627
312944693	56600025	52	F	1	0	X	517668859
313692707	56599973	30	F	1	1	X	517668859
313692727	56598490	30	F	1	1	X	517666058
313692728	56598490	0	F	1	2	X	X
313692729	56598490	4	F	1	2	450066968	X
313692730	56598490	30	M	1	0	X	517668323
314111011	56598161	63	F	1	0	X	517668840
314378349	56599915	52	M	1	0	X	517788527
314471146	56599890	34	M	1	1	X	517668979
314471148	56599890	13	F	1	2	450100219	X
314476437	56599942	94	F	1	0	X	X
314610777	56598076	56	F	1	1	X	517667444
314610778	56598076	56	M	1	0	X	517788457
314767398	56597880	59	F	1	1	X	X
314801364	56550783	24	F	1	2	X	517668859
314801365	56550783	52	F	1	1	X	517788475
314801366	56550783	52	M	1	0	X	515191409
314801376	56597977	24	F	1	2	X	517668545
314801377	56597977	52	F	1	1	X	517668255
314807445	56550809	23	F	1	2	X	517668349
314807446	56550809	3	M	1	5	X	X
314807481	56598233	23	F	1	2	X	517666451
314807482	56598233	3	M	1	5	X	X
314807484	56598233	49	M	1	0	X	517668653
315094004	56599586	35	F	1	0	X	514669160
315094006	56599586	36	M	1	1	X	517668875
315094049	56599050	10	F	1	2	450100218	X
315094050	56599050	36	M	1	1	X	517668792
315094051	56599050	16	M	1	2	450100219	X
315094132	56550704	35	F	1	0	X	517667577
315163821	56598763	12	F	1	2	450100219	X
315229887	56598676	5	F	1	2	450100218	X
315229985	56550832	57	M	1	0	X	517666413
315229986	56550832	19	M	1	2	X	515183313
315229988	56550832	39	F	1	1	X	X
315264828	56599123	27	M	1	0	X	517668792
315264829	56599123	23	F	1	10	X	517668859
315402812	56599880	60	M	1	0	X	517668862
315402838	56599520	60	M	1	0	X	517668859
315402839	56599520	54	F	1	1	X	514668175
315402840	56550923	60	M	1	0	X	515183380
315448676	56597689	53	F	1	0	X	517668799
315448677	56597689	39	M	1	8	X	517788475
315810873	56597906	65	F	1	0	X	517788475
315810913	56599610	65	F	1	0	X	517668883
315832307	56598488	22	F	1	0	X	517668665
316146006	56597565	71	F	1	0	X	X
316146018	56599037	71	F	1	0	X	X
316233908	56599643	75	M	1	0	X	X
316356902	56550872	17	M	1	2	450100219	X
316356903	56550872	44	F	1	1	X	517788475
316416210	56599554	37	M	1	0	X	517788510
316416212	56599554	12	M	1	2	450100219	X
316439106	56598781	13	F	1	2	450100219	X
316439107	56598781	32	M	1	0	X	517667767
316439108	56598781	30	F	1	1	X	X
316532995	56599412	65	F	1	1	X	X
317027094	56598976	33	F	1	0	X	517668786
317331237	56550903	25	M	1	5	X	517668966
317331238	56550903	24	F	1	7	X	X
317331239	56550903	69	F	1	0	X	X
317331261	56598095	25	M	1	5	X	517668667
317331263	56598095	69	F	1	0	X	X
318232989	56598948	68	M	1	0	X	X
318233011	56599182	68	M	1	0	X	X
318233012	56599182	65	F	1	1	X	X
318233029	56599939	68	M	1	0	X	X
318340108	56599835	69	M	1	0	X	X
318370110	56598926	63	F	1	4	X	517668792
318370111	56598926	35	F	1	0	X	517668859
318370143	56597553	35	F	1	0	X	517788475
318370168	56598889	63	F	1	4	X	517788475
318545298	56599881	30	M	1	0	X	517788714
318835878	56598513	72	F	1	1	X	X
318998777	56598024	18	F	1	3	450100219	517669005
319327643	56599287	17	M	1	12	450100219	X
319327644	56599287	59	F	1	4	X	X
319327646	56599287	33	M	1	0	X	517668792
319327647	56599287	4	M	1	2	X	X
319327648	56599287	8	F	1	2	450100218	X
319327656	56598738	10	F	1	2	450100218	X
319327658	56598738	59	F	1	4	X	X
319327661	56598738	4	M	1	2	X	X
319742025	56599769	78	M	1	0	X	X
319969736	56599647	67	M	1	0	X	514690630
320253722	56599273	57	M	1	0	X	517668859
320267469	56597950	49	M	1	0	X	517668274
320267471	56597562	49	M	1	0	X	517667135
320476959	56597959	58	M	1	0	X	X
320765932	56598804	50	M	1	10	X	X
320994512	56599136	71	M	1	0	X	X
320994519	56598211	69	F	1	1	X	X
321318126	56550796	66	M	1	0	X	X
321411302	56597461	20	F	1	2	X	X
321411303	56597461	5	M	1	5	450100218	X
321411304	56597461	4	F	1	5	X	X
321411306	56597461	46	M	2	6	X	517788475
321411307	56597461	25	F	1	8	X	X
321411308	56597461	26	M	1	2	X	517668567
321411310	56597461	24	M	1	2	X	X
321436980	56597889	56	F	6	1	X	517666886
321904868	56599263	71	F	1	1	X	517668806
321904884	56599140	71	F	1	1	X	517668752
321975984	56599384	70	F	1	6	X	X
321975985	56599384	49	M	1	0	X	517668855
322155013	56599369	66	M	1	0	X	517669024
322408122	56597730	39	F	1	0	X	X
322408151	56599876	17	F	9	2	450100219	517668874
322408152	56599876	39	F	1	0	X	X
322420344	56599557	29	M	1	0	X	514668129
322420345	56599557	0	M	1	2	X	X
322420346	56599557	26	F	1	1	X	X
322425777	56598801	41	F	1	0	X	517667181
322838896	56597850	52	F	1	1	X	517788475
322838897	56597850	12	F	1	2	450100219	X
322838916	56598684	51	M	1	0	X	517668736
322838917	56598684	52	F	1	1	X	517666975
322838926	56598119	52	F	1	1	X	517666837
323134370	56550705	79	M	1	1	X	X
323134371	56550705	72	F	1	0	X	X
323156536	56599233	56	F	1	0	X	X
323180736	56599294	40	F	1	0	X	517668817
323180739	56597731	4	M	1	2	450099883	X
323180740	56597731	40	F	1	0	X	517788454
323180741	56597731	38	M	1	1	X	517788703
323180742	56597731	6	M	1	2	450100218	X
323180763	56550894	4	M	1	2	450099883	X
323180764	56550894	40	F	1	0	X	517666808
323180765	56550894	38	M	1	1	X	517668632
323440629	56599319	25	M	1	0	X	517668859
323440637	56598963	25	M	1	0	X	517788415
323957205	56597821	14	F	1	2	450100219	X
323957206	56597821	41	F	1	1	X	517666627
323957207	56597821	39	M	1	0	X	517788525
323957208	56597821	8	F	1	2	450100218	X
323957210	56597821	18	M	1	2	450100219	X
324328724	56597712	80	F	1	0	X	X
324328728	56550999	80	F	1	0	X	X
324366140	56598768	2	F	1	2	X	X
324366141	56598768	27	F	1	1	X	X
324366143	56598768	2	M	1	2	X	X
324997288	56598800	58	F	1	0	X	X
325440680	56550737	15	M	1	2	450100219	X
325440681	56550737	18	F	1	2	450100219	X
325440682	56550737	44	F	1	1	X	517666593
325440683	56550737	46	M	1	0	X	517788462
325848942	56599186	69	F	1	0	X	X
325848943	56599186	75	M	1	1	X	X
325975540	56599889	76	F	1	0	X	X
326024484	56597711	48	M	1	1	X	517788475
326053356	56550714	3	M	1	2	X	X
326053357	56550714	0	M	1	2	X	X
326053358	56550714	32	M	1	0	X	517788499
326053359	56550714	30	F	1	1	X	517668104
326361446	56597705	54	M	1	0	X	517503806
326361447	56597705	57	F	1	1	X	517666044
326401344	56599844	22	M	8	10	X	517666886
326401379	56598904	18	F	1	0	450100219	X
326401380	56598904	22	M	8	10	X	517666968
326401397	56600023	18	F	1	0	450089403	X
326456423	56597812	32	M	1	1	X	517668604
326898563	56597666	65	F	1	1	X	517668574
327014241	56598251	50	F	1	0	X	517661548
327094370	56597596	16	F	1	2	450089403	X
327094371	56597596	13	M	1	2	450100219	X
327163156	56598395	30	F	1	0	X	X
327547273	56599001	53	F	1	0	X	517668874
327547279	56550745	53	F	1	0	X	517666047
327547285	56599566	53	F	1	0	X	517668792
328286531	56599163	74	F	1	0	X	X
328286532	56599163	67	M	1	10	X	X
328286537	56599190	74	F	1	0	X	X
328286538	56599190	67	M	1	10	X	X
328286543	56599013	74	F	1	0	X	X
328380984	56598675	39	F	1	1	X	517788478
328381052	56599558	43	M	1	0	X	517668752
328381069	56598764	39	F	1	1	X	517788504
328381071	56598764	1	F	1	2	X	X
328381072	56598764	43	M	1	0	X	517788475
328381073	56598764	11	M	1	2	450100219	X
328381154	56550776	39	F	1	1	X	517788468
328381155	56550776	20	M	1	2	X	517666635
328381157	56550776	43	M	1	0	X	517788496
328441457	56599469	78	F	1	0	X	X
328501173	56597936	23	M	1	0	X	517668792
328501180	56598174	24	F	1	1	X	517668143
328667674	56598285	52	F	1	0	X	517667476
328667675	56598285	60	M	1	1	X	517788517
328667696	56598788	52	F	1	0	X	517668028
328667697	56598788	60	M	1	1	X	517668104
328880873	56550848	89	M	1	0	X	X
329074977	56599505	63	F	1	1	X	517668843
329074991	56597782	63	F	1	1	X	517667531
329136387	56597777	49	M	1	0	X	517788475
329136478	56598039	4	F	1	5	X	X
329136480	56598039	24	F	1	2	X	517666962
329136506	56597690	4	F	1	5	X	X
329136507	56597690	49	M	1	0	X	517788475
329136508	56597690	24	F	1	2	X	517666317
329625653	56598314	62	M	1	0	X	X
329625657	56598523	62	M	1	0	X	X
329658908	56597635	59	M	1	0	X	517667199
329658913	56598379	59	M	1	0	X	517668501
329691469	56597509	56	F	1	1	X	517667637
329861359	56598491	30	F	1	1	X	517668604
329861360	56598491	4	M	1	2	450099883	X
330030367	56598445	84	F	1	0	X	X
330030382	56598722	84	F	1	0	X	X
330504160	56598636	70	M	1	0	X	517668765
330504161	56598636	67	F	1	1	X	X
331088141	56599801	28	M	1	0	X	517668874
331239408	56599368	11	M	1	2	450100219	X
331239410	56599368	41	F	1	1	X	517668859
331239411	56599368	16	M	1	2	450089403	X
331261424	56598305	34	M	1	0	X	517788459
331261435	56598811	34	M	1	0	X	517666808
331274406	56550816	94	M	1	0	X	X
331274407	56550816	94	F	1	1	X	X
331513357	56597581	46	F	1	0	X	517668801
331513359	56597581	10	M	1	2	450100218	X
331513360	56597581	16	M	1	2	450089403	X
331832836	56598630	11	F	1	2	450100218	X
331832840	56598630	42	F	1	0	X	517669038
332433782	56597846	59	F	1	0	X	X
332890054	56598485	52	M	1	0	X	X
332992169	56599089	70	M	1	0	X	X
332992171	56598055	70	M	1	0	X	X
333093475	56598011	20	F	1	2	X	X
333093477	56598011	26	M	1	2	X	517668593
333170231	56550844	51	M	1	1	X	X
333170232	56550844	20	M	1	2	X	515183313
333170290	56598375	49	F	1	0	X	515183403
333170292	56598375	20	M	1	2	X	517788515
333183643	56598557	1	M	1	2	X	X
333183645	56598557	26	F	1	1	X	517788368
333298142	56550902	16	F	1	2	450089403	X
333298143	56550902	39	M	1	1	X	517666808
333298144	56550902	36	F	1	0	X	515184295
333622317	56598846	48	M	1	0	X	517668601
333622318	56598846	25	M	1	2	X	517667488
333622319	56598846	44	F	1	1	X	517667698
333881688	56550826	50	M	1	0	X	517666769
333921273	56598437	0	M	1	2	X	X
333921274	56598437	6	M	1	8	450100218	X
333921275	56598437	25	M	1	9	X	517666730
334207246	56599336	49	F	3	10	X	X
334261277	56598100	6	M	1	2	450100218	X
334626208	56599763	56	M	1	0	X	517668888
334626209	56599763	22	M	1	2	X	517668792
334626210	56599763	24	M	1	2	X	517668859
334626211	56599763	53	F	1	1	X	517669024
334911433	56599232	7	M	1	2	450100218	X
334911434	56599232	40	M	1	0	X	517668788
334911435	56599232	43	F	1	1	X	517668792
334919685	56598361	67	M	1	1	X	517669038
335401614	56597894	55	F	1	0	X	517660861
335401615	56597894	60	M	1	10	X	517788475
336160345	56598183	80	F	1	4	X	X
336160346	56598183	87	M	1	4	X	X
336160402	56597722	80	F	1	4	X	X
336160403	56597722	87	M	1	4	X	X
336160442	56598614	87	M	1	4	X	X
336171978	56599869	56	M	1	1	X	517668859
336172023	56599070	49	F	1	0	X	517668859
336469649	56598779	18	M	1	9	X	517788475
336469651	56598779	19	F	1	10	X	517667698
336469671	56599579	19	F	1	10	X	517669024
336469672	56599579	22	M	1	0	X	X
337079922	56598642	57	M	1	0	X	517788520
337079923	56598642	13	F	1	2	450100219	X
337172113	56599482	7	F	1	2	450100218	X
337665273	56597900	74	F	1	0	X	517667094
337665291	56598418	74	F	1	0	X	517668140
337719616	56598921	27	M	1	1	X	517668859
337773357	56597932	50	M	1	1	X	517788475
337773358	56597932	42	F	1	0	X	517668782
337851302	56597609	16	M	1	2	450089403	X
337851371	56550939	16	M	1	2	450089403	X
337851372	56550939	44	F	1	0	X	517667303
337851375	56599523	44	F	1	0	X	514670342
338211051	56599622	6	M	1	2	450100218	X
338211052	56599622	13	F	1	2	450100219	X
338211053	56599622	37	M	1	1	X	517668806
338211054	56599622	36	F	1	0	X	517668849
338211185	56598664	7	F	1	2	450100218	X
338211186	56598664	6	M	1	2	450100218	X
338211189	56598664	36	F	1	0	X	517667781
338211192	56597732	13	F	1	2	450100219	X
338211194	56597732	36	F	1	0	X	517788475
338544519	56598444	49	M	1	0	X	517669024
338544599	56599154	49	M	1	0	X	514669490
339050909	56598188	3	M	1	2	450099883	X
339050910	56598188	37	F	1	0	X	517788457
339190372	56599676	40	M	1	0	X	517668742
339525025	56599387	25	F	1	0	X	517668792
339525026	56599387	34	M	1	1	X	X
339525047	56599827	25	F	1	0	X	517669024
339525048	56599827	34	M	1	1	X	X
339686759	56550682	11	F	1	5	450100219	X
339686761	56550682	52	M	1	1	X	517788455
339815116	56598673	48	M	1	0	X	517668085
340369120	56598559	63	M	1	0	X	X
340416772	56598532	20	F	1	0	X	517668593
340416773	56598532	21	M	1	1	X	517668602
340416777	56599634	21	M	1	1	X	517668859
340416796	56598632	20	F	1	0	X	517788726
340416797	56598632	21	M	1	1	X	515187381
340416807	56598731	21	M	1	1	X	515183313
340416826	56599426	20	F	1	0	X	514669252
340416827	56599426	21	M	1	1	X	517788533
340495314	56597728	2	F	1	2	X	X
340495315	56597728	34	F	1	1	X	X
340495316	56597728	11	M	1	2	450100219	X
340495317	56597728	35	M	1	0	X	517668594
340495339	56598852	2	F	1	2	X	X
340495340	56598852	34	F	1	1	X	X
340495343	56598852	0	M	1	2	X	X
340825644	56550769	57	F	1	1	X	X
340825674	56597467	57	F	1	1	X	X
340825675	56597467	61	M	1	0	X	517668525
340955371	56599755	59	M	1	0	X	514669094
340955372	56599755	58	F	1	1	X	517668792
341077589	56597878	59	F	1	1	X	X
341133767	56598206	32	M	1	5	X	517788505
341265701	56598616	26	M	1	0	X	517788344
341265702	56598616	24	M	1	9	X	517788351
341315358	56598912	26	F	1	0	X	517665990
341315359	56598912	3	F	1	2	X	X
341315388	56597829	26	F	1	0	X	515183313
341315389	56597829	3	F	1	2	X	X
341657268	56599991	66	F	1	1	X	X
341876018	56550748	94	M	1	0	X	X
342082780	56599772	24	F	1	0	X	517668792
342356817	56599982	5	M	1	2	450100218	X
342356819	56599982	3	M	1	2	X	X
342356820	56599982	9	F	1	2	450100218	X
342492134	56599552	20	M	1	0	X	517668752
343235369	56599196	32	M	1	0	X	517668792
343235371	56599196	0	M	1	2	X	X
343558539	56597561	87	M	1	0	X	X
343720375	56597671	59	M	1	1	X	515191434
343720376	56597671	54	F	1	0	X	517788475
343720377	56597671	16	M	1	5	450100219	X
343828828	56599946	51	M	1	0	X	517668999
343828923	56599786	50	F	1	1	X	517668577
343828933	56599696	50	F	1	1	X	517668859
344091027	56598065	4	F	1	2	450099883	X
344091028	56598065	11	F	1	2	450100219	X
344091031	56598065	30	F	1	1	X	X
344238595	56597715	63	M	1	0	X	X
344238603	56599429	63	M	1	0	X	X
344238614	56598439	61	F	1	1	X	517668104
344281956	56599366	65	M	1	0	X	X
344281981	56598735	69	F	1	1	X	X
344547943	56597795	8	F	1	2	450100218	X
344547944	56597795	38	M	1	0	X	517666968
344547947	56597795	6	F	1	2	450100218	X
344549582	56599978	41	M	1	0	X	514668781
344549583	56599978	40	F	1	1	X	517668859
344549584	56599978	9	M	1	2	450100218	X
344549586	56599978	13	F	1	2	450100219	X
344787428	56597961	52	F	1	1	X	517669006
344787437	56597724	51	M	1	0	X	517667975
344898293	56599168	45	M	1	0	X	517668874
344898294	56599168	11	M	1	2	450100219	X
344898296	56599168	14	M	1	2	450089403	X
345212357	56598946	69	M	1	1	X	517667730
345212359	56599135	69	M	1	1	X	517668792
345299695	56597933	78	F	1	0	X	X
345413145	56597982	49	M	1	1	X	517666962
345413146	56597982	46	F	1	0	X	517788455
345413147	56597982	18	F	1	2	X	517667199
345413148	56597982	16	M	1	2	450100219	517667695
345413178	56597882	46	F	1	0	X	517788368
345413180	56597882	16	M	1	2	450100219	517788522
345640360	56598654	49	F	3	1	X	515184295
345640361	56598654	55	M	1	0	X	517788475
345984656	56598310	62	M	1	0	X	517788701
345984677	56598612	62	M	1	0	X	517788470
346040927	56599350	48	F	1	0	X	514668738
346040928	56599350	12	M	1	2	450100219	X
346040929	56599350	50	M	1	1	X	517668792
346198997	56599434	52	F	1	2	X	517668792
346199071	56598918	82	M	1	1	X	X
346199073	56598918	52	F	1	2	X	517668792
346200761	56598867	31	F	1	0	X	517666627
346273119	56598782	47	M	8	0	X	517666693
346457551	56598431	52	M	1	1	X	517667698
346457553	56598431	12	F	1	2	450100218	X
346457554	56598431	17	F	1	2	450100219	X
346457555	56598431	46	F	1	0	X	517666962
346457587	56550863	10	M	1	5	450100218	X
346457588	56550863	12	F	1	2	450100219	X
346457589	56550863	17	F	1	2	450089403	X
346650181	56597888	35	M	1	0	X	X
346664163	56598796	49	M	1	0	X	517788470
346899069	56598067	56	M	1	0	X	517788522
346899072	56599548	54	F	1	1	X	X
346899082	56597554	54	F	1	1	X	X
346899090	56598610	54	F	1	1	X	X
346936136	56598280	17	M	1	2	450100219	X
346936137	56598280	12	F	1	2	450100219	X
346936138	56598280	43	F	1	1	X	515184295
346936144	56598747	17	M	1	2	450100219	X
346936145	56598747	12	F	1	2	450100219	X
346936146	56598747	43	F	1	1	X	517788458
346936147	56598747	47	M	1	0	X	517788525
346936158	56597493	43	F	1	1	X	517668104
346936159	56597493	47	M	1	0	X	517668806
347255926	56599608	7	M	1	2	450100218	X
347290177	56598751	53	M	1	0	X	515183313
347450478	56599039	10	F	1	5	450100218	X
347534063	56599038	14	F	1	2	450100219	X
347534065	56599038	48	M	1	1	X	514691100
347534066	56599038	44	F	1	0	X	X
347534072	56599936	12	M	1	2	450100219	X
347668727	56550722	35	M	1	0	X	517788452
347668774	56597972	35	M	1	0	X	517668792
347848401	56598254	50	M	1	0	X	517669038
347848482	56598079	1	F	1	5	X	X
347850413	56598290	82	M	1	0	X	X
347850415	56598057	82	M	1	0	X	X
347850416	56598057	75	F	1	1	X	X
347850445	56597942	82	M	1	0	X	X
347850446	56597942	75	F	1	1	X	X
348280134	56550735	62	F	1	1	X	517666203
348280135	56550735	62	M	1	0	X	517668404
348280145	56597867	62	M	1	0	X	517668616
348348509	56600032	42	M	1	0	X	517788439
348348510	56600032	3	M	1	2	X	X
348348533	56597688	42	M	1	0	X	517668706
348348534	56597688	3	M	1	2	X	X
348382034	56598578	56	M	1	0	X	X
348382036	56550930	56	M	1	0	X	X
348382037	56550930	61	F	1	1	X	X
348531104	56599630	26	F	1	0	X	517788419
348649833	56597958	8	M	1	2	450066968	X
348649835	56597958	40	M	1	0	X	517668859
348733460	56599900	17	M	1	2	450089403	X
348733461	56599900	57	F	1	0	X	X
348981995	56597755	53	M	1	1	X	517666967
349166737	56598312	52	M	1	0	X	517668652
349166738	56598312	44	F	1	1	X	517666840
349177231	56598120	44	M	1	1	X	517668604
349241899	56597611	75	M	1	1	X	517666627
349294241	56598459	73	F	1	1	X	X
349294242	56598459	76	M	1	0	X	X
349409369	56598732	58	M	1	0	X	517668573
349409370	56598732	18	F	1	2	450100219	517667693
349663345	56598258	27	F	1	2	X	515183313
349711903	56598235	62	F	1	0	X	X
350038091	56599395	2	F	1	2	X	X
350038092	56599395	39	M	1	1	X	514669189
350038093	56599395	3	F	1	2	450066968	X
350409030	56598944	61	M	1	3	X	X
350409038	56598127	61	M	1	3	X	X
350409051	56597735	68	F	1	0	X	X
350409053	56599381	68	F	1	0	X	X
350409074	56597602	61	M	1	3	X	X
350482704	56597522	61	F	1	0	X	X
350651609	56599480	66	M	1	1	X	X
350735337	56598470	10	M	1	2	450100218	X
350735339	56598470	0	F	1	2	X	X
350735340	56598470	2	F	1	2	X	X
350735341	56598470	5	F	1	2	450066968	X
350735343	56598470	12	F	1	2	450100218	X
350735344	56598470	42	F	1	1	X	X
350735346	56598470	4	F	1	2	X	X
350983142	56599728	21	F	1	1	X	X
350983143	56599728	0	M	1	2	X	X
350983144	56599728	20	M	1	0	X	517668806
350983146	56599442	0	M	1	2	X	X
350983147	56599442	20	M	1	0	X	517668859
351606587	56598022	2	M	8	2	X	X
351606588	56598022	39	M	8	0	X	517667488
351606589	56598022	17	M	8	2	450100219	514674796
351606590	56598022	20	M	8	2	X	517788498
351606591	56598022	0	F	8	5	X	X
351607014	56598215	2	M	8	2	X	X
351607016	56598215	17	M	8	2	450100219	517666321
351607018	56598215	0	F	8	5	X	X
351759942	56597535	18	M	1	2	X	X
351759943	56597535	47	M	1	0	X	517788724
351759945	56598052	18	M	1	2	X	X
351903671	56597701	47	F	1	1	X	517666808
352142666	56597791	64	F	1	1	X	X
352142667	56597791	63	M	1	0	X	517668239
352223527	56598237	13	M	1	2	450100219	X
352390046	56599599	69	M	1	0	X	X
352505759	56550957	74	M	1	0	X	X
352774477	56597675	41	M	1	10	X	517666962
352774498	56598043	41	M	1	10	X	517668118
352774499	56598043	18	M	1	2	X	517667340
352774500	56598043	44	F	1	0	X	X
353161316	56550891	30	F	1	0	X	517661587
353161319	56550891	5	M	1	2	450100218	X
353161320	56550891	14	M	1	2	450100219	X
353161351	56599305	30	F	1	0	X	517668747
353221155	56597638	37	M	1	1	X	517788475
353347280	56598696	53	M	1	0	X	517666627
353495270	56597772	56	M	1	0	X	X
353637398	56599750	33	M	1	0	X	517667897
353658289	56599144	71	F	1	1	X	X
353658311	56599162	71	F	1	1	X	X
353658313	56599420	71	F	1	1	X	X
353658314	56599420	74	M	1	0	X	X
353658325	56599222	71	F	1	1	X	X
353658326	56599222	74	M	1	0	X	X
353658333	56599031	71	F	1	1	X	X
353658351	56599397	71	F	1	1	X	X
353658375	56599406	71	F	1	1	X	X
353658376	56599406	74	M	1	0	X	X
353978263	56599810	41	M	1	0	X	517668757
354040313	56599023	66	M	1	0	X	514670519
354040369	56550912	66	M	1	0	X	517788475
354429675	56597854	78	F	1	1	X	X
354429710	56599865	80	M	1	0	X	517788437
354429711	56599865	78	F	1	1	X	X
354722673	56597810	79	F	1	1	X	X
354859960	56599282	69	M	1	0	X	X
354934748	56550713	56	M	1	0	X	517788455
354934749	56550713	21	M	1	2	X	517666962
354934750	56550713	59	F	1	1	X	517666962
354934769	56598665	56	M	1	0	X	517788456
355373565	56598049	59	F	1	0	X	X
355373566	56598049	59	M	1	1	X	517788475
355392156	56597773	82	M	1	0	X	X
355392157	56597773	79	F	1	1	X	X
355392165	56599980	79	F	1	1	X	X
355640495	56598744	6	M	1	2	450066968	X
355640497	56598744	2	M	1	2	X	X
355640626	56598430	5	M	1	2	X	X
355640629	56598430	0	F	1	2	X	X
355640631	56598430	24	F	1	0	X	X
355640632	56598430	3	M	1	2	X	X
355640668	56598564	5	M	1	2	X	X
355640669	56598564	30	M	1	1	X	515185549
355640672	56598564	2	M	1	2	X	X
355640673	56598564	24	F	1	0	X	X
355934909	56598443	7	M	1	2	450100218	X
355934911	56598443	29	F	1	1	X	X
355934918	56598766	4	F	1	2	450066968	X
355934919	56598766	3	M	1	2	X	X
355934920	56598766	29	M	1	0	X	517668584
355934921	56598766	7	M	1	2	450100218	X
356367201	56598541	31	M	1	0	X	517666627
356367202	56598541	9	M	1	2	450100218	X
356367203	56598541	5	M	1	2	450100218	X
356650981	56597694	30	F	1	2	X	514674597
356741436	56598924	57	M	1	1	X	517668792
356741439	56599635	68	F	1	0	X	517668859
356742461	56598871	58	M	1	0	X	517668247
356742473	56598521	58	M	1	0	X	517668586
357150690	56597952	14	F	1	2	450100219	X
358223152	56597558	5	M	1	2	X	X
358223155	56597558	12	M	1	2	X	X
358419316	56599481	28	M	1	1	X	517668874
359107828	56598420	57	F	1	1	X	X
359208506	56599711	71	F	1	1	X	X
359208525	56599642	74	M	1	0	X	X
359208526	56599642	71	F	1	1	X	X
359255767	56599691	57	M	1	1	X	517668792
359260282	56597463	75	M	1	0	X	X
359544311	56599220	36	M	1	1	X	517668801
359596274	56598145	74	M	1	0	X	517788475
359596275	56598145	52	F	1	1	X	517668815
359666856	56599133	25	M	1	0	X	517668304
359666865	56597474	25	M	1	0	X	517666146
359675318	56597692	70	M	1	0	X	517668705
359702849	56599864	26	F	1	1	X	X
359702850	56599864	28	M	1	0	X	517668859
359702851	56599864	3	M	1	2	X	X
359709688	56550884	52	M	1	10	X	517668236
359921439	56597584	44	F	1	0	X	517666840
360025405	56597872	37	M	1	1	X	X
360025406	56597872	41	F	1	0	X	515183347
360025407	56597872	29	F	1	12	X	515186308
360025408	56597872	28	F	1	7	X	517666627
360190625	56597796	16	M	1	2	450100219	X
360324209	56550881	54	F	1	0	X	517788525
360340563	56598266	55	F	1	1	X	517788475
360340564	56598266	59	M	1	0	X	517666917
360486251	56597931	39	F	1	1	X	X
360486255	56597931	6	F	1	2	450066968	X
360486258	56597931	41	M	1	0	X	517788475
360539159	56597960	67	F	1	1	X	X
360539219	56599363	67	F	1	1	X	X
360539233	56597814	67	F	1	1	X	X
360539234	56597814	69	M	1	0	X	X
360539301	56598623	67	F	1	1	X	X
360539356	56597501	69	M	1	0	X	X
360560219	56598277	69	M	1	0	X	X
360705763	56597852	64	M	1	0	X	X
360705785	56598988	64	M	1	0	X	X
360823988	56599314	55	M	1	0	X	517668742
360823990	56597909	55	M	1	0	X	517668859
361187325	56598640	71	F	1	1	X	X
361187326	56598640	71	M	1	0	X	X
361334241	56598256	28	M	1	1	X	517667691
361490483	56599564	21	M	1	0	X	517668859
361659457	56599670	61	M	1	1	X	517668859
362059817	56599360	64	F	1	1	X	X
362059819	56599025	64	F	1	1	X	X
362643126	56599143	6	F	1	2	450100218	X
362643201	56597632	39	M	1	0	X	517668718
362643205	56597632	7	F	1	2	450100218	X
362643206	56597632	9	M	1	2	450100218	X
362643285	56599512	39	M	1	0	X	514668129
362643286	56599512	30	F	1	1	X	X
362643287	56599512	0	M	1	2	X	X
362643288	56599512	6	F	1	2	450100218	X
362643290	56599512	9	M	1	2	450100218	X
362881495	56599960	43	M	1	0	X	517668792
362881496	56599960	12	F	1	2	450100219	X
362904009	56597601	57	M	1	1	X	517668104
362949416	56597883	63	M	1	0	X	517668104
362949417	56597883	64	F	1	1	X	X
363237351	56597892	8	M	1	2	450100219	X
363237354	56597892	34	M	1	10	X	517788436
363237361	56598878	34	M	1	10	X	517668632
363237362	56598878	4	M	1	12	X	X
363237428	56598679	8	M	1	2	450100218	X
363237432	56598679	4	M	1	12	X	X
363237433	56598679	5	M	1	2	450100218	X
363449867	56598855	30	M	1	0	X	517668653
364033917	56598378	36	M	1	0	X	517788479
364033918	56598378	46	F	1	1	X	517666962
364241430	56597726	62	M	1	1	X	X
364241431	56597726	72	F	1	0	X	X
364563085	56598138	17	M	1	2	X	X
364669401	56598178	52	M	1	1	X	517668464
364735424	56597458	57	M	1	1	X	517668665
364797724	56599543	1	M	1	5	X	X
365406171	56598078	14	M	1	2	450100219	X
365406172	56598078	46	M	1	1	X	517788464
365406174	56598078	15	M	3	2	450100219	X
365406175	56550980	14	M	1	2	450089403	X
365406178	56550980	15	M	3	2	450100219	X
365562043	56599183	41	M	1	0	X	514669562
365564046	56599667	24	M	1	0	X	517668855
365579439	56599859	53	M	1	9	X	X
365579451	56598826	53	M	1	9	X	X
365579452	56598826	47	F	1	0	X	515183313
365579467	56599907	53	M	1	9	X	X
365668950	56598848	48	F	1	1	X	X
365668956	56598799	16	F	1	2	450063600	517668640
365668957	56598799	48	F	1	1	X	X
365668958	56598799	52	M	1	0	X	517668146
365668959	56598799	5	M	1	2	450100218	X
365668960	56598799	9	F	1	2	X	X
365668962	56598799	13	F	1	2	450067304	X
365669006	56598966	48	F	1	1	X	X
365669007	56598966	52	M	1	0	X	517669024
365669008	56598966	5	M	1	2	450100218	X
365669009	56598966	9	F	1	2	X	X
365669010	56598966	11	F	1	2	450100219	X
365669033	56598107	16	F	1	2	450063600	517788475
365669034	56598107	48	F	1	1	X	X
365669036	56598107	5	M	1	2	450100218	X
365669037	56598107	9	F	1	2	X	X
365669089	56598345	16	F	1	2	450063600	517788475
365669091	56598345	52	M	1	0	X	517668665
365669095	56598345	13	F	1	2	450067304	X
365742174	56597658	55	F	1	1	X	517788487
365742178	56550699	55	F	1	1	X	515187407
365742179	56550699	56	M	1	0	X	517668586
365798131	56599446	6	M	1	2	450100218	X
365798133	56599446	28	F	1	1	X	X
365798134	56599446	30	M	1	0	X	517788441
366088360	56598506	21	F	1	0	X	517668175
366191382	56597763	23	M	1	2	X	517667186
366191414	56597595	63	F	1	1	X	X
366191415	56597595	23	M	1	2	X	517668104
366285699	56598071	67	M	1	0	X	517667135
366412396	56598606	21	F	1	2	X	X
366412409	56599891	50	F	1	0	X	517666808
366750421	56550866	70	F	1	0	X	X
366813181	56597538	84	F	1	0	X	X
367059816	56550753	63	F	1	0	X	X
367059817	56550753	66	M	1	1	X	X
367098238	56598124	59	M	1	1	X	517788452
367307192	56597524	55	M	1	0	X	517668464
367307193	56597524	48	F	1	1	X	X
367307239	56599062	48	F	1	1	X	X
367674245	56598340	56	M	1	0	X	X
367833313	56598185	52	M	1	0	X	517668104
368001091	56550955	86	M	1	0	X	X
368001111	56597520	86	M	1	0	X	X
368001112	56597520	83	F	1	1	X	X
368622110	56599513	68	F	1	1	X	X
368869752	56598743	22	M	1	2	X	517666962
368869755	56598743	12	M	1	2	450100218	X
368955776	56599325	45	F	1	10	X	517788533
368955880	56599328	45	F	1	10	X	517668777
368955927	56598351	41	M	1	0	X	517666090
369451330	56597968	5	M	1	2	450099883	X
369451337	56599800	43	M	1	0	X	517668815
369451338	56599800	11	F	1	2	450100219	X
369451339	56599800	41	F	1	1	X	517668803
369451341	56599800	9	M	1	2	450100218	X
369487302	56598570	64	M	1	1	X	517788475
369678864	56598999	70	F	1	1	X	X
369678868	56599364	70	F	1	1	X	X
369770029	56550805	26	F	1	0	X	517788475
370289958	56599026	26	M	1	10	X	517669024
370333470	56599499	52	M	1	3	X	X
370333508	56599340	52	M	1	3	X	X
370631731	56598190	47	F	1	0	X	517667180
370717294	56599327	69	F	1	0	X	517666808
370735480	56598372	29	F	1	0	X	517667812
370735481	56598372	0	F	1	2	X	X
370881788	56598671	59	F	1	0	X	517668713
371072957	56598166	64	F	1	0	X	517667488
371072958	56598405	64	F	1	0	X	517788461
371193640	56598203	58	F	1	0	X	517668663
371462808	56550794	61	F	1	1	X	517788453
371462844	56550948	61	F	1	1	X	517668657
371462845	56550948	61	M	1	0	X	517668220
371611629	56598486	5	F	1	2	450100218	X
371828241	56599838	12	M	1	2	450100219	X
371828242	56599838	31	F	1	0	X	X
371828243	56599838	9	M	1	2	450100218	X
371828308	56599601	31	F	1	0	X	X
371828317	56599279	31	F	1	0	X	X
371828318	56599279	9	M	1	2	450100218	X
371828358	56599628	12	M	1	2	450100219	X
371828367	56598791	12	M	1	2	450100218	X
371828368	56598791	31	F	1	0	X	X
371828369	56598791	9	M	1	2	450100218	X
372073672	56597847	55	M	1	0	X	517668588
372073689	56597994	55	M	1	0	X	517668859
372410322	56598693	70	F	1	1	X	517667698
372410323	56598693	71	M	1	0	X	517668464
372410348	56598367	70	F	1	1	X	517666962
372410366	56597620	70	F	1	1	X	517666643
372569189	56600038	15	M	1	2	450089403	X
372569220	56550843	51	M	1	0	X	517667135
372569221	56550843	15	M	1	2	450089403	X
372569259	56600018	15	M	1	2	450089403	X
372569263	56598077	15	M	1	2	450100219	X
372569278	56598874	51	M	1	0	X	517666168
372569279	56598874	15	M	1	2	450100219	X
372569308	56599749	51	M	1	0	X	517668792
372866173	56550907	18	M	1	2	450089403	X
372866174	56550907	36	M	1	0	X	517666685
372919708	56597997	51	M	1	0	X	517666914
373079329	56598136	43	F	1	0	X	517666962
373079330	56598136	26	M	1	10	X	517666087
373081772	56597514	56	F	1	0	X	517668104
373081877	56597868	61	M	1	10	X	517667394
373220377	56599132	72	F	1	0	X	X
373269005	56599014	40	F	1	0	X	517669020
373654600	56599296	68	M	1	0	X	517668859
373847074	56550991	83	M	1	0	X	X
373847075	56550991	82	F	1	1	X	X
373847076	56598125	83	M	1	0	X	X
373847077	56598125	82	F	1	1	X	X
373884505	56599418	53	F	1	0	X	517668781
373884560	56597802	59	M	1	10	X	X
373884561	56597802	53	F	1	0	X	517666808
374206618	56598859	72	F	1	0	X	X
374596801	56597544	31	F	1	2	X	X
374596802	56597544	56	F	1	0	X	517666249
374596820	56598481	10	M	1	5	450100218	X
374596823	56598481	3	M	1	5	X	X
374689458	56550935	31	F	1	0	X	517788453
374689459	56550935	3	M	1	2	X	X
374691231	56597860	60	F	1	0	X	517667698
374691232	56597860	59	M	1	1	X	517667596
375141632	56598949	69	F	1	0	X	X
375141651	56597597	50	M	1	2	X	X
375141659	56599517	50	M	1	2	X	X
375708914	56598072	58	M	1	0	X	X
375708923	56599678	58	M	1	0	X	X
375807414	56599036	1	M	1	7	X	X
376081461	56597911	42	F	1	1	X	X
376597672	56598568	55	F	1	10	X	517667668
376654497	56599497	55	F	1	1	X	517668859
376654498	56599497	54	M	1	0	X	517668781
377345584	56598603	21	F	1	10	X	517788511
377607358	56597893	24	F	1	1	X	517667753
377607359	56597893	1	M	1	2	X	X
377607360	56597893	24	M	1	0	X	515183313
377698337	56598745	38	M	1	0	X	517788520
377698338	56598745	36	F	1	1	X	517668066
377698339	56598745	15	M	1	2	450100219	X
377698340	56598745	12	M	1	2	450100219	X
377698365	56598633	38	M	1	0	X	517788530
377698367	56598633	15	M	1	2	450100219	X
377698369	56598633	9	M	1	2	450100218	X
377718069	56550734	71	M	1	0	X	X
377755721	56597639	50	F	1	0	X	517668859
377755723	56599094	50	F	1	0	X	517788688
377809988	56599972	66	M	1	0	X	X
377809989	56599972	42	F	6	1	X	517668996
377810016	56599181	66	M	1	0	X	X
377810017	56599181	42	F	6	1	X	517668792
377941170	56599492	42	F	1	0	X	517668859
377941171	56599492	17	F	1	2	450089403	X
377941172	56599492	15	F	1	2	450089403	X
377941301	56598989	12	F	1	2	450100219	X
377941302	56598989	42	F	1	0	X	517788355
377941303	56598989	17	F	1	2	450089403	X
377941333	56598580	12	F	1	2	450100218	X
377941334	56598580	42	F	1	0	X	517788475
377941335	56598580	17	F	1	2	450100219	X
377941336	56598580	15	F	1	2	450100219	X
377941342	56599060	42	F	1	0	X	517668843
377941344	56599060	15	F	1	2	450089403	X
377941386	56599214	42	F	1	0	X	517668859
377941388	56599214	15	F	1	2	450089403	X
377941401	56599910	12	F	1	2	450100219	X
377941402	56599910	42	F	1	0	X	517668874
377941404	56599910	15	F	1	2	450089403	X
378081517	56599081	13	M	1	2	450067304	X
378638166	56598003	60	M	8	0	X	X
378638168	56598003	47	M	8	7	X	X
378691766	56599178	6	F	1	2	450100218	X
378782322	56599646	11	M	1	2	450100219	X
378782324	56599646	9	M	1	2	450100218	X
378782325	56599646	51	F	1	1	X	517668857
379161984	56599145	13	F	9	2	450100219	X
379187408	56598205	9	M	1	2	450100218	X
379187411	56598205	12	M	1	2	450100218	X
379187417	56550904	40	M	1	0	X	517788522
379187419	56550904	12	M	1	2	450100219	X
379218081	56600037	52	F	1	1	X	X
379226525	56598996	64	F	1	1	X	X
379226526	56598996	64	M	1	0	X	517668859
379316543	56599249	69	F	1	0	X	517668815
379316548	56599536	68	M	1	1	X	X
379316585	56597839	69	F	1	0	X	517668724
380011260	56597560	48	F	1	0	X	517788525
380011268	56598331	48	F	1	0	X	515184295
380089730	56550978	15	M	1	2	450089403	X
380089731	56550978	48	F	1	0	X	517666962
380189678	56599407	45	F	1	0	X	517668843
380346824	56599367	62	F	1	0	X	517668859
380346825	56599367	77	M	1	1	X	X
380364360	56598727	16	M	1	3	450100219	X
380364361	56598727	18	M	1	3	450100219	X
380364362	56598727	14	F	1	2	450100219	X
380364363	56598727	44	F	1	1	X	517668724
380364364	56598727	46	M	1	0	X	517788503
380423812	56551003	69	F	1	0	X	517788530
380567005	56598917	41	F	1	0	X	517668792
380644673	56598299	5	F	1	2	450100218	X
380644698	56598328	6	F	1	2	450100218	X
380644699	56598328	35	F	1	1	X	517668640
380644700	56598328	36	M	1	0	X	517667498
380673238	56598844	7	M	1	2	450066968	X
380673240	56598844	41	M	1	0	X	517788475
381588079	56599952	23	F	1	2	X	517668792
381588080	56599952	53	F	1	0	X	X
381742348	56598536	81	M	1	1	X	X
381760293	56550885	2	F	1	2	X	X
381760295	56550885	4	F	1	2	X	X
381760335	56598414	4	F	1	2	X	X
381760336	56598414	30	F	1	0	X	X
381859343	56598080	47	F	1	1	X	517667447
381859346	56598080	50	M	1	0	X	X
381883464	56597990	63	F	1	0	X	517666627
381985429	56599289	54	M	1	1	X	517668792
381985444	56598822	51	F	1	0	X	517788697
381985449	56597508	54	M	1	1	X	517788498
381990389	56599775	30	F	1	1	X	X
381990390	56599775	11	F	1	2	450100219	X
383074806	56599179	61	M	1	0	X	517788437
383497733	56598122	69	F	1	0	X	515184295
383542980	56599114	73	F	1	0	X	X
383542981	56599114	73	M	1	1	X	X
383555744	56598748	54	M	1	1	X	517666995
383555745	56598748	50	F	1	0	X	517788353
383555791	56597740	50	F	1	0	X	517668604
383590892	56598007	39	M	1	0	X	517668104
383590894	56598007	9	M	1	2	450100218	X
383590948	56598212	39	M	1	0	X	517669038
383590949	56598212	40	F	1	1	X	517668632
383590950	56598212	9	M	1	2	450100218	X
383591081	56550775	40	F	1	1	X	515191389
383591082	56550775	9	M	1	2	450100218	X
383591083	56550775	6	M	1	2	450100218	X
384462092	56597778	15	M	1	2	450100219	X
384462094	56597778	13	M	1	2	450100218	X
384462095	56597778	9	M	1	2	450100218	X
384629880	56599421	60	F	1	1	X	517788442
384672804	56599832	50	F	1	1	X	517668792
384672805	56599832	9	M	1	2	450100218	X
384672854	56550830	55	M	1	0	X	517668012
384672855	56550830	50	F	1	1	X	517667394
384863665	56599493	0	M	1	2	X	X
384863692	56599820	25	M	1	0	X	517668794
384863693	56599820	0	M	1	2	X	X
384863694	56599820	3	F	1	2	X	X
384863695	56599820	25	F	1	1	X	X
384863702	56598916	3	F	1	2	X	X
384863703	56598916	25	F	1	1	X	X
384863704	56599189	25	M	1	0	X	517668792
384863705	56599189	0	M	1	2	X	X
384863706	56599189	3	F	1	2	X	X
384863707	56599189	25	F	1	1	X	X
384863709	56598895	0	M	1	2	X	X
384863710	56598895	3	F	1	2	X	X
384863711	56598895	25	F	1	1	X	X
384863732	56599102	25	M	1	0	X	517668883
384863733	56599102	0	M	1	2	X	X
384991467	56599268	43	M	1	1	X	517668775
385953493	56599413	48	M	1	0	X	517788354
385953494	56599413	14	F	1	2	450100219	X
385953495	56599413	15	M	1	2	450089403	X
386085318	56597738	43	M	1	0	X	517667897
386245638	56599811	37	M	1	0	X	517668857
386245639	56599811	0	M	1	2	X	X
386245658	56599112	37	M	1	0	X	517668752
386245659	56599112	0	M	1	2	X	X
386245660	56599112	12	M	1	2	450100219	X
386443963	56598370	61	F	1	1	X	517666405
386447054	56597921	34	M	1	0	X	517788479
386499962	56598041	32	M	1	1	X	517667963
386499964	56598041	4	M	1	2	450099883	X
386499971	56550708	30	F	1	0	X	517788484
386500007	56599862	30	F	1	0	X	517788437
386500008	56599862	4	M	1	2	450099883	X
387088288	56599716	22	F	1	0	X	X
387088306	56598854	22	F	1	0	X	X
387088307	56598854	0	M	1	2	X	X
387188960	56599984	42	M	1	0	X	517668889
387272787	56597848	23	M	1	0	X	517668049
387272788	56597848	22	F	1	1	X	517788500
387272789	56597848	0	M	1	2	X	X
387272790	56597848	2	F	1	2	X	X
387534908	56550727	20	M	1	10	X	X
387534909	56550727	50	F	1	0	X	517668782
387534919	56599815	50	F	1	0	X	517668326
387665334	56597914	29	F	1	0	X	517666073
387742002	56598767	26	F	1	0	X	517666590
387742004	56598475	26	F	1	0	X	517668194
388071810	56597822	63	F	1	0	X	517788475
388125145	56599730	20	F	1	10	X	X
388125146	56599730	31	M	1	0	X	X
388125195	56599738	20	F	1	10	X	X
388125196	56599738	31	M	1	0	X	X
388247310	56598497	62	M	1	0	X	517668632
388247311	56598497	58	F	1	1	X	515184295
389075175	56597488	63	F	1	0	X	X
389311614	56599432	23	M	1	0	X	517668742
389889322	56550755	47	F	8	1	X	517788475
390231491	56599970	49	M	1	0	X	517668859
390436089	56550803	70	M	1	1	X	X
390436104	56597481	68	F	1	0	X	X
391365090	56550746	69	F	1	0	X	517788475
391605045	56597504	63	M	1	0	X	X
391730297	56598644	46	M	1	1	X	517666914
391730299	56598644	16	M	1	2	450100219	517667312
391730300	56598644	10	M	1	2	450100218	X
391861363	56598232	49	M	1	0	X	517669038
391930751	56599479	56	F	1	0	X	517668786
391930752	56599479	56	M	1	1	X	517668792
392273545	56599370	72	F	1	1	X	517668792
392273546	56599370	73	M	1	0	X	X
393284931	56598126	16	F	1	2	450100219	517788475
393284933	56598126	52	M	1	0	X	517667689
393284934	56598126	15	M	1	2	450100219	X
393630908	56599096	61	F	1	1	X	X
393630909	56599096	62	M	1	0	X	X
393736053	56550963	80	M	1	0	X	X
393757536	56597809	53	M	1	1	X	517667655
393757537	56597809	50	F	1	0	X	517667897
393757555	56597457	50	F	1	0	X	517788525
393757596	56598134	53	M	1	1	X	517666128
393757597	56598134	50	F	1	0	X	517668149
393770800	56598467	24	M	1	0	X	X
393770802	56598467	24	F	1	10	X	X
394501234	56599206	56	F	1	0	X	517788417
394523835	56550968	75	M	1	0	X	X
394534120	56598366	58	F	1	1	X	517668467
394534121	56598366	60	M	1	0	X	X
394822096	56599534	71	M	1	0	X	X
395258287	56550738	78	F	1	0	X	X
395258297	56597646	78	F	1	0	X	X
395274452	56600009	21	F	1	0	X	517668859
395451783	56551011	87	F	1	0	X	X
396371940	56599674	67	M	1	0	X	517668878
396371941	56599674	63	F	1	1	X	X
396801902	56598469	31	F	1	1	X	517668634
396868416	56598146	75	M	1	0	X	517504068
396868417	56598146	76	F	1	1	X	X
397378829	56598214	30	M	1	2	X	517668497
397454765	56598869	26	F	8	0	X	X
397454766	56598869	27	M	8	1	X	517668673
397454767	56598869	7	F	8	2	450100218	X
397454768	56598869	1	M	8	2	X	X
397662760	56597629	10	M	1	2	450100218	X
397662761	56597629	19	M	1	2	X	517668707
397662762	56597629	37	M	1	0	X	X
397662790	56550691	10	M	1	2	450100218	X
397662791	56550691	19	M	1	2	X	517668564
397662795	56550691	13	M	1	2	450100219	X
397683892	56550757	34	F	1	0	X	517668716
397906755	56550829	70	M	1	10	X	X
398027407	56599444	24	F	1	1	X	517668837
398027419	56598714	24	F	1	1	X	517661591
398461210	56598464	10	F	1	2	450100218	X
398461213	56598464	6	M	1	2	450100218	X
398461254	56599103	10	F	1	2	450100219	X
398461256	56599103	31	M	1	1	X	517788510
398461294	56599029	10	F	1	2	450100219	X
398461296	56599029	31	M	1	1	X	517668859
398461315	56550814	31	F	1	0	X	517666627
398461317	56550814	6	M	1	2	450100218	X
398461330	56599692	10	F	1	2	450100219	X
398461331	56599692	31	F	1	0	X	517668801
398461332	56599692	31	M	1	1	X	517668800
398461333	56599692	6	M	1	2	450100218	X
398461342	56599374	10	F	1	2	450100219	X
398461343	56599374	31	F	1	0	X	517668859
398500958	56598810	47	M	1	0	X	517788502
398500959	56598512	47	M	1	0	X	515186267
398570130	56598499	15	M	1	2	450100219	X
398649513	56597976	46	M	1	1	X	517667858
398649542	56597876	44	F	1	0	X	515183403
398927654	56597589	75	F	1	0	X	X
398947438	56598151	61	F	1	0	X	X
398947440	56598538	61	F	1	0	X	X
399014033	56599109	74	F	1	0	X	517668859
399135337	56598978	5	M	1	2	450099883	X
399135341	56550756	31	M	1	0	X	517788475
399135343	56550756	5	M	1	2	450099883	X
399271628	56598851	29	F	8	0	X	517666808
399271629	56598851	10	M	8	2	450100218	X
399271632	56598851	25	M	1	10	X	517668716
399795121	56599270	18	M	1	2	X	X
399795162	56599875	58	F	1	0	X	517668859
400307164	56598797	18	M	1	2	X	517788697
400307182	56599717	18	M	1	2	X	517669023
400307183	56599717	51	F	1	1	X	517668851
400685379	56597964	1	M	1	2	X	X
400685380	56597964	13	M	1	2	450100219	X
400699668	56597697	63	F	1	0	X	X
400733551	56550823	67	M	1	0	X	X
400733552	56598008	59	F	1	1	X	X
401123100	56598239	68	M	1	0	X	X
401123106	56597622	68	M	1	0	X	X
401123107	56597622	62	F	1	1	X	517667534
401123118	56598903	68	M	1	0	X	X
401200679	56598141	82	F	1	0	X	X
401219829	56598323	87	M	1	0	X	X
401417615	56598073	63	M	1	1	X	X
401417616	56598073	58	F	1	0	X	X
401417638	56598597	58	F	1	0	X	X
401697088	56550882	62	F	1	1	X	X
401985338	56598579	53	F	1	10	X	X
402077878	56599443	28	F	1	0	X	517668855
402811905	56599529	65	F	1	1	X	517668792
402940560	56598930	10	M	1	2	450100218	X
402940561	56598930	12	F	1	2	450100219	X
402940562	56598930	40	M	1	0	X	517788441
402940569	56598474	12	F	1	2	450100218	X
403009083	56597511	26	M	1	0	X	517667488
403512894	56599467	68	F	1	0	X	517669024
403512895	56599464	68	F	1	0	X	517668851
403641082	56598977	18	F	1	2	X	517668859
403641083	56598977	44	F	1	1	X	517668859
403641084	56598977	50	M	1	0	X	X
403641088	56597482	50	M	1	0	X	X
403641090	56597468	18	F	1	2	X	517667694
403698772	56599538	80	F	1	0	X	X
404206642	56598201	56	F	1	0	X	517668605
404206677	56597734	50	M	1	1	X	X
404206686	56550933	56	F	1	0	X	517788495
404422853	56598605	56	M	1	0	X	517668241
404603616	56598638	51	F	1	1	X	517667730
404603617	56598638	47	M	1	0	X	517669006
405058782	56599124	54	M	1	0	X	517668864
405096304	56598164	56	M	1	0	X	517665995
405096305	56598164	57	F	1	1	X	517788475
405680506	56599389	38	F	1	0	X	517668859
405680507	56599389	37	M	1	1	X	517668801
405680508	56599389	14	M	1	2	450089403	X
405706719	56550906	30	M	1	1	X	517788342
405706729	56599602	32	F	1	0	X	517668836
405706730	56599602	6	M	1	2	450100218	X
405706731	56599602	30	M	1	1	X	517788355
405784813	56599177	73	M	1	0	X	X
405784832	56599754	73	M	1	0	X	X
405937418	56551005	28	F	1	0	X	517502708
406288013	56597761	14	M	1	2	450100219	X
406288014	56597761	3	F	1	2	X	X
406288016	56597761	11	F	1	2	450100219	X
406288017	56597761	13	M	1	2	450100219	X
406288018	56597761	8	M	1	2	450100218	X
406288020	56597761	7	F	1	2	450100218	X
406288025	56598301	13	M	1	2	450100219	X
406288026	56598301	8	M	1	2	450100218	X
406288027	56598301	36	M	1	1	X	517788475
406288028	56598301	7	F	1	2	450100218	X
406288189	56598870	14	M	1	2	450100219	X
406288191	56598870	35	F	1	0	X	517788475
406288194	56598870	8	M	1	2	450100218	X
406288195	56598870	36	M	1	1	X	517666627
406288255	56598721	35	F	1	0	X	517668709
406288256	56598721	11	F	1	2	450100219	X
406288257	56598721	13	M	1	2	450100219	X
406288258	56598721	8	M	1	2	450100218	X
406288259	56598721	36	M	1	1	X	515185549
406288269	56598776	14	M	1	2	450100219	X
406288270	56598776	3	F	1	2	X	X
406288271	56598776	35	F	1	0	X	517788456
406288272	56598776	11	F	1	2	450100219	X
406288273	56598776	13	M	1	2	450100219	X
406288274	56598776	8	M	1	2	450100218	X
406288276	56598776	7	F	1	2	450100218	X
406288298	56598561	8	M	1	2	450100218	X
406288299	56598561	36	M	1	1	X	517668979
406288300	56598561	7	F	1	2	450100218	X
406419723	56597943	70	M	1	1	X	X
406474513	56597862	57	M	1	0	X	517666207
406474514	56597862	46	F	1	1	X	X
406474557	56597832	57	M	1	0	X	517788704
406474558	56597832	46	F	1	1	X	X
406474560	56597668	46	F	1	1	X	X
406669932	56597471	17	F	1	5	450089403	X
406669933	56597471	69	M	1	0	X	517668603
406669942	56550799	17	F	1	5	450089403	X
406707608	56599959	70	M	1	1	X	517668859
406707609	56599959	67	F	1	0	X	514669440
406796072	56598600	67	F	1	0	X	X
406796078	56598231	67	F	1	0	X	X
407255146	56598908	59	M	1	0	X	X
407255147	56598908	56	F	1	1	X	515183313
407256905	56598424	83	F	1	1	X	X
407256924	56599829	76	M	1	0	X	X
407468151	56598333	55	M	1	0	X	517788475
407468175	56598761	55	M	1	0	X	517788475
407494123	56599656	30	F	1	10	X	517668817
407494125	56599656	0	M	1	2	X	X
407494255	56550774	30	F	1	10	X	517668597
408425628	56598027	53	M	1	0	X	517668584
408675824	56598794	11	F	1	2	450100219	X
408675825	56598794	44	M	1	1	X	517788508
408675826	56598794	9	M	1	2	450100218	X
408856431	56598303	62	M	1	0	X	X
408856451	56550952	62	M	1	0	X	X
408856485	56598565	62	M	1	0	X	X
409149256	56599898	51	F	1	0	X	517668792
409669800	56598350	16	F	8	2	450100219	X
409669801	56598350	53	F	8	1	X	517668434
409741947	56597624	34	F	1	0	X	517668049
409741952	56597624	38	M	1	1	X	517668609
410587684	56598936	70	F	1	1	X	X
410587687	56599231	72	M	1	0	X	517669024
410587688	56599231	70	F	1	1	X	X
410622675	56598706	62	M	1	0	X	517788459
410622676	56598706	58	F	1	1	X	517788475
410622677	56550918	62	M	1	0	X	517788473
410622678	56550918	58	F	1	1	X	517788722
410719071	56598814	44	F	1	0	X	517668656
411066811	56598956	57	F	1	1	X	517668859
411452211	56598987	66	M	1	0	X	X
411453375	56598830	32	F	1	1	X	X
411477475	56598250	52	M	1	0	X	517668668
411706113	56597713	43	M	1	0	X	515191434
411706116	56597713	15	F	1	2	450100219	X
411896704	56597864	22	M	9	2	X	X
411896705	56597864	44	M	1	10	X	X
411896706	56597864	45	F	1	0	X	X
411961161	56598297	29	F	1	0	X	515183373
411961162	56598297	3	M	1	2	450099883	X
411961206	56599817	3	M	1	2	450099883	X
412059266	56598503	28	F	1	1	X	517668653
412059267	56598503	30	M	1	0	X	517668588
412059268	56598503	7	F	1	2	450100218	X
412059269	56598503	5	F	1	2	450100218	X
412059270	56598503	4	M	1	2	450099883	X
412059271	56598503	1	F	1	2	X	X
412165756	56597760	87	F	1	0	X	X
412183758	56597947	51	F	1	1	X	X
412258440	56599385	68	F	1	1	X	X
412258441	56599385	68	M	1	0	X	X
412364638	56598841	63	F	1	0	X	517669038
412722314	56599260	69	F	1	0	X	517666808
412722315	56599260	76	M	1	1	X	X
412871474	56598298	11	F	8	7	450100218	X
412871475	56598298	9	F	8	7	450100218	X
412871476	56598298	34	M	8	3	X	517667488
412871478	56598298	24	M	8	0	X	517668751
412928256	56550879	69	F	1	1	X	X
412936047	56599020	11	M	1	2	450100219	X
412936054	56597664	13	M	1	2	450100219	X
412940937	56597820	16	F	1	2	450089403	517666844
412940946	56551006	47	F	1	1	X	517667603
412940949	56551006	16	F	1	2	450089403	517788730
412940951	56597923	45	M	1	0	X	517667242
412940952	56597923	12	M	1	2	450100219	X
412940953	56597923	16	F	1	2	450100219	517788475
412940963	56597637	45	M	1	0	X	517667637
412940964	56597637	12	M	1	2	450100219	X
413063424	56598221	82	F	1	1	X	X
413063440	56599921	82	F	1	1	X	X
413063447	56550849	78	M	1	0	X	X
413063474	56597604	82	F	1	1	X	X
413063475	56597604	78	M	1	0	X	X
413063478	56551007	82	F	1	1	X	X
413063486	56599707	82	F	1	1	X	X
413063487	56599707	78	M	1	0	X	X
413523011	56597910	52	M	1	1	X	517788472
413523012	56597910	56	F	1	0	X	515191016
413523020	56598518	56	F	1	0	X	515184295
413523085	56599947	52	M	1	1	X	517788533
413523086	56599947	56	F	1	0	X	517668844
413523106	56598984	56	F	1	0	X	517668792
413640946	56550946	65	F	1	0	X	X
413640947	56550946	66	M	1	1	X	517788475
413640988	56599307	65	F	1	0	X	X
413641030	56599155	65	F	1	0	X	X
414157445	56598153	20	M	1	2	X	517668584
414157447	56598153	54	M	1	0	X	517503806
414157448	56598153	40	F	1	1	X	X
414157505	56598046	20	M	1	2	X	517668115
414157507	56598046	54	M	1	0	X	517666802
414157508	56598046	40	F	1	1	X	X
414157525	56550837	20	M	1	2	X	517788475
414157527	56550837	54	M	1	0	X	517668440
414828298	56599778	65	M	1	0	X	517788419
414828299	56599778	15	F	1	5	450063600	X
414828300	56599778	58	F	1	1	X	X
414835901	56597935	49	F	1	1	X	517669059
414835902	56597935	19	F	1	2	X	517668505
414835903	56597935	52	M	1	0	X	517668680
414835904	56597935	16	F	1	2	450063600	X
414845524	56598762	22	F	1	0	X	X
414845525	56598762	5	F	1	2	450100218	X
414870747	56550859	58	M	1	10	X	515183403
414870748	56550859	49	F	1	0	X	517667647
414870791	56599743	58	M	1	10	X	517668836
414870792	56599743	49	F	1	0	X	517669024
415348131	56599799	62	F	1	0	X	517788419
415625865	56597628	71	M	1	0	X	X
415625892	56599175	67	F	1	1	X	X
415625893	56599175	71	M	1	0	X	X
415878172	56597815	4	M	1	2	X	X
415878173	56597815	3	F	1	2	X	X
415878175	56597815	52	M	1	0	X	517668682
415878179	56598392	3	F	1	2	X	X
415878180	56598392	10	M	1	7	450100218	X
415878181	56598392	52	M	1	0	X	517668604
415878182	56598392	28	F	1	1	X	X
415878316	56599033	4	M	1	2	X	X
415878317	56599033	3	F	1	2	X	X
415878318	56599033	10	M	1	7	450100218	X
415878320	56599033	28	F	1	1	X	X
416055114	56597993	64	M	1	0	X	517668859
416156310	56597564	11	M	1	2	450100219	X
416156311	56597564	33	F	1	1	X	517788483
416156312	56597564	41	M	1	0	X	X
416156343	56599727	33	F	1	1	X	517668752
416277065	56598558	80	F	1	0	X	X
416436165	56597700	67	M	1	1	X	X
416436170	56597490	69	F	1	0	X	X
416436171	56597490	67	M	1	1	X	X
416436196	56599080	69	F	1	0	X	X
417076717	56598220	57	F	1	0	X	517668859
417076718	56598220	58	M	1	1	X	X
417076758	56597556	58	M	1	1	X	X
417141230	56550992	67	F	1	10	X	X
417141231	56550992	68	M	1	0	X	517668775
417141251	56599226	68	M	1	0	X	517666808
417171403	56598259	58	F	1	1	X	517666574
417171417	56599587	58	F	1	1	X	517668792
417171418	56599587	61	M	1	0	X	517668859
417670506	56597748	48	F	1	1	X	517667498
417670508	56597748	15	M	1	2	450100219	X
417670522	56599668	45	M	1	0	X	517668859
417670523	56599668	15	M	1	2	450089403	X
417670536	56599468	48	F	1	1	X	517668792
417670537	56599468	45	M	1	0	X	517668843
417670538	56599468	15	M	1	2	450089403	X
417727113	56550818	52	M	1	1	X	517668725
417727122	56550731	53	F	1	0	X	X
417727123	56550731	52	M	1	1	X	517666962
417727156	56599454	53	F	1	0	X	X
417727157	56599454	52	M	1	1	X	517668803
418086500	56599879	21	F	1	0	X	517788714
418378480	56598567	24	F	1	0	X	517668975
418774774	56598264	1	M	1	2	X	X
418774775	56598264	3	F	1	2	X	X
418774776	56598264	7	M	1	2	450100218	X
418774827	56599167	10	M	1	2	450100218	X
418774829	56599167	3	F	1	2	X	X
418774830	56599167	7	M	1	2	450100218	X
418774832	56599167	28	F	1	1	X	X
418781068	56598373	61	M	1	0	X	517668049
418781069	56598373	57	F	1	1	X	517668400
419004031	56598284	3	F	1	2	X	X
419004163	56598504	3	F	1	2	X	X
419004164	56598504	36	M	1	1	X	517667026
419004240	56599580	34	F	1	0	X	517788441
419004242	56599580	36	M	1	1	X	517668792
419098735	56599957	67	F	1	0	X	517668843
419277718	56550790	74	M	1	0	X	X
419277719	56550790	73	F	1	1	X	X
419277723	56598051	73	F	1	1	X	X
124218341	56597491	16	F	1	7	450089403	517666699
124256793	56598711	29	M	1	0	X	517666962
124535123	56599987	3	F	1	2	450099883	X
125087237	56598363	38	M	1	0	X	517788504
125087238	56598363	14	M	1	2	450100219	X
125478804	56599588	49	F	1	0	X	517788432
126101392	56597949	54	F	1	1	X	517667698
126101407	56598979	59	M	1	0	X	517668859
126412658	56598432	59	M	5	0	X	X
126588543	56598574	80	F	1	0	X	X
126670552	56598726	43	F	1	1	X	X
126670553	56598726	3	F	1	2	X	X
126670558	56598407	43	F	1	1	X	X
126670559	56598407	3	F	1	2	X	X
126670560	56598407	55	M	1	0	X	517668975
126675600	56599639	55	F	1	1	X	517668876
126675601	56599639	56	M	1	0	X	517668792
126675605	56597753	56	M	1	0	X	517788475
126676316	56598719	50	M	1	0	X	517667832
126676317	56598719	56	F	1	1	X	X
126729326	56598087	53	F	1	1	X	517666048
126729327	56598087	60	M	3	0	X	X
126941218	56599115	79	M	1	1	X	X
126941219	56599115	70	F	1	0	X	X
126941221	56599210	70	F	1	0	X	X
126941230	56599311	79	M	1	1	X	X
126941248	56599193	79	M	1	1	X	X
126941269	56599850	70	F	1	0	X	X
126969932	56600012	48	M	1	1	X	517668872
126969933	56600012	20	M	1	2	X	X
127582487	56597614	29	M	1	0	X	517669059
127687706	56597751	28	M	1	0	X	517668662
127687709	56599326	23	F	9	10	X	517668765
127700172	56598787	55	M	1	0	X	X
127869668	56550890	67	F	1	0	X	517668194
127869681	56597530	67	F	1	0	X	517667682
127941868	56598230	43	F	1	1	X	X
127941870	56598230	8	F	1	2	X	X
128090514	56599918	46	M	1	0	X	517668792
128090518	56598555	46	M	1	0	X	517788513
128113144	56550808	54	F	1	0	X	517788549
128113149	56598204	54	F	1	0	X	517667698
128321941	56598147	58	M	1	0	X	517667953
128321942	56598147	57	F	1	1	X	517667488
128321943	56597704	58	M	1	0	X	517668604
128321947	56599490	58	M	1	0	X	517668754
128321948	56599490	57	F	1	1	X	517668874
128336694	56599834	61	F	1	0	X	517668843
128336695	56599834	60	M	1	1	X	517788355
128336704	56597766	61	F	1	0	X	517788475
128336705	56597766	60	M	1	1	X	517668604
128336710	56598029	61	F	1	0	X	517667353
128336720	56597708	61	F	1	0	X	517788475
128336748	56599685	61	F	1	0	X	517668847
128516893	56599042	56	F	1	1	X	517668843
128516895	56599042	56	M	1	0	X	517669024
129117610	56598429	83	F	1	1	X	515191434
129117611	56598429	92	M	1	0	X	515187400
129209145	56599131	39	M	1	0	X	517668786
129209147	56599131	12	M	1	2	450100219	X
129424553	56599651	59	F	1	0	X	514668249
129432144	56598507	92	M	1	0	X	X
129583530	56600039	68	M	1	0	X	X
129655893	56598348	55	F	1	0	X	517667488
130015988	56598176	43	F	1	1	X	X
130015995	56599803	45	M	1	0	X	517668859
130015997	56599803	7	F	1	2	450066968	X
130016000	56597870	43	F	1	1	X	X
130034557	56598123	43	F	1	1	X	517669038
130034578	56599274	13	M	1	2	450100219	X
130034583	56597723	39	M	1	0	X	517668718
130034585	56597723	43	F	1	1	X	515184295
130034610	56597644	13	M	1	2	450100218	X
130034612	56597644	9	F	1	2	450100218	X
130639305	56598530	57	F	1	1	X	517668288
130639316	56597901	60	M	1	0	X	517667141
130670402	56597979	47	F	1	1	X	517667408
130670403	56597979	47	M	1	0	X	517668457
130795072	56550739	1	F	1	2	X	X
130795073	56550739	15	F	1	2	450100219	X
130795074	56550739	4	F	1	2	X	X
130795102	56599687	1	F	1	2	X	X
130795103	56599687	15	F	1	2	450089403	X
130795104	56599687	4	F	1	2	X	X
130807271	56598238	59	F	1	0	X	517668859
130807272	56598238	56	M	1	1	X	517788475
130809878	56599402	14	F	1	2	450089403	X
130809926	56599440	14	F	1	2	450089403	X
131059793	56600006	64	M	1	0	X	514669436
131157275	56598694	3	M	1	2	450099883	X
131157276	56598694	26	F	1	0	X	X
131157277	56598694	1	F	1	2	X	X
131206566	56598858	15	M	1	2	450063600	X
131206567	56598858	18	F	1	2	450063600	X
131206569	56598858	42	M	1	0	X	517788475
131389616	56598647	29	M	1	0	X	517666555
131389617	56598647	1	M	1	2	X	X
131389618	56598647	6	F	1	2	450100218	X
131389620	56598547	7	M	1	2	450100218	X
131509875	56598082	49	M	1	0	X	517667352
131820323	56597590	15	F	1	2	450089403	X
131820326	56597963	15	F	1	2	450100219	X
131956106	56598881	49	M	1	0	X	X
131956113	56550972	49	M	1	0	X	X
132093432	56598909	1	M	1	2	X	X
132093433	56598909	7	M	1	2	450100218	X
132093736	56599061	29	M	1	1	X	517668889
132093737	56599061	1	M	1	2	X	X
132093738	56599061	7	M	1	2	450100218	X
132093740	56599061	30	F	1	0	X	517668806
132093759	56598585	9	F	1	2	450100218	X
132093760	56598585	30	F	1	0	X	515190414
132093792	56597600	1	M	1	2	X	X
132093877	56599343	1	M	1	2	X	X
132093879	56599343	9	F	1	2	450100218	X
132093880	56599343	30	F	1	0	X	517669010
133278163	56599449	58	F	1	0	X	514669099
134280436	56599944	50	M	1	1	X	517788414
134280437	56599944	47	F	1	0	X	514668271
134308283	56597856	80	F	1	0	X	X
134308284	56550781	80	F	1	0	X	X
134308287	56550971	80	F	1	0	X	X
134366185	56550695	63	M	1	0	X	517788525
134366188	56597617	63	M	1	0	X	517668421
134483340	56598531	27	F	1	0	X	517788414
134483399	56599882	30	M	1	1	X	517669024
134483427	56598666	30	M	1	1	X	517788517
134483428	56598666	27	F	1	0	X	517666627
134532944	56597650	47	M	1	0	X	517788475
134532946	56597650	22	F	1	2	X	517668665
134532978	56550905	3	M	1	5	X	X
134532981	56550905	22	F	1	2	X	517668621
134833245	56599018	40	F	1	1	X	517668792
135343977	56550687	72	F	1	0	X	517668535
135564765	56599632	21	M	1	0	X	517668859
135847427	56599315	27	M	1	0	X	517668888
135950225	56598939	68	M	1	0	X	X
135950239	56599861	68	M	1	0	X	X
136224979	56599893	87	M	1	0	X	X
136224988	56598415	87	M	1	0	X	X
136312616	56597454	64	F	1	1	X	517788697
136312617	56597454	69	M	1	0	X	517788475
136312620	56598947	64	F	1	1	X	517668792
136312664	56550759	64	F	1	1	X	517668591
136455089	56597473	26	M	1	0	X	517668593
136455090	56597473	25	F	1	1	X	X
137073081	56550787	65	F	1	1	X	X
137874452	56597721	21	F	1	2	X	515184295
137874453	56597721	48	F	1	0	X	517665983
137874454	56597721	49	M	1	1	X	517667447
137930900	56598342	44	F	1	1	X	517668657
137930907	56599748	53	M	1	0	X	517668806
137930908	56599748	44	F	1	1	X	517668847
137930909	56599826	53	M	1	0	X	517668779
138272998	56550740	48	M	1	0	X	517668104
138272999	56550740	45	F	1	1	X	517668049
138273000	56550740	17	M	1	2	450100219	X
138273007	56550932	45	F	1	1	X	517788451
138594745	56597759	47	F	1	1	X	517788525
138594768	56599221	52	M	1	0	X	X
138594769	56599221	47	F	1	1	X	517668859
138594787	56599156	47	F	1	1	X	517668859
138594788	56599927	52	M	1	0	X	X
138594789	56599927	47	F	1	1	X	517668880
138594826	56599540	52	M	1	0	X	X
138995644	56597902	60	F	1	0	X	517503000
139109463	56598069	18	M	1	2	450100219	517668521
139109464	56598069	44	F	1	1	X	517669038
139109466	56598069	47	M	1	0	X	X
139185717	56598428	60	M	1	1	X	X
139662755	56599765	80	M	1	0	X	X
139858987	56550847	33	M	1	0	X	517667669
139858999	56598951	33	M	1	0	X	517668868
139859040	56599229	3	F	1	2	X	X
139872903	56598981	60	M	1	0	X	517668767
140214702	56599892	62	M	1	0	X	X
140626972	56598111	60	M	1	0	X	517667933
140702359	56598329	25	F	1	1	X	517666627
140945023	56599098	55	M	1	0	X	517788361
140945024	56599098	22	M	1	2	X	517668859
140954484	56598657	9	M	9	2	450100218	X
140954485	56598657	14	F	1	2	450100219	X
140954486	56598657	12	F	9	2	450100219	X
140954487	56598657	11	F	9	2	450100219	X
140954488	56598657	34	F	1	0	X	517788436
140954489	56598657	16	F	1	2	450100219	517667667
141088673	56598302	44	F	1	1	X	517666594
141133184	56597539	62	M	1	0	X	517788463
141133199	56599064	54	F	1	1	X	514669542
141133200	56599064	62	M	1	0	X	517668860
141161683	56550897	15	M	1	2	450089403	X
141161687	56550897	34	M	1	0	X	517788727
141161698	56598458	15	M	1	2	450100219	X
141161699	56598458	11	F	1	2	450100218	X
141161701	56598458	34	F	1	1	X	517668359
141564610	56550998	27	M	1	0	X	517668980
141564611	56550998	0	F	1	2	X	X
141564621	56598404	24	F	1	1	X	515184295
141564638	56597825	0	F	1	2	X	X
141675177	56598884	51	M	1	0	X	517788475
141675181	56599247	51	M	1	0	X	517668859
141675193	56599345	51	M	1	0	X	517668851
142032136	56598197	11	M	1	2	450100219	X
142032138	56598197	19	M	1	2	X	X
142485396	56599495	26	M	1	1	X	517668859
142485410	56598583	21	F	1	0	X	517668399
142485411	56598583	26	M	1	1	X	517668592
142485412	56598583	0	F	1	2	X	X
142775507	56599510	13	M	1	2	450100219	X
142775508	56599510	21	M	1	2	X	514690692
142775513	56550841	13	M	1	2	450100219	X
143247379	56598085	45	F	1	10	X	515184295
143940494	56597483	52	F	1	1	X	517788558
143940495	56597483	52	M	1	0	X	515183380
144129011	56598244	35	F	8	1	X	X
144129013	56598244	5	M	8	2	450066968	X
144129015	56598244	10	M	8	2	450100218	X
144232412	56550854	37	M	1	0	X	X
144232434	56598478	37	M	1	0	X	X
144232435	56598478	63	F	1	4	X	X
144414677	56550936	12	M	1	5	450100219	X
144414688	56599012	69	M	1	0	X	X
144701453	56599348	9	F	1	2	450100218	X
144701454	56599348	42	F	1	0	X	517668806
144701455	56599348	43	M	1	1	X	517668777
144701484	56598155	21	M	1	2	X	X
144701485	56598155	9	F	1	2	450100218	X
144716464	56597843	12	F	1	5	450100219	X
144716533	56597460	8	M	1	5	450100218	X
144716534	56597460	12	F	1	5	450100219	X
144716536	56597460	58	M	1	0	X	517788525
144716578	56550989	8	M	1	5	450100218	X
144716749	56599623	12	F	1	5	450100219	X
144716750	56599623	10	M	1	5	450100218	X
144716784	56598740	12	F	1	5	450100219	X
144716785	56598740	10	M	1	5	450100218	X
144716788	56599072	8	M	1	5	450100218	X
144716789	56599072	12	F	1	5	450100219	X
144716791	56599072	58	M	1	0	X	514690745
144716823	56597502	8	M	1	5	450100218	X
144716825	56597502	10	M	1	5	450100218	X
144716826	56597502	58	M	1	0	X	517668859
144716828	56597619	8	M	1	5	450100218	X
144716831	56597619	58	M	1	0	X	517788475
144840672	56598882	52	F	1	0	X	X
144840682	56597571	52	F	1	0	X	X
144926868	56550869	63	F	1	1	X	X
144926869	56550869	74	M	1	0	X	X
144926881	56597586	74	M	1	0	X	X
144926893	56598935	74	M	1	0	X	X
145071481	56550943	31	M	1	0	X	517666808
145071549	56598409	31	M	1	0	X	515184295
145086688	56599732	65	F	1	1	X	X
145086689	56599732	68	M	1	0	X	517669003
145562016	56598717	54	F	1	1	X	517667103
145562020	56550958	54	F	1	1	X	517788519
145562021	56550958	53	M	1	0	X	517666285
145838964	56597855	60	M	1	0	X	517788475
145910452	56598534	4	M	1	2	X	X
145910453	56598534	31	M	1	0	X	517788506
145910454	56598534	0	M	1	2	X	X
145910455	56598534	32	F	1	1	X	517668122
145954887	56599379	42	M	1	1	X	517668801
145954901	56599619	8	M	1	2	450100218	X
145954902	56599619	31	F	1	0	X	517788533
145954904	56599619	10	F	1	2	450100218	X
145955109	56550938	8	M	1	2	450100218	X
145955110	56550938	31	F	1	0	X	517668973
145955111	56550938	42	M	1	1	X	517668975
145955112	56550938	10	F	1	2	450100218	X
146280208	56598707	25	M	1	0	X	X
146280209	56598707	7	F	1	2	450100218	X
146280210	56598707	26	F	1	1	X	X
146280211	56598707	4	F	1	2	X	X
146467944	56599731	33	F	1	0	X	X
146467946	56599731	9	F	1	2	450100218	X
146467971	56599357	12	F	1	2	450100219	X
146467972	56599357	33	F	1	0	X	X
146700519	56598012	4	M	1	5	X	X
146700522	56598012	31	M	1	2	X	517666962
146711554	56550913	74	M	1	9	X	X
147638643	56598560	43	M	1	0	X	517788475
147638648	56599584	46	F	1	1	X	517788439
147638649	56599584	43	M	1	0	X	517668792
147638652	56597800	46	F	1	1	X	517666808
147638658	56598522	46	F	1	1	X	517788451
147638659	56598522	43	M	1	0	X	517668712
147656325	56597866	68	F	1	1	X	X
147656329	56597647	68	F	1	1	X	X
147696050	56597736	66	M	1	0	X	X
147944747	56599265	66	M	1	0	X	X
147944780	56599868	63	F	1	1	X	X
148176980	56599259	60	F	1	0	X	517669003
148393087	56598337	57	M	1	1	X	517788484
148393094	56597953	59	F	1	0	X	517668722
148393095	56597953	57	M	1	1	X	517668049
148469846	56598140	83	F	1	1	X	X
148469864	56550804	83	F	1	1	X	X
148469865	56550804	92	M	1	0	X	X
148500024	56600021	28	M	1	0	X	517668792
148500027	56600021	37	F	1	1	X	517666808
148500028	56600021	2	F	1	2	X	X
148720264	56550747	65	M	1	0	X	X
148844522	56600015	58	F	1	0	X	517668859
148998420	56598838	29	F	1	1	X	517667034
148998421	56598838	2	F	1	2	X	X
148998422	56598838	30	M	1	0	X	517788475
148998423	56598838	8	F	1	2	450100218	X
148998496	56597677	2	F	1	2	X	X
148998497	56597677	30	M	1	0	X	517667408
148998547	56598389	30	M	1	0	X	517666399
148998571	56597633	2	F	1	2	X	X
148998572	56597633	30	M	1	0	X	515189344
148998573	56597633	8	F	1	2	450100218	X
149340068	56597521	73	M	1	0	X	X
149340072	56599753	73	M	1	0	X	X
149628536	56599964	53	M	1	0	X	517668859
149628580	56597648	53	M	1	0	X	517668603
149628587	56598354	49	F	1	1	X	517788467
149628588	56598354	53	M	1	0	X	517667694
149994797	56599508	49	M	1	0	X	517668859
149994798	56599508	51	F	1	1	X	517668859
150026970	56599860	54	F	1	0	X	517668792
150026971	56599860	57	M	1	1	X	517668859
150080793	56598663	51	F	1	0	X	517666395
150143940	56598240	13	F	1	3	450100218	X
150230119	56597919	51	F	1	0	X	517668235
150330620	56550944	5	M	1	2	450099883	X
150330621	56550944	6	F	1	2	450100218	X
150330622	56550944	7	M	1	2	450100218	X
150330668	56598436	5	M	1	2	450099883	X
150422306	56550965	50	F	1	0	X	517668855
150422310	56597699	50	F	1	0	X	517668859
150422323	56598992	50	F	1	0	X	517668859
150595741	56597559	73	F	1	0	X	X
150595742	56597559	76	M	1	1	X	X
150595761	56599375	73	F	1	0	X	X
150595762	56599375	76	M	1	1	X	X
150805513	56598441	48	F	1	0	X	517666917
150805514	56598441	57	M	1	1	X	517668575
150971319	56597807	60	F	1	1	X	X
150971321	56597807	63	M	1	0	X	X
150971365	56597492	88	F	1	4	X	X
151225524	56597948	51	F	1	1	X	517788451
151586562	56598592	47	M	1	0	X	517668594
151641551	56599359	64	M	1	0	X	517668781
152174218	56598196	59	F	1	1	X	517788451
152174219	56598196	64	M	1	0	X	517666808
152174225	56599519	64	M	1	0	X	517668874
152174227	56597871	64	M	1	0	X	515192397
152533057	56598752	11	M	1	2	450100219	X
152533058	56598752	41	M	1	0	X	517666330
152533059	56598752	39	F	1	1	X	517788475
152533061	56598752	15	M	1	2	450100219	X
152533144	56597831	39	F	1	1	X	517666627
152533146	56597831	15	M	1	2	450089403	X
152744231	56599603	19	F	1	2	X	X
152744232	56599603	49	F	1	1	X	517788475
152744233	56599603	54	M	1	0	X	517668859
153641263	56598529	25	F	1	0	X	517788547
153641300	56599745	22	F	1	9	X	517668874
153641301	56599745	25	F	1	0	X	517668859
153783953	56598058	76	F	1	0	X	517667468
153815533	56599996	52	F	1	1	X	X
153815534	56599996	12	F	1	2	X	X
153815551	56550834	52	F	1	1	X	X
154017482	56599705	61	M	1	0	X	517666916
154202671	56598697	5	F	1	12	X	X
154202673	56598697	23	F	1	1	X	X
154202720	56599059	0	M	1	2	X	X
154589537	56597673	64	F	1	0	X	X
154710764	56598343	49	M	1	0	X	517666047
155017873	56598705	52	M	8	0	X	517667033
155047379	56599110	52	F	1	0	X	X
155154330	56599242	15	M	1	2	450089403	X
155154333	56599242	19	M	1	2	X	X
155154334	56599242	17	M	1	2	450089403	517666874
155248833	56597869	87	F	1	0	X	X
155720659	56597494	12	F	1	2	450100219	X
155720660	56597494	50	M	1	0	X	517661497
155720662	56597494	10	M	1	2	450100218	X
155720667	56597783	12	F	1	2	450100218	X
155720668	56597783	50	M	1	0	X	517667723
155836051	56550703	69	F	1	1	X	517788475
156091216	56599761	12	F	1	2	450100219	X
156091217	56599761	6	M	1	2	450100218	X
156091233	56599934	6	M	1	2	450100218	X
156091278	56598661	4	M	1	2	X	X
156091279	56598661	30	F	1	0	X	515192397
156091281	56598661	6	M	1	2	450100218	X
156129914	56598421	47	M	1	0	X	517668567
156151655	56597754	49	M	1	1	X	517788475
156577099	56550820	36	M	1	7	X	517667698
156577125	56597887	65	M	1	1	X	X
156801806	56598132	74	M	1	10	X	517788475
156801807	56598132	61	F	1	0	X	517666962
156973735	56599689	69	M	1	0	X	517668752
156973736	56599689	23	M	1	9	X	517668859
157111628	56599613	78	F	6	1	X	X
157340236	56550861	77	F	1	1	X	X
157568149	56597618	47	M	1	1	X	517666259
157568151	56597618	25	M	1	2	X	517668428
157638774	56598369	61	M	1	1	X	517788475
157638781	56598332	58	F	1	0	X	517788473
157813234	56598718	6	M	1	2	450100218	X
157813244	56599726	36	M	1	0	X	517668818
157813246	56599726	6	M	1	2	450100218	X
157813603	56598672	14	F	1	2	450100219	X
157813604	56598672	50	F	1	1	X	517788477
157839969	56599301	69	F	1	0	X	517668851
157887809	56598143	56	M	1	0	X	517788348
157970118	56599299	63	F	1	1	X	517668792
157970119	56599299	68	M	1	0	X	X
157970147	56550806	68	M	1	0	X	X
158216843	56597790	53	M	1	0	X	517788475
158235715	56550802	78	M	1	0	X	X
158689841	56597775	59	F	1	1	X	517668640
158745593	56597687	55	F	1	0	X	517666808
158791752	56597702	53	M	1	0	X	517788475
158791769	56597918	22	F	1	2	X	X
158791783	56599614	22	F	1	2	X	X
159178547	56598016	23	M	1	0	X	X
159178548	56598016	1	F	1	2	X	X
159178549	56598016	22	F	1	1	X	517668104
159178550	56598016	4	F	1	2	X	X
159178551	56599824	3	F	1	2	X	X
159178552	56599824	23	M	1	0	X	X
159178554	56599824	22	F	1	1	X	517668859
159178555	56599824	4	F	1	2	X	X
159199884	56598194	30	M	1	0	X	517666962
159308113	56598193	28	M	1	2	X	517788475
159308114	56598193	55	F	1	0	X	517666745
159308115	56598193	24	F	1	6	X	517669062
159427055	56599410	36	F	1	0	X	517668859
159427056	56599410	13	M	1	2	450100219	X
159427057	56599410	39	M	1	1	X	514668725
159552084	56550900	47	M	1	1	X	517668578
159844630	56550868	75	F	1	1	X	X
159844631	56550868	76	M	1	0	X	X
159892656	56599569	67	F	1	1	X	X
159892664	56599781	67	F	1	1	X	X
159892665	56599781	69	M	1	0	X	X
159892678	56599541	67	F	1	1	X	X
159892679	56599541	69	M	1	0	X	X
160153065	56598702	45	F	1	0	X	X
160153066	56598702	16	F	1	2	450100219	X
160444172	56598139	56	M	1	1	X	517668709
160444173	56598139	56	F	1	0	X	517666962
160444191	56598144	56	F	1	0	X	517788475
160577613	56599211	47	F	1	1	X	517788527
160890271	56598487	57	M	1	0	X	X
161302863	56598815	40	M	1	0	X	517669038
161302864	56598815	42	F	1	1	X	517668112
161774804	56599594	82	F	1	0	X	X
161819344	56599562	57	F	1	1	X	517668851
161819358	56598934	57	F	1	1	X	517668859
161921288	56597808	73	F	1	0	X	X
161921326	56598888	73	F	1	0	X	X
161970634	56550817	27	M	1	0	X	517668601
161970635	56550817	23	F	1	1	X	517668577
162083632	56598566	76	M	1	0	X	X
162180348	56597928	49	M	1	0	X	517668050
162180351	56550910	49	M	1	0	X	517788475
162227935	56599697	54	M	1	1	X	517668865
162697589	56598410	78	M	1	0	X	X
162883473	56599316	52	M	1	1	X	517668792
162883474	56599316	44	F	1	0	X	X
162883494	56599928	44	F	1	0	X	X
162883501	56600011	52	M	1	1	X	517669020
162883508	56599713	44	F	1	0	X	X
162883515	56599843	52	M	1	1	X	517668876
162883564	56599516	44	F	1	0	X	X
162912752	56599895	18	F	1	10	X	X
162912753	56599895	19	M	1	0	X	517668792
162912858	56598582	18	F	1	10	X	X
162912875	56599682	19	M	1	0	X	517668792
162912893	56598450	19	M	1	0	X	517668104
162912896	56599937	18	F	1	10	X	X
162912897	56599937	19	M	1	0	X	517668857
162914739	56598643	3	M	1	2	450099883	X
162914742	56598643	7	M	1	2	450100218	X
162914743	56598643	28	F	1	0	X	517667488
163049102	56599411	40	F	1	1	X	517669024
163049104	56599411	9	M	1	2	450100218	X
163459033	56597859	45	M	1	1	X	517667698
163459034	56597859	12	F	1	2	450100219	X
163459065	56599185	45	M	1	1	X	514690681
163459067	56599185	16	M	1	2	450100219	X
163459068	56599185	40	F	1	0	X	517668841
163498101	56550683	69	F	1	0	X	X
163498102	56550683	70	M	1	1	X	517668752
163536003	56599313	71	F	1	0	X	X
163536004	56599313	73	M	1	1	X	X
163655758	56598173	54	M	1	0	X	517668672
163662695	56598629	60	F	1	0	X	X
164013454	56599739	53	M	1	1	X	517788439
164153160	56598590	79	F	3	1	X	X
164153178	56598219	79	F	3	1	X	X
164165872	56599269	47	M	1	0	X	517788510
164165873	56599269	48	F	1	1	X	517667166
164165884	56600014	47	M	1	0	X	514669346
164553245	56599549	67	F	1	0	X	X
164848530	56599524	61	M	1	0	X	514668728
164848531	56599524	43	F	1	1	X	517668752
165196855	56598130	78	M	1	3	X	515187388
165419844	56599551	80	F	1	4	X	517788414
165419845	56599551	55	M	1	0	X	514668519
165564774	56598821	52	M	1	1	X	517788498
165564775	56598821	63	F	1	0	X	515183373
165564788	56550717	52	M	1	1	X	517668565
165564789	56550717	63	F	1	0	X	517668604
165564796	56599578	52	M	1	1	X	517668880
165564797	56599578	63	F	1	0	X	517668792
166120441	56551009	6	M	1	2	450100218	X
166120442	56551009	7	M	1	2	450100218	X
166120443	56551009	34	M	1	1	X	517788475
166120444	56598656	10	F	1	2	450100218	X
166120447	56598656	7	M	1	2	450100218	X
166204779	56598103	13	F	1	2	450100219	X
166204780	56598103	11	M	1	2	450100219	X
166204782	56598103	40	F	1	1	X	515191425
166244453	56599281	68	F	1	0	X	514691688
166308138	56599435	44	M	1	1	X	517668829
166308139	56599435	45	F	1	0	X	X
166376181	56550744	57	F	1	0	X	X
166376182	56550744	60	M	1	1	X	X
166376183	56600008	57	F	1	0	X	X
166376184	56600008	60	M	1	1	X	X
166390069	56550797	28	M	1	0	X	517666253
166390094	56599414	35	M	1	9	X	517667210
166390114	56599637	35	M	1	9	X	517788435
166390118	56598733	35	M	1	9	X	517666808
166659689	56598236	56	M	9	1	X	517668314
166659690	56598236	44	F	1	0	X	517666784
167043565	56599134	35	M	1	0	X	517788441
167043566	56599134	5	M	1	2	450099883	X
167043567	56599134	8	M	1	2	450100218	X
167125049	56598385	35	M	1	1	X	517667488
167421143	56599582	14	M	1	2	450100219	X
167530541	56598316	20	F	9	5	X	517667244
167530543	56598620	20	F	9	5	X	517666808
167530545	56598154	20	F	9	5	X	517661550
167568139	56598960	35	M	1	0	X	517668859
167568141	56598960	7	F	1	2	450100218	X
167568142	56598960	1	F	1	2	X	X
167594506	56550800	62	M	1	0	X	X
167594507	56550800	49	F	1	1	X	515183313
167812746	56599005	78	M	1	1	X	X
167812747	56599005	70	F	1	0	X	517668754
167865572	56599782	72	M	1	1	X	X
167865597	56599035	72	F	1	0	X	X
168451264	56598267	38	F	1	0	X	517667371
168630968	56597625	60	M	1	0	X	517668629
168630969	56597625	60	F	1	1	X	517788475
168719093	56550813	55	M	1	0	X	517788475
168754344	56598831	59	M	1	0	X	X
168868897	56550995	3	M	1	2	X	X
168868898	56550995	30	F	1	1	X	517668577
168917329	56598772	24	M	1	1	X	517667256
168917330	56598772	1	M	1	2	X	X
168926882	56597750	20	F	1	10	X	517788475
168926922	56598734	20	F	1	10	X	517666808
168933718	56599121	69	F	1	0	X	517668856
169146725	56598243	41	F	1	0	X	517788475
169206926	56599847	67	F	1	0	X	X
169333805	56599170	52	F	1	1	X	517668847
169463412	56599590	59	F	1	1	X	517668859
169628583	56599926	30	F	1	0	X	517788416
169628587	56599926	34	M	1	6	X	517668996
169686589	56598653	27	M	1	1	X	515184295
169739314	56599795	37	F	1	0	X	517668808
169739319	56599560	36	M	1	1	X	517668859
169739320	56599560	16	M	1	2	450100219	517668851
169739321	56599560	15	F	1	2	450100219	X
169739338	56598028	37	F	1	0	X	517668384
169739346	56599903	37	F	1	0	X	514669131
169739348	56599903	16	M	1	2	450100219	517668814
169752219	56597497	60	F	1	1	X	X
169753094	56550709	5	M	1	2	450099883	X
169753095	56550709	37	F	1	0	X	X
169753096	56550709	51	M	1	1	X	517788475
169753097	56550709	18	F	1	2	450100219	X
170021613	56600036	1	F	1	2	X	X
170021614	56600036	4	M	1	2	450099883	X
170021719	56599478	4	M	1	2	450099883	X
170021720	56599478	22	F	1	0	X	517788439
170021721	56598725	1	F	1	2	X	X
170247863	56598995	13	F	1	2	450100219	X
170247864	56598995	14	F	1	2	450100219	X
170409077	56599814	51	F	1	0	X	517668859
170409079	56597756	51	F	1	0	X	517668667
170635206	56599793	24	M	1	6	X	517668752
170635208	56599793	46	F	1	1	X	514690745
170635209	56599793	24	F	1	2	X	517668815
171053953	56599428	7	M	1	2	450100218	X
171053954	56599428	46	F	1	1	X	517668872
171053956	56599428	48	M	1	0	X	517668859
171053957	56599428	17	M	1	2	450100219	X
171328574	56598273	38	M	1	0	X	517668551
171670808	56599271	1	M	1	2	X	X
171670809	56599271	45	M	1	0	X	517788413
171670813	56598798	25	F	1	1	X	517668073
171670880	56599626	1	M	1	2	X	X
171670881	56599626	45	M	1	0	X	517668995
171760958	56598938	40	F	1	1	X	517788417
172179857	56599949	52	M	1	1	X	517666677
172179859	56599949	18	M	1	2	450100219	517668843
172179860	56599949	16	F	1	2	450100219	517668874
172179861	56599949	47	F	1	0	X	517668859
172239961	56597627	57	F	1	0	X	517669071
173056546	56597592	46	M	1	1	X	517788342
173056547	56597592	47	F	1	0	X	517667408
173244646	56598608	52	F	1	0	X	517666627
173382884	56597707	33	F	1	1	X	517505069
173382885	56597707	5	M	1	2	450100218	X
173382886	56597707	34	M	1	0	X	517669038
173430300	56597714	0	M	1	5	X	X
173430301	56597714	15	F	1	2	450063600	X
173430304	56597714	7	M	2	2	450100218	X
173430369	56597989	13	M	1	2	450100219	X
173430370	56597989	11	F	1	2	450100219	X
173430372	56597989	0	M	1	5	X	X
173430373	56597989	15	F	1	2	450063600	X
173430374	56597989	19	F	1	2	X	X
173430375	56597989	41	F	1	0	X	X
173430386	56598047	11	F	1	2	450100219	X
173430389	56598047	15	F	1	2	450063600	X
173430391	56598047	41	F	1	0	X	X
173430417	56550788	13	M	1	2	450100218	X
173430421	56550788	15	F	1	2	450063600	X
173430423	56550788	41	F	1	0	X	X
173430424	56550788	7	M	2	2	450100218	X
173430452	56597974	0	M	1	5	X	X
173430455	56597974	41	F	1	0	X	X
173878918	56600020	45	M	1	0	X	517668752
173878919	56550690	45	M	1	0	X	517788697
174071926	56599752	52	M	1	0	X	517668859
174758690	56597643	46	F	1	0	X	515183313
174758691	56599565	52	M	1	1	X	517668761
174758692	56599565	46	F	1	0	X	517788527
174758693	56550911	52	M	1	1	X	515184295
174969144	56597516	6	F	1	2	450100218	X
174969146	56597516	10	F	1	2	450100219	X
174969191	56551001	10	F	1	2	450100219	X
174969228	56599065	36	F	1	0	X	517669023
174969229	56599065	6	F	1	2	450100218	X
174969232	56599065	13	F	1	2	450100219	X
175195333	56598622	36	M	1	0	X	515183313
175223623	56597811	59	F	1	1	X	X
175833584	56598116	50	M	1	0	X	515183313
175833605	56599911	51	F	1	1	X	517668767
176851279	56598720	78	F	1	1	X	X
176851280	56598720	86	M	1	0	X	X
176851297	56599606	78	F	1	1	X	X
176851298	56599606	86	M	1	0	X	X
176851302	56597875	86	M	1	0	X	X
176867979	56599293	40	F	1	10	X	517668859
176867981	56599293	8	M	9	12	450100218	X
176952846	56597610	48	M	1	0	X	X
177164068	56597917	57	M	1	0	X	X
177164069	56597917	56	F	1	1	X	X
177164078	56598099	57	M	1	0	X	X
177164079	56598099	56	F	1	1	X	X
177553287	56550822	47	F	1	1	X	X
177553367	56598374	47	F	1	1	X	X
177553368	56598374	56	M	1	0	X	517788475
177553373	56598700	47	F	1	1	X	X
177553374	56598700	56	M	1	0	X	517668287
178163271	56598842	50	F	1	0	X	517668872
178748918	56550760	68	F	1	0	X	X
178764870	56599195	57	F	1	1	X	517788441
178764874	56597842	57	F	1	1	X	517788518
178901130	56599339	58	F	1	0	X	517669011
178901131	56599339	37	M	1	2	X	517668878
178901134	56550839	58	F	1	0	X	517668230
178901135	56550839	37	M	1	2	X	517788475
179107008	56599501	75	M	1	0	X	517668859
179107013	56598795	73	F	1	1	X	X
179107014	56598795	75	M	1	0	X	517667408
179150118	56597496	11	M	1	2	450100219	X
179150119	56597496	9	M	1	2	450100218	X
179150120	56597496	34	M	1	0	X	517666808
179329929	56599992	33	F	1	0	X	517668859
179405781	56598945	66	F	1	0	X	X
179617028	56599951	64	M	1	0	X	517788342
179635617	56598958	68	M	1	0	X	X
179635621	56599902	68	M	1	0	X	X
179635637	56599066	68	M	1	0	X	X
179827533	56598576	42	F	1	0	X	X
180047399	56599111	70	F	1	0	X	517668819
180299725	56597837	53	F	1	1	X	517668647
180778255	56598454	23	M	1	0	X	517788508
181048476	56598540	60	M	1	0	X	517788480
181856843	56598770	52	M	1	0	X	517668467
181856846	56599856	58	F	1	1	X	517668859
181978752	56599351	50	M	1	0	X	517668854
181978753	56599351	17	F	1	2	X	517668859
182202001	56598900	46	F	1	0	X	517788367
182202003	56598283	46	F	1	0	X	517788475
182398771	56598150	60	M	1	0	X	517788475
182621352	56598505	60	F	1	1	X	517668724
182621353	56598505	68	M	1	0	X	517668159
182846074	56550851	64	M	1	1	X	517666962
182919700	56550855	32	F	1	1	X	X
182919701	56550855	0	F	1	2	X	X
182919703	56550855	11	F	1	2	450100219	X
183065580	56597757	58	F	1	1	X	517666666
183493276	56598320	49	F	1	1	X	517667488
183493277	56598320	51	M	1	0	X	517788475
183575227	56597573	72	F	1	0	X	X
183652674	56599254	53	M	1	0	X	X
183938205	56598896	45	M	1	0	X	517667488
183938206	56598896	5	F	1	2	450066968	X
183938207	56598896	18	F	1	2	450100219	517788348
183938288	56550850	45	F	1	1	X	517788475
183938289	56550850	45	M	1	0	X	517666802
183938290	56550850	5	F	1	2	450067304	X
183950229	56599993	49	F	1	0	X	517668851
184030764	56597659	35	F	1	2	X	514674796
184254769	56599376	67	F	1	1	X	X
184254772	56600027	68	M	1	0	X	517788437
184254773	56600027	67	F	1	1	X	X
184254788	56599241	68	M	1	0	X	517667698
184254789	56599241	67	F	1	1	X	X
184759402	56550966	40	F	1	0	X	517788697
184759403	56550966	11	F	1	2	450100219	X
184759405	56550966	13	M	1	2	450100219	X
184880490	56597475	70	M	1	1	X	X
184880491	56597475	68	F	1	0	X	X
184915548	56597752	55	M	1	0	X	X
185175990	56598199	71	F	1	1	X	X
185375770	56598894	66	M	1	1	X	517666808
185495824	56597824	55	F	1	1	X	515191434
185495825	56597824	59	M	1	0	X	517788522
185561755	56550763	18	M	1	2	450100219	517788533
185561756	56550763	57	F	1	1	X	517666643
186272021	56597826	51	F	1	1	X	517668632
186272033	56598398	51	F	1	1	X	517668584
186272034	56598398	52	M	1	0	X	517668604
186923242	56599309	4	F	1	2	X	X
186923243	56599309	4	F	1	2	X	X
186923244	56599309	7	M	1	2	450100218	X
186923245	56599309	28	F	1	0	X	517668792
186923247	56599309	2	M	1	2	X	X
186923260	56599764	4	F	1	2	X	X
186923264	56599764	28	M	1	1	X	517668987
186923314	56550711	4	F	1	2	X	X
186923317	56550711	28	F	1	0	X	517666962
186923318	56550711	28	M	1	1	X	517666962
186923319	56550711	2	M	1	2	X	X
186923362	56599040	4	F	1	2	X	X
186923363	56599040	4	F	1	2	X	X
186923365	56599040	28	F	1	0	X	517668792
186923366	56599040	28	M	1	1	X	517668810
186923412	56598941	7	M	1	2	450100218	X
186923413	56598941	28	F	1	0	X	517668987
186923414	56598941	28	M	1	1	X	517668859
186923415	56598941	2	M	1	2	X	X
186923452	56599261	4	F	1	2	X	X
186923456	56599261	28	M	1	1	X	517668792
186923457	56599261	2	M	1	2	X	X
186923470	56598172	4	F	1	2	X	X
186923472	56598172	7	M	1	2	450100218	X
186923474	56598172	28	M	1	1	X	517668104
186923477	56598957	4	F	1	2	X	X
186923480	56598957	28	M	1	1	X	517788419
187132686	56598849	47	F	1	0	X	X
187132695	56597462	48	M	1	1	X	517669017
187132696	56597462	47	F	1	0	X	X
187490982	56598307	61	M	1	1	X	X
187504170	56597507	81	M	1	0	X	X
187504171	56597507	80	F	1	1	X	X
187504192	56598091	81	M	1	0	X	X
187504193	56598091	80	F	1	1	X	X
187677857	56599851	51	M	1	0	X	517666982
187677859	56599321	51	M	1	0	X	517668859
187677860	56598943	51	M	1	0	X	517788438
187677875	56599773	51	M	1	0	X	517668739
187680363	56598724	3	M	1	2	X	X
187680364	56598724	43	M	1	0	X	517788475
187680366	56598724	10	M	1	2	450100218	X
187842660	56599600	61	M	1	0	X	517668859
187949558	56598208	18	M	1	2	450100219	X
187949559	56598208	51	F	1	0	X	517788697
188193590	56599354	33	M	1	0	X	517668752
188469610	56599645	34	F	1	0	X	517668859
188469611	56599645	38	M	1	1	X	517668847
188469612	56599645	6	F	1	2	450100218	X
188469613	56599645	11	F	1	2	450100218	X
188469660	56598658	34	F	1	0	X	517788491
188469661	56598658	38	M	1	1	X	517661593
188469662	56598658	6	F	1	2	450100218	X
188469663	56598658	11	F	1	2	450100218	X
188536233	56598357	9	F	1	2	450100218	X
188536234	56598357	46	M	1	1	X	517788483
189103424	56599823	47	F	1	0	X	517669003
189103426	56599823	49	M	1	1	X	517668838
189687103	56599049	69	F	1	0	X	517666823
189718455	56599675	50	M	1	0	X	517788438
189718456	56599675	15	F	1	2	450100219	X
189718468	56597836	15	F	1	2	450100219	X
189719145	56598866	76	F	1	0	X	517788451
190023385	56598313	52	F	1	0	X	517668085
190158414	56599690	49	M	1	0	X	517668859
190158415	56599690	8	F	1	2	450100218	X
190158416	56599690	46	F	1	1	X	517668800
190158422	56598980	46	F	1	1	X	517788533
190204269	56600005	12	F	1	2	450100218	X
190204270	56600005	49	F	1	1	X	517668817
190270449	56599390	4	F	1	2	450099883	X
190270450	56599390	8	F	1	2	450067304	X
190270451	56599390	42	M	1	1	X	517668859
190270454	56599871	8	F	1	2	450066968	X
190270455	56599871	42	M	1	1	X	517668752
190270461	56599458	4	F	1	2	450099883	X
190270464	56599458	45	F	1	0	X	X
190270518	56599695	8	F	1	2	450066968	X
190270519	56599695	42	M	1	1	X	517668859
190270520	56599695	45	F	1	0	X	X
190367060	56550942	18	M	1	5	X	517788475
190367061	56550942	15	M	1	5	450100219	X
190367062	56550942	0	F	1	7	X	X
190367064	56550942	40	F	1	2	X	X
190367103	56598678	15	M	1	5	450100219	X
190367104	56598678	0	F	1	7	X	X
190367106	56598678	40	F	1	2	X	X
190568909	56597470	85	M	1	1	X	X
190752306	56599854	67	M	1	1	X	X
190752307	56599854	61	F	1	0	X	517668792
190752322	56598356	67	M	1	1	X	X
191183055	56598446	59	M	1	0	X	517788475
191254251	56597667	81	M	1	1	X	X
191254252	56597667	78	F	1	0	X	X
191580077	56598933	76	M	1	1	X	X
191580078	56598933	64	F	1	0	X	X
191625135	56599475	49	M	1	0	X	517668859
191752469	56597608	57	F	1	0	X	515183403
191773403	56599125	72	M	1	0	X	517668859
191823441	56597786	46	M	1	1	X	515184295
192024639	56597739	40	M	1	0	X	517788459
192138424	56599053	38	M	1	0	X	517668859
192138431	56598015	29	F	1	10	X	517788533
192138447	56599076	29	F	1	10	X	517668874
192138449	56599076	9	F	1	2	450100218	X
192138450	56599076	6	M	1	2	450100218	X
192165271	56597450	57	F	1	4	X	517668595
192165274	56597450	32	F	1	0	X	517668411
192165276	56597450	0	F	8	2	X	X
192178002	56599758	62	M	1	0	X	X
192232691	56599430	50	M	1	0	X	517668752
192765888	56599439	7	M	1	2	450100218	X
192765890	56599439	38	M	1	1	X	517669024
192765891	56599439	31	F	1	0	X	X
193200150	56599780	50	M	1	2	X	517668752
193200151	56599780	80	F	1	0	X	X
193386306	56599805	0	M	1	2	X	X
193386307	56599805	8	M	1	12	450100218	X
193386310	56599805	24	M	1	0	X	517668792
193386373	56599553	13	M	1	12	450100218	X
193386436	56598319	0	M	1	2	X	X
193517665	56599504	63	M	1	0	X	X
193970177	56598042	24	F	1	0	X	517788475
193982774	56598674	18	F	1	0	X	X
193982775	56599648	18	F	1	0	X	X
194241040	56598217	86	F	1	1	X	X
194383095	56599230	73	M	1	1	X	517669020
194389224	56597767	56	M	1	1	X	517668786
194389225	56597767	53	F	1	0	X	X
194520175	56599966	3	F	1	2	450099883	X
194520177	56599966	33	M	1	0	X	517668792
194646149	56598861	30	F	1	1	X	517667003
194646150	56598861	6	F	1	2	450100218	X
194646151	56598861	4	F	1	2	450099883	X
194646152	56598861	31	M	1	0	X	517668464
194761811	56597956	12	M	1	2	450100218	X
194761812	56597956	48	F	1	0	X	517666643
194761832	56598101	48	F	1	0	X	517668653
194761834	56598101	14	M	1	2	450100219	X
194761872	56599431	48	F	1	0	X	517668859
195223529	56599459	58	M	1	0	X	517668859
195241321	56550724	15	M	1	2	450100219	X
195241322	56550724	53	M	1	0	X	X
195589932	56599589	66	F	1	0	X	517668859
195589935	56599166	66	F	1	0	X	517668859
195589940	56599213	66	F	1	0	X	517668804
195664733	56550721	44	F	1	0	X	517666015
196016555	56599688	25	M	1	0	X	517668985
196023873	56599640	54	M	1	0	X	517666808
196023880	56597896	54	M	1	0	X	517788475
196023882	56598834	54	M	1	0	X	517788451
196278086	56598344	51	F	1	1	X	517667557
196278087	56598344	59	M	1	0	X	517788475
196454953	56598257	42	M	1	1	X	X
196454954	56598257	13	F	1	2	450100218	X
196454955	56598257	11	F	1	2	450100218	X
196971635	56599796	59	F	1	1	X	517788442
197046655	56598202	58	F	1	1	X	X
197744156	56597980	0	M	1	2	X	X
197744157	56597980	36	F	1	0	X	517667892
197744158	56597980	43	M	1	1	X	517788470
197744160	56597980	8	M	1	2	450100218	X
197780669	56550786	60	M	1	1	X	515183313
197780670	56550786	60	F	1	0	X	517668792
197804577	56598525	2	F	1	5	X	X
197804578	56598525	43	F	1	1	X	517666962
197804579	56598525	8	F	1	2	450100218	X
197804583	56598525	17	F	1	2	450100219	X
197804584	56598525	15	F	1	2	450100219	X
197804835	56598014	13	F	1	2	450100218	X
197804837	56598014	2	F	1	5	X	X
197804838	56598014	43	F	1	1	X	517668171
197804840	56598014	3	M	1	2	450099883	X
197804841	56598014	31	M	1	7	X	517667360
197804842	56598014	21	M	1	2	X	517668975
197804844	56598014	15	F	1	2	450100219	X
197804857	56598906	2	F	1	5	X	X
197804859	56598906	8	F	1	2	450100218	X
197804864	56598906	15	F	1	2	450100219	X
197804875	56597841	13	F	1	2	450100218	X
197804876	56597841	40	M	1	0	X	517668578
197804877	56597841	2	F	1	5	X	X
197804880	56597841	3	M	1	2	450099883	X
197804881	56597841	31	M	1	7	X	517788697
197804882	56597841	21	M	1	2	X	517666599
197804883	56597841	17	F	1	2	450100219	X
198426395	56598805	29	M	1	0	X	517788706
198488006	56550838	80	F	1	3	X	X
198488007	56550838	93	M	1	0	X	X
198641992	56597965	17	M	1	2	450100219	517666802
199573280	56599298	51	F	1	0	X	517668814
199573281	56599298	48	M	1	1	X	X
199573282	56599298	14	F	1	2	450100218	X
199733724	56599202	60	F	1	0	X	517666808
199976634	56598338	64	F	1	0	X	517668610
199976635	56598338	68	M	1	1	X	X
199976636	56598013	64	F	1	0	X	517668085
200164224	56550743	50	M	1	1	X	515191434
200165196	56598907	49	F	1	1	X	517667655
201025334	56599933	50	M	1	0	X	514690866
201087546	56599099	36	M	1	0	X	517668986
201087548	56599099	1	M	1	2	X	X
201367164	56599849	11	M	1	2	450100218	X
201367165	56599849	28	M	1	0	X	517668985
201367166	56599849	29	F	1	10	X	514668561
201569755	56598286	33	M	1	1	X	517668104
201569760	56599244	39	F	1	0	X	517668859
201644132	56598128	54	F	1	1	X	X
201644141	56550688	54	F	1	1	X	X
201898617	56599306	61	F	1	0	X	517668851
201898618	56599306	69	M	1	1	X	514668809
201924254	56599703	88	F	1	0	X	X
201997862	56599107	33	M	1	0	X	517667166
201997868	56598709	33	M	1	0	X	517788702
202116290	56550954	6	M	1	2	450100218	X
202116291	56550954	30	F	1	0	X	517668382
202116292	56550954	41	M	1	1	X	515183313
202116295	56598953	41	M	1	1	X	517668865
202359574	56599489	3	M	1	2	X	X
202359576	56599489	19	F	1	10	X	X
202359663	56600028	2	F	1	2	X	X
202359735	56598792	2	F	1	2	X	X
202359736	56598792	19	F	1	10	X	X
202359737	56598792	24	M	1	0	X	X
202511226	56599000	53	M	1	1	X	517668761
203667068	56599223	33	F	1	0	X	517668866
203667069	56599223	28	M	1	10	X	517668854
203667071	56598393	28	M	1	10	X	517669038
203836358	56598213	82	M	1	1	X	X
203836359	56598213	77	F	1	0	X	X
203871216	56599159	46	M	1	0	X	517788355
203871217	56599159	52	F	1	1	X	514669287
204185026	56550706	26	M	1	0	X	517788504
204185035	56598390	26	M	1	0	X	517668709
204331030	56599976	56	M	1	0	X	517668752
204331033	56550770	56	M	1	0	X	517788474
204367834	56599533	62	M	1	0	X	517668742
204367835	56599533	72	F	1	10	X	X
204884476	56598493	51	F	1	0	X	517788525
204884477	56598493	51	M	1	1	X	517666962
204900341	56599878	65	F	1	1	X	517668792
204900342	56599878	71	M	1	0	X	X
204900351	56597710	65	F	1	1	X	517666047
204900352	56597710	71	M	1	0	X	X
204900353	56599322	65	F	1	1	X	517668859
205088754	56598691	47	F	1	0	X	517788530
205125509	56550888	51	M	1	0	X	517788547
205125510	56598997	51	M	1	0	X	517788510
205125527	56599708	51	M	1	0	X	517668848
206031222	56599176	74	M	1	1	X	517668859
206031223	56599176	74	F	1	0	X	X
206320428	56599929	5	F	1	2	450099883	X
206320429	56599929	8	M	1	2	450100218	X
206320480	56550994	5	F	1	2	450099883	X
206320481	56550994	8	M	1	2	450100218	X
206320483	56550994	41	M	1	0	X	517668859
206538798	56599955	23	F	1	0	X	517668745
206774725	56598754	61	F	1	0	X	517788525
206813642	56599422	59	F	1	0	X	517668859
206849328	56597747	86	F	1	4	X	X
206849329	56597747	51	F	1	10	X	X
206849415	56550956	86	F	1	4	X	X
206849416	56550956	51	F	1	10	X	X
206849487	56598510	86	F	1	4	X	X
206849488	56598510	51	F	1	10	X	X
206849489	56598510	57	M	1	0	X	X
206942527	56598843	50	F	1	1	X	517668884
207074378	56597566	51	M	1	0	X	517667094
207202361	56598476	53	M	1	0	X	517788475
207584751	56598249	55	F	1	0	X	517666962
207584769	56599961	55	F	1	0	X	517668839
207639781	56597729	45	M	1	1	X	517668564
207639782	56597729	17	F	1	2	450100219	517667394
207639783	56597729	20	M	1	2	X	X
207639784	56597729	43	F	1	0	X	X
207946244	56599945	28	M	1	1	X	517667816
207946245	56599945	27	F	1	0	X	X
208037382	56599113	36	F	1	0	X	517668851
208267083	56599923	13	F	1	2	450100218	X
208603181	56598406	14	M	1	12	450100218	X
208775619	56599714	84	M	1	0	X	X
208912595	56599658	0	M	1	2	X	X
208912644	56598887	30	F	1	1	X	X
208912679	56597816	0	M	1	2	X	X
209040019	56598017	59	M	1	0	X	517788436
209165917	56599908	21	F	1	1	X	X
209165919	56599908	23	M	1	0	X	517668843
209349491	56599762	77	F	1	0	X	X
210021157	56598756	4	F	1	2	X	X
210113789	56598109	52	M	1	0	X	515191434
210113790	56598109	53	F	1	1	X	517668457
210247335	56598492	43	F	1	0	X	515183313
210247337	56598492	15	M	1	2	450100219	X
210321980	56550815	50	F	1	0	X	517668859
210359756	56597563	52	M	1	1	X	515191016
210359758	56597563	12	F	1	2	450100218	X
210359764	56597780	52	M	1	1	X	517502847
210359765	56597780	36	F	1	0	X	517788475
210359766	56597780	12	F	1	2	450100218	X
210387940	56599837	25	M	1	10	X	517668859
210679360	56598114	47	M	1	0	X	517788475
210679392	56597954	47	M	1	0	X	517668714
210679405	56598509	45	F	1	1	X	517668653
210679406	56598509	47	M	1	0	X	517666808
211090250	56597612	51	M	1	0	X	517666808
211090253	56598741	51	M	1	0	X	514674796
211090254	56597716	51	M	1	0	X	517668604
211090869	56599030	72	F	1	1	X	X
211121927	56597489	28	M	1	0	X	515184295
211121930	56597489	3	F	1	2	450099883	X
211121993	56599255	16	F	1	11	450100219	X
211121994	56599255	2	F	1	2	X	X
211121995	56599255	3	F	1	2	450099883	X
211121996	56599255	28	F	1	1	X	517668851
212313241	56599681	15	M	1	2	450100219	X
212597802	56598828	19	F	1	0	X	X
212847385	56599158	37	M	1	0	X	517668859
212847387	56599043	37	M	1	0	X	517788441
213254148	56598577	39	F	1	0	X	517666962
213552008	56599609	16	M	1	7	450100219	517668859
213862362	56598627	9	M	1	2	450100218	X
214214142	56597978	41	M	1	0	X	517667698
214214156	56599621	41	M	1	0	X	517668840
214274686	56550985	55	F	1	0	X	517788475
214274687	56599617	55	F	1	0	X	517666643
214274692	56550807	55	F	1	0	X	517668559
214485212	56597920	70	M	1	0	X	X
214485240	56599785	70	M	1	0	X	X
214666828	56597971	35	F	1	0	X	517667824
214734560	56599095	66	M	1	0	X	517668792
214851243	56598543	55	M	1	0	X	517788525
214851244	56598543	59	F	1	1	X	515185549
214992921	56598964	16	M	1	2	450100219	X
215160521	56598121	76	M	1	0	X	X
215654705	56599382	65	M	1	0	X	517666808
215730100	56599503	72	M	1	0	X	X
215795077	56598339	40	F	1	0	X	517661592
215795079	56598339	8	F	1	2	450100218	X
216043107	56599333	46	F	1	0	X	517788714
216090932	56598306	61	M	1	0	X	517788475
217022639	56598295	63	F	1	0	X	517666287
217022647	56598304	63	F	1	0	X	517788703
217391816	56598422	19	M	1	9	X	X
217391817	56598422	20	M	1	9	X	X
217391819	56598422	20	M	1	9	X	X
217737558	56599514	53	M	1	0	X	X
217768992	56550892	74	F	1	0	X	X
217894250	56597967	39	M	1	0	X	517666627
217894252	56597967	36	F	1	1	X	517788524
217907497	56597787	50	M	1	1	X	517668721
217907501	56598019	50	M	1	1	X	517668653
218319674	56598311	52	M	1	0	X	517667488
218319675	56598311	52	F	1	1	X	515184295
218319686	56598156	52	M	1	0	X	517666962
218416112	56598362	75	F	1	0	X	X
218416128	56597776	75	F	1	0	X	X
218416146	56597874	75	F	1	0	X	X
218660575	56597529	62	F	1	1	X	517668644
218660576	56597529	60	M	1	0	X	X
218712555	56598005	52	F	1	1	X	X
218712556	56598005	55	M	1	0	X	515183347
218746960	56599920	52	F	1	1	X	X
218824132	56599425	0	F	1	2	X	X
219157088	56598317	56	M	1	0	X	517666945
219402672	56597455	62	F	1	1	X	X
219402725	56599073	65	M	1	0	X	X
220028167	56599122	27	F	1	9	X	514668175
220028178	56598991	25	F	1	0	X	517668859
220028179	56598991	27	F	1	9	X	517668752
220052786	56598853	5	M	1	2	450100218	X
220052788	56598853	9	F	1	2	450100218	X
220052789	56598853	7	F	1	2	450100218	X
220052790	56598853	7	F	1	2	450100218	X
220109610	56550741	60	F	1	1	X	X
220268225	56599985	79	F	1	4	X	X
220268227	56599985	52	M	1	1	X	517788510
220268250	56598893	51	F	1	0	X	515183373
220555434	56599457	73	F	1	1	X	X
220555457	56598442	79	M	1	0	X	X
220555458	56598442	73	F	1	1	X	X
220809056	56599141	7	M	1	7	450100218	X
220969166	56597709	88	F	1	0	X	X
221095873	56598186	54	F	1	0	X	517667674
221202676	56599139	58	F	1	1	X	517668761
221623735	56598618	28	M	1	0	X	517669038
221623736	56598618	27	F	1	1	X	517668874
221623738	56598618	6	M	1	2	450100218	X
221623747	56598872	28	M	1	0	X	517668322
221623750	56598872	6	M	1	2	450100218	X
221623867	56598563	28	M	1	0	X	517668861
221623868	56598563	27	F	1	1	X	517666808
221623869	56598563	1	F	1	2	X	X
221623870	56598563	6	M	1	2	450100218	X
221933584	56597579	68	M	1	0	X	517667698
221933631	56550761	68	M	1	0	X	517666962
222084130	56599312	61	M	1	0	X	517668792
222084168	56598635	61	M	1	0	X	517668584
222084174	56599393	61	M	1	0	X	517668801
222084197	56599527	35	F	1	2	X	X
222084198	56599527	61	M	1	0	X	517788439
222441574	56598262	54	M	1	0	X	517666962
222441575	56598262	16	F	1	11	450063600	X
222631841	56600010	55	F	1	0	X	517668045
222747849	56598971	56	M	1	1	X	517668859
222747858	56599999	56	M	1	1	X	517666808
222747859	56599999	19	F	1	2	X	517668792
222747860	56599999	56	F	1	0	X	X
222747868	56598440	19	F	1	2	X	517788475
222747870	56550766	56	M	1	1	X	517788475
222747871	56550766	19	F	1	2	X	517668979
222747885	56599525	56	M	1	1	X	517668859
222815480	56599288	1	F	1	2	X	X
222815482	56599288	20	F	1	1	X	X
222962828	56597840	36	F	1	0	X	517788697
222962829	56597840	42	M	1	10	X	515184295
223151017	56598216	37	F	1	1	X	517668104
223151018	56598216	9	F	1	2	450100218	X
223151058	56599252	9	F	1	2	450100218	X
223336734	56599776	65	F	1	0	X	X
223657971	56597886	50	F	1	0	X	517668516
223803166	56599698	51	F	1	1	X	X
223803170	56598097	51	F	1	1	X	X
223914746	56599872	56	F	1	0	X	X
223914747	56599872	11	M	1	2	450100218	X
223914748	56599872	45	M	1	1	X	517668761
223914749	56599872	7	F	1	2	450100218	X
223914750	56599872	9	M	1	2	450100218	X
223914881	56598816	56	F	1	0	X	X
223914882	56598816	11	M	1	2	450100218	X
223914883	56598816	45	M	1	1	X	517667347
223914885	56598816	9	M	1	2	450100218	X
224128330	56598376	87	F	1	1	X	X
224129835	56599784	20	F	1	0	X	517668866
224400813	56598004	64	F	1	0	X	517667720
225266015	56597487	26	F	1	1	X	517788340
225266016	56597487	42	M	1	0	X	517788450
225266029	56550953	26	F	1	1	X	517666627
225284510	56598455	43	M	1	0	X	517788475
225284558	56598593	43	M	1	0	X	517788730
225319827	56599138	46	M	1	0	X	514669419
225338822	56597884	47	F	1	1	X	517788506
225997204	56598604	18	M	1	2	X	517788356
225997205	56598604	45	F	1	1	X	517788475
225997234	56598112	18	M	1	2	X	517788340
225997236	56598112	44	M	1	0	X	517668628
226104601	56599234	59	F	1	1	X	517666808
226104602	56599234	64	M	1	0	X	517668859
226501899	56599129	55	F	1	1	X	517668859
226501900	56599129	12	M	1	2	450100218	X
226501901	56599129	53	M	1	0	X	517668874
227047962	56598218	10	F	1	2	X	X
227047963	56598218	8	F	1	2	X	X
227047964	56598218	6	M	9	2	X	X
227047982	56598755	10	F	1	2	X	X
227047984	56598755	6	M	9	2	X	X
227047985	56598755	33	M	1	0	X	515183380
227102956	56599238	43	F	1	0	X	517669021
227116024	56598646	77	F	1	0	X	X
227311768	56597770	13	F	1	2	450100218	X
227311769	56597770	15	F	1	2	450100219	X
227311771	56597770	38	F	1	0	X	517668632
228306429	56598765	47	F	1	0	X	517666813
228306445	56598417	47	F	1	0	X	517788693
228465112	56599502	69	M	1	0	X	X
228465116	56599278	69	M	1	0	X	X
228465117	56599278	65	F	1	1	X	X
228465119	56599673	65	F	1	1	X	X
228864411	56597517	43	F	1	0	X	517668666
228864412	56597517	44	M	1	1	X	517788340
228864413	56597517	19	M	1	2	X	517788475
228905636	56599243	61	F	1	0	X	517668865
229264510	56598489	10	M	1	2	X	X
229264511	56598489	46	M	1	1	X	517666627
229264558	56599664	10	M	1	2	X	X
229264559	56599664	46	M	1	1	X	517668859
229264560	56598400	11	M	1	2	X	X
229264562	56598400	10	M	1	2	X	X
229264596	56597865	11	M	1	2	X	X
229264597	56597865	36	F	1	0	X	X
229264599	56597865	46	M	1	1	X	517668467
229353877	56597623	74	F	1	0	X	X
229691784	56550733	71	F	1	0	X	517668271
229991137	56597898	67	F	1	1	X	X
229991152	56599532	66	M	1	0	X	517788413
230089145	56550927	16	F	1	2	450100219	X
230089146	56550927	46	M	1	1	X	517666808
230089147	56550927	45	F	1	0	X	517666964
230467655	56550720	72	M	1	1	X	X
230950873	56598403	22	F	1	9	X	517667194
230975719	56597745	20	M	1	8	X	517667655
230975720	56597745	24	M	1	0	X	517668564
230975721	56597745	20	M	1	3	X	517666627
230975722	56597745	25	F	1	3	X	517668604
230975740	56598463	24	M	1	0	X	517788532
230975903	56598292	20	M	1	8	X	517668104
230975905	56598292	20	M	1	3	X	517788697
231182128	56598898	7	F	1	2	450100218	X
231182129	56598898	42	M	1	0	X	517788475
231182130	56598898	41	F	1	1	X	517667444
231500536	56598334	14	F	1	2	450100218	X
231518144	56550821	15	F	1	2	450100219	X
231518145	56550821	56	M	1	0	X	517788469
231518240	56598321	15	F	1	2	450100219	X
231518241	56598321	56	M	1	0	X	517667702
231518242	56598321	14	M	1	2	450100219	X
231518372	56598278	15	F	1	2	450100219	X
231518374	56598278	14	M	1	2	450100219	X
231518470	56599611	14	M	1	2	450100219	X
231518471	56599611	50	F	1	1	X	X
231749428	56599045	36	F	1	0	X	517669005
231749434	56598225	36	F	1	0	X	517667666
231749435	56598225	3	M	1	2	X	X
231749445	56598928	10	F	1	2	450100218	X
231749447	56598928	3	M	1	2	X	X
231749491	56598769	36	F	1	0	X	517788344
231749492	56598769	3	M	1	2	X	X
231749527	56599415	36	F	1	0	X	517668752
231749528	56599415	3	M	1	2	X	X
231749580	56598736	10	F	1	2	450100218	X
231749581	56598736	36	F	1	0	X	517667304
231851393	56598775	55	M	1	1	X	517668416
231851394	56598775	50	F	1	0	X	517666627
232237548	56551000	73	M	1	0	X	517668540
232237585	56599174	68	F	1	1	X	X
232237586	56599174	73	M	1	0	X	517668859
232237595	56599074	68	F	1	1	X	X
232237596	56599074	73	M	1	0	X	517668874
232777035	56599075	36	M	1	0	X	517668838
232860934	56598827	9	F	1	2	450100218	X
232860935	56598827	32	F	1	1	X	X
233195908	56597477	9	F	1	2	450100218	X
233516731	56599199	11	M	1	2	450100218	X
233771923	56599702	25	M	1	10	X	517788533
233771941	56598837	25	M	1	10	X	517667404
233771943	56598837	0	M	1	2	X	X
233848492	56599846	39	F	1	0	X	X
233853783	56599672	46	M	1	1	X	517669024
233853785	56599672	17	F	1	2	450100219	X
233936596	56550694	37	M	1	0	X	515186267
234078542	56599203	39	F	1	0	X	517668792
234117911	56599448	74	M	1	0	X	X
234117912	56599448	70	F	1	1	X	X
234212125	56598056	39	F	1	0	X	517666766
234212126	56598056	36	M	1	1	X	517667094
234212127	56598056	5	M	1	2	450066968	X
234729217	56597986	50	M	1	1	X	517668594
234806972	56599571	47	F	1	0	X	517668995
234918340	56550857	20	F	1	2	X	517666285
234918341	56550857	17	M	1	2	X	X
235015914	56597547	45	F	1	0	X	517668859
235015917	56599897	45	F	1	0	X	517668859
235015932	56599585	45	F	1	0	X	517788355
235401222	56597531	7	M	1	5	450100218	X
235401223	56597531	8	F	1	5	450100218	X
235401225	56597531	62	M	1	0	X	517668639
235813406	56598062	69	M	1	0	X	X
236116590	56599740	32	F	1	0	X	517668859
236116591	56599740	15	M	1	2	450100219	X
236296430	56550984	65	F	1	1	X	X
236296433	56599842	65	F	1	1	X	X
236296435	56599842	68	M	1	0	X	X
236713761	56598457	4	F	1	2	450099883	X
236949110	56599808	34	F	1	0	X	517668859
236949111	56599808	10	M	1	2	450100218	X
237010013	56599142	32	M	1	0	X	517788441
237010014	56599142	44	F	1	10	X	517668800
237010033	56550915	32	M	1	0	X	517667094
237010072	56598970	44	F	1	10	X	514670436
237010087	56599863	32	M	1	0	X	517668175
237079208	56599661	46	M	1	0	X	514668850
237079209	56599661	47	F	1	1	X	517668866
237306921	56597696	63	M	1	0	X	X
237306922	56597696	60	F	1	1	X	517666962
238098590	56550967	50	F	1	1	X	515183403
238142854	56598875	59	M	1	0	X	517668444
238142864	56599006	59	M	1	0	X	514690946
238279777	56598282	46	F	1	1	X	X
238301410	56598152	11	F	1	2	450100218	X
238301412	56598152	34	F	1	1	X	517668632
238301432	56597572	39	M	1	0	X	515183484
238301433	56597572	34	F	1	1	X	517666873
238301473	56599683	11	F	1	2	450100218	X
238301474	56599683	39	M	1	0	X	517669024
238301475	56599683	34	F	1	1	X	517668801
238301485	56599542	11	F	1	2	450100218	X
238301486	56599542	39	M	1	0	X	517667730
238301501	56597944	39	M	1	0	X	517668644
238301502	56597944	34	F	1	1	X	517668673
238414835	56599701	32	F	1	0	X	517668859
238414836	56599701	31	M	1	1	X	517668859
238414883	56597532	32	F	1	0	X	517668966
238414884	56597532	31	M	1	1	X	517668632
238414885	56597532	13	M	1	2	450100218	X
238414886	56597532	10	M	1	2	450100218	X
238414890	56599905	10	M	1	2	450100218	X
238696058	56599396	1	F	1	2	X	X
238696059	56599396	37	M	1	1	X	517668843
238696061	56599396	37	F	1	0	X	517668836
238761370	56599700	27	M	1	0	X	517668859
238761502	56599373	27	M	1	0	X	517668752
238761503	56599373	5	M	1	2	450099883	X
238761504	56599373	24	F	1	1	X	517668859
238763804	56598862	29	M	1	9	X	517666962
238763805	56598862	0	F	1	2	X	X
238763843	56599757	29	M	1	9	X	517668759
238763844	56599757	0	F	1	2	X	X
238763845	56599757	23	F	1	0	X	X
239050227	56598777	73	F	1	0	X	X
239050231	56597951	73	F	1	0	X	X
239241979	56597805	37	M	1	1	X	517668526
239241981	56597805	13	F	1	2	450100218	X
239242070	56597938	9	M	1	2	450100218	X
239242071	56597938	37	M	1	1	X	517788525
239242072	56597938	36	F	1	0	X	515186308
239279175	56599310	57	F	1	1	X	X
239279176	56599310	64	M	1	0	X	X
239279191	56599742	57	F	1	1	X	X
239295122	56598381	50	F	1	1	X	517669038
239295123	56598381	14	M	1	2	450100219	X
239579098	56597485	50	F	1	0	X	X
239579137	56598449	51	M	1	1	X	517666962
239866848	56597925	42	F	1	1	X	515183313
239866849	56597925	45	M	1	0	X	517668639
239866850	56597925	12	F	1	2	450100218	X
239895998	56598954	8	M	1	2	450100218	X
239896014	56599212	8	M	1	2	450100218	X
239896017	56599212	32	F	1	1	X	517668859
240267063	56599967	55	F	1	1	X	514668842
240934070	56599559	15	F	1	2	450100219	X
240934071	56599559	57	M	1	0	X	517668792
241574005	56598480	33	M	1	0	X	517669059
241574006	56598480	26	F	1	10	X	517668121
241610193	56597988	47	M	1	1	X	517668656
241610194	56597988	48	F	1	0	X	X
241770852	56598651	52	F	1	1	X	X
241815844	56597863	47	M	1	0	X	517668667
242071016	56598448	60	F	1	0	X	X
242071020	56550789	60	F	1	0	X	X
242103426	56598483	15	F	1	2	450100219	X
242230415	56597534	30	F	1	0	X	514674796
242230488	56597970	37	M	1	1	X	517668604
242230489	56597970	30	F	1	0	X	517667199
242382485	56599575	27	M	1	0	X	517666808
242382486	56599575	6	F	1	2	450100218	X
242841069	56597834	6	M	1	2	450066968	X
242841070	56597834	41	M	8	0	X	517668603
242843322	56599485	5	M	1	2	450100218	X
242843323	56599485	8	F	1	2	450100218	X
242843324	56599485	30	M	1	0	X	517668792
242919973	56597495	48	F	1	0	X	X
243524729	56598710	23	F	1	3	X	517667698
243524730	56598710	2	M	1	2	X	X
243524731	56598710	0	M	1	2	X	X
243524793	56599694	23	F	1	3	X	517668796
244283510	56598990	39	M	1	0	X	517668859
244338953	56597793	51	M	1	0	X	517666808
244578709	56597904	59	M	1	0	X	X
244712252	56598628	0	M	1	2	X	X
244717298	56598411	52	F	1	0	X	X
244795269	56599649	54	M	1	0	X	517788419
244795270	56599649	53	F	1	1	X	517668847
244795273	56600022	54	M	1	0	X	517668859
244795285	56597895	54	M	1	0	X	517668580
244795286	56597895	53	F	1	1	X	517788475
244795347	56599515	54	M	1	0	X	514669315
244795348	56599515	53	F	1	1	X	514669410
244795380	56599338	53	F	1	1	X	517668859
244795395	56597645	54	M	1	0	X	517788475
244911431	56598241	29	F	1	2	X	517668665
244911432	56598241	52	F	1	1	X	517667565
244911433	56598241	58	M	1	0	X	X
244971483	56600033	4	F	1	2	X	X
244971492	56550712	4	F	1	2	X	X
244971543	56598631	4	F	1	2	X	X
245011306	56598753	27	M	1	1	X	517667199
245011308	56598753	5	M	1	2	450100218	X
245011309	56598753	3	M	1	2	450066968	X
245069092	56599219	3	M	1	3	X	X
245069096	56599219	13	F	1	2	450100218	X
245069156	56599149	3	M	1	3	X	X
245069159	56599149	11	F	1	2	450100218	X
245069160	56599149	13	F	1	2	450100218	X
245069161	56599149	29	F	1	0	X	517788419
245392648	56598175	45	M	1	1	X	517667499
245392649	56598175	53	F	1	0	X	517668525
245402558	56597680	78	F	1	0	X	X
245402580	56597599	78	F	1	0	X	X
245420472	56599712	1	F	1	2	X	X
245420473	56599712	37	M	1	1	X	514669208
245420474	56599712	38	F	1	0	X	517668810
245420477	56597853	37	M	1	1	X	517668634
245420479	56597853	16	F	1	2	450100219	X
245519358	56599205	72	M	1	0	X	X
245607393	56598326	23	F	1	2	X	517666808
245607394	56598326	48	M	1	0	X	517788475
245644954	56597682	55	F	1	1	X	517788475
245644955	56597682	55	M	1	0	X	X
245644959	56597916	55	M	1	0	X	X
245644988	56598293	55	F	1	1	X	515186308
246520667	56599188	48	F	1	10	X	517668799
247401033	56599974	39	M	1	0	X	517668851
247401044	56599008	39	M	1	0	X	517788415
247407110	56598083	32	F	1	0	X	517668567
247439320	56550810	43	F	1	1	X	517788475
247535085	56597879	64	M	1	0	X	X
247562832	56598687	63	M	1	0	X	517788475
247924516	56597613	48	F	1	0	X	517668529
247987191	56598023	58	M	1	0	X	517788503
247987203	56597768	58	M	1	0	X	517668657
247987204	56597768	54	F	1	1	X	517668593
247987222	56599896	54	F	1	1	X	517668792
247987255	56597828	58	M	1	0	X	517666282
247987266	56598639	54	F	1	1	X	517788475
247987303	56598892	58	M	1	0	X	517668632
247987304	56598892	54	F	1	1	X	517668857
248026891	56598271	49	F	1	1	X	517502847
248026908	56598368	59	M	1	0	X	517667488
248026909	56598368	49	F	1	1	X	517788475
248422090	56597784	61	F	1	0	X	X
248492891	56598064	45	F	1	7	X	517667892
248582703	56598759	61	M	3	0	X	X
249215466	56598818	53	F	1	0	X	517668806
249345094	56598386	49	F	1	0	X	517668653
249384509	56598452	72	F	1	0	X	X
249384510	56599550	72	F	1	0	X	X
249547042	56600035	70	F	1	1	X	X
249780693	56550924	60	F	1	0	X	X
250452615	56599248	29	M	1	1	X	517668808
250452640	56599555	28	F	1	0	X	517668985
250452649	56599470	29	M	1	1	X	517668874
250505804	56599433	67	F	1	1	X	X
250699983	56598040	64	M	1	0	X	517788527
250752394	56597957	67	F	1	0	X	517788502
250779393	56597718	28	F	1	2	X	517668604
251039485	56598526	52	M	1	0	X	517669038
251039486	56598526	48	F	1	1	X	X
251193668	56599956	44	M	1	0	X	517668792
251193670	56599956	43	F	1	1	X	X
251193671	56599956	10	F	1	2	450100218	X
251271729	56597985	9	M	1	2	450100218	X
251278704	56598634	56	F	1	0	X	515188484
251308869	56598425	64	F	1	0	X	517668104
251534075	56599494	50	F	1	0	X	X
251534096	56599680	68	M	1	1	X	X
251534099	56599028	50	F	1	0	X	X
251727590	56599401	54	F	1	1	X	514669271
251727642	56599335	54	F	1	1	X	517668859
252166922	56599677	60	M	1	0	X	517668781
252194200	56599331	71	F	1	0	X	517668775
252194201	56599130	71	F	1	0	X	517668859
252194206	56599256	71	F	1	0	X	517788441
252569406	56598408	64	F	1	0	X	517788451
252573832	56599954	50	M	1	1	X	514669360
252573838	56550962	50	M	1	1	X	517667806
252586302	56598018	60	F	1	1	X	517667048
252586303	56598018	51	M	1	0	X	517668584
252620285	56550959	48	M	1	0	X	515183403
252620288	56550959	42	F	1	1	X	517668678
252720665	56598919	66	F	1	1	X	X
252720667	56598919	86	F	1	6	X	X
253825888	56598847	80	F	1	0	X	X
253838951	56550867	65	M	1	0	X	517668428
253838952	56550867	69	M	1	3	X	517668702
254023352	56599596	69	M	1	0	X	X
254023353	56599596	71	F	1	1	X	X
254023356	56599303	69	M	1	0	X	X
254144331	56598553	68	F	1	0	X	X
254152855	56599257	26	M	1	0	X	517788419
254152856	56599257	25	F	1	1	X	X
254152866	56599441	25	F	1	1	X	X
254218266	56598572	69	M	1	0	X	X
254222043	56597465	79	F	1	6	X	X
254222044	56597465	85	M	1	6	X	X
254222047	56599723	79	F	1	6	X	X
254222048	56599723	85	M	1	6	X	X
254566297	56550976	77	F	1	0	X	X
255154861	56599044	28	M	1	0	X	517669005
255434035	56597885	13	F	1	2	450100218	X
255434037	56597885	16	M	1	2	450100219	X
255517363	56597657	69	F	1	0	X	517668680
255706099	56597662	55	F	1	0	X	X
255706101	56597662	52	M	1	1	X	517666962
256093659	56598686	20	F	1	2	X	517788475
256093660	56598686	51	M	1	0	X	517668597
256093679	56550921	20	F	1	2	X	517788475
256093680	56550921	51	M	1	0	X	517666154
256093682	56550921	17	M	1	2	450100219	X
256181248	56597818	81	M	1	0	X	X
256181249	56597818	80	F	1	1	X	X
256181260	56599511	81	M	1	0	X	X
256846982	56598609	62	F	1	0	X	517788497
256967860	56598068	14	F	1	2	450100218	X
256967861	56598068	37	M	1	1	X	515184295
257098895	56598347	60	M	1	0	X	517788455
257098897	56598347	34	F	1	2	X	515191434
257523278	56599209	5	M	1	2	X	X
257523280	56599209	11	F	1	2	450100218	X
257523297	56550696	42	M	1	0	X	517788475
257523299	56550696	7	M	1	2	450100218	X
257523301	56550696	33	F	1	1	X	X
257667834	56597764	54	F	1	1	X	517666962
257667880	56598778	54	F	1	1	X	517667488
257667893	56600002	56	M	1	0	X	X
257698942	56597607	53	F	1	1	X	517788475
257698944	56597607	57	M	1	0	X	517666916
257802828	56597769	44	M	1	0	X	517667272
257802829	56597769	17	F	1	2	450100219	X
257802830	56597769	20	M	1	2	X	517668879
257802831	56597769	47	F	1	1	X	517788525
257889011	56598402	75	M	1	0	X	X
258101928	56599802	54	M	1	0	X	X
258101934	56597570	54	M	1	0	X	X
258174293	56597684	57	F	1	1	X	X
258174294	56597684	64	M	1	0	X	517788451
258390765	56550681	54	F	1	1	X	X
258390766	56550681	55	M	1	0	X	517788507
258390767	56550681	11	M	1	2	450067304	X
258390776	56598021	13	M	1	2	450067304	X
258390777	56598021	54	F	1	1	X	X
258390780	56597897	13	M	1	2	450067304	X
258390781	56597897	54	F	1	1	X	X
258390844	56550974	13	M	1	2	450067304	X
258390845	56550974	54	F	1	1	X	X
258687309	56597500	48	M	1	1	X	517788420
258719187	56599204	70	M	1	0	X	X
258730141	56599530	31	M	1	0	X	517788438
258730142	56599530	30	F	1	1	X	517668859
258730160	56598158	0	M	1	2	X	X
258730161	56598158	31	M	1	0	X	517788697
258730162	56598158	30	F	1	1	X	517788457
258730194	56550878	30	F	1	1	X	517668572
258730195	56550878	2	M	1	2	X	X
258902481	56598468	24	M	1	0	X	517666627
259093606	56598168	63	F	1	1	X	517788475
259419198	56598198	64	M	1	0	X	X
259697732	56598117	72	F	1	1	X	X
259697733	56598117	76	M	1	0	X	X
259806297	56597676	48	M	1	0	X	517668570
259903273	56598115	2	M	1	2	X	X
259960354	56599218	17	F	1	2	450100219	X
259960356	56599218	25	M	1	2	X	X
259960368	56597537	25	M	1	2	X	X
259965368	56599806	19	M	1	0	X	X
259965396	56598690	19	M	1	0	X	X
259965419	56598730	19	M	1	0	X	X
260147837	56598059	65	F	1	1	X	X
260147862	56598032	64	M	1	0	X	X
260147865	56597934	64	M	1	0	X	X
260147866	56597934	29	M	1	2	X	X
260500622	56599228	51	M	1	0	X	517668808
260500623	56599228	44	F	1	1	X	X
260503953	56598648	54	F	1	9	X	517668588
260503954	56598648	51	M	1	0	X	517669024
260503961	56599280	54	F	1	9	X	517668859
260503963	56599118	54	F	1	9	X	517668392
260503964	56599118	51	M	1	0	X	517668859
260698738	56598129	54	F	1	1	X	517788475
260920135	56550919	66	M	1	0	X	X
260920136	56550919	64	F	1	1	X	517668638
260920153	56599358	66	M	1	0	X	X
260992726	56597744	61	M	1	0	X	X
261211349	56597686	77	F	1	0	X	X
261250918	56599995	37	F	1	0	X	517668859
261352903	56597681	79	M	1	0	X	X
261352904	56599736	74	F	1	1	X	X
261352913	56600024	79	M	1	0	X	X
261653381	56598252	82	M	1	0	X	517668669
261705212	56599403	54	M	1	0	X	X
261705219	56598495	54	M	1	0	X	X
261705230	56599866	54	M	1	0	X	X
262178648	56599665	16	M	1	2	450100219	X
262178675	56599857	16	M	1	2	450100219	X
262178676	56599857	15	F	1	2	450100219	X
262178677	56599857	42	F	1	0	X	514668129
262242502	56598931	53	F	1	10	X	517668859
262900173	56597626	15	F	1	2	450100219	X
262900174	56597626	48	F	1	1	X	517788495
262978030	56598556	54	M	1	0	X	517666627
263032612	56599361	72	M	1	0	X	X
263160710	56599237	4	M	1	2	X	X
263160712	56599237	33	F	1	1	X	X
263389585	56598104	82	M	1	1	X	X
263389586	56598104	79	F	1	0	X	X
263518806	56599888	43	F	1	1	X	517668748
263518808	56599888	19	M	1	2	X	514669237
263597355	56598177	60	F	1	0	X	517667832
263774251	56598968	67	M	1	0	X	X
263792484	56550732	18	M	1	2	450100219	517668859
263792487	56550732	44	F	1	1	X	517668568
263792496	56550779	18	M	1	2	450100219	517666074
263792498	56550779	40	M	1	0	X	X
263792604	56597801	18	M	1	2	450100219	517666752
263792605	56597801	16	M	1	2	450100219	517668681
263792606	56597801	40	M	1	0	X	X
263871120	56598234	48	M	1	0	X	517668267
263875207	56599187	68	M	1	1	X	X
263875208	56599106	66	F	1	0	X	X
263875209	56599106	68	M	1	1	X	X
263875229	56599616	68	M	1	1	X	X
264397686	56598835	52	M	1	0	X	517668782
264397687	56598835	56	F	1	10	X	517788343
264839988	56550909	37	M	1	0	X	X
264839989	56550909	5	M	1	2	X	X
264906756	56597621	29	F	1	1	X	X
264906757	56597621	7	M	1	2	450100218	X
264906759	56597621	31	M	1	0	X	517666649
264906760	56597621	10	M	1	2	450100218	X
265024771	56598501	6	M	1	2	450066968	X
265581577	56598477	32	F	1	1	X	517668667
265581578	56598477	31	M	1	0	X	517668665
265782734	56599983	50	F	1	0	X	X
265782736	56599983	50	M	1	1	X	517668748
266181726	56598548	54	F	1	0	X	517667694
266181741	56599002	54	F	1	0	X	517667734
266181759	56599148	54	F	1	0	X	517788442
266455638	56599977	17	M	1	2	450100219	X
266455642	56598324	17	M	1	2	450100219	X
266455643	56598324	42	M	1	0	X	517788475
266497601	56599472	75	F	1	1	X	X
266497602	56599472	78	M	1	0	X	X
266632413	56598596	2	F	1	2	X	X
266732245	56597817	61	M	1	0	X	515184295
266732268	56597969	59	F	1	1	X	517668210
266827425	56598575	15	F	1	2	450063600	X
266827428	56598575	13	M	1	2	450067304	X
266963482	56598033	62	F	1	1	X	X
266979335	56598925	29	M	1	1	X	517668995
266979336	56598925	2	F	1	2	X	X
266979337	56598925	5	F	1	2	450100218	X
266979338	56598925	25	F	1	0	X	517668778
266979339	56598925	0	M	1	2	X	X
266979395	56550964	29	M	1	1	X	515191434
266979398	56550964	25	F	1	0	X	517668584
266979399	56550964	0	M	1	2	X	X
266979451	56597631	2	F	1	2	X	X
266979452	56597631	5	F	1	2	450100218	X
266979453	56597631	25	F	1	0	X	517667698
266979495	56597548	29	M	1	1	X	517667623
266979497	56597548	5	F	1	2	450100218	X
266979498	56597548	25	F	1	0	X	517788475
266979499	56597548	0	M	1	2	X	X
266979506	56598401	2	F	1	2	X	X
266979508	56598401	25	F	1	0	X	517788475
266979509	56598401	0	M	1	2	X	X
266979605	56598773	29	M	1	1	X	517666643
266979655	56598419	29	M	1	1	X	517668603
266979659	56598419	0	M	1	2	X	X
267126978	56598187	69	F	1	1	X	517668666
267126982	56599320	69	F	1	1	X	517668859
267715304	56597678	60	F	1	0	X	517668598
267835313	56550920	70	M	1	0	X	X
267848733	56597915	61	F	1	0	X	X
267848734	56597915	69	M	1	1	X	517666730
267981043	56599171	58	F	1	1	X	517668792
268025586	56598972	44	M	1	1	X	517668859
268193440	56599056	18	M	1	2	450100219	X
268193443	56599056	16	F	1	2	450100219	517668815
268281638	56598359	52	M	1	1	X	517788482
268686025	56599591	1	F	1	2	X	X
268686026	56599591	31	F	1	1	X	517666886
268686027	56599591	32	M	1	0	X	517668792
268691927	56597806	28	M	1	1	X	517788360
268691928	56597806	23	F	1	0	X	517668859
268691959	56598823	1	F	1	2	X	X
268709550	56597630	46	F	1	0	X	517668639
269451936	56550951	70	M	1	0	X	X
269688905	56550982	8	F	1	5	450100218	X
269688908	56550982	48	M	1	1	X	517667488
269911740	56599833	5	M	1	2	450099883	X
269911741	56599833	25	F	1	0	X	517668792
269911742	56599833	2	M	1	2	X	X
269911796	56599922	2	M	1	2	X	X
270213976	56599767	62	M	1	0	X	X
270679599	56598182	7	M	1	2	450067304	X
270751774	56597749	6	M	1	2	450100218	X
270751775	56597749	8	M	1	2	450100218	X
270800100	56550883	7	F	1	2	450100218	X
270800101	56550883	1	F	1	2	X	X
270800102	56550883	5	M	1	2	450099883	X
270800103	56550883	12	M	1	2	450100219	X
270800104	56550883	39	F	1	0	X	X
270800137	56598471	5	M	1	2	450099883	X
270800138	56598471	12	M	1	2	450100219	X
270800140	56598471	41	M	1	1	X	517668706
270800172	56598550	5	M	1	2	450099883	X
270800175	56598550	41	M	1	1	X	517667897
270967286	56598461	60	M	1	0	X	517668597
270967295	56599153	60	M	1	0	X	517668806
271003761	56550931	80	M	1	0	X	X
271028411	56599207	26	M	1	0	X	517668883
271028421	56550827	26	M	1	0	X	517666374
271256729	56598054	46	F	1	0	X	X
271256748	56597466	18	F	1	2	X	517668705
271256750	56597466	46	F	1	0	X	X
271402892	56597506	68	F	1	1	X	X
271402898	56599791	68	F	1	1	X	X
271402901	56550908	68	M	1	0	X	517668049
271402902	56550908	68	F	1	1	X	X
271526190	56599913	10	F	1	2	450100219	X
271526191	56599913	15	F	1	2	450100219	X
271735214	56599787	72	F	1	0	X	X
271920077	56599423	65	F	1	0	X	X
271942754	56599583	71	F	1	0	X	517669024
271985905	56599302	7	M	1	2	450100218	X
271985908	56599302	29	M	9	10	X	517668859
271985911	56599797	1	M	1	2	X	X
272170492	56597665	42	M	1	1	X	515184295
272266793	56598447	29	M	1	10	X	517666808
272266795	56598447	23	F	1	0	X	X
272270557	56597651	60	M	1	1	X	517666962
272270558	56597651	59	F	1	0	X	517668782
272677780	56597781	20	F	1	2	X	X
272677782	56597781	44	F	1	1	X	X
272724644	56550970	26	M	1	0	X	517788475
272751518	56599267	58	M	1	0	X	514668712
272751527	56598349	49	F	1	1	X	X
272751528	56598349	58	M	1	0	X	517668638
272859535	56598746	51	M	1	0	X	517668085
272859601	56599462	51	M	1	0	X	517668792
272859602	56599462	48	F	1	1	X	X
272859617	56598729	51	M	1	0	X	517788351
272859646	56599337	48	F	1	1	X	X
272969041	56550728	10	M	1	2	450100218	X
272969042	56550728	40	M	1	1	X	517788523
272969050	56597654	10	M	1	2	450100218	X
273006457	56598669	53	M	1	0	X	X
273213760	56598824	24	M	1	2	X	X
273213852	56550864	69	M	1	0	X	X
273213854	56550864	58	F	1	1	X	517667892
273760799	56598914	66	F	1	1	X	X
274092431	56597797	10	F	1	2	450100218	X
274092432	56597797	38	F	1	0	X	515191434
274092433	56597797	28	M	1	10	X	517667488
274092452	56598228	10	F	1	2	450100218	X
274092453	56598228	38	F	1	0	X	517668720
274092458	56598683	10	F	1	2	450100218	X
274307613	56598699	26	M	1	0	X	517668680
274307614	56598699	1	F	1	2	X	X
274404452	56597975	54	M	1	1	X	517667637
274440247	56598528	20	F	1	1	X	X
274440250	56598528	19	F	1	7	X	515184295
274518154	56598247	26	F	1	10	X	517666047
274518161	56598891	25	M	1	0	X	X
274749314	56599971	61	M	1	0	X	X
274765093	56598511	3	M	1	2	X	X
276123754	56550697	16	F	1	2	450100219	X
276123774	56597746	40	F	1	1	X	517667389
276216245	56599710	37	F	1	1	X	517788432
276216247	56599710	11	M	1	2	450100219	X
276216248	56599710	38	M	1	0	X	517668792
276216304	56599275	38	M	1	0	X	517668831
276422851	56597845	22	M	1	0	X	515183313
276422878	56598545	21	F	1	1	X	515184295
276422879	56598545	22	M	1	0	X	517668576
276422904	56598170	21	F	1	1	X	517788697
276756589	56598850	25	F	1	0	X	517669087
276756590	56598850	2	F	1	2	X	X
276756591	56598850	25	M	1	1	X	X
277015658	56598704	89	M	1	1	X	X
277157657	56599329	48	M	1	2	X	517668859
277157658	56599329	70	F	1	0	X	X
277157674	56599455	35	F	1	2	X	X
277157675	56599455	48	M	1	2	X	517668804
277157676	56599455	70	F	1	0	X	X
277424104	56599082	40	F	1	1	X	517788441
277424106	56599082	22	M	1	2	X	517668792
277424107	56599128	40	F	1	1	X	517667041
277658472	56597652	79	F	1	1	X	X
277658506	56598789	79	F	1	1	X	X
278136271	56599659	37	M	1	0	X	517668859
278136272	56599659	7	F	1	2	450100218	X
278333376	56598060	62	F	1	0	X	517669011
278333377	56598060	49	M	1	10	X	517668704
278521811	56598084	56	F	1	1	X	517788475
278763145	56599116	8	M	1	2	450100218	X
278763146	56599116	6	F	1	2	450100218	X
278763147	56599116	11	M	1	2	450100219	X
278854345	56599003	26	F	1	0	X	517668792
279098130	56550723	31	F	1	1	X	X
279098132	56550723	8	M	1	2	450100218	X
279805311	56600029	69	F	1	0	X	X
279805315	56599079	69	F	1	0	X	X
279810853	56597849	46	F	1	0	X	517666808
279810854	56597849	48	M	1	1	X	514674597
279928706	56597905	30	M	1	0	X	517668288
279928707	56597905	3	M	1	2	X	X
280128967	56598074	2	F	1	2	X	X
280128968	56598074	39	F	1	1	X	517668968
280128969	56598074	45	M	1	0	X	517668604
280128977	56598544	39	F	1	1	X	517667012
280128997	56598808	2	F	1	2	X	X
280128999	56598808	45	M	1	0	X	517668591
280129003	56551004	2	F	1	2	X	X
280129004	56551004	39	F	1	1	X	517788475
280129015	56550840	2	F	1	2	X	X
280129016	56550840	39	F	1	1	X	517666287
280378377	56599535	70	F	1	4	X	X
280378398	56599561	37	F	1	0	X	X
280498402	56598911	54	F	1	0	X	517668745
281006910	56598102	57	M	1	0	X	517668723
281006946	56598624	57	M	1	0	X	517666047
281006948	56598624	55	F	1	1	X	X
281110503	56598602	7	M	1	5	450100218	X
281526694	56598412	55	F	1	0	X	517668614
281530106	56598086	78	F	1	0	X	X
281530108	56598086	15	F	1	5	450100219	X
282008765	56599127	28	M	1	1	X	517669003
282008767	56599127	5	M	1	2	X	X
282008768	56599127	4	F	1	2	X	X
282008769	56599127	3	F	1	2	X	X
282008770	56599127	0	F	1	2	X	X
282008771	56599904	28	M	1	1	X	517668829
282008772	56599904	32	F	1	0	X	517668997
282008775	56599904	3	F	1	2	X	X
282106370	56598195	65	M	1	0	X	X
282106374	56598985	65	M	1	0	X	X
282106375	56598985	65	F	1	1	X	X
282271708	56550824	55	F	1	1	X	517666315
282271724	56550767	55	F	1	1	X	517666058
282271725	56550767	54	M	1	0	X	X
282314764	56599747	51	M	1	0	X	517788361
282580904	56598569	60	M	1	1	X	517666237
282728650	56598438	51	F	1	0	X	517668800
282728651	56598438	48	M	1	10	X	517788465
282850232	56599746	93	F	1	0	X	X
283168040	56598275	72	M	1	0	X	X
283942291	56551008	43	F	1	0	X	517788475
283977796	56550845	40	M	1	2	X	517666808
284142760	56550916	6	M	1	2	450100218	X
284142779	56597992	27	F	1	0	X	517668474
284448188	56599105	66	F	1	1	X	517668985
284448189	56599105	66	M	1	0	X	517788441
284700747	56599027	37	F	1	1	X	517788474
284700748	56599027	8	M	1	2	450100218	X
284700750	56599027	6	F	1	2	450100218	X
284700751	56599027	2	F	1	2	X	X
285025930	56598223	58	M	1	0	X	517667458
285857307	56550899	6	M	1	2	X	X
285857308	56550899	10	M	1	2	450100218	X
285857309	56550899	30	F	1	0	X	517666627
286009396	56599624	49	F	1	1	X	517668792
286091937	56597819	56	M	1	1	X	517788475
286091970	56599007	51	F	1	0	X	517788441
286091987	56598169	56	M	1	1	X	517668653
286254385	56599771	26	M	1	9	X	517668162
286551566	56550917	75	F	1	1	X	X
286551567	56550917	79	M	1	0	X	X
286650095	56599792	46	F	1	0	X	517668785
286813536	56597823	6	F	1	12	450100218	X
286813537	56597823	24	F	1	12	X	X
286813539	56597823	24	M	1	2	X	517668104
286813540	56597823	55	F	1	0	X	517667557
286813541	56597823	28	M	1	2	X	515192397
287352660	56599631	23	M	1	8	X	517668818
287352661	56599631	29	M	1	8	X	517668987
287382449	56597955	67	M	1	0	X	517668672
287382461	56599208	67	M	1	0	X	517788510
287382462	56599208	62	F	1	1	X	514669234
287382475	56597525	67	M	1	0	X	517667832
287382476	56597525	62	F	1	1	X	517669038
287633066	56598554	10	M	1	2	450100218	X
287633067	56598554	8	M	1	2	450100218	X
287679141	56598226	16	F	1	2	450100219	515191434
287679142	56598226	40	F	1	1	X	517668165
288135869	56598288	35	F	1	0	X	517667648
288135870	56598288	16	F	1	2	450100219	X
288135928	56598034	9	F	1	2	450100218	X
288135929	56598034	35	F	1	0	X	517668792
288135930	56598034	16	F	1	2	450100219	X
288135955	56598890	9	F	1	2	450100218	X
288270669	56599899	40	F	1	1	X	517788510
288353971	56599093	46	F	1	0	X	514670352
288353974	56599093	46	M	1	1	X	517668792
288353989	56597771	10	M	1	2	450100218	X
288353990	56597771	46	M	1	1	X	517666643
288354005	56599392	10	M	1	2	450100218	X
288354025	56597526	10	M	1	2	450100218	X
288623986	56597551	50	F	1	1	X	517666808
288623987	56597551	49	M	1	0	X	517788475
289114953	56599235	65	F	1	1	X	X
289114955	56599760	65	F	1	1	X	X
289114956	56599760	69	M	1	0	X	517668792
289114965	56598571	65	F	1	1	X	X
289114966	56598571	69	M	1	0	X	517668634
289558908	56599644	73	F	1	0	X	X
289749059	56598131	51	F	1	1	X	517788451
289749060	56598131	67	M	1	0	X	517666167
289749067	56599264	51	F	1	1	X	517668066
289749109	56597927	51	F	1	1	X	517668859
289749110	56597927	67	M	1	0	X	517667832
289749115	56598974	51	F	1	1	X	517668266
289749116	56598974	67	M	1	0	X	517668859
290737005	56599069	48	M	1	1	X	517668859
290737006	56599069	44	F	1	0	X	517668866
291773162	56599840	78	M	1	0	X	X
292401593	56599347	48	F	1	0	X	517788533
292401594	56599347	17	M	1	2	450100219	X
292516151	56599528	44	F	1	9	X	X
292879328	56598940	1	M	1	2	X	X
292941566	56597575	46	M	1	0	X	517503372
292941567	56597575	44	F	1	1	X	517666627
292941574	56599290	46	M	1	0	X	517668792
292941575	56599290	44	F	1	1	X	517668857
292941581	56599770	44	F	1	1	X	517788510
293245499	56597981	52	F	1	0	X	517666962
293928091	56550926	67	F	1	1	X	X
293928092	56550926	66	M	1	0	X	X
293928109	56599768	67	F	1	1	X	X
293928182	56599011	66	M	1	0	X	X
293928194	56598689	66	M	1	0	X	X
293928195	56599399	67	F	1	1	X	X
293928196	56599399	66	M	1	0	X	X
293932518	56598281	60	F	1	1	X	517668564
293932519	56598281	62	M	1	0	X	517788475
293978504	56551010	66	M	1	0	X	X
294499303	56599383	74	M	1	1	X	517788510
294499304	56599383	72	F	1	0	X	517788510
294619089	56598813	84	F	1	0	X	X
294812564	56599308	0	F	1	2	X	X
294812565	56599308	29	F	1	1	X	X
294812566	56599308	1	F	1	2	X	X
294812567	56599308	29	M	1	0	X	517668861
294812584	56599620	0	F	1	2	X	X
294812587	56599620	29	M	1	0	X	517668752
294890836	56599950	30	F	1	1	X	X
294890838	56599950	1	F	1	2	X	X
294890871	56598877	1	F	1	2	X	X
294930858	56598517	45	F	1	0	X	517667488
294930860	56598517	13	M	1	2	450100218	X
294948653	56598113	61	F	1	0	X	517668680
294980152	56598589	0	M	1	2	X	X
294980187	56599605	31	F	1	0	X	517668859
294980188	56599605	0	M	1	2	X	X
294980189	56599605	31	M	1	1	X	517668874
295004466	56598322	5	M	1	2	450099883	X
295004495	56599120	30	F	1	1	X	X
295004497	56599120	6	M	1	2	450099883	X
295265972	56599324	10	M	1	2	450100218	X
295265986	56599451	34	M	1	1	X	X
295265988	56599451	10	M	1	2	450100218	X
295274252	56597762	64	F	1	0	X	514674597
295274261	56550685	64	F	1	0	X	517667752
295277756	56598716	10	M	1	2	450100219	X
295277770	56599774	10	M	1	2	450100219	X
295277771	56599774	48	F	1	0	X	517668752
295349314	56598496	5	F	1	2	450100218	X
295349315	56598496	28	F	1	10	X	X
295349316	56598496	26	M	1	0	X	517668457
295349317	56598496	0	M	1	2	X	X
295349364	56597603	5	F	1	2	450100218	X
296234910	56598006	16	M	1	2	450100219	X
296234911	56598006	35	F	1	1	X	517666085
296234912	56598006	38	M	1	0	X	517668622
296262122	56598309	48	F	1	0	X	517788475
296262123	56598309	18	M	1	2	X	X
296262125	56598309	12	M	1	2	450100219	X
296639898	56599968	61	F	1	1	X	X
296639899	56599968	78	M	1	0	X	X
296639938	56597528	61	F	1	1	X	X
296906740	56550716	64	F	1	2	X	X
296906741	56550716	77	F	1	0	X	X
296935625	56599445	52	M	1	0	X	517668851
296935626	56599445	48	F	1	1	X	X
297381937	56597577	77	M	1	0	X	X
297507181	56598652	37	F	1	10	X	517667184
297511228	56599836	27	M	1	0	X	X
297843407	56598783	65	M	1	0	X	517666808
297962646	56599416	5	M	1	2	450099883	X
298229632	56599654	23	F	1	0	X	517668752
298568210	56599078	55	M	1	0	X	517668823
298568211	56599078	55	F	1	1	X	517788714
298919855	56598868	53	F	1	1	X	517788451
298919856	56598868	48	M	1	0	X	517668864
299033048	56550726	64	F	1	2	X	X
299106554	56599568	78	F	1	1	X	X
299288845	56550945	60	M	1	0	X	517667332
299734610	56599744	73	F	1	1	X	X
299795622	56598001	12	F	6	2	450100219	X
299795623	56598001	52	F	1	0	X	517788475
299858683	56598270	45	M	1	1	X	517667408
299863375	56598621	68	M	1	1	X	X
299863376	56598621	65	F	1	0	X	X
299941096	56599958	80	M	1	0	X	X
300001917	56599409	30	M	8	1	X	517668857
300368059	56597788	61	M	1	0	X	X
300402323	56597476	50	M	1	0	X	517788820
300576014	56598961	50	M	1	0	X	517668866
300729611	56598817	82	M	1	0	X	515186267
300729612	56598817	81	F	1	1	X	X
300729620	56597518	81	F	1	1	X	X
300770043	56598035	58	F	1	1	X	517788499
300861037	56550979	76	M	1	0	X	X
300861038	56550979	69	F	1	1	X	517668975
300962080	56598291	62	F	1	0	X	X
300962081	56598291	63	M	1	1	X	517668975
301341435	56600000	49	M	1	0	X	X
301696483	56599509	57	M	1	0	X	517668874
301819461	56599380	25	F	1	0	X	X
301819462	56599380	26	M	1	1	X	517668859
302246545	56598149	64	F	1	0	X	X
302298244	56597587	57	F	1	0	X	X
302298245	56597587	57	M	1	1	X	X
302360958	56598913	30	M	1	0	X	517788451
302361013	56598757	26	F	1	1	X	X
302494582	56599180	52	M	1	0	X	517668859
302812964	56598873	59	M	1	1	X	517668704
302936736	56599725	27	M	1	0	X	517668801
302936737	56599725	18	M	1	7	X	X
302948883	56597653	44	M	1	0	X	X
302948898	56599546	44	F	1	1	X	517788510
302948899	56599546	44	M	1	0	X	X
302948901	56599546	18	M	1	2	450100219	X
302948914	56598048	44	F	1	1	X	517788477
302948915	56598048	44	M	1	0	X	X
302948917	56598048	18	M	1	2	450100219	X
302959983	56598245	41	F	1	1	X	517668782
303052095	56598786	56	F	5	1	X	517667488
303052096	56598786	60	M	1	0	X	517668104
303082200	56598137	54	M	1	0	X	517666627
303082201	56598137	53	F	1	1	X	517666914
303258800	56598294	57	F	1	0	X	X
303258801	56598294	55	M	1	1	X	517668973
303543061	56599184	53	M	1	0	X	517668752
303650338	56599917	17	F	6	2	450100219	X
303650341	56599917	58	M	1	1	X	517668859
303650378	56599625	17	F	6	2	450100219	X
303650381	56599625	58	M	1	1	X	517788437
303704611	56598698	26	M	1	2	X	517669077
303785876	56599545	53	M	1	0	X	517668859
303858921	56599789	54	F	1	0	X	517668792
304038060	56598856	6	M	1	2	450100218	X
304038064	56598856	12	M	1	2	450100218	X
304300447	56597451	61	F	1	0	X	517788475
304345590	56597695	57	M	1	0	X	X
304427042	56597569	2	F	1	2	X	X
304427044	56597569	38	F	1	1	X	X
304753045	56599471	12	M	1	2	450100219	X
305262681	56599086	54	F	1	1	X	517668792
305262682	56599086	54	M	1	0	X	517669018
305262699	56599365	54	F	1	1	X	517668859
305262700	56599365	54	M	1	0	X	517788510
305347703	56599246	74	F	1	0	X	X
305347714	56550947	79	M	1	1	X	517668719
305347715	56550947	74	F	1	0	X	X
305820494	56599047	29	M	1	0	X	517669024
305832332	56597733	78	M	1	0	X	X
305832339	56598089	80	F	1	1	X	X
305905838	56599618	33	M	1	0	X	517788355
305905844	56550793	2	M	1	2	X	X
305905845	56550793	30	F	1	1	X	515191311
305905946	56599522	33	M	1	0	X	517668859
305905948	56599522	2	M	1	2	X	X
306395634	56598391	0	M	1	5	X	X
306395636	56598391	4	F	1	5	450066968	X
306395638	56598391	60	M	1	1	X	X
306615233	56599885	47	M	1	0	X	517668843
306722896	56599436	48	M	1	0	X	517668847
306722897	56599436	49	F	1	1	X	517668792
306800135	56599496	72	M	1	0	X	X
306800140	56599663	72	M	1	0	X	X
307475614	56597939	26	F	1	0	X	X
307475616	56597939	5	F	1	2	450100218	X
307489716	56598325	0	F	1	2	X	X
307489718	56598325	48	M	1	0	X	517668975
307489719	56598325	40	F	1	1	X	517668708
307489762	56599400	9	F	1	2	450100218	X
307489764	56599400	40	F	1	1	X	517668815
307566651	56599245	4	M	1	2	X	X
307566652	56599245	30	F	1	0	X	X
307566653	56599245	0	M	2	2	X	X
307566654	56599245	4	F	1	2	X	X
307914126	56597720	63	F	1	0	X	517666587
308330272	56598950	50	M	1	10	X	517668792
308330275	56598950	54	F	1	0	X	514668224
308330322	56599227	30	F	1	2	X	517668859
308526973	56599362	36	F	1	1	X	X
308526974	56599362	13	F	1	2	450100219	X
308526976	56599362	17	M	1	2	450100219	X
308527001	56598289	36	F	1	1	X	X
308527003	56598289	38	M	1	0	X	517668704
308527051	56598209	38	M	1	0	X	517667996
308527052	56598209	17	M	1	2	450100219	X
308558478	56598742	29	F	1	0	X	517788475
308558537	56599592	4	M	1	2	450099883	X
308558539	56599592	6	M	1	2	450100218	X
308615834	56597452	74	F	1	0	X	X
308636638	56550950	59	F	1	0	X	517666627
308636639	56550950	35	M	9	2	X	517788475
308653366	56550718	7	F	1	2	450100218	X
309036512	56599041	30	M	1	1	X	517668742
309036554	56597472	28	F	1	0	X	517788475
309036555	56597472	3	F	1	2	X	X
309036558	56598932	28	F	1	0	X	517668857
309036581	56599932	5	F	1	2	X	X
309036583	56599932	3	F	1	2	X	X
309043838	56598075	70	F	1	1	X	X
309170365	56599022	9	F	1	2	450100218	X
309170367	56599022	32	M	1	0	X	517668859
309170400	56598750	32	M	1	0	X	517669024
309170403	56599652	32	M	1	0	X	517788416
309170432	56599192	28	F	1	1	X	X
309170433	56599192	32	M	1	0	X	517666808
309170437	56599164	9	F	1	2	450100218	X
309170438	56599164	28	F	1	1	X	X
309170469	56598937	32	M	1	0	X	517668855
309288839	56598118	49	M	1	0	X	X
309813667	56599216	34	M	1	0	X	517666823
309813684	56599169	34	M	1	0	X	517668987
309862659	56599250	52	M	1	0	X	517668863
309862660	56599250	51	F	1	1	X	517668742
309862694	56550880	16	F	1	2	450100219	X
309862697	56550880	19	F	1	2	X	517666808
309988222	56599650	59	M	1	0	X	517668859
309988250	56599126	59	M	1	0	X	517668859
309988251	56599126	70	F	1	1	X	X
310878045	56550819	51	F	1	1	X	X
311194295	56598865	56	F	1	0	X	517788475
311426562	56597881	23	F	1	0	X	517788454
311576382	56599994	34	F	1	0	X	517668843
311666208	56599461	70	F	1	0	X	X
311666219	56550871	70	F	1	0	X	X
312106339	56550831	86	F	1	0	X	X
312610199	56598473	13	M	1	2	450100218	X
312610200	56598473	11	M	1	2	450100218	X
312610201	56598473	33	M	1	1	X	517666468
312610267	56599341	13	M	1	2	450100219	X
312610268	56599341	11	M	1	2	450100219	X
312811891	56597674	25	M	1	0	X	517668404
312814112	56598508	20	F	1	0	X	517668185
312944687	56599709	52	F	1	0	X	517669000
312944692	56599912	52	F	1	0	X	517666808
313277663	56599317	71	M	1	0	X	X
313277664	56599317	69	F	1	1	X	X
313692708	56599973	0	F	1	2	X	X
313692709	56599973	4	F	1	2	450066968	X
313692710	56599973	30	M	1	0	X	517668806
313692711	56599973	6	F	1	2	450100218	X
313692731	56598490	6	F	1	2	450100218	X
314111009	56598161	70	M	1	1	X	X
314111010	56598161	39	M	1	2	X	517668712
314111018	56598066	70	M	1	1	X	X
314111019	56598066	39	M	1	2	X	517668629
314111020	56598066	63	F	1	0	X	517666945
314471147	56599890	36	F	1	0	X	517668752
314471149	56599890	10	M	1	2	450100219	X
314767397	56597880	64	M	1	0	X	517668382
314801378	56597977	52	M	1	0	X	517788470
314801439	56597945	24	F	1	2	X	517667580
314801440	56597945	52	F	1	1	X	517669086
314801441	56597945	52	M	1	0	X	517666631
314807447	56550809	46	F	1	1	X	517666073
314807448	56550809	49	M	1	0	X	517668706
314807483	56598233	46	F	1	1	X	517668810
315094005	56599586	10	F	1	2	450100218	X
315094007	56599586	16	M	1	2	450100219	X
315094048	56599050	35	F	1	0	X	514668121
315094133	56550704	10	F	1	2	450100218	X
315094134	56550704	36	M	1	1	X	517668584
315094135	56550704	16	M	1	2	450100219	X
315163820	56598763	30	F	1	10	X	X
315163822	56598763	8	M	1	2	450100218	X
315163823	56598763	45	M	1	0	X	517667702
315229884	56598676	13	M	1	2	450100218	X
315229885	56598676	57	M	1	0	X	517668632
315229886	56598676	19	M	1	2	X	517668604
315229888	56598676	39	F	1	1	X	X
315229984	56550832	13	M	1	2	450100219	X
315229987	56550832	5	F	1	2	450100218	X
315265176	56599215	67	F	1	1	X	X
315265177	56599215	69	M	1	0	X	X
315402813	56599880	54	F	1	1	X	517669024
315402816	56599323	60	M	1	0	X	517668859
315402817	56599323	54	F	1	1	X	517668856
315402841	56550923	54	F	1	1	X	517667631
315798698	56598703	52	M	1	0	X	X
315798704	56598494	52	M	1	0	X	X
315798706	56598615	52	M	1	0	X	X
315810872	56597906	65	M	1	1	X	517668085
315810888	56599408	65	M	1	1	X	517668781
315810889	56599408	65	F	1	0	X	514669371
315810912	56599610	65	M	1	1	X	517668792
315832311	56598581	22	F	1	0	X	517668104
316146007	56599388	71	F	1	0	X	X
316233903	56597588	75	M	1	0	X	X
316356904	56550872	47	M	1	0	X	517788475
316356905	56550872	20	M	1	2	X	517788475
316416209	56599554	34	F	1	1	X	517668866
316416211	56599554	4	F	1	2	450099883	X
316439104	56598781	1	F	1	2	X	X
316439105	56598781	2	F	1	2	X	X
316439109	56598781	8	M	1	2	450100218	X
316532996	56599412	68	M	1	0	X	X
316669819	56550925	57	F	1	0	X	515183403
317027087	56599453	15	F	1	2	450100219	X
317027088	56599453	33	F	1	0	X	517788355
317027093	56598976	15	F	1	2	450100219	X
317331262	56598095	24	F	1	7	X	X
317642927	56599884	73	M	1	0	X	517668847
318232990	56598948	65	F	1	1	X	X
318233030	56599939	65	F	1	1	X	X
318370124	56550874	63	F	1	4	X	517667925
318370125	56550874	35	F	1	0	X	517788458
318370142	56597553	63	F	1	4	X	517666627
318370148	56599563	63	F	1	4	X	517668859
318370149	56599563	35	F	1	0	X	517668792
318370169	56598889	35	F	1	0	X	517667694
318545308	56599447	30	M	1	0	X	517668792
318545314	56597827	30	M	1	0	X	517788365
318835876	56598513	75	M	1	0	X	X
318835877	56598513	18	M	1	5	X	517667346
318998776	56598024	21	F	1	0	X	517788475
318998790	56599729	21	F	1	0	X	517788510
318998791	56599729	18	F	1	3	450100219	517668815
319097972	56598836	30	M	1	0	X	517666808
319327642	56599287	10	F	1	2	450100218	X
319327645	56599287	30	F	1	1	X	517668766
319327657	56598738	17	M	1	12	450100219	X
319327659	56598738	30	F	1	1	X	517667394
319327660	56598738	33	M	1	0	X	517668574
319327662	56598738	8	F	1	2	450100218	X
319969735	56599647	65	F	1	1	X	X
320267467	56598923	49	M	1	0	X	517668874
320267484	56599405	49	M	1	0	X	517668859
320404049	56550929	50	F	1	0	X	X
320404050	56550929	0	M	9	5	X	X
320404051	56550929	51	M	1	1	X	517788475
320404061	56598162	50	F	1	0	X	X
320404062	56598162	0	M	9	5	X	X
320404063	56598162	51	M	1	1	X	517666627
320476956	56597959	15	F	1	2	450100219	X
320476957	56597959	60	F	1	1	X	517788484
320476958	56597959	13	M	1	2	450100219	X
320765933	56598804	55	F	1	0	X	X
320994513	56599136	69	F	1	1	X	X
320994518	56598211	71	M	1	0	X	X
321318133	56550977	66	M	1	0	X	X
321411305	56597461	0	F	2	5	X	X
321411309	56597461	52	F	1	0	X	517668859
321436981	56597889	58	M	1	0	X	517668235
321874717	56599988	94	F	1	0	X	X
321874718	56599988	53	F	1	5	X	517668829
321904867	56599263	74	M	1	0	X	517668859
321904883	56599140	74	M	1	0	X	517668770
321975986	56599384	41	F	8	1	X	X
321975987	56599384	0	F	1	2	X	X
321975996	56599473	70	F	1	6	X	X
321975997	56599473	49	M	1	0	X	517668792
321975998	56599473	41	F	8	1	X	X
321975999	56599473	0	F	1	2	X	X
322100690	56599853	71	M	1	1	X	X
322100691	56599853	56	F	1	0	X	514691405
322155012	56599369	64	F	1	1	X	X
322408121	56597730	17	F	9	2	450100219	517666587
322408139	56599938	17	F	9	2	450100219	517668874
322408140	56599938	39	F	1	0	X	X
322425755	56598260	41	F	1	0	X	517788475
322838895	56597850	51	M	1	0	X	517788475
322838918	56598684	12	F	1	2	450100218	X
322838925	56598119	51	M	1	0	X	517668710
322838927	56598119	12	F	1	2	450100219	X
323156535	56599233	60	M	1	1	X	514669070
323180735	56599294	4	M	1	2	450099883	X
323180737	56599294	38	M	1	1	X	517668859
323180738	56599294	6	M	1	2	450100218	X
323180766	56550894	6	M	1	2	450100218	X
323957209	56597821	5	F	1	2	450100218	X
324262287	56598598	38	F	1	0	X	X
324262288	56598598	16	F	1	2	450100219	X
324366139	56598768	29	M	1	0	X	515186267
324366142	56598768	4	M	1	2	X	X
324366144	56598768	6	M	1	2	450100218	X
325440679	56550737	13	M	1	2	450100218	X
326024485	56597711	46	F	1	0	X	517788502
326401297	56598617	18	F	1	0	450100219	X
326401298	56598617	22	M	8	10	X	517668104
326401343	56599844	18	F	1	0	450089403	X
326401398	56600023	22	M	8	10	X	517668846
326452888	56598031	82	F	1	0	X	X
326456422	56597812	1	F	1	2	X	X
326456424	56597812	31	F	1	0	X	515183389
326898562	56597666	67	M	1	0	X	X
327014240	56598251	26	F	1	2	X	517669038
327014246	56597576	26	F	1	2	X	517788453
327014247	56597576	50	F	1	0	X	517666247
327014286	56598192	26	F	1	2	X	517666728
327014287	56598192	50	F	1	0	X	517788451
327094369	56597596	46	M	1	1	X	517667200
327094372	56597596	45	F	1	0	X	X
327094373	56597596	12	F	1	2	450100219	X
327163154	56598395	35	M	1	1	X	517666802
327163155	56598395	3	F	1	2	X	X
327163157	56598395	6	M	1	2	450100218	X
327187172	56550762	72	F	1	0	X	X
327547272	56550736	53	F	1	0	X	517788475
327547277	56598586	53	F	1	0	X	517666407
327547289	56599627	53	F	1	0	X	517669004
327636592	56598626	44	F	1	1	X	517668577
327636593	56598626	46	M	1	0	X	517666383
327636594	56598626	17	M	1	2	450100219	517788475
328286544	56599013	67	M	1	10	X	X
328292529	56597851	78	F	1	0	X	X
328292533	56597568	78	F	1	0	X	X
328380985	56598675	20	M	1	2	X	517666962
328380986	56598675	1	F	1	2	X	X
328380987	56598675	43	M	1	0	X	517668667
328380988	56598675	11	M	1	2	450100218	X
328381049	56599558	39	F	1	1	X	517668851
328381050	56599558	20	M	1	2	X	517668854
328381051	56599558	1	F	1	2	X	X
328381053	56599558	11	M	1	2	450100219	X
328381070	56598764	20	M	1	2	X	517788475
328381156	56550776	1	F	1	2	X	X
328381158	56550776	11	M	1	2	450100219	X
328441449	56599877	78	F	1	0	X	X
328441463	56600003	78	F	1	0	X	X
328501172	56597936	24	F	1	1	X	517788475
328501181	56598174	23	M	1	0	X	515187407
328880874	56550848	76	F	1	1	X	X
329074976	56599505	77	M	1	0	X	X
329074990	56597782	77	M	1	0	X	X
329136386	56597777	4	F	1	5	X	X
329136388	56597777	24	F	1	2	X	517788510
329136389	56597777	46	F	1	1	X	517788475
329136479	56598039	49	M	1	0	X	515183403
329136481	56598039	46	F	1	1	X	517788475
329136509	56597690	46	F	1	1	X	517788475
329372918	56597527	62	M	1	0	X	X
329372924	56599759	62	M	1	0	X	X
329691468	56597509	58	M	1	0	X	515184295
329861356	56598491	2	M	1	2	X	X
329861357	56598491	33	M	1	0	X	517668604
329861358	56598491	6	F	1	2	450100218	X
329915383	56599419	58	M	1	0	X	517788442
330030368	56598692	84	F	1	0	X	X
330030385	56598812	84	F	1	0	X	X
331088138	56598857	28	M	1	0	X	517788463
331239409	56599368	43	M	1	0	X	517668752
331513358	56597581	13	M	1	2	450100219	X
331832837	56598630	9	M	1	2	450100218	X
331832838	56598630	14	M	1	2	450100218	X
331832839	56598630	42	M	1	1	X	517666962
331882596	56599629	29	M	1	0	X	517668874
332137787	56599924	77	F	1	0	X	X
332137788	56599924	78	M	1	1	X	X
332901854	56598434	21	F	1	0	X	517668634
332901855	56598434	23	F	1	9	X	517788451
332992170	56599089	66	F	1	1	X	X
332992172	56598055	66	F	1	1	X	X
333093476	56598011	47	F	1	0	X	517668657
333093478	56598011	22	M	1	2	X	X
333093479	56598011	21	M	1	12	X	X
333170230	56550844	49	F	1	0	X	517668973
333170291	56598375	51	M	1	1	X	X
333183644	56598557	26	M	1	0	X	517667815
333298140	56550902	17	F	1	7	450089403	X
333298141	56550902	14	M	1	2	450100219	X
333501556	56550729	72	M	1	0	X	X
333501557	56550729	71	F	1	1	X	X
333654187	56597926	50	F	1	0	X	517666225
333881689	56550826	52	F	1	1	X	517666808
333921276	56598437	23	F	1	0	X	X
334207159	56599253	36	M	1	0	X	517668859
334207160	56599253	49	F	3	10	X	X
334207167	56599004	36	M	1	0	X	517668792
334207168	56599004	49	F	3	10	X	X
334207245	56599336	36	M	1	0	X	517668878
334261274	56598100	4	F	1	2	450066968	X
334261275	56598100	40	F	1	0	X	517667488
334261276	56598100	43	M	1	1	X	515184295
334796467	56550698	48	M	1	0	X	517669038
334796468	56550698	23	M	1	9	X	517788521
334911432	56599232	9	M	1	2	450100218	X
334919686	56598361	64	F	1	0	X	X
336160347	56598183	57	F	1	0	X	517668498
336160404	56597722	57	F	1	0	X	515184295
336160441	56598614	80	F	1	4	X	X
336160443	56598614	57	F	1	0	X	517668586
336171977	56599869	49	F	1	0	X	514668728
336172024	56599070	56	M	1	1	X	517668859
336443109	56597615	63	F	1	1	X	X
336443110	56597615	67	M	1	0	X	X
336469650	56598779	18	M	2	9	X	517668049
336469652	56598779	22	M	1	0	X	X
336469669	56599579	18	M	1	9	X	514691659
336469670	56599579	18	M	2	9	X	517668859
337079924	56598642	17	F	1	2	450100219	X
337172112	56599482	35	F	1	0	X	517669024
337172116	56550754	35	F	1	0	X	517666780
337172117	56550754	7	F	1	2	450100218	X
337358527	56598453	63	M	1	0	X	517667838
337358528	56598453	53	F	1	1	X	517668165
337646237	56598423	94	F	1	0	X	X
337665287	56550852	74	F	1	0	X	517788525
337719617	56598921	29	F	1	0	X	517668843
337824184	56599332	49	F	1	0	X	517788352
337851303	56597609	44	F	1	0	X	517668609
337851304	56597609	18	M	1	2	X	517668859
337851373	56550939	18	M	1	2	X	517788348
337851374	56599523	16	M	1	2	450089403	X
337851376	56599523	18	M	1	2	X	517668835
338211050	56599622	7	F	1	2	450100218	X
338211187	56598664	13	F	1	2	450100218	X
338211188	56598664	37	M	1	1	X	517666913
338211190	56597732	7	F	1	2	450100218	X
338211191	56597732	6	M	1	2	450100218	X
338211193	56597732	37	M	1	1	X	517668972
338544520	56598444	49	F	1	1	X	517666451
338544600	56599154	49	F	1	1	X	517668859
339050907	56598188	38	M	1	1	X	517668708
339050908	56598188	4	M	1	2	450099883	X
339582472	56598546	59	M	1	0	X	X
339582473	56598546	57	F	1	1	X	517788525
339686760	56550682	53	F	1	0	X	517666627
339815117	56598673	49	F	1	1	X	517667986
340088074	56599831	21	F	1	3	X	517788437
340088075	56599831	23	M	1	0	X	517788533
340369121	56598559	52	F	8	1	X	X
340416776	56599634	20	F	1	0	X	517668838
340416806	56598731	20	F	1	0	X	517668874
340495318	56597728	0	M	1	2	X	X
340495341	56598852	11	M	1	2	450100218	X
340495342	56598852	35	M	1	0	X	517788525
340618065	56599021	13	F	1	2	450100219	X
340618066	56599021	35	M	1	0	X	517668859
340825645	56550769	61	M	1	0	X	517668661
341077588	56597878	55	M	1	0	X	517668604
341133768	56598206	85	F	1	0	X	X
341265735	56599975	26	M	1	0	X	517668859
341265736	56599975	24	M	1	9	X	517668847
341356761	56598983	34	F	1	0	X	X
341356762	56598659	34	F	1	0	X	X
341657269	56599991	69	M	1	0	X	X
342082786	56599737	24	F	1	0	X	517668763
342356818	56599982	31	F	1	0	X	X
343022851	56599819	68	F	1	0	X	X
343235368	56599196	34	F	1	1	X	X
343235370	56599196	2	F	1	2	X	X
343558538	56600034	87	M	1	0	X	X
343686807	56599017	51	M	1	0	X	517668857
343828827	56599946	50	F	1	1	X	517788441
343828924	56599786	51	M	1	0	X	517668859
343828934	56599696	51	M	1	0	X	517788441
344091029	56598065	13	F	1	2	450100219	X
344091030	56598065	43	M	1	0	X	517668647
344091032	56598065	7	F	1	2	450100218	X
344238594	56597715	61	F	1	1	X	517668987
344238602	56599429	61	F	1	1	X	517668851
344238615	56598439	63	M	1	0	X	X
344281955	56599366	69	F	1	1	X	X
344281982	56598735	65	M	1	0	X	X
344376431	56550990	77	F	1	0	X	X
344547945	56597795	38	F	1	1	X	517668709
344547946	56597795	10	M	1	2	450100218	X
344549585	56599978	11	M	1	2	450100219	X
344787427	56597961	51	M	1	0	X	517788475
344787438	56597724	52	F	1	1	X	517668680
344898291	56599168	6	F	1	12	450099883	X
344898292	56599168	4	M	1	12	X	X
344898295	56599168	31	F	1	10	X	517788413
345212358	56598946	69	F	1	0	X	X
345212360	56599135	69	F	1	0	X	X
345413177	56597882	49	M	1	1	X	517666667
345413179	56597882	18	F	1	2	X	517669050
345509920	56600017	64	M	1	0	X	517668838
345522421	56598973	55	F	1	0	X	X
345908640	56599346	35	M	1	0	X	X
345908641	56599346	10	M	1	2	450100218	X
345908642	56599346	33	F	1	1	X	X
345984661	56598803	62	M	1	0	X	515187416
346198994	56599434	71	F	1	0	X	X
346198995	56599434	82	M	1	1	X	X
346198996	56599434	50	M	1	6	X	517668752
346199070	56598918	71	F	1	0	X	X
346199072	56598918	50	M	1	6	X	517668859
346457552	56598431	10	M	1	5	450100218	X
346457586	56550863	52	M	1	1	X	517666296
346457590	56550863	46	F	1	0	X	517668104
346586766	56598184	32	M	1	0	X	517668194
346650180	56597888	34	F	1	1	X	517667702
346664164	56598796	50	F	1	1	X	X
346899068	56598067	54	F	1	1	X	X
346899073	56599548	56	M	1	0	X	517666964
346899083	56597554	56	M	1	0	X	517666047
346899091	56598610	56	M	1	0	X	517668880
346927306	56599295	63	F	1	1	X	X
346927307	56599295	66	M	1	0	X	X
346936139	56598280	47	M	1	0	X	517668859
346936156	56597493	17	M	1	2	450089403	X
346936157	56597493	12	F	1	2	450100219	X
347255924	56599608	10	M	1	2	450100218	X
347255925	56599608	27	F	1	0	X	517788510
347290176	56598751	49	F	1	1	X	X
347450477	56599039	9	F	1	5	450100218	X
347450479	56599039	52	F	1	1	X	517668806
347450480	56599039	50	M	1	0	X	517668843
347534064	56599038	12	M	1	2	450100219	X
347534071	56599936	14	F	1	2	450100219	X
347534073	56599936	48	M	1	1	X	517668859
347534074	56599936	44	F	1	0	X	X
347668720	56599087	35	M	1	0	X	517668859
347668747	56597717	35	M	1	0	X	517667820
347848399	56598254	46	F	1	1	X	517788468
347848400	56598254	21	F	1	2	X	X
347848402	56598254	1	F	1	5	X	X
347848479	56598079	46	F	1	1	X	517668647
347848480	56598079	21	F	1	2	X	X
347848481	56598079	50	M	1	0	X	517667698
347850414	56598290	75	F	1	1	X	X
347913006	56599437	60	F	1	0	X	X
348280144	56597867	62	F	1	1	X	517668650
348280158	56599998	62	F	1	1	X	517668792
348280159	56599998	62	M	1	0	X	517668859
348348508	56600032	5	M	1	2	450066968	X
348348511	56600032	39	F	1	1	X	X
348348532	56597688	5	M	1	2	450067304	X
348348535	56597688	39	F	1	1	X	X
348382035	56598578	61	F	1	1	X	X
348531109	56550940	26	F	1	0	X	517666808
348602647	56599567	44	F	1	0	X	517668851
348649831	56597958	4	M	1	2	X	X
348649832	56597958	40	F	1	1	X	X
348649834	56597958	0	M	1	2	X	X
348950660	56598020	79	F	1	1	X	X
348950661	56598020	73	M	1	0	X	X
348981996	56597755	52	F	1	0	X	517668647
349177232	56598120	13	M	1	2	450100219	X
349177233	56598120	44	F	1	0	X	517666025
349177234	56598120	11	F	1	2	450100219	X
349241898	56597611	73	F	1	0	X	517788475
349461897	56597636	34	F	1	2	X	517668404
349461898	56597636	61	F	1	0	X	517788459
349461899	56597636	76	M	1	1	X	X
349663341	56598258	4	F	1	5	450066968	X
349663342	56598258	46	F	1	0	X	517666962
349663343	56598258	47	M	1	1	X	X
349663344	56598258	0	F	1	5	X	X
350038090	56599395	31	F	1	0	X	517668859
350409031	56598944	68	F	1	0	X	X
350409039	56598127	68	F	1	0	X	X
350409050	56597735	61	M	1	3	X	X
350409052	56599381	61	M	1	3	X	X
350409075	56597602	68	F	1	0	X	X
350482705	56550801	61	F	1	0	X	X
350651608	56599480	63	F	1	0	X	517668752
350735338	56598470	10	M	1	2	450100218	X
350735342	56598470	8	F	1	2	450100218	X
350735345	56598470	42	M	1	0	X	517666861
350983145	56599442	21	F	1	1	X	X
351123330	56550764	67	M	1	0	X	517788475
351582065	56597549	70	F	1	0	X	X
351582066	56597549	70	M	1	1	X	X
351606586	56598022	20	F	8	2	X	517668604
351606592	56598022	27	F	1	1	X	517666871
351607013	56598215	20	F	8	2	X	517667694
351607015	56598215	39	M	8	0	X	517667786
351607017	56598215	20	M	8	2	X	517788525
351607019	56598215	27	F	1	1	X	517668102
351644405	56550846	57	F	1	0	X	515184295
351759944	56597535	50	F	1	1	X	517666962
351759946	56598052	47	M	1	0	X	517668464
351759947	56598052	50	F	1	1	X	517666808
351903669	56597701	16	M	1	2	450100219	X
351903670	56597701	46	M	1	0	X	517668681
351903672	56597701	14	M	1	2	450100219	X
352223528	56598237	42	F	1	1	X	517668709
352223529	56598237	16	F	1	2	450100219	517668508
352223530	56598237	46	M	1	0	X	517666962
352390045	56599599	70	F	1	1	X	X
352774478	56597675	18	M	1	2	X	517788451
352774479	56597675	44	F	1	0	X	X
353161317	56550891	35	M	1	1	X	X
353161318	56550891	8	M	1	2	450100218	X
353161352	56599305	35	M	1	1	X	X
353161353	56599305	8	M	1	2	450100218	X
353161354	56599305	5	M	1	2	450100218	X
353161355	56599305	14	M	1	2	450100219	X
353221156	56597638	11	M	1	2	450100219	X
353221157	56597638	8	M	1	2	450100218	X
353221158	56597638	40	F	1	0	X	517668652
353221159	56598885	37	M	1	1	X	517788475
353221160	56598885	11	M	1	2	450100218	X
353221161	56598885	8	M	1	2	450100218	X
353221162	56598885	40	F	1	0	X	517668709
353347278	56598696	51	F	1	1	X	517668567
353347279	56598696	18	M	1	2	450100219	X
353439889	56597661	81	F	1	0	X	X
353439890	56597661	46	F	1	2	X	517668104
353439891	56597661	81	M	1	1	X	X
353637380	56550798	33	M	1	0	X	517667360
353658271	56599391	71	F	1	1	X	X
353658272	56599391	74	M	1	0	X	X
353658290	56599144	74	M	1	0	X	X
353658312	56599162	74	M	1	0	X	X
353658334	56599031	74	M	1	0	X	X
353658339	56599009	71	F	1	1	X	X
353658340	56599009	74	M	1	0	X	X
353658352	56599397	74	M	1	0	X	X
353658377	56599284	71	F	1	1	X	X
353658378	56599284	74	M	1	0	X	X
354040314	56599023	65	F	1	1	X	X
354040370	56550912	65	F	1	1	X	X
354429674	56597854	80	M	1	0	X	517788475
354722672	56597810	82	M	1	0	X	X
354782398	56550780	40	M	1	0	X	517668104
354859959	56599282	67	F	1	1	X	X
354934770	56598665	21	M	1	2	X	517667609
354934771	56598665	59	F	1	1	X	517788451
355202264	56597999	58	F	1	1	X	517668782
355202265	56597999	58	M	1	0	X	517666780
355202266	56597999	31	F	1	2	X	517788475
355392164	56599980	82	M	1	0	X	X
355392178	56599777	82	M	1	0	X	X
355392179	56599777	79	F	1	1	X	X
355640493	56598744	5	M	1	2	X	X
355640494	56598744	30	M	1	1	X	517788350
355640496	56598744	0	F	1	2	X	X
355640498	56598744	24	F	1	0	X	X
355640499	56598744	3	M	1	2	X	X
355640627	56598430	30	M	1	1	X	517788525
355640628	56598430	6	M	1	2	450066968	X
355640630	56598430	2	M	1	2	X	X
355640670	56598564	6	M	1	2	450066968	X
355640671	56598564	0	F	1	2	X	X
355640674	56598564	3	M	1	2	X	X
355677058	56599965	49	M	1	0	X	517668859
355677059	56599965	38	F	1	10	X	517668769
355934906	56598443	4	F	1	2	450066968	X
355934907	56598443	3	M	1	2	X	X
355934908	56598443	29	M	1	0	X	517667063
355934910	56598443	9	F	1	2	450100218	X
355934922	56598766	9	F	1	2	450100218	X
355934923	56598766	29	F	1	1	X	X
356367204	56598541	34	F	1	1	X	517788475
356650980	56597694	60	M	1	0	X	517668400
356650982	56597694	64	F	1	1	X	517668857
356741437	56598924	68	F	1	0	X	517788355
356741438	56599635	57	M	1	1	X	517668859
356742448	56550693	53	F	1	1	X	X
356742449	56550693	58	M	1	0	X	517667702
356742460	56598871	53	F	1	1	X	X
356742472	56598521	53	F	1	1	X	X
356930973	56550772	63	M	1	0	X	X
356930997	56599997	63	M	1	0	X	X
356931003	56598667	63	M	1	0	X	X
357150688	56597952	12	M	1	2	450100219	X
357150689	56597952	36	F	1	1	X	517668847
357150691	56597952	39	M	1	0	X	517668165
357211110	56599788	40	F	1	0	X	514668455
357211111	56599940	40	F	1	0	X	517668859
358223150	56597558	37	M	1	1	X	517788475
358223151	56597558	9	M	1	2	X	X
358223153	56597558	37	F	1	0	X	515183313
358223154	56597558	6	M	1	2	X	X
358419315	56599481	30	F	1	0	X	517668859
358451852	56550784	53	F	1	0	X	517668889
359107829	56598420	58	M	1	0	X	517788490
359107830	56598420	21	M	1	2	X	517788475
359208432	56598394	78	M	1	1	X	X
359208433	56598394	64	F	1	0	X	X
359208450	56550715	78	M	1	1	X	X
359208451	56550715	64	F	1	0	X	X
359208505	56599711	74	M	1	0	X	X
359208523	56597706	74	M	1	0	X	X
359208524	56597706	71	F	1	1	X	X
359255768	56599691	55	F	1	0	X	517668985
359544308	56599220	32	F	1	0	X	517668802
359544309	56599220	6	M	1	2	450100218	X
359544310	56599220	12	M	1	2	X	X
359656796	56598025	49	F	1	0	X	X
359656797	56598025	49	M	1	1	X	515183403
359666864	56599931	25	M	1	0	X	517668859
359666876	56599751	25	M	1	0	X	517788437
359675317	56597692	67	F	1	1	X	X
359702852	56599864	1	F	1	2	X	X
359709689	56550884	55	F	1	0	X	517668467
359969194	56597844	53	M	1	0	X	517788475
359969197	56598708	53	M	1	0	X	517667698
359969201	56599052	53	M	1	0	X	514690745
359969214	56599067	53	M	1	0	X	517669024
359969216	56599706	53	M	1	0	X	517668792
360025404	56597872	17	M	1	2	X	X
360025409	56597872	12	M	1	2	450100219	X
360190626	56597796	40	M	1	0	X	517667642
360190627	56597796	14	M	1	2	450100218	X
360190628	56597796	36	F	1	1	X	517668657
360486252	56597931	14	F	1	2	450063600	X
360486253	56597931	12	F	1	2	450067304	X
360486254	56597931	8	F	1	2	450066968	X
360486256	56597931	5	F	1	2	450066968	X
360486257	56597931	0	M	1	2	X	X
360539160	56597960	69	M	1	0	X	X
360539220	56599363	69	M	1	0	X	X
360539302	56598623	69	M	1	0	X	X
360539311	56598681	67	F	1	1	X	X
360539312	56598681	69	M	1	0	X	X
360539355	56597501	67	F	1	1	X	X
360560220	56598277	71	M	1	3	X	X
360705762	56597852	50	F	1	1	X	X
360705784	56598988	50	F	1	1	X	X
361334242	56598256	27	F	1	0	X	517660848
361334261	56599055	28	M	1	1	X	517668859
361334262	56599055	27	F	1	0	X	517668853
361490484	56599581	21	M	1	0	X	517668765
361659458	56599670	66	F	1	0	X	X
361882701	56599804	87	M	1	0	X	X
362059818	56599360	74	M	1	0	X	517668859
362059820	56599025	74	M	1	0	X	517668792
362643123	56599143	39	M	1	0	X	517788416
362643124	56599143	30	F	1	1	X	X
362643125	56599143	0	M	1	2	X	X
362643127	56599143	7	F	1	2	450100218	X
362643128	56599143	9	M	1	2	450100218	X
362643202	56597632	30	F	1	1	X	X
362643203	56597632	0	M	1	2	X	X
362643204	56597632	6	F	1	2	450100218	X
362643289	56599512	7	F	1	2	450100218	X
362881494	56599960	50	F	1	1	X	X
362904010	56597601	57	F	1	0	X	515184295
363237352	56597892	29	F	1	0	X	X
363237353	56597892	3	M	1	2	X	X
363237355	56597892	4	M	1	12	X	X
363237356	56597892	5	M	1	2	450100218	X
363237357	56597892	13	F	1	2	450100219	X
363237358	56598878	8	M	1	2	450100218	X
363237359	56598878	29	F	1	0	X	X
363237360	56598878	3	M	1	2	X	X
363237363	56598878	5	M	1	2	450100218	X
363237364	56598878	13	F	1	2	450100218	X
363237429	56598679	29	F	1	0	X	X
363237430	56598679	3	M	1	2	X	X
363237431	56598679	34	M	1	10	X	517667603
363237434	56598679	13	F	1	2	450100218	X
364289755	56550765	63	F	1	0	X	517668608
364289756	56550765	50	M	1	10	X	517788353
364563083	56598138	39	M	1	1	X	517788475
364563084	56598138	37	F	1	0	X	514674775
364669400	56598178	50	F	1	0	X	X
364669474	56599935	50	F	1	0	X	X
364669475	56599935	52	M	1	1	X	517668791
364735425	56597458	63	F	1	0	X	517666962
364797725	56599543	63	F	1	0	X	517668856
364797726	56599543	26	F	1	5	X	X
364804988	56550791	92	M	1	0	X	X
365013690	56597873	62	F	1	0	X	517667488
365406173	56598078	48	F	1	0	X	X
365406176	56550980	46	M	1	1	X	517788475
365406177	56550980	48	F	1	0	X	X
365564047	56599667	3	M	1	2	X	X
365579415	56598010	53	M	1	9	X	X
365579416	56598010	47	F	1	0	X	517661552
365579440	56599859	47	F	1	0	X	517668859
365579468	56599907	47	F	1	0	X	517668859
365668949	56598848	16	F	1	2	450063600	517667672
365668951	56598848	52	M	1	0	X	517668404
365668952	56598848	5	M	1	2	450100218	X
365668953	56598848	9	F	1	2	X	X
365668954	56598848	11	F	1	2	450100218	X
365668955	56598848	13	F	1	2	450067304	X
365668961	56598799	11	F	1	2	450100219	X
365669005	56598966	16	F	1	2	450063600	517668874
365669011	56598966	13	F	1	2	450067304	X
365669035	56598107	52	M	1	0	X	517668982
365669038	56598107	11	F	1	2	450100218	X
365669039	56598107	13	F	1	2	450067304	X
365669090	56598345	48	F	1	1	X	X
365669092	56598345	5	M	1	2	450100218	X
365669093	56598345	9	F	1	2	X	X
365669094	56598345	11	F	1	2	450100218	X
365742175	56597658	56	M	1	0	X	517667333
365798132	56599446	5	M	1	2	X	X
366088361	56598506	27	M	1	1	X	517668104
366191380	56597763	59	M	1	0	X	517668464
366191381	56597763	63	F	1	1	X	X
366191413	56597595	59	M	1	0	X	517788475
366285700	56598071	68	F	1	1	X	X
366345957	56550901	59	F	1	0	X	X
366345958	56550901	92	M	1	1	X	X
366412395	56598606	50	F	1	0	X	517668597
366412410	56599891	21	F	1	2	X	X
366750426	56598482	70	F	1	0	X	X
366763800	56597672	57	F	1	0	X	X
366763801	56597672	58	M	1	1	X	517666780
366813186	56597792	84	F	1	0	X	X
367098235	56599979	59	F	1	0	X	X
367098236	56599979	59	M	1	1	X	517668808
367098237	56598124	59	F	1	0	X	X
367098249	56598106	59	F	1	0	X	X
367098250	56598106	59	M	1	1	X	517666126
367307238	56599062	55	M	1	0	X	514668778
367307244	56597937	55	M	1	0	X	517666962
367307245	56597937	48	F	1	1	X	X
367449442	56550725	48	F	1	0	X	517666407
367723195	56598533	73	M	1	0	X	517666627
367723207	56598171	73	M	1	0	X	517666693
367833312	56598185	49	F	1	1	X	517667892
368001092	56550955	83	F	1	1	X	X
368263972	56598802	50	M	1	0	X	517666087
368263973	56598802	17	M	3	2	450100219	X
368263974	56598802	40	F	1	1	X	515184295
368556666	56599151	71	F	1	0	X	X
368556667	56599151	78	M	1	1	X	X
368556676	56599071	71	F	1	0	X	X
368556677	56599071	78	M	1	1	X	X
368622111	56599513	57	M	1	0	X	517668792
368869753	56598743	52	F	1	0	X	517667723
368869754	56598743	48	M	1	1	X	517666962
368869756	56598743	18	F	1	2	X	517668705
368955777	56599325	41	M	1	0	X	514669315
368955881	56599328	41	M	1	0	X	517668859
368955926	56598351	45	F	1	10	X	515183313
369265686	56550975	79	F	1	1	X	X
369265687	56550975	86	M	1	0	X	X
369374780	56597669	68	F	1	1	X	X
369374781	56597669	68	M	1	0	X	X
369451327	56597968	43	M	1	0	X	517788536
369451328	56597968	11	F	1	2	450100219	X
369451329	56597968	41	F	1	1	X	517661577
369451331	56597968	9	M	1	2	450100218	X
369451340	56599800	5	M	1	2	450099883	X
369487303	56598570	61	F	1	0	X	515183347
369678865	56598999	73	M	1	0	X	517668767
369678869	56599364	73	M	1	0	X	514669296
369770028	56550805	24	F	1	9	X	517788475
370289959	56599026	26	F	1	0	X	517668843
370333469	56599499	51	M	1	0	X	X
370333507	56599340	51	M	1	0	X	X
370631739	56598682	47	F	1	0	X	517788475
370717285	56599641	69	F	1	0	X	517668838
370735479	56598372	32	M	1	1	X	517668049
370881808	56599756	59	F	1	0	X	514669518
371193639	56598203	61	M	1	1	X	517668194
371462809	56550794	61	M	1	0	X	517668712
371611628	56598486	1	F	1	2	X	X
371611630	56598486	8	M	1	2	450100218	X
371611631	56598486	30	F	1	0	X	X
371611632	56598486	30	M	1	10	X	517666627
371643389	56597479	46	F	1	1	X	X
371643390	56597479	46	M	1	0	X	517668074
371643391	56597479	14	M	1	2	450100219	X
371643413	56598133	46	F	1	1	X	X
371643414	56598133	46	M	1	0	X	515183313
371643415	56598133	14	M	1	2	450100219	X
371828307	56599601	12	M	1	2	450100219	X
371828309	56599601	9	M	1	2	450100218	X
371828316	56599279	12	M	1	2	450100219	X
371828359	56599628	31	F	1	0	X	X
371828360	56599628	9	M	1	2	450100218	X
371828364	56599016	12	M	1	2	450100219	X
371828365	56599016	31	F	1	0	X	X
371828366	56599016	9	M	1	2	450100218	X
372002295	56598222	45	M	1	0	X	517788357
372002296	56598222	44	F	1	1	X	515183313
372073683	56597478	55	M	1	0	X	517788455
372073685	56597743	55	M	1	0	X	517667408
372410349	56598367	71	M	1	0	X	517661497
372410367	56597620	71	M	1	0	X	517788342
372569188	56600038	51	M	1	0	X	517669011
372569254	56598330	51	M	1	0	X	517666964
372569255	56598330	15	M	1	2	450100219	X
372569258	56600018	51	M	1	0	X	517668745
372569262	56598077	51	M	1	0	X	517666049
372569309	56599749	15	M	1	2	450089403	X
372866171	56550907	15	M	1	2	450089403	X
372866172	56550907	38	F	1	1	X	517667820
372919706	56597997	6	M	1	5	450100218	X
372919707	56597997	52	F	1	1	X	X
373081773	56597514	61	M	1	10	X	517788475
373081784	56598044	56	F	1	0	X	515184295
373081785	56598044	61	M	1	10	X	517666964
373081876	56597868	56	F	1	0	X	517667122
373220382	56599283	72	F	1	0	X	X
373654583	56598261	61	F	9	1	X	517668664
373654584	56598261	68	M	1	0	X	515183347
373654599	56599296	61	F	9	1	X	517668997
373884498	56597803	59	M	1	10	X	X
373884499	56597803	53	F	1	0	X	517668104
373884504	56599418	59	M	1	10	X	X
373884556	56599010	59	M	1	10	X	X
373884557	56599010	53	F	1	0	X	514668244
373884564	56599722	59	M	1	10	X	X
373884565	56599722	53	F	1	0	X	517668752
374596800	56597544	10	M	1	5	450100218	X
374596803	56597544	3	M	1	5	X	X
374596804	56597544	15	F	1	2	450089403	X
374596821	56598481	31	F	1	2	X	X
374596822	56598481	56	F	1	0	X	515183313
374596824	56598481	15	F	1	2	450100219	X
374689420	56597922	31	F	1	0	X	517788475
374689421	56597922	3	M	1	2	X	X
374689444	56599058	31	F	1	0	X	517668791
374689445	56599058	3	M	1	2	X	X
375141631	56598949	50	M	1	2	X	X
375141645	56597591	50	M	1	2	X	X
375141646	56597591	69	F	1	0	X	X
375141652	56597597	69	F	1	0	X	X
375141660	56599517	69	F	1	0	X	X
375807412	56599036	25	M	1	0	X	517668752
375807413	56599036	23	F	1	1	X	X
376081462	56597911	47	M	1	0	X	517788475
376244847	56598595	64	M	1	0	X	X
376244848	56598595	57	F	1	1	X	X
376597673	56598568	73	M	1	0	X	X
376597676	56599285	55	F	1	10	X	517788437
376597677	56599285	73	M	1	0	X	X
376654499	56599497	31	F	1	2	X	517668843
377162570	56598587	65	M	1	0	X	517667180
377345583	56598603	30	M	1	0	X	517788475
377387767	56599488	62	F	1	1	X	X
377387768	56599488	64	M	1	0	X	517668859
377698336	56598745	13	M	1	2	450100219	X
377698341	56598745	9	M	1	2	450100218	X
377698342	56598745	5	M	1	2	X	X
377698364	56598633	13	M	1	2	450100218	X
377698366	56598633	36	F	1	1	X	517667635
377698368	56598633	12	M	1	2	450100218	X
377698370	56598633	5	M	1	2	X	X
377718068	56550734	67	F	1	1	X	X
377755711	56599024	50	F	1	0	X	517788441
377941169	56599492	12	F	1	2	450100219	X
377941304	56598989	15	F	1	2	450089403	X
377941341	56599060	12	F	1	2	450100219	X
377941343	56599060	17	F	1	2	450089403	X
377941385	56599214	12	F	1	2	450100219	X
377941387	56599214	17	F	1	2	450089403	X
377941403	56599910	17	F	1	2	450089403	X
378081516	56599081	39	F	1	0	X	X
378081518	56599081	9	M	1	2	450066968	X
378081519	56599081	38	M	1	1	X	517788510
378554158	56599051	50	M	1	0	X	517668843
378638167	56598003	61	F	8	1	X	X
378691767	56599178	37	F	1	0	X	517668742
378782321	56599646	13	M	1	2	450100219	X
378782323	56599646	45	M	1	0	X	517788421
378782381	56598625	13	M	1	2	450100219	X
378782382	56598625	11	M	1	2	450100219	X
378782383	56598625	45	M	1	0	X	517668707
378782384	56598625	9	M	1	2	450100218	X
378782385	56598625	51	F	1	1	X	517668104
379040099	56599719	54	M	1	0	X	517668859
379040103	56598364	54	M	1	0	X	517668608
379161985	56599145	35	M	1	0	X	517668843
379161986	56599145	34	F	6	1	X	517668859
379161990	56599200	13	F	9	2	450100219	X
379161991	56599200	35	M	1	0	X	517668752
379161992	56599200	34	F	6	1	X	517668859
379187409	56598205	40	M	1	0	X	517668587
379187410	56598205	5	F	1	2	450100218	X
379187416	56550904	9	M	1	2	450100218	X
379187418	56550904	5	F	1	2	450100218	X
379218080	56600037	55	M	1	0	X	517788356
379226541	56598451	64	F	1	1	X	X
379226542	56598451	64	M	1	0	X	517668859
379277020	56598224	43	F	1	0	X	517788724
379316544	56599249	68	M	1	1	X	X
379316547	56599536	69	F	1	0	X	517668862
379316586	56597839	68	M	1	1	X	X
380089729	56550978	43	M	1	1	X	517668722
380200531	56599671	61	M	1	0	X	517668987
380441530	56599097	34	M	1	0	X	517668781
380441531	56599686	34	M	1	0	X	517668794
380567004	56598917	42	M	1	10	X	517668752
380644674	56598299	6	F	1	2	450100218	X
380644675	56598299	35	F	1	1	X	517666962
380644676	56598299	36	M	1	0	X	517668204
380644697	56598328	5	F	1	2	450100218	X
380673237	56598844	36	F	1	1	X	517666962
380673239	56598844	10	M	1	2	450067304	X
380684102	56598793	71	F	1	1	X	X
380684103	56598793	73	M	1	0	X	X
380817012	56598180	52	M	1	0	X	517788492
380817013	56598180	52	F	1	1	X	517788475
380863285	56598790	22	M	1	0	X	517668973
381742347	56598536	84	F	1	0	X	X
381760292	56550885	0	M	1	2	X	X
381760294	56550885	25	M	1	1	X	517668808
381760296	56550885	30	F	1	0	X	X
381760332	56598414	0	M	1	2	X	X
381760333	56598414	2	F	1	2	X	X
381760334	56598414	25	M	1	1	X	517667934
381859344	56598080	22	F	1	2	X	X
381859345	56598080	17	M	1	2	450100219	X
381859347	56598080	25	M	1	12	X	517666780
381883465	56597990	62	M	1	1	X	517668382
381985430	56599289	51	F	1	0	X	517668859
381985443	56598822	54	M	1	1	X	517788451
381985447	56598159	54	M	1	1	X	517668781
381985448	56598159	51	F	1	0	X	517669059
381985450	56597508	51	F	1	0	X	517666962
381990287	56599460	30	F	1	1	X	X
381990288	56599460	11	F	1	2	450100219	X
381990289	56599460	37	M	1	0	X	X
381990391	56599775	37	M	1	0	X	X
383074792	56597908	61	M	1	0	X	515183380
383074793	56597908	59	F	1	1	X	X
383074807	56599179	59	F	1	1	X	X
383497737	56598927	69	F	1	0	X	517668859
383555790	56597740	54	M	1	1	X	517668574
383590893	56598007	40	F	1	1	X	517788351
383590895	56598007	6	M	1	2	450100218	X
383590951	56598212	6	M	1	2	450100218	X
383591080	56550775	39	M	1	0	X	517668459
384461636	56599239	69	M	1	0	X	X
384461639	56598975	69	M	1	0	X	X
384461654	56597838	69	M	1	0	X	X
384462091	56597778	39	F	1	0	X	X
384462093	56597778	44	M	1	1	X	517668049
384629881	56599421	60	M	1	0	X	X
384672803	56599832	55	M	1	0	X	517668781
384672856	56550830	9	M	1	2	450100218	X
384863664	56599493	25	M	1	0	X	514669304
384863666	56599493	3	F	1	2	X	X
384863667	56599493	25	F	1	1	X	X
384863700	56598916	25	M	1	0	X	514670222
384863701	56598916	0	M	1	2	X	X
384863708	56598895	25	M	1	0	X	517668098
384863734	56599102	3	F	1	2	X	X
384863735	56599102	25	F	1	1	X	X
384991465	56599268	15	M	1	2	450089403	X
384991466	56599268	18	M	1	2	450089403	X
384991468	56599268	44	F	1	0	X	517669023
385082441	56599046	50	M	1	0	X	517668794
385390460	56597582	47	M	1	0	X	517788475
385390461	56597582	47	F	1	1	X	517666780
385390462	56597582	16	F	1	2	450089403	X
385390463	56597582	13	F	1	2	450100219	X
385601718	56599962	74	M	1	0	X	X
385601720	56599236	74	M	1	0	X	X
385953496	56599413	44	F	1	1	X	X
385953497	56550858	48	M	1	0	X	517667883
385953498	56550858	14	F	1	2	450100219	X
385953499	56550858	15	M	1	2	450089403	X
385953500	56550858	44	F	1	1	X	X
385953505	56597984	48	M	1	0	X	517668769
385953506	56597984	14	F	1	2	450100219	X
385953507	56597984	15	M	1	2	450100219	X
385953508	56597984	44	F	1	1	X	X
386245637	56599811	30	F	1	10	X	X
386245640	56599811	12	M	1	2	450100219	X
386245657	56599112	30	F	1	10	X	X
386443964	56598370	60	M	1	0	X	X
386499961	56598041	2	F	1	2	X	X
386499963	56598041	30	F	1	0	X	517666627
386499969	56550708	2	F	1	2	X	X
386499970	56550708	32	M	1	1	X	514674597
386499972	56550708	4	M	1	2	450099883	X
386500005	56599862	2	F	1	2	X	X
386500006	56599862	32	M	1	1	X	517669011
387088287	56599716	23	M	1	1	X	517668818
387088289	56599716	0	M	1	2	X	X
387088305	56598854	23	M	1	1	X	517668600
387534906	56599291	20	M	1	10	X	X
387534907	56599291	50	F	1	0	X	517668104
387534918	56599815	20	M	1	10	X	X
387742001	56598767	24	F	1	3	X	517666256
387742003	56598475	24	F	1	3	X	517668843
387777060	56598920	42	M	1	0	X	517668779
388377175	56597498	80	F	1	0	X	X
389066304	56598276	50	M	1	0	X	X
389075182	56597536	63	F	1	0	X	X
389311601	56598879	23	M	1	0	X	517666627
389311602	56599794	23	M	1	0	X	517668859
389889321	56550755	46	M	1	0	X	517666962
389927156	56597830	78	F	1	0	X	X
390231493	56597813	49	M	1	0	X	517669058
390231497	56598269	49	M	1	0	X	517668578
390436090	56550803	68	F	1	0	X	X
390436103	56597481	70	M	1	1	X	X
390744823	56599598	25	F	1	10	X	514670369
390744824	56599598	28	M	1	0	X	517669024
390834472	56599377	31	F	1	0	X	517668777
390834473	56599377	1	F	1	2	X	X
390834474	56599377	31	M	1	1	X	517668792
390834475	56599377	10	M	1	2	450100219	X
391292708	56598993	68	M	1	0	X	X
391292709	56598993	70	F	1	1	X	X
391605042	56597510	63	M	1	0	X	X
391605050	56597606	63	M	1	0	X	X
391730296	56598644	21	M	1	2	X	X
391730298	56598644	18	M	1	2	450100219	517788475
391730301	56598644	46	F	1	0	X	517667694
391861361	56598232	14	F	9	2	450100219	X
391861362	56598232	6	F	9	2	450100218	X
391861364	56598232	40	F	6	1	X	517668104
392404489	56599292	47	M	1	0	X	517668987
392404500	56550792	47	M	1	0	X	517788525
392929176	56599334	26	F	1	1	X	517668888
392929177	56599334	30	M	1	0	X	517788527
393284932	56598126	41	F	1	1	X	514674796
393630880	56550988	61	F	1	1	X	X
393630881	56550988	62	M	1	0	X	X
393736054	56550963	78	F	1	1	X	X
393757554	56597457	53	M	1	1	X	517788451
393770801	56598467	0	M	1	2	X	X
394501233	56599206	54	M	1	1	X	517668838
394523834	56550968	75	F	1	1	X	X
395285058	56599476	72	M	1	0	X	X
396371934	56598287	67	M	1	0	X	517668245
396371935	56598287	63	F	1	1	X	X
396371966	56598986	67	M	1	0	X	517668865
396371967	56598986	63	F	1	1	X	X
396801903	56598469	34	M	1	0	X	517788475
397378828	56598214	33	M	1	2	X	517666962
397378830	56598214	54	F	3	0	X	517668605
397454817	56598833	26	F	8	0	X	X
397454818	56598833	27	M	8	1	X	517666962
397454819	56598833	7	F	8	2	450100218	X
397454820	56598833	1	M	8	2	X	X
397662763	56597629	37	F	1	1	X	517788726
397662764	56597629	7	M	1	2	450100218	X
397662765	56597629	13	M	1	2	450100219	X
397662792	56550691	37	M	1	0	X	X
397662793	56550691	37	F	1	1	X	517788722
397662794	56550691	7	M	1	2	450100218	X
397683790	56597484	34	F	1	0	X	515184295
397683791	56597484	34	M	1	1	X	517668612
397683792	56597484	0	M	1	2	X	X
397683893	56550757	34	M	1	1	X	517667557
397683894	56550757	0	M	1	2	X	X
397906754	56550829	65	F	1	0	X	517667314
398027406	56599444	25	M	1	0	X	517668986
398027418	56598714	25	M	1	0	X	517668608
398461211	56598464	31	F	1	0	X	517788537
398461212	56598464	31	M	1	1	X	517788475
398461255	56599103	31	F	1	0	X	517667449
398461257	56599103	6	M	1	2	450100218	X
398461295	56599029	31	F	1	0	X	517668792
398461297	56599029	6	M	1	2	450100218	X
398461314	56550814	10	F	1	2	450100219	X
398461316	56550814	31	M	1	1	X	517788451
398461344	56599374	31	M	1	1	X	517668859
398461345	56599374	6	M	1	2	450100218	X
398500953	56599718	47	M	1	0	X	517669024
398570131	56598499	41	M	1	0	X	517666842
398649512	56597976	44	F	1	0	X	517788465
398649514	56597976	16	F	1	2	450100219	X
398649543	56597876	46	M	1	1	X	517788509
398649544	56597876	16	F	1	2	450100219	X
398947439	56598151	65	M	1	9	X	X
398947441	56598538	65	M	1	9	X	X
399014034	56599109	77	M	1	1	X	X
399014045	56599173	74	F	1	0	X	517668859
399014046	56599173	77	M	1	1	X	X
399135335	56598978	31	M	1	0	X	517668792
399135336	56598978	2	F	1	2	X	X
399135342	56550756	2	F	1	2	X	X
399271630	56598851	2	M	8	2	X	X
399271631	56598851	1	M	8	2	X	X
399795114	56599914	58	F	1	0	X	517669011
399795115	56599914	18	M	1	2	X	X
399795120	56599270	58	F	1	0	X	517668872
399795163	56599875	18	M	1	2	X	X
399993059	56550983	92	F	1	0	X	X
400307163	56598797	53	M	1	0	X	517668642
400307165	56598797	51	F	1	1	X	517668635
400307181	56599717	53	M	1	0	X	517668859
400628939	56597835	64	F	1	0	X	X
400628940	56597835	64	M	1	1	X	X
400685381	56597964	36	F	1	0	X	X
400685382	56597964	4	M	1	2	X	X
400699665	56599474	63	F	1	0	X	X
400727740	56597616	76	F	1	0	X	X
400733550	56550823	59	F	1	1	X	X
400733553	56598008	67	M	1	0	X	X
401123101	56598239	62	F	1	1	X	517668782
401123119	56598903	62	F	1	1	X	517788475
401417637	56598597	63	M	1	1	X	X
401697087	56550882	65	M	1	0	X	X
401745425	56598994	48	M	1	0	X	X
401745431	56599371	48	M	1	0	X	X
401985339	56598579	17	M	1	2	450100219	X
401985340	56598579	55	M	1	0	X	X
402811906	56599529	68	M	1	0	X	X
402940563	56598930	37	F	1	1	X	517669006
402940568	56598474	10	M	1	2	450100218	X
402940570	56598474	40	M	1	0	X	517668975
402940571	56598474	37	F	1	1	X	515187378
403009054	56598336	26	M	1	0	X	517668681
403009105	56598864	26	M	1	0	X	517667011
403144878	56597930	36	F	1	0	X	515183313
403598836	56598063	55	F	1	0	X	517667892
403598849	56597656	55	F	1	0	X	517788525
403641081	56598977	20	F	1	2	X	517788510
403641085	56597482	20	F	1	2	X	517668622
403641086	56597482	18	F	1	2	X	517667668
403641087	56597482	44	F	1	1	X	515184295
403641089	56597468	20	F	1	2	X	517788473
403641091	56597468	44	F	1	1	X	515184295
403641092	56597468	50	M	1	0	X	X
403700754	56598263	88	M	1	4	X	X
403700755	56598263	58	F	1	0	X	517668823
404018788	56598296	41	F	1	0	X	X
404018789	56598296	41	M	1	1	X	517668810
404206643	56598201	50	M	1	1	X	X
404206650	56597660	56	F	1	0	X	515183313
404206651	56597660	50	M	1	1	X	X
404206676	56597734	56	F	1	0	X	517788697
404206687	56550933	50	M	1	1	X	X
404422852	56598605	57	F	1	1	X	X
404603615	56598638	16	F	1	2	450100219	517788457
404603627	56597725	16	F	1	2	450100219	517666880
404603628	56597725	51	F	1	1	X	517788525
404603629	56597725	47	M	1	0	X	517668185
405058770	56598466	54	M	1	0	X	517669038
405096306	56598164	83	F	1	4	X	X
405706717	56550906	32	F	1	0	X	517788475
405706718	56550906	6	M	1	2	450100218	X
405937417	56599662	28	F	1	0	X	517668859
405937425	56598613	28	F	1	0	X	517788475
406068738	56599521	55	M	1	0	X	517668859
406068739	56599521	51	F	1	1	X	517788352
406090020	56598382	56	F	1	1	X	X
406090021	56598382	58	M	1	0	X	517788475
406288015	56597761	35	F	1	0	X	517668792
406288019	56597761	36	M	1	1	X	517668104
406288021	56598301	14	M	1	2	450100219	X
406288022	56598301	3	F	1	2	X	X
406288023	56598301	35	F	1	0	X	517668428
406288024	56598301	11	F	1	2	450100219	X
406288190	56598870	3	F	1	2	X	X
406288192	56598870	11	F	1	2	450100218	X
406288193	56598870	13	M	1	2	450100218	X
406288196	56598870	7	F	1	2	450100218	X
406288253	56598721	14	M	1	2	450100219	X
406288254	56598721	3	F	1	2	X	X
406288260	56598721	7	F	1	2	450100218	X
406288275	56598776	36	M	1	1	X	514674796
406288293	56598561	14	M	1	2	450100219	X
406288294	56598561	3	F	1	2	X	X
406288295	56598561	35	F	1	0	X	515191384
406288296	56598561	11	F	1	2	450100218	X
406288297	56598561	13	M	1	2	450100218	X
406419724	56597943	64	F	1	0	X	X
406474545	56597605	57	M	1	0	X	517668604
406474546	56597605	46	F	1	1	X	X
406474559	56597668	57	M	1	0	X	517666627
406669943	56550799	69	M	1	0	X	515184295
406796061	56550828	67	F	1	0	X	X
406796067	56598905	67	F	1	0	X	X
407256904	56598424	76	M	1	0	X	X
407256925	56599829	83	F	1	1	X	X
407468152	56598333	58	F	1	1	X	517669038
407468176	56598761	58	F	1	1	X	517788475
407468199	56599344	55	M	1	0	X	517788413
407468200	56599344	58	F	1	1	X	514668728
407494122	56599656	29	M	1	0	X	517668859
407494124	56599656	4	M	1	12	X	X
407494254	56550774	29	M	1	0	X	517668632
407494256	56550774	4	M	1	12	X	X
407494257	56550774	0	M	1	2	X	X
408425632	56598902	53	M	1	0	X	517788368
408442841	56599034	58	M	1	0	X	517668843
408442842	56599034	56	F	1	1	X	X
408675827	56598794	33	F	1	0	X	515183313
408856432	56598303	61	F	1	1	X	X
408856452	56550952	61	F	1	1	X	X
408856486	56598565	61	F	1	1	X	X
409669802	56598350	55	M	1	0	X	517668639
409741948	56597624	0	M	1	2	X	X
409741949	56597624	2	F	1	2	X	X
409741950	56597624	5	F	1	2	X	X
409741951	56597624	7	M	1	2	450100218	X
410290593	56598341	77	F	1	0	X	X
410290594	56598341	78	M	1	1	X	X
410587683	56598936	72	M	1	0	X	517668829
410719069	56598814	10	M	1	2	450100218	X
410719070	56598814	17	F	1	2	450100219	517788475
410719072	56598814	6	F	1	2	450100218	X
410719073	56598814	14	F	1	2	450100219	X
411066810	56598956	61	M	1	0	X	517668781
411066822	56598591	61	M	1	0	X	517788697
411066823	56598591	57	F	1	1	X	517788486
411452191	56599157	66	M	1	0	X	X
411452193	56597580	66	M	1	0	X	X
411453374	56598830	40	M	1	0	X	517668577
411453414	56599019	40	M	1	0	X	517788441
411453415	56599019	32	F	1	1	X	X
411477503	56597987	52	M	1	0	X	517666962
411706114	56597713	17	M	1	2	450100219	X
411706115	56597713	44	F	1	1	X	517788475
411961160	56598297	5	M	1	2	450099883	X
411961163	56598297	32	M	1	1	X	517788475
411961204	56599817	5	M	1	2	450099883	X
411961205	56599817	29	F	1	0	X	517668799
411961207	56599817	32	M	1	1	X	517668861
411961268	56599084	5	M	1	2	450099883	X
411961269	56599084	29	F	1	0	X	517668859
411961270	56599084	3	M	1	2	450099883	X
411961271	56599084	32	M	1	1	X	517668752
412059272	56598503	1	F	1	2	X	X
412183759	56597947	55	M	1	0	X	517788697
412207382	56550835	47	M	1	0	X	517666184
412207383	56550835	49	F	1	1	X	X
412594091	56599816	84	F	1	0	X	X
412871477	56598298	40	F	8	3	X	X
412928255	56550879	64	M	1	0	X	X
412936013	56598365	15	M	1	2	450100219	X
412936014	56598365	13	M	1	2	450100219	X
412936015	56598365	11	M	1	2	450100219	X
412936016	56598365	40	M	1	0	X	517666285
412936045	56599020	15	M	1	2	450089403	X
412936046	56599020	13	M	1	2	450100219	X
412936048	56599020	40	M	1	0	X	514669045
412936053	56597664	15	M	1	2	450100219	X
412936055	56597664	11	M	1	2	450100219	X
412936056	56597664	40	M	1	0	X	517667279
412940934	56597820	47	F	1	1	X	515191347
412940935	56597820	45	M	1	0	X	517666508
412940936	56597820	12	M	1	2	450100219	X
412940947	56551006	45	M	1	0	X	517788475
412940948	56551006	12	M	1	2	450100219	X
412940950	56597923	47	F	1	1	X	517788730
412940962	56597637	47	F	1	1	X	517788475
412940965	56597637	16	F	1	2	450089403	517668457
413063425	56598221	78	M	1	0	X	X
413063441	56599921	78	M	1	0	X	X
413063446	56550849	82	F	1	1	X	X
413063479	56551007	78	M	1	0	X	X
413523019	56598518	52	M	1	1	X	517668792
413523105	56598984	52	M	1	1	X	517668857
413640989	56599307	66	M	1	1	X	517668792
413641008	56550751	65	F	1	0	X	X
413641009	56550751	66	M	1	1	X	517667024
413641022	56550961	65	F	1	0	X	X
413641023	56550961	66	M	1	1	X	517668966
413641031	56599155	66	M	1	1	X	517788466
413805547	56598897	49	F	1	0	X	X
413805548	56598897	47	M	1	1	X	517667394
414157446	56598153	8	F	1	2	450100218	X
414157506	56598046	8	F	1	2	450100218	X
414157526	56550837	8	F	1	2	450100218	X
414157528	56550837	40	F	1	1	X	X
414835905	56597935	21	M	1	2	X	517788475
414845523	56598762	24	M	1	1	X	517668725
414845526	56598762	3	M	1	2	X	X
414870825	56598229	58	M	1	10	X	517668146
414870826	56598229	49	F	1	0	X	517666962
415348120	56598377	62	F	1	0	X	517668376
415625864	56597628	67	F	1	1	X	X
415878174	56597815	10	M	1	7	450100218	X
415878176	56597815	28	F	1	1	X	X
415878177	56597815	6	M	1	2	X	X
415878178	56598392	4	M	1	2	X	X
415878183	56598392	6	M	1	2	X	X
415878319	56599033	52	M	1	0	X	517668765
415878321	56599033	6	M	1	2	X	X
415941875	56599356	41	F	1	0	X	517668872
416055113	56597993	63	F	1	1	X	517668651
416156309	56597564	12	M	1	2	450100219	X
416156341	56599727	12	M	1	2	450100219	X
416156342	56599727	11	M	1	2	450100219	X
416156344	56599727	41	M	1	0	X	X
416405261	56599572	11	M	1	2	450100219	X
416405262	56599572	32	F	1	0	X	517788533
416405263	56599572	39	M	1	1	X	517668748
416436164	56597700	69	F	1	0	X	X
416436197	56599080	67	M	1	1	X	X
417076705	56599809	57	F	1	0	X	517668752
417076706	56599809	58	M	1	1	X	X
417076757	56597556	57	F	1	0	X	517668982
417141250	56599226	67	F	1	10	X	X
417171404	56598259	61	M	1	0	X	517668422
417492336	56598549	42	F	1	10	X	517788475
417492337	56598549	47	M	1	0	X	517668973
417670507	56597748	45	M	1	0	X	515183313
417670521	56599668	48	F	1	1	X	517788510
417727112	56550818	53	F	1	0	X	X
418086501	56599879	22	M	1	3	X	514668129
418322702	56599352	25	M	1	0	X	517669004
418490123	56599224	65	F	1	0	X	517668837
418747695	56599867	66	F	1	0	X	517668878
418774773	56598264	10	M	1	2	450100218	X
418774777	56598264	32	M	1	0	X	517667135
418774778	56598264	28	F	1	1	X	X
418774828	56599167	1	M	1	2	X	X
418774831	56599167	32	M	1	0	X	517668859
418781056	56599684	61	M	1	0	X	517668859
418781057	56599684	57	F	1	1	X	517668859
419004030	56598284	34	F	1	0	X	517668566
419004032	56598284	36	M	1	1	X	517668609
419004162	56598504	34	F	1	0	X	517667662
419004241	56599580	3	F	1	2	X	X
419098723	56550853	67	F	1	0	X	517788451
419277722	56598051	74	M	1	0	X	X
419381419	56597486	59	F	1	0	X	517666962
419667905	56598462	46	F	1	1	X	X
419667906	56598462	48	M	1	0	X	515183313
419667907	56598462	21	M	1	2	X	517788489
124218340	56597491	40	F	1	1	X	517669038
124218342	56597491	53	M	1	0	X	517668584
124256785	56550795	29	M	1	0	X	517788508
124535124	56599987	0	F	1	2	X	X
124535125	56599987	25	M	1	0	X	514690745
124535126	56599987	3	F	1	2	450099883	X
124544696	56599901	22	M	1	0	X	X
124544698	56599570	22	M	1	0	X	X
124544704	56599887	22	M	1	0	X	X
124737005	56598315	60	F	1	1	X	X
124737006	56598315	62	M	1	0	X	517667452
125087235	56598363	40	F	1	1	X	517666965
125087236	56598363	7	F	1	2	450100218	X
125087239	56598363	6	M	1	2	450100218	X
125478803	56599588	50	M	1	10	X	517668859
126033108	56597543	28	F	1	0	X	517668330
126059432	56599930	32	F	1	0	X	X
126059433	56599930	7	F	1	2	450100218	X
126059434	56599930	32	M	1	1	X	517788510
126059435	56599930	9	F	1	2	450100218	X
126101391	56597949	59	M	1	0	X	517666965
126101408	56598979	54	F	1	1	X	517668872
126104208	56598645	55	M	1	2	X	517667604
126104209	56598645	77	F	1	0	X	X
126412657	56598432	14	F	5	2	450100218	X
126412659	56598432	54	F	1	1	X	517666978
126588544	56598574	79	M	1	10	X	X
126670554	56598726	55	M	1	0	X	517788727
126670570	56597742	43	F	1	1	X	X
126670571	56597742	3	F	1	2	X	X
126670572	56597742	55	M	1	0	X	517667305
126675604	56597753	55	F	1	1	X	517668565
126941220	56599210	79	M	1	1	X	X
126941231	56599311	70	F	1	0	X	X
126941249	56599193	70	F	1	0	X	X
126941264	56599191	79	M	1	1	X	X
126941265	56599191	70	F	1	0	X	X
126941268	56599850	79	M	1	1	X	X
126969934	56600012	49	F	1	0	X	517668855
127582481	56599593	29	M	1	0	X	517788442
127687705	56597751	23	F	9	10	X	517666962
127687710	56599326	28	M	1	0	X	517788533
127941867	56598230	41	M	1	0	X	517667547
127941869	56598230	11	M	1	2	450100218	X
128090472	56598588	46	M	1	0	X	515184297
128090535	56550893	46	M	1	0	X	515183389
128113163	56597998	54	F	1	0	X	517668640
128133344	56599969	49	M	1	0	X	517668810
128133345	56599969	49	F	1	1	X	517668752
128321944	56597704	57	F	1	1	X	517788503
128321949	56598207	58	M	1	0	X	517668981
128321950	56598207	57	F	1	1	X	517668359
128336711	56598029	60	M	1	1	X	517666627
128336721	56597708	60	M	1	1	X	517666627
128336749	56599685	60	M	1	1	X	514668317
128516894	56599042	22	M	1	2	X	514669271
128594967	56597698	61	M	1	0	X	517788541
129117632	56550833	83	F	1	1	X	515184297
129117633	56550833	92	M	1	0	X	517668359
129209146	56599131	38	F	1	1	X	517668859
129209148	56599131	10	F	1	2	450100219	X
129583525	56600013	68	M	1	0	X	X
129655862	56550886	55	F	1	0	X	517668604
129655878	56599452	55	F	1	0	X	517668859
130015987	56598176	45	M	1	0	X	517667927
130015989	56598176	7	F	1	2	450066968	X
130015990	56598176	7	F	1	2	450066968	X
130015996	56599803	43	F	1	1	X	X
130015998	56599803	7	F	1	2	450066968	X
130015999	56597870	45	M	1	0	X	517668725
130016001	56597870	7	F	1	2	450066968	X
130016002	56597870	7	F	1	2	450066968	X
130034554	56598123	13	M	1	2	450100219	X
130034555	56598123	39	M	1	0	X	517667353
130034556	56598123	9	F	1	2	450100218	X
130034579	56599274	39	M	1	0	X	514669493
130034580	56599274	9	F	1	2	450100218	X
130034581	56599274	43	F	1	1	X	517668803
130034582	56597723	13	M	1	2	450100219	X
130034584	56597723	9	F	1	2	450100218	X
130034611	56597644	39	M	1	0	X	517788414
130034613	56597644	43	F	1	1	X	517668704
130639299	56550707	57	F	1	1	X	517668372
130639300	56550707	60	M	1	0	X	517788723
130639306	56598530	60	M	1	0	X	517788475
130639315	56597901	57	F	1	1	X	517666780
130795071	56550739	44	M	1	0	X	517668597
130795075	56550739	40	F	1	1	X	517788475
130795101	56599687	44	M	1	0	X	517668767
130795105	56599687	40	F	1	1	X	517668792
130809877	56599402	34	F	1	0	X	517668792
130809925	56599440	34	F	1	0	X	517668859
131059792	56600006	40	M	1	12	X	514668151
131157278	56598694	25	M	1	10	X	517788493
131206568	56598858	42	F	1	1	X	517666205
131389615	56598647	7	M	1	2	450100218	X
131389619	56598647	30	F	1	1	X	515183313
131389621	56598547	29	M	1	0	X	517668713
131389622	56598547	1	M	1	2	X	X
131389623	56598547	6	F	1	2	450100218	X
131389624	56598547	30	F	1	1	X	517668239
131509849	56599137	49	M	1	0	X	517668997
131509866	56598396	49	M	1	0	X	517788356
131509873	56599424	49	M	1	0	X	517668872
131820321	56597590	52	F	1	0	X	517788475
131820322	56597590	19	F	1	2	X	X
131820324	56597963	52	F	1	0	X	517668605
131820325	56597963	19	F	1	2	X	X
132093431	56598909	29	M	1	1	X	517669038
132093434	56598909	9	F	1	2	450100218	X
132093435	56598909	30	F	1	0	X	517788513
132093739	56599061	9	F	1	2	450100218	X
132093756	56598585	29	M	1	1	X	517669038
132093757	56598585	1	M	1	2	X	X
132093758	56598585	7	M	1	2	450100218	X
132093791	56597600	29	M	1	1	X	517668604
132093793	56597600	7	M	1	2	450100218	X
132093794	56597600	9	F	1	2	450100218	X
132093795	56597600	30	F	1	0	X	515183389
132093876	56599343	29	M	1	1	X	517668859
132093878	56599343	7	M	1	2	450100218	X
132742113	56599604	71	F	1	0	X	X
133278162	56599449	6	F	1	5	450100218	X
134483339	56598531	30	M	1	1	X	517788536
134483357	56599981	30	M	1	1	X	517788419
134483358	56599981	27	F	1	0	X	517666808
134483400	56599882	27	F	1	0	X	517668806
134532942	56597650	2	M	1	5	X	X
134532943	56597650	3	M	1	5	X	X
134532945	56597650	47	F	1	1	X	X
134532977	56550905	2	M	1	5	X	X
134532979	56550905	47	M	1	0	X	517788475
134532980	56550905	47	F	1	1	X	X
134833244	56599018	15	F	1	2	450089403	X
134833246	56599018	41	M	1	0	X	517668859
134833247	56599018	3	M	1	2	450099883	X
134833248	56599018	13	F	1	2	450100219	X
135343967	56599104	72	F	1	0	X	517669020
135847426	56599315	4	M	8	12	450099883	X
135847428	56599315	23	F	8	10	X	517668843
136224934	56598607	87	M	1	0	X	X
136312621	56598947	69	M	1	0	X	514668128
136312665	56550759	69	M	1	0	X	517788510
136455087	56597473	5	F	1	2	X	X
136455088	56597473	3	M	1	2	X	X
136474026	56550960	92	M	1	0	X	X
136641539	56598594	54	F	1	1	X	517668593
136641540	56598594	84	F	1	4	X	X
136641541	56598594	59	M	1	0	X	517788475
137073080	56550787	66	M	1	0	X	X
137257807	56597789	65	M	1	0	X	517667185
137291308	56598712	54	M	1	0	X	517788475
137593872	56598637	5	F	1	2	450100218	X
137593873	56598637	34	M	1	0	X	517669011
137593874	56598637	10	M	1	2	450100218	X
137593875	56598637	31	F	1	1	X	X
137700118	56598105	47	M	8	0	X	517669038
137863946	56598515	50	F	1	0	X	517666669
137874401	56597907	21	F	1	2	X	517660839
137874402	56597907	48	F	1	0	X	517788536
137874403	56597907	49	M	1	1	X	517666626
137930899	56598342	53	M	1	0	X	517669014
137930910	56599826	44	F	1	1	X	517668859
138253174	56550973	61	F	1	1	X	517667488
138253175	56550973	60	M	1	0	X	517668707
138273001	56550740	16	M	1	2	450100219	X
138273006	56550932	48	M	1	0	X	517667557
138273008	56550932	17	M	1	2	450089403	X
138273009	56550932	16	M	1	2	450089403	X
138347612	56598942	48	M	1	0	X	517668752
138347615	56599874	48	M	1	0	X	514669271
138594730	56598179	52	M	1	0	X	X
138594731	56598179	47	F	1	1	X	517788475
138594738	56599277	52	M	1	0	X	X
138594739	56599277	47	F	1	1	X	517788441
138594744	56597759	52	M	1	0	X	X
138594764	56599841	52	M	1	0	X	X
138594765	56599841	47	F	1	1	X	517668866
138594786	56599156	52	M	1	0	X	X
138594827	56599540	47	F	1	1	X	517788437
139109465	56598069	10	M	1	2	450100218	X
139185716	56598428	60	F	1	0	X	X
139185752	56598668	60	F	1	0	X	X
139185753	56598668	60	M	1	1	X	X
139276553	56597464	62	M	1	1	X	X
139276554	56597464	59	F	1	0	X	X
139662754	56599765	74	F	1	1	X	X
139858988	56550847	27	F	1	10	X	517667353
139858989	56550847	3	F	1	2	X	X
139859000	56598951	27	F	1	10	X	517668752
139859001	56598951	3	F	1	2	X	X
139859038	56599229	33	M	1	0	X	517668840
139859039	56599229	27	F	1	10	X	517668865
139872886	56599556	63	F	1	10	X	X
139872887	56599556	60	M	1	0	X	517668792
139872902	56598981	63	F	1	10	X	X
139896319	56598181	21	F	1	2	X	517668372
139896320	56598181	50	M	1	0	X	517788525
139896321	56598181	51	F	1	1	X	517666808
140049201	56598163	58	F	1	0	X	517667702
140214701	56599892	59	F	1	1	X	514670517
140273482	56598771	39	M	1	0	X	X
140548166	56599943	63	F	1	0	X	X
140548167	56599943	60	M	1	1	X	X
140626973	56598111	60	F	1	1	X	517788475
140702358	56598329	31	M	1	0	X	517666533
140873591	56550689	69	F	1	0	X	X
141088672	56598302	46	M	1	0	X	517667408
141088750	56550836	46	M	1	0	X	517667324
141088751	56550836	44	F	1	1	X	517668560
141133183	56597539	54	F	1	1	X	515184295
141161684	56550897	11	F	1	2	450100219	X
141161685	56550897	13	M	1	2	450100219	X
141161686	56550897	34	F	1	1	X	517668869
141161700	56598458	13	M	1	2	450100218	X
141161702	56598458	34	M	1	0	X	517668574
141161703	56597641	15	M	1	2	450089403	X
141161704	56597641	11	F	1	2	450100219	X
141161705	56597641	13	M	1	2	450100219	X
141161706	56597641	34	F	1	1	X	517668049
141161707	56597641	34	M	1	0	X	517668652
141564609	56550998	24	F	1	1	X	517666916
141564622	56598404	27	M	1	0	X	517668706
141564623	56598404	0	F	1	2	X	X
141564636	56597825	24	F	1	1	X	517666285
141564637	56597825	27	M	1	0	X	517668382
141625206	56598806	66	M	1	0	X	X
141625212	56550914	66	M	1	0	X	X
141675178	56598884	48	F	1	1	X	X
141675182	56599247	48	F	1	1	X	X
141675194	56599345	48	F	1	1	X	X
142032135	56598197	42	F	1	1	X	X
142032137	56598197	53	M	1	0	X	517666536
142032139	56598197	20	F	1	2	X	517666962
142485395	56599495	21	F	1	0	X	517668843
142485397	56599495	0	F	1	2	X	X
142527807	56598819	56	F	1	0	X	X
142565195	56597799	69	F	1	0	X	517668846
142565196	56597799	69	M	1	1	X	515187395
142775489	56598189	13	M	1	2	450100219	X
142775490	56598189	21	M	1	2	X	517666548
142775491	56598189	51	F	1	0	X	X
142775509	56599510	51	F	1	0	X	X
142775514	56550841	21	M	1	2	X	517666962
142775515	56550841	51	F	1	0	X	X
142977754	56550860	87	F	1	0	X	X
142977755	56550860	92	M	1	1	X	X
143010874	56599198	27	F	1	0	X	517668752
143010875	56599198	29	M	1	1	X	517668859
143091445	56598839	63	M	1	0	X	517669018
143091446	56598839	69	F	1	1	X	X
143091447	56598839	92	F	1	6	X	X
143247378	56598085	55	M	1	0	X	517668665
144129012	56598244	8	M	8	2	450100218	X
144129014	56598244	34	M	8	0	X	517667403
144232413	56550854	63	F	1	4	X	X
144414678	56550936	69	M	1	0	X	X
144414679	56550936	61	F	1	1	X	517668085
144414680	56550936	88	M	1	6	X	X
144414681	56550936	14	M	1	5	450100219	X
144414687	56599012	12	M	1	5	450100219	X
144414689	56599012	61	F	1	1	X	517668859
144414690	56599012	88	M	1	6	X	X
144414691	56599012	14	M	1	5	450100219	X
144529535	56597574	57	F	1	0	X	517668604
144701452	56599348	21	M	1	2	X	X
144701486	56598155	42	F	1	0	X	517667094
144701487	56598155	43	M	1	1	X	517668646
144716463	56597843	8	M	1	5	450100218	X
144716465	56597843	10	M	1	5	450100218	X
144716466	56597843	58	M	1	0	X	517788475
144716467	56597843	54	F	1	1	X	517788451
144716535	56597460	10	M	1	5	450100218	X
144716537	56597460	54	F	1	1	X	517667340
144716579	56550989	12	F	1	5	450100219	X
144716580	56550989	10	M	1	5	450100218	X
144716581	56550989	58	M	1	0	X	517668680
144716582	56550989	54	F	1	1	X	517666285
144716748	56599623	8	M	1	5	450100218	X
144716751	56599623	58	M	1	0	X	517668847
144716752	56599623	54	F	1	1	X	517669011
144716783	56598740	8	M	1	5	450100218	X
144716786	56598740	58	M	1	0	X	517667408
144716787	56598740	54	F	1	1	X	517666962
144716790	56599072	10	M	1	5	450100218	X
144716792	56599072	54	F	1	1	X	517668863
144716824	56597502	12	F	1	5	450100219	X
144716827	56597502	54	F	1	1	X	517788475
144716829	56597619	12	F	1	5	450100219	X
144716830	56597619	10	M	1	5	450100218	X
144716832	56597619	54	F	1	1	X	517788475
144882060	56597890	45	M	1	0	X	517667647
144926880	56597586	63	F	1	1	X	X
144926892	56598935	63	F	1	1	X	X
145071508	56599498	31	M	1	0	X	517668859
145071546	56598915	31	M	1	0	X	514669315
145071548	56598969	31	M	1	0	X	517668843
145301348	56598009	49	F	1	0	X	X
145301349	56598009	53	M	1	1	X	517668588
145301350	56598009	14	M	1	2	450100219	X
145406974	56599217	46	M	1	0	X	X
145547534	56598272	23	F	1	0	X	517668101
145547535	56598272	43	F	1	4	X	517668703
145562017	56598717	53	M	1	0	X	517788705
145838947	56597567	60	M	1	0	X	517666808
145954885	56599379	8	M	1	2	450100218	X
145954886	56599379	31	F	1	0	X	517668859
145954888	56599379	10	F	1	2	450100218	X
145954903	56599619	42	M	1	1	X	517788421
146467943	56599731	12	F	1	2	450100219	X
146467945	56599731	6	F	1	2	450100218	X
146467973	56599357	6	F	1	2	450100218	X
146467974	56599357	9	F	1	2	450100218	X
146524211	56599146	34	M	1	0	X	X
146608160	56550922	84	M	1	0	X	X
146608161	56550922	81	F	1	1	X	X
146700518	56598012	60	M	1	0	X	517788459
146700520	56598012	32	F	1	6	X	X
146700521	56598012	2	M	1	5	X	X
146711555	56550913	81	M	1	0	X	X
146905756	56597555	49	M	1	0	X	517788351
147638642	56598560	46	F	1	1	X	517669038
147638653	56597800	43	M	1	0	X	517669038
147638656	56599077	46	F	1	1	X	514670255
147638657	56599077	43	M	1	0	X	517668844
147656326	56597866	73	M	1	0	X	X
147656330	56597647	73	M	1	0	X	X
147696049	56597736	55	F	1	1	X	517669038
147944731	56599404	66	M	1	0	X	X
147944732	56599404	63	F	1	1	X	X
147944748	56599265	63	F	1	1	X	X
147944753	56599091	66	M	1	0	X	X
147944754	56599091	63	F	1	1	X	X
147944779	56599868	66	M	1	0	X	X
147944781	56599355	66	M	1	0	X	X
147944782	56599355	63	F	1	1	X	X
148393086	56598337	59	F	1	0	X	517668591
148469847	56598140	92	M	1	0	X	X
148469874	56598000	83	F	1	1	X	X
148469875	56598000	92	M	1	0	X	X
148500025	56600021	1	M	1	2	X	X
148500026	56600021	5	F	1	2	450100218	X
148626047	56598255	54	M	1	0	X	517788525
148626048	56598255	54	F	1	1	X	517668104
148720263	56550747	71	F	1	10	X	X
148844528	56597552	58	F	1	0	X	517788475
148844529	56599720	58	F	1	0	X	517668830
148998419	56598838	6	F	1	2	450100218	X
148998494	56597677	6	F	1	2	450100218	X
148998495	56597677	29	F	1	1	X	517667580
148998498	56597677	8	F	1	2	450100218	X
148998544	56598389	6	F	1	2	450100218	X
148998545	56598389	29	F	1	1	X	517666627
148998546	56598389	2	F	1	2	X	X
148998548	56598389	8	F	1	2	450100218	X
148998569	56597633	6	F	1	2	450100218	X
148998570	56597633	29	F	1	1	X	517668632
149628535	56599964	49	F	1	1	X	517668779
149628579	56597648	49	F	1	1	X	515186267
149859662	56550768	57	M	1	0	X	517668584
149859663	56550768	57	F	1	1	X	515184295
149966243	56599653	67	M	2	1	X	X
149966244	56599653	59	F	1	0	X	517788686
149966271	56598584	67	M	2	1	X	X
149966272	56598584	59	F	1	0	X	517668843
150026969	56599860	22	M	1	2	X	517668859
150080779	56598760	51	F	1	0	X	517788726
150143941	56598240	31	M	1	10	X	517668597
150143942	56598240	27	F	1	0	X	517668673
150230120	56597919	19	F	1	2	X	517666041
150230121	56597919	51	M	1	1	X	517666808
150330619	56550944	28	F	1	0	X	515183347
150330667	56598436	28	F	1	0	X	517788525
150330669	56598436	6	F	1	2	450100218	X
150330670	56598436	7	M	1	2	450100218	X
150572988	56598809	86	F	1	0	X	X
150595721	56597453	73	F	1	0	X	X
150595722	56597453	76	M	1	1	X	X
150595745	56599394	73	F	1	0	X	X
150595746	56599394	76	M	1	1	X	X
150971320	56597807	88	F	1	4	X	X
150971364	56597492	60	F	1	1	X	X
150971366	56597492	63	M	1	0	X	X
151225523	56597948	64	M	1	0	X	X
151586563	56598592	34	F	6	1	X	517668591
151641550	56599359	63	F	1	1	X	X
151799112	56550730	40	F	1	0	X	517788475
151799113	56550730	17	F	1	2	450100219	517668717
151799158	56599526	40	F	1	0	X	517667698
151799159	56599526	17	F	1	2	450089403	517668863
152174178	56598899	59	F	1	1	X	515184295
152174179	56598899	64	M	1	0	X	517667854
152174224	56599519	59	F	1	1	X	517668792
152174226	56597871	59	F	1	1	X	514674796
152533060	56598752	17	M	1	2	450100219	517788697
152533142	56597831	11	M	1	2	450100219	X
152533143	56597831	41	M	1	0	X	517788722
152533145	56597831	17	M	1	2	450089403	517668565
152549994	56598426	37	M	1	7	X	X
152549995	56598426	59	M	1	0	X	X
152787225	56599330	64	F	1	0	X	X
152787227	56597550	64	F	1	0	X	X
153292078	56598650	64	F	1	0	X	517668224
153292079	56598650	72	M	1	1	X	517668588
153641262	56598529	22	F	1	9	X	517788475
153783952	56598058	76	M	1	1	X	X
153815530	56597585	52	F	1	1	X	X
153815531	56597585	12	F	1	2	X	X
153815532	56597585	46	M	1	0	X	517666808
153815535	56599996	46	M	1	0	X	517668859
153815552	56550834	12	F	1	2	X	X
153815553	56550834	46	M	1	0	X	517668880
154183030	56599735	68	M	1	0	X	X
154202670	56598697	25	M	1	0	X	517666962
154202672	56598697	0	M	1	2	X	X
154202718	56599059	25	M	1	0	X	517668792
154202719	56599059	5	F	1	12	X	X
154202721	56599059	23	F	1	1	X	X
154310817	56600026	79	F	1	0	X	X
154589538	56597673	92	F	1	7	X	X
154589539	56597673	58	M	1	8	X	517788502
155017871	56598705	21	M	1	2	X	517666627
155017872	56598705	49	F	1	1	X	X
155047380	56599110	57	M	1	1	X	517668851
155154331	56599242	45	F	1	0	X	517668851
155154332	56599242	50	M	1	1	X	517668859
155222322	56599741	92	F	1	0	X	X
155720661	56597494	39	F	1	1	X	517669006
155720669	56597783	39	F	1	1	X	517668859
155720670	56597783	10	M	1	2	450100218	X
155836036	56598670	46	M	1	0	X	517668859
155836037	56598670	69	F	1	1	X	517668632
155836050	56550703	46	M	1	0	X	517667199
156091214	56599761	4	M	1	2	X	X
156091215	56599761	30	F	1	0	X	517668874
156091230	56599934	4	M	1	2	X	X
156091231	56599934	30	F	1	0	X	517668742
156091232	56599934	12	F	1	2	450100219	X
156091280	56598661	12	F	1	2	450100218	X
156129910	56598421	14	M	1	2	450100219	X
156129911	56598421	10	M	1	2	450100218	X
156129912	56598421	7	M	1	2	450100218	X
156129913	56598421	35	F	1	1	X	X
156129915	56598421	2	M	1	2	X	X
156151654	56597754	46	F	1	0	X	517666627
156151656	56597754	11	M	1	2	450100219	X
156577100	56550820	66	F	1	0	X	517788455
156577101	56550820	65	M	1	1	X	X
156577123	56597887	36	M	1	7	X	517668622
156577124	56597887	66	F	1	0	X	517668680
156973734	56599689	48	F	1	9	X	517668847
157111629	56599613	75	M	1	0	X	X
157340237	56550861	77	M	1	0	X	X
157568150	56597618	44	F	1	0	X	517667033
157638775	56598369	58	F	1	0	X	517668584
157638780	56598332	61	M	1	1	X	517666962
157813231	56598718	9	F	1	2	450100218	X
157813232	56598718	36	M	1	0	X	517668188
157813233	56598718	38	F	1	1	X	517666396
157813243	56599726	9	F	1	2	450100218	X
157813245	56599726	38	F	1	1	X	514669315
157813605	56598672	51	M	1	0	X	517667408
157819244	56599518	92	F	1	0	X	X
157839951	56599276	69	F	1	0	X	517788413
157839952	56599276	75	M	1	1	X	517668859
157839955	56599161	69	F	1	0	X	517668752
157839956	56599161	75	M	1	1	X	517668837
157839970	56599301	75	M	1	1	X	517669024
157887799	56598535	56	M	1	0	X	517667702
157970146	56550806	63	F	1	1	X	515183313
158216842	56597790	59	F	1	1	X	517667723
158235716	56550802	79	F	1	1	X	X
158689840	56597775	59	M	1	0	X	517788509
158745594	56597687	53	M	1	1	X	517668713
158791753	56597702	22	F	1	2	X	X
158791768	56597918	53	M	1	0	X	517788475
158791782	56599614	53	M	1	0	X	517668985
159178546	56598016	3	F	1	2	X	X
159178553	56599824	1	F	1	2	X	X
159199885	56598194	28	F	1	1	X	517668404
159260386	56598090	61	M	1	1	X	X
159260387	56598090	57	F	1	0	X	517788467
159427054	56599410	15	F	1	2	450100219	X
159552083	56550900	41	F	1	0	X	517668630
159552085	56550900	23	F	1	2	X	517669038
159612468	56597593	84	F	1	0	X	X
159730340	56597512	53	M	1	1	X	514674597
159730341	56597512	53	F	1	0	X	517668656
159892657	56599569	69	M	1	0	X	X
160153063	56598702	15	F	1	11	450100219	X
160153064	56598702	50	M	1	1	X	517668792
160153067	56598702	14	F	1	2	450100218	X
160444190	56598144	56	M	1	1	X	517668104
160577614	56599211	49	M	1	0	X	517668787
160788374	56597973	48	F	1	0	X	X
160788375	56597973	44	M	1	1	X	517788475
160890260	56598253	57	M	1	0	X	X
161707834	56599873	85	F	1	0	X	X
161707835	56599873	60	F	1	2	X	X
161819343	56599562	61	M	1	0	X	X
161819357	56598934	61	M	1	0	X	X
161921318	56598371	73	F	1	0	X	X
161970633	56550817	4	F	1	12	X	X
162083631	56598566	75	F	1	1	X	X
162180349	56597928	16	M	1	12	450100219	X
162180350	56597928	49	F	1	10	X	517667626
162180352	56550910	16	M	1	12	450100219	X
162180353	56550910	49	F	1	10	X	517788454
162227936	56599697	48	F	1	0	X	517668859
162549592	56597469	60	M	1	0	X	515191434
162883493	56599928	52	M	1	1	X	517668801
162883495	56597679	52	M	1	1	X	517666128
162883496	56597679	44	F	1	0	X	X
162883502	56600011	44	F	1	0	X	X
162883507	56599713	52	M	1	1	X	517668859
162883516	56599843	44	F	1	0	X	X
162883563	56599516	52	M	1	1	X	514668813
162912859	56598582	19	M	1	0	X	517788508
162912874	56599682	18	F	1	10	X	X
162912892	56598450	18	F	1	10	X	X
162914738	56598643	27	M	1	1	X	517668604
162914740	56598643	1	F	1	2	X	X
162914741	56598643	6	M	1	2	450100218	X
163049101	56599411	35	M	1	0	X	X
163049103	56599411	13	M	1	2	450100219	X
163049105	56599411	15	F	1	2	450100219	X
163316568	56597991	76	F	1	0	X	X
163459035	56597859	16	M	1	2	450100219	X
163459036	56597859	40	F	1	0	X	517668647
163459066	56599185	12	F	1	2	450100219	X
163604572	56550981	30	M	1	0	X	517667702
163647959	56599766	55	F	1	0	X	517668749
163655727	56598514	64	F	1	1	X	517788475
163655728	56598514	54	M	1	0	X	517666962
163655757	56598173	64	F	1	1	X	517788455
163662696	56598629	55	M	1	1	X	X
163703376	56599544	76	F	1	0	X	X
164013453	56599739	56	F	1	0	X	517788413
