sp_id	sp_hh_id	age	sex	race	relate	school_id	work_id
164736265	56632400	21	M	1	0	X	517668955
164736267	56632400	0	M	1	2	X	X
164848521	56632147	43	F	1	1	X	517661233
164883152	56634518	9	M	1	7	450100871	X
164883168	56634462	9	M	1	7	450100871	X
164883173	56635048	59	F	1	0	X	X
165564767	56632654	63	F	1	0	X	517668962
165564784	56633741	52	M	1	1	X	517661372
166204808	56634676	15	F	1	2	450100876	X
166204809	56634676	13	F	1	2	450100876	X
166204810	56634676	11	M	1	2	450100876	X
166204811	56634676	40	M	1	0	X	517661330
166390042	56634378	35	M	1	9	X	517661093
166390043	56634378	28	M	1	0	X	517660989
166390116	56633325	35	M	1	9	X	517661165
166390130	56634776	35	M	1	9	X	517668936
166464208	56632535	22	F	1	0	X	517661222
166659694	56633012	14	M	9	7	450100871	X
166659695	56633012	56	M	9	1	X	517668936
166659696	56633012	44	F	1	0	X	517661165
166902590	56633875	57	F	1	1	X	517661423
167224464	56632741	61	F	1	0	X	X
167224465	56632741	71	M	1	1	X	X
167224466	56634742	61	F	1	0	X	X
167294937	56634051	42	F	1	0	X	517661330
167462651	56633317	15	M	3	2	450100874	X
167462653	56633317	45	F	1	0	X	517669033
167462676	56634468	47	M	2	1	X	517661074
167530554	56632489	62	F	1	0	X	517668930
167530564	56632572	62	F	1	0	X	517668930
167554568	56632231	40	M	1	6	X	X
167554569	56632231	61	F	1	0	X	517661188
167568145	56632165	0	M	1	2	X	X
167568147	56632165	1	F	1	2	X	X
167568273	56632468	29	F	1	1	X	517660983
167568275	56632468	0	M	1	2	X	X
167568276	56632468	7	F	1	2	450100871	X
167568277	56632468	1	F	1	2	X	X
168719071	56632854	55	M	1	0	X	517668930
168926917	56633420	22	M	1	0	X	517661408
168926919	56633483	22	M	1	0	X	517661311
168926920	56633483	20	F	1	10	X	517661297
168933710	56632786	69	F	1	0	X	517669035
168933723	56633141	56	M	9	1	X	X
168933724	56633141	69	F	1	0	X	517668922
169463415	56634708	59	F	1	1	X	517660989
169463417	56634708	63	M	1	0	X	X
169686578	56632676	24	F	1	0	X	517661320
169686579	56632676	27	M	1	1	X	517661146
169686582	56632309	24	F	1	0	X	517661035
169686583	56632309	27	M	1	1	X	517668938
169686591	56634612	27	M	1	1	X	517661241
169686595	56633751	27	M	1	1	X	517661165
169739369	56632532	15	F	1	2	450100874	X
169739377	56634541	15	F	1	2	450100874	X
169950807	56632454	47	F	1	0	X	517668922
169950809	56632454	14	F	1	2	450100876	X
169950810	56632454	46	M	1	1	X	517661165
170021606	56634206	22	F	1	0	X	517669026
170021706	56634784	1	F	1	2	X	X
170021707	56634784	4	M	1	2	450099883	X
170021712	56634147	1	F	1	2	X	X
170021713	56634147	4	M	1	2	450099883	X
170021714	56634147	22	F	1	0	X	517661372
170021736	56634945	1	F	1	2	X	X
170021737	56634945	4	M	1	2	450099883	X
170021774	56633701	22	F	1	0	X	517661389
170021787	56632471	1	F	1	2	X	X
170021789	56632471	22	F	1	0	X	517661297
170247920	56634414	14	F	1	2	450100876	X
170247950	56633760	38	F	1	1	X	517660992
170247952	56633760	14	F	1	2	450100876	X
170409084	56632194	51	F	1	0	X	517668930
170635223	56632672	46	F	1	1	X	517661031
170635224	56632672	24	F	1	2	X	517661384
170831868	56634000	57	F	1	0	X	517661106
170831869	56634000	84	M	1	1	X	X
170831879	56632730	84	M	1	1	X	X
170954298	56634338	48	M	1	0	X	517661093
171053958	56632257	7	M	1	2	450100871	X
171053959	56632257	46	F	1	1	X	517661259
171053960	56632257	19	M	1	2	X	X
171053962	56632257	17	M	1	2	450100874	X
171053963	56633019	7	M	1	2	450100871	X
171053966	56633019	48	M	1	0	X	517661144
171670842	56634430	45	M	1	0	X	517661330
171968539	56634613	29	M	1	0	X	517501751
172179827	56632493	52	M	1	1	X	517661021
172179828	56632493	24	M	1	2	X	517668939
172179829	56632493	18	M	1	2	450100874	517669035
172387115	56632180	30	F	1	10	X	517668924
172387116	56632180	43	M	1	0	X	517661077
172414112	56634837	73	M	1	0	X	X
172414149	56632134	17	F	1	2	450100874	X
172919577	56634553	44	F	1	1	X	517661188
172919578	56634553	59	M	1	0	X	X
172931079	56633718	70	F	1	0	X	X
173346705	56634809	83	F	1	0	X	X
173346706	56634478	83	F	1	0	X	X
173382881	56634764	5	M	1	2	450100872	X
173382883	56634764	7	M	1	2	450100871	X
173382889	56634367	5	M	1	2	450100872	X
173382890	56634367	34	M	1	0	X	517668930
173382891	56634367	7	M	1	2	450100871	X
173430466	56633429	11	F	1	2	450100876	X
173430470	56633429	19	F	1	2	X	X
173430472	56633429	7	M	2	2	450100871	X
173719284	56633387	49	M	1	1	X	517668907
173719289	56634594	50	F	1	0	X	517661188
174071920	56632198	52	M	1	0	X	517661146
174142553	56634715	81	F	1	1	X	X
174142554	56634715	81	M	1	0	X	X
174479229	56632707	27	M	1	0	X	517661165
174479231	56632707	3	M	1	2	X	X
174479232	56632707	26	F	1	10	X	517661409
174721814	56633265	53	M	1	1	X	517509981
174969209	56632645	6	F	1	2	450100872	X
174969210	56632645	8	M	1	2	450100871	X
174969211	56632645	10	F	1	2	450100876	X
174969212	56632645	13	F	1	2	450100876	X
175195325	56632605	36	M	1	0	X	517660989
175195344	56632444	36	M	1	0	X	517669034
175576852	56633467	2	F	1	2	X	X
175576853	56633467	23	M	1	0	X	517661014
176362208	56634813	28	M	1	0	X	517661138
176851234	56632385	86	M	1	0	X	X
176851266	56635046	86	M	1	0	X	X
176851267	56632486	78	F	1	1	X	X
176851268	56632486	86	M	1	0	X	X
176851287	56632177	78	F	1	1	X	X
176851288	56632177	86	M	1	0	X	X
176851291	56634472	78	F	1	1	X	X
176867925	56633139	40	F	1	10	X	517661019
176868031	56634407	50	M	1	0	X	517666205
176868032	56634407	8	M	9	12	450100871	X
176868094	56634881	50	M	1	0	X	517668922
176868102	56633036	40	F	1	10	X	517668930
176868104	56633036	8	M	9	12	450100871	X
177164056	56633987	57	M	1	0	X	X
177164072	56634262	57	M	1	0	X	X
177553321	56632126	47	F	1	1	X	X
177553322	56632126	56	M	1	0	X	517661159
177553343	56632265	47	F	1	1	X	X
177588763	56633994	24	F	1	1	X	517661188
178586248	56634466	83	F	1	0	X	X
178586268	56634037	83	F	1	0	X	X
178764864	56634704	57	F	1	1	X	517661074
178901115	56634540	37	M	1	2	X	517660989
179872781	56633028	35	F	1	2	X	517668930
179872782	56633028	63	F	1	1	X	517661028
179914789	56633854	36	M	8	0	X	517661330
179914790	56633854	15	F	8	2	450100874	X
180047384	56633312	70	F	1	0	X	517661146
180361533	56634521	61	F	1	1	X	517661188
180361534	56634521	62	M	1	0	X	517503094
180361555	56632256	61	F	1	1	X	517661233
180361556	56632256	62	M	1	0	X	517668525
180760482	56633538	44	M	1	1	X	517502447
180760483	56633538	38	F	1	0	X	517661093
180760485	56633538	18	F	1	2	450100874	517661093
180778282	56634418	23	M	1	0	X	517661313
180778283	56634418	21	F	1	10	X	X
180778285	56633837	23	M	1	0	X	517661302
180778286	56633837	21	F	1	10	X	X
180907419	56633766	65	F	1	1	X	X
180907420	56633766	65	M	1	0	X	517661020
180907423	56632593	65	F	1	1	X	X
180907441	56633761	65	F	1	1	X	X
180907442	56633761	65	M	1	0	X	517661297
181011645	56634570	71	M	1	0	X	X
181544759	56634980	49	M	1	0	X	517661093
181544760	56634980	38	F	1	1	X	517661372
181915559	56632742	50	F	1	1	X	X
181978765	56634383	17	F	1	2	X	517667474
182091958	56633037	51	F	1	1	X	517660985
182091959	56633037	52	M	9	0	X	X
182202023	56633280	46	F	1	0	X	517669027
182202024	56633280	47	M	1	1	X	517669026
182409206	56632740	62	M	1	0	X	517660980
182409207	56632740	60	F	8	1	X	517668930
182846056	56634342	64	M	1	1	X	517661074
183065602	56635080	58	F	1	1	X	517661188
183493312	56632101	49	F	1	1	X	517668922
183493313	56632101	51	M	1	0	X	517661262
183493315	56632101	24	F	1	2	X	517668930
183612114	56634653	80	F	1	0	X	X
183652668	56633009	53	M	1	0	X	X
184030800	56634357	35	F	1	2	X	517498844
184030801	56634357	63	F	1	1	X	X
184030802	56634357	58	M	1	0	X	517660983
184090696	56633941	57	F	1	0	X	517661372
184090697	56633941	61	M	1	1	X	X
184254751	56634044	67	F	1	1	X	X
184259363	56634867	26	M	1	2	X	517661330
184259364	56634867	65	M	1	0	X	517668936
184259365	56634867	23	M	1	2	X	517661021
184259366	56634867	48	F	1	1	X	517661202
184259367	56632890	26	M	1	2	X	517661188
184259369	56632890	23	M	1	2	X	517668953
184259370	56632890	48	F	1	1	X	517668892
184279969	56632674	39	M	1	10	X	517661035
184500015	56634845	29	M	1	0	X	517660992
184759432	56634670	7	M	1	2	450100871	X
185193154	56632879	49	F	1	0	X	517661158
185193171	56633409	54	M	1	1	X	517661083
185561739	56633883	58	M	1	0	X	517668961
185561740	56633883	18	M	1	2	450100874	517660989
185561741	56633883	57	F	1	1	X	517661320
185719594	56632503	55	M	1	0	X	517660998
186400473	56634283	48	F	9	0	X	517661409
186923381	56634684	4	F	1	2	X	X
186923382	56634684	7	M	1	2	450100871	X
186923383	56634684	28	F	1	0	X	517661199
186923384	56634684	28	M	1	1	X	517661129
186923508	56634641	7	M	1	2	450100871	X
186923510	56634641	28	M	1	1	X	517661155
186923511	56634641	2	M	1	2	X	X
187429473	56632649	58	M	1	0	X	517668930
187429474	56632649	46	F	1	1	X	X
187429500	56632225	46	F	1	1	X	X
187429516	56632725	46	F	1	1	X	X
187468120	56634539	55	F	1	0	X	517661114
187468121	56634539	23	M	1	2	X	517661196
187468122	56634539	25	M	1	2	X	517661109
187490962	56632305	61	M	1	1	X	X
187491020	56632375	61	M	1	1	X	X
187491021	56632375	60	F	1	0	X	X
187491022	56632435	61	M	1	1	X	X
187504158	56632488	81	M	1	0	X	X
187677881	56632341	51	M	1	0	X	517668940
187680399	56632239	3	M	1	2	X	X
187680401	56632239	33	F	1	1	X	X
187680403	56632239	8	M	1	2	450100871	X
187842711	56632799	58	F	1	1	X	517661102
187949524	56632996	23	F	1	2	X	517661093
187949525	56632996	18	M	1	2	450100874	X
188536253	56635015	38	F	1	0	X	517666627
188536254	56635015	9	F	1	2	450100871	X
188536255	56635015	46	M	1	1	X	517661339
188536256	56634408	38	F	1	0	X	517668911
188536258	56634408	46	M	1	1	X	517660983
189103316	56633978	47	F	1	0	X	517661188
189103317	56633978	0	M	1	5	X	X
189103318	56633978	49	M	1	1	X	517661330
189163559	56633873	56	F	1	0	X	517661243
189163560	56633873	62	M	1	1	X	517660989
189163563	56632790	56	F	1	0	X	517668936
189272095	56634588	47	M	1	1	X	517669034
189272125	56634805	47	M	1	1	X	517660979
189272126	56634805	32	F	1	0	X	517661398
189879706	56632850	53	M	1	0	X	517660989
190023389	56632430	52	F	1	0	X	517668934
190023390	56632430	54	M	1	1	X	517668944
190135256	56632190	50	M	1	1	X	517661021
190204191	56633668	50	M	1	0	X	517661372
190204193	56633668	12	M	1	2	450100876	X
190568925	56633018	85	M	1	1	X	X
190752319	56632140	61	F	1	0	X	517668930
190752324	56632201	67	M	1	1	X	X
190752325	56632201	61	F	1	0	X	517661125
191124646	56633743	0	M	9	2	X	X
191696061	56634690	48	F	1	0	X	517661154
191696062	56634690	52	M	1	1	X	517661330
191773367	56632559	72	M	1	0	X	517661208
191773369	56632559	48	F	1	2	X	517669026
191773409	56632818	72	M	1	0	X	517669035
191773410	56632818	65	F	1	1	X	X
191773411	56632818	48	F	1	2	X	517660998
191823429	56633767	46	M	1	1	X	517661330
192138435	56632809	29	F	1	10	X	517668930
192138439	56632437	29	F	1	10	X	517669026
192177982	56633175	62	M	1	0	X	X
192177983	56633175	63	F	1	1	X	X
192177999	56633368	63	F	1	1	X	X
192232705	56634850	50	M	1	0	X	517661409
192537846	56634831	76	M	1	0	X	X
192761265	56633015	56	F	1	1	X	517661165
192765770	56634825	38	M	1	1	X	517661330
192765771	56634825	31	F	1	0	X	X
192765797	56634246	5	F	1	2	450100872	X
192765798	56634246	38	M	1	1	X	517661369
192765799	56634246	31	F	1	0	X	X
192765820	56634604	7	M	1	2	450100871	X
192765829	56634977	5	F	1	2	450100872	X
192765830	56634977	38	M	1	1	X	517661146
193255589	56632662	3	M	1	2	X	X
193255590	56632662	29	F	1	0	X	517668916
193439914	56634563	24	F	1	1	X	517661093
193439915	56634563	30	M	1	0	X	517661127
193517659	56632316	63	M	1	0	X	X
193982781	56632706	18	F	1	0	X	X
193982783	56634636	18	F	1	0	X	X
193982789	56634219	18	F	1	0	X	X
193982804	56633591	18	F	1	0	X	X
194311090	56633527	55	M	1	0	X	517661219
194389304	56633918	56	M	1	1	X	517661221
194389305	56633918	53	F	1	0	X	X
194408422	56634939	25	M	1	0	X	517661178
194408453	56632441	28	M	1	9	X	517661034
194761824	56633771	48	F	1	0	X	517661409
194761825	56633771	44	M	1	1	X	517661368
194761843	56633344	12	M	1	2	450100876	X
194761845	56633344	44	M	1	1	X	517660989
195223547	56632899	58	M	1	0	X	517668943
195664745	56634617	44	F	1	0	X	517661165
195745172	56634989	1	F	1	2	X	X
195745173	56634989	28	M	1	1	X	517661330
195745174	56634989	5	F	1	2	450100872	X
195745175	56634666	22	F	1	0	X	X
195745177	56634666	28	M	1	1	X	517661117
196016554	56633093	25	M	1	0	X	517661170
196228880	56633685	45	F	1	0	X	517661242
196278084	56632985	51	F	1	1	X	517661391
196278085	56632985	59	M	1	0	X	517661247
196799845	56633188	58	F	1	1	X	517668700
196799846	56633188	64	M	1	0	X	517669033
196843010	56633940	26	M	8	1	X	517661174
196843011	56633940	21	F	1	0	X	X
197288423	56632351	10	F	1	2	450100876	X
197288426	56632351	42	M	1	1	X	517661267
197709646	56634626	17	F	1	2	X	517660999
197709647	56634626	19	F	1	2	X	517661028
197761370	56634528	57	F	1	0	X	517661138
197761391	56634571	57	F	1	0	X	517661330
197804656	56634767	40	M	1	0	X	517661416
197804657	56634767	2	F	1	5	X	X
197804658	56634767	43	F	1	1	X	517661257
197804659	56634767	8	F	1	2	450100871	X
197804660	56634767	3	M	1	2	450099883	X
197804663	56634767	17	F	1	2	450100874	X
197804664	56634767	15	F	1	2	450100874	X
198487994	56634463	80	F	1	3	X	X
198487995	56634463	93	M	1	0	X	X
199398092	56633790	71	F	1	0	X	X
199420271	56634088	71	F	1	0	X	X
199624931	56634663	46	M	1	1	X	517661398
199624942	56632713	40	F	1	0	X	517660989
199719584	56633324	59	F	1	2	X	517661445
199753121	56632262	25	M	1	0	X	517669033
199976622	56633316	64	F	1	0	X	517668933
199976623	56633316	68	M	1	1	X	X
200164274	56634036	50	M	1	1	X	517661372
200164275	56634036	49	F	1	0	X	517661408
200451811	56632943	83	M	1	0	X	X
200463031	56635004	81	F	1	0	X	517661330
200463041	56634104	81	F	1	0	X	517668936
200463045	56633364	81	F	1	0	X	517668942
201025337	56633131	50	M	1	0	X	517669026
201073998	56634470	93	F	1	0	X	X
201149862	56633378	51	F	1	1	X	X
201149872	56633051	51	F	1	1	X	X
201787539	56633671	49	M	1	1	X	517661319
201787540	56633671	44	F	1	0	X	517661017
201787541	56633671	23	M	1	2	X	517661330
201842153	56632588	59	M	1	0	X	X
201842154	56632588	20	M	1	2	X	517660995
201997874	56634719	33	M	1	0	X	517661093
202359622	56633535	3	M	1	2	X	X
202359742	56633578	3	M	1	2	X	X
202359744	56633578	19	F	1	10	X	X
202359745	56633578	24	M	1	0	X	X
202511206	56635089	53	M	1	1	X	517661182
202511207	56635089	14	M	1	2	450100871	X
202511213	56633514	51	F	1	0	X	517660990
202511214	56633514	53	M	1	1	X	517661342
202511216	56633514	14	M	1	2	450100876	X
202511217	56632765	51	F	1	0	X	517661358
202511219	56632765	14	M	1	2	450100876	X
202511220	56632765	14	M	1	2	450100876	X
202572492	56632832	77	F	1	0	X	X
202579632	56633569	17	F	1	5	450100874	X
202579633	56633569	82	F	1	0	X	X
202579634	56633569	15	F	1	5	450100874	X
202786866	56633505	35	M	1	0	X	517661044
202786867	56633505	29	F	1	1	X	517661372
202997298	56632315	52	F	1	10	X	X
203959373	56632777	32	F	1	0	X	517661154
203959375	56632777	36	M	1	1	X	517661093
204577319	56632373	59	M	1	0	X	517661165
204577320	56632373	12	M	1	11	450100876	X
204884466	56632633	51	F	1	0	X	517661337
204884467	56632633	51	M	1	1	X	517661255
204900338	56632279	71	M	1	0	X	X
205523712	56632853	46	F	1	1	X	X
205823315	56632369	33	M	1	0	X	517661145
205823317	56632369	6	F	1	2	450100871	X
205823318	56632369	35	F	1	1	X	517661504
205823356	56632575	4	M	1	2	450099883	X
205823357	56632575	6	F	1	2	450100871	X
205823358	56632575	35	F	1	1	X	517661186
205881510	56635075	93	F	1	0	X	X
205881517	56632892	93	F	1	0	X	X
206091763	56633520	21	M	1	2	X	517661093
206091764	56633520	48	F	1	1	X	517660989
206091766	56633520	18	M	1	2	450100874	X
206128007	56633241	52	F	1	1	X	517661064
206128008	56633480	56	M	1	0	X	517661188
206320448	56633524	5	F	1	2	450099883	X
206320450	56633524	36	F	1	1	X	517498875
206320451	56633524	41	M	1	0	X	517666231
206320454	56635032	36	F	1	1	X	517661380
206320455	56635032	41	M	1	0	X	517661138
206320501	56633740	8	M	1	2	450100871	X
206320502	56633740	36	F	1	1	X	517661330
206320503	56633740	41	M	1	0	X	517661219
206436829	56632416	54	M	1	1	X	517666458
206436830	56632416	56	F	1	0	X	517669026
206538794	56632287	23	F	1	0	X	517669034
206538801	56634007	23	F	1	0	X	517661297
206774737	56634923	61	F	1	0	X	517661093
206774738	56634923	61	M	1	1	X	517660989
206813633	56634992	59	F	1	0	X	517661372
206849325	56633082	86	F	1	4	X	X
206849472	56633516	86	F	1	4	X	X
206849474	56633516	57	M	1	0	X	X
206942523	56632551	50	F	1	1	X	517660989
206947456	56632485	57	M	9	0	X	X
207019052	56632723	51	M	1	1	X	517668936
207319530	56633632	64	M	3	1	X	517661330
207319531	56633632	77	F	3	0	X	X
207370233	56634655	75	M	1	0	X	X
207639817	56634372	45	M	1	1	X	517661347
207639819	56634372	20	M	1	2	X	X
207824379	56632439	42	M	1	0	X	517660989
208027405	56633217	35	M	1	1	X	517661327
208027408	56633217	34	F	9	0	X	517660989
208027417	56634455	35	M	1	1	X	517661093
208027418	56634455	11	F	9	2	450100876	X
208027419	56634455	13	F	9	2	450100876	X
208027420	56634455	34	F	9	0	X	517661189
208027440	56632502	34	F	9	0	X	517668922
208027462	56632472	11	F	9	2	450100876	X
208027463	56632472	13	F	9	2	450100876	X
208037391	56633984	15	F	9	2	450100874	X
208037392	56633984	36	F	1	0	X	517661511
208037394	56634130	36	F	1	0	X	517661396
208137882	56634545	24	M	1	0	X	517661200
208155845	56632365	9	M	1	2	450100871	X
208155847	56632365	32	F	1	0	X	517668934
208155849	56632365	34	M	1	7	X	517661031
208267024	56634916	36	F	1	0	X	X
208267025	56634916	11	F	1	2	450100876	X
208267026	56634916	35	M	1	1	X	517661227
208267067	56632117	13	F	1	2	450100876	X
208267069	56632117	11	F	1	2	450100876	X
208285348	56634532	47	F	1	0	X	517661149
208285379	56633077	47	M	1	1	X	517668930
208285380	56633077	47	F	1	0	X	517661318
208603172	56634285	14	M	1	12	450100876	X
208603191	56632499	54	M	1	9	X	517668922
208603192	56632499	23	M	1	0	X	517665654
208603210	56632342	23	M	1	0	X	517668930
208837034	56632606	43	M	1	1	X	517661408
208837047	56634694	53	F	1	0	X	517661188
208912610	56635033	31	M	1	0	X	517661047
208912611	56635033	0	M	1	2	X	X
209039929	56632192	59	M	1	0	X	517660999
209039957	56633086	59	M	1	0	X	517669026
209039978	56632130	60	F	1	1	X	517661188
209135027	56633927	24	M	1	0	X	517666808
209135031	56633613	24	M	1	0	X	517661188
209165851	56634860	21	F	1	1	X	X
209165852	56634860	1	M	1	2	X	X
209165878	56633695	21	F	1	1	X	X
209165879	56633695	1	M	1	2	X	X
209165914	56633920	21	F	1	1	X	X
209165915	56633920	1	M	1	2	X	X
210021152	56635038	4	F	1	2	X	X
210021154	56635038	44	F	1	1	X	517661074
210021155	56635038	4	F	1	2	X	X
210021156	56635038	1	F	1	2	X	X
210280008	56633796	64	M	1	0	X	517498846
210280009	56633796	55	F	1	1	X	517661297
210287917	56634015	82	M	1	0	X	X
210287918	56634015	76	F	1	1	X	X
210308728	56634011	46	F	1	1	X	X
210308734	56634022	46	F	1	1	X	X
210308767	56632319	46	M	9	0	X	517669034
210308795	56634075	46	M	9	0	X	517661206
210308796	56634075	46	F	1	1	X	X
210321973	56633474	50	F	1	0	X	517661372
210321975	56632979	50	F	1	0	X	517661021
210388002	56634872	21	F	1	0	X	517661375
210388003	56634872	25	M	1	10	X	517661372
210388004	56634872	0	M	1	2	X	X
210388032	56634136	21	F	1	0	X	517661184
210388060	56633773	25	M	1	10	X	517661343
210388061	56633773	0	M	1	2	X	X
210620788	56634223	88	F	1	0	X	X
210679364	56634857	47	M	1	0	X	517660989
211090855	56632417	72	F	1	1	X	X
211090863	56633964	72	F	1	1	X	X
211090864	56633964	73	M	1	0	X	517661330
211090867	56634211	72	F	1	1	X	X
211590747	56632710	61	F	1	0	X	517661023
212313250	56634973	44	F	1	1	X	X
212313251	56634973	14	F	1	2	450100876	X
212597791	56633473	23	M	1	10	X	517668892
213043610	56633729	56	M	1	0	X	517661025
213043618	56633832	56	M	1	0	X	517661330
213171426	56634221	7	M	1	2	450100871	X
213171430	56634221	42	M	2	1	X	517661330
213303906	56633980	77	F	1	0	X	X
213482241	56632475	63	M	1	0	X	X
213518707	56632966	16	F	1	2	450063600	517668922
213518709	56632966	41	F	1	1	X	517661021
213518719	56634043	16	F	1	2	450063600	517661319
213518720	56634043	46	M	1	0	X	517661188
213518721	56634043	41	F	1	1	X	517661159
213518725	56632938	16	F	1	2	450063600	517668930
213518726	56632938	46	M	1	0	X	517661428
213518727	56632938	41	F	1	1	X	517669025
213558811	56634489	80	F	1	0	X	X
213558819	56634096	80	F	1	0	X	X
213959068	56632664	43	F	1	0	X	X
214143079	56633608	44	M	1	0	X	517668713
214143080	56633608	42	F	1	1	X	517661188
214143081	56633608	24	F	1	2	X	517661093
214143082	56633608	12	F	1	2	450100876	X
214143084	56633608	0	M	1	5	X	X
214851242	56633177	59	F	1	1	X	517668921
215160509	56634821	76	M	1	0	X	X
215160510	56634821	71	F	1	1	X	517661227
215175585	56633080	3	F	1	2	X	X
215175587	56633080	47	M	1	1	X	517660985
215175589	56633080	17	F	1	2	450100874	517668956
215175590	56633080	16	M	1	2	450100874	X
215730091	56632191	73	F	1	1	X	X
215795081	56634131	40	F	1	0	X	517661188
215795082	56634131	47	M	1	1	X	517661203
215795089	56634510	40	F	1	0	X	517661188
215795091	56634510	8	F	1	2	450100871	X
215795092	56634510	4	M	1	2	450099883	X
215938265	56632851	69	M	1	0	X	517668930
215938266	56632851	61	F	1	1	X	517661274
216094642	56633541	36	M	1	0	X	517661376
216751953	56633798	25	M	1	9	X	517668930
216752037	56633512	25	M	1	9	X	517660989
216752038	56633512	25	M	1	9	X	517661361
217321806	56632775	56	F	1	0	X	X
217390469	56634959	76	M	1	1	X	X
217737552	56632129	53	M	1	0	X	X
217873947	56632128	30	F	1	0	X	517668890
217894257	56634449	36	F	1	1	X	517668958
217907514	56633072	50	F	1	0	X	517661165
217907515	56633072	50	M	1	1	X	517660997
218319696	56632604	52	M	1	0	X	517661276
218319697	56632604	52	F	1	1	X	517664841
218416110	56634260	75	F	1	0	X	X
218416111	56633563	75	F	1	0	X	X
218416115	56632918	75	F	1	0	X	X
218416136	56634187	75	F	1	0	X	X
218660559	56634603	62	F	1	1	X	517661074
218660560	56634603	60	M	1	0	X	X
218880963	56633865	87	F	1	0	X	X
219053795	56634520	93	F	1	4	X	X
219402679	56633518	65	M	1	0	X	X
219402706	56633765	62	F	1	1	X	X
219402718	56632089	62	F	1	1	X	X
219443743	56634856	84	F	1	1	X	X
220139974	56635039	53	M	1	0	X	517661093
220139976	56635039	17	F	1	2	450100874	X
220537861	56635024	18	F	1	10	X	X
220555468	56633985	73	F	1	1	X	X
220809022	56634700	36	M	1	0	X	517661152
220809024	56634700	3	F	1	2	X	X
220969180	56634827	88	F	1	0	X	X
221076590	56634261	59	M	9	0	X	X
221076591	56634261	47	F	1	1	X	517661273
221152157	56632531	37	F	1	0	X	517661318
221152159	56632531	36	M	1	1	X	517660861
221152176	56633351	4	F	1	2	X	X
221152178	56633351	12	M	1	2	450067304	X
221152180	56633351	11	F	1	2	450067304	X
221202663	56632770	67	M	1	0	X	X
221202668	56633052	58	F	1	1	X	517668841
221202669	56633052	67	M	1	0	X	X
221202680	56632908	58	F	1	1	X	517668934
221202681	56632908	67	M	1	0	X	X
221202686	56634895	58	F	1	1	X	517668927
221202687	56634895	67	M	1	0	X	X
221202700	56633232	58	F	1	1	X	517661188
221570864	56633601	44	F	1	0	X	517668953
221570876	56632197	44	F	1	0	X	517661219
221623733	56632514	1	F	1	2	X	X
221623734	56632514	6	M	1	2	450100871	X
221623806	56632608	6	M	1	2	450100871	X
221623845	56634741	1	F	1	2	X	X
221623861	56632425	1	F	1	2	X	X
221759451	56633525	52	F	1	0	X	517661330
221759452	56633525	47	M	1	10	X	X
221759469	56633300	52	F	1	0	X	517668922
221759470	56633300	47	M	1	10	X	X
221806375	56633042	48	F	1	1	X	517661077
221933606	56634322	68	M	1	0	X	517661287
222084158	56635040	61	M	1	0	X	517661052
222084202	56632830	61	M	1	0	X	517661301
222084207	56634181	35	F	1	2	X	X
222441615	56633656	49	F	1	1	X	X
222441617	56633656	16	F	1	11	450063600	X
222510043	56634731	43	F	1	1	X	517668045
222510046	56634731	23	M	1	6	X	517661127
222631837	56632708	55	F	1	0	X	517668930
222631847	56634427	55	F	1	0	X	517668976
222747735	56632538	56	M	1	1	X	517668940
222747736	56632538	19	F	1	2	X	517661330
222747874	56632381	19	F	1	2	X	517661218
223151103	56634975	9	F	1	2	450100871	X
223151104	56634975	9	F	1	2	450100871	X
223151105	56634975	5	M	1	2	450100872	X
223151106	56634975	44	M	1	0	X	517661302
223336676	56633307	65	F	1	0	X	X
223466241	56634127	48	F	1	1	X	X
223466256	56632443	52	M	1	0	X	517661344
223534888	56634695	57	M	1	0	X	517661011
223534889	56634695	52	F	1	1	X	517660989
223534922	56632378	57	M	1	0	X	517661005
223534923	56632378	52	F	1	1	X	517669033
223657943	56634243	53	M	1	1	X	517661230
223657944	56634243	50	F	1	0	X	517661188
223657945	56634243	21	F	1	2	X	517668930
223657952	56632278	53	M	1	1	X	517669026
223657953	56632278	50	F	1	0	X	517669035
223657954	56632278	21	F	1	2	X	517661010
223907918	56634014	80	F	1	1	X	X
223914811	56632554	56	F	1	0	X	X
223914814	56632554	7	F	1	2	450100871	X
223914827	56635041	11	M	1	2	450100876	X
223914828	56635041	45	M	1	1	X	517668936
223914829	56635041	7	F	1	2	450100871	X
223980369	56634073	50	M	1	1	X	517661102
223980370	56634073	47	F	1	0	X	517661188
224054151	56632882	9	M	1	2	450100871	X
224054153	56632882	37	F	1	1	X	X
224128343	56634890	93	M	1	0	X	X
224128354	56633588	87	F	1	1	X	X
224129838	56634526	20	F	1	0	X	517661165
224365887	56632949	34	M	1	0	X	517660989
224365889	56632949	48	F	1	7	X	517668938
224722068	56633616	79	F	1	0	X	X
224722069	56633616	80	M	1	1	X	X
224872880	56632207	7	M	9	2	450100871	X
224872881	56632207	11	M	9	2	450100876	X
224872895	56633013	44	M	1	1	X	517669026
224872898	56633013	44	F	9	0	X	517668922
225266021	56634782	26	F	1	1	X	517661330
225266022	56634782	42	M	1	0	X	517661378
225266063	56634239	26	F	1	1	X	517661408
225319840	56633062	46	M	1	0	X	517660982
225319844	56633826	46	M	1	0	X	517666525
225338879	56633828	47	F	1	1	X	517661330
225338880	56633828	47	M	1	0	X	517669027
225338881	56633828	12	M	1	2	450100876	X
225997180	56633725	18	M	1	2	X	517661318
225997181	56633725	45	F	1	1	X	517660980
225997182	56633725	44	M	1	0	X	517661168
226104605	56632618	59	F	1	1	X	517788506
226104607	56633118	59	F	1	1	X	517668944
226104608	56633118	64	M	1	0	X	517668930
226308378	56633275	70	M	1	1	X	X
226308379	56633275	68	F	1	0	X	517661093
226611936	56632801	38	M	1	0	X	517661350
226611937	56632801	36	M	1	3	X	517668921
226928830	56634399	17	F	1	2	450100874	517661188
227047956	56632547	34	F	1	1	X	517661021
227047958	56632547	8	F	1	2	X	X
227047959	56632547	6	M	9	2	X	X
227047989	56634993	6	M	9	2	X	X
227048016	56632611	34	F	1	1	X	517661380
227048019	56632611	6	M	9	2	X	X
227048081	56634953	34	F	1	1	X	517661286
227048084	56634953	6	M	9	2	X	X
227281591	56633129	5	F	1	2	450100872	X
227281593	56633129	30	M	1	0	X	517661146
227311863	56632681	13	F	1	2	450100876	X
227311864	56632681	15	F	1	2	450100874	X
227311865	56632681	50	M	1	1	X	517661257
227311866	56632681	38	F	1	0	X	517661188
227489168	56632838	18	M	1	2	450100874	X
227489170	56632838	53	F	1	1	X	X
227489195	56632986	13	M	1	2	450100876	X
227489197	56632986	51	M	1	0	X	517668922
227489198	56632986	53	F	1	1	X	X
227945463	56634139	93	F	1	0	X	X
228007891	56632842	20	F	1	2	X	X
228007892	56632842	48	M	1	0	X	517661408
228007894	56632842	45	F	1	1	X	X
228247416	56634460	65	F	1	0	X	517660999
228247436	56632695	65	F	1	0	X	517661288
228247437	56632695	65	M	1	1	X	517660989
228465107	56633519	65	F	1	1	X	X
228465125	56633810	65	F	1	1	X	X
228905644	56632619	61	F	1	0	X	517661188
228923143	56635016	10	F	1	2	450100872	X
228923145	56635016	7	F	1	2	450100872	X
228923146	56635016	29	M	1	0	X	517503542
229042169	56633132	64	M	1	0	X	517661316
229042170	56633132	59	F	1	1	X	517661503
229149280	56634247	58	M	1	0	X	517661297
229149304	56632843	58	M	1	0	X	517668942
229264500	56634869	11	M	1	2	X	X
229264501	56634869	36	F	1	0	X	X
229264502	56634869	10	M	1	2	X	X
229264503	56634869	46	M	1	1	X	517661313
229691803	56634639	50	M	1	2	X	517498903
229691805	56634639	9	F	1	5	450100872	X
229691844	56633399	71	F	1	0	X	517668721
229691846	56633399	7	M	1	5	450100872	X
229691847	56633399	9	F	1	5	450100872	X
229691848	56633399	72	M	1	1	X	X
229901040	56633332	50	F	1	0	X	517668953
229901048	56632145	18	M	1	2	450100874	X
230249285	56632261	31	F	1	0	X	517669035
230249287	56633406	31	F	1	0	X	517661173
230249290	56632114	31	F	1	0	X	517669038
230736734	56634377	78	M	1	0	X	X
230736755	56634417	75	F	1	1	X	X
230950858	56634535	20	F	1	0	X	517661188
230950866	56632700	20	F	1	0	X	517668936
230950867	56632700	22	F	1	9	X	517661200
230975715	56632701	20	M	1	8	X	517661213
230975789	56632453	20	M	1	3	X	517668911
230975802	56633410	25	F	1	3	X	517666808
230975845	56633626	20	M	1	3	X	517661146
230975883	56633598	20	M	1	8	X	517661280
230975893	56632332	20	M	1	3	X	517668922
230975894	56632332	25	F	1	3	X	517661010
231008247	56634634	6	F	1	5	450100872	X
231008248	56634634	5	F	1	5	X	X
231008249	56634634	1	F	1	5	X	X
231008253	56634634	27	F	1	5	X	517661381
231008254	56634634	8	F	1	5	450100872	X
231182203	56632682	7	F	1	2	450100872	X
231182204	56632682	42	M	1	0	X	517669034
231182205	56632682	41	F	1	1	X	517668940
231233004	56633197	42	M	1	0	X	517661016
231233022	56633192	42	M	1	0	X	517668924
231518077	56632543	56	M	1	0	X	517661200
231518078	56632543	14	M	1	2	450100874	X
231518079	56632543	50	F	1	1	X	X
231518332	56634685	15	F	1	2	450100874	X
231518333	56634685	56	M	1	0	X	517669030
231518335	56634685	50	F	1	1	X	X
231518448	56632085	15	F	1	2	450100874	X
231518449	56632085	56	M	1	0	X	517661322
231565875	56633970	79	F	1	0	X	X
231639128	56635002	61	M	1	0	X	517661102
231639129	56635002	57	F	1	1	X	517661146
231749443	56634330	36	F	1	0	X	517661405
231749485	56634507	36	F	1	0	X	517668946
231851382	56634402	50	F	1	0	X	517661200
231851408	56633367	50	F	1	0	X	517661165
232237594	56632445	73	M	1	0	X	517668943
232777034	56633707	36	M	1	0	X	517660980
232860904	56632107	28	M	1	0	X	517668936
232860906	56632107	9	F	1	2	450100872	X
232860907	56632107	32	F	1	1	X	X
232860922	56635011	9	F	1	2	450100872	X
232920117	56634229	54	M	1	0	X	X
232920122	56634167	54	M	1	0	X	X
233771956	56632601	25	M	1	10	X	517661250
233772016	56633912	25	M	1	10	X	517668934
233772017	56633912	25	F	1	0	X	517661146
233772018	56633912	0	M	1	2	X	X
233825234	56633848	47	F	2	1	X	517661310
233825235	56633848	67	M	1	0	X	517661405
233848512	56633078	39	F	1	0	X	X
233926814	56633149	61	F	1	1	X	517661158
233926815	56633149	53	M	1	0	X	517661111
233962760	56633560	28	M	1	0	X	517661330
234053882	56632479	21	F	1	1	X	517661093
234053883	56632479	23	M	1	0	X	517668911
234078520	56633669	14	F	1	2	450100874	X
234078529	56633866	14	F	1	2	450100874	X
234117909	56633011	74	M	1	0	X	X
234266186	56634769	47	M	1	0	X	517660990
234845037	56632817	61	M	1	1	X	517661556
234853569	56634578	78	M	1	0	X	X
234918365	56633933	20	F	1	2	X	517668930
234918367	56633933	14	F	1	2	450100876	X
235046344	56635021	83	F	1	1	X	X
235769593	56634940	25	M	1	0	X	X
235769594	56634940	1	M	1	2	X	X
235769595	56634940	4	F	1	2	450099883	X
235769646	56634932	7	F	1	2	450100872	X
235769647	56634932	25	M	1	0	X	X
235769649	56634932	4	F	1	2	450099883	X
235813429	56634351	65	F	1	1	X	517661507
235813430	56634351	69	M	1	0	X	X
236106143	56632304	56	F	1	1	X	517661372
236116797	56633879	35	M	1	10	X	517661388
236150072	56634709	11	M	9	2	450100876	X
236150074	56634709	30	F	1	0	X	517661416
236150075	56634709	41	M	3	1	X	517661093
236150104	56633134	11	M	9	2	450100876	X
236150105	56633134	5	M	9	2	450099883	X
236296439	56632164	65	F	1	1	X	X
236296440	56632164	30	F	1	2	X	X
236713757	56633568	4	F	1	2	450099883	X
236728243	56634491	41	M	1	0	X	517661273
236728244	56634491	40	F	1	1	X	517661153
236728245	56634491	78	F	1	4	X	X
236728246	56634491	18	F	1	2	450100874	517661316
236728247	56634491	7	F	1	2	450100872	X
236949128	56632586	34	F	1	0	X	517661282
236949129	56632586	10	M	1	2	450100876	X
236999250	56632895	15	M	1	2	450100874	X
237010017	56634781	32	M	1	0	X	517661312
237010018	56634781	44	F	1	10	X	517661188
237010029	56633959	32	M	1	0	X	517661126
237306915	56634683	63	M	1	0	X	X
237499446	56632930	52	F	1	0	X	517661334
237499448	56632930	80	F	1	4	X	X
237499477	56633634	26	M	1	2	X	517661408
237499479	56633634	6	M	1	5	450100872	X
237612543	56634922	58	F	1	1	X	517660999
237612544	56634922	59	M	1	0	X	517661361
237612545	56632274	58	F	1	1	X	517661233
237612558	56634792	59	M	1	0	X	517661114
237738282	56632959	54	M	1	1	X	517660989
237738284	56632522	54	M	1	1	X	517668930
237738299	56632616	54	F	1	0	X	517669030
237738300	56632616	54	M	1	1	X	517669026
237738305	56633230	54	F	1	0	X	517661366
237851094	56633178	53	F	1	0	X	517661046
237851095	56633178	14	F	1	2	450100874	X
237851143	56633114	14	F	1	2	450100874	X
237851167	56634257	14	F	1	2	450100874	X
237851169	56634257	55	M	1	1	X	517661202
237889705	56634226	22	F	1	10	X	517661219
238098611	56634426	54	M	1	0	X	X
238142823	56632162	55	F	1	1	X	517661190
238142833	56633148	55	F	1	1	X	517668930
238142834	56633148	59	M	1	0	X	517661064
238279813	56633293	46	F	1	1	X	X
238301401	56634047	11	F	1	2	450100876	X
238301402	56634047	39	M	1	0	X	517660980
238301452	56634093	11	F	1	2	450100876	X
238479996	56633628	70	M	1	0	X	X
238479997	56633628	66	F	1	1	X	X
238761379	56632520	27	M	1	0	X	517660983
238761380	56632520	5	M	1	2	450099883	X
238761407	56634602	5	M	1	2	450099883	X
238761456	56634847	24	F	1	1	X	517661188
238761460	56634092	27	M	1	0	X	517668930
238761461	56634092	5	M	1	2	450099883	X
238761482	56633160	5	M	1	2	450099883	X
238761493	56632345	27	M	1	0	X	517661054
238763687	56633493	29	M	1	9	X	517661320
238763688	56633493	0	F	1	2	X	X
238763689	56633493	23	F	1	0	X	X
238763700	56633666	0	F	1	2	X	X
238763701	56633666	23	F	1	0	X	X
238763826	56632169	0	F	1	2	X	X
238816145	56633471	4	M	1	2	X	X
238816146	56633471	40	M	1	0	X	517660990
238816150	56633471	2	F	1	2	X	X
238973664	56633797	22	M	1	9	X	517661035
238973665	56634600	24	M	1	0	X	517501751
238973709	56633922	24	M	1	0	X	517661297
238973710	56633922	22	M	1	9	X	517661096
239242013	56633638	13	F	1	2	450100876	X
239299276	56634987	4	M	1	2	X	X
239299278	56634987	27	M	1	1	X	517661372
239299304	56633553	4	M	1	2	X	X
239299307	56633553	25	F	1	0	X	517668687
239299341	56635069	1	M	1	2	X	X
239299342	56635069	27	M	1	1	X	517661311
239332857	56632518	23	F	1	9	X	X
239332858	56632518	22	F	1	0	X	X
239579113	56632405	51	M	1	1	X	517661268
239866821	56633948	42	F	1	1	X	517661174
239866822	56633948	45	M	1	0	X	517661330
239866823	56633948	12	F	1	2	450100876	X
239866830	56632663	42	F	1	1	X	517661110
239866832	56632663	12	F	1	2	450100876	X
239895992	56633550	43	M	1	0	X	517661093
239896004	56633726	43	M	1	0	X	517661409
240120524	56633068	59	F	1	1	X	X
240120525	56633068	55	M	1	0	X	517668922
240262038	56633946	77	F	1	1	X	X
240262039	56633946	76	M	1	0	X	X
240262048	56634559	77	F	1	1	X	X
240262049	56634559	76	M	1	0	X	X
240262062	56633762	77	F	1	1	X	X
240262063	56633762	76	M	1	0	X	X
240790011	56633277	54	F	1	1	X	517668930
240831103	56633337	53	M	1	0	X	517661028
240831109	56633814	53	M	1	0	X	517661138
240831119	56632921	53	M	1	0	X	517661220
240831120	56632921	53	F	1	1	X	517660990
240934061	56634329	15	F	1	2	450100874	X
240934063	56634329	42	F	1	1	X	517660989
241343346	56633140	3	F	1	2	X	X
241514483	56633346	63	M	1	0	X	X
241514484	56633346	54	F	1	1	X	517668962
241610172	56633158	48	F	1	0	X	X
241610185	56634254	47	M	1	1	X	517661358
241610186	56634254	48	F	1	0	X	X
241620217	56634029	44	M	1	0	X	517668908
241620221	56634029	19	F	1	2	X	X
241770818	56633664	52	F	1	1	X	X
241980209	56632339	61	F	1	0	X	517661377
242199013	56634111	26	M	1	2	X	517661213
242199014	56634111	48	M	1	0	X	517661409
242199085	56632335	26	M	1	2	X	517668930
242199086	56632335	48	M	1	0	X	517668921
242230398	56633972	37	M	1	1	X	517661358
242230399	56633972	30	F	1	0	X	517660990
242230479	56634893	30	F	1	0	X	517661007
242230491	56634186	30	F	1	0	X	517660989
242230493	56635060	30	F	1	0	X	517660989
242297801	56633807	1	M	1	2	X	X
242297802	56633807	22	F	1	0	X	X
242297816	56632478	23	M	1	1	X	517668962
242297818	56632478	22	F	1	0	X	X
242382589	56634749	27	M	1	0	X	517661030
242382590	56634749	6	F	1	2	450100872	X
242841229	56633424	6	M	1	2	450066968	X
242841231	56633424	15	M	1	2	450100874	X
242854931	56634875	56	M	1	0	X	517661372
242854932	56634849	56	M	1	0	X	517661038
242876286	56633085	64	M	1	0	X	517660989
242919920	56633024	48	F	1	0	X	X
242919927	56634045	48	F	1	0	X	X
242919949	56635003	48	F	1	0	X	X
242919978	56632694	48	F	1	0	X	X
243354408	56634599	51	M	1	1	X	517661093
243507379	56634085	36	F	1	1	X	X
243507380	56634085	46	M	1	0	X	517669025
243507389	56632688	36	F	1	1	X	X
243507390	56632688	46	M	1	0	X	517668922
243524709	56632247	23	F	1	3	X	517661200
243524710	56632247	2	M	1	2	X	X
243524711	56632247	0	M	1	2	X	X
243524721	56632404	23	F	1	3	X	517661372
243524723	56632404	0	M	1	2	X	X
243543984	56632088	69	M	1	0	X	X
243679770	56633472	24	M	1	0	X	517661142
243679781	56634823	24	F	1	1	X	X
243679782	56634823	24	M	1	0	X	517668934
243679783	56634823	2	F	1	2	X	X
243679784	56634823	3	F	1	2	450066968	X
243679842	56632179	24	M	1	0	X	517668960
243679843	56632179	2	F	1	2	X	X
243679844	56632179	3	F	1	2	450066968	X
244261714	56633625	7	M	1	2	450100872	X
244261716	56633625	18	M	1	2	450100874	X
244261717	56633625	44	F	1	1	X	X
244279076	56632362	46	M	1	0	X	517661066
244279080	56634144	46	M	1	0	X	517661188
244301941	56634616	25	F	3	2	X	517661189
244301942	56634616	29	F	3	2	X	517661330
244301944	56634616	53	M	1	0	X	517661114
244301945	56634616	1	M	3	5	X	X
244338945	56633650	51	M	1	0	X	517661093
244578698	56633170	57	F	1	1	X	517661188
244578699	56633170	59	M	1	0	X	X
244578724	56633999	57	F	1	1	X	517661159
244578725	56633999	59	M	1	0	X	X
244712143	56635068	21	F	1	0	X	517660991
244712147	56633612	21	F	1	0	X	517661188
244712148	56633612	0	M	1	2	X	X
244712154	56634394	20	M	1	1	X	517661093
244712156	56634394	0	M	1	2	X	X
244712222	56634971	20	M	1	1	X	517660989
244712223	56634971	21	F	1	0	X	517661369
244712242	56632627	20	M	1	1	X	517668936
244712247	56634746	21	F	1	0	X	517661020
244712248	56634746	0	M	1	2	X	X
244795287	56633371	54	M	1	0	X	517661158
244795288	56633371	53	F	1	1	X	517665220
244795309	56632667	54	M	1	0	X	517669034
244891248	56634659	26	M	1	0	X	517660982
244891278	56635052	26	M	1	0	X	517661184
244950626	56633662	62	F	1	0	X	517661096
244950628	56632328	62	F	1	0	X	517661021
244971560	56634912	6	F	1	2	450100872	X
244971562	56634912	26	F	1	0	X	517661093
244971586	56634125	26	F	1	0	X	517661074
244971587	56634543	6	F	1	2	450100872	X
245011312	56632397	25	F	1	0	X	517661309
245011313	56632397	5	M	1	2	450100872	X
245011314	56632397	3	M	1	2	450066968	X
245011315	56632397	2	F	1	2	X	X
245045193	56634801	81	F	1	0	X	X
245069122	56634163	21	F	1	3	X	X
245069123	56634163	0	M	1	7	X	X
245069126	56634163	10	M	1	2	450100872	X
245069127	56634163	11	F	1	2	450100876	X
245069129	56634163	29	F	1	0	X	517661048
245302816	56632668	31	M	1	10	X	517661358
245302817	56632668	46	F	1	0	X	X
245402562	56634083	78	F	1	0	X	X
245402581	56634220	78	F	1	0	X	X
245644976	56633752	55	F	1	1	X	517660989
245644977	56633752	55	M	1	0	X	X
245754749	56633491	21	M	1	0	X	517661311
245754750	56633491	20	F	1	9	X	X
245849606	56635054	32	F	1	0	X	X
246314241	56632628	31	F	1	1	X	517668922
246314243	56632628	1	F	1	2	X	X
246557162	56634983	80	F	1	0	X	X
246557170	56634803	80	F	1	0	X	X
246700111	56632692	1	M	6	2	X	X
246700113	56632692	38	M	1	0	X	517668922
247163218	56633689	73	F	1	0	X	517661316
247189624	56632629	58	F	1	0	X	X
247407069	56632242	48	M	8	1	X	517661064
247407070	56632242	32	F	1	0	X	517669033
247407077	56635034	48	M	8	1	X	517661093
247407078	56635034	32	F	1	0	X	517661032
247439350	56632336	43	F	1	1	X	517660999
247533282	56632388	52	F	1	1	X	517661021
247562818	56633641	63	M	1	0	X	517661188
247892068	56633228	71	M	1	0	X	X
247987237	56634264	58	M	1	0	X	517661191
247987238	56634264	54	F	1	1	X	517668891
247987240	56634966	54	F	1	1	X	517661132
248026920	56632722	59	M	1	0	X	517669027
248026921	56632722	49	F	1	1	X	517668930
248422093	56633390	61	F	1	0	X	X
248492886	56632658	17	F	1	0	450100874	X
248492901	56633404	45	F	1	7	X	517661330
248492913	56633734	45	F	1	7	X	517660992
248492914	56633734	17	F	1	0	450100874	X
248991659	56635006	61	F	1	1	X	X
249029487	56633142	54	M	1	0	X	517669038
249029488	56633142	51	F	1	1	X	X
249215488	56634214	54	M	1	1	X	517661093
249384508	56632214	72	F	1	0	X	X
249384522	56633313	72	F	1	0	X	X
249780695	56632182	60	F	1	0	X	X
249833557	56633087	55	F	8	1	X	517669035
249833588	56634152	52	M	1	0	X	517660980
249833590	56633913	55	F	8	1	X	517661403
249833591	56633913	52	M	1	0	X	517661297
249847233	56633047	57	M	1	0	X	517661416
249866142	56634197	71	F	1	0	X	X
249866143	56634197	80	M	1	1	X	X
250294754	56633615	13	M	1	2	450100876	X
250452699	56634268	29	M	1	1	X	517661206
250452700	56634268	28	F	1	0	X	517661391
250638861	56632802	50	M	1	1	X	517660989
250692311	56633609	66	F	1	1	X	517661064
250752403	56632133	70	M	1	1	X	517661096
250779396	56633204	28	F	1	2	X	517669034
250779398	56633204	55	M	1	0	X	517661330
250779402	56633456	28	F	1	2	X	517660996
250779403	56633456	51	F	1	1	X	X
250808244	56633138	62	M	1	0	X	517661384
251039494	56634965	52	M	1	0	X	517661416
251039510	56633146	48	F	1	1	X	X
251192395	56634270	23	M	1	0	X	517661229
251192419	56632344	23	M	1	0	X	517661126
251193676	56632545	44	M	1	0	X	517668918
251193677	56632545	17	F	1	2	450100874	517661330
251271718	56634832	37	F	1	1	X	517661100
251271719	56634832	42	M	1	0	X	517666848
251271720	56634832	3	M	1	2	450066968	X
251534052	56634405	68	M	1	1	X	X
251534053	56634405	50	F	1	0	X	X
251727556	56634344	54	F	1	1	X	517661316
251727613	56633291	67	M	1	0	X	X
251888976	56634996	19	F	1	2	X	517661174
251888978	56634996	48	F	1	0	X	517661380
251888979	56634996	8	F	1	2	450100872	X
251889015	56634461	8	F	1	2	450100872	X
251966880	56632859	62	F	1	1	X	517661005
252194182	56634643	71	F	1	0	X	517661045
252222102	56633003	63	M	1	1	X	517661207
252683157	56633719	41	F	1	1	X	517661188
252720677	56634924	66	F	1	1	X	X
252720679	56634924	86	F	1	6	X	X
252733464	56632209	22	M	1	0	X	517668834
252733466	56632209	22	F	1	1	X	517668895
252733478	56633672	22	F	1	1	X	517668920
252754550	56633123	4	F	1	2	450099883	X
252754551	56633123	35	M	1	0	X	517668924
253140435	56634880	29	M	1	10	X	X
253140436	56634880	3	F	1	2	X	X
253140437	56634880	4	M	1	2	450099883	X
253140438	56634880	24	F	1	0	X	517661416
253176917	56634450	93	F	1	0	X	X
253430339	56633648	77	M	1	0	X	X
254013931	56634434	58	F	1	1	X	517660976
254013932	56634434	60	M	1	0	X	517661219
254023342	56632758	69	M	1	0	X	X
254023343	56632758	71	F	1	1	X	X
254023354	56633381	69	M	1	0	X	X
254023355	56633381	71	F	1	1	X	X
254023371	56633112	71	F	1	1	X	X
254144347	56633120	68	F	1	0	X	X
254222006	56633345	56	M	1	0	X	X
254222008	56633345	85	M	1	6	X	X
254397599	56634828	14	M	1	2	450100874	X
254853510	56634765	39	M	1	1	X	517661204
254853511	56634765	35	F	1	0	X	517669026
255156285	56632208	42	F	1	0	X	517668922
255886969	56632653	43	M	1	0	X	517661506
256181252	56634067	81	M	1	0	X	X
256181253	56634067	80	F	1	1	X	X
256753296	56634672	35	F	1	0	X	517661258
256753297	56634672	16	F	1	2	450100874	517661093
256982463	56634800	2	F	1	2	X	X
257098867	56633661	60	M	1	0	X	517660980
257098868	56633661	25	F	1	2	X	517661093
257667843	56632399	56	M	1	0	X	X
257698981	56633380	53	F	1	1	X	517661324
257698983	56633380	57	M	1	0	X	517661325
257802909	56633580	17	F	1	2	450100874	X
257802910	56633580	20	M	1	2	X	517661020
257802911	56633580	47	F	1	1	X	517661074
258101929	56633125	54	M	1	0	X	X
258174291	56634830	57	F	1	1	X	X
258174292	56634830	64	M	1	0	X	517668922
258390796	56632665	13	M	1	2	450067304	X
258390798	56632665	55	M	1	0	X	517661282
258390799	56632665	11	M	1	2	450067304	X
258390841	56634818	54	F	1	1	X	X
258390842	56634818	55	M	1	0	X	517661409
258390843	56634818	11	M	1	2	450067304	X
258390876	56632379	13	M	1	2	450067304	X
258390877	56632379	54	F	1	1	X	X
258719206	56634671	79	F	1	1	X	X
258902490	56632420	24	M	1	9	X	517661174
258902491	56632420	24	M	1	0	X	517661165
259093589	56632905	60	M	1	0	X	X
259093594	56633245	63	F	1	1	X	517668943
259119850	56633260	56	M	1	1	X	X
259119851	56633260	58	F	1	0	X	517660988
259119852	56633260	27	F	1	2	X	X
259288705	56635085	5	F	1	2	450100872	X
259288707	56635085	32	F	1	1	X	517661188
259660294	56632340	57	M	1	0	X	517668936
259806309	56632136	48	M	1	0	X	517660995
259903290	56633658	23	M	1	0	X	517504053
259903291	56633658	2	M	1	2	X	X
259965360	56634864	19	M	1	0	X	X
259965383	56634207	19	M	1	0	X	X
259965429	56632579	19	M	1	0	X	X
260422630	56633298	56	F	1	1	X	X
260422631	56633298	58	M	1	0	X	517668936
260455989	56633675	66	F	9	0	X	X
260500618	56632326	51	M	1	0	X	517668940
260503929	56633943	54	F	1	9	X	517661372
260503981	56632639	54	F	1	9	X	517661188
260503982	56632639	51	M	1	0	X	517661102
260544505	56634154	21	F	1	0	X	X
260544506	56634154	1	F	1	2	X	X
260544526	56633686	1	F	1	2	X	X
260544531	56634327	1	F	1	2	X	X
260544532	56634327	23	M	1	10	X	517669034
260544534	56634327	1	F	1	2	X	X
260544555	56633503	1	F	1	2	X	X
260544556	56633503	23	M	1	10	X	517661159
260544587	56632320	1	F	1	2	X	X
260544588	56632320	23	M	1	10	X	517661060
260544589	56632320	21	F	1	0	X	X
260544594	56635055	1	F	1	2	X	X
260544599	56633954	1	F	1	2	X	X
260544600	56633954	23	M	1	10	X	517661098
260544602	56633954	1	F	1	2	X	X
260621593	56634547	59	F	1	0	X	517668930
260698736	56633565	54	F	1	1	X	517661095
260698737	56633565	55	M	1	0	X	517661330
260920132	56633856	64	F	1	1	X	517669032
260920157	56633655	66	M	1	0	X	X
260920158	56633655	64	F	1	1	X	517661042
260992730	56633592	61	M	1	0	X	X
260992734	56634171	61	M	1	0	X	X
261076888	56633504	21	F	1	10	X	517666643
261076889	56633504	24	M	1	0	X	517661246
261076915	56633845	24	M	1	0	X	517661011
261211359	56634587	77	F	1	0	X	X
261225766	56634896	26	M	1	0	X	517661146
261314222	56632233	19	M	1	12	X	X
261314225	56632233	38	F	9	12	X	X
261314226	56632380	19	M	1	12	X	X
261388474	56634110	80	F	1	0	X	517788524
261388475	56634110	81	M	1	1	X	517661320
261491147	56633551	37	M	1	0	X	517660989
261653393	56634804	82	M	1	0	X	517661372
262242508	56632942	53	F	1	10	X	517668930
262242531	56634172	46	M	1	0	X	517661187
263032631	56633659	67	F	1	1	X	X
263160719	56632975	12	M	1	2	450100871	X
263160721	56632975	6	F	1	2	450099883	X
263160791	56633451	12	M	1	2	450100876	X
263160792	56633451	35	M	1	0	X	517661093
263160793	56633451	6	F	1	2	450099883	X
263160794	56633451	4	M	1	2	X	X
263160795	56633451	10	F	1	2	450100872	X
263160796	56633451	33	F	1	1	X	X
263389605	56633264	82	M	1	1	X	X
263389606	56633264	79	F	1	0	X	X
263582908	56632609	13	F	1	2	450100876	X
263582909	56632609	46	M	1	1	X	517669033
263597350	56634558	61	M	1	1	X	517661184
263597351	56634558	60	F	1	0	X	517667499
263597385	56632195	60	F	1	0	X	517660989
263770383	56634734	40	M	1	1	X	517661200
263770384	56634734	1	F	1	2	X	X
263792572	56634523	18	M	1	2	450100874	517661330
263792573	56634523	16	M	1	2	450100874	517660989
264604901	56634793	65	F	1	0	X	517661159
264906712	56634810	7	M	1	2	450100872	X
264906713	56634810	5	F	1	2	450099883	X
264906714	56634810	31	M	1	0	X	517661409
264906715	56634810	10	M	1	2	450100872	X
264906733	56633222	5	F	1	2	450099883	X
264906734	56633222	31	M	1	0	X	517668930
264906751	56634174	29	F	1	1	X	X
264906752	56634174	7	M	1	2	450100872	X
264924628	56633844	39	F	1	1	X	517661096
264924629	56633844	40	M	8	0	X	517661188
265024745	56633649	43	M	1	0	X	517661074
265024746	56633649	42	F	1	1	X	517661358
265024747	56633649	6	M	1	2	450066968	X
265343207	56634812	5	F	1	2	450100872	X
265343209	56634812	0	F	1	2	X	X
265343223	56634519	5	F	1	2	450100872	X
265343224	56634519	29	M	1	0	X	517661409
265581597	56634723	32	F	1	1	X	517661383
265581598	56634723	31	M	1	0	X	517661330
266181725	56633470	54	F	1	0	X	517661248
266181764	56632811	54	F	1	0	X	517669026
266455637	56632476	42	M	1	0	X	517668930
266632429	56634909	21	F	1	0	X	517661146
266632430	56634909	27	M	1	10	X	517661099
266732250	56633147	59	F	1	1	X	517661021
266827390	56633745	45	M	1	0	X	517661093
266827391	56633745	10	F	1	2	X	X
266827393	56633745	14	F	1	2	450063600	X
266827413	56633354	15	F	1	2	450063600	X
266827414	56633354	45	M	1	0	X	517661414
266827418	56633354	44	F	1	1	X	X
266827422	56634933	13	M	1	2	450067304	X
266827423	56634933	14	F	1	2	450063600	X
266827424	56634933	44	F	1	1	X	X
266979533	56634720	25	F	1	0	X	517661160
267126986	56634748	69	F	1	1	X	517661064
267126987	56634748	70	M	1	0	X	517661093
267133535	56633781	22	M	1	2	X	X
267324940	56633974	61	F	1	0	X	517661099
267375596	56634155	75	M	1	0	X	X
267375602	56633678	75	M	1	0	X	X
267715303	56633665	60	F	1	0	X	517661503
267927059	56633973	83	F	1	10	X	X
267927077	56635057	83	F	1	10	X	X
268281647	56632965	46	F	1	0	X	517668930
268281649	56632977	46	F	1	0	X	517661145
269280616	56632409	59	M	1	1	X	517661276
269451930	56633673	70	M	1	0	X	X
269688967	56634678	9	M	1	5	450100872	X
269688970	56634678	9	M	1	5	450100872	X
269689002	56633069	9	M	1	5	450100872	X
269689004	56633069	53	F	1	0	X	517661423
269689008	56633069	11	F	1	5	450100876	X
269911744	56635076	25	F	1	0	X	517661106
270679602	56634440	7	M	1	2	450066968	X
270679603	56634440	53	M	1	1	X	517661021
270800065	56634280	7	F	1	2	450100872	X
270800066	56634280	1	F	1	2	X	X
270800068	56634280	12	M	1	2	450100876	X
270800069	56634280	39	F	1	0	X	X
270800070	56634280	41	M	1	1	X	517661165
270952864	56632431	67	M	1	0	X	X
270967298	56632434	60	M	1	0	X	517661045
271003751	56632889	80	M	1	0	X	X
271003752	56632889	82	F	1	1	X	X
271003767	56633897	80	M	1	0	X	X
271003768	56633897	82	F	1	1	X	X
271003801	56633007	80	M	1	0	X	X
271003802	56633007	82	F	1	1	X	X
271003824	56632845	82	F	1	1	X	X
271028424	56632812	21	F	1	10	X	517669010
271133952	56634265	47	F	1	1	X	517661094
271133953	56634265	50	M	1	0	X	517661002
271402919	56632917	68	M	1	0	X	517668698
271526233	56634874	30	M	1	1	X	517661188
271526234	56634874	10	F	1	2	450100876	X
271526235	56634874	15	F	1	2	450100874	X
271526278	56632827	10	F	1	2	450100876	X
271526279	56632827	15	F	1	2	450100874	X
271526280	56632827	33	F	1	0	X	517661165
272170488	56633002	42	M	1	1	X	517661021
272170489	56633002	46	F	1	0	X	517661171
272213604	56634196	80	F	1	0	X	X
272677847	56632148	44	M	1	0	X	517661408
272677880	56634040	44	M	1	0	X	517661194
272751485	56633045	49	F	1	1	X	X
272751504	56634780	58	M	1	0	X	517661165
272785461	56633776	24	M	8	9	X	517661219
272785462	56633776	24	M	8	0	X	X
272785463	56633776	22	F	8	9	X	X
272785512	56633744	24	M	8	0	X	X
272785513	56633744	22	F	8	9	X	X
272785514	56633744	46	M	8	9	X	517661353
272785521	56633860	24	M	8	9	X	517669026
272785523	56633860	22	F	8	9	X	X
272785524	56633860	46	M	8	9	X	517661165
272785525	56633860	26	F	8	1	X	517661173
272859525	56633522	51	M	1	0	X	517661168
272859526	56633522	48	F	1	1	X	X
272859571	56633769	51	M	1	0	X	517661039
272859576	56634557	48	F	1	1	X	X
272859663	56633951	51	M	1	0	X	517661297
272859664	56633951	48	F	1	1	X	X
272943816	56634986	33	M	1	0	X	517661312
272943817	56634986	8	M	1	2	450100872	X
272943818	56634986	5	M	1	2	450100872	X
272943819	56634986	27	F	1	1	X	X
272943862	56633159	5	M	1	2	450100872	X
272943863	56633159	27	F	1	1	X	X
273006422	56632596	52	F	1	1	X	X
273192006	56634991	74	F	1	0	X	X
273760786	56633958	68	M	1	0	X	X
273760787	56633958	66	F	1	1	X	X
274092402	56633220	38	F	1	0	X	517668930
274092424	56633050	28	M	1	10	X	517660980
274092425	56633799	10	F	1	2	450100872	X
274092427	56633799	28	M	1	10	X	517661039
274092476	56634170	10	F	1	2	450100872	X
274440242	56634109	20	F	1	1	X	X
274440246	56634109	1	F	1	2	X	X
274702080	56632245	38	M	1	1	X	517660993
274702081	56632245	36	F	1	0	X	517661020
274702110	56633846	38	M	1	1	X	517661168
274702111	56633846	36	F	1	0	X	517661146
274702112	56633846	10	M	1	2	450100872	X
274702114	56633846	16	F	1	2	450100874	517661330
274749310	56633552	61	M	1	0	X	X
274749320	56633207	61	M	1	0	X	X
274972714	56633907	45	F	1	0	X	517788475
274972717	56633907	45	M	1	1	X	517661330
274972743	56634928	19	M	1	2	X	517668930
274972745	56634928	45	M	1	1	X	517660989
274972772	56634981	21	F	1	2	X	517660999
274972773	56634981	45	M	1	1	X	517661297
274972934	56633426	45	F	1	0	X	517661326
274972937	56633426	45	M	1	1	X	517669026
274977653	56632402	24	F	8	0	X	X
274977655	56632402	6	F	8	2	450100872	X
274977656	56632402	4	M	8	2	X	X
274977695	56633644	24	F	8	0	X	X
274977696	56633644	27	M	8	1	X	517661188
274977697	56633644	6	F	8	2	450100872	X
274977698	56633644	4	M	8	2	X	X
276123715	56633102	16	F	1	2	450100874	X
276134198	56633226	80	M	1	0	X	X
276134199	56633226	49	F	1	2	X	517661285
276134200	56633226	82	F	1	1	X	X
276216306	56632458	6	F	1	2	450100872	X
276216308	56632458	38	M	1	0	X	517668931
276216329	56634035	37	F	1	1	X	517661028
276216330	56634035	6	F	1	2	450100872	X
276216331	56634035	11	M	1	2	450100876	X
276226513	56633302	57	M	1	0	X	517661093
276226522	56633930	57	M	1	0	X	517661188
276226550	56632952	57	M	1	0	X	517661297
276226554	56633706	57	M	1	0	X	517661355
276422849	56633778	22	M	1	0	X	517661189
277015698	56634424	89	M	1	1	X	X
277015699	56634424	83	F	1	0	X	X
277658478	56634637	79	F	1	1	X	X
278168186	56633179	32	M	1	1	X	517666408
278168204	56634614	33	F	1	0	X	517661330
278168207	56634614	3	M	1	2	450066968	X
278191766	56634766	64	F	1	1	X	517668920
278652936	56632331	56	F	1	1	X	517669026
279098164	56633915	39	M	1	0	X	517661227
279256571	56634149	14	F	1	2	450100874	X
279256573	56634149	14	F	1	2	450100874	X
279290114	56632909	48	M	1	0	X	517661227
279580682	56632846	58	M	1	1	X	517661021
279618326	56633573	65	M	1	0	X	517661370
279781416	56632491	41	M	1	0	X	517661165
279781487	56632822	41	M	1	0	X	517669026
279805294	56634160	69	F	1	0	X	X
279928766	56634610	30	M	1	0	X	517661372
279928767	56634610	3	M	1	2	X	X
279928769	56634610	6	F	1	2	X	X
279928770	56634644	30	M	1	0	X	517661227
279928773	56634644	6	F	1	2	X	X
280124438	56632374	68	F	1	0	X	X
280128934	56633331	2	F	1	2	X	X
280128936	56633331	45	M	1	0	X	517668902
280378375	56634309	70	F	1	4	X	X
280378379	56634459	70	F	1	4	X	X
280498435	56633452	54	F	1	0	X	517660989
280771285	56633104	23	M	1	2	X	517661021
280771286	56633104	54	F	1	1	X	517661408
280771287	56633104	56	M	1	0	X	517661297
280771309	56632804	23	M	1	2	X	517669028
280884599	56632355	74	M	1	0	X	X
280884600	56632355	69	F	1	1	X	X
280938462	56632885	83	M	1	0	X	X
281006907	56633084	57	M	1	0	X	517668922
281006909	56633084	55	F	1	1	X	X
281014525	56633211	46	M	1	0	X	517669038
281014526	56633211	13	M	1	2	450100876	X
281014547	56634178	7	M	1	2	450100872	X
281014549	56634178	46	M	1	0	X	517661146
281110499	56634227	35	M	1	10	X	X
281159091	56632295	54	F	1	0	X	517661372
281159093	56633868	54	F	1	0	X	517668922
281206941	56632086	26	M	1	0	X	517668930
281526659	56633530	55	F	1	0	X	517666627
281526675	56632524	55	F	1	0	X	517661224
281526676	56633258	55	F	1	0	X	517661158
281609223	56634607	58	M	1	0	X	517661188
281786238	56633154	46	F	1	1	X	517668930
281786239	56633154	49	M	1	0	X	517661301
281786253	56633090	49	M	1	0	X	517661216
281979035	56632432	68	F	1	0	X	X
282215016	56634978	81	F	1	1	X	X
282215017	56634978	87	M	1	0	X	X
282271734	56633396	55	F	1	1	X	517661007
282271737	56633075	54	M	1	0	X	X
282567447	56633340	58	F	1	0	X	X
283092111	56633135	82	M	1	8	X	X
283092112	56633135	82	F	1	0	X	X
283308438	56634619	85	M	1	0	X	517668573
283716153	56634870	64	F	1	0	X	517661305
283942232	56634008	15	F	1	2	450100874	X
283942299	56634182	46	M	1	1	X	517660989
283977799	56632282	61	F	1	0	X	517661028
283977800	56632282	40	M	1	2	X	517661037
283977801	56634972	61	F	1	0	X	517498839
283991265	56635007	64	F	1	0	X	X
284142765	56634861	27	F	1	0	X	517661407
284345462	56633214	36	F	1	1	X	517668956
284345463	56633214	4	M	1	2	450099883	X
284448210	56633509	66	F	1	1	X	517661159
284448211	56633509	66	M	1	0	X	517660989
285025923	56632767	51	F	1	1	X	517661330
285597284	56633414	18	M	1	12	450100874	X
285726355	56632248	1	M	1	2	X	X
285726358	56632248	2	F	1	2	X	X
285726359	56632248	0	M	1	2	X	X
286009390	56632750	49	F	1	1	X	517661131
286009391	56632750	53	M	1	0	X	517661002
286091947	56633902	56	M	1	1	X	517661330
286091948	56633902	51	F	1	0	X	517661206
286091973	56632805	56	M	1	1	X	517661262
286091974	56632805	51	F	1	0	X	517668938
286254363	56632398	22	F	1	0	X	517661164
286254365	56632398	25	M	1	1	X	517661330
286254411	56634124	22	F	1	0	X	517661416
286254412	56634124	26	M	1	9	X	517661146
286254413	56634124	25	M	1	1	X	517661330
286254433	56633596	26	M	1	9	X	517661259
286334151	56634492	20	M	1	0	X	517661002
286334204	56633694	21	M	1	8	X	517661219
286334206	56633694	20	M	1	8	X	517661050
286334211	56635056	20	M	1	0	X	517661297
286334222	56633759	21	M	1	8	X	517661144
286334224	56633759	20	M	1	8	X	517660989
286494239	56633534	18	M	1	2	X	517661330
286494240	56633534	41	M	1	1	X	517498872
286494277	56633111	38	F	1	0	X	517661021
286494278	56633111	16	M	1	2	450100874	517661311
286494286	56634509	16	M	1	2	450100874	517661409
286551568	56634552	75	F	1	1	X	X
286551569	56634552	79	M	1	0	X	X
286732692	56632900	17	M	1	2	450063600	517668962
286813494	56634914	6	F	1	12	450100872	X
286813495	56634914	24	F	1	12	X	X
286813497	56634914	24	M	1	2	X	517661074
286847638	56634156	80	F	1	0	X	X
286975189	56632561	67	F	1	1	X	X
287552130	56634411	50	F	9	0	X	517669027
287560987	56632154	17	M	1	2	450100874	X
287633052	56635043	11	M	1	2	450100871	X
288017307	56633892	62	F	1	0	X	X
288135772	56632393	9	F	1	2	450100872	X
288135925	56633965	9	F	1	2	450100872	X
288135926	56633965	35	F	1	0	X	517661289
288135927	56633965	16	F	1	2	450100874	X
288135971	56635019	35	F	1	0	X	517661340
288135972	56635019	16	F	1	2	450100874	X
288181170	56634209	81	F	1	0	X	X
288270663	56634458	40	F	1	1	X	517661093
288270664	56634458	26	M	1	0	X	517661093
288401689	56633216	53	M	1	0	X	517668962
288551553	56634733	28	F	1	0	X	517661316
288718563	56632683	21	M	9	0	X	517668930
288718570	56632440	21	M	9	0	X	517668922
288919177	56635027	25	M	1	0	X	517661028
288919178	56635027	23	F	1	10	X	517661093
288919179	56635027	1	F	1	2	X	X
289114964	56632693	69	M	1	0	X	517788484
289272163	56632923	62	M	1	1	X	X
289298857	56632463	63	M	1	1	X	517668894
289298858	56632463	61	F	1	0	X	517661155
289298861	56635083	63	M	1	1	X	517661330
289439572	56634497	52	M	1	0	X	X
289558903	56634699	73	F	1	0	X	X
289749049	56634323	51	F	1	1	X	517660999
289749053	56633779	51	F	1	1	X	517661127
289749063	56634107	51	F	1	1	X	517661380
289782572	56634379	7	F	8	2	450100872	X
289782587	56634620	41	F	1	0	X	517661330
289968140	56634542	60	F	1	0	X	517661192
290210116	56632253	27	F	1	0	X	X
290210119	56632253	6	F	1	2	450100872	X
290495113	56633680	2	M	1	2	X	X
290495116	56633680	36	M	1	0	X	517661188
290737003	56634950	48	M	1	1	X	517668616
291272397	56634048	49	M	1	2	X	517666962
291272401	56633326	49	M	1	2	X	517669026
292039722	56633282	52	M	1	0	X	517661074
292039732	56632915	52	M	1	0	X	517668693
292337912	56632210	0	M	1	2	X	X
292516139	56634721	44	F	1	9	X	X
292579995	56632753	88	F	1	4	X	X
292579997	56632753	62	M	1	0	X	X
292850609	56633169	62	F	1	1	X	X
292850627	56632433	18	M	1	2	450100874	X
292850628	56632433	62	M	1	0	X	517669033
292850629	56632433	62	F	1	1	X	X
292850631	56632266	18	M	1	2	450100874	X
292850633	56632266	62	F	1	1	X	X
292850644	56634275	62	M	1	0	X	517661074
292850645	56634275	62	F	1	1	X	X
292850646	56634275	29	M	1	12	X	517660980
292879309	56633263	37	F	1	0	X	517668938
292879311	56633263	3	M	1	2	X	X
292879312	56633263	1	M	1	2	X	X
292941613	56632100	44	F	1	1	X	517661227
293249042	56633081	45	M	1	0	X	517660977
293249043	56633081	17	M	1	2	450100874	X
293249044	56633081	15	M	1	2	450100874	X
293249123	56633486	45	M	1	0	X	517661093
293928113	56633022	67	F	1	1	X	X
294812620	56635018	0	F	1	2	X	X
294812621	56635018	29	F	1	1	X	X
294828244	56632632	39	F	1	0	X	X
294828249	56632270	39	F	1	0	X	X
294828260	56633746	39	F	1	0	X	X
294890895	56634911	1	F	1	2	X	X
294890917	56632898	30	F	1	1	X	X
294890919	56632898	1	F	1	2	X	X
294930884	56632160	13	M	1	2	450100876	X
294930885	56632711	10	F	1	2	450100876	X
295004487	56633379	30	F	1	1	X	X
295004489	56633379	6	M	1	2	450099883	X
295121320	56634506	23	M	1	0	X	517660989
295218211	56633046	64	F	1	1	X	517666643
295218212	56633046	65	M	1	0	X	517661165
295274298	56634471	64	F	1	0	X	517660989
295349324	56634596	5	F	1	2	450100872	X
295349325	56634596	28	F	1	10	X	X
295349328	56634596	3	M	1	2	X	X
295994240	56633531	51	F	1	0	X	X
296639912	56633586	61	F	1	1	X	X
296639913	56633586	78	M	1	0	X	X
297101667	56634618	3	F	1	12	450099883	X
297101668	56634618	26	M	1	0	X	517668921
297163318	56635036	47	M	1	0	X	517661417
297172271	56634866	3	M	1	2	X	X
297172273	56634866	35	M	1	0	X	517661282
297338503	56634942	86	F	1	0	X	X
297393469	56632286	54	F	1	1	X	517668922
297511227	56632919	27	M	1	0	X	X
297843374	56632839	57	F	1	1	X	517661287
297843400	56634772	57	F	1	1	X	517661375
297962558	56634063	34	F	1	1	X	X
297962559	56634063	13	M	1	2	450100874	X
297962562	56634063	5	M	1	2	450099883	X
297962630	56632230	34	F	1	1	X	X
297962631	56632230	13	M	1	2	450100874	X
297962633	56632230	7	M	1	2	450100872	X
297962634	56632230	5	M	1	2	450099883	X
297962635	56632230	35	M	1	0	X	517668955
297962678	56633510	34	F	1	1	X	X
297962680	56633510	8	F	1	2	450100872	X
297962682	56633510	5	M	1	2	450099883	X
297962683	56633510	35	M	1	0	X	517660989
297962738	56632913	34	F	1	1	X	X
297962739	56632913	13	M	1	2	450100874	X
297962741	56632913	7	M	1	2	450100872	X
297962742	56632913	5	M	1	2	450099883	X
297962743	56632913	35	M	1	0	X	517661159
298017578	56634166	73	F	1	0	X	X
298017588	56633384	73	F	1	0	X	X
298062332	56633438	9	F	1	2	450100872	X
298062335	56633438	45	F	1	0	X	517661299
298062411	56633546	45	F	1	0	X	517661248
298229634	56633818	23	F	1	0	X	517661028
298229636	56633536	23	F	1	0	X	517503903
298324670	56633407	53	F	1	1	X	517668921
298324671	56633407	57	M	1	0	X	517661146
298568193	56634145	55	F	1	1	X	517661372
298919869	56632631	53	F	1	1	X	517669032
298919870	56632631	48	M	1	0	X	517661426
298919872	56633144	48	M	1	0	X	517661021
299106541	56632751	81	M	1	0	X	X
299106542	56632751	78	F	1	1	X	X
299106543	56634203	81	M	1	0	X	X
299106544	56634203	78	F	1	1	X	X
299288830	56633335	58	F	1	1	X	517668829
299734577	56634608	74	M	1	0	X	X
299734578	56634608	73	F	1	1	X	X
299734625	56633310	74	M	1	0	X	X
299734626	56633310	73	F	1	1	X	X
300001934	56634579	29	F	1	0	X	517661380
300576045	56633194	49	F	1	1	X	517661165
301215404	56632423	17	F	1	2	450100874	517668892
301215407	56632423	13	F	1	2	450100876	X
302354565	56632993	28	F	1	0	X	X
302354566	56632993	29	M	1	1	X	517661384
302354567	56632993	4	M	1	2	450066968	X
302360992	56633198	30	M	1	0	X	517660989
302494612	56633579	52	M	1	0	X	517661093
302629433	56634039	80	F	1	0	X	X
302639748	56634416	23	M	1	12	X	517661408
302679450	56632902	21	F	1	1	X	X
302812944	56632096	59	M	1	1	X	517669034
302812945	56632096	59	F	1	0	X	X
302812950	56632483	59	M	1	1	X	517669026
302812951	56632483	59	F	1	0	X	X
302812958	56633305	59	M	1	1	X	517661408
302812959	56633305	59	F	1	0	X	X
302893526	56633061	35	F	1	12	X	517669035
302893527	56633061	19	M	1	2	X	517661093
302893529	56633061	62	M	1	0	X	517669026
302925160	56633163	27	F	1	0	X	517661100
302925161	56633163	31	M	1	1	X	517661188
302936692	56632935	27	M	1	0	X	517669027
302936693	56632935	18	M	1	7	X	X
302936708	56634724	27	M	1	0	X	517661146
302936741	56632868	18	M	1	7	X	X
302936744	56632748	27	M	1	0	X	517668962
302936746	56632746	27	M	1	0	X	517668942
302936747	56632746	18	M	1	7	X	X
303052101	56633830	56	F	5	1	X	517661145
303082203	56633715	53	F	1	1	X	517661068
303082209	56633780	53	F	1	1	X	517660979
303244780	56634502	57	F	1	0	X	517666693
303417995	56632940	62	F	1	0	X	517661028
303527490	56634346	47	M	1	0	X	517661194
303527491	56634346	1	F	1	2	X	X
303527493	56634346	15	F	1	2	450100874	X
303543058	56634488	53	M	1	0	X	517661330
303650363	56634410	17	F	6	2	450100874	X
303704623	56632490	26	M	1	2	X	517669033
303704626	56632490	54	M	1	0	X	517661165
303704651	56634176	26	M	1	2	X	517661503
303704652	56634176	51	F	1	1	X	517661069
303738723	56632621	81	F	1	0	X	X
303785877	56633988	53	M	1	0	X	517661330
303785887	56632589	53	M	1	0	X	517661152
304300451	56633789	61	F	1	0	X	517668911
304345620	56632383	57	M	1	0	X	X
304426986	56632223	2	F	1	2	X	X
304426988	56632223	38	F	1	1	X	X
304427031	56633750	41	M	1	0	X	517661355
304427032	56633750	38	F	1	1	X	X
304533414	56633561	52	F	7	1	X	517661075
305052082	56633218	64	M	1	0	X	X
305052083	56633218	62	F	1	1	X	X
305347682	56632079	79	M	1	1	X	517661326
305347683	56632079	74	F	1	0	X	X
305347701	56633896	74	F	1	0	X	X
305635338	56634437	11	M	1	2	450100876	X
305635339	56634437	9	F	1	2	450100872	X
305635341	56634437	39	M	1	1	X	517661227
305643610	56633622	85	M	1	0	X	X
305905922	56634946	33	M	1	0	X	517661316
305914059	56633359	19	M	1	2	X	517661319
306008274	56633174	50	F	1	0	X	517661335
306008293	56635022	25	M	1	2	X	517661146
306008294	56635022	50	F	1	0	X	517661154
306395663	56633221	26	F	1	2	X	517660989
306395665	56633221	56	F	1	0	X	517668925
306395666	56633221	4	F	1	5	450066968	X
306395667	56633221	66	M	1	3	X	X
306395668	56633221	60	M	1	1	X	X
306598794	56632292	39	M	1	1	X	517668936
306598795	56632292	8	M	1	2	450100872	X
306598830	56633417	39	M	1	1	X	517661279
306598832	56633417	4	M	1	2	450099883	X
306615245	56632408	47	M	1	0	X	517669027
306800130	56633722	72	M	1	0	X	X
306852960	56633526	60	M	1	1	X	517666528
306997981	56632131	15	F	1	2	450100874	X
306998005	56633210	15	F	1	2	450100874	X
307596187	56632534	67	F	1	0	X	517661330
307596188	56632534	68	M	1	1	X	X
307653376	56633246	64	F	1	0	X	517668936
307712349	56634853	79	F	1	0	X	517668942
308242953	56632360	38	M	1	0	X	517661028
308330265	56633008	1	M	1	5	X	X
308330267	56633008	54	F	1	0	X	517661093
308330288	56632602	50	M	1	10	X	517668930
308330290	56632602	30	F	1	2	X	517668962
308330309	56633645	1	M	1	5	X	X
308364347	56634482	52	M	1	0	X	517661206
308558500	56632519	33	M	1	1	X	517668930
308558501	56632519	4	M	1	2	450099883	X
308558502	56632519	29	F	1	0	X	517661372
308558524	56635005	33	M	1	1	X	517661197
308558527	56635005	6	M	1	2	450100872	X
308558577	56634668	4	M	1	2	450099883	X
308558578	56634668	29	F	1	0	X	517661297
308558579	56634668	6	M	1	2	450100872	X
308628229	56632772	46	F	1	1	X	X
308960359	56633910	5	F	1	2	X	X
308960360	56633910	15	F	1	2	450100874	X
308960364	56633910	48	M	1	1	X	X
308960365	56633910	16	F	1	2	450100874	517661297
309036477	56633403	5	F	1	2	X	X
309036478	56633403	28	F	1	0	X	517661267
309036479	56633403	3	F	1	2	X	X
309036480	56633403	30	M	1	1	X	517661036
309036562	56634797	28	F	1	0	X	517661297
309036563	56634797	3	F	1	2	X	X
309036564	56634797	30	M	1	1	X	517661074
309036635	56632255	3	F	1	2	X	X
309089394	56632620	62	M	1	1	X	517668962
309170392	56634058	9	F	1	2	450100872	X
309170393	56634058	28	F	1	1	X	X
309288781	56634601	17	M	1	2	450063600	X
309288782	56634601	14	M	1	2	450063600	X
309335274	56634487	5	F	1	2	450100872	X
309589149	56634681	6	M	1	2	450100872	X
309589150	56634681	44	M	1	1	X	517661146
309785653	56634887	28	F	1	0	X	517661074
309813682	56633468	34	M	1	0	X	517661341
309813723	56634148	34	M	1	0	X	517661188
309813729	56633031	34	M	1	0	X	517668943
309862683	56632249	52	M	1	0	X	517661093
309862685	56632249	19	F	1	2	X	517788457
309862699	56634374	52	M	1	0	X	517661306
310336820	56635051	52	F	1	0	X	517660989
310336821	56635051	48	M	1	1	X	517661338
310878083	56633249	51	F	1	1	X	X
311194298	56632826	56	M	1	1	X	517661305
311345111	56633839	10	F	1	2	450100872	X
311401425	56633205	47	F	1	0	X	517661129
311426567	56633440	23	F	1	0	X	517661376
311426579	56632093	23	F	1	0	X	517669026
311576379	56633133	25	M	1	1	X	517661010
311576384	56632283	34	F	1	0	X	517661238
311879463	56635071	88	M	1	0	X	X
312318051	56634755	65	M	1	12	X	517661074
312353964	56632512	46	F	1	4	X	X
312610172	56634662	11	M	1	2	450100876	X
312610173	56634662	33	M	1	1	X	517661203
312610174	56634662	33	F	1	0	X	517661408
312610176	56633203	11	M	1	2	450100876	X
312610177	56633203	33	M	1	1	X	517661021
312610178	56633203	33	F	1	0	X	517661165
312610180	56634927	11	M	1	2	450100876	X
312610182	56634927	33	F	1	0	X	517661380
312610247	56634656	13	M	1	2	450100876	X
312610249	56634656	33	M	1	1	X	517661320
312811867	56633945	25	M	1	0	X	517661017
312811893	56634169	25	F	1	1	X	X
312811894	56634169	25	M	1	0	X	517660999
312811895	56634169	5	F	1	2	X	X
313229641	56634768	52	M	1	0	X	517661158
313371129	56634332	27	F	1	10	X	517661189
313371133	56632912	27	F	1	10	X	517661093
313371146	56634052	26	M	9	0	X	517661297
313371147	56634052	27	F	1	10	X	517661093
313483254	56634204	89	F	1	0	X	X
313603330	56633441	57	M	6	0	X	517661267
313603422	56633731	57	M	6	0	X	517661276
313603498	56633422	57	M	6	0	X	517661020
313603499	56633422	89	M	6	4	X	X
313603541	56633917	89	M	6	4	X	X
313603584	56633487	57	M	6	0	X	517661199
313761027	56634242	84	F	1	0	X	X
313761032	56633416	84	F	1	0	X	X
313992022	56634838	79	F	1	1	X	X
313992023	56634838	80	M	1	0	X	X
314078430	56632594	60	M	1	0	X	X
314111022	56632997	39	M	1	2	X	517660989
314111023	56632997	63	F	1	0	X	517661182
314268787	56632659	44	M	1	1	X	517661138
314268788	56632659	12	F	1	2	450100876	X
314445935	56633736	24	F	1	0	X	517661203
314445936	56633611	24	F	1	0	X	517661372
314471115	56635091	36	F	1	0	X	517661416
314610771	56632521	56	F	1	1	X	517668930
314610772	56632521	56	M	1	0	X	517660979
314610779	56632591	56	F	1	1	X	517661426
314610780	56632591	56	M	1	0	X	517661428
314763187	56632855	56	F	1	0	X	517661233
314801370	56632762	24	F	1	2	X	517668890
314807518	56632377	3	M	1	5	X	X
314807519	56632377	46	F	1	1	X	517661408
314807533	56634816	23	F	1	2	X	517661408
314807536	56634816	49	M	1	0	X	517661365
314847444	56632175	28	F	1	1	X	X
314847445	56632175	1	M	1	2	X	X
314861558	56633905	45	M	1	4	X	X
314861560	56633905	0	M	1	2	X	X
314861562	56633905	24	F	1	0	X	X
314861583	56633543	43	F	1	4	X	X
314861584	56633543	0	M	1	2	X	X
314861586	56633543	24	F	1	0	X	X
314968742	56635009	44	F	1	1	X	517660989
314968743	56635009	52	M	1	0	X	X
314968744	56633185	44	F	1	1	X	517668911
314968752	56633916	44	F	1	1	X	517661072
314968753	56633916	52	M	1	0	X	X
315094072	56633853	35	F	1	0	X	517661297
315094073	56633853	10	F	1	2	450100872	X
315094074	56633853	36	M	1	1	X	517661302
315163812	56633014	30	F	1	10	X	X
315163813	56633014	12	F	1	2	450100876	X
315163814	56633014	8	M	1	2	450100872	X
315163815	56633014	45	M	1	0	X	517669032
315229990	56634773	57	M	1	0	X	517661372
315229991	56634773	19	M	1	2	X	517660989
315229993	56634773	39	F	1	1	X	X
315265164	56632108	67	F	1	1	X	X
315703449	56632888	58	M	1	0	X	517668909
315767085	56633350	54	F	1	0	X	517668922
315767086	56633350	62	M	1	1	X	X
315810904	56634649	65	M	1	1	X	517661129
315832297	56633981	22	F	1	0	X	517661184
315832310	56633663	22	F	1	0	X	517661093
316356874	56634597	17	M	1	2	450100874	X
316356875	56634597	44	F	1	1	X	517661074
316356876	56634597	47	M	1	0	X	517661093
316356907	56632778	44	F	1	1	X	517660980
316356908	56632778	47	M	1	0	X	517668953
316439002	56634918	1	F	1	2	X	X
316439005	56634918	32	M	1	0	X	517661297
316439006	56634918	30	F	1	1	X	X
316532991	56632944	65	F	1	1	X	X
316669813	56632289	57	F	1	0	X	517661093
317027079	56633027	15	F	1	2	450100874	X
317027085	56632941	15	F	1	2	450100874	X
317027086	56632941	33	F	1	0	X	517668922
317228855	56634744	48	F	1	0	X	517661289
317228858	56634744	17	F	1	2	450100874	517661510
317540096	56633190	58	F	1	1	X	517661398
317684141	56633109	76	M	1	1	X	X
317684142	56633109	72	F	1	0	X	X
318016747	56632116	59	M	1	1	X	517668930
318370163	56632196	35	F	1	0	X	517661364
318370167	56632470	35	F	1	0	X	517669038
318545300	56634454	30	M	1	0	X	517661146
318835834	56633926	75	M	1	0	X	X
318835836	56633926	72	F	1	1	X	X
318998779	56633667	18	F	1	3	450100874	517668922
319327566	56633239	17	M	1	12	450100874	X
319327567	56633239	59	F	1	4	X	X
319327568	56633239	30	F	1	1	X	517669035
319327569	56633239	33	M	1	0	X	517661014
319327571	56633239	8	F	1	2	450100872	X
319438481	56634990	56	M	1	0	X	517661146
319438482	56634990	57	F	1	1	X	517661330
319438489	56634985	56	M	1	0	X	517660990
319608854	56635096	74	F	1	0	X	X
319969705	56633710	65	F	1	1	X	X
319976129	56634621	47	F	1	0	X	517661200
319976130	56634621	11	M	1	2	450100872	X
320160112	56632574	1	F	1	2	X	X
320236745	56633056	85	M	1	0	X	X
320236768	56634854	75	F	1	1	X	X
320765931	56632960	55	F	1	0	X	X
320994523	56633748	69	F	1	1	X	X
321215889	56632731	40	F	1	1	X	X
321308667	56634271	75	F	9	0	X	517660989
321411248	56633348	20	F	1	2	X	X
321411249	56633348	5	M	1	5	450100872	X
321411250	56633348	4	F	1	5	X	X
321411253	56633348	25	F	1	8	X	X
321411255	56633348	52	F	1	0	X	517668928
321436964	56633283	56	F	6	1	X	517661290
321436965	56633283	58	M	1	0	X	517668922
321440968	56634423	45	M	1	0	X	517788475
321530641	56632414	39	F	1	1	X	517669026
321530643	56632414	12	F	1	2	450100876	X
321874729	56634017	94	F	1	0	X	X
321976064	56634198	70	F	1	6	X	X
321976065	56634198	49	M	1	0	X	517669033
321976066	56634198	41	F	8	1	X	X
321976067	56634198	0	F	1	2	X	X
321976080	56633394	70	F	1	6	X	X
321976083	56633394	0	F	1	2	X	X
322205239	56634530	53	M	1	1	X	517661159
322205248	56632496	53	F	1	0	X	517668929
322408108	56632394	39	F	1	0	X	X
322408166	56633545	39	F	1	0	X	X
322420356	56632584	29	M	1	0	X	517661330
322420357	56632584	0	M	1	2	X	X
322420358	56632584	26	F	1	1	X	X
322425796	56633950	41	F	1	0	X	517661188
323050446	56632307	65	M	1	0	X	X
323440617	56632542	25	M	1	0	X	517668921
323440620	56632348	25	M	1	0	X	517661283
323515351	56633749	20	M	1	3	X	X
323515352	56633749	35	M	1	0	X	X
323515354	56633749	13	F	1	2	450100876	X
323598449	56635065	53	M	1	0	X	517669035
323957157	56633627	14	F	1	2	450100874	X
323957159	56633627	39	M	1	0	X	517661409
323957160	56633627	8	F	1	2	450100872	X
323957161	56633627	5	F	1	2	450100872	X
324328736	56635045	80	F	1	0	X	X
324366165	56633811	27	F	1	1	X	X
324407714	56633720	74	F	1	1	X	X
325034362	56633961	61	M	1	1	X	517661093
325440649	56634859	13	M	1	2	450100876	X
325440650	56634859	15	M	1	2	450100874	X
325440651	56634859	18	F	1	2	450100874	X
325440653	56634859	46	M	1	0	X	517661160
325674601	56633459	82	M	1	0	X	X
325806815	56632562	6	F	1	2	450100872	X
325806816	56632562	41	F	1	0	X	517661363
325848929	56633021	75	M	1	1	X	X
326024504	56633369	48	M	1	1	X	517661282
326024505	56633369	46	F	1	0	X	517661021
326024506	56633361	48	M	1	1	X	517668900
326053352	56634743	3	M	1	2	X	X
326053353	56634743	0	M	1	2	X	X
326053354	56634743	32	M	1	0	X	517661363
326361479	56632968	57	F	1	1	X	517661276
326401353	56632523	18	F	1	0	450100874	X
326401354	56632523	22	M	8	10	X	517668930
326401424	56633859	22	M	8	10	X	517661093
326401425	56633481	18	F	1	0	450100874	X
326898532	56633010	67	M	1	0	X	X
326898533	56633010	65	F	1	1	X	517661303
326898540	56633836	67	M	1	0	X	X
326898553	56634889	65	F	1	1	X	517666808
327094350	56634294	16	F	1	2	450100874	X
327094352	56634294	45	F	1	0	X	X
327094400	56633122	16	F	1	2	450100874	X
327094401	56633122	13	M	1	2	450100876	X
327154231	56633030	48	M	1	0	X	517661384
327154232	56633030	49	F	1	1	X	X
327163106	56634906	35	M	1	1	X	517661277
327163108	56634906	30	F	1	0	X	X
327163166	56633653	35	M	1	1	X	517667456
327163167	56633653	3	F	1	2	X	X
327163169	56633653	6	M	1	2	450100872	X
327163174	56633064	35	M	1	1	X	517668929
327636607	56632739	44	F	1	1	X	517661038
327636608	56632739	46	M	1	0	X	517668962
327664585	56632546	78	M	1	1	X	X
327664587	56633696	78	M	1	1	X	X
327690859	56634272	53	F	1	0	X	X
327690862	56634698	70	M	1	1	X	517661188
327690863	56634698	53	F	1	0	X	X
327690873	56632992	53	F	1	0	X	X
327791758	56634352	9	M	1	2	450100872	X
327791759	56634352	3	F	1	2	X	X
328305514	56632494	41	F	1	1	X	517661337
328305515	56632494	18	F	1	2	X	517668930
328305525	56634611	40	M	1	0	X	517661093
328305526	56634611	41	F	1	1	X	517661249
328441462	56634180	78	F	1	0	X	X
328501155	56632704	23	M	1	0	X	517661377
328501164	56634560	24	F	1	1	X	517660980
328501171	56633877	23	M	1	0	X	517661390
328718108	56633119	37	M	1	0	X	517660981
328880871	56633224	89	M	1	0	X	X
329075006	56634080	77	M	1	0	X	X
329075007	56634080	63	F	1	1	X	517661510
329136363	56632976	49	M	1	0	X	517668936
329136526	56634851	4	F	1	5	X	X
329136527	56634851	49	M	1	0	X	517669026
329136529	56634851	46	F	1	1	X	517661219
329372907	56633855	62	M	1	0	X	X
329423465	56634010	87	F	1	0	X	X
329423467	56633048	87	F	1	0	X	X
329423478	56634019	87	F	1	0	X	X
329658909	56634581	59	M	1	0	X	517661227
329658921	56633556	59	M	1	0	X	517509981
329658922	56632967	59	M	1	0	X	517661146
329861408	56633412	6	F	1	2	450100872	X
329861409	56633412	30	F	1	1	X	517661200
329861410	56633412	4	M	1	2	450099883	X
329861462	56632427	33	M	1	0	X	517666342
329861464	56632427	30	F	1	1	X	517661011
330030381	56632285	84	F	1	0	X	X
330162206	56634511	4	M	1	2	450099883	X
330162207	56634511	6	F	1	2	450100872	X
330162209	56634511	34	F	1	0	X	517661362
331261432	56633411	34	M	1	0	X	517661163
331274408	56633370	94	M	1	0	X	X
331274436	56633071	94	M	1	0	X	X
331420342	56632920	55	F	1	1	X	517661393
331420343	56632920	52	M	1	0	X	517668953
331420375	56634078	52	M	1	0	X	517661188
331518852	56632768	17	F	1	2	450100874	X
331518854	56632768	45	M	1	0	X	517661188
331616389	56634087	29	M	1	0	X	517661330
331882589	56632719	29	M	1	0	X	517661340
331996453	56632989	46	F	1	1	X	X
331996454	56632989	9	F	1	2	450066968	X
331996467	56635079	5	F	1	2	450066968	X
331996469	56635079	46	F	1	1	X	X
332601068	56633697	72	F	1	0	X	517661159
332867810	56633822	66	F	1	1	X	X
332901867	56634757	23	F	1	9	X	517661021
332992167	56634703	70	M	1	0	X	X
333093485	56633100	20	F	1	2	X	X
333093488	56633100	22	M	1	2	X	X
333093495	56632994	20	F	1	2	X	X
333093496	56632994	47	F	1	0	X	517668930
333093498	56632994	22	M	1	2	X	X
333093590	56633292	20	F	1	2	X	X
333093591	56633292	47	F	1	0	X	517668962
333093593	56633292	22	M	1	2	X	X
333093601	56632795	47	F	1	0	X	517661238
333093603	56632795	22	M	1	2	X	X
333093604	56632795	21	M	1	12	X	X
333093702	56632622	26	M	1	2	X	517661285
333093704	56632622	21	M	1	12	X	X
333170227	56634522	49	F	1	0	X	517660989
333170229	56634522	20	M	1	2	X	517661174
333170257	56634554	49	F	1	0	X	517661093
333170259	56634554	20	M	1	2	X	517661188
333170285	56634855	51	M	1	1	X	X
333819074	56634431	5	F	6	2	450099883	X
333881706	56635023	50	M	1	0	X	517661111
333881707	56635023	52	F	1	1	X	517661074
333881708	56634473	50	M	1	0	X	517661093
333881709	56634473	52	F	1	1	X	517502626
334169983	56634988	23	M	1	9	X	517503622
334169984	56634835	22	M	1	9	X	517667734
334169985	56634835	21	M	1	0	X	517661093
334169987	56632656	22	M	1	9	X	517788699
334169988	56632656	21	M	1	0	X	517660989
334169989	56632656	23	M	1	9	X	517666384
334207161	56634361	36	M	1	0	X	517661093
334207162	56634361	49	F	3	10	X	X
334207177	56632306	36	M	1	0	X	517660989
334207178	56632306	49	F	3	10	X	X
334261326	56632222	4	F	1	2	450066968	X
334261346	56633654	4	F	1	2	450066968	X
334261349	56633654	6	M	1	2	450100872	X
334626232	56632926	56	M	1	0	X	517661165
334626233	56632926	22	M	1	2	X	517661230
334626234	56632926	24	M	1	2	X	517668931
334626260	56633183	56	M	1	0	X	517660989
334626261	56633183	22	M	1	2	X	517661416
334626262	56633183	24	M	1	2	X	517661330
334626263	56633183	53	F	1	1	X	517661102
334683249	56634736	84	F	1	0	X	X
334796407	56634451	48	M	1	0	X	517668936
334796408	56634451	23	M	1	9	X	517661020
334796452	56632310	23	M	1	9	X	517661146
334907079	56634224	43	F	9	0	X	X
334907088	56633975	43	F	9	0	X	X
334907089	56634404	43	F	9	0	X	X
334907093	56634210	43	F	9	0	X	X
334911361	56634551	7	M	1	2	450100872	X
335134213	56634395	49	F	8	10	X	517661188
335712612	56632366	54	M	1	0	X	517661021
335712613	56632366	54	F	1	1	X	517668930
335712632	56632821	54	M	1	0	X	517669038
336160306	56634157	80	F	1	4	X	X
336160307	56634157	87	M	1	4	X	X
336160312	56635031	80	F	1	4	X	X
336160324	56633931	80	F	1	4	X	X
336160325	56633931	87	M	1	4	X	X
336160326	56633931	57	F	1	0	X	517661038
336172029	56634356	49	F	1	0	X	517668908
336172030	56634356	56	M	1	1	X	517661343
336334770	56633817	70	M	1	0	X	X
336334777	56633248	70	M	1	0	X	X
336469626	56634053	18	M	2	9	X	517661330
336469628	56634053	22	M	1	0	X	X
336469629	56634368	18	M	1	9	X	517661093
336469631	56634368	19	F	1	10	X	517661408
336469632	56634368	22	M	1	0	X	X
337172118	56632607	35	F	1	0	X	517668936
337172119	56632607	7	F	1	2	450100872	X
337358543	56633475	63	M	1	0	X	517661330
337358544	56633475	53	F	1	1	X	517661267
337824164	56634387	49	F	1	0	X	517668951
337851377	56633772	16	M	1	2	450100874	X
337851378	56633772	44	F	1	0	X	517668922
337977270	56634686	3	F	1	2	X	X
337977272	56634686	31	F	1	0	X	517667750
338211065	56633971	7	F	1	2	450100872	X
338211066	56633971	6	M	1	2	450100872	X
338211067	56633971	13	F	1	2	450100876	X
338211161	56633614	6	M	1	2	450100872	X
338211163	56633614	37	M	1	1	X	517668930
338211230	56632264	7	F	1	2	450100872	X
338211232	56632264	13	F	1	2	450100876	X
338211233	56632264	37	M	1	1	X	517660995
338513994	56632727	52	F	1	0	X	517661035
338513995	56632727	53	M	1	1	X	517668930
338544484	56632241	49	F	1	1	X	517661268
338855206	56633443	55	F	1	1	X	517661355
339095799	56634735	29	M	1	0	X	517660999
339525000	56633372	34	M	1	1	X	X
339525044	56632988	34	M	1	1	X	X
339686766	56634064	53	F	1	0	X	517668930
339701333	56632939	59	M	1	0	X	517668956
339815134	56634752	48	M	1	0	X	517661372
339932435	56632567	35	M	1	1	X	517661288
340088104	56634750	21	F	1	3	X	517669030
340416756	56632161	20	F	1	0	X	517668834
340416812	56633642	20	F	1	0	X	517661069
340416831	56634969	21	M	1	1	X	517661093
340416846	56633806	20	F	1	0	X	517660989
340416847	56633806	21	M	1	1	X	517788465
340495311	56632755	11	M	1	2	450100876	X
340618070	56633637	35	M	1	0	X	517661311
340825642	56633833	57	F	1	1	X	X
340825643	56633833	61	M	1	0	X	517661207
340955344	56633161	58	F	1	1	X	517668955
340955365	56632254	59	M	1	0	X	517668922
341077573	56633903	59	F	1	1	X	X
341077587	56633482	59	F	1	1	X	X
341129746	56634787	16	M	1	2	450100874	X
341129747	56634787	20	F	1	12	X	517661330
341129748	56634787	20	F	1	2	X	517661144
341129749	56634787	23	F	1	2	X	517660989
341129751	56634787	49	M	1	0	X	517661372
341265781	56633774	26	M	1	0	X	517661102
341265782	56633774	24	M	1	9	X	517668782
341876017	56634527	94	M	1	0	X	X
342356825	56632221	5	M	1	2	450100872	X
342356857	56634003	5	M	1	2	450100872	X
342356858	56634003	31	F	1	0	X	X
342517436	56633180	11	M	1	5	450100876	X
342517438	56633180	56	F	1	1	X	X
342794111	56633942	86	F	1	0	X	X
342794113	56634525	86	F	1	0	X	X
342879858	56633113	58	M	1	1	X	517668930
343633768	56633899	84	M	1	0	X	X
343633778	56634120	84	M	1	0	X	X
343686808	56635059	51	M	1	0	X	517660989
343828800	56633156	51	M	1	0	X	517668913
343828845	56632678	50	F	1	1	X	517661423
343828846	56632678	51	M	1	0	X	517661021
343828860	56632167	51	M	1	0	X	517661145
343828916	56634794	51	M	1	0	X	517661297
343828931	56633268	50	F	1	1	X	517668897
343828932	56633268	51	M	1	0	X	517661093
343905485	56633464	41	F	1	1	X	517660989
343905486	56633464	12	F	1	2	450067304	X
343905487	56633464	46	M	1	0	X	517668940
344326299	56632451	61	M	1	0	X	517661256
344549658	56633356	40	F	1	1	X	517661021
344549659	56633356	9	M	1	2	450100872	X
344549660	56633356	11	M	1	2	450100876	X
344549678	56634347	40	F	1	1	X	517660989
344549681	56634347	13	F	1	2	450100876	X
344549692	56634882	41	M	1	0	X	517661416
344549695	56634882	11	M	1	2	450100871	X
344787420	56632119	52	F	1	1	X	517668936
344898357	56633935	6	F	1	12	450099883	X
344898358	56633935	4	M	1	12	X	X
344898359	56633935	45	M	1	0	X	517669033
344898360	56633935	11	M	1	2	450100871	X
344898361	56633935	31	F	1	10	X	517661372
345212355	56634340	69	M	1	1	X	517661073
345212374	56634234	69	F	1	0	X	X
345512419	56632206	56	M	1	1	X	517668922
345908637	56632244	35	M	1	0	X	X
345908638	56632244	10	M	1	2	450100872	X
345908658	56634158	35	M	1	0	X	X
345908670	56632125	35	M	1	0	X	X
346111732	56634899	27	F	1	1	X	517661285
346199030	56635010	71	F	1	0	X	X
346457506	56632296	52	M	1	1	X	517661236
346457508	56632296	12	F	1	2	450100871	X
346457509	56632296	17	F	1	2	450100874	X
346664182	56632484	50	F	1	1	X	X
346664197	56634998	49	M	1	0	X	517661093
346664198	56634998	50	F	1	1	X	X
346664215	56633812	49	M	1	0	X	517661099
346664219	56633742	49	M	1	0	X	517661367
346664220	56633742	50	F	1	1	X	X
346780428	56633894	73	M	1	0	X	X
346808543	56633782	69	F	1	0	X	X
346860833	56635094	3	M	1	2	X	X
346860834	56635094	14	F	1	2	450100874	X
346936173	56633838	12	F	1	2	450100871	X
346936174	56633838	43	F	1	1	X	517661093
347014333	56632530	65	M	1	1	X	X
347014335	56632530	17	F	1	2	450100874	X
347014337	56632530	15	M	1	2	450100874	X
347014338	56632530	13	M	1	2	450100871	X
347290192	56634481	49	F	1	1	X	X
347290207	56634251	53	M	1	0	X	517661330
347290214	56632227	49	F	1	1	X	X
347450485	56634710	9	F	1	5	450100872	X
347450486	56634710	10	F	1	5	450100871	X
347450487	56634710	52	F	1	1	X	517660998
347848524	56634892	21	F	1	2	X	X
347848526	56634892	1	F	1	5	X	X
347848536	56634269	21	F	1	2	X	X
347848537	56634269	50	M	1	0	X	517660989
347848538	56634269	1	F	1	5	X	X
347913011	56633252	60	F	1	0	X	X
347913031	56633428	60	F	1	0	X	X
347996867	56634339	5	M	1	2	450100872	X
347996869	56634339	1	M	1	2	X	X
347996895	56634583	5	M	1	2	450100872	X
348197836	56633342	62	F	1	1	X	X
348249012	56632687	57	M	1	0	X	517668891
348249019	56634238	58	F	1	1	X	517661093
348348512	56632200	5	M	1	2	450066968	X
348348514	56632200	3	M	1	2	X	X
348382030	56633164	56	M	1	0	X	X
348382040	56634716	56	M	1	0	X	X
348531098	56632174	26	F	1	0	X	517661093
348602641	56633684	44	F	1	0	X	517668609
348981979	56632250	53	M	1	1	X	517668930
349102005	56634429	0	F	1	2	X	X
349102006	56634429	38	F	1	0	X	X
349102008	56634429	1	M	1	2	X	X
349177160	56633783	13	M	1	2	450100871	X
349273260	56634100	27	M	1	2	X	X
349397466	56632544	22	F	1	0	X	517668930
349409357	56633270	58	M	1	0	X	517669026
349461888	56633110	34	F	1	2	X	517668930
349461890	56633110	76	M	1	1	X	X
349711900	56632875	62	F	1	0	X	X
349711904	56633057	62	F	1	0	X	X
350038060	56634938	39	M	1	1	X	517661330
350038061	56634938	3	F	1	2	450066968	X
350262489	56632203	11	F	5	2	450100871	X
350262493	56632203	45	M	5	1	X	517661064
350409040	56632660	61	M	1	3	X	X
350482702	56633257	61	F	1	0	X	X
350735359	56634245	0	F	1	2	X	X
350735362	56634245	8	F	1	2	450100871	X
350735363	56634245	12	F	1	2	450100871	X
350735364	56634245	42	F	1	1	X	X
350735365	56634245	42	M	1	0	X	517660980
350844398	56634123	50	M	1	1	X	517661093
351123308	56633439	67	M	1	0	X	517661260
351371984	56633172	52	M	1	0	X	517660989
351606741	56633502	2	M	8	2	X	X
351606745	56633502	0	F	8	5	X	X
351606746	56633502	27	F	1	1	X	517668697
351606892	56632673	0	F	8	5	X	X
351889188	56633227	57	F	1	0	X	517661189
351903678	56633574	46	M	1	0	X	517661358
351903680	56633574	14	M	1	2	450100871	X
352142653	56632376	63	M	1	0	X	517661269
352505757	56633721	74	M	1	0	X	X
352505758	56633996	74	M	1	0	X	X
352774576	56632509	41	M	1	10	X	517668838
352909528	56634310	6	M	1	2	450100872	X
352909529	56634310	48	M	1	0	X	517661093
352909532	56632346	6	M	1	2	450100872	X
352909533	56632346	48	M	1	0	X	517661165
353161330	56634943	14	M	1	2	450100871	X
353221208	56632181	11	M	1	2	450100871	X
353221209	56632181	8	M	1	2	450100871	X
353275075	56634862	89	M	1	0	X	X
353340058	56632864	74	F	1	0	X	517669035
353340059	56632864	80	M	1	1	X	X
353347292	56634598	53	M	1	0	X	517666331
353347314	56633063	51	F	1	1	X	517668859
353347316	56633063	53	M	1	0	X	517661330
353347341	56632234	51	F	1	1	X	517661295
353347342	56632234	18	M	1	2	450100874	X
353347343	56632234	53	M	1	0	X	517660990
353439923	56634829	46	F	1	2	X	517661165
353495268	56634962	56	M	1	0	X	X
353637375	56634638	33	M	1	0	X	517666808
353637377	56632922	33	M	1	0	X	517668948
353658270	56633864	74	M	1	0	X	X
353658285	56632878	71	F	1	1	X	X
353723236	56634979	76	F	1	0	X	X
354040321	56632647	66	M	1	0	X	517661256
354040322	56632647	65	F	1	1	X	X
354040338	56634115	65	F	1	1	X	X
354256125	56633181	54	M	1	1	X	517661165
354256126	56633181	56	F	1	0	X	517668959
354429685	56634295	78	F	1	1	X	X
354429690	56634658	80	M	1	0	X	517661416
354429696	56635053	80	M	1	0	X	517668924
354722676	56634580	82	M	1	0	X	X
354722677	56634580	79	F	1	1	X	X
354722685	56634852	79	F	1	1	X	X
354934701	56634326	21	M	1	2	X	517668934
354934702	56634326	59	F	1	1	X	517661064
354934712	56632592	56	M	1	0	X	517667944
354934725	56632410	21	M	1	2	X	517668626
354934726	56632410	59	F	1	1	X	517668960
355172516	56632303	72	M	1	0	X	X
355202222	56632836	58	F	1	1	X	517668922
355202224	56632836	31	F	1	2	X	517669035
355202231	56633243	58	F	1	1	X	517661345
355202232	56633243	58	M	1	0	X	517668936
355392171	56633763	79	F	1	1	X	X
355527525	56633683	46	F	1	1	X	X
355527568	56633070	10	M	1	2	450067304	X
355527570	56633070	50	M	1	0	X	517661106
355543230	56633016	64	M	1	1	X	517668930
355543231	56633016	63	F	1	0	X	X
356316477	56632860	76	M	1	0	X	517661196
356316479	56634317	76	M	1	0	X	517661409
356399967	56633712	56	F	1	0	X	517661010
356553156	56632188	50	F	1	1	X	517661302
356553157	56632188	19	M	1	2	X	517668895
356553158	56632188	57	M	1	0	X	517661165
356741428	56632395	57	M	1	1	X	517661126
357080272	56635058	78	F	1	0	X	X
357211109	56634016	40	F	1	0	X	517661330
357339616	56634556	84	M	1	0	X	X
357612302	56633587	63	F	1	1	X	517661373
357612303	56633587	67	M	1	0	X	517661196
357801622	56632323	61	F	1	10	X	517661334
357801641	56632624	56	M	1	0	X	517661165
358223102	56634822	37	M	1	1	X	517660989
358223103	56634822	9	M	1	2	X	X
358223104	56634822	5	M	1	2	X	X
358223105	56634822	37	F	1	0	X	517661136
358223106	56634822	6	M	1	2	X	X
358223107	56634822	12	M	1	2	X	X
358223168	56633791	37	M	1	1	X	517661330
358223169	56633791	9	M	1	2	X	X
358223171	56633791	37	F	1	0	X	517661119
358250095	56633575	86	F	1	0	X	X
358918350	56634789	8	M	1	2	450100871	X
358918351	56634789	40	M	1	1	X	517661188
358918352	56634789	38	F	1	0	X	517661146
359056978	56633034	57	M	1	4	X	517661330
359056979	56632111	36	M	1	0	X	517661325
359137815	56634141	39	F	1	7	X	517666385
359137817	56634141	40	M	1	8	X	517661227
359137818	56634141	48	M	1	8	X	517661320
359137821	56634141	62	M	1	1	X	517661330
359137822	56634141	62	F	1	0	X	X
359137896	56633074	39	F	1	8	X	X
359137898	56633074	48	M	1	8	X	517661100
359137899	56633074	45	M	1	7	X	517668922
359137900	56633074	94	F	1	4	X	X
359208442	56635008	78	M	1	1	X	X
359208443	56635008	64	F	1	0	X	X
359208497	56633956	74	M	1	0	X	X
359208498	56633956	71	F	1	1	X	X
359208528	56632577	71	F	1	1	X	X
359257795	56632218	64	F	1	0	X	517668922
359562218	56633049	48	F	1	1	X	517669026
359562239	56632467	44	M	1	0	X	517661268
359656826	56633754	49	F	1	0	X	X
359702805	56632703	26	F	1	1	X	X
359702808	56632703	1	F	1	2	X	X
359702853	56634673	26	F	1	1	X	X
359702855	56634673	3	M	1	2	X	X
359702856	56634673	1	F	1	2	X	X
359921440	56635064	44	F	1	0	X	517669035
359921442	56632411	44	F	1	0	X	517661297
359921443	56633976	44	F	1	0	X	517661227
360190685	56632237	16	M	1	2	450100874	X
360311575	56633095	61	F	1	0	X	517668891
360348041	56634255	23	M	1	0	X	517661297
360348043	56634151	23	M	1	0	X	517661206
360539282	56632418	69	M	1	0	X	X
360560197	56632137	69	M	1	0	X	X
360698976	56633191	56	F	1	0	X	X
360705755	56632771	64	M	1	0	X	X
360705780	56632987	50	F	1	1	X	X
361080980	56632883	62	F	1	1	X	X
361187358	56632421	71	M	1	0	X	X
361334272	56633017	27	F	1	0	X	517669032
361490465	56633600	21	M	1	0	X	517661188
361659475	56634631	61	M	1	1	X	517661093
361659476	56634631	66	F	1	0	X	X
362059824	56634112	74	M	1	0	X	517661339
362227539	56633584	21	F	8	2	X	517669026
362227541	56633584	4	F	8	5	X	X
362227542	56633584	45	F	8	0	X	X
362227543	56633584	1	F	8	5	X	X
362643070	56632361	30	F	1	1	X	X
362643095	56632705	0	M	1	2	X	X
362643097	56632705	7	F	1	2	450100871	X
362643098	56632705	9	M	1	2	450100871	X
362881501	56633657	43	M	1	0	X	517661416
362949436	56633353	63	M	1	0	X	517661350
362949437	56633353	64	F	1	1	X	X
363237379	56632450	8	M	1	2	450100871	X
363237381	56632450	3	M	1	2	X	X
363237383	56632450	4	M	1	12	X	X
363850087	56634090	13	M	9	2	450100871	X
364161797	56632576	28	M	1	0	X	517668953
364241436	56634258	62	M	1	1	X	X
364563118	56634055	17	M	1	2	X	X
364669480	56632428	50	F	1	0	X	X
364735422	56634884	57	M	1	1	X	517668953
364735423	56634884	63	F	1	0	X	517661372
364797671	56632709	63	F	1	0	X	517667897
364797672	56632709	26	F	1	5	X	X
364797679	56633001	1	M	1	5	X	X
364797680	56633001	63	F	1	0	X	517669026
364797681	56633001	26	F	1	5	X	X
364885111	56634503	79	F	1	0	X	X
365180754	56632787	72	M	1	0	X	X
365564035	56634836	3	M	1	2	X	X
365564050	56634386	24	M	1	0	X	517661369
365564051	56634386	3	M	1	2	X	X
365564064	56633880	24	M	1	0	X	517661174
365579396	56632516	47	F	1	0	X	517668922
365579460	56632269	47	F	1	0	X	517668686
365668893	56632121	16	F	1	2	450063600	517661163
365668894	56632121	48	F	1	1	X	X
365668895	56632121	52	M	1	0	X	517661030
365668897	56632121	9	F	1	2	X	X
365668898	56632121	11	F	1	2	450100871	X
365669042	56634871	52	M	1	0	X	517667474
365669045	56634871	11	F	1	2	450100871	X
365669138	56634569	16	F	1	2	450063600	517661227
365669139	56634569	48	F	1	1	X	X
365669142	56634569	9	F	1	2	X	X
365669143	56634569	11	F	1	2	450100871	X
365768127	56635047	22	F	1	0	X	517661146
365768128	56635047	23	M	1	10	X	X
366088338	56634102	21	F	1	0	X	517661297
366088339	56634102	27	M	1	1	X	517661330
366088372	56632696	21	F	1	0	X	517661215
366088373	56632696	27	M	1	1	X	517661149
366345963	56632186	59	F	1	0	X	X
366412403	56634350	50	F	1	0	X	517661188
366412407	56632814	50	F	1	0	X	517661126
366412408	56632814	21	F	1	2	X	X
366750428	56634385	70	F	1	0	X	X
367059818	56634129	63	F	1	0	X	X
367059819	56634129	66	M	1	1	X	X
367197639	56634060	39	F	1	1	X	X
367197640	56634060	14	F	1	2	450100874	X
367197641	56634060	12	M	1	2	450100871	X
367307237	56632228	48	F	1	1	X	X
367548570	56634873	11	M	1	2	450100871	X
367548571	56634873	40	M	1	1	X	517660999
367723196	56634452	73	M	1	0	X	517668891
367833309	56633306	52	M	1	0	X	517661099
367833334	56634302	49	F	1	1	X	517788475
367833335	56634302	52	M	1	0	X	517660989
368055326	56633434	65	M	1	0	X	517661408
368059525	56632482	68	M	1	1	X	X
368059527	56632482	4	M	1	5	450099883	X
368059568	56634976	60	F	1	0	X	X
368264006	56634687	17	M	3	2	450100874	X
368264007	56634687	40	F	1	1	X	517661093
368556652	56632352	71	F	1	0	X	X
368556653	56632352	78	M	1	1	X	X
368955846	56634193	45	F	1	10	X	517661093
369265681	56633914	86	M	1	0	X	X
369629780	56634702	7	F	1	2	450100871	X
369629782	56634702	11	F	1	2	450100871	X
369629784	56634702	5	M	1	2	450100872	X
369629802	56632563	11	F	1	2	450100871	X
369629804	56632563	5	M	1	2	450100872	X
370333459	56632874	51	M	1	0	X	X
370698652	56635084	11	M	1	2	450100871	X
370698654	56635084	9	F	1	2	450100871	X
370698655	56635084	50	M	1	1	X	517661372
370735493	56634006	0	F	1	2	X	X
371193658	56633073	58	F	1	0	X	517668653
371412787	56634783	10	F	1	2	450100871	X
371412790	56634783	43	M	1	1	X	517661093
371462822	56633469	61	F	1	1	X	517660989
371462842	56632796	61	F	1	1	X	517660989
371681689	56634282	80	F	1	0	X	X
371828223	56633237	12	M	1	2	450100876	X
371828275	56634114	31	F	1	0	X	X
371923685	56634576	57	F	1	0	X	517661046
371923731	56632205	19	F	1	2	X	517661188
372410332	56633619	70	F	1	1	X	517669034
372410333	56633619	71	M	1	0	X	517661287
372569193	56632199	15	M	1	2	450100874	X
372569197	56635093	15	M	1	2	450100874	X
372569275	56632113	15	M	1	2	450100874	X
372569303	56634504	15	M	1	2	450100874	X
372884430	56634442	53	M	1	0	X	X
373051073	56634312	66	F	1	0	X	X
373051079	56634400	66	F	1	0	X	X
373051080	56634400	83	M	1	1	X	X
373079393	56632193	43	F	1	0	X	517661346
373081794	56634863	56	F	1	0	X	517661146
373081822	56633835	56	F	1	0	X	517661297
373226482	56632477	14	F	1	2	450067304	X
373226484	56632477	39	F	1	0	X	X
373226485	56632477	10	F	1	2	450067304	X
373226486	56632477	44	M	1	1	X	517668922
373226487	56632477	19	M	1	2	X	517661330
373226627	56632720	6	M	1	2	450066968	X
373226629	56632720	10	F	1	2	450067304	X
373226644	56634233	14	F	1	2	450067304	X
373226645	56634233	6	M	1	2	450066968	X
373226649	56634233	19	M	1	2	X	517661219
373884530	56633460	59	M	1	10	X	X
373884539	56634086	53	F	1	0	X	517661146
373884553	56632097	53	F	1	0	X	517661278
373884566	56634097	59	M	1	10	X	X
373884567	56634097	53	F	1	0	X	517668922
374361513	56633043	52	F	1	10	X	517668953
374361514	56633043	62	M	1	0	X	517669034
374691249	56634654	60	F	1	0	X	517661330
374751700	56633738	61	F	1	1	X	517668922
374751701	56633738	65	M	1	0	X	517661188
376081465	56634382	42	F	1	1	X	X
376167538	56633107	62	M	1	0	X	517668940
376167539	56633107	62	F	1	1	X	517661132
376244868	56634173	57	F	1	1	X	X
376244869	56632497	64	M	1	0	X	X
376475252	56634244	47	F	1	1	X	517661093
376475253	56634244	7	F	1	2	450100871	X
376475255	56632599	17	F	1	2	450100874	X
376475256	56632599	47	F	1	1	X	517661106
376475257	56632599	7	F	1	2	450100871	X
377345595	56632666	30	M	1	0	X	517668930
377345609	56632204	30	M	1	0	X	517668943
377387785	56632798	62	F	1	1	X	X
377387803	56633397	62	F	1	1	X	X
377607353	56633458	1	M	1	2	X	X
377607354	56633458	24	M	1	0	X	517661297
377607376	56632480	24	F	1	1	X	517668936
377607377	56632480	1	M	1	2	X	X
377607378	56632480	24	M	1	0	X	517661126
377632301	56634348	13	M	1	2	450100876	X
377632302	56634348	38	F	1	0	X	517668930
377632303	56634348	2	M	1	2	X	X
377632304	56634348	11	M	1	2	450100876	X
377755726	56633309	50	F	1	0	X	517660989
377809996	56632904	66	M	1	0	X	X
377809997	56632904	42	F	6	1	X	517669026
377941181	56633213	12	F	1	2	450100876	X
377941182	56633213	42	F	1	0	X	517661387
377941292	56634142	15	F	1	2	450100874	X
377941309	56632970	12	F	1	2	450100871	X
377941310	56632970	42	F	1	0	X	517661098
377941312	56632970	15	F	1	2	450100874	X
377941377	56633937	12	F	1	2	450100876	X
377941378	56633937	42	F	1	0	X	517660999
378213507	56632862	92	F	1	0	X	X
378431478	56634544	79	M	1	0	X	517661227
378431479	56634544	74	F	1	1	X	X
378449600	56634026	67	F	1	1	X	517661188
378691778	56633517	6	F	1	2	450100872	X
378714469	56634573	34	F	1	1	X	517661188
378788343	56632392	23	M	9	0	X	X
378788352	56633402	23	M	9	0	X	X
378788393	56633423	23	M	9	0	X	X
379187389	56633374	40	M	1	0	X	517669026
379187430	56633885	5	F	1	2	450100871	X
379187431	56633885	12	M	1	2	450100876	X
379277030	56634586	43	F	1	0	X	517661372
379316546	56632925	68	M	1	1	X	X
380011291	56633567	48	F	1	0	X	517668930
380089715	56633499	15	M	1	2	450100874	X
380189671	56634645	45	F	1	0	X	517661219
380200539	56632680	61	M	1	0	X	517661330
380441526	56633508	34	M	1	0	X	517668913
380684090	56633690	71	F	1	1	X	X
380684091	56633690	73	M	1	0	X	X
380785499	56634298	25	F	1	1	X	517661409
380855789	56632833	18	F	1	12	450063600	517668696
380855792	56632833	18	F	1	2	450100874	517660981
380863268	56633711	22	M	1	0	X	517661093
380863284	56633621	22	M	1	0	X	517661330
381018038	56634952	16	M	1	2	450100874	X
381760327	56632447	0	M	1	2	X	X
381760329	56632447	25	M	1	1	X	517661330
381760330	56632447	4	F	1	2	X	X
381760377	56634774	0	M	1	2	X	X
381760378	56634774	2	F	1	2	X	X
381760379	56634774	25	M	1	1	X	517668945
381760381	56634774	30	F	1	0	X	X
381774707	56632984	59	F	1	1	X	517661004
381774708	56632984	61	M	1	0	X	517661032
381856189	56634722	46	M	1	0	X	517661188
381859393	56634650	47	F	1	1	X	517502982
381859396	56634650	50	M	1	0	X	X
381859397	56634650	25	M	1	12	X	517661408
381859398	56633389	47	F	1	1	X	517661330
381859401	56633389	50	M	1	0	X	X
381859402	56633389	25	M	1	12	X	517661224
381969021	56634582	82	F	1	1	X	X
381969036	56634177	82	M	1	0	X	X
381985451	56632415	54	M	1	1	X	517660989
381985452	56632415	51	F	1	0	X	517668781
381990393	56632582	11	F	1	2	450100876	X
381990394	56632582	37	M	1	0	X	X
382004361	56633936	56	F	1	0	X	517660989
383164389	56633960	51	M	1	0	X	X
383192989	56635030	6	F	1	2	450100872	X
383192990	56635030	37	F	1	0	X	517661080
383192991	56635030	36	M	1	1	X	517661130
383192992	56635030	14	F	1	2	450100876	X
383555772	56633289	54	M	1	1	X	517660997
383590778	56632515	9	M	1	2	450100871	X
383590779	56632515	6	M	1	2	450100872	X
383590857	56633341	40	F	1	1	X	517661409
383590858	56633341	9	M	1	2	450100871	X
383590896	56632413	39	M	1	0	X	517660989
383590897	56632413	40	F	1	1	X	517668902
383590935	56634584	6	M	1	2	450100872	X
383954105	56632712	16	F	1	2	450100874	X
384038975	56632123	54	M	1	1	X	517668960
384187348	56635026	2	F	1	2	X	X
384187349	56635026	34	M	1	0	X	517661409
384187393	56634290	34	M	1	0	X	517661126
384187411	56633233	34	M	1	0	X	517668930
384461650	56634179	69	M	1	0	X	X
384583187	56634919	23	M	1	12	X	517661072
384629866	56634575	60	F	1	1	X	517661074
384629907	56634476	60	M	1	0	X	X
384672797	56634667	55	M	1	0	X	517661381
384672798	56634667	50	F	1	1	X	517661063
384672809	56632958	55	M	1	0	X	517661005
384672810	56632958	50	F	1	1	X	517669030
384863714	56634967	3	F	1	2	X	X
384863717	56633206	0	M	1	2	X	X
384991482	56633660	18	M	1	2	450100874	X
385082444	56633815	50	M	1	0	X	517661175
385082450	56632861	50	M	1	0	X	517669026
385082456	56632330	50	M	1	0	X	517668940
385537058	56633127	28	M	1	0	X	517661330
385829413	56632819	55	F	1	0	X	517668930
385953523	56634907	15	M	1	2	450100874	X
385965444	56634024	82	M	9	0	X	X
385965445	56634024	64	F	1	10	X	517668922
386136044	56633934	86	M	1	1	X	X
386245643	56633809	0	M	1	2	X	X
386245644	56633809	12	M	1	2	450100876	X
386337582	56634982	42	F	1	1	X	517668943
386337585	56634982	17	F	1	2	450100874	517661413
386398676	56633571	23	M	1	0	X	517661330
386398686	56634567	23	M	1	0	X	517661408
386447057	56634717	34	M	1	0	X	517661330
386500019	56633363	30	F	1	0	X	517661264
386500020	56633363	4	M	1	2	450099883	X
386711096	56632294	3	F	1	2	450099883	X
386711097	56632294	24	F	1	0	X	517661074
386711098	56632294	25	M	1	1	X	517661158
387088263	56633559	23	M	1	1	X	517661153
387088265	56633559	0	M	1	2	X	X
387088268	56632401	0	M	1	2	X	X
387088294	56634564	22	F	1	0	X	X
387088295	56634564	0	M	1	2	X	X
387188953	56632452	42	M	1	0	X	517664707
387188958	56634480	42	M	1	0	X	517668948
387272791	56634189	23	M	1	0	X	517668930
387272792	56634189	22	F	1	1	X	517661188
387272794	56634189	2	F	1	2	X	X
387742006	56632459	26	F	1	0	X	517661219
387742031	56632726	24	F	1	3	X	517661389
387742032	56632726	26	F	1	0	X	517661340
387777010	56633801	42	M	1	0	X	517661241
387777088	56633432	42	M	1	0	X	517661165
387777091	56633758	42	M	1	0	X	517668963
388078225	56632991	56	F	1	1	X	517661200
388125222	56634216	31	M	1	0	X	X
388247332	56633391	62	M	1	0	X	517669026
388247333	56633391	58	F	1	1	X	517669035
388503767	56632183	8	F	1	2	450100871	X
388503769	56632183	29	F	1	0	X	517668943
388503770	56632183	2	F	1	2	X	X
388514048	56633900	23	F	1	0	X	517661271
388514064	56634593	1	M	1	2	X	X
388514065	56634593	25	M	1	1	X	517661381
388682318	56632646	78	M	1	1	X	X
388682326	56634013	78	M	1	1	X	X
388682327	56634013	76	F	1	0	X	X
388682352	56634349	78	M	1	1	X	X
388682353	56634349	76	F	1	0	X	X
388682358	56634321	78	M	1	1	X	X
388682359	56634321	76	F	1	0	X	X
389066305	56633872	50	M	1	0	X	X
389311577	56633494	23	M	1	0	X	517661408
389311588	56633784	23	M	1	0	X	517661139
389311607	56632081	23	M	1	0	X	517668943
389371240	56634165	84	M	1	1	X	X
389371243	56634964	82	F	1	0	X	X
389371244	56634028	84	M	1	1	X	X
389371248	56632803	84	M	1	1	X	X
389371249	56632803	82	F	1	0	X	X
389622699	56633842	8	M	1	2	450100871	X
389622743	56632110	18	F	9	2	450100874	517668939
389622744	56632110	11	F	1	2	450100876	X
389622746	56632110	39	M	9	0	X	517661047
389622747	56632110	8	M	1	2	450100871	X
389622787	56632135	33	F	1	1	X	517669025
389622790	56632135	12	M	1	2	450100876	X
389889296	56633126	47	F	8	1	X	517661126
389927149	56632615	78	F	1	0	X	X
390186573	56633876	7	F	1	2	450100871	X
390186574	56633876	27	F	1	0	X	517660980
390186575	56633876	5	F	1	2	450100872	X
390186576	56633876	56	M	1	4	X	X
390319471	56634565	72	F	1	1	X	X
390319472	56634565	77	M	1	0	X	X
390319485	56632982	72	F	1	1	X	X
390436061	56632752	70	M	1	1	X	X
390436062	56632752	68	F	1	0	X	X
390625959	56634289	76	F	1	1	X	X
390625960	56634289	83	M	1	0	X	X
391068762	56632224	42	M	1	0	X	517661372
391068763	56633529	50	F	1	1	X	517661320
391068814	56634185	42	M	1	0	X	517661093
391068819	56634622	50	F	1	1	X	517661165
391068820	56634622	42	M	1	0	X	517661188
391333843	56634714	29	M	1	0	X	517661336
391333844	56634714	29	F	1	1	X	517660980
391333871	56634910	29	M	1	0	X	517668962
391333872	56634910	29	F	1	1	X	517661093
391591071	56632513	55	F	1	0	X	517668952
391591072	56633461	55	F	1	0	X	517661025
391591085	56632744	55	F	1	0	X	517661257
391605049	56634299	63	M	1	0	X	X
391861349	56632893	14	F	9	2	450100874	X
391861351	56632893	49	M	1	0	X	517668943
391861352	56632893	40	F	6	1	X	517661269
391861377	56632823	14	F	9	2	450100874	X
391861380	56632823	40	F	6	1	X	517668940
392299090	56633676	1	M	8	2	X	X
392299091	56633676	51	M	8	0	X	517668930
392299092	56633676	13	F	8	2	450100876	X
392299093	56633676	42	F	8	9	X	X
392404492	56633891	47	M	1	0	X	517668922
392404513	56632784	47	M	1	0	X	517668687
392404532	56633290	47	M	1	0	X	517661330
392404538	56632284	47	M	1	0	X	517669038
392404549	56632914	47	M	1	0	X	517668961
392887199	56632732	3	M	1	2	X	X
392887200	56632732	27	M	1	0	X	517661276
392887251	56632314	27	M	1	0	X	517669035
392887252	56632314	24	F	1	1	X	X
392887328	56634034	3	M	1	2	X	X
392887329	56634034	27	M	1	0	X	517660999
392887358	56635020	3	M	1	2	X	X
392887359	56635020	27	M	1	0	X	517661267
392887360	56635020	24	F	1	1	X	X
393252557	56634328	36	F	1	0	X	517661182
393285016	56633005	41	F	1	1	X	517661424
393285017	56633005	52	M	1	0	X	517669034
393368113	56634041	51	M	1	0	X	X
393541477	56634301	12	F	1	2	450100876	X
393560842	56633373	51	M	1	0	X	517660989
393560843	56633373	54	F	1	1	X	517668922
393560844	56633373	55	F	1	12	X	517661069
393560891	56634066	54	F	1	1	X	517661273
393560892	56634066	55	F	1	12	X	517661373
393572595	56632176	62	M	1	0	X	X
393626751	56634020	76	F	1	1	X	X
393626752	56634020	73	M	1	0	X	X
393626761	56633986	76	F	1	1	X	X
393630877	56633349	62	M	1	0	X	X
393630893	56632718	62	M	1	0	X	X
393757540	56633944	53	M	1	1	X	517661160
393757541	56633944	50	F	1	0	X	517660989
393770798	56632095	0	M	1	2	X	X
394523848	56634191	75	F	1	1	X	X
394523849	56634191	75	M	1	0	X	X
394523851	56634192	75	M	1	0	X	X
394523860	56634235	75	F	1	1	X	X
394523861	56634235	75	M	1	0	X	X
395274481	56633704	21	F	1	0	X	517666808
395364143	56633365	67	M	1	0	X	X
395451771	56634116	87	F	1	0	X	X
396371920	56633099	67	M	1	0	X	517669026
396525064	56633768	64	M	1	0	X	517498872
396525092	56633278	64	M	1	0	X	517669026
397378811	56632473	30	M	1	2	X	517661390
397454821	56633507	26	F	8	0	X	X
397454822	56633507	27	M	8	1	X	517666808
397454824	56633507	1	M	8	2	X	X
397662799	56634811	37	F	1	1	X	517661311
397662800	56634811	7	M	1	2	450100871	X
397662801	56634811	13	M	1	2	450100876	X
397662899	56632115	19	M	1	2	X	517668930
397662900	56632115	37	M	1	0	X	X
397662901	56632115	37	F	1	1	X	517668962
397662903	56632115	13	M	1	2	450100876	X
397683877	56634412	34	F	1	0	X	517661021
397683878	56634412	34	M	1	1	X	517660989
397683879	56634412	0	M	1	2	X	X
398027420	56634725	25	M	1	0	X	517661227
398027421	56634725	24	F	1	1	X	517661093
398461196	56632901	31	M	1	1	X	517668961
398461197	56632901	6	M	1	2	450100871	X
398649497	56632715	44	F	1	0	X	517668834
398649498	56632715	46	M	1	1	X	517669035
398862745	56632931	59	M	1	0	X	X
398862746	56632931	55	F	1	1	X	X
399014035	56634696	74	F	1	0	X	517660983
399014036	56634696	77	M	1	1	X	X
399029135	56632764	61	M	1	1	X	517668922
399579453	56633874	67	M	1	0	X	X
399795122	56633176	58	F	1	0	X	517661068
399795158	56634623	58	F	1	0	X	517661160
399795159	56634623	18	M	1	2	X	X
399993053	56633652	92	F	1	0	X	X
400307160	56633334	53	M	1	0	X	517660980
400307161	56633334	18	M	1	2	X	517660989
400307162	56633334	51	F	1	1	X	517661408
400307188	56632220	18	M	1	2	X	517668922
400307189	56632220	51	F	1	1	X	517661330
400307196	56633427	53	M	1	0	X	517661372
400307198	56633427	51	F	1	1	X	517668685
400549526	56633279	53	M	1	0	X	517668838
400660013	56632300	18	M	1	5	450100874	517661167
400660014	56632300	12	M	1	5	450100876	X
400660016	56632300	63	F	1	0	X	X
400660017	56632300	63	M	1	1	X	517660980
400685383	56632170	1	M	1	2	X	X
400685384	56632170	13	M	1	2	450100876	X
400685386	56632170	4	M	1	2	X	X
400699678	56633858	63	F	1	0	X	X
400733559	56634433	67	M	1	0	X	X
401199302	56634391	45	F	1	1	X	517661121
401200680	56635028	82	F	1	0	X	X
401200684	56634842	82	F	1	0	X	X
401417609	56635074	63	M	1	1	X	X
401417610	56635074	58	F	1	0	X	X
401417641	56632098	63	M	1	1	X	X
402077883	56633425	28	F	1	0	X	517668930
402257641	56633906	20	M	3	0	X	517669035
402257654	56633709	52	M	1	4	X	X
402257667	56633488	47	F	3	7	X	517660989
402257669	56633488	52	M	1	4	X	X
402257685	56633699	47	F	3	7	X	517661408
402417649	56632612	54	F	1	1	X	517668921
402811862	56634380	68	M	1	0	X	X
402940609	56633594	12	F	1	2	450100876	X
402940611	56633594	37	F	1	1	X	517669026
403009065	56632800	26	M	1	0	X	517661093
403598860	56632969	55	F	1	0	X	517661363
403598866	56632178	55	F	1	0	X	517661021
403598872	56633624	55	F	1	0	X	517660999
403641037	56632526	20	F	1	2	X	517660989
403641039	56632526	44	F	1	1	X	517668686
403641040	56632526	50	M	1	0	X	X
403641066	56633143	18	F	1	2	X	517661093
403641068	56633143	50	M	1	0	X	X
403917699	56634688	58	M	1	0	X	517661159
403917700	56634688	15	F	1	2	450100874	X
404062642	56632564	20	M	1	0	X	517668943
404062643	56632564	19	F	1	10	X	517661213
404441440	56632785	5	M	1	2	450066968	X
404441441	56632785	8	M	1	2	450100871	X
404441442	56632785	33	M	1	0	X	517660999
404441491	56633092	32	F	1	1	X	517660989
404441509	56634878	8	M	1	2	450100871	X
404441511	56634878	32	F	1	1	X	517661330
404507724	56633479	37	M	1	1	X	517661416
404507725	56633479	7	F	1	2	450100871	X
404603612	56632684	16	F	1	2	450100874	517668952
404603613	56632684	51	F	1	1	X	517661102
404603614	56632684	47	M	1	0	X	517660989
405463095	56632217	36	M	1	1	X	X
405463097	56632217	6	F	1	2	450066968	X
405706702	56635035	32	F	1	0	X	517669035
405706704	56635035	30	M	1	1	X	517661074
405784815	56634465	73	M	1	0	X	X
405904856	56634640	59	M	1	0	X	517661188
405904857	56634640	58	F	1	1	X	X
406288349	56634595	14	M	1	2	450100874	X
406288353	56634595	13	M	1	2	450100871	X
406288354	56634595	8	M	1	2	450100871	X
406288355	56634595	36	M	1	1	X	517668904
406707583	56632759	67	F	1	0	X	517661134
406707598	56634883	70	M	1	1	X	517666493
406707599	56634883	67	F	1	0	X	517661004
406789783	56633457	20	M	1	0	X	517668922
406796039	56633026	67	F	1	0	X	X
406796079	56632643	67	F	1	0	X	X
407154301	56632865	65	F	1	0	X	517668930
407176661	56634921	1	M	1	2	X	X
407176664	56634921	12	M	1	2	450100876	X
407176665	56634921	15	F	1	2	450100876	X
407176666	56634921	36	F	1	1	X	X
407176667	56634921	28	M	1	0	X	X
407256906	56634369	76	M	1	0	X	X
407256907	56634369	83	F	1	1	X	X
407256908	56632082	76	M	1	0	X	X
407468169	56634711	55	M	1	0	X	517660990
408767162	56633544	42	F	1	0	X	517661069
409149253	56632657	51	F	1	0	X	517661278
409149260	56634485	51	F	1	0	X	517661423
409189435	56634647	34	M	1	1	X	517660989
409189436	56634647	13	F	1	2	450100876	X
409189437	56634647	8	M	1	2	450100871	X
409189439	56634647	32	F	1	0	X	X
409334648	56634786	55	M	1	2	X	517661159
409338624	56632122	78	F	1	1	X	X
409338625	56632122	83	M	1	0	X	517668686
409338631	56632699	83	M	1	0	X	517661069
409721540	56633128	55	F	1	0	X	517661102
409741965	56633286	34	F	1	0	X	517661366
409741966	56633286	0	M	1	2	X	X
409741967	56633286	2	F	1	2	X	X
409741968	56633286	5	F	1	2	X	X
409741969	56633286	7	M	1	2	450100871	X
409741970	56633286	38	M	1	1	X	517668688
410155348	56634038	27	F	1	0	X	517661173
410155349	56634038	3	M	1	2	X	X
410156187	56634760	48	M	1	1	X	517661180
410156189	56634760	0	M	1	2	X	X
410226705	56632690	55	F	1	1	X	517668405
410622661	56632387	62	M	1	0	X	517661330
410622698	56632590	58	F	1	1	X	517788475
410697644	56633155	63	M	1	1	X	X
410719049	56634846	10	M	1	2	450100871	X
410719051	56634846	44	F	1	0	X	517660981
411066779	56634913	57	F	1	1	X	517661171
411066782	56633200	61	M	1	0	X	517668928
411066830	56632281	61	M	1	0	X	517661358
411066831	56632281	57	F	1	1	X	517661342
411357187	56634415	57	F	1	0	X	517668946
411357188	56634415	49	M	1	1	X	517661227
411453379	56633989	32	F	1	1	X	X
411453381	56632481	32	F	1	1	X	X
411453386	56632143	40	M	1	0	X	517669004
411453387	56632143	32	F	1	1	X	X
411477505	56632794	52	M	1	0	X	517661249
411628424	56632302	15	M	1	2	450100874	X
411640415	56633040	49	F	1	0	X	517661064
412165777	56634732	87	F	1	0	X	X
412183732	56634162	51	F	1	1	X	X
412183742	56632789	51	F	1	1	X	X
412183743	56632789	55	M	1	0	X	517661353
412364637	56634796	63	F	1	0	X	517661157
412449150	56634445	30	M	1	1	X	517661168
412582136	56632325	58	F	1	1	X	517661155
412871532	56633871	40	F	8	3	X	X
412871533	56633871	24	M	8	0	X	517668921
412871555	56633515	9	F	8	7	450100871	X
412871556	56633515	34	M	8	3	X	517667144
412871557	56633515	40	F	8	3	X	X
412871558	56633515	24	M	8	0	X	517661093
412936010	56634727	13	M	1	2	450100876	X
412936011	56634727	11	M	1	2	450100876	X
412936012	56634727	40	M	1	0	X	517661119
412936062	56632495	13	M	1	2	450100876	X
412936064	56632495	40	M	1	0	X	517660980
412940914	56634364	47	F	1	1	X	517667328
413063377	56633955	78	M	1	0	X	X
413063408	56633730	82	F	1	1	X	X
413063409	56633730	78	M	1	0	X	X
413063458	56632371	82	F	1	1	X	X
413063460	56634213	82	F	1	1	X	X
413511844	56632754	44	M	1	0	X	517661028
413522978	56632835	56	F	1	0	X	517661372
413522991	56634697	52	M	1	1	X	517660989
413523069	56634817	52	M	1	1	X	517661188
413552694	56633199	14	M	1	2	450100876	X
413552695	56633199	48	F	1	0	X	517668922
413641010	56634218	65	F	1	0	X	X
413641011	56634218	66	M	1	1	X	517661330
413641033	56633547	66	M	1	1	X	517661330
413641034	56632870	65	F	1	0	X	X
413641035	56632870	66	M	1	1	X	517661402
413708874	56634516	25	F	1	10	X	517661106
413708876	56634516	26	M	1	0	X	517661330
413757964	56634701	3	F	1	2	X	X
413757965	56634701	0	M	1	2	X	X
413757966	56634701	28	M	1	3	X	517661020
413757968	56634701	21	F	1	7	X	X
413757969	56634701	34	M	1	1	X	517668930
413757995	56634689	0	M	1	2	X	X
413757996	56634689	28	M	1	3	X	517660989
413757999	56634689	34	M	1	1	X	517661381
414157501	56633124	20	M	1	2	X	517668930
414157503	56633124	54	M	1	0	X	517668922
414157504	56633124	40	F	1	1	X	X
414224818	56633446	21	M	1	10	X	517660989
414224827	56633788	21	M	1	10	X	517668932
414224834	56632501	0	M	1	2	X	X
414437320	56634548	74	F	1	0	X	X
414473305	56633687	30	F	1	1	X	X
414473307	56633687	29	M	1	0	X	517661297
414543856	56633202	80	F	1	0	X	X
414543858	56634826	80	F	1	0	X	X
414543863	56634132	80	F	1	0	X	X
414568079	56634319	66	F	1	0	X	517661297
414828253	56633819	65	M	1	0	X	517668930
414845491	56635078	24	M	1	1	X	517666962
414845492	56635078	22	F	1	0	X	X
414870729	56634315	58	M	1	10	X	517661341
414870789	56635049	58	M	1	10	X	517661093
414870790	56635049	49	F	1	0	X	517668930
415608619	56633576	88	F	1	0	X	X
415625880	56633223	67	F	1	1	X	X
415625881	56633223	71	M	1	0	X	X
415625904	56633035	67	F	1	1	X	X
415625905	56633035	71	M	1	0	X	X
416046617	56633039	34	F	1	0	X	517661090
416055045	56633108	63	F	1	1	X	517661093
416055077	56635042	63	F	1	1	X	517669026
416055078	56635042	64	M	1	0	X	517668930
416055109	56633849	63	F	1	1	X	517668930
416369015	56634241	42	M	1	0	X	517661188
416369017	56634241	34	F	1	1	X	517660989
416369196	56633577	15	M	1	2	450100874	X
416369197	56633577	34	F	1	1	X	517661004
416369198	56633577	11	M	1	2	450100876	X
416492193	56632756	57	M	1	1	X	517661028
416492194	56632756	59	F	1	0	X	517669038
416492211	56634555	57	M	1	1	X	517661139
416492212	56634555	59	F	1	0	X	517661380
416492219	56632797	57	M	1	1	X	517669026
416492220	56632797	59	F	1	0	X	517661160
416548780	56633610	65	F	1	1	X	X
417034276	56633803	72	M	1	1	X	X
417076735	56632321	57	F	1	0	X	517661093
417076736	56632321	58	M	1	1	X	X
417076743	56634568	57	F	1	0	X	517661409
417076744	56634568	58	M	1	1	X	X
417076748	56633247	58	M	1	1	X	X
417076749	56632353	57	F	1	0	X	517661074
417492315	56632907	47	M	1	0	X	517661205
417525465	56634814	50	F	1	0	X	517661146
417670557	56633597	48	F	1	1	X	517661330
417727138	56634215	53	F	1	0	X	X
417927308	56632449	11	M	1	2	450067304	X
417927310	56632449	15	M	1	2	450067304	X
418086502	56635081	21	F	1	0	X	517661388
418086503	56635081	22	M	1	3	X	517661320
418774851	56634968	10	M	1	2	450100871	X
418774852	56634968	1	M	1	2	X	X
418774853	56634968	3	F	1	2	X	X
418774855	56634968	32	M	1	0	X	517661129
418774856	56634968	28	F	1	1	X	X
419020628	56632297	76	M	1	0	X	X
419046616	56634834	77	F	1	1	X	X
419381418	56632504	59	F	1	0	X	517668922
419667908	56633054	46	F	1	1	X	X
419667909	56633054	48	M	1	0	X	517661074
419667965	56633739	46	F	1	1	X	X
419667966	56633739	48	M	1	0	X	517661193
419667967	56633739	21	M	1	2	X	517661146
419667971	56633489	46	F	1	1	X	X
419667972	56633489	48	M	1	0	X	517661028
419667973	56633489	21	M	1	2	X	517661152
124218357	56633338	53	M	1	0	X	517661219
124256782	56633861	29	M	1	0	X	517661117
124535118	56633991	3	F	1	2	450099883	X
124535197	56634384	25	M	1	0	X	517668923
124535199	56634005	3	F	1	2	450099883	X
126033091	56632669	28	F	1	0	X	517661215
126553231	56634770	38	M	1	0	X	517498877
126553234	56634770	26	F	1	1	X	X
126564788	56633670	3	M	1	2	X	X
126564797	56632600	3	M	1	2	X	X
126564798	56632600	24	M	1	0	X	517661129
126670549	56632570	43	F	1	1	X	X
126675574	56632391	55	F	1	1	X	517661234
126676298	56633677	50	M	1	0	X	517661146
127700161	56632291	55	M	1	0	X	X
127869664	56633895	67	F	1	0	X	517666654
127941824	56632856	43	F	1	1	X	X
128055688	56634194	2	F	1	2	X	X
128055689	56634194	10	M	1	2	450100876	X
128055690	56634194	29	F	1	1	X	517660989
128055703	56634999	33	M	1	0	X	517661165
128055706	56634999	29	F	1	1	X	517660980
128055711	56632974	33	M	1	0	X	517661028
128055712	56632974	2	F	1	2	X	X
128055714	56632974	29	F	1	1	X	517661372
128090497	56632779	46	M	1	0	X	517661126
128113154	56633347	54	F	1	0	X	517661236
128133347	56632903	49	F	1	1	X	517661093
128133370	56633259	49	M	1	0	X	517669038
128321951	56633639	58	M	1	0	X	517661106
128336741	56632426	60	M	1	1	X	517661093
128467216	56634935	78	M	1	1	X	X
128516896	56635088	56	F	1	1	X	517668932
128516898	56635088	56	M	1	0	X	517661320
128516926	56634840	56	F	1	1	X	517661340
128516927	56634840	22	M	1	2	X	517660986
128516954	56634754	22	M	1	2	X	517661372
128516959	56634651	56	F	1	1	X	517666857
128516960	56634651	22	M	1	2	X	517661445
128516961	56634651	56	M	1	0	X	517661239
128516962	56634305	56	F	1	1	X	517661019
129655869	56634495	55	F	1	0	X	517669033
129655883	56634057	55	F	1	0	X	517661417
129655896	56634334	55	F	1	0	X	517661248
130437453	56633925	22	F	1	1	X	517668963
130437454	56633925	22	M	1	0	X	517661255
130437461	56634009	22	F	1	1	X	517661330
130437462	56634009	22	M	1	0	X	517660992
130437465	56633497	22	F	1	1	X	517661146
130489834	56633137	84	M	1	0	X	X
130562425	56632549	58	M	1	0	X	517669026
130562426	56632549	53	F	1	1	X	517668924
130670436	56633166	47	F	1	1	X	517661340
130670437	56633166	47	M	1	0	X	517668930
130670439	56632824	47	M	1	0	X	517669030
130795086	56633599	44	M	1	0	X	517661136
130795088	56633599	15	F	1	2	450100874	X
130795089	56633599	4	F	1	2	X	X
130795093	56633982	15	F	1	2	450100874	X
130795094	56633982	4	F	1	2	X	X
130795095	56633982	40	F	1	1	X	517661330
130894212	56634307	53	F	1	0	X	X
130914097	56633498	43	F	1	0	X	517661188
131157268	56634069	26	F	1	0	X	X
131389602	56632263	1	M	1	2	X	X
131389603	56632263	6	F	1	2	450100872	X
131509852	56633274	49	M	1	0	X	517661271
131509856	56632565	49	M	1	0	X	517660989
131509883	56632511	49	M	1	0	X	517661227
131820195	56632733	52	F	1	0	X	517661165
131820286	56632142	19	F	1	2	X	X
131820287	56632142	15	F	1	2	450100874	X
131956097	56632652	49	M	1	0	X	X
132071098	56632138	65	F	1	1	X	X
132093716	56633909	29	M	1	1	X	517661504
132093717	56633909	1	M	1	2	X	X
132093718	56633909	7	M	1	2	450100871	X
132093861	56634002	29	M	1	1	X	517661347
132742884	56634763	62	M	1	0	X	517661219
132742885	56634763	62	F	1	1	X	517661146
132742886	56634763	92	F	1	6	X	X
133038829	56633352	47	F	1	1	X	517661021
133038830	56633352	50	M	1	0	X	517661320
133278173	56632159	58	F	1	0	X	517669026
133361770	56632412	54	M	1	0	X	517669033
133363494	56632168	5	F	1	2	450099883	X
133363495	56632168	2	F	1	2	X	X
133363496	56632168	32	F	1	0	X	517661139
133363562	56632235	5	F	1	2	450099883	X
133363563	56632235	2	F	1	2	X	X
133363564	56632235	32	F	1	0	X	517660980
133464893	56634281	10	M	1	2	450100871	X
133464894	56634281	8	F	1	2	450100871	X
133464895	56634281	43	F	1	1	X	517661330
133465014	56632155	8	F	1	2	450100871	X
133465015	56632155	43	F	1	1	X	517661093
134280438	56633375	50	M	1	1	X	517668934
134366181	56634314	63	M	1	0	X	517661004
134366184	56634337	63	M	1	0	X	517501751
134483345	56632884	30	M	1	1	X	517661247
134483353	56634937	30	M	1	1	X	517661146
134483354	56634937	27	F	1	0	X	517661128
134483389	56632724	30	M	1	1	X	517661206
134483390	56632724	27	F	1	0	X	517661188
134492653	56632091	57	M	1	1	X	517668930
134492654	56632091	55	F	1	0	X	517661358
134492666	56633585	55	F	1	0	X	517661409
134492670	56632537	55	F	1	0	X	517661427
135030606	56633162	43	M	1	0	X	517668792
135030607	56633162	17	M	1	2	450100874	517661158
135030608	56633162	18	F	1	2	X	517668936
135030609	56633162	40	F	1	1	X	517661345
135030610	56633162	8	F	1	2	450100871	X
135030611	56633162	10	M	1	2	450100871	X
135030618	56632911	43	M	1	0	X	517661165
135030620	56632911	18	F	1	2	X	517661409
135030622	56632911	8	F	1	2	450100871	X
135030623	56632911	10	M	1	2	450100871	X
135209370	56633103	55	M	1	1	X	517661064
135343982	56633747	72	F	1	0	X	517661188
135455263	56633152	68	F	1	1	X	517668926
135455264	56633152	83	M	1	0	X	X
135564771	56633795	21	M	1	0	X	517661146
135847469	56635095	27	M	1	0	X	517661199
136225000	56633431	87	M	1	0	X	X
136225004	56634877	87	M	1	0	X	X
136312662	56634419	64	F	1	1	X	517661188
136312663	56634419	69	M	1	0	X	517661021
136455083	56632077	5	F	1	2	X	X
136541180	56632448	0	F	1	2	X	X
136541181	56632448	8	M	1	2	450100871	X
136541182	56632448	28	F	1	1	X	517661165
136541200	56635044	0	F	1	2	X	X
136541201	56635044	8	M	1	2	450100871	X
136541202	56635044	28	F	1	1	X	517660980
136541203	56635044	31	M	1	0	X	517661330
136649663	56634915	12	M	1	2	450067304	X
136649666	56634915	15	F	1	2	450063600	X
136925009	56633284	15	M	1	2	450100874	X
136925010	56633284	38	M	1	1	X	517668922
136925011	56633284	28	F	1	0	X	517669025
137073064	56634068	66	M	1	0	X	X
137593869	56634625	34	M	1	0	X	517660989
137593871	56634625	31	F	1	1	X	X
137593889	56634627	34	M	1	0	X	517661384
137593891	56634627	31	F	1	1	X	X
137688591	56634164	61	M	1	0	X	517661028
137688592	56634164	58	F	1	1	X	X
137700125	56633800	47	M	8	0	X	517661297
137863952	56634484	50	F	1	0	X	517661021
137874423	56633408	48	F	1	0	X	517661216
137874424	56633408	49	M	1	1	X	517661249
137874446	56633870	21	F	1	2	X	517661019
137874455	56633620	21	F	1	2	X	517661085
137874456	56633620	48	F	1	0	X	517669026
137874457	56633620	49	M	1	1	X	517661188
138107788	56633966	33	F	1	1	X	517661339
138347605	56632735	48	M	1	0	X	517668940
138497925	56632650	21	M	1	2	X	517661396
138497926	56632650	44	F	1	1	X	517660999
139109468	56632792	44	F	1	1	X	517661021
139109470	56632792	47	M	1	0	X	X
139662752	56634168	74	F	1	1	X	X
139662753	56634168	80	M	1	0	X	X
139662775	56633121	80	M	1	0	X	X
139859006	56632776	27	F	1	10	X	517661188
139859007	56632776	3	F	1	2	X	X
139859048	56634759	27	F	1	10	X	517661146
139859049	56634759	3	F	1	2	X	X
139872874	56633679	63	F	1	10	X	X
139872875	56633679	60	M	1	0	X	517660999
140049203	56634898	58	F	1	0	X	517668687
140089814	56633327	64	F	1	1	X	517668922
140089846	56633557	64	F	1	1	X	517661409
140089847	56633557	67	M	1	0	X	517661059
140089853	56634439	67	M	1	0	X	517668930
140192843	56633295	48	F	1	1	X	X
140214669	56633318	59	F	1	1	X	517668936
140214683	56634370	59	F	1	1	X	517661207
140214684	56634370	62	M	1	0	X	X
140214687	56632507	59	F	1	1	X	517661268
140214688	56632507	62	M	1	0	X	X
140214692	56634212	62	M	1	0	X	X
140222641	56632462	63	F	1	1	X	517661287
140222657	56634876	63	F	1	1	X	517668922
140260387	56632937	59	M	1	1	X	X
140626956	56634888	60	M	1	0	X	517661398
140626974	56634761	60	M	1	0	X	517661206
140820472	56633816	64	M	1	0	X	517661284
140820495	56634806	64	M	1	0	X	517660983
140945029	56633398	55	M	1	0	X	517661316
140954382	56634956	9	M	9	2	450100871	X
140954383	56634956	14	F	1	2	450100874	X
140954386	56634956	34	F	1	0	X	517661369
140954387	56634956	16	F	1	2	450100874	517661297
140954407	56634726	14	F	1	2	450100874	X
140954410	56634726	34	F	1	0	X	517661330
140954436	56634263	9	M	9	2	450100871	X
140954437	56634263	14	F	1	2	450100874	X
140954438	56634263	12	F	9	2	X	X
140977430	56633723	7	F	1	2	450066968	X
140977433	56633723	34	F	1	1	X	X
140977434	56633723	36	M	1	0	X	517660999
141088706	56632568	46	M	1	0	X	517668930
141088710	56634248	46	M	1	0	X	517661032
141088748	56632820	46	M	1	0	X	517661021
141133177	56633083	54	F	1	1	X	517668891
141345137	56632956	76	M	1	0	X	X
141345138	56632956	86	F	1	1	X	X
141345145	56632961	76	M	1	0	X	X
141345146	56632961	86	F	1	1	X	X
141345155	56634931	76	M	1	0	X	X
141345156	56634931	86	F	1	1	X	X
141345173	56634422	76	M	1	0	X	X
141417602	56632769	25	M	1	0	X	517668930
141640479	56635067	86	F	1	1	X	X
141675185	56633777	51	M	1	0	X	517661297
141753127	56632578	66	F	1	1	X	X
141753128	56632578	70	M	1	0	X	X
142105397	56633219	3	F	1	2	X	X
142105398	56633219	6	M	1	2	450066968	X
142351055	56634300	86	F	1	0	X	X
142351056	56634300	66	F	1	2	X	X
142485398	56633651	21	F	1	0	X	517661416
142485399	56633651	26	M	1	1	X	517661320
142485400	56633651	0	F	1	2	X	X
142485401	56633540	21	F	1	0	X	517661227
142485402	56633540	26	M	1	1	X	517660976
142485403	56633540	0	F	1	2	X	X
142565193	56633606	69	F	1	0	X	517661054
142565194	56633606	69	M	1	1	X	517661129
142593484	56633708	43	M	1	0	X	517498830
142593485	56633708	50	F	1	1	X	517668922
142910437	56632212	72	F	1	1	X	X
142977746	56634730	87	F	1	0	X	X
142977747	56634730	92	M	1	1	X	X
142977753	56634929	92	M	1	1	X	X
143010868	56632213	27	F	1	0	X	517660989
143010869	56632213	29	M	1	1	X	517661203
143010878	56632251	27	F	1	0	X	517668698
143010879	56632251	29	M	1	1	X	517660989
143010906	56633145	27	F	1	0	X	517661398
143010907	56633145	29	M	1	1	X	517661168
143247350	56632837	55	M	1	0	X	517661345
143247387	56633395	45	F	1	10	X	517668930
143258279	56633949	83	F	1	0	X	X
143443109	56634917	54	M	1	0	X	X
143443111	56632277	54	M	1	0	X	X
143443116	56632877	52	F	1	1	X	517669033
143831480	56632202	42	M	1	0	X	517661330
143940484	56634389	52	F	1	1	X	517661017
143940485	56634389	52	M	1	0	X	517661346
144380011	56634675	78	F	1	1	X	X
144380012	56634675	81	M	1	0	X	X
144606877	56633957	32	F	9	0	X	517661069
144606878	56633957	36	M	1	1	X	517661106
144606888	56633979	0	F	1	2	X	X
144606889	56633979	32	F	9	0	X	517661159
144606890	56633979	36	M	1	1	X	517661116
144606924	56634134	0	F	1	2	X	X
144606925	56634134	32	F	9	0	X	517661145
144606926	56634134	36	M	1	1	X	517661021
144701480	56632505	21	M	1	2	X	X
144701482	56632505	42	F	1	0	X	517668921
144701483	56632505	43	M	1	1	X	517661238
144716515	56632260	10	M	1	5	450100871	X
144716517	56632260	54	F	1	1	X	517668922
144716621	56632308	58	M	1	0	X	517661369
144716622	56632308	54	F	1	1	X	517668891
144716633	56632553	8	M	1	5	450100871	X
144716634	56632553	12	F	1	5	450100876	X
144716637	56632553	54	F	1	1	X	517661138
144716645	56632078	10	M	1	5	450100871	X
144926900	56633983	63	F	1	1	X	X
144926901	56633983	74	M	1	0	X	X
145071493	56633281	31	M	1	0	X	517669033
145071564	56634624	31	M	1	0	X	517668936
145242919	56632455	92	F	1	0	X	X
145638466	56632144	23	M	1	1	X	517661408
145955037	56632617	8	M	1	2	450100871	X
145955038	56632617	31	F	1	0	X	517668907
145955039	56632617	42	M	1	1	X	517668922
145955077	56634740	8	M	1	2	450100871	X
145955079	56634740	42	M	1	1	X	517661372
146033698	56633882	35	M	1	0	X	517661188
146033700	56633882	20	M	1	2	X	517661182
146033701	56633882	18	F	1	2	X	517660989
146081391	56634944	24	M	1	2	X	517661411
146081392	56634944	50	M	1	0	X	517661093
146608154	56634512	84	M	1	0	X	X
146608155	56634512	81	F	1	1	X	X
146700484	56632359	4	M	1	5	X	X
146700487	56632359	31	M	1	2	X	517661330
146711559	56634652	81	M	1	0	X	X
146801657	56633904	49	M	1	0	X	517660980
146801660	56633904	14	F	1	2	450100874	X
147696044	56633549	66	M	1	0	X	X
147696054	56634436	66	M	1	0	X	X
147944749	56632555	66	M	1	0	X	X
147944759	56632886	66	M	1	0	X	X
147944799	56634900	66	M	1	0	X	X
148393063	56633000	57	M	1	1	X	517669030
148393079	56633234	57	M	1	1	X	517661182
148469854	56633997	83	F	1	1	X	X
148596717	56633603	33	F	1	1	X	517668914
148596718	56633603	11	M	1	2	450100876	X
148618752	56633299	63	F	1	0	X	X
148998499	56634706	6	F	1	2	450100872	X
148998501	56634706	2	F	1	2	X	X
148998502	56634706	30	M	1	0	X	517661330
148998724	56633392	6	F	1	2	450100872	X
148998725	56633392	29	F	1	1	X	517661017
148998726	56633392	2	F	1	2	X	X
148998761	56634974	2	F	1	2	X	X
148998762	56634974	30	M	1	0	X	517661324
148998763	56634974	8	F	1	2	450100871	X
148998829	56632236	6	F	1	2	450100872	X
149326378	56634138	83	M	1	0	X	X
149326379	56634138	79	F	1	1	X	X
149326406	56634353	83	M	1	0	X	X
149326407	56634353	79	F	1	1	X	X
149443112	56634119	86	M	1	0	X	X
149859622	56633271	57	M	1	0	X	517668062
150026982	56633884	54	F	1	0	X	517661372
150026983	56633884	57	M	1	1	X	517661330
150026985	56632932	54	F	1	0	X	517660989
150026986	56632932	57	M	1	1	X	517661116
150026993	56632685	22	M	1	2	X	517661213
150080785	56633881	51	F	1	0	X	517668930
150080808	56633004	51	F	1	0	X	517668695
150143886	56632528	13	F	1	3	450100876	X
150143888	56632528	27	F	1	0	X	517661325
150143889	56633212	13	F	1	3	450100876	X
150143891	56633212	27	F	1	0	X	517661188
150143907	56634537	13	F	1	3	450100876	X
150143909	56634537	27	F	1	0	X	517660989
150230104	56635087	51	F	1	0	X	517661168
150230105	56635087	19	F	1	2	X	517661093
150230106	56635087	51	M	1	1	X	517661145
150330627	56634778	28	F	1	0	X	517661019
150330630	56634778	7	M	1	2	450100871	X
150361357	56634963	20	F	1	2	X	517661093
150361359	56634963	49	M	1	0	X	517661330
150422317	56632141	50	F	1	0	X	517661146
150572994	56634879	86	F	1	0	X	X
150595740	56634236	76	M	1	1	X	X
150971383	56632171	88	F	1	4	X	X
150971406	56634508	60	F	1	1	X	X
150971415	56632436	60	F	1	1	X	X
150971417	56632436	63	M	1	0	X	X
150982040	56634365	7	M	1	2	450100871	X
151045249	56632972	52	M	1	0	X	517668930
151045250	56632972	53	F	1	1	X	X
151225513	56633320	64	M	1	0	X	X
151337667	56634390	17	F	1	2	450100874	517510920
151586547	56633053	34	F	6	1	X	517661257
151586567	56632464	34	F	6	1	X	517668930
151641518	56632386	63	F	1	1	X	X
151641519	56632386	64	M	1	0	X	517661330
151641556	56633889	63	F	1	1	X	X
151641557	56633889	64	M	1	0	X	517661297
151799104	56632163	40	F	1	0	X	517668921
151799144	56632581	40	F	1	0	X	517661396
152174176	56632216	59	F	1	1	X	517668939
152184519	56633901	60	M	1	1	X	517661188
152533077	56634995	11	M	1	2	450100876	X
152533078	56634995	41	M	1	0	X	517666962
152533079	56634995	39	F	1	1	X	517661372
152533080	56634995	17	M	1	2	450100874	517666962
152533081	56634995	15	M	1	2	450100874	X
152533097	56633272	11	M	1	2	450100876	X
152533100	56633272	17	M	1	2	450100874	517661372
152533101	56633272	15	M	1	2	450100874	X
152654350	56633357	11	M	1	2	450100876	X
152654352	56633357	33	F	1	0	X	517661165
152654354	56633357	14	M	1	2	450100874	X
152661759	56634094	84	F	1	0	X	X
152744240	56634074	19	F	1	2	X	X
152744242	56634074	54	M	1	0	X	517669026
152787220	56634905	64	F	1	0	X	X
152920738	56633785	72	F	1	0	X	X
153292086	56634590	64	F	1	0	X	517661093
153641260	56633023	22	F	1	9	X	517661327
153641271	56634538	25	F	1	0	X	517661355
153641288	56633273	22	F	1	9	X	517661093
153641289	56633273	25	F	1	0	X	517660989
154183038	56634253	68	M	1	0	X	X
154202635	56632716	5	F	1	12	X	X
154202636	56632716	0	M	1	2	X	X
154202637	56632716	23	F	1	1	X	X
154476770	56634572	22	M	1	0	X	517661330
154548531	56634930	56	F	1	0	X	517661161
155047397	56632869	52	F	1	0	X	X
155047398	56632869	57	M	1	1	X	517668936
155222329	56634276	92	F	1	0	X	X
155248815	56634490	87	F	1	0	X	X
155690597	56632185	12	F	1	2	450100876	X
155720675	56634908	12	F	1	2	450100876	X
155836034	56634403	46	M	1	0	X	517661238
155836035	56634403	69	F	1	1	X	517661146
156091288	56634333	12	F	1	2	450100876	X
156091309	56633753	6	M	1	2	450100871	X
156194928	56634524	17	F	1	2	450100874	X
156194931	56634524	17	M	1	2	450100874	X
156197903	56633333	24	M	1	2	X	517668924
156197905	56633333	50	F	1	0	X	517669034
156197966	56633229	47	M	1	1	X	517661146
156197968	56633229	19	F	1	2	X	517668922
156801788	56634865	74	M	1	10	X	517661093
156801795	56634362	61	F	1	0	X	517660989
157218477	56632848	26	F	1	0	X	517661315
157283993	56634201	65	F	1	0	X	517668930
157340247	56632229	77	M	1	0	X	X
157574249	56635025	36	F	1	0	X	517661409
157819238	56632910	92	F	1	0	X	X
157887795	56632299	56	M	1	0	X	517669033
157919407	56632573	4	F	1	2	450066968	X
157970082	56634363	63	F	1	1	X	517661188
157970083	56634363	68	M	1	0	X	X
157970084	56633377	63	F	1	1	X	517661216
157970136	56634566	63	F	1	1	X	517661074
157970137	56634566	68	M	1	0	X	X
158200784	56634199	73	F	1	1	X	517661297
158200785	56634199	81	M	1	0	X	X
158216201	56633831	52	M	1	8	X	517661330
158216202	56633831	53	M	1	8	X	517661134
158216826	56634707	59	F	1	1	X	517669026
158216827	56634707	53	M	1	0	X	517661400
158216830	56633820	59	F	1	1	X	517501751
158216831	56633820	53	M	1	0	X	517661069
158286038	56632788	6	F	1	2	450100872	X
158286040	56632788	3	F	1	11	X	X
159233988	56634561	78	F	1	0	X	X
159426980	56634691	13	M	1	2	450100876	X
159426981	56634691	39	M	1	1	X	517661372
159426983	56633490	36	F	1	0	X	517661330
159427110	56632149	15	F	1	2	450100874	X
159427113	56632149	39	M	1	1	X	517661165
159427147	56633465	36	F	1	0	X	517661325
159427148	56633465	13	M	1	2	450100876	X
159442765	56632539	46	F	1	0	X	X
159442782	56634435	50	M	1	8	X	517661388
159552176	56633262	41	F	1	0	X	517661381
159552178	56633262	23	F	1	2	X	517661073
159552183	56633400	47	M	1	1	X	517660999
159612461	56632995	84	F	1	0	X	X
159612462	56634108	84	F	1	0	X	X
159612472	56634432	84	F	1	0	X	X
159635837	56633582	42	M	1	0	X	X
159892677	56634381	69	M	1	0	X	X
160345533	56632422	26	M	1	10	X	517661391
160444155	56632793	56	F	1	0	X	517661350
160450365	56632419	44	F	1	0	X	X
160450366	56632419	65	M	1	10	X	X
160577608	56633770	49	M	1	0	X	517661012
160577610	56633315	49	M	1	0	X	517661165
160890270	56633693	57	M	1	0	X	X
160954860	56633682	3	F	1	2	X	X
160954862	56633682	24	F	1	0	X	X
160954863	56633682	25	M	1	1	X	517661146
160954864	56634679	3	F	1	2	X	X
160954865	56634679	1	M	1	2	X	X
160954866	56634679	24	F	1	0	X	X
160954897	56634076	1	M	1	2	X	X
160954899	56634076	25	M	1	1	X	517661188
160954904	56633829	3	F	1	2	X	X
160954907	56633829	25	M	1	1	X	517660989
161013691	56634705	59	F	1	1	X	X
161013692	56634705	71	M	1	0	X	517668922
161013694	56633681	71	M	1	0	X	517667953
161013724	56632946	71	M	1	0	X	517668913
161472643	56633466	50	F	1	1	X	517661297
161472645	56633466	24	M	1	2	X	517660989
161707830	56634099	85	F	1	0	X	X
161895280	56633862	45	M	1	0	X	517661054
161921313	56632955	73	F	1	0	X	X
161970705	56634514	4	F	1	12	X	X
161970706	56634514	27	M	1	0	X	517661205
161970717	56634591	4	F	1	12	X	X
161970719	56634591	23	F	1	1	X	517661330
162180318	56634858	49	M	1	0	X	517661380
162180319	56634858	16	M	1	12	450100874	X
162180334	56633418	16	M	1	12	450100874	X
162213065	56634808	54	F	1	1	X	517661326
162227915	56634841	54	M	1	1	X	517661297
162227916	56634841	48	F	1	0	X	517666808
162549587	56633602	60	M	1	0	X	517502576
162883497	56634375	52	M	1	1	X	517661409
162883525	56634444	52	M	1	1	X	517661267
162912772	56632540	18	F	1	10	X	X
162912773	56632540	19	M	1	0	X	517788489
162912778	56632363	18	F	1	10	X	X
162912779	56632363	19	M	1	0	X	517661345
162912829	56634308	19	M	1	0	X	517661028
162912842	56633618	18	F	1	10	X	X
162912843	56633618	19	M	1	0	X	517661335
162914744	56632558	27	M	1	1	X	517661126
162914747	56632558	6	M	1	2	450100872	X
162914748	56632558	7	M	1	2	450100871	X
162914787	56634777	3	M	1	2	450099883	X
162914789	56634777	6	M	1	2	450100872	X
162914790	56634777	7	M	1	2	450100871	X
162914791	56634777	28	F	1	0	X	517661302
162914805	56635082	3	M	1	2	450099883	X
162914809	56635082	28	F	1	0	X	517661044
163510528	56633096	61	M	1	0	X	517661094
163647960	56634082	55	F	1	0	X	517660992
163662691	56632429	60	F	1	0	X	X
163662692	56632429	55	M	1	1	X	X
164553264	56633060	67	F	1	0	X	X
164736266	56632400	25	F	1	1	X	517668924
164848520	56632147	61	M	1	0	X	517661330
164883153	56634518	59	F	1	0	X	X
164883169	56634462	59	F	1	0	X	X
164883172	56635048	9	M	1	7	450100871	X
165192746	56633478	86	F	1	0	X	X
165564766	56632654	52	M	1	1	X	517661146
165564785	56633741	63	F	1	0	X	517661115
166204812	56634676	40	F	1	1	X	517661028
166244443	56632280	68	F	1	0	X	517661264
166277961	56634534	80	M	1	0	X	X
166308144	56634042	44	M	1	1	X	517661227
166308145	56634042	45	F	1	0	X	X
166308166	56634745	44	M	1	1	X	517661330
166308167	56634745	45	F	1	0	X	X
166390117	56633325	28	M	1	0	X	517661165
166390131	56634776	28	M	1	0	X	517661028
166464209	56632535	24	M	1	1	X	517661093
166902591	56633875	57	M	1	0	X	517661409
167224467	56634742	71	M	1	1	X	X
167294938	56634051	21	M	1	2	X	517661176
167294939	56634051	19	F	1	2	X	517661237
167462652	56633317	47	M	2	1	X	517661188
167462675	56634468	15	M	3	2	450100874	X
167462677	56634468	45	F	1	0	X	517661219
167530555	56632489	20	F	9	5	X	517668960
167530565	56632572	20	F	9	5	X	517668924
167554570	56632231	40	F	1	2	X	X
167568143	56632165	29	F	1	1	X	517661111
167568144	56632165	35	M	1	0	X	517661215
167568146	56632165	7	F	1	2	450100871	X
167568274	56632468	35	M	1	0	X	517788702
168719084	56633804	55	M	1	0	X	517661180
168926851	56634819	22	M	1	0	X	517661028
168926852	56634819	20	F	1	10	X	517661152
168926918	56633420	20	F	1	10	X	517660990
168933709	56632786	56	M	9	1	X	X
169463416	56634708	31	M	1	2	X	517661227
169686590	56634612	24	F	1	0	X	517661401
169686594	56633751	24	F	1	0	X	517498914
169739366	56632532	37	F	1	0	X	517668930
169739367	56632532	36	M	1	1	X	517661330
169739368	56632532	16	M	1	2	450100874	517661330
169739374	56634541	37	F	1	0	X	517661330
169739375	56634541	36	M	1	1	X	517661165
169739376	56634541	16	M	1	2	450100874	517661076
169950808	56632454	11	M	1	2	450100876	X
170021604	56634206	1	F	1	2	X	X
170021605	56634206	4	M	1	2	450099883	X
170021708	56634784	22	F	1	0	X	517661145
170021738	56634945	22	F	1	0	X	517661323
170021772	56633701	1	F	1	2	X	X
170021773	56633701	4	M	1	2	450099883	X
170021788	56632471	4	M	1	2	450099883	X
170247918	56634414	38	F	1	1	X	517660989
170247919	56634414	13	F	1	2	450100876	X
170247921	56634414	65	M	1	0	X	517661330
170247951	56633760	13	F	1	2	450100876	X
170247953	56633760	65	M	1	0	X	517661411
170635221	56632672	24	M	1	6	X	517661593
170635222	56632672	21	M	1	8	X	517669035
170635225	56632672	52	M	1	0	X	517661165
170830255	56634081	76	F	1	0	X	X
170831878	56632730	57	F	1	0	X	517661176
170954297	56634338	52	F	1	1	X	X
171053961	56632257	48	M	1	0	X	517668891
171053964	56633019	46	F	1	1	X	517668891
171053965	56633019	19	M	1	2	X	X
171053967	56633019	17	M	1	2	450100874	X
171670840	56634430	25	F	1	1	X	517661330
171670841	56634430	1	M	1	2	X	X
171968538	56633963	29	M	1	0	X	517661416
172179830	56632493	16	F	1	2	450100874	517661126
172179831	56632493	47	F	1	0	X	517668936
172414111	56634837	60	F	1	1	X	517660989
172414113	56634837	17	F	1	2	450100874	X
172414147	56632134	60	F	1	1	X	517669033
172414148	56632134	73	M	1	0	X	X
172496443	56632774	56	F	1	0	X	517668913
172919605	56634546	44	F	1	1	X	517661359
172919606	56634546	59	M	1	0	X	X
173382880	56634764	33	F	1	1	X	517668930
173382882	56634764	34	M	1	0	X	517661365
173382888	56634367	33	F	1	1	X	517661188
173430465	56633429	13	M	1	2	450100876	X
173430467	56633429	4	M	2	2	450099883	X
173430468	56633429	0	M	1	5	X	X
173430469	56633429	15	F	1	2	450063600	X
173430471	56633429	41	F	1	0	X	X
173719285	56633387	50	F	1	0	X	517669033
173719288	56634594	49	M	1	1	X	517661297
173878924	56634071	45	M	1	0	X	517660989
174071919	56632198	51	F	1	1	X	517668953
174110549	56633834	66	M	1	0	X	X
174142545	56634891	81	F	1	1	X	X
174142546	56634891	81	M	1	0	X	X
174142563	56634605	81	F	1	1	X	X
174142564	56634605	81	M	1	0	X	X
174142577	56634795	81	F	1	1	X	X
174142578	56634795	81	M	1	0	X	X
174479230	56632707	4	M	1	2	450066968	X
174713810	56632368	77	F	1	0	X	X
174721815	56633265	49	F	1	0	X	517669034
174969208	56632645	36	F	1	0	X	517661165
175576854	56633467	21	F	1	1	X	517668891
176362207	56634813	25	F	1	10	X	517661384
176851233	56632385	78	F	1	1	X	X
176851265	56635046	78	F	1	1	X	X
176851292	56634472	86	M	1	0	X	X
176867926	56633139	50	M	1	0	X	517661137
176867927	56633139	8	M	9	12	450100871	X
176868030	56634407	40	F	1	10	X	517661330
176868093	56634881	40	F	1	10	X	517661372
176868095	56634881	8	M	9	12	450100871	X
176868103	56633036	50	M	1	0	X	517669026
177164057	56633987	56	F	1	1	X	X
177164073	56634262	56	F	1	1	X	X
177553344	56632265	56	M	1	0	X	517661056
177588761	56633994	0	M	1	2	X	X
177588762	56633994	25	M	1	0	X	517661409
177783505	56634632	78	F	1	0	X	X
178586233	56634955	83	F	1	0	X	X
178586236	56632390	83	F	1	0	X	X
178586237	56634231	83	F	1	0	X	X
178586242	56634050	83	F	1	0	X	X
178586270	56634095	83	F	1	0	X	X
178764863	56634704	58	M	1	0	X	517661188
178820998	56632640	56	M	1	1	X	517668924
178820999	56632640	54	F	3	0	X	517668907
178901114	56634540	58	F	1	0	X	517661330
178901132	56633193	58	F	1	0	X	517661093
178901133	56633193	37	M	1	2	X	517661336
179107009	56634949	73	F	1	1	X	X
179107010	56634949	75	M	1	0	X	517661170
179329915	56634456	33	F	1	0	X	517661341
179872783	56633028	70	M	1	0	X	X
179914786	56633854	34	F	8	1	X	X
179914787	56633854	14	M	8	2	450100876	X
179914788	56633854	11	M	8	2	450100876	X
179921847	56632347	59	F	1	0	X	517668933
180047403	56633355	70	F	1	0	X	517661417
180760484	56633538	12	F	1	2	450100876	X
180778281	56634418	0	M	1	2	X	X
180778284	56633837	0	M	1	2	X	X
180907411	56632349	65	F	1	1	X	X
180907412	56632349	65	M	1	0	X	517661102
180907424	56632593	65	M	1	0	X	517661268
180907427	56633296	65	F	1	1	X	X
180907428	56633296	65	M	1	0	X	517661094
181011606	56634957	71	M	1	0	X	X
181915558	56632742	61	M	1	0	X	517668891
181978763	56634383	48	F	1	1	X	517661330
181978764	56634383	50	M	1	0	X	517661099
182846055	56634342	62	F	1	0	X	517661093
183065601	56635080	61	M	1	0	X	517661028
183493314	56632101	17	M	1	2	450100874	X
183612096	56634278	80	F	1	0	X	X
183612097	56633215	80	F	1	0	X	X
183612105	56633105	80	F	1	0	X	X
183652669	56633009	67	F	1	1	X	517661186
183871100	56634406	54	F	1	0	X	517661253
184254750	56634044	68	M	1	0	X	517661138
184259351	56635062	26	M	1	2	X	517661102
184259352	56635062	65	M	1	0	X	517661001
184259353	56635062	23	M	1	2	X	517661330
184259354	56635062	48	F	1	1	X	517661259
184259368	56632890	65	M	1	0	X	517661337
184279970	56632674	31	F	1	0	X	X
184279975	56633477	39	M	1	10	X	517661064
184279976	56633477	31	F	1	0	X	X
184759430	56634670	40	F	1	0	X	517661330
184759431	56634670	11	F	1	2	450100876	X
184759433	56634670	13	M	1	2	450100876	X
185193153	56632879	54	M	1	1	X	517661133
185193172	56633409	49	F	1	0	X	517661416
185495853	56632080	26	F	1	2	X	517661005
185495854	56632080	55	F	1	1	X	517660992
185495855	56632080	59	M	1	0	X	517668899
185719593	56632503	50	F	1	1	X	X
186272027	56632927	51	F	1	1	X	517661177
186272028	56632927	52	M	1	0	X	517668933
186923380	56634684	4	F	1	2	X	X
186923385	56634684	2	M	1	2	X	X
186923506	56634641	4	F	1	2	X	X
186923507	56634641	4	F	1	2	X	X
186923509	56634641	28	F	1	0	X	517661121
187163332	56632738	68	F	1	0	X	X
187163340	56632671	68	F	1	0	X	X
187429499	56632225	58	M	1	0	X	517661219
187429515	56632725	58	M	1	0	X	517661330
187490963	56632305	60	F	1	0	X	X
187491023	56632435	60	F	1	0	X	X
187504159	56632488	80	F	1	1	X	X
187675232	56634785	42	M	1	0	X	517666962
187677865	56635050	51	M	1	0	X	517661330
187680400	56632239	43	M	1	0	X	517661124
187680402	56632239	10	M	1	2	450100871	X
187680404	56632239	3	M	1	2	X	X
187842710	56632799	61	M	1	0	X	517661154
187872096	56633992	58	M	1	0	X	517661074
187872097	56633992	52	F	1	1	X	517660989
187872106	56632773	58	M	1	0	X	517661158
187872107	56632773	52	F	1	1	X	517661054
187949526	56632996	51	F	1	0	X	517668891
188193595	56634531	33	M	1	0	X	517661290
188193601	56632783	33	M	1	0	X	517661297
188193608	56632466	33	M	1	0	X	517661240
188467257	56632743	46	F	9	0	X	X
188467258	56632743	47	M	1	1	X	X
188536257	56634408	9	F	1	2	450100871	X
188785290	56632384	22	M	1	0	X	517661282
188785308	56632560	22	M	1	0	X	517661068
188848448	56634501	21	M	1	0	X	517661146
189103319	56633978	24	F	1	2	X	517661021
189163564	56632790	62	M	1	1	X	517668930
189272096	56634588	32	F	1	0	X	517661188
189687116	56633581	69	F	1	0	X	517661330
189687119	56633267	69	F	1	0	X	517661592
189879707	56632850	53	F	1	1	X	X
190135257	56632190	48	F	1	0	X	X
190204192	56633668	17	F	1	2	450100874	517661093
190204194	56633668	12	F	1	2	450100876	X
190204195	56633668	49	F	1	1	X	517661267
190568913	56633235	85	M	1	1	X	X
190568914	56633235	83	F	1	0	X	X
190568926	56633018	83	F	1	0	X	X
190586615	56634920	24	F	1	0	X	517668632
190586616	56634920	22	M	1	10	X	517668930
190586617	56634920	2	M	1	2	X	X
190752318	56632140	67	M	1	1	X	X
191124647	56633743	2	F	9	2	X	X
191124648	56633743	26	F	1	1	X	517661146
191124649	56633743	26	M	8	0	X	517661279
191752486	56633304	57	F	1	0	X	517668761
191752488	56632675	57	F	1	0	X	517661069
191773368	56632559	65	F	1	1	X	X
191823422	56634661	46	F	1	0	X	517661316
191823423	56634661	46	M	1	1	X	517661186
191823424	56632766	46	F	1	0	X	517669026
191823425	56632766	46	M	1	1	X	517661377
191823428	56633767	46	F	1	0	X	517661409
192024636	56634413	40	M	1	0	X	517661360
192138436	56632809	38	M	1	0	X	517661093
192138437	56632809	9	F	1	2	450100871	X
192138438	56632809	6	M	1	2	450100871	X
192138440	56632437	38	M	1	0	X	517661165
192138441	56632437	9	F	1	2	450100871	X
192138442	56632437	6	M	1	2	450100871	X
192177998	56633368	62	M	1	0	X	X
192232663	56632780	50	M	1	0	X	517661054
192232666	56634994	50	M	1	0	X	517661367
192537856	56633442	76	M	1	0	X	X
192761264	56633015	57	M	1	0	X	517669025
192765768	56634825	7	M	1	2	450100871	X
192765769	56634825	5	F	1	2	450100872	X
192765796	56634246	7	M	1	2	450100871	X
192765821	56634604	5	F	1	2	450100872	X
192765822	56634604	38	M	1	1	X	517661044
192765823	56634604	31	F	1	0	X	X
192765828	56634977	7	M	1	2	450100871	X
192765831	56634977	31	F	1	0	X	X
193255588	56632662	7	F	1	2	450100871	X
193255591	56632662	40	M	1	1	X	517669025
193337952	56634398	45	F	1	0	X	517668584
193439916	56634790	24	F	1	1	X	517661405
193439917	56634790	30	M	1	0	X	517669034
193982769	56632651	18	F	1	0	X	X
193982778	56633583	18	F	1	0	X	X
193982816	56634751	18	F	1	0	X	X
194234969	56634848	93	F	1	0	X	X
194241012	56634585	86	F	1	1	X	X
194241013	56634585	86	M	1	0	X	X
194408423	56634939	28	M	1	9	X	517669026
194408452	56632441	25	M	1	0	X	517661188
194761823	56633771	12	M	1	2	450100876	X
194761826	56633771	14	M	1	2	450100874	X
194761844	56633344	48	F	1	0	X	517661297
194761846	56633344	14	M	1	2	450100874	X
195223518	56633182	41	F	1	10	X	517661083
195223519	56633182	58	M	1	0	X	517661219
195223546	56632899	41	F	1	10	X	517661330
195745171	56634989	22	F	1	0	X	X
195745176	56634666	1	F	1	2	X	X
195745178	56634666	5	F	1	2	450100872	X
196023893	56633323	54	M	1	0	X	517661340
196228887	56634948	45	F	1	0	X	517661280
196843012	56633940	2	F	9	2	X	X
197288424	56632351	1	M	1	2	X	X
197288425	56632351	28	F	1	0	X	X
197288427	56632351	5	M	1	2	450100872	X
197534815	56634799	78	M	1	0	X	X
197534816	56633523	78	M	1	0	X	X
197709645	56634626	42	F	1	0	X	517661330
197709648	56634626	3	M	1	5	X	X
197709649	56634626	44	M	1	1	X	X
197761390	56634077	57	F	1	0	X	517661188
197804655	56634767	13	F	1	2	450100876	X
197804661	56634767	31	M	1	7	X	517661130
197804662	56634767	21	M	1	2	X	517661188
197978971	56634401	82	F	1	0	X	X
198015913	56632238	44	M	1	0	X	517661023
198015914	56632238	46	F	1	1	X	517661177
198015915	56634421	44	M	1	0	X	517661359
198015916	56634421	46	F	1	1	X	517661093
199156555	56633266	73	F	1	0	X	517668895
199624930	56634663	40	F	1	0	X	517661506
199624943	56632713	46	M	1	1	X	517661227
199719585	56633324	79	F	1	0	X	X
199753122	56632262	24	F	1	1	X	517661297
201025332	56634820	50	M	1	0	X	517661188
201149861	56633378	63	M	1	0	X	517668930
201149871	56633051	63	M	1	0	X	517661188
201242819	56633792	47	M	1	0	X	517661064
201242820	56633792	14	F	1	2	450100876	X
201367158	56632525	11	M	1	2	450100876	X
201367159	56632525	28	M	1	0	X	517669032
201367160	56632525	29	F	1	10	X	517660989
201367161	56634779	11	M	1	2	450100876	X
201367162	56634779	28	M	1	0	X	517660989
201367163	56634779	29	F	1	10	X	517661025
201569789	56633703	33	M	1	1	X	517660989
201569790	56633703	39	F	1	0	X	517661129
201842152	56632588	55	F	1	1	X	517661021
202205930	56634513	66	F	1	0	X	517661188
202359623	56633535	2	F	1	2	X	X
202359624	56633535	19	F	1	10	X	X
202359625	56633535	24	M	1	0	X	X
202359743	56633578	2	F	1	2	X	X
202511205	56635089	51	F	1	0	X	517661227
202511208	56635089	14	M	1	2	450100871	X
202511215	56633514	14	M	1	2	450100876	X
202511218	56632765	53	M	1	1	X	517668930
202572493	56632832	68	M	1	10	X	X
202579635	56633569	49	M	1	2	X	517661099
202997294	56632841	52	F	1	10	X	X
202997295	56632841	53	M	1	0	X	517669027
202997299	56632315	53	M	1	0	X	517661165
202997316	56633388	52	F	1	10	X	X
202997317	56633388	53	M	1	0	X	517668930
203473310	56632981	79	F	1	0	X	X
203959372	56632777	13	F	1	2	450100876	X
203959374	56632777	6	F	1	2	450100871	X
204331017	56633813	56	M	1	0	X	517661093
204376114	56632508	53	M	1	0	X	517661030
204376115	56632896	53	M	1	0	X	517661227
204577318	56632373	60	F	1	1	X	517668922
204900337	56632279	65	F	1	1	X	517668792
205523711	56632853	50	M	1	0	X	517661334
205823316	56632369	4	M	1	2	450099883	X
205823355	56632575	33	M	1	0	X	517668930
206091765	56633520	50	M	1	0	X	517661165
206128006	56633241	56	M	1	0	X	517669025
206128009	56633480	52	F	1	1	X	517661138
206320449	56633524	8	M	1	2	450100871	X
206320452	56635032	5	F	1	2	450099883	X
206320453	56635032	8	M	1	2	450100871	X
206320500	56633740	5	F	1	2	450099883	X
206849326	56633082	51	F	1	10	X	X
206849327	56633082	57	M	1	0	X	X
206849352	56632105	86	F	1	4	X	X
206849353	56632105	51	F	1	10	X	X
206849354	56632105	57	M	1	0	X	X
206849473	56633516	51	F	1	10	X	X
206942524	56632551	49	M	1	0	X	517661126
207019051	56632723	52	F	1	0	X	517661188
207167060	56634464	44	M	9	0	X	517661096
207202366	56634941	53	M	1	0	X	517661408
207256959	56634293	80	F	1	0	X	X
207256970	56632474	80	F	1	0	X	X
207370232	56634655	75	F	1	1	X	X
207639818	56634372	17	F	1	2	450100874	517661182
207639820	56634372	43	F	1	0	X	X
207870986	56634089	78	F	1	0	X	X
207870995	56634753	78	F	1	0	X	X
207896134	56632092	71	F	1	0	X	X
207896140	56633887	71	F	1	0	X	X
208027406	56633217	11	F	9	2	450100876	X
208027407	56633217	13	F	9	2	450100876	X
208027437	56632502	35	M	1	1	X	517668962
208027438	56632502	11	F	9	2	450100876	X
208027439	56632502	13	F	9	2	450100876	X
208027461	56632472	35	M	1	1	X	517669029
208027464	56632472	34	F	9	0	X	517668922
208037379	56633735	15	F	9	2	450100874	X
208037380	56633735	36	F	1	0	X	517660999
208037393	56634130	15	F	9	2	450100874	X
208155846	56632365	31	M	1	1	X	517668901
208155848	56632365	10	F	1	2	450100871	X
208155850	56632365	1	M	1	2	X	X
208267023	56634916	13	F	1	2	450100876	X
208267068	56632117	36	F	1	0	X	X
208267070	56632117	35	M	1	1	X	517668933
208285347	56634532	47	M	1	1	X	517661093
208603173	56634285	54	M	1	9	X	517661168
208603174	56634285	23	M	1	0	X	517667429
208603190	56632499	14	M	1	12	450100876	X
208603208	56632342	14	M	1	12	450100876	X
208603209	56632342	54	M	1	9	X	517668962
208837033	56632606	53	F	1	0	X	517660989
208837048	56634694	43	M	1	1	X	517660989
208837077	56632670	53	F	1	0	X	517668936
208837078	56632670	43	M	1	1	X	517661297
208912608	56635033	30	F	1	1	X	X
208912609	56635033	2	F	1	2	X	X
209039928	56632192	60	F	1	1	X	517668939
209039956	56633086	60	F	1	1	X	517668695
209039979	56632130	59	M	1	0	X	517661121
209039998	56633358	60	F	1	1	X	517661020
209039999	56633358	59	M	1	0	X	517661165
209135038	56633633	24	M	1	0	X	517661320
209165853	56634860	23	M	1	0	X	517660976
209165880	56633695	23	M	1	0	X	517661021
209165916	56633920	23	M	1	0	X	517668891
210021153	56635038	51	M	1	0	X	517661330
210117143	56632598	80	F	1	0	X	X
210280018	56632679	64	M	1	0	X	517668953
210280019	56632679	55	F	1	1	X	517669026
210280026	56632357	64	M	1	0	X	517660989
210280027	56632357	55	F	1	1	X	517668891
210308727	56634011	46	M	9	0	X	517661263
210308733	56634022	46	M	9	0	X	517661297
210308765	56632094	46	M	9	0	X	517668922
210308766	56632094	46	F	1	1	X	X
210308768	56632319	46	F	1	1	X	X
210387975	56635073	21	F	1	0	X	517660989
210387976	56635073	25	M	1	10	X	517661188
210387977	56635073	0	M	1	2	X	X
210388033	56634136	25	M	1	10	X	517661012
210388034	56634136	0	M	1	2	X	X
210388038	56633476	21	F	1	0	X	517661188
210388039	56633476	25	M	1	10	X	517661188
210388040	56633476	0	M	1	2	X	X
210388059	56633773	21	F	1	0	X	517661330
210679363	56634857	45	F	1	1	X	517661372
211090856	56632417	73	M	1	0	X	517669035
211090868	56634211	73	M	1	0	X	517661339
211772482	56632610	24	F	1	0	X	517669038
212313248	56634973	49	M	1	0	X	517669030
212313249	56634973	15	M	1	2	450100874	X
212597777	56635029	23	M	1	10	X	517661388
212597778	56635029	19	F	1	0	X	X
212597792	56633473	19	F	1	0	X	X
212847392	56633998	37	M	1	0	X	517668605
213171427	56634221	40	F	1	0	X	X
213171428	56634221	11	M	1	2	450100876	X
213171429	56634221	9	F	2	2	450100871	X
213303914	56632585	77	F	1	0	X	X
213518708	56632966	46	M	1	0	X	517669035
213518731	56632557	16	F	1	2	450063600	517661138
213518732	56632557	46	M	1	0	X	517661084
213518733	56632557	41	F	1	1	X	517661028
213558804	56634517	80	F	1	0	X	X
213862327	56634200	35	F	1	0	X	517668930
213862328	56634200	32	M	1	1	X	517667032
213862329	56634200	9	M	1	2	450100871	X
213959069	56632664	11	F	1	2	450100876	X
214143083	56633608	4	M	1	5	450099883	X
214143085	56633608	26	M	1	6	X	517669035
214543169	56634771	68	F	1	0	X	X
214734553	56632298	66	M	1	0	X	517661085
214851241	56633177	55	M	1	0	X	517661368
215160533	56632324	76	M	1	0	X	X
215160534	56632324	71	F	1	1	X	517661428
215175586	56633080	41	F	1	0	X	517669033
215175588	56633080	18	M	1	2	450100874	517661159
215175591	56633080	14	F	1	2	450100876	X
215175592	56633080	12	M	1	2	450100876	X
215730092	56632191	72	M	1	0	X	X
215795083	56634131	8	F	1	2	450100871	X
215795084	56634131	4	M	1	2	450099883	X
215795090	56634510	47	M	1	1	X	517661380
215795097	56632337	40	F	1	0	X	517660989
215795098	56632337	47	M	1	1	X	517661074
215795099	56632337	8	F	1	2	450100871	X
215795100	56632337	4	M	1	2	450099883	X
215977465	56632172	74	F	1	0	X	X
216043109	56632729	46	F	1	0	X	517668900
216094640	56634954	36	M	1	0	X	517660989
216751952	56633798	23	M	1	0	X	517660989
216751954	56633798	25	M	1	9	X	517661188
216752036	56633512	23	M	1	0	X	517666760
217022640	56633435	27	F	1	2	X	X
217022641	56633435	63	F	1	0	X	517661400
217321807	56632775	48	M	1	1	X	517661398
217390468	56634959	76	F	1	0	X	X
217768998	56632747	74	F	1	0	X	X
217768999	56632747	76	M	1	1	X	X
217873946	56632128	37	M	1	1	X	X
217894254	56634449	10	F	1	2	450100876	X
217894255	56634449	39	M	1	0	X	517661297
217894256	56634449	15	M	1	2	450100874	X
217894258	56634449	17	M	1	2	X	517668930
217907506	56632866	50	F	1	0	X	517661165
217907507	56632866	50	M	1	1	X	517669038
218416135	56632465	75	F	1	0	X	X
218660571	56632806	62	F	1	1	X	517661287
218660572	56632806	60	M	1	0	X	X
219053794	56634520	77	F	1	0	X	X
219304266	56632686	68	M	1	3	X	517668936
219304267	56632686	64	F	1	0	X	517668891
219402678	56633518	62	F	1	1	X	X
219402707	56633765	65	M	1	0	X	X
219402719	56632089	65	M	1	0	X	X
219443742	56634856	87	M	1	0	X	X
220028124	56632106	25	F	1	0	X	517661074
220028125	56632106	27	F	1	9	X	517661074
220028158	56634153	25	F	1	0	X	517661272
220028159	56634153	27	F	1	9	X	517661297
220139973	56635039	0	F	1	2	X	X
220139975	56635039	31	F	1	1	X	X
220537862	56635024	24	M	1	0	X	517661297
220555467	56633985	79	M	1	0	X	X
220809021	56634700	7	M	1	7	450100871	X
220809023	56634700	11	M	1	2	450100876	X
220809025	56634700	36	F	1	1	X	517661171
220969181	56634827	67	F	1	2	X	X
221152156	56632531	4	F	1	2	X	X
221152158	56632531	12	M	1	2	450067304	X
221152160	56632531	11	F	1	2	450067304	X
221152177	56633351	37	F	1	0	X	517661416
221152179	56633351	36	M	1	1	X	517661285
221202662	56632770	58	F	1	1	X	517661124
221202701	56633232	67	M	1	0	X	X
221570865	56632252	44	F	1	0	X	517661077
221570866	56632517	44	F	1	0	X	517668922
221570877	56632333	44	F	1	0	X	517668921
221623731	56632514	28	M	1	0	X	517661165
221623732	56632514	27	F	1	1	X	517668936
221623803	56632608	28	M	1	0	X	517788413
221623804	56632608	27	F	1	1	X	517668930
221623805	56632608	1	F	1	2	X	X
221623843	56634741	28	M	1	0	X	517661188
221623844	56634741	27	F	1	1	X	517661312
221623846	56634741	6	M	1	2	450100871	X
221623859	56632425	28	M	1	0	X	517669033
221623860	56632425	27	F	1	1	X	517668940
221623862	56632425	6	M	1	2	450100871	X
221806376	56633042	52	M	1	0	X	517668930
221933604	56633020	68	M	1	0	X	517668922
222084157	56635040	35	F	1	2	X	X
222084177	56633032	35	F	1	2	X	X
222084178	56633032	61	M	1	0	X	517668911
222084201	56632830	35	F	1	2	X	X
222084205	56634237	35	F	1	2	X	X
222084206	56634237	61	M	1	0	X	517661011
222084208	56634181	61	M	1	0	X	517661239
222084209	56634791	35	F	1	2	X	X
222084210	56634791	61	M	1	0	X	517661129
222308071	56632083	36	M	1	0	X	517668938
222308072	56632083	38	F	9	1	X	517668930
222441616	56633656	54	M	1	0	X	517669033
222510044	56634731	50	M	1	0	X	517661189
222510045	56634731	22	F	1	2	X	517661093
222510047	56634731	23	F	1	2	X	X
222747737	56632538	56	F	1	0	X	X
222747873	56632381	56	M	1	1	X	517669035
222747875	56632381	56	F	1	0	X	X
222962802	56635092	36	F	1	0	X	517661305
222962803	56635092	42	M	1	10	X	517661400
223151102	56634975	37	F	1	1	X	517788475
223336725	56632438	65	F	1	0	X	X
223336733	56634118	65	F	1	0	X	X
223466242	56634127	52	M	1	0	X	517661188
223466255	56632443	48	F	1	1	X	X
223907146	56634027	57	F	1	1	X	517660999
223907147	56634027	51	M	1	0	X	517668895
223907919	56634014	85	M	1	0	X	X
223907950	56632872	80	F	1	1	X	X
223907951	56632872	85	M	1	0	X	X
223914812	56632554	11	M	1	2	450100876	X
223914813	56632554	45	M	1	1	X	517668962
223914815	56632554	9	M	1	2	450100871	X
223914826	56635041	56	F	1	0	X	X
223914830	56635041	9	M	1	2	450100871	X
223980359	56633511	50	M	1	1	X	517661318
223980360	56633511	47	F	1	0	X	517661330
223980365	56634925	50	M	1	1	X	517661091
223980366	56634925	47	F	1	0	X	517661046
224054150	56632882	5	F	1	2	450066968	X
224054152	56632882	37	M	1	0	X	517661188
224128344	56634890	87	F	1	1	X	X
224128353	56633588	93	M	1	0	X	X
224365885	56632949	60	M	1	4	X	X
224365886	56632949	14	M	1	2	450100874	X
224365888	56632949	9	F	1	2	450100871	X
224449208	56632782	69	F	1	0	X	X
224872879	56632207	44	M	1	1	X	517668843
224872882	56632207	44	F	9	0	X	517668930
224872896	56633013	7	M	9	2	450100872	X
224872897	56633013	11	M	9	2	450100871	X
225266045	56632894	26	F	1	1	X	517661026
225266046	56632894	42	M	1	0	X	517669026
225266064	56634239	42	M	1	0	X	517661159
225284537	56632487	43	M	1	0	X	517661165
226104593	56633285	59	F	1	1	X	517669027
226104594	56633285	64	M	1	0	X	517668930
226104606	56632618	64	M	1	0	X	517668936
226928828	56634399	44	F	1	0	X	517661182
226928829	56634399	14	F	1	2	450100874	X
226995946	56634665	59	M	1	0	X	517660989
226995947	56632858	59	M	1	0	X	517661001
226995955	56633366	59	M	1	0	X	517661021
227047957	56632547	10	F	1	2	X	X
227047960	56632547	33	M	1	0	X	517669035
227047986	56634993	34	F	1	1	X	517661506
227047987	56634993	10	F	1	2	X	X
227047988	56634993	8	F	1	2	X	X
227047990	56634993	33	M	1	0	X	517661167
227048017	56632611	10	F	1	2	X	X
227048018	56632611	8	F	1	2	X	X
227048020	56632611	33	M	1	0	X	517661376
227048082	56634953	10	F	1	2	X	X
227048083	56634953	8	F	1	2	X	X
227048085	56634953	33	M	1	0	X	517661388
227167546	56633698	74	M	1	0	X	X
227281592	56633129	7	F	1	2	450100872	X
227281594	56633129	31	F	1	1	X	X
227281595	56633129	0	M	1	2	X	X
227311862	56632681	17	F	1	2	450100874	X
227489167	56632838	13	M	1	2	450100876	X
227489169	56632838	51	M	1	0	X	517661093
227489196	56632986	18	M	1	2	450100874	X
227945468	56634049	93	F	1	0	X	X
228007893	56632842	12	M	1	2	450100876	X
228096816	56632763	47	M	1	0	X	517661207
228096833	56633413	47	M	1	0	X	517498857
228247417	56634460	65	M	1	1	X	517661311
228465106	56633519	69	M	1	0	X	X
228465124	56633810	69	M	1	0	X	X
228923144	56635016	29	M	1	10	X	517666677
228986167	56634306	67	F	1	1	X	X
228986168	56634306	75	M	1	0	X	X
228986181	56632816	67	F	1	1	X	X
228986182	56632816	75	M	1	0	X	X
229149281	56634247	54	F	1	1	X	517661146
229149305	56632843	54	F	1	1	X	517669026
229691802	56634639	71	F	1	0	X	517668936
229691804	56634639	7	M	1	5	450100872	X
229691806	56634639	72	M	1	1	X	X
229691807	56634639	22	F	1	5	X	X
229691845	56633399	50	M	1	2	X	517661330
229691849	56633399	22	F	1	5	X	X
229901039	56633332	18	M	1	2	450100874	X
229901041	56633332	50	M	1	1	X	517669035
229901049	56632145	50	F	1	0	X	517661159
229901050	56632145	50	M	1	1	X	517661093
230218743	56633444	36	F	1	0	X	517661330
230552794	56634438	42	M	1	0	X	517661028
230552795	56634438	36	F	1	1	X	517661045
230736735	56634377	75	F	1	1	X	X
230736754	56634417	78	M	1	0	X	X
230950836	56634446	20	F	1	0	X	517661188
230950837	56634446	22	F	1	9	X	517661088
230950859	56634535	22	F	1	9	X	517661353
230950860	56632407	20	F	1	0	X	517668940
230950861	56632407	22	F	1	9	X	517661330
230975716	56632701	24	M	1	0	X	517668686
230975717	56632701	20	M	1	3	X	517668930
230975718	56632701	25	F	1	3	X	517660990
230975735	56633500	20	M	1	8	X	517661188
230975736	56633500	24	M	1	0	X	517661199
230975737	56633500	20	M	1	3	X	517661021
230975738	56633500	25	F	1	3	X	517660989
230975787	56632453	20	M	1	8	X	517661093
230975788	56632453	24	M	1	0	X	517661504
230975790	56632453	25	F	1	3	X	517668943
230975799	56633410	20	M	1	8	X	517661093
230975800	56633410	24	M	1	0	X	517661330
230975801	56633410	20	M	1	3	X	517661372
230975843	56633626	20	M	1	8	X	517669033
230975844	56633626	24	M	1	0	X	517661151
230975846	56633626	25	F	1	3	X	517661275
230975867	56632614	20	M	1	8	X	517661110
230975868	56632614	24	M	1	0	X	517661381
230975869	56632614	20	M	1	3	X	517661409
230975870	56632614	25	F	1	3	X	517668905
230975884	56633598	24	M	1	0	X	517669027
230975885	56633598	20	M	1	3	X	517661330
230975886	56633598	25	F	1	3	X	517661093
230975891	56632332	20	M	1	8	X	517668891
230975892	56632332	24	M	1	0	X	517661165
231008250	56634634	71	M	1	0	X	X
231008251	56634634	68	F	1	1	X	X
231008252	56634634	29	M	1	5	X	517661263
231182206	56632682	15	M	1	2	450100874	X
231182207	56632682	13	M	1	2	450100876	X
231233013	56633187	42	M	1	0	X	517661028
231518076	56632543	15	F	1	2	450100874	X
231518334	56634685	14	M	1	2	450100874	X
231518450	56632085	14	M	1	2	450100874	X
231518451	56632085	50	F	1	1	X	X
231749442	56634330	10	F	1	2	450100872	X
231749444	56634330	3	M	1	2	X	X
231749484	56634507	10	F	1	2	450100872	X
231749486	56634507	3	M	1	2	X	X
231851381	56634402	55	M	1	1	X	517509981
231851407	56633367	55	M	1	1	X	517661405
232237593	56632445	68	F	1	1	X	X
232777017	56634961	36	M	1	0	X	517668594
232777021	56632603	36	M	1	0	X	517661010
232860905	56632107	13	F	1	2	450100876	X
232860920	56635011	28	M	1	0	X	517661093
232860921	56635011	13	F	1	2	450100871	X
232860923	56635011	32	F	1	1	X	X
233516692	56633554	11	M	1	2	450100876	X
233516693	56633554	40	F	1	1	X	517661316
233516694	56633554	43	M	1	0	X	517661358
233516758	56632354	11	M	1	2	450100876	X
233516759	56632354	40	F	1	1	X	517669034
233516760	56632354	43	M	1	0	X	517661330
233771957	56632601	25	F	1	0	X	517661062
233771958	56632601	0	M	1	2	X	X
233848513	56633078	14	M	1	2	450100874	X
233853823	56632698	46	M	1	1	X	517668696
233853824	56632698	42	F	1	0	X	517661093
233853825	56632698	17	F	1	2	450100874	X
233853826	56632698	8	F	1	2	450100872	X
234078519	56633669	16	M	1	2	X	X
234078521	56633669	39	F	1	0	X	517661020
234078528	56633866	16	M	1	2	X	X
234078530	56633866	39	F	1	0	X	517661171
234117910	56633011	70	F	1	1	X	X
234845038	56632817	62	F	1	0	X	X
234918366	56633933	17	M	1	2	X	X
234918368	56633933	58	M	1	0	X	517661330
234918369	56633933	40	F	1	1	X	517661330
235015939	56632847	45	F	1	0	X	517661165
235046284	56635063	83	F	1	1	X	X
235046285	56635063	85	M	1	0	X	X
235046345	56635021	85	M	1	0	X	X
235062867	56633728	68	F	1	0	X	517661093
235769591	56634940	25	F	1	1	X	X
235769592	56634940	7	F	1	2	450100872	X
235769596	56634940	0	M	1	2	X	X
235769645	56634932	25	F	1	1	X	X
235769648	56634932	1	M	1	2	X	X
235769650	56634932	0	M	1	2	X	X
236106144	56632304	51	M	1	0	X	517669025
236116798	56633879	32	F	1	0	X	517661074
236116799	56633879	15	M	1	2	450100874	X
236116800	56633879	2	M	1	2	X	X
236150073	56634709	5	M	9	2	450099883	X
236150106	56633134	30	F	1	0	X	517668962
236150107	56633134	41	M	3	1	X	517668930
236296441	56632164	68	M	1	0	X	X
236713758	56633568	24	F	1	0	X	517660999
236999248	56632895	51	F	1	1	X	517661408
236999249	56632895	56	M	1	0	X	517661238
237010030	56633959	44	F	1	10	X	517660983
237306916	56634683	60	F	1	1	X	517661075
237306949	56633878	63	M	1	0	X	X
237306950	56633878	60	F	1	1	X	517661253
237499447	56632930	26	M	1	2	X	517669026
237499449	56632930	6	M	1	5	450100872	X
237499450	56632930	30	F	1	2	X	X
237499476	56633634	52	F	1	0	X	517661177
237499478	56633634	80	F	1	4	X	X
237499480	56633634	30	F	1	2	X	X
237612546	56632274	59	M	1	0	X	517668696
237612557	56634792	58	F	1	1	X	517661159
237738271	56633157	54	F	1	0	X	517661377
237738272	56633157	54	M	1	1	X	517668940
237738281	56632959	54	F	1	0	X	517669026
237738283	56632522	54	F	1	0	X	517661028
237738291	56632717	54	F	1	0	X	517661389
237738292	56632717	54	M	1	1	X	517668919
237738306	56633230	54	M	1	1	X	517668955
237851096	56633178	18	F	1	2	450100874	X
237851097	56633178	55	M	1	1	X	517666808
237851142	56633114	53	F	1	0	X	517661093
237851144	56633114	18	F	1	2	450100874	X
237851145	56633114	55	M	1	1	X	517661035
237851166	56634257	53	F	1	0	X	517660992
237851168	56634257	18	F	1	2	450100874	X
237889704	56634226	33	M	1	0	X	X
238098612	56634426	50	F	1	1	X	517661330
238142824	56632162	59	M	1	0	X	517668939
238146565	56634360	38	F	1	0	X	517661247
238279811	56633293	46	M	1	0	X	517661204
238279812	56633293	16	M	1	2	450100874	517669033
238301383	56632301	11	F	1	2	450100876	X
238301384	56632301	39	M	1	0	X	517661318
238301385	56632301	34	F	1	1	X	517661165
238301403	56634047	34	F	1	1	X	517661220
238301416	56632367	11	F	1	2	450100876	X
238301417	56632367	39	M	1	0	X	517661021
238301418	56632367	34	F	1	1	X	517661159
238301453	56634093	39	M	1	0	X	517661134
238301454	56634093	34	F	1	1	X	517661416
238761381	56632520	24	F	1	1	X	517668961
238761406	56634602	27	M	1	0	X	517661391
238761408	56634602	24	F	1	1	X	517669035
238761454	56634847	27	M	1	0	X	517660989
238761455	56634847	5	M	1	2	450099883	X
238761462	56634092	24	F	1	1	X	517661046
238761481	56633160	27	M	1	0	X	517661416
238761483	56633160	24	F	1	1	X	517668930
238761494	56632345	5	M	1	2	450099883	X
238761495	56632345	24	F	1	1	X	517669033
238763699	56633666	29	M	1	9	X	517660989
238763768	56633911	29	M	1	9	X	517661028
238763769	56633911	0	F	1	2	X	X
238763770	56633911	23	F	1	0	X	X
238763825	56632169	29	M	1	9	X	517661069
238763827	56632169	23	F	1	0	X	X
238816147	56633471	40	F	1	1	X	X
238816148	56633471	10	F	1	2	450100872	X
238816149	56633471	8	M	1	2	450100872	X
238973663	56633797	24	M	1	0	X	517668930
238973666	56634600	22	M	1	9	X	517661320
238973715	56633595	24	M	1	0	X	517661165
238973716	56633595	22	M	1	9	X	517661042
239050237	56632810	73	F	1	0	X	X
239242010	56633638	9	M	1	2	450100872	X
239242011	56633638	37	M	1	1	X	517661028
239242012	56633638	36	F	1	0	X	517661093
239299277	56634987	1	M	1	2	X	X
239299279	56634987	25	F	1	0	X	517661146
239299305	56633553	1	M	1	2	X	X
239299306	56633553	27	M	1	1	X	517661377
239299340	56635069	4	M	1	2	X	X
239299343	56635069	25	F	1	0	X	517661165
239350333	56632541	57	M	1	0	X	517661337
239579112	56632405	50	F	1	0	X	X
239866815	56634529	42	F	1	1	X	517661021
239866816	56634529	45	M	1	0	X	517661297
239866817	56634529	12	F	1	2	450100876	X
239866831	56632663	45	M	1	0	X	517669035
239895990	56633550	8	M	1	2	450100872	X
239895991	56633550	2	M	1	2	X	X
239895993	56633550	32	F	1	1	X	517661121
239896002	56633726	8	M	1	2	450100872	X
239896003	56633726	2	M	1	2	X	X
239896005	56633726	32	F	1	1	X	517661093
239896022	56633184	8	M	1	2	450100872	X
239896023	56633184	2	M	1	2	X	X
239896024	56633184	43	M	1	0	X	517668960
239896025	56633184	32	F	1	1	X	517661146
240120500	56633287	59	F	1	1	X	X
240120501	56633287	55	M	1	0	X	517661341
240120512	56632533	59	F	1	1	X	X
240120513	56632533	55	M	1	0	X	517661188
240429050	56632120	64	F	1	0	X	X
240790012	56633277	59	M	1	0	X	517661445
240790013	56633277	23	M	1	2	X	517661330
240831104	56633337	53	F	1	1	X	517668943
240831110	56633814	53	F	1	1	X	517661017
240930049	56632271	45	M	1	0	X	517661071
240930050	56632271	45	F	1	1	X	517668891
240934062	56634329	57	M	1	0	X	517661093
241343343	56633140	25	M	1	0	X	517661093
241343344	56633140	24	F	1	1	X	X
241343345	56633140	5	F	1	2	450099883	X
241610171	56633158	47	M	1	1	X	517661188
241620218	56634029	14	M	1	2	450100874	X
241620219	56634029	11	F	1	2	450100876	X
241620220	56634029	41	F	1	1	X	X
241620222	56634029	17	F	1	2	450100874	X
241685430	56632506	22	M	1	0	X	517668922
241685436	56633454	22	M	1	0	X	517661330
241770817	56633664	63	M	1	0	X	517661188
241980208	56632339	59	M	1	1	X	X
242071028	56632157	60	F	1	0	X	X
242071029	56632157	63	M	1	10	X	X
242199012	56634111	48	F	1	1	X	X
242199084	56632335	48	F	1	1	X	X
242230478	56634893	37	M	1	1	X	517661188
242230490	56634186	37	M	1	1	X	517661188
242230492	56635060	37	M	1	1	X	517661093
242297799	56633807	0	M	1	2	X	X
242297800	56633807	23	M	1	1	X	517661361
242297815	56632478	0	M	1	2	X	X
242297817	56632478	1	M	1	2	X	X
242382587	56634749	23	F	1	10	X	517661093
242382588	56634749	1	M	1	2	X	X
242604334	56634392	88	F	1	0	X	X
242841228	56633424	8	M	1	2	450066968	X
242841230	56633424	41	M	8	0	X	517668922
242841232	56633424	41	F	1	1	X	X
242854934	56632267	56	M	1	0	X	517668930
242876287	56633085	60	F	1	1	X	517661004
243354409	56634599	50	F	1	0	X	X
243524712	56632247	28	M	1	0	X	X
243524722	56632404	2	M	1	2	X	X
243524724	56632404	28	M	1	0	X	X
243543983	56632088	62	F	1	1	X	X
243593849	56633382	18	F	1	2	450100874	517661176
243593850	56633382	48	F	1	1	X	517661372
243593851	56633382	53	M	1	0	X	517669038
243593852	56633382	22	M	1	2	X	517660989
243679769	56633472	24	F	1	1	X	X
243679771	56633472	2	F	1	2	X	X
243679772	56633472	3	F	1	2	450066968	X
243679841	56632179	24	F	1	1	X	X
243960036	56633101	53	F	1	0	X	517661188
244261715	56633625	14	M	1	2	450100876	X
244261718	56633625	44	M	1	0	X	517660980
244283533	56634122	39	M	1	0	X	517661168
244301940	56634616	3	F	3	5	X	X
244301943	56634616	49	F	3	1	X	X
244338941	56633041	51	M	1	0	X	517668960
244532721	56633952	61	M	1	0	X	517661279
244712141	56635068	1	F	1	2	X	X
244712142	56635068	20	M	1	1	X	517661292
244712144	56635068	0	M	1	2	X	X
244712145	56633612	1	F	1	2	X	X
244712146	56633612	20	M	1	1	X	517661188
244712153	56634394	1	F	1	2	X	X
244712155	56634394	21	F	1	0	X	517661330
244712221	56634971	1	F	1	2	X	X
244712224	56634971	0	M	1	2	X	X
244712241	56632627	1	F	1	2	X	X
244712243	56632627	21	F	1	0	X	517666058
244712244	56632627	0	M	1	2	X	X
244712245	56634746	1	F	1	2	X	X
244712246	56634746	20	M	1	1	X	517668944
244795310	56632667	53	F	1	1	X	517669030
244891263	56632999	26	M	1	0	X	517668629
244891288	56632498	26	M	1	0	X	517669026
244971561	56634912	4	F	1	2	X	X
244971584	56634125	6	F	1	2	450100872	X
244971585	56634125	4	F	1	2	X	X
244971588	56634543	4	F	1	2	X	X
244971589	56634543	26	F	1	0	X	517661188
245011311	56632397	27	M	1	1	X	517668977
245045194	56634801	57	F	1	2	X	X
245069124	56634163	3	M	1	3	X	X
245069125	56634163	8	M	1	2	450100872	X
245069128	56634163	13	F	1	2	450100876	X
245402571	56634240	78	F	1	0	X	X
245644940	56632957	55	F	1	1	X	517669034
245644941	56632957	55	M	1	0	X	X
246038037	56633953	63	F	1	0	X	X
246314242	56632628	39	M	1	0	X	517661165
246557148	56634325	80	F	1	0	X	X
246557164	56634897	80	F	1	0	X	X
246700112	56632692	31	F	6	1	X	X
246724552	56634762	38	F	1	0	X	517661188
246724553	56634762	16	F	1	2	450100874	X
247189623	56632629	58	M	1	1	X	X
247439349	56632336	50	M	1	0	X	517661035
247533281	56632388	54	M	1	0	X	517668936
247562811	56635066	61	F	1	1	X	517661130
247562812	56635066	63	M	1	0	X	517661409
247562817	56633641	61	F	1	1	X	517661028
247892069	56633228	59	F	1	1	X	X
247987239	56634966	58	M	1	0	X	517661330
248026934	56635072	59	M	1	0	X	517660980
248026935	56635072	49	F	1	1	X	517669026
248422080	56633254	61	F	1	0	X	X
248422086	56632873	61	F	1	0	X	X
248492885	56632658	45	F	1	7	X	517661282
248492889	56632103	45	F	1	7	X	517661010
248492890	56632103	17	F	1	0	450100874	X
248492902	56633404	17	F	1	0	450100874	X
248991658	56635006	63	M	1	0	X	X
249029489	56633142	18	F	1	2	450100874	X
249029490	56633142	15	F	1	2	450100874	X
249215486	56634214	18	M	1	7	X	X
249215487	56634214	53	F	1	0	X	517668588
249384525	56634467	72	F	1	0	X	X
249780696	56632182	75	M	1	1	X	X
249833556	56633087	14	M	8	2	450100876	X
249833558	56633087	52	M	1	0	X	517661020
249833586	56634152	14	M	8	2	450100876	X
249833587	56634152	55	F	8	1	X	517661164
249833589	56633913	14	M	8	2	450100876	X
249847234	56633047	60	F	1	1	X	517661037
250137535	56633939	71	M	1	0	X	X
250294753	56633615	44	M	1	0	X	517661028
250294755	56633615	47	F	1	1	X	517661199
250294756	56633615	17	F	1	2	450100874	X
250529843	56633827	37	F	1	0	X	X
250529844	56633827	7	M	1	2	450100872	X
250529845	56633827	50	M	1	10	X	517668936
250638862	56632802	48	F	1	0	X	517668946
250692304	56632924	66	M	1	0	X	X
250692305	56632924	66	F	1	1	X	517661424
250692310	56633609	66	M	1	0	X	X
250752404	56632133	67	F	1	0	X	517661330
250779397	56633204	51	F	1	1	X	X
250779404	56633456	55	M	1	0	X	517501751
250808242	56633138	14	M	1	7	450100874	X
250808243	56633138	53	F	1	1	X	X
250825797	56633542	67	M	1	0	X	517661028
250825798	56633542	65	F	1	1	X	X
251039495	56634965	48	F	1	1	X	X
251039496	56634965	21	M	1	2	X	517661188
251039509	56633146	52	M	1	0	X	517661189
251039511	56633146	21	M	1	2	X	517669027
251192401	56633727	23	M	1	0	X	517661062
251193678	56632545	43	F	1	1	X	X
251193679	56632545	10	F	1	2	450100876	X
251271721	56634832	9	M	1	2	450100872	X
251534084	56633066	68	M	1	1	X	X
251534085	56633066	50	F	1	0	X	X
251727555	56634344	67	M	1	0	X	X
251727614	56633291	54	F	1	1	X	517668904
251888977	56634996	16	M	1	2	450100874	X
251889012	56634461	19	F	1	2	X	517668933
251889013	56634461	16	M	1	2	450100874	X
251889014	56634461	48	F	1	0	X	517660989
251966879	56632859	63	M	1	0	X	X
252166918	56633383	60	M	1	0	X	517661023
252166937	56632825	60	M	1	0	X	517668922
252222103	56633003	56	F	1	0	X	517660981
252683156	56633719	15	M	1	2	450100874	X
252683158	56633719	12	M	1	2	450100876	X
252683159	56633719	9	F	1	2	450100872	X
252683160	56633719	43	M	1	0	X	517668933
252720678	56634924	63	M	1	0	X	X
252733465	56632209	0	M	1	2	X	X
252733476	56633672	22	M	1	0	X	517660989
252733477	56633672	0	M	1	2	X	X
252754548	56633123	35	F	1	1	X	517669033
252754549	56633123	11	M	1	2	450100876	X
253176915	56634031	93	F	1	0	X	X
253430340	56633648	74	F	1	1	X	X
254013907	56633339	58	F	1	1	X	517661069
254013908	56633339	60	M	1	0	X	517661074
254023370	56633112	69	M	1	0	X	X
254144323	56632887	68	F	1	0	X	X
254222005	56633345	56	F	1	1	X	X
254222007	56633345	79	F	1	6	X	X
254397598	56634828	11	M	1	2	450100876	X
254397600	56634828	34	F	1	0	X	517666962
255156286	56632208	43	M	1	1	X	517661093
255508362	56634669	85	F	1	0	X	X
255706072	56634161	55	F	1	0	X	X
255706073	56634161	17	M	1	2	450100874	X
255706074	56634161	52	M	1	1	X	517661219
255886968	56632653	50	F	1	1	X	517669033
256020287	56634106	18	M	1	12	X	517661297
256020288	56634106	22	M	1	0	X	517669034
256444249	56632998	34	F	1	0	X	517661192
256444250	56632998	8	M	1	2	450100872	X
256444251	56632998	38	M	1	1	X	517668952
256753295	56634672	12	M	1	2	450100876	X
256982461	56634800	4	F	1	2	X	X
256982462	56634800	23	M	1	10	X	517661165
256982464	56634800	23	F	1	0	X	517661417
257098869	56633661	34	F	1	2	X	517661297
257098870	56633661	57	F	1	1	X	X
257667842	56632399	54	F	1	1	X	517668960
257698982	56633380	17	F	1	2	450100874	X
257802908	56633580	44	M	1	0	X	517661330
257889013	56634562	75	M	1	0	X	X
258283987	56633436	55	M	1	0	X	517668953
258390797	56632665	54	F	1	1	X	X
258390840	56634818	13	M	1	2	450067304	X
258390878	56632379	55	M	1	0	X	517661158
258390879	56632379	11	M	1	2	450067304	X
258612250	56632636	75	F	1	0	X	X
258719205	56634671	70	M	1	0	X	X
259059827	56632552	60	F	1	1	X	X
259059828	56632552	63	M	1	0	X	517660989
259093588	56632905	63	F	1	1	X	517661238
259093595	56633245	60	M	1	0	X	X
259119835	56632635	56	M	1	1	X	X
259119836	56632635	58	F	1	0	X	517668891
259119837	56632635	27	F	1	2	X	X
259288706	56635085	0	F	1	2	X	X
259288708	56635085	27	M	1	0	X	517661196
259503736	56632240	67	M	1	0	X	517668930
259503737	56632240	60	F	1	1	X	517660989
259637225	56634397	86	F	1	0	X	X
259806310	56632136	48	F	1	1	X	517669035
259903292	56633658	20	F	1	10	X	X
259965354	56633437	19	M	1	0	X	X
259965365	56634376	19	M	1	0	X	X
259965404	56633450	19	M	1	0	X	X
259965414	56634252	19	M	1	0	X	X
259965435	56635070	19	M	1	0	X	X
260326140	56633076	82	F	1	0	X	X
260326141	56634133	82	F	1	0	X	X
260455988	56633675	64	M	1	12	X	X
260500616	56632326	18	F	1	2	450100874	517661278
260500617	56632326	2	M	1	5	X	X
260500619	56632326	44	F	1	1	X	X
260503930	56633943	51	M	1	0	X	517661330
260503967	56633225	54	F	1	9	X	517669034
260503968	56633225	51	M	1	0	X	517668943
260503969	56635013	54	F	1	9	X	517666962
260503970	56635013	51	M	1	0	X	517661024
260544503	56634154	1	F	1	2	X	X
260544504	56634154	23	M	1	10	X	517498846
260544523	56633686	1	F	1	2	X	X
260544524	56633686	23	M	1	10	X	517661273
260544525	56633686	21	F	1	0	X	X
260544533	56634327	21	F	1	0	X	X
260544551	56633572	1	F	1	2	X	X
260544552	56633572	23	M	1	10	X	517660991
260544553	56633572	21	F	1	0	X	X
260544554	56633572	1	F	1	2	X	X
260544557	56633503	21	F	1	0	X	X
260544558	56633503	1	F	1	2	X	X
260544590	56632320	1	F	1	2	X	X
260544591	56635055	1	F	1	2	X	X
260544592	56635055	23	M	1	10	X	517661330
260544593	56635055	21	F	1	0	X	X
260544601	56633954	21	F	1	0	X	X
260920131	56633856	66	M	1	0	X	X
260992735	56634815	61	M	1	0	X	X
261076914	56633845	21	F	1	10	X	517660989
261211358	56634587	77	M	1	1	X	X
261225763	56634682	26	M	1	0	X	517661178
261314223	56632233	37	M	1	2	X	517669026
261314224	56632233	62	F	1	0	X	517668930
261314227	56632380	37	M	1	2	X	517661350
261314228	56632380	62	F	1	0	X	517661340
261314229	56632380	38	F	9	12	X	X
261491146	56633551	40	F	1	1	X	517668934
261491148	56633551	2	M	1	2	X	X
261653384	56633893	82	M	1	0	X	517661398
262242507	56632942	46	M	1	0	X	517661021
262242532	56634172	53	F	1	10	X	517661075
262977993	56634550	54	M	1	0	X	517661126
263032632	56633659	72	M	1	0	X	X
263160720	56632975	35	M	1	0	X	517669026
263160722	56632975	4	M	1	2	X	X
263160723	56632975	10	F	1	2	450100872	X
263160724	56632975	33	F	1	1	X	X
263518810	56633863	43	F	1	1	X	517661297
263518811	56633863	46	M	1	0	X	517661330
263518812	56633863	19	M	1	2	X	517668922
263518813	56633863	16	M	1	2	450100874	X
263582907	56632609	45	F	1	0	X	517668936
263582910	56632609	14	F	1	2	450100874	X
263597362	56632318	61	M	1	1	X	517661048
263597363	56632318	60	F	1	0	X	517669035
263597384	56632195	61	M	1	1	X	517661366
263770385	56634734	34	F	1	0	X	517661106
263792574	56634523	40	M	1	0	X	X
263792575	56634523	44	F	1	1	X	517660989
263871119	56633850	48	M	1	0	X	517661330
264906711	56634810	29	F	1	1	X	X
264906731	56633222	29	F	1	1	X	X
264906732	56633222	7	M	1	2	450100872	X
264906735	56633222	10	M	1	2	450100872	X
264906753	56634174	5	F	1	2	450099883	X
264906754	56634174	31	M	1	0	X	517668962
264906755	56634174	10	M	1	2	450100872	X
264924630	56633844	15	M	8	2	450100874	X
264924631	56633844	22	M	8	2	X	517660989
264924632	56633844	20	M	8	2	X	X
265343206	56634812	28	F	1	1	X	517661067
265343208	56634812	29	M	1	0	X	517661292
265343222	56634519	28	F	1	1	X	517661146
265343225	56634519	0	F	1	2	X	X
265568439	56633165	40	M	1	0	X	517661021
266181734	56633044	54	F	1	0	X	517668930
266455636	56632476	17	M	1	2	450100874	X
266632431	56634909	2	F	1	2	X	X
266732249	56633147	61	M	1	0	X	517661347
266827389	56633745	15	F	1	2	450063600	X
266827392	56633745	13	M	1	2	450067304	X
266827394	56633745	44	F	1	1	X	X
266827415	56633354	10	F	1	2	X	X
266827416	56633354	13	M	1	2	450067304	X
266827417	56633354	14	F	1	2	450063600	X
266827419	56634933	15	F	1	2	450063600	X
266827420	56634933	45	M	1	0	X	517661273
266827421	56634933	10	F	1	2	X	X
266963468	56634515	62	F	1	1	X	X
266963469	56634515	73	M	1	0	X	X
266979530	56634720	29	M	1	1	X	517660980
266979531	56634720	2	F	1	2	X	X
266979532	56634720	5	F	1	2	450100872	X
266979534	56634720	0	M	1	2	X	X
267133536	56633781	19	M	1	2	X	517661093
267133537	56633781	48	F	1	0	X	517668891
267375595	56634155	71	F	1	1	X	X
267375601	56633678	71	F	1	1	X	X
267835312	56634190	70	M	1	0	X	X
267927058	56633973	81	F	1	0	X	X
267927076	56635057	81	F	1	0	X	X
268281646	56632965	52	M	1	1	X	517666356
268281648	56632977	52	M	1	1	X	517661182
268439271	56632876	47	F	1	0	X	517661093
268439272	56632876	52	M	1	1	X	517661363
269280615	56632409	59	F	1	0	X	517661178
269688968	56634678	8	F	1	5	450100872	X
269688969	56634678	53	F	1	0	X	517661165
269688971	56634678	48	M	1	1	X	517666507
269688972	56634678	14	M	1	5	450100876	X
269688973	56634678	11	F	1	5	450100876	X
269689003	56633069	8	F	1	5	450100872	X
269689005	56633069	9	M	1	5	450100872	X
269689006	56633069	48	M	1	1	X	517668940
269689007	56633069	14	M	1	5	450100876	X
269911743	56635076	5	M	1	2	450099883	X
269911745	56635076	2	M	1	2	X	X
269989067	56633647	78	F	1	0	X	X
269989068	56634457	78	F	1	0	X	X
270679604	56634440	48	F	1	0	X	X
270689015	56634843	59	M	1	0	X	517661380
270689016	56634843	40	F	1	1	X	517501751
270800064	56634280	11	M	1	2	450100876	X
270800067	56634280	5	M	1	2	450099883	X
270952863	56632431	40	M	1	8	X	X
270967294	56633824	60	M	1	0	X	517660980
271003773	56634839	80	M	1	0	X	X
271003774	56634839	82	F	1	1	X	X
271003823	56632845	80	M	1	0	X	X
271028416	56634249	21	F	1	10	X	517668900
271028417	56634249	26	M	1	0	X	517661146
271028425	56632812	26	M	1	0	X	517661188
271133946	56633173	47	F	1	1	X	517661238
271133947	56633173	50	M	1	0	X	517661021
271402920	56632917	68	F	1	1	X	X
271526236	56634874	33	F	1	0	X	517661173
271526277	56632827	30	M	1	1	X	517668922
271552954	56634292	93	F	1	0	X	X
271552959	56634496	93	F	1	0	X	X
271552967	56633079	93	F	1	0	X	X
271735203	56634718	72	F	1	0	X	X
271735213	56633151	72	F	1	0	X	X
271852426	56633297	70	F	1	1	X	X
271852427	56633297	74	M	1	0	X	517668930
272213608	56634474	80	F	1	0	X	X
272270573	56634664	60	M	1	1	X	517661362
272270574	56634664	59	F	1	0	X	517661146
272677846	56632148	20	F	1	2	X	X
272677848	56632148	44	F	1	1	X	X
272677879	56634040	20	F	1	2	X	X
272677881	56634040	44	F	1	1	X	X
272751486	56633045	58	M	1	0	X	517661045
272751503	56634780	49	F	1	1	X	X
272785464	56633776	46	M	8	9	X	517668962
272785465	56633776	26	F	8	1	X	517661260
272785511	56633744	24	M	8	9	X	517668936
272785515	56633744	26	F	8	1	X	517668952
272785522	56633860	24	M	8	0	X	X
272859533	56634228	51	M	1	0	X	517661408
272859534	56634228	48	F	1	1	X	X
272859545	56634388	51	M	1	0	X	517668930
272859546	56634388	48	F	1	1	X	X
272859572	56633769	48	F	1	1	X	X
272859575	56634557	51	M	1	0	X	517661227
272943860	56633159	33	M	1	0	X	517668066
272943861	56633159	8	M	1	2	450100872	X
273006423	56632596	53	M	1	0	X	X
274092401	56633220	10	F	1	2	450100872	X
274092403	56633220	28	M	1	10	X	517661321
274092422	56633050	10	F	1	2	450100872	X
274092423	56633050	38	F	1	0	X	517661230
274092426	56633799	38	F	1	0	X	517661330
274092477	56634170	38	F	1	0	X	517661129
274092478	56634170	28	M	1	10	X	517660989
274440243	56634109	23	M	1	0	X	517661174
274440244	56634109	1	F	1	7	X	X
274440245	56634109	19	F	1	7	X	517668930
274702082	56632245	10	M	1	2	450100872	X
274702083	56632245	13	F	1	2	450100876	X
274702084	56632245	16	F	1	2	450100874	517661021
274702113	56633846	13	F	1	2	450100876	X
274972715	56633907	19	M	1	2	X	517661320
274972716	56633907	21	F	1	2	X	517661330
274972742	56634928	45	F	1	0	X	517661010
274972744	56634928	21	F	1	2	X	517660999
274972770	56634981	45	F	1	0	X	517661028
274972771	56634981	19	M	1	2	X	517661188
274972935	56633426	19	M	1	2	X	517661093
274972936	56633426	21	F	1	2	X	517661274
274977651	56632402	3	F	8	2	X	X
274977652	56632402	1	F	8	2	X	X
274977654	56632402	27	M	8	1	X	517661285
274977693	56633644	3	F	8	2	X	X
274977694	56633644	1	F	8	2	X	X
275454492	56632881	70	F	1	0	X	X
275454493	56632881	80	M	1	1	X	X
275549732	56632644	67	M	1	0	X	X
275949038	56634984	78	F	1	0	X	X
276123714	56633102	40	F	1	1	X	517668907
276123716	56633102	45	M	1	0	X	517669026
276216305	56632458	37	F	1	1	X	517661188
276216307	56632458	11	M	1	2	450100876	X
276216332	56634035	38	M	1	0	X	517661188
276226539	56632863	57	M	1	0	X	517661373
276226545	56634175	57	M	1	0	X	517661358
276422848	56633778	21	F	1	1	X	517661395
277015668	56634642	89	M	1	1	X	X
277015669	56634642	83	F	1	0	X	X
277658477	56634637	79	M	1	0	X	X
278168184	56633179	33	F	1	0	X	517661322
278168185	56633179	4	F	1	2	450066968	X
278168187	56633179	3	M	1	2	450066968	X
278168205	56634614	4	F	1	2	450066968	X
278168206	56634614	32	M	1	1	X	517660989
278191764	56634766	63	M	1	0	X	517666962
278191765	56634766	36	F	1	2	X	517661202
278191788	56634970	63	M	1	0	X	517661408
278191789	56634970	36	F	1	2	X	517666808
278191790	56634970	64	F	1	1	X	517661188
278273948	56632613	53	M	1	0	X	517661264
278652937	56632331	57	M	1	0	X	517661301
279098163	56633915	31	F	1	1	X	X
279098165	56633915	8	M	1	2	450100872	X
279143790	56634345	76	M	1	1	X	X
279143791	56634345	76	F	1	0	X	X
279256572	56634149	44	M	1	0	X	517661390
279290115	56632909	49	F	1	1	X	517669025
279502972	56633303	57	M	1	1	X	517661146
279502973	56633303	57	F	1	0	X	X
279502994	56632950	57	M	1	1	X	517661330
279502995	56632950	57	F	1	0	X	X
279580683	56632846	58	F	1	0	X	517661372
279618322	56632275	65	M	1	0	X	517661165
279781417	56633376	41	M	1	0	X	517661347
279781433	56633029	41	M	1	0	X	517660980
279781436	56633094	41	M	1	0	X	517669026
279781457	56633808	41	M	1	0	X	517788488
279781470	56632580	41	M	1	0	X	517668961
279781491	56632623	41	M	1	0	X	517669025
279928768	56634610	30	F	1	1	X	517661046
279928771	56634644	3	M	1	2	X	X
279928772	56634644	30	F	1	1	X	517661093
280124439	56632374	72	M	1	1	X	X
280124446	56633786	68	F	1	0	X	X
280124447	56633786	72	M	1	1	X	X
280128935	56633331	39	F	1	1	X	517668930
280128955	56633724	2	F	1	2	X	X
280128956	56633724	39	F	1	1	X	517668930
280128957	56633724	45	M	1	0	X	517661017
280378376	56634309	37	F	1	0	X	X
280378380	56634459	37	F	1	0	X	X
280392115	56632211	57	M	1	1	X	517661227
280392116	56632211	57	F	1	0	X	517661021
280498434	56633452	48	M	1	1	X	517661182
280498436	56633452	14	F	1	2	450100876	X
280771310	56632804	54	F	1	1	X	517660989
280771311	56632804	56	M	1	0	X	517669033
281006908	56633084	22	M	1	2	X	517668962
281014471	56634479	7	M	1	2	450100872	X
281014472	56634479	42	F	1	1	X	517661372
281014473	56634479	46	M	1	0	X	517668958
281014474	56634479	13	M	1	2	450100876	X
281014523	56633211	7	M	1	2	450100872	X
281014524	56633211	42	F	1	1	X	517661428
281014548	56634178	42	F	1	1	X	517661388
281014550	56634178	13	M	1	2	450100876	X
281110497	56634227	7	M	1	5	450100872	X
281110498	56634227	49	F	1	0	X	517669033
281110509	56633301	7	M	1	5	450100872	X
281110510	56633301	49	F	1	0	X	517661416
281110511	56633301	35	M	1	10	X	X
281159086	56633521	54	F	1	0	X	517661332
281159090	56632272	54	F	1	0	X	517660989
281159115	56632370	54	F	1	0	X	517661174
281609222	56634607	52	F	1	1	X	517661159
281786252	56633090	46	F	1	1	X	517668977
281979034	56632432	69	M	1	1	X	X
282215026	56632151	81	F	1	1	X	X
282215027	56632151	87	M	1	0	X	X
282271735	56633396	54	M	1	0	X	X
282271736	56633075	55	F	1	1	X	517668930
282900513	56633843	74	F	1	0	X	X
283281973	56632791	66	M	1	0	X	517668922
283281974	56632791	62	F	1	1	X	517661276
283308433	56634615	85	M	1	0	X	517661330
283716141	56633890	64	F	1	0	X	517501751
283942233	56634008	46	M	1	1	X	517661416
283942234	56634008	43	F	1	0	X	517668668
283942298	56634182	15	F	1	2	450100874	X
283942300	56634182	43	F	1	0	X	517661372
283977802	56634972	40	M	1	2	X	517661416
283991266	56635007	60	M	1	1	X	X
284142766	56634861	6	M	1	2	450100872	X
284345464	56633214	38	M	1	0	X	517661188
285025922	56632767	58	M	1	0	X	517661312
285025938	56633623	58	M	1	0	X	517661093
285025939	56633623	51	F	1	1	X	517668943
285216883	56632457	66	F	1	1	X	517661239
285216884	56632457	72	M	1	0	X	X
285597283	56633414	52	F	1	0	X	517661409
285597285	56633414	47	M	1	10	X	517661416
285726356	56632248	23	F	1	0	X	X
285726357	56632248	24	M	1	1	X	517661289
285841462	56632829	51	M	1	1	X	517665721
285841463	56632829	54	F	1	0	X	517661001
286056005	56633336	52	F	1	0	X	517661276
286056006	56633336	54	M	1	1	X	517668922
286091919	56633171	56	M	1	1	X	517665905
286091920	56633171	51	F	1	0	X	517661165
286254364	56632398	26	M	1	9	X	517668891
286254432	56633596	22	F	1	0	X	517661297
286254434	56633596	25	M	1	1	X	517668932
286334150	56634492	21	M	1	8	X	517661288
286334152	56634492	20	M	1	8	X	517661067
286334205	56633694	20	M	1	0	X	517661074
286334210	56635056	21	M	1	8	X	517661311
286334212	56635056	20	M	1	8	X	517661372
286334223	56633759	20	M	1	0	X	517661093
286494237	56633534	38	F	1	0	X	517661181
286494238	56633534	16	M	1	2	450100874	517661165
286494279	56633111	18	M	1	2	X	517668922
286494280	56633111	41	M	1	1	X	517668943
286494285	56634509	38	F	1	0	X	517666808
286494287	56634509	18	M	1	2	X	517661093
286494288	56634509	41	M	1	1	X	517661388
286551564	56634195	75	F	1	1	X	X
286551565	56634195	79	M	1	0	X	X
286551584	56634536	75	F	1	1	X	X
286551585	56634536	79	M	1	0	X	X
286732690	56632900	41	M	1	0	X	517661090
286732691	56632900	40	F	1	1	X	517661313
286800169	56633058	57	F	1	1	X	517669024
286800170	56633058	58	M	1	0	X	517668962
286813493	56634914	59	M	1	1	X	517661093
286813496	56634914	0	F	1	5	X	X
286813498	56634914	55	F	1	0	X	517661372
286813499	56634914	28	M	1	2	X	517661346
286847639	56634156	85	M	1	1	X	X
286975184	56633537	61	M	1	0	X	517661072
286975185	56633537	67	F	1	1	X	X
286975188	56632561	61	M	1	0	X	517668930
287352655	56633840	23	M	1	8	X	517661021
287352656	56633840	29	M	1	8	X	517661093
287352657	56633840	0	M	1	2	X	X
287352658	56633840	24	F	1	1	X	X
287352659	56633840	22	M	1	0	X	517661194
287382495	56632971	67	M	1	0	X	517668930
287382496	56632971	62	F	1	1	X	517668687
287477054	56633419	0	M	1	2	X	X
287477055	56633419	1	F	1	2	X	X
287477056	56633419	42	F	1	1	X	X
287477057	56633419	54	M	1	0	X	517661095
287552131	56634411	60	M	1	9	X	X
287560977	56633236	17	M	1	2	450100874	X
287560978	56633236	36	F	1	0	X	517668930
287560988	56632154	36	F	1	0	X	517661416
287633049	56635043	34	F	1	0	X	517667252
287633050	56635043	10	M	1	2	450100872	X
287633051	56635043	8	M	1	2	450100872	X
288135773	56632393	35	F	1	0	X	517661023
288135774	56632393	16	F	1	2	450100874	X
288135970	56635019	9	F	1	2	450100872	X
288401690	56633993	53	M	1	0	X	517661330
288551552	56634733	26	M	1	1	X	517661179
288623934	56632597	22	F	1	2	X	517661054
288623935	56632597	50	F	1	1	X	517668815
288623936	56632597	49	M	1	0	X	517661021
288718554	56634296	21	M	9	0	X	517668922
289114963	56632693	65	F	1	1	X	X
289272162	56632923	62	F	1	0	X	X
289298862	56635083	61	F	1	0	X	517669034
289749050	56634323	67	M	1	0	X	517661188
289749054	56633779	67	M	1	0	X	517661188
289749064	56634107	67	M	1	0	X	517661330
289749135	56633462	51	F	1	1	X	517661134
289749136	56633462	67	M	1	0	X	517661318
289782571	56634379	41	F	1	0	X	517661012
289782588	56634620	7	F	8	2	450100872	X
290210115	56632253	2	F	1	2	X	X
290210117	56632253	28	M	1	1	X	X
290210118	56632253	5	F	1	2	450100872	X
290495114	56633680	5	F	1	2	X	X
290495115	56633680	33	F	1	1	X	517669030
290737004	56634950	44	F	1	0	X	517661188
291272398	56634048	79	F	1	0	X	X
291272402	56633326	79	F	1	0	X	X
292337911	56632210	23	F	1	0	X	X
292337913	56632210	3	F	1	2	X	X
292401613	56633025	48	F	1	0	X	517661088
292401614	56633025	17	M	1	2	450100874	X
292516140	56634721	44	M	1	0	X	X
292579996	56632753	52	F	1	1	X	X
292850607	56633169	18	M	1	2	450100874	X
292850608	56633169	62	M	1	0	X	517661126
292850610	56633169	29	M	1	12	X	517661093
292850630	56632433	29	M	1	12	X	517661321
292850632	56632266	62	M	1	0	X	517661021
292850634	56632266	29	M	1	12	X	517668913
292850643	56634275	18	M	1	2	450100874	X
292879310	56633263	36	M	1	1	X	517661176
292941612	56632100	46	M	1	0	X	517661268
293245509	56633189	52	F	1	0	X	517668930
293245510	56633189	55	M	1	1	X	517661188
293249124	56633486	17	M	1	2	450100874	X
293249125	56633486	15	M	1	2	450100874	X
293665755	56635090	50	M	1	0	X	517661381
293665761	56634807	50	M	1	0	X	517661054
293928114	56633022	66	M	1	0	X	X
294812622	56635018	1	F	1	2	X	X
294812623	56635018	29	M	1	0	X	517661313
294828271	56634475	39	F	1	0	X	X
294828279	56634183	39	F	1	0	X	X
294890893	56634911	30	F	1	1	X	X
294890894	56634911	34	M	1	0	X	517668907
294890918	56632898	34	M	1	0	X	517661200
294930881	56632160	10	F	1	2	450100876	X
294930882	56632160	45	F	1	0	X	517668921
294930883	56632160	16	M	1	2	X	517661033
294930886	56632711	45	F	1	0	X	517668900
294930887	56632711	16	M	1	2	X	517668930
294930888	56632711	13	M	1	2	450100876	X
294948655	56635077	61	F	1	0	X	517661093
295004488	56633379	31	M	1	0	X	517668859
295004490	56633379	5	M	1	2	450099883	X
295349326	56634596	26	M	1	0	X	517661372
295349327	56634596	0	M	1	2	X	X
295994242	56632840	51	F	1	0	X	X
296639900	56634313	61	F	1	1	X	X
296639901	56634313	78	M	1	0	X	X
296639918	56634713	61	F	1	1	X	X
296639919	56634713	78	M	1	0	X	X
296639946	56634758	61	F	1	1	X	X
296639947	56634758	78	M	1	0	X	X
297101622	56635086	3	F	1	12	450099883	X
297101623	56635086	26	M	1	0	X	517661093
297101624	56635086	23	F	1	10	X	X
297101669	56634618	23	F	1	10	X	X
297172270	56634866	34	F	1	1	X	517661106
297172272	56634866	1	F	1	2	X	X
297172302	56634788	34	F	1	1	X	517661093
297172303	56634788	3	M	1	2	X	X
297172304	56634788	1	F	1	2	X	X
297172305	56634788	35	M	1	0	X	517660999
297393468	56632286	55	M	1	0	X	517668693
297843351	56632933	65	M	1	0	X	517661331
297843352	56632933	57	F	1	1	X	517661362
297843373	56632839	65	M	1	0	X	517661126
297843399	56634772	65	M	1	0	X	517661330
297962560	56634063	8	F	1	2	450100872	X
297962561	56634063	7	M	1	2	450100872	X
297962563	56634063	35	M	1	0	X	517661235
297962632	56632230	8	F	1	2	450100872	X
297962679	56633510	13	M	1	2	450100874	X
297962681	56633510	7	M	1	2	450100872	X
297962740	56632913	8	F	1	2	450100872	X
298017573	56633932	73	F	1	0	X	X
298062333	56633438	4	F	1	2	450099883	X
298062334	56633438	39	M	1	1	X	517669026
298062408	56633546	9	F	1	2	450100872	X
298062409	56633546	4	F	1	2	450099883	X
298062410	56633546	39	M	1	1	X	517661408
298535892	56632109	69	F	1	0	X	517669028
298568192	56634145	55	M	1	0	X	517660989
298723480	56634343	86	F	1	0	X	X
298919857	56633447	53	F	1	1	X	517661160
298919858	56633447	48	M	1	0	X	517661044
298919871	56633144	53	F	1	1	X	517668695
299106545	56634833	81	M	1	0	X	X
299106546	56634833	78	F	1	1	X	X
299118578	56633421	79	M	1	0	X	X
299288829	56633335	60	M	1	0	X	517668922
299630636	56632980	55	F	1	0	X	517661021
299630637	56632980	49	M	1	1	X	517661005
299734607	56634926	74	M	1	0	X	X
299734608	56634926	73	F	1	1	X	X
300001933	56634579	3	M	1	2	X	X
300001935	56634579	30	M	8	1	X	517661323
300576044	56633194	50	M	1	0	X	517661330
301215405	56632423	39	F	1	0	X	517668943
301215406	56632423	42	M	1	1	X	517668909
302354564	56632993	2	M	1	2	X	X
302360991	56633198	26	F	1	1	X	X
302494594	56633106	52	M	1	0	X	517660977
302639725	56632928	52	M	1	0	X	517661093
302639726	56632928	23	M	1	12	X	517661257
302639747	56634416	52	M	1	0	X	517661188
302639757	56633231	52	M	1	0	X	517661256
302639758	56633231	23	M	1	12	X	517666352
302679449	56632902	2	M	1	2	X	X
302679451	56632902	27	M	1	0	X	517661330
302679470	56633115	2	M	1	2	X	X
302679471	56633115	21	F	1	1	X	X
302679472	56633115	27	M	1	0	X	517661118
302893528	56633061	58	F	1	1	X	X
302936709	56634724	18	M	1	7	X	X
302936740	56632868	27	M	1	0	X	517668940
302936745	56632748	18	M	1	7	X	X
303052069	56634143	56	F	5	1	X	517661188
303052070	56634143	60	M	1	0	X	517660989
303052102	56633830	60	M	1	0	X	517661021
303082202	56633715	54	M	1	0	X	517661409
303082208	56633780	54	M	1	0	X	517661373
303244790	56634947	57	F	1	0	X	517661188
303258792	56633528	57	F	1	0	X	X
303258793	56633528	55	M	1	1	X	517661200
303295412	56634059	75	M	1	0	X	X
303417996	56632940	62	M	1	1	X	X
303527489	56634346	45	F	1	1	X	517661188
303527492	56634346	15	M	1	2	450100874	X
303543047	56634533	53	M	1	0	X	517661111
303543049	56634188	53	M	1	0	X	517661341
303543054	56632312	53	M	1	0	X	517668792
303650362	56634410	16	F	6	2	450100874	X
303650364	56634410	21	F	6	2	X	X
303650365	56634410	57	F	1	0	X	517661381
303650366	56634410	58	M	1	1	X	517661409
303704624	56632490	51	F	1	1	X	517668859
303704625	56632490	19	F	1	2	X	X
303704653	56634176	19	F	1	2	X	X
303704654	56634176	54	M	1	0	X	517661188
303738710	56635061	81	F	1	0	X	X
303858909	56634084	54	F	1	0	X	517661084
304345621	56632383	58	F	1	1	X	X
304426987	56632223	41	M	1	0	X	517668930
304426989	56632223	8	F	1	2	450100872	X
304427030	56633750	2	F	1	2	X	X
304427033	56633750	8	F	1	2	450100872	X
304533415	56633561	48	M	7	0	X	517661188
305262687	56632396	54	F	1	1	X	517661146
305262688	56632396	54	M	1	0	X	517661376
305347700	56633896	79	M	1	1	X	517661207
305635337	56634437	4	M	1	2	450066968	X
305635340	56634437	39	F	1	0	X	517661155
305820500	56632469	29	M	1	0	X	517661259
305832351	56633430	80	F	1	1	X	X
305832352	56633430	78	M	1	0	X	X
305905923	56634946	3	F	1	2	X	X
305905924	56634946	2	M	1	2	X	X
305905925	56634946	30	F	1	1	X	517666128
305914058	56633359	54	F	1	0	X	517661165
306008273	56633174	25	M	1	2	X	517661238
306395664	56633221	0	M	1	5	X	X
306598796	56632292	4	M	1	2	450099883	X
306598797	56632292	32	F	1	0	X	517661254
306598831	56633417	8	M	1	2	450100872	X
306598833	56633417	32	F	1	0	X	517660987
306615244	56632408	52	M	1	3	X	517661204
306852959	56633526	59	F	1	0	X	517661409
306852961	56632127	59	F	1	0	X	517661269
306852962	56632127	60	M	1	1	X	517661325
306997982	56632131	51	M	1	0	X	517668930
306997983	56632131	45	F	1	1	X	517661400
306998006	56633210	51	M	1	0	X	517667060
306998007	56633210	45	F	1	1	X	517661289
307653384	56632150	64	F	1	0	X	517669031
307712348	56634853	77	M	1	1	X	X
308242965	56632350	38	M	1	0	X	517668936
308330264	56633008	50	M	1	10	X	517661424
308330266	56633008	30	F	1	2	X	517661020
308330289	56632602	1	M	1	5	X	X
308330291	56632602	54	F	1	0	X	517661176
308330308	56633645	50	M	1	10	X	517661188
308330310	56633645	30	F	1	2	X	517661109
308330311	56633645	54	F	1	0	X	517661036
308558503	56632519	6	M	1	2	450100872	X
308558525	56635005	4	M	1	2	450099883	X
308558526	56635005	29	F	1	0	X	517661097
308558576	56634668	33	M	1	1	X	517660989
308615847	56633802	74	F	1	0	X	X
308628227	56632772	56	M	1	0	X	517661093
308628228	56632772	7	F	1	2	450066968	X
308960361	56633910	7	F	1	2	450100872	X
308960362	56633910	7	M	1	2	450100872	X
308960363	56633910	48	F	1	0	X	X
308960366	56633910	14	F	1	2	450100876	X
308960367	56633910	12	F	1	2	450100876	X
309036561	56634797	5	F	1	2	X	X
309036617	56633288	5	F	1	2	X	X
309036618	56633288	28	F	1	0	X	517660995
309036619	56633288	3	F	1	2	X	X
309036620	56633288	30	M	1	1	X	517661297
309036633	56632255	5	F	1	2	X	X
309036634	56632255	28	F	1	0	X	517668943
309036636	56632255	30	M	1	1	X	517668922
309043813	56632702	73	M	1	0	X	X
309043814	56632702	70	F	1	1	X	X
309089395	56632620	59	F	1	0	X	517661188
309170394	56634058	32	M	1	0	X	517660999
309288780	56634601	46	F	1	1	X	517661340
309288783	56634601	49	M	1	0	X	X
309335271	56634487	4	M	1	2	450099883	X
309335272	56634487	27	M	1	0	X	517788534
309335273	56634487	30	F	1	1	X	517661330
309589151	56634681	50	F	1	0	X	517660989
309589152	56634681	11	F	1	2	450100876	X
309785654	56634887	25	F	1	9	X	517668958
309808221	56632916	62	M	1	0	X	517668909
309813732	56633385	34	M	1	0	X	517660999
309862682	56632249	16	F	1	2	450100874	X
309862684	56632249	51	F	1	1	X	517661504
309862698	56634374	16	F	1	2	450100874	X
309862700	56634374	51	F	1	1	X	517661093
309862701	56634374	19	F	1	2	X	517661390
309988260	56632728	59	M	1	0	X	517661407
309988261	56632728	70	F	1	1	X	X
310336808	56633240	52	F	1	0	X	517668930
310336809	56633240	48	M	1	1	X	517661297
310878060	56633445	57	M	1	0	X	517661267
310878061	56633445	51	F	1	1	X	X
310878082	56633249	57	M	1	0	X	517661330
311194296	56632156	56	M	1	1	X	517661129
311194297	56632156	56	F	1	0	X	517661302
311194299	56632826	56	F	1	0	X	517661409
311345112	56633839	13	M	1	2	450100876	X
311345113	56633839	40	M	1	0	X	517660989
311426596	56633548	23	F	1	0	X	517660990
311426600	56632153	23	F	1	0	X	517661062
311576380	56633133	34	F	1	0	X	517661024
311576383	56632283	25	M	1	1	X	517661165
311879454	56634208	88	M	1	0	X	X
312106343	56634354	86	F	1	0	X	X
312318049	56634755	94	M	1	0	X	X
312318050	56634755	86	F	1	1	X	X
312353955	56634577	20	M	1	0	X	X
312353956	56634577	46	F	1	4	X	X
312353963	56632512	20	M	1	0	X	X
312610171	56634662	13	M	1	2	450100876	X
312610175	56633203	13	M	1	2	450100876	X
312610179	56634927	13	M	1	2	450100876	X
312610181	56634927	33	M	1	1	X	517669034
312610248	56634656	11	M	1	2	450100876	X
312610250	56634656	33	F	1	0	X	517661188
312610263	56633167	13	M	1	2	450100876	X
312610264	56633167	11	M	1	2	450100876	X
312610265	56633167	33	M	1	1	X	517668923
312610266	56633167	33	F	1	0	X	517669035
312811866	56633945	25	F	1	1	X	X
312811868	56633945	5	F	1	2	X	X
313229642	56634768	54	F	1	1	X	517666635
313229659	56632954	52	M	1	0	X	517661165
313229660	56632954	54	F	1	1	X	517668930
313371128	56634332	26	M	9	0	X	517660989
313371132	56632912	26	M	9	0	X	517668936
313371134	56634331	26	M	9	0	X	517661008
313371135	56634331	27	F	1	10	X	517661093
313577614	56634297	63	F	1	0	X	X
313603331	56633441	89	M	6	4	X	X
313603423	56633731	89	M	6	4	X	X
313603540	56633917	57	M	6	0	X	517661411
313603585	56633487	89	M	6	4	X	X
313761033	56633852	84	F	1	0	X	X
313761036	56633038	84	F	1	0	X	X
313992030	56634105	79	F	1	1	X	X
313992031	56634105	80	M	1	0	X	X
314078428	56633328	60	M	1	0	X	X
314111021	56632997	70	M	1	1	X	X
314268789	56632659	41	F	1	0	X	517668930
314378343	56634284	52	M	1	0	X	517666325
314378351	56633558	52	M	1	0	X	517661353
314471114	56635091	34	M	1	1	X	517661282
314471116	56635091	13	F	1	2	450100876	X
314471117	56635091	10	M	1	2	450100876	X
314763188	56632855	55	M	1	1	X	517669026
314767415	56632313	64	M	1	0	X	517661340
314767416	56632313	59	F	1	1	X	X
314801371	56632762	52	F	1	1	X	517668943
314801372	56632762	52	M	1	0	X	517668922
314807517	56632377	23	F	1	2	X	517661539
314807520	56632377	49	M	1	0	X	517668894
314807534	56634816	3	M	1	5	X	X
314807535	56634816	46	F	1	1	X	517661146
314847442	56632175	40	M	1	0	X	517661165
314847443	56632175	9	M	1	2	450100872	X
314847446	56632175	0	M	1	2	X	X
314861559	56633905	43	F	1	4	X	X
314861561	56633905	3	F	1	2	X	X
314861563	56633905	24	M	1	1	X	517661372
314861582	56633543	45	M	1	4	X	X
314861585	56633543	3	F	1	2	X	X
314861587	56633543	24	M	1	1	X	517660983
314968745	56633185	52	M	1	0	X	X
315094075	56633853	16	M	1	2	450100874	X
315229989	56634773	13	M	1	2	450100876	X
315229992	56634773	5	F	1	2	450100872	X
315264842	56633360	27	M	1	0	X	517669026
315264843	56633360	23	F	1	10	X	517661021
315265165	56632108	69	M	1	0	X	X
315402832	56634505	60	M	1	0	X	517661302
315402833	56634505	54	F	1	1	X	517661408
315451240	56632648	81	M	1	0	X	517661145
315451241	56632648	78	F	1	1	X	X
315451244	56634904	81	M	1	0	X	517661019
315451245	56634904	78	F	1	1	X	X
315694981	56633256	49	M	1	0	X	517668891
315810866	56633713	65	M	1	1	X	517509958
315810867	56633713	65	F	1	0	X	517661093
315810905	56634649	65	F	1	0	X	517661074
315832300	56633962	22	F	1	0	X	517661146
315832317	56634677	22	F	1	0	X	517661330
316053227	56634692	46	M	1	0	X	517661159
316233902	56633555	75	M	1	0	X	X
316356877	56634597	20	M	1	2	X	517661073
316356906	56632778	17	M	1	2	450100874	X
316356909	56632778	20	M	1	2	X	517668901
316439003	56634918	2	F	1	2	X	X
316439004	56634918	13	F	1	2	450100876	X
316439007	56634918	8	M	1	2	450100872	X
316532992	56632944	68	M	1	0	X	X
317027080	56633027	33	F	1	0	X	517661372
317228856	56634744	16	F	1	2	450100874	517661182
317228857	56634744	51	M	1	1	X	517661204
317540097	56633190	57	M	1	0	X	517660989
318016748	56632116	58	F	1	0	X	517661510
318370084	56632852	63	F	1	4	X	517669032
318370085	56632852	35	F	1	0	X	517661400
318370162	56632196	63	F	1	4	X	517668333
318370166	56632470	63	F	1	4	X	517668687
318750431	56632243	23	M	1	0	X	517668859
318750432	56633990	23	M	1	0	X	517661227
318750448	56633617	23	M	1	0	X	517661021
318750459	56632146	23	M	1	0	X	517668948
318750471	56633453	23	M	1	0	X	517661400
318750473	56633433	23	M	1	0	X	517661015
318750481	56633593	23	M	1	0	X	517661503
318750486	56633455	23	M	1	0	X	517502887
318835835	56633926	18	M	1	5	X	517661051
318998778	56633667	21	F	1	0	X	517661330
319097977	56632329	30	M	1	0	X	517661319
319327565	56633239	10	F	1	2	450100872	X
319327570	56633239	4	M	1	2	X	X
319438490	56634985	57	F	1	1	X	517661188
319969706	56633710	67	M	1	0	X	517661067
319969707	56633646	65	F	1	1	X	X
319969708	56633646	67	M	1	0	X	517661131
319976131	56634621	42	M	1	10	X	517661032
320160113	56632574	31	F	1	1	X	517668700
320160114	56632574	29	M	1	0	X	517661093
320236746	56633056	75	F	1	1	X	X
320236767	56634854	85	M	1	0	X	X
320267472	56632276	49	M	1	0	X	517668922
320267476	56632963	49	M	1	0	X	517669035
320765930	56632960	50	M	1	10	X	X
320778999	56633311	84	F	1	0	X	X
320803354	56634886	72	F	1	0	X	X
320803367	56633700	72	F	1	0	X	X
320803368	56632343	72	F	1	0	X	X
320936344	56632721	83	M	1	0	X	X
320994522	56633748	71	M	1	0	X	X
321215890	56632731	35	M	1	0	X	517661320
321411251	56633348	0	F	2	5	X	X
321411252	56633348	46	M	2	6	X	517669026
321411254	56633348	26	M	1	2	X	517661021
321411256	56633348	24	M	1	2	X	X
321440967	56634423	46	M	1	9	X	517661330
321530640	56632414	15	M	1	2	450100874	X
321530642	56632414	42	M	1	0	X	517661428
321874730	56634017	53	F	1	5	X	517661276
321904895	56633393	74	M	1	0	X	517661319
321904896	56633393	71	F	1	1	X	517661408
321976048	56634739	70	F	1	6	X	X
321976049	56634739	49	M	1	0	X	517661268
321976050	56634739	41	F	8	1	X	X
321976051	56634739	0	F	1	2	X	X
321976081	56633394	49	M	1	0	X	517661093
321976082	56633394	41	F	8	1	X	X
322205238	56634530	53	F	1	0	X	517661093
322205249	56632496	53	M	1	1	X	517661165
322408107	56632394	17	F	9	2	450100874	517669026
322408165	56633545	17	F	9	2	450100874	517661263
322770560	56633787	28	M	1	0	X	517660989
323050447	56632307	62	F	1	1	X	X
323515353	56633749	28	F	1	1	X	X
323598455	56634274	53	M	1	0	X	517661016
323957158	56633627	41	F	1	1	X	517660994
323957162	56633627	18	M	1	2	450100874	X
324262245	56634025	38	F	1	0	X	X
324262246	56634025	16	F	1	2	450100874	X
324366163	56633811	29	M	1	0	X	517668940
324366164	56633811	2	F	1	2	X	X
324366166	56633811	4	M	1	2	X	X
324366167	56633811	2	M	1	2	X	X
324366168	56633811	6	M	1	2	450100872	X
324407715	56633720	77	M	1	0	X	X
324407728	56634606	74	F	1	1	X	X
324407729	56634606	77	M	1	0	X	X
324407742	56632844	74	F	1	1	X	X
324407743	56632844	77	M	1	0	X	X
325034361	56633961	49	F	1	0	X	517661416
325034379	56634335	49	F	1	0	X	517661373
325034380	56634335	61	M	1	1	X	517661320
325420246	56632460	46	M	1	0	X	517661330
325440652	56634859	44	F	1	1	X	517669035
325674602	56633459	80	F	1	1	X	X
325806814	56632562	5	F	1	2	450099883	X
325848928	56633021	69	F	1	0	X	X
325975535	56633947	76	F	1	0	X	X
325975539	56634072	76	F	1	0	X	X
326024507	56633361	46	F	1	0	X	517668936
326053355	56634743	30	F	1	1	X	517661128
326361478	56632968	54	M	1	0	X	517661506
326401349	56632311	18	F	1	0	450100874	X
326401350	56632311	22	M	8	10	X	517661330
326401387	56632677	18	F	1	0	450100874	X
326401388	56632677	22	M	8	10	X	517668923
326401407	56633463	18	F	1	0	450100874	X
326401408	56633463	22	M	8	10	X	517661173
326401411	56632382	18	F	1	0	450100874	X
326401412	56632382	22	M	8	10	X	517661390
326401423	56633859	18	F	1	0	450100874	X
326401426	56633481	22	M	8	10	X	517661282
326452891	56634318	82	F	1	0	X	X
326898541	56633836	65	F	1	1	X	517668955
326898552	56634889	67	M	1	0	X	X
327094349	56634294	46	M	1	1	X	517661188
327094351	56634294	13	M	1	2	450100876	X
327094353	56634294	12	F	1	2	450100876	X
327094399	56633122	46	M	1	1	X	517668697
327094402	56633122	45	F	1	0	X	X
327094403	56633122	12	F	1	2	450100876	X
327163107	56634906	3	F	1	2	X	X
327163109	56634906	6	M	1	2	450100872	X
327163168	56633653	30	F	1	0	X	X
327163175	56633064	3	F	1	2	X	X
327163176	56633064	30	F	1	0	X	X
327163177	56633064	6	M	1	2	450100872	X
327187164	56632215	72	F	1	0	X	X
327187167	56632807	72	F	1	0	X	X
327547283	56634126	53	F	1	0	X	517661259
327636609	56632739	17	M	1	2	450100874	517661330
327636613	56635012	44	F	1	1	X	517661219
327636614	56635012	46	M	1	0	X	517668930
327636615	56635012	17	M	1	2	450100874	517660989
327636679	56633764	44	F	1	1	X	517661093
327636680	56633764	46	M	1	0	X	517661219
327636681	56633764	17	M	1	2	450100874	517661320
327664586	56632546	69	F	1	0	X	X
327664588	56633696	69	F	1	0	X	X
327690858	56634272	70	M	1	1	X	517661188
327690872	56632992	70	M	1	1	X	517661307
327791755	56634352	5	F	1	2	450100872	X
327791756	56634352	31	M	1	1	X	517661400
327791757	56634352	29	F	1	0	X	X
327794853	56632661	74	M	1	0	X	X
327794854	56632661	73	F	1	1	X	X
328166720	56632456	69	F	1	0	X	X
328305513	56632494	40	M	1	0	X	517661093
328305527	56634611	18	F	1	2	X	517661304
328501154	56632704	24	F	1	1	X	517661136
328501165	56634560	23	M	1	0	X	517661227
328501170	56633877	24	F	1	1	X	517668897
328718107	56633119	8	F	1	2	450100872	X
328880872	56633224	76	F	1	1	X	X
329136362	56632976	4	F	1	5	X	X
329136364	56632976	24	F	1	2	X	517661177
329136365	56632976	46	F	1	1	X	517661045
329136514	56632871	4	F	1	5	X	X
329136515	56632871	49	M	1	0	X	517788545
329136516	56632871	24	F	1	2	X	517660989
329136517	56632871	46	F	1	1	X	517661327
329136528	56634851	24	F	1	2	X	517661372
329372903	56633253	62	M	1	0	X	X
329372913	56635001	62	M	1	0	X	X
329372926	56633923	62	M	1	0	X	X
329463050	56632338	72	F	1	0	X	X
329658931	56634951	59	M	1	0	X	517668921
329861406	56633412	2	M	1	2	X	X
329861407	56633412	33	M	1	0	X	517661330
329861461	56632427	2	M	1	2	X	X
329861463	56632427	6	F	1	2	450100872	X
329861465	56632427	4	M	1	2	450099883	X
330162208	56634511	40	M	1	1	X	517661036
330162210	56634511	9	M	1	2	450100872	X
330249529	56632259	62	F	1	0	X	517661198
331261438	56634609	34	M	1	0	X	517661320
331274388	56632734	94	M	1	0	X	X
331274389	56632734	94	F	1	1	X	X
331274409	56633370	94	F	1	1	X	X
331274437	56633071	94	F	1	1	X	X
331420374	56634078	55	F	1	1	X	517661313
331518853	56632768	45	F	1	1	X	517668922
331616391	56632781	29	M	1	0	X	517661016
331996451	56632989	5	F	1	2	450066968	X
331996452	56632989	44	M	1	0	X	517669026
331996468	56635079	44	M	1	0	X	517661093
331996470	56635079	9	F	1	2	450066968	X
332433778	56632630	59	F	1	0	X	X
332467608	56634680	32	F	1	0	X	517669034
332467609	56634680	7	F	1	2	450100872	X
332867811	56633822	73	M	1	0	X	X
332890053	56632268	52	M	1	0	X	X
332901866	56634757	21	F	1	0	X	517661188
332992168	56634703	66	F	1	1	X	X
333093486	56633100	47	F	1	0	X	517668943
333093487	56633100	26	M	1	2	X	517661247
333093489	56633100	21	M	1	12	X	X
333093497	56632994	26	M	1	2	X	517661301
333093499	56632994	21	M	1	12	X	X
333093592	56633292	26	M	1	2	X	517668895
333093594	56633292	21	M	1	12	X	X
333093600	56632795	20	F	1	2	X	X
333093602	56632795	26	M	1	2	X	517661239
333093700	56632622	20	F	1	2	X	X
333093701	56632622	47	F	1	0	X	517661104
333093703	56632622	22	M	1	2	X	X
333170228	56634522	51	M	1	1	X	X
333170258	56634554	51	M	1	1	X	X
333170284	56634855	49	F	1	0	X	517661064
333170286	56634855	20	M	1	2	X	517661147
333819075	56634431	29	F	6	1	X	517661423
333819076	56634431	41	M	1	0	X	517661030
334169981	56634988	22	M	1	9	X	517661340
334169982	56634988	21	M	1	0	X	517668930
334169986	56634835	23	M	1	9	X	517661093
334261327	56632222	40	F	1	0	X	517661165
334261328	56632222	43	M	1	1	X	517669033
334261329	56632222	6	M	1	2	450100872	X
334261347	56633654	40	F	1	0	X	517661145
334261348	56633654	43	M	1	1	X	517661297
334626235	56632926	53	F	1	1	X	517669026
334683244	56634217	84	F	1	0	X	X
334796451	56632310	48	M	1	0	X	517661342
334907091	56634359	43	F	9	0	X	X
334911360	56634551	9	M	1	2	450100872	X
334911362	56634551	40	M	1	0	X	517661408
334911363	56634551	43	F	1	1	X	517661330
335134212	56634395	60	M	1	0	X	517661137
335401628	56634629	55	F	1	0	X	517661146
335401629	56634629	60	M	1	10	X	517661025
335712633	56632821	54	F	1	1	X	517661318
335822254	56633496	56	F	1	0	X	517669033
336160308	56634157	57	F	1	0	X	517661179
336160313	56635031	87	M	1	4	X	X
336160314	56635031	57	F	1	0	X	517661330
336334778	56633847	70	M	1	0	X	X
336469625	56634053	18	M	1	9	X	517660989
336469627	56634053	19	F	1	10	X	517661297
336469630	56634368	18	M	2	9	X	517660989
337364893	56632403	35	M	1	0	X	517668687
337364918	56633705	35	M	1	0	X	517667996
337646236	56634341	94	F	1	0	X	X
337665278	56633153	74	F	1	0	X	517668899
337665292	56632334	74	F	1	0	X	517661330
337719632	56634061	27	M	1	1	X	517661137
337719633	56634061	29	F	1	0	X	517661153
337851379	56633772	18	M	1	2	X	517661227
337977271	56634686	40	M	1	1	X	517660989
337977273	56634686	10	M	1	2	450100872	X
338211068	56633971	37	M	1	1	X	517661330
338211069	56633971	36	F	1	0	X	517661144
338211160	56633614	7	F	1	2	450100872	X
338211162	56633614	13	F	1	2	450100876	X
338211164	56633614	36	F	1	0	X	517661023
338211231	56632264	6	M	1	2	450100872	X
338211234	56632264	36	F	1	0	X	517669035
338544481	56632389	49	M	1	0	X	517669034
338544482	56632389	49	F	1	1	X	517661142
338544483	56632241	49	M	1	0	X	517661327
338544575	56634737	49	M	1	0	X	517661093
338544576	56634737	49	F	1	1	X	517661194
338855207	56633443	71	M	1	0	X	X
339095800	56634735	27	M	1	9	X	517661151
339524999	56633372	25	F	1	0	X	517661194
339525043	56632988	25	F	1	0	X	517668936
339686765	56634064	11	F	1	5	450100876	X
339686767	56634064	52	M	1	1	X	517661409
339701332	56632939	57	F	1	1	X	517668930
339815124	56633186	48	M	1	0	X	517669032
339815125	56633186	49	F	1	1	X	517661165
339815135	56634752	49	F	1	1	X	517666544
339932436	56632567	34	F	1	0	X	517668960
340088092	56633589	21	F	1	3	X	517661392
340088093	56633589	23	M	1	0	X	517661189
340088105	56634750	23	M	1	0	X	517660990
340416722	56633501	20	F	1	0	X	517661330
340416723	56633501	21	M	1	1	X	517661224
340416757	56632161	21	M	1	1	X	517661362
340416813	56633642	21	M	1	1	X	517668930
340416830	56634969	20	F	1	0	X	517669026
340495309	56632755	2	F	1	2	X	X
340495310	56632755	34	F	1	1	X	X
340495312	56632755	35	M	1	0	X	517661372
340495313	56632755	0	M	1	2	X	X
340618069	56633637	13	F	1	2	450100876	X
340825650	56632760	57	F	1	1	X	X
340825651	56632760	61	M	1	0	X	517669033
340955343	56633161	59	M	1	0	X	517661382
340955366	56632254	58	F	1	1	X	517661158
341031403	56634021	66	F	1	0	X	X
341077572	56633903	55	M	1	0	X	517661408
341077586	56633482	55	M	1	0	X	517661297
341129750	56634787	48	F	1	1	X	517661380
341876014	56634098	94	M	1	0	X	X
341938775	56634355	65	F	1	0	X	X
342082799	56633484	24	F	1	0	X	517661046
342356826	56632221	31	F	1	0	X	X
342356827	56632221	3	M	1	2	X	X
342356828	56632221	9	F	1	2	450100872	X
342356859	56634003	3	M	1	2	X	X
342356860	56634003	9	F	1	2	450100872	X
342492143	56634756	20	M	1	0	X	517661277
342517435	56633180	56	M	1	0	X	517661330
342517437	56633180	32	M	1	2	X	517668930
342517467	56632087	56	M	1	0	X	517668922
342517468	56632087	11	M	1	5	450100876	X
342517469	56632087	32	M	1	2	X	517661372
342517470	56632087	56	F	1	1	X	X
342794105	56634273	86	F	1	0	X	X
342794115	56634150	86	F	1	0	X	X
342879859	56633113	58	F	1	0	X	517668902
343022856	56634633	68	F	1	0	X	X
343022865	56634316	68	F	1	0	X	X
343828799	56633156	50	F	1	1	X	517661188
343828859	56632167	50	F	1	1	X	517668689
343828905	56633269	50	F	1	1	X	517668930
343828906	56633269	51	M	1	0	X	517668916
343828915	56634794	50	F	1	1	X	517669026
343949870	56632828	80	M	1	0	X	X
343949871	56632828	80	F	1	1	X	517668940
344013097	56633449	48	M	8	0	X	517661302
344326300	56632451	63	F	1	1	X	X
344376426	56634267	77	F	1	0	X	X
344549657	56633356	41	M	1	0	X	517661188
344549661	56633356	13	F	1	2	450100876	X
344549677	56634347	41	M	1	0	X	517661259
344549679	56634347	9	M	1	2	450100872	X
344549680	56634347	11	M	1	2	450100876	X
344549693	56634882	40	F	1	1	X	517660983
344549694	56634882	9	M	1	2	450100872	X
344549696	56634882	13	F	1	2	450100871	X
344787419	56632119	51	M	1	0	X	517661146
344898362	56633935	14	M	1	2	450100874	X
345187403	56633244	62	M	1	0	X	X
345187404	56633244	65	F	1	1	X	517664806
345196013	56632642	57	M	1	0	X	517661227
345196014	56632642	57	F	1	1	X	517668943
345196015	56632642	9	F	1	5	450100872	X
345196016	56632642	6	F	1	5	450100872	X
345212356	56634340	69	F	1	0	X	X
345212373	56634234	69	M	1	1	X	517668911
345512418	56632206	58	F	1	0	X	X
345908639	56632244	33	F	1	1	X	X
345908659	56634158	10	M	1	2	450100872	X
345908660	56634158	33	F	1	1	X	X
345908671	56632125	10	M	1	2	450100872	X
345908672	56632125	33	F	1	1	X	X
345984673	56633251	62	M	1	0	X	517668930
345984675	56633168	62	M	1	0	X	517660989
346111731	56634899	29	M	1	0	X	517661188
346199031	56635010	82	M	1	1	X	X
346199032	56635010	50	M	1	6	X	517661069
346199033	56635010	52	F	1	2	X	517661167
346200765	56634135	31	F	1	0	X	517661093
346457507	56632296	10	M	1	5	450100872	X
346457510	56632296	46	F	1	0	X	517668955
346586777	56634657	32	M	1	0	X	517661297
346664181	56632484	49	M	1	0	X	517668695
346664216	56633812	50	F	1	1	X	X
346664221	56632983	49	M	1	0	X	517668894
346664222	56632983	50	F	1	1	X	X
346860830	56635094	10	M	9	2	450100871	X
346860831	56635094	30	F	1	0	X	517661177
346860832	56635094	41	M	1	1	X	517660989
346860835	56635094	7	F	1	2	450100872	X
346936172	56633838	17	M	1	2	450100874	X
346936175	56633838	47	M	1	0	X	517661227
347014330	56632530	7	M	1	2	450100872	X
347014331	56632530	8	M	1	2	450100872	X
347014332	56632530	39	F	1	0	X	X
347014334	56632530	19	M	1	2	X	X
347014336	56632530	16	F	1	2	450100874	X
347290193	56634481	53	M	1	0	X	517661416
347290206	56634251	49	F	1	1	X	X
347290215	56632227	53	M	1	0	X	517661325
347450488	56634710	50	M	1	0	X	517661102
347668745	56632317	35	M	1	0	X	517669026
347668769	56634425	35	M	1	0	X	517661087
347848523	56634892	46	F	1	1	X	517661372
347848525	56634892	50	M	1	0	X	517661196
347848535	56634269	46	F	1	1	X	517661355
347996866	56634339	32	M	1	1	X	517661167
347996868	56634339	32	F	1	0	X	517661381
347996894	56634583	32	M	1	1	X	517661074
347996896	56634583	32	F	1	0	X	517660981
347996897	56634583	1	M	1	2	X	X
348197830	56633869	62	F	1	1	X	X
348197831	56633869	62	M	1	0	X	X
348197837	56633342	62	M	1	0	X	X
348249013	56632687	58	F	1	1	X	517669034
348249018	56634238	57	M	1	0	X	517661319
348280128	56632527	62	F	1	1	X	517661554
348280129	56632527	62	M	1	0	X	517668946
348348513	56632200	42	M	1	0	X	517661446
348348515	56632200	39	F	1	1	X	X
348382031	56633164	61	F	1	1	X	X
348382041	56634716	61	F	1	1	X	X
348950652	56632638	79	F	1	1	X	X
348950653	56632638	73	M	1	0	X	X
348981980	56632250	52	F	1	0	X	517668955
349102007	56634429	35	M	1	1	X	517661093
349177159	56633783	44	M	1	1	X	517661267
349177161	56633783	44	F	1	0	X	517668693
349177162	56633783	11	F	1	2	450100871	X
349273259	56634100	59	F	1	0	X	517661093
349409358	56633270	18	F	1	2	450100874	517668930
349461889	56633110	61	F	1	0	X	517668930
349870069	56633629	18	F	1	0	450100874	517661297
349870070	56633867	18	F	1	0	450100874	517661146
350038058	56634938	31	F	1	0	X	517661227
350038059	56634938	2	F	1	2	X	X
350046678	56634441	87	F	1	0	X	X
350262490	56632203	43	F	5	0	X	X
350262491	56632203	10	M	5	2	450100871	X
350262492	56632203	16	F	5	2	450100874	X
350409041	56632660	68	F	1	0	X	X
350482933	56633261	79	F	1	0	X	X
350735357	56634245	10	M	1	2	450100871	X
350735358	56634245	10	M	1	2	450100871	X
350735360	56634245	2	F	1	2	X	X
350735361	56634245	5	F	1	2	450066968	X
350735366	56634245	4	F	1	2	X	X
350844399	56634123	15	F	1	2	450100874	X
350844400	56634123	11	M	1	2	450100871	X
350844401	56634123	41	F	1	0	X	517661238
351123316	56633415	67	M	1	0	X	517668930
351123322	56633775	67	M	1	0	X	517661344
351497380	56632745	52	F	1	1	X	517668859
351497381	56632745	52	M	1	0	X	517661165
351605389	56632288	28	M	1	0	X	517661350
351606740	56633502	20	F	8	2	X	517661372
351606742	56633502	39	M	8	0	X	517661152
351606743	56633502	17	M	8	2	450100874	517661146
351606744	56633502	20	M	8	2	X	517661358
351606887	56632673	20	F	8	2	X	517661005
351606888	56632673	2	M	8	2	X	X
351606889	56632673	39	M	8	0	X	517661068
351606890	56632673	17	M	8	2	450100874	517668908
351606891	56632673	20	M	8	2	X	517668700
351606893	56632673	27	F	1	1	X	517661177
351644415	56634184	57	F	1	0	X	517661219
351727882	56632232	75	M	1	0	X	X
351727883	56632232	72	F	1	1	X	X
351903677	56633574	16	M	1	2	450100874	X
351903679	56633574	47	F	1	1	X	517661240
352142652	56632376	64	F	1	1	X	X
352390043	56632184	70	F	1	1	X	X
352390044	56632184	69	M	1	0	X	X
352774577	56632509	18	M	1	2	X	517661415
352774578	56632509	44	F	1	0	X	X
353161326	56634943	30	F	1	0	X	517661188
353161327	56634943	35	M	1	1	X	X
353161328	56634943	8	M	1	2	450100871	X
353161329	56634943	5	M	1	2	450100872	X
353221207	56632181	37	M	1	1	X	517661333
353221210	56632181	40	F	1	0	X	517668962
353347290	56634598	51	F	1	1	X	517661028
353347291	56634598	18	M	1	2	450100874	X
353347315	56633063	18	M	1	2	450100874	X
353439922	56634829	81	F	1	0	X	X
353439924	56634829	81	M	1	1	X	X
353658269	56633864	71	F	1	1	X	X
353658286	56632878	74	M	1	0	X	X
353723237	56634979	52	F	1	2	X	517661219
353723238	56634979	24	F	1	5	X	517661253
354040337	56634115	66	M	1	0	X	517661129
354052156	56632273	60	F	1	0	X	517668962
354052160	56634291	60	F	1	0	X	517661042
354256163	56634802	54	M	1	1	X	517661330
354256164	56634802	56	F	1	0	X	517661188
354429682	56633136	80	M	1	0	X	517664633
354429683	56633136	78	F	1	1	X	X
354429684	56634295	80	M	1	0	X	517661310
354429691	56634658	78	F	1	1	X	X
354429697	56635053	78	F	1	1	X	X
354722684	56634852	82	M	1	0	X	X
354934700	56634326	56	M	1	0	X	517661330
354934713	56632592	21	M	1	2	X	517660989
354934714	56632592	59	F	1	1	X	517661238
354934724	56632410	56	M	1	0	X	517669034
355202223	56632836	58	M	1	0	X	517661276
355202233	56633243	31	F	1	2	X	517661301
355392170	56633763	82	M	1	0	X	X
355527523	56633683	8	M	1	2	450066968	X
355527524	56633683	10	M	1	2	450067304	X
355527526	56633683	50	M	1	0	X	517661099
355527567	56633070	8	M	1	2	450066968	X
355527569	56633070	46	F	1	1	X	X
356050218	56632583	56	F	1	0	X	517668930
356553162	56633928	50	F	1	1	X	517660986
356553163	56633928	19	M	1	2	X	517660982
356553164	56633928	57	M	1	0	X	517661330
356650941	56633566	60	M	1	0	X	517661390
356650942	56633566	30	F	1	2	X	517661408
356650943	56633566	64	F	1	1	X	517660999
356651040	56633919	60	M	1	0	X	517668725
356651041	56633919	30	F	1	2	X	517661320
356651042	56633919	64	F	1	1	X	517660980
356741429	56632395	68	F	1	0	X	517661098
357080273	56635058	81	M	1	1	X	X
357211102	56632152	40	F	1	0	X	517661162
357801623	56632323	56	M	1	0	X	517661139
357801640	56632624	61	F	1	10	X	517661330
357909663	56632358	75	M	1	1	X	517668962
357909664	56632358	67	F	1	0	X	X
358223170	56633791	5	M	1	2	X	X
358223172	56633791	6	M	1	2	X	X
358223173	56633791	12	M	1	2	X	X
358250104	56634499	86	F	1	0	X	X
358419305	56634738	30	F	1	0	X	517660980
358419306	56634738	28	M	1	1	X	517661330
358451846	56632737	53	F	1	0	X	517660999
358451848	56633733	53	F	1	0	X	517661093
358918353	56634789	10	M	1	2	450100871	X
359056977	56633034	36	M	1	0	X	517668943
359056980	56632111	57	M	1	4	X	517661297
359137816	56634141	39	F	1	8	X	X
359137819	56634141	45	M	1	7	X	517660989
359137820	56634141	94	F	1	4	X	X
359137895	56633074	39	F	1	7	X	517668943
359137897	56633074	40	M	1	8	X	517661021
359137901	56633074	62	M	1	1	X	517669026
359137902	56633074	62	F	1	0	X	X
359208501	56632166	74	M	1	0	X	X
359208502	56632166	71	F	1	1	X	X
359208519	56632189	74	M	1	0	X	X
359208520	56632189	71	F	1	1	X	X
359208527	56632577	74	M	1	0	X	X
359260279	56634001	75	M	1	0	X	X
359562219	56633049	44	M	1	0	X	517668894
359562238	56632467	48	F	1	1	X	517669026
359656827	56633754	49	M	1	1	X	517661182
359702806	56632703	28	M	1	0	X	517669033
359702807	56632703	3	M	1	2	X	X
359702854	56634673	28	M	1	0	X	517660989
359709698	56632736	52	M	1	10	X	517661219
359709699	56632736	55	F	1	0	X	517661064
359969202	56634140	53	M	1	0	X	517661093
359969221	56632500	53	M	1	0	X	517669026
360190686	56632237	40	M	1	0	X	517661506
360190687	56632237	14	M	1	2	450100871	X
360190688	56632237	36	F	1	1	X	517669026
360311574	56633095	61	M	1	1	X	517661330
360348022	56633640	23	M	1	0	X	517668922
360539281	56632418	67	F	1	1	X	X
360560198	56632137	71	M	1	3	X	X
360626402	56634146	75	F	1	0	X	X
360626410	56633967	75	F	1	0	X	X
360698959	56633492	56	M	1	1	X	517661179
360698960	56633492	56	F	1	0	X	X
360698969	56632880	56	M	1	1	X	517668944
360698970	56632880	56	F	1	0	X	X
360698975	56633191	56	M	1	1	X	517668891
360705754	56632771	50	F	1	1	X	X
360705781	56632987	64	M	1	0	X	X
361080979	56632883	56	M	1	0	X	517661260
361187357	56632421	71	F	1	1	X	X
361334271	56633017	28	M	1	1	X	517660995
361334279	56633321	28	M	1	1	X	517660976
361334280	56633321	27	F	1	0	X	517661021
361341701	56632815	59	F	1	1	X	517661408
361341702	56632815	57	M	1	0	X	517661126
362059823	56634112	64	F	1	1	X	X
362227538	56633584	22	F	8	2	X	517660989
362227540	56633584	5	M	8	5	450099883	X
362643069	56632361	39	M	1	0	X	517660998
362643071	56632361	0	M	1	2	X	X
362643072	56632361	6	F	1	2	450100871	X
362643073	56632361	7	F	1	2	450100871	X
362643074	56632361	9	M	1	2	450100871	X
362643093	56632705	39	M	1	0	X	517661142
362643094	56632705	30	F	1	1	X	X
362643096	56632705	6	F	1	2	450100871	X
362881500	56633657	50	F	1	1	X	X
362881502	56633657	12	F	1	2	450100871	X
363147433	56634250	72	F	1	0	X	X
363237380	56632450	29	F	1	0	X	X
363237382	56632450	34	M	1	10	X	517668930
363237384	56632450	5	M	1	2	450100872	X
363237385	56632450	13	F	1	2	450100871	X
363850088	56634090	39	F	9	0	X	X
363850089	56634090	38	M	1	1	X	517660989
364241437	56634258	72	F	1	0	X	X
364563116	56634055	39	M	1	1	X	517661188
364563117	56634055	37	F	1	0	X	517661126
364669398	56634288	50	F	1	0	X	X
364669399	56634288	52	M	1	1	X	517661297
364669430	56632964	50	F	1	0	X	X
364669431	56632964	52	M	1	1	X	517668930
364669464	56633150	50	F	1	0	X	X
364669465	56633150	52	M	1	1	X	517668936
364669481	56632428	52	M	1	1	X	517661210
364797670	56632709	1	M	1	5	X	X
364797688	56632104	1	M	1	5	X	X
364797689	56632104	63	F	1	0	X	517661093
364797690	56632104	26	F	1	5	X	X
365013685	56632595	62	F	1	0	X	517669034
365180755	56632787	74	F	1	1	X	X
365564034	56634836	24	M	1	0	X	517661096
365564065	56633880	3	M	1	2	X	X
365579395	56632516	53	M	1	9	X	X
365579459	56632269	53	M	1	9	X	X
365668896	56632121	5	M	1	2	450100872	X
365668899	56632121	13	F	1	2	450067304	X
365669040	56634871	16	F	1	2	450063600	517661119
365669041	56634871	48	F	1	1	X	X
365669043	56634871	5	M	1	2	450100872	X
365669044	56634871	9	F	1	2	X	X
365669046	56634871	13	F	1	2	450067304	X
365669140	56634569	52	M	1	0	X	517661006
365669141	56634569	5	M	1	2	450100872	X
365669144	56634569	13	F	1	2	450067304	X
366088350	56633825	21	F	1	0	X	517661330
366088351	56633825	27	M	1	1	X	517661297
366094247	56632655	2	M	1	2	X	X
366094248	56632655	30	F	1	0	X	517669026
366094249	56632655	4	M	1	2	450099883	X
366094250	56632655	33	M	1	1	X	517661093
366345964	56632186	92	M	1	1	X	X
366412381	56633097	50	F	1	0	X	517661334
366412382	56633097	21	F	1	2	X	X
366412404	56634350	21	F	1	2	X	X
367059810	56633562	63	F	1	0	X	X
367059811	56633562	66	M	1	1	X	X
367059814	56632929	63	F	1	0	X	X
367059815	56632929	66	M	1	1	X	X
367197638	56634060	45	M	1	0	X	517660989
367307232	56632132	55	M	1	0	X	517669035
367307233	56632132	48	F	1	1	X	X
367307236	56632228	55	M	1	0	X	517668930
367449443	56634030	48	F	1	0	X	517661126
367548569	56634873	34	F	1	0	X	X
367548572	56634873	8	M	1	2	450100871	X
367548573	56634873	14	F	1	2	450100871	X
367625686	56632510	55	F	1	0	X	X
367833308	56633306	49	F	1	1	X	517668920
368055327	56633434	59	F	1	1	X	X
368059526	56632482	60	F	1	0	X	X
368059567	56634976	68	M	1	1	X	X
368059569	56634976	4	M	1	5	450099883	X
368264005	56634687	50	M	1	0	X	517660980
368556684	56632356	71	F	1	0	X	X
368556685	56632356	78	M	1	1	X	X
368642256	56634775	56	M	1	0	X	517666287
368642257	56634775	55	F	1	1	X	X
368869792	56634589	22	M	1	2	X	517668922
368869793	56634589	52	F	1	0	X	517661138
368869794	56634589	48	M	1	1	X	517668930
368869795	56634589	12	M	1	2	450100871	X
368869796	56634589	18	F	1	2	X	517661330
368955847	56634193	41	M	1	0	X	517661188
369265680	56633914	79	F	1	1	X	X
369331330	56634222	78	F	1	0	X	517661330
369629781	56634702	39	M	1	0	X	517661297
369629783	56634702	30	F	1	1	X	X
369629800	56632563	7	F	1	2	450100871	X
369629801	56632563	39	M	1	0	X	517668956
369629803	56632563	30	F	1	1	X	X
369770022	56634500	24	F	1	9	X	517661219
369770023	56634500	26	F	1	0	X	517669026
370333460	56632874	52	M	1	3	X	X
370698653	56635084	41	F	1	0	X	517669034
370717287	56635037	69	F	1	0	X	517669026
370717292	56634409	69	F	1	0	X	517788366
370735470	56632492	32	M	1	1	X	517661409
370735471	56632492	29	F	1	0	X	517661291
370735472	56632492	0	F	1	2	X	X
370735491	56634006	32	M	1	1	X	517661093
370735492	56634006	29	F	1	0	X	517661188
370881801	56633908	59	F	1	0	X	517668941
371193657	56633073	61	M	1	1	X	517661033
371349520	56634420	35	M	1	0	X	517660976
371412788	56634783	11	F	1	2	450100871	X
371412789	56634783	43	F	1	0	X	517661039
371462823	56633469	61	M	1	0	X	517661130
371462843	56632796	61	M	1	0	X	517661092
371828224	56633237	31	F	1	0	X	X
371828225	56633237	9	M	1	2	450100871	X
371828274	56634114	12	M	1	2	450100876	X
371828276	56634114	9	M	1	2	450100871	X
371923682	56634576	21	F	1	2	X	X
371923683	56634576	28	F	1	2	X	X
371923684	56634576	59	M	1	1	X	517661094
371923686	56634576	19	F	1	2	X	517660980
371923727	56632205	21	F	1	2	X	X
371923728	56632205	28	F	1	2	X	X
371923729	56632205	59	M	1	1	X	517661151
371923730	56632205	57	F	1	0	X	517661381
372569192	56632199	51	M	1	0	X	517661188
372569196	56635093	51	M	1	0	X	517668930
372569274	56632113	51	M	1	0	X	517661390
372569302	56634504	51	M	1	0	X	517661297
372719883	56633805	50	F	1	1	X	517661159
372719884	56633805	27	M	3	0	X	517661188
373051074	56634312	83	M	1	1	X	X
373079335	56633401	43	F	1	0	X	517668930
373079336	56633401	26	M	1	10	X	517661390
373079394	56632193	26	M	1	10	X	517661124
373081795	56634863	61	M	1	10	X	517668930
373081814	56632406	56	F	1	0	X	517668962
373081815	56632406	61	M	1	10	X	517660990
373081823	56633835	61	M	1	10	X	517661159
373226483	56632477	6	M	1	2	450066968	X
373226626	56632720	14	F	1	2	450067304	X
373226628	56632720	39	F	1	0	X	X
373226630	56632720	44	M	1	1	X	517668922
373226631	56632720	19	M	1	2	X	517660989
373226646	56634233	39	F	1	0	X	X
373226647	56634233	10	F	1	2	450067304	X
373226648	56634233	44	M	1	1	X	517661248
373654585	56633495	61	F	9	1	X	517661194
373654586	56633495	68	M	1	0	X	517661168
373884531	56633460	53	F	1	0	X	517661093
373884538	56634086	59	M	1	10	X	X
373884552	56632097	59	M	1	10	X	X
373884588	56632953	59	M	1	10	X	X
373884589	56632953	53	F	1	0	X	517661330
374206613	56634032	72	F	1	0	X	X
374689446	56634277	31	F	1	0	X	517661165
374689447	56634277	3	M	1	2	X	X
374691250	56634654	59	M	1	1	X	517668930
374751694	56632124	61	F	1	1	X	517661048
374751695	56632124	65	M	1	0	X	517661238
374751724	56634373	61	F	1	1	X	517661138
374751725	56634373	65	M	1	0	X	517661193
375141621	56632548	50	M	1	2	X	X
375141622	56632548	69	F	1	0	X	X
375488653	56633564	55	F	1	0	X	517668916
375708916	56633929	58	M	1	0	X	X
376081466	56634382	47	M	1	0	X	517661330
376244811	56632566	64	M	1	0	X	X
376244812	56632566	57	F	1	1	X	X
376244821	56634324	64	M	1	0	X	X
376244822	56634324	57	F	1	1	X	X
376244867	56634173	64	M	1	0	X	X
376244870	56632497	57	F	1	1	X	X
376244871	56633006	64	M	1	0	X	X
376244872	56633006	57	F	1	1	X	X
376475250	56634244	47	M	1	0	X	517661020
376475251	56634244	17	F	1	2	450100874	X
376475254	56632599	47	M	1	0	X	517661188
377345596	56632666	21	F	1	10	X	517668859
377345610	56632204	21	F	1	10	X	517661213
377387786	56632798	64	M	1	0	X	517661165
377387804	56633397	64	M	1	0	X	517661155
377462967	56632246	46	F	1	0	X	517669038
377607352	56633458	24	F	1	1	X	517503580
377755705	56632849	50	F	1	0	X	517668939
377755718	56634549	50	F	1	0	X	517661188
377941183	56633213	17	F	1	2	450100874	X
377941184	56633213	15	F	1	2	450100874	X
377941289	56634142	12	F	1	2	450100876	X
377941290	56634142	42	F	1	0	X	517661188
377941291	56634142	17	F	1	2	450100874	X
377941311	56632970	17	F	1	2	450100874	X
377941379	56633937	17	F	1	2	450100874	X
377941380	56633937	15	F	1	2	450100874	X
378431486	56634903	79	M	1	0	X	517661337
378431487	56634903	74	F	1	1	X	X
378449601	56634026	73	M	1	0	X	517661094
378691779	56633517	37	F	1	0	X	517661176
378714470	56634573	34	M	1	0	X	517668939
378788383	56633924	23	M	9	0	X	X
378788387	56634091	23	M	9	0	X	X
379187388	56633374	9	M	1	2	450100871	X
379187390	56633374	5	F	1	2	450100871	X
379187391	56633374	12	M	1	2	450100876	X
379187428	56633885	9	M	1	2	450100871	X
379187429	56633885	40	M	1	0	X	517666643
379316545	56632925	69	F	1	0	X	517661071
380011269	56632461	48	F	1	0	X	517661021
380089714	56633499	43	M	1	1	X	517661297
380089716	56633499	48	F	1	0	X	517661335
380423806	56634712	69	F	1	0	X	517660989
380626926	56634311	73	F	1	0	X	X
380626927	56634311	75	M	1	1	X	X
380785498	56634298	1	F	1	2	X	X
380785500	56634298	25	M	1	0	X	517661093
380855790	56632833	53	M	1	0	X	517661276
380855791	56632833	53	F	1	1	X	X
381018039	56634952	46	F	1	1	X	517661505
381018040	56634952	44	M	1	0	X	517661330
381760328	56632447	2	F	1	2	X	X
381760331	56632447	30	F	1	0	X	X
381760380	56634774	4	F	1	2	X	X
381856188	56634722	42	F	1	1	X	517661378
381856190	56632226	42	F	1	1	X	517668960
381856191	56632226	46	M	1	0	X	517661215
381859394	56634650	22	F	1	2	X	X
381859395	56634650	17	M	1	2	450100874	X
381859399	56633389	22	F	1	2	X	X
381859400	56633389	17	M	1	2	450100874	X
381969007	56634798	82	F	1	1	X	X
381969008	56634798	82	M	1	0	X	X
381969022	56634582	82	M	1	0	X	X
381969035	56634177	82	F	1	1	X	X
381990392	56632582	30	F	1	1	X	X
381990419	56632099	30	F	1	1	X	X
381990420	56632099	11	F	1	2	450100876	X
381990421	56632099	37	M	1	0	X	X
382143156	56632187	26	M	1	1	X	517661093
382143157	56632187	3	F	1	2	450099883	X
382143158	56632187	5	M	1	2	450100872	X
382143159	56632187	26	F	1	0	X	517661188
383122946	56634494	83	F	1	0	X	517660990
383122947	56634494	55	M	1	2	X	517661353
383164388	56634062	51	M	1	0	X	X
383192993	56635030	11	M	1	2	450100876	X
383497730	56633570	69	F	1	0	X	517498792
383555773	56633289	50	F	1	0	X	517661301
383590776	56632515	39	M	1	0	X	517668935
383590777	56632515	40	F	1	1	X	517668921
383590804	56632293	39	M	1	0	X	517669026
383590805	56632293	40	F	1	1	X	517668698
383590806	56632293	9	M	1	2	450100871	X
383590807	56632293	6	M	1	2	450100872	X
383590856	56633341	39	M	1	0	X	517661330
383590859	56633341	6	M	1	2	450100872	X
383590898	56632413	9	M	1	2	450100871	X
383590899	56632413	6	M	1	2	450100872	X
383590932	56634584	39	M	1	0	X	517661267
383590933	56634584	40	F	1	1	X	517661241
383590934	56634584	9	M	1	2	450100871	X
383954103	56632712	47	F	1	0	X	517661074
383954104	56632712	55	M	1	1	X	517661001
383954106	56632712	18	F	1	2	450100874	517660989
384038976	56632123	56	F	1	0	X	X
384187392	56634290	2	F	1	2	X	X
384187410	56633233	2	F	1	2	X	X
384583186	56634919	55	M	1	0	X	517661409
384583188	56634919	51	F	1	1	X	517661282
384583192	56633055	55	M	1	0	X	517668891
384583193	56633055	23	M	1	12	X	517661340
384583194	56633055	51	F	1	1	X	517669035
384583219	56632808	55	M	1	0	X	517661409
384583220	56632808	23	M	1	12	X	517668930
384583221	56632808	51	F	1	1	X	517668930
384629867	56634575	60	M	1	0	X	X
384629906	56634476	60	F	1	1	X	517666883
384672799	56634667	9	M	1	2	450100871	X
384672811	56632958	9	M	1	2	450100871	X
384863712	56634967	25	M	1	0	X	517661145
384863713	56634967	0	M	1	2	X	X
384863715	56634967	25	F	1	1	X	X
384863716	56633206	25	M	1	0	X	517660996
384863718	56633206	3	F	1	2	X	X
384863719	56633206	25	F	1	1	X	X
384991481	56633660	15	M	1	2	450100874	X
384991483	56633660	43	M	1	1	X	517661159
384991484	56633660	44	F	1	0	X	517661129
385537057	56633127	23	F	1	1	X	517661133
385537059	56633127	4	M	1	2	450099883	X
385537060	56633127	2	F	1	2	X	X
385780845	56633977	64	M	1	0	X	X
385780846	56633977	62	F	1	1	X	X
385780851	56634070	64	M	1	0	X	X
385780852	56634070	62	F	1	1	X	X
385953521	56634907	48	M	1	0	X	517661093
385953522	56634907	14	F	1	2	450100876	X
385953524	56634907	44	F	1	1	X	X
386136045	56633934	86	F	1	0	X	X
386245641	56633809	30	F	1	10	X	X
386245642	56633809	37	M	1	0	X	517661196
386337580	56634982	11	F	1	2	450100871	X
386337581	56634982	40	M	1	0	X	517661505
386337583	56634982	12	M	1	2	450100871	X
386337584	56634982	14	M	1	2	450100871	X
386447056	56633314	34	M	1	0	X	517661021
386500009	56632689	2	F	1	2	X	X
386500010	56632689	32	M	1	1	X	517661239
386500011	56632689	30	F	1	0	X	517661184
386500012	56632689	4	M	1	2	450099883	X
386500017	56633363	2	F	1	2	X	X
386500018	56633363	32	M	1	1	X	517669026
386711095	56632294	1	F	1	2	X	X
387088264	56633559	22	F	1	0	X	X
387088266	56632401	23	M	1	1	X	517668936
387088267	56632401	22	F	1	0	X	X
387088293	56634564	23	M	1	1	X	517661320
387272793	56634189	0	M	1	2	X	X
387742005	56632459	24	F	1	3	X	517668901
387777019	56632090	42	M	1	0	X	517661302
387777098	56632587	42	M	1	0	X	517661242
388078226	56632991	61	M	1	0	X	517668634
388125221	56634216	20	F	1	10	X	X
388503768	56632183	5	M	1	2	450100872	X
388514049	56633900	1	M	1	2	X	X
388514050	56633900	25	M	1	1	X	517661358
388514063	56634593	23	F	1	0	X	517668922
388540757	56632891	56	M	1	0	X	517661218
388682319	56632646	76	F	1	0	X	X
389050845	56632634	57	M	1	0	X	517661165
389311585	56633674	23	M	1	0	X	517661074
389311593	56633405	23	M	1	0	X	517661159
389311610	56632536	23	M	1	0	X	517668935
389371241	56634165	82	F	1	0	X	X
389371242	56634964	84	M	1	1	X	X
389371245	56634028	82	F	1	0	X	X
389470065	56632714	44	M	1	0	X	517668927
389622695	56633842	18	F	9	2	450100874	517661074
389622696	56633842	11	F	1	2	450100876	X
389622697	56633842	33	F	1	1	X	517661202
389622698	56633842	39	M	9	0	X	517661093
389622700	56633842	12	M	1	2	450100876	X
389622745	56632110	33	F	1	1	X	517668922
389622748	56632110	12	M	1	2	450100876	X
389622785	56632135	18	F	9	2	450100874	517661427
389622786	56632135	11	F	1	2	450100876	X
389622788	56632135	39	M	9	0	X	517661297
389622789	56632135	8	M	1	2	450100871	X
389889295	56633126	46	M	1	0	X	517661124
389927146	56634453	78	F	1	0	X	X
390270541	56633209	28	M	1	0	X	517669026
390319486	56632982	77	M	1	0	X	X
390436059	56632906	70	M	1	1	X	X
390436060	56632906	68	F	1	0	X	X
390436077	56634868	70	M	1	1	X	X
390436078	56634868	68	F	1	0	X	X
390626031	56633195	76	F	1	1	X	X
390626032	56633195	83	M	1	0	X	X
391068761	56632224	50	F	1	1	X	517788457
391068764	56633529	42	M	1	0	X	517661028
391068813	56634185	50	F	1	1	X	517661093
391365094	56634128	69	F	1	0	X	517669026
391454064	56633732	49	M	1	10	X	517661146
391454065	56633732	49	F	1	0	X	X
391591074	56632290	55	F	1	0	X	517661238
391861350	56632893	6	F	9	2	450100872	X
391861378	56632823	6	F	9	2	450100872	X
391861379	56632823	49	M	1	0	X	517661347
392273557	56633755	72	F	1	1	X	517661219
392273558	56633755	73	M	1	0	X	X
392299088	56633676	5	F	8	2	X	X
392299089	56633676	8	F	8	2	450100871	X
392404493	56634023	47	M	1	0	X	517509981
392887201	56632732	24	F	1	1	X	X
392887250	56632314	3	M	1	2	X	X
392887330	56634034	24	F	1	1	X	X
393035300	56633091	39	M	1	2	X	517661159
393035301	56633091	62	F	1	0	X	X
393252556	56634328	11	F	1	2	450100876	X
393252570	56634018	11	F	1	2	450100876	X
393252571	56634018	36	F	1	0	X	517498977
393285015	56633005	16	F	1	2	450100874	517668930
393285018	56633005	15	M	1	2	450100874	X
393368101	56634046	51	M	1	0	X	X
393368103	56633716	51	M	1	0	X	X
393368119	56634901	51	M	1	0	X	X
393541473	56634301	4	F	1	2	450099883	X
393541474	56634301	31	F	1	1	X	X
393541475	56634301	31	M	1	0	X	517661276
393541476	56634301	9	F	1	2	450100871	X
393541478	56634301	0	F	1	2	X	X
393560890	56634066	51	M	1	0	X	517668688
393626762	56633986	73	M	1	0	X	X
393626763	56634232	76	F	1	1	X	X
393626764	56634232	73	M	1	0	X	X
393630876	56633349	61	F	1	1	X	X
393630892	56632718	61	F	1	1	X	X
393736061	56634648	80	M	1	0	X	X
393736062	56634648	78	F	1	1	X	X
393757562	56632990	53	M	1	1	X	517668930
393757563	56632990	50	F	1	0	X	517668680
393757586	56633033	53	M	1	1	X	517668930
393757587	56633033	50	F	1	0	X	517668930
393770797	56632095	24	M	1	0	X	X
393770799	56632095	24	F	1	10	X	X
394523850	56634192	75	F	1	1	X	X
395274450	56633714	21	F	1	0	X	517661247
395333653	56634320	77	F	1	0	X	X
395364132	56632947	61	F	1	1	X	517661340
395364133	56632947	67	M	1	0	X	X
395364142	56633365	61	F	1	1	X	517661149
396371921	56633099	63	F	1	1	X	X
396525063	56633768	64	F	1	1	X	X
396525091	56633278	64	F	1	1	X	X
396868418	56634443	75	M	1	0	X	517661273
396868419	56634443	76	F	1	1	X	X
397093696	56633607	92	F	1	0	X	X
397378810	56632473	33	M	1	2	X	517661126
397378812	56632473	54	F	3	0	X	517668930
397454823	56633507	7	F	8	2	450100871	X
397662796	56634811	10	M	1	2	450100871	X
397662797	56634811	19	M	1	2	X	517661069
397662798	56634811	37	M	1	0	X	X
397662898	56632115	10	M	1	2	450100871	X
397662902	56632115	7	M	1	2	450100871	X
398027424	56634117	25	M	1	0	X	517661025
398027425	56634117	24	F	1	1	X	517661269
398461194	56632901	10	F	1	2	450100876	X
398461195	56632901	31	F	1	0	X	517669026
398570118	56633604	15	M	1	2	450100874	X
398570119	56633604	41	M	1	0	X	517660989
398649499	56632715	16	F	1	2	450100874	X
399029136	56632764	62	F	1	0	X	X
399795123	56633176	18	M	1	2	X	X
399993055	56634159	92	F	1	0	X	X
399993079	56634477	92	F	1	0	X	X
399993080	56634574	92	F	1	0	X	X
399993098	56634447	92	F	1	0	X	X
400105754	56633631	38	F	6	1	X	X
400105755	56633631	12	F	6	2	450100876	X
400105756	56633631	31	M	6	0	X	517661188
400307187	56632220	53	M	1	0	X	517661409
400307197	56633427	18	M	1	2	X	517661316
400549527	56633279	23	M	1	2	X	517669035
400549528	56633279	50	F	1	1	X	517669033
400660015	56632300	37	F	1	2	X	517661388
400685385	56632170	36	F	1	0	X	X
400699671	56633130	63	F	1	0	X	X
400699676	56632948	63	F	1	0	X	X
400727728	56634279	76	F	1	0	X	X
400733558	56634433	59	F	1	1	X	X
401199301	56634391	52	M	1	0	X	517661168
401417642	56632098	58	F	1	0	X	X
402257625	56633630	47	F	3	7	X	517661297
402257626	56633630	20	M	3	0	X	517661406
402257627	56633630	52	M	1	4	X	X
402257640	56633906	47	F	3	7	X	517661200
402257642	56633906	52	M	1	4	X	X
402257652	56633709	47	F	3	7	X	517660989
402257653	56633709	20	M	3	0	X	517661168
402257668	56633488	20	M	3	0	X	517661128
402257686	56633699	20	M	3	0	X	517661282
402257687	56633699	52	M	1	4	X	X
402417648	56632612	57	M	1	0	X	517668952
402458852	56633196	48	M	1	0	X	517669025
402458853	56633196	18	F	1	2	450100874	X
402458854	56633196	43	F	1	1	X	517668930
402811861	56634380	65	F	1	1	X	517661381
402940608	56633594	10	M	1	2	450100871	X
402940610	56633594	40	M	1	0	X	517668922
403008991	56634885	26	M	1	0	X	517668936
403009002	56634693	26	M	1	0	X	517660989
403009020	56634266	26	M	1	0	X	517661093
403009069	56633089	26	M	1	0	X	517661416
403009103	56633362	26	M	1	0	X	517661324
403144862	56633532	36	F	1	0	X	517661320
403340359	56633635	42	M	1	0	X	517660980
403340373	56632529	42	M	1	0	X	517669035
403340383	56633794	42	M	1	0	X	517661031
403512879	56634483	68	F	1	0	X	517661200
403641038	56632526	18	F	1	2	X	517661054
403641065	56633143	20	F	1	2	X	517668924
403641067	56633143	44	F	1	1	X	517668695
403917701	56634688	44	F	1	1	X	517661093
404119036	56633823	79	F	6	0	X	X
404441443	56632785	32	F	1	1	X	517668922
404441488	56633092	5	M	1	2	450066968	X
404441489	56633092	8	M	1	2	450100871	X
404441490	56633092	33	M	1	0	X	517666808
404441508	56634878	5	M	1	2	450066968	X
404441510	56634878	33	M	1	0	X	517660980
404507726	56633479	4	M	1	2	450099883	X
404507727	56633479	37	F	1	0	X	517660989
404603546	56633898	16	F	1	2	450100874	517661188
404603547	56633898	51	F	1	1	X	517503776
404603548	56633898	47	M	1	0	X	517661067
404641751	56633067	14	F	1	2	450100876	X
404641752	56633067	40	F	1	0	X	517668930
405068221	56634660	25	M	1	0	X	517661037
405199538	56632084	59	M	1	0	X	X
405463096	56632217	4	M	1	2	450066968	X
405463098	56632217	2	M	1	2	X	X
405463099	56632217	38	F	1	0	X	X
405706703	56635035	6	M	1	2	450100872	X
405784810	56632637	73	M	1	0	X	X
405937422	56634056	28	F	1	0	X	517661138
406068718	56632556	55	M	1	0	X	517661176
406068719	56632556	51	F	1	1	X	517661219
406090026	56632962	56	F	1	1	X	X
406090027	56632962	58	M	1	0	X	517661049
406288350	56634595	3	F	1	2	X	X
406288351	56634595	35	F	1	0	X	517661028
406288352	56634595	11	F	1	2	450100871	X
406288356	56634595	7	F	1	2	450100871	X
406669950	56634012	17	F	1	5	450100874	X
406669951	56634012	69	M	1	0	X	517661330
406707582	56632759	70	M	1	1	X	517661098
406789775	56633851	20	M	1	0	X	517668928
406789785	56633886	20	M	1	0	X	517661188
406789786	56634371	20	M	1	0	X	517669026
406796059	56632424	67	F	1	0	X	X
407176662	56634921	9	F	1	2	450100871	X
407176663	56634921	2	M	1	2	X	X
407256909	56632082	83	F	1	1	X	X
407468170	56634711	58	F	1	1	X	517661330
407494266	56634934	29	M	1	0	X	517661413
407494267	56634934	30	F	1	10	X	517661188
407494268	56634934	4	M	1	12	X	X
407494269	56634934	0	M	1	2	X	X
408632721	56633857	54	F	1	0	X	517660982
408767166	56633793	42	F	1	0	X	517666808
409189438	56634647	14	F	1	2	450100874	X
409334647	56634786	76	F	1	1	X	X
409334649	56634786	79	M	1	0	X	517661213
409338630	56632699	78	F	1	1	X	X
409721539	56633128	68	M	1	9	X	X
410155346	56634038	1	M	1	2	X	X
410155347	56634038	1	F	1	2	X	X
410156188	56634760	31	F	1	0	X	X
410226704	56632690	60	M	1	0	X	517668930
410622662	56632387	58	F	1	1	X	517668924
410622697	56632590	62	M	1	0	X	517661093
410697633	56633448	68	F	1	0	X	X
410697634	56633448	63	M	1	1	X	X
410697643	56633155	68	F	1	0	X	X
410719050	56634846	17	F	1	2	450100874	517661353
410719052	56634846	6	F	1	2	450100872	X
410719053	56634846	14	F	1	2	450100874	X
411066778	56634913	61	M	1	0	X	517661202
411066783	56633200	57	F	1	1	X	517668939
411452195	56634230	66	M	1	0	X	X
411453378	56633989	40	M	1	0	X	517661115
411453380	56632481	40	M	1	0	X	517664780
411477527	56633308	52	M	1	0	X	517668932
411477535	56632897	52	M	1	0	X	517668928
411477537	56633250	52	M	1	0	X	517668940
411628423	56632302	32	F	1	0	X	517661495
411628425	56632302	11	F	1	2	450100876	X
411640416	56633040	46	M	1	1	X	517660999
412165774	56633841	87	F	1	0	X	X
412183733	56634162	55	M	1	0	X	517661316
412449151	56634445	25	F	9	0	X	517660989
412582137	56632325	63	M	1	0	X	X
412594102	56634287	84	F	1	0	X	X
412871529	56633871	11	F	8	7	450100871	X
412871530	56633871	9	F	8	7	450100871	X
412871531	56633871	34	M	8	3	X	517661278
412871554	56633515	11	F	8	7	450100871	X
412936009	56634727	15	M	1	2	450100874	X
412936061	56632495	15	M	1	2	450100874	X
412936063	56632495	11	M	1	2	450100876	X
412940915	56634364	45	M	1	0	X	517660989
412940916	56634364	12	M	1	2	450100876	X
412940917	56634364	16	F	1	2	450100874	517660989
412940986	56632697	47	F	1	1	X	517668922
412940987	56632697	45	M	1	0	X	517668938
412940988	56632697	12	M	1	2	450100876	X
412940989	56632697	16	F	1	2	450100874	517661308
412972170	56633513	53	F	8	0	X	517661372
413063376	56633955	82	F	1	1	X	X
413063394	56634225	82	F	1	1	X	X
413063395	56634225	78	M	1	0	X	X
413063459	56632371	78	M	1	0	X	X
413063461	56634213	78	M	1	0	X	X
413511843	56632754	47	F	1	1	X	517661240
413522977	56632835	52	M	1	1	X	517668953
413522992	56634697	56	F	1	0	X	517661045
413523041	56632951	52	M	1	1	X	517668939
413523042	56632951	56	F	1	0	X	517668688
413523070	56634817	56	F	1	0	X	517661381
413552693	56633199	49	M	1	1	X	517661238
413641032	56633547	65	F	1	0	X	X
413708875	56634516	2	M	1	2	X	X
413757967	56634701	26	F	1	0	X	X
413757994	56634689	3	F	1	2	X	X
413757997	56634689	26	F	1	0	X	X
413757998	56634689	21	F	1	7	X	X
413758157	56634202	92	F	1	10	X	X
413758158	56634202	92	F	1	0	X	X
414157502	56633124	8	F	1	2	450100871	X
414224819	56633446	0	M	1	2	X	X
414224820	56633446	19	F	1	0	X	X
414224828	56633788	0	M	1	2	X	X
414224829	56633788	19	F	1	0	X	X
414224833	56632501	21	M	1	10	X	517661055
414224835	56632501	19	F	1	0	X	X
414473306	56633687	1	F	1	2	X	X
414473308	56633687	4	M	1	2	450066968	X
414828254	56633819	15	F	1	5	450063600	X
414828255	56633819	58	F	1	1	X	X
414845493	56635078	5	F	1	2	450100872	X
414845494	56635078	3	M	1	2	X	X
414870730	56634315	49	F	1	0	X	517661367
414870739	56634493	58	M	1	10	X	517661159
414870740	56634493	49	F	1	0	X	517661272
414870823	56633702	58	M	1	10	X	517660989
414870824	56633702	49	F	1	0	X	517661242
415490053	56633098	67	F	1	0	X	517661165
416055046	56633108	64	M	1	0	X	517668930
416055110	56633849	64	M	1	0	X	517661409
416055117	56633968	63	F	1	1	X	517661188
416055118	56633968	64	M	1	0	X	517661093
416369016	56634241	15	M	1	2	450100874	X
416369018	56634241	11	M	1	2	450100876	X
416369195	56633577	42	M	1	0	X	517661271
416548781	56633610	76	M	1	0	X	X
416728252	56634498	61	F	1	1	X	517668891
416728253	56634498	66	M	1	0	X	X
417034277	56633803	64	F	1	0	X	517661381
417076747	56633247	57	F	1	0	X	517668920
417076750	56632353	58	M	1	1	X	X
417141252	56633590	67	F	1	10	X	X
417141253	56633590	68	M	1	0	X	517661268
417171473	56634303	58	F	1	1	X	517668929
417171474	56634303	61	M	1	0	X	517788451
417492314	56632907	42	F	1	10	X	517660989
417670558	56633597	45	M	1	0	X	517660995
417670559	56633597	15	M	1	2	450100874	X
417727139	56634215	52	M	1	1	X	517661297
417927296	56632102	11	M	1	2	450067304	X
417927297	56632102	35	F	1	0	X	517661238
417927298	56632102	15	M	1	2	450067304	X
417927309	56632449	35	F	1	0	X	517669033
418433837	56632118	58	F	1	0	X	517661284
418774854	56634968	7	M	1	2	450100871	X
419020627	56632297	74	F	1	1	X	X
419046615	56634834	81	M	1	0	X	X
419046629	56634137	81	M	1	0	X	X
419046630	56634137	77	F	1	1	X	X
419381429	56633688	59	F	1	0	X	517661146
419667910	56633054	21	M	1	2	X	517660989
124218355	56633338	40	F	1	1	X	517667857
124218356	56633338	16	F	1	7	450100874	517668936
124218397	56632749	40	F	1	1	X	517661277
124218398	56632749	16	F	1	7	450100874	517667764
124218399	56632749	53	M	1	0	X	517669026
124535115	56633991	3	F	1	2	450099883	X
124535116	56633991	0	F	1	2	X	X
124535117	56633991	25	M	1	0	X	517661182
124535195	56634384	3	F	1	2	450099883	X
124535196	56634384	0	F	1	2	X	X
124535198	56634384	3	F	1	2	450099883	X
124535200	56634005	0	F	1	2	X	X
124535201	56634005	25	M	1	0	X	517661387
124535202	56634005	3	F	1	2	450099883	X
124544718	56633692	22	M	1	0	X	X
126553232	56634770	2	F	1	2	X	X
126553233	56634770	7	F	1	2	450100871	X
126564789	56633670	24	M	1	0	X	517660989
126564790	56633670	31	F	1	10	X	517661071
126564799	56632600	31	F	1	10	X	517661268
126670513	56632934	43	F	1	1	X	X
126670514	56632934	3	F	1	2	X	X
126670515	56632934	55	M	1	0	X	517660995
126670550	56632570	3	F	1	2	X	X
126670551	56632570	55	M	1	0	X	517661416
126675575	56632391	56	M	1	0	X	517661170
126675590	56633255	55	F	1	1	X	517660989
126675591	56633255	56	M	1	0	X	517668922
126676299	56633677	56	F	1	1	X	X
126941246	56634113	79	M	1	1	X	X
126941247	56634113	70	F	1	0	X	X
127263142	56634902	22	F	1	0	X	X
127263143	56634902	2	F	1	2	X	X
127700160	56633605	55	M	1	0	X	X
127941823	56632856	41	M	1	0	X	517661146
127941825	56632856	11	M	1	2	450100871	X
127941826	56632856	8	F	1	2	X	X
128055687	56634194	33	M	1	0	X	517661362
128055704	56634999	2	F	1	2	X	X
128055705	56634999	10	M	1	2	450100876	X
128055713	56632974	10	M	1	2	450100876	X
128090495	56633201	46	M	1	0	X	517661021
128090528	56634259	46	M	1	0	X	517661330
128133346	56632903	49	M	1	0	X	517668359
128133371	56633259	49	F	1	1	X	517661126
128321952	56633639	57	F	1	1	X	517661188
128336740	56632426	61	F	1	0	X	517661182
128467215	56634935	75	F	1	0	X	X
128467217	56632945	75	F	1	0	X	X
128467218	56632945	78	M	1	1	X	X
128516897	56635088	22	M	1	2	X	517661408
128516928	56634840	56	M	1	0	X	517668950
128516953	56634754	56	F	1	1	X	517661189
128516955	56634754	56	M	1	0	X	517661199
128516963	56634305	22	M	1	2	X	517503785
128516964	56634305	56	M	1	0	X	517661003
129205986	56632258	49	M	1	0	X	517661360
129583536	56633343	68	M	1	0	X	X
129583541	56634894	68	M	1	0	X	X
129655874	56633539	55	F	1	0	X	517661093
130437466	56633497	22	M	1	0	X	517661200
130489835	56633137	81	F	1	1	X	X
130670414	56632978	47	F	1	1	X	517661250
130670415	56632978	47	M	1	0	X	517668922
130670438	56632824	47	F	1	1	X	517669026
130795087	56633599	1	F	1	2	X	X
130795090	56633599	40	F	1	1	X	517661380
130795091	56633982	44	M	1	0	X	517660989
130795092	56633982	1	F	1	2	X	X
130809913	56632446	34	F	1	0	X	517661070
130809914	56632446	14	F	1	2	450100874	X
130894213	56634307	53	M	1	1	X	X
130914093	56633717	13	M	1	2	450100876	X
130914094	56633717	43	F	1	0	X	517661215
130914095	56633717	43	M	1	7	X	517660989
130914096	56633498	13	M	1	2	450100876	X
130914098	56633498	43	M	1	7	X	517668584
131059776	56634033	40	M	1	12	X	517660998
131059777	56634033	64	M	1	0	X	517668960
131157267	56634069	3	M	1	2	450099883	X
131157269	56634069	1	F	1	2	X	X
131157270	56634069	25	M	1	10	X	517661074
131389600	56632263	7	M	1	2	450100871	X
131389601	56632263	29	M	1	0	X	517661093
131389604	56632263	30	F	1	1	X	517661424
131509880	56633888	49	M	1	0	X	517661227
131509881	56634336	49	M	1	0	X	517660989
131820196	56632733	19	F	1	2	X	X
131820197	56632733	15	F	1	2	450100874	X
131820285	56632142	52	F	1	0	X	517668951
132071097	56632138	67	M	1	0	X	X
132093719	56633909	9	F	1	2	450100871	X
132093720	56633909	30	F	1	0	X	517661146
132093862	56634002	1	M	1	2	X	X
132093863	56634002	7	M	1	2	450100871	X
132093864	56634002	9	F	1	2	450100871	X
132093865	56634002	30	F	1	0	X	517661146
132259118	56633643	79	F	1	0	X	X
132742101	56633995	71	F	1	0	X	X
133278172	56632159	6	F	1	5	450100872	X
133361771	56632412	54	F	1	10	X	517661097
133361788	56634358	54	M	1	0	X	517668962
133361789	56634358	54	F	1	10	X	517661188
133363497	56632168	43	M	1	1	X	517661317
133363565	56632235	43	M	1	1	X	517661341
133464896	56634281	44	M	9	0	X	517661320
133465013	56632155	10	M	1	2	450100871	X
133465016	56632155	44	M	9	0	X	517668934
133603586	56632757	68	F	1	0	X	X
133603587	56632757	73	M	1	1	X	X
134280439	56633375	47	F	1	0	X	517661126
134366178	56633329	63	M	1	0	X	517668946
134366182	56632173	63	M	1	0	X	517661424
134483346	56632884	27	F	1	0	X	517661316
134492665	56633585	57	M	1	1	X	517661219
134492669	56632537	57	M	1	1	X	517669029
134492681	56632867	57	M	1	1	X	517661219
134492682	56632867	55	F	1	0	X	517661342
135030619	56632911	17	M	1	2	450100874	517668906
135030621	56632911	40	F	1	1	X	517668930
135209371	56633103	47	F	1	0	X	517661073
135209380	56632857	55	M	1	1	X	517668936
135209381	56632857	47	F	1	0	X	517660989
135564776	56634121	21	M	1	0	X	517661381
135847414	56634960	4	M	8	12	450099883	X
135847415	56634960	27	M	1	0	X	517661200
135847416	56634960	23	F	8	10	X	517661168
135847468	56635095	4	M	8	12	450099883	X
135847470	56635095	23	F	8	10	X	517660989
135864813	56633938	58	F	1	10	X	517661188
135864814	56633938	55	M	1	0	X	517661346
135950246	56633921	68	M	1	0	X	X
136224940	56632761	87	M	1	0	X	X
136224998	56633294	87	M	1	0	X	X
136225003	56634004	87	M	1	0	X	X
136225005	56634079	87	M	1	0	X	X
136455084	56632077	3	M	1	2	X	X
136455085	56632077	26	M	1	0	X	517668963
136455086	56632077	25	F	1	1	X	X
136541183	56632448	31	M	1	0	X	517668904
136649664	56634915	47	F	1	1	X	X
136649665	56634915	56	M	1	0	X	517661320
136925007	56633284	3	M	1	2	X	X
136925008	56633284	10	F	1	2	450100871	X
137073065	56634068	65	F	1	1	X	X
137291305	56633636	54	M	1	0	X	517669033
137291318	56632158	54	M	1	0	X	517668922
137593868	56634625	5	F	1	2	450100872	X
137593870	56634625	10	M	1	2	450100871	X
137593888	56634627	5	F	1	2	450100872	X
137593890	56634627	10	M	1	2	450100871	X
137874422	56633408	21	F	1	2	X	517661336
137874447	56633870	48	F	1	0	X	517668930
137874448	56633870	49	M	1	1	X	517661019
138107789	56633966	35	M	1	0	X	X
138297359	56634101	47	M	1	0	X	517660989
138497927	56632650	47	M	1	0	X	517668894
138594746	56634936	52	M	1	0	X	X
138594747	56634936	47	F	1	1	X	517666442
138594830	56634286	52	M	1	0	X	X
138594831	56634286	47	F	1	1	X	517661064
139100105	56632626	52	M	1	1	X	517668936
139100106	56632626	52	F	1	0	X	517661010
139109467	56632792	18	M	1	2	450100874	517668930
139109469	56632792	10	M	1	2	450100871	X
139276555	56634728	62	M	1	1	X	X
139276556	56634728	59	F	1	0	X	X
139662774	56633121	74	F	1	1	X	X
139859005	56632776	33	M	1	0	X	517661146
139859047	56634759	33	M	1	0	X	517661074
139872904	56633208	63	F	1	10	X	X
139872905	56633208	60	M	1	0	X	517668930
140089815	56633327	67	M	1	0	X	517669004
140089852	56634439	64	F	1	1	X	517661227
140192842	56633295	11	M	1	2	450100876	X
140192844	56633295	52	M	1	0	X	517669026
140214670	56633318	62	M	1	0	X	X
140214691	56634212	59	F	1	1	X	517661188
140222642	56632462	62	M	1	0	X	517661416
140222658	56634876	62	M	1	0	X	517661316
140260386	56632937	50	F	1	0	X	517661093
140273488	56632691	39	M	1	0	X	X
140626957	56634888	60	F	1	1	X	517661411
140626975	56634761	60	F	1	1	X	517660981
140945030	56633398	22	M	1	2	X	517661216
140954384	56634956	12	F	9	2	450100876	X
140954385	56634956	11	F	9	2	450100876	X
140954406	56634726	9	M	9	2	450100871	X
140954408	56634726	12	F	9	2	450100876	X
140954409	56634726	11	F	9	2	450100876	X
140954411	56634726	16	F	1	2	450100874	517661175
140954439	56634263	11	F	9	2	X	X
140954440	56634263	34	F	1	0	X	517661152
140954441	56634263	16	F	1	2	450100874	517661074
140977431	56633723	0	F	1	2	X	X
140977432	56633723	9	M	1	2	450066968	X
141088707	56632568	44	F	1	1	X	517668946
141088711	56634248	44	F	1	1	X	517498883
141088749	56632820	44	F	1	1	X	517669025
141133178	56633083	62	M	1	0	X	517660999
141133185	56634205	54	F	1	1	X	517661093
141133186	56634205	62	M	1	0	X	517661093
141345174	56634422	86	F	1	1	X	X
141417601	56632769	25	F	1	1	X	X
141417613	56634054	25	F	1	1	X	X
141417614	56634054	25	M	1	0	X	517661068
141564627	56634729	24	F	1	1	X	517661093
141564628	56634729	27	M	1	0	X	517661330
141564629	56634729	0	F	1	2	X	X
141640480	56635067	92	M	1	0	X	X
141675186	56633777	48	F	1	1	X	X
142105399	56633219	28	F	1	0	X	X
142351049	56634393	86	F	1	0	X	X
142351050	56634393	66	F	1	2	X	X
142527810	56633533	56	F	1	0	X	X
142910436	56632212	76	M	1	0	X	517661093
142910476	56634592	76	M	1	0	X	517788489
142910477	56634592	72	F	1	1	X	X
142977714	56634958	87	F	1	0	X	X
142977715	56634958	92	M	1	1	X	X
142977752	56634929	87	F	1	0	X	X
143010880	56632139	27	F	1	0	X	517661318
143010881	56632139	29	M	1	1	X	517668930
143129382	56633969	63	M	1	0	X	X
143247351	56632837	45	F	1	10	X	517661408
143247386	56633395	55	M	1	0	X	517661238
143258259	56634103	83	F	1	0	X	X
143443110	56634917	52	F	1	1	X	517661330
143443112	56632277	52	F	1	1	X	517661028
143443115	56632877	54	M	1	0	X	X
144606876	56633957	0	F	1	2	X	X
144701481	56632505	9	F	1	2	450100871	X
144716513	56632260	8	M	1	5	450100871	X
144716514	56632260	12	F	1	5	450100876	X
144716516	56632260	58	M	1	0	X	517661021
144716618	56632308	8	M	1	5	450100871	X
144716619	56632308	12	F	1	5	450100876	X
144716620	56632308	10	M	1	5	450100871	X
144716635	56632553	10	M	1	5	450100871	X
144716636	56632553	58	M	1	0	X	517661345
144716643	56632078	8	M	1	5	450100871	X
144716644	56632078	12	F	1	5	450100876	X
144716646	56632078	58	M	1	0	X	517669030
144716647	56632078	54	F	1	1	X	517661495
144926856	56632364	63	F	1	1	X	X
144926857	56632364	74	M	1	0	X	X
145071474	56633088	31	M	1	0	X	517669026
145071526	56634844	31	M	1	0	X	517660996
145071528	56633386	31	M	1	0	X	517668934
145071553	56632831	31	M	1	0	X	517661331
145562014	56632219	54	F	1	1	X	517669026
145562015	56632219	53	M	1	0	X	517661363
145638465	56632144	20	F	1	9	X	517660989
145638467	56632144	21	F	1	0	X	X
145638468	56632144	1	F	1	12	X	X
145838955	56633506	60	M	1	0	X	517661146
145838972	56634630	60	M	1	0	X	517661165
145955040	56632617	10	F	1	2	450100871	X
145955078	56634740	31	F	1	0	X	517661330
145955080	56634740	10	F	1	2	450100871	X
146033699	56633882	40	F	1	1	X	517661292
146524199	56633322	34	M	1	0	X	X
146524200	56634366	34	M	1	0	X	X
146524205	56633276	34	M	1	0	X	X
146608136	56634824	84	M	1	0	X	X
146608137	56634824	81	F	1	1	X	X
146608158	56634448	84	M	1	0	X	X
146608159	56634448	81	F	1	1	X	X
146700483	56632359	60	M	1	0	X	517661100
146700485	56632359	32	F	1	6	X	X
146700486	56632359	2	M	1	5	X	X
146711522	56635000	74	M	1	9	X	X
146711523	56635000	81	M	1	0	X	X
146711558	56634652	74	M	1	9	X	X
146801658	56633904	38	F	1	1	X	517661326
146801659	56633904	17	M	1	2	450100874	517660989
147656307	56633330	68	F	1	1	X	X
147656308	56633330	73	M	1	0	X	X
147696043	56633549	55	F	1	1	X	517661330
147696053	56634436	55	F	1	1	X	517661416
147944750	56632555	63	F	1	1	X	X
147944760	56632886	63	F	1	1	X	X
147944800	56634900	63	F	1	1	X	X
148393062	56633000	59	F	1	0	X	517661200
148393078	56633234	59	F	1	0	X	517661428
148393092	56633117	59	F	1	0	X	517668930
148393093	56633117	57	M	1	1	X	517668936
148469855	56633997	92	M	1	0	X	X
148596719	56633603	33	M	1	0	X	517661381
148596720	56633603	8	M	1	2	450100871	X
148618719	56634635	42	M	1	2	X	X
148618720	56634635	63	F	1	0	X	X
148618751	56633299	42	M	1	2	X	X
148626073	56632569	54	M	1	0	X	517661216
148626074	56632569	54	F	1	1	X	517668936
148998500	56634706	29	F	1	1	X	517661328
148998503	56634706	8	F	1	2	450100871	X
148998727	56633392	30	M	1	0	X	517668930
148998728	56633392	8	F	1	2	450100871	X
148998759	56634974	6	F	1	2	450100872	X
148998760	56634974	29	F	1	1	X	517668922
148998830	56632236	29	F	1	1	X	517661084
148998831	56632236	2	F	1	2	X	X
148998832	56632236	30	M	1	0	X	517668930
148998833	56632236	8	F	1	2	450100871	X
149443122	56634646	86	M	1	0	X	X
149859623	56633271	57	F	1	1	X	517661137
150026981	56633884	22	M	1	2	X	517661199
150026984	56632932	22	M	1	2	X	517669033
150026994	56632685	54	F	1	0	X	517669035
150026995	56632685	57	M	1	1	X	517661360
150143887	56632528	31	M	1	10	X	517661377
150143890	56633212	31	M	1	10	X	517669033
150143908	56634537	31	M	1	10	X	517661087
150330628	56634778	5	M	1	2	450099883	X
150330629	56634778	6	F	1	2	450100871	X
150361358	56634963	45	F	1	1	X	517661343
150422332	56633485	50	F	1	0	X	517668922
150572995	56634256	86	F	1	0	X	X
150595735	56633242	73	F	1	0	X	X
150595736	56633242	76	M	1	1	X	X
150595739	56634236	73	F	1	0	X	X
150971382	56632171	60	F	1	1	X	X
150971384	56632171	63	M	1	0	X	X
150971388	56635014	60	F	1	1	X	X
150971389	56635014	88	F	1	4	X	X
150971390	56635014	63	M	1	0	X	X
150971407	56634508	88	F	1	4	X	X
150971408	56634508	63	M	1	0	X	X
150971416	56632436	88	F	1	4	X	X
150982041	56634365	30	F	1	1	X	517661034
150982042	56634365	37	M	1	0	X	517661190
151045227	56633821	52	M	1	0	X	517661179
151045228	56633821	53	F	1	1	X	X
151045247	56632973	52	M	1	0	X	517661408
151045248	56632973	53	F	1	1	X	X
151225514	56633320	51	F	1	1	X	517661219
151337666	56634390	16	F	1	2	450100874	517660989
151337668	56634390	45	F	1	0	X	517502794
151586546	56633053	47	M	1	0	X	517661165
151586548	56632550	47	M	1	0	X	517661093
151586549	56632550	34	F	6	1	X	517661021
151586566	56632464	47	M	1	0	X	517669034
151799105	56632163	17	F	1	2	450100874	517668921
151799145	56632581	17	F	1	2	450100874	517668930
152174177	56632216	64	M	1	0	X	517668930
152184517	56633901	54	F	9	0	X	X
152184518	56633901	25	M	1	2	X	517661372
152533098	56633272	41	M	1	0	X	517661031
152533099	56633272	39	F	1	1	X	517661165
152555778	56633319	61	F	1	0	X	517661416
152654351	56633357	9	M	1	2	450100871	X
152654353	56633357	34	M	1	1	X	517668930
152744241	56634074	49	F	1	1	X	517669033
153292087	56634590	72	M	1	1	X	517661168
153471234	56633691	52	F	1	1	X	517661144
153471235	56633691	57	M	1	0	X	517503722
153641261	56633023	25	F	1	0	X	517661130
153641270	56634538	22	F	1	9	X	517661330
153783970	56634304	76	M	1	1	X	X
153783971	56634304	76	F	1	0	X	517661259
154202634	56632716	25	M	1	0	X	517661093
154548532	56634930	56	M	1	10	X	517668962
155690596	56632185	15	M	1	2	450100874	X
155690598	56632185	43	M	1	1	X	517668930
155690599	56632185	35	F	1	0	X	517661330
155720676	56634908	50	M	1	0	X	517661188
155720677	56634908	39	F	1	1	X	517661206
155720678	56634908	10	M	1	2	450100871	X
156091286	56634333	4	M	1	2	X	X
156091287	56634333	30	F	1	0	X	517660982
156091289	56634333	6	M	1	2	450100871	X
156091306	56633753	4	M	1	2	X	X
156091307	56633753	30	F	1	0	X	517661330
156091308	56633753	12	F	1	2	450100876	X
156194929	56634524	51	F	1	0	X	517661313
156194930	56634524	50	M	1	1	X	517661408
156197902	56633333	47	M	1	1	X	517661330
156197904	56633333	19	F	1	2	X	517661330
156197967	56633229	24	M	1	2	X	517668697
156197969	56633229	50	F	1	0	X	517668940
156379695	56633737	70	M	1	0	X	X
156379696	56633737	66	F	1	1	X	517666472
156801789	56634865	61	F	1	0	X	517661381
156801794	56634362	74	M	1	10	X	517661415
157218460	56633238	23	M	1	1	X	517666886
157218461	56633238	26	F	1	0	X	517668962
157218476	56632848	23	M	1	1	X	517661220
157340246	56632229	77	F	1	1	X	X
157819246	56632442	92	F	1	0	X	X
157919406	56632573	34	M	1	1	X	517668940
157919408	56632573	31	F	1	0	X	517668908
157919409	56632573	3	F	1	2	450066968	X
157970085	56633377	68	M	1	0	X	X
158216182	56632327	46	M	1	0	X	517661036
158216183	56632327	52	M	1	8	X	517668895
158216184	56632327	53	M	1	8	X	517661048
158216200	56633831	46	M	1	0	X	517668909
158286037	56632788	38	F	1	0	X	517665637
158286039	56632788	43	M	1	1	X	517661074
158286041	56632788	6	M	1	2	450100872	X
158602332	56633059	52	F	1	1	X	517669026
158602333	56633059	57	M	1	0	X	517661301
158602358	56634628	52	F	1	1	X	517501751
158602359	56634628	57	M	1	0	X	517661330
159199872	56632813	30	M	1	0	X	517661093
159199873	56632813	28	F	1	1	X	517661158
159426978	56634691	15	F	1	2	450100874	X
159426979	56634691	36	F	1	0	X	517661188
159426982	56633490	15	F	1	2	450100874	X
159426984	56633490	13	M	1	2	450100876	X
159426985	56633490	39	M	1	1	X	517660989
159427111	56632149	36	F	1	0	X	517660980
159427112	56632149	13	M	1	2	450100876	X
159427146	56633465	15	F	1	2	450100874	X
159427149	56633465	39	M	1	1	X	517661416
159442764	56632539	50	M	1	8	X	517668930
159442783	56634435	46	F	1	0	X	X
159552116	56632936	41	F	1	0	X	517661146
159552117	56632936	47	M	1	1	X	517661093
159552118	56632936	23	F	1	2	X	517668930
159552177	56633262	47	M	1	1	X	517661215
159552182	56633400	41	F	1	0	X	517661228
159552184	56633400	23	F	1	2	X	517666285
159844644	56633065	75	F	1	1	X	X
159844645	56633065	76	M	1	0	X	X
159892676	56634381	67	F	1	1	X	X
160345532	56632422	27	F	1	0	X	517668943
160444154	56632793	56	M	1	1	X	517661021
160577607	56633770	47	F	1	1	X	517668685
160577609	56633315	47	F	1	1	X	517668960
160583559	56634469	54	M	1	1	X	517661093
160583560	56634469	52	F	1	0	X	517660989
160637858	56632625	51	F	1	1	X	517665902
160637859	56632625	63	M	1	0	X	517669033
160804720	56634428	25	M	1	0	X	517660999
160954861	56633682	1	M	1	2	X	X
160954867	56634679	25	M	1	1	X	517660989
160954896	56634076	3	F	1	2	X	X
160954898	56634076	24	F	1	0	X	X
160954905	56633829	1	M	1	2	X	X
160954906	56633829	24	F	1	0	X	X
161013693	56633681	59	F	1	1	X	X
161013723	56632946	59	F	1	1	X	X
161013733	56633116	59	F	1	1	X	X
161013734	56633116	71	M	1	0	X	517669035
161472644	56633466	53	M	1	0	X	X
161707831	56634099	60	F	1	2	X	X
161819371	56634674	61	M	1	0	X	X
161819372	56634674	57	F	1	1	X	517661093
161921333	56632641	73	F	1	0	X	X
161970707	56634514	23	F	1	1	X	517661188
161970718	56634591	27	M	1	0	X	517661093
162180320	56634858	49	F	1	10	X	517661146
162180333	56633418	49	M	1	0	X	517661093
162180335	56633418	49	F	1	10	X	517661330
162213064	56634808	55	M	1	0	X	517661021
162213098	56632112	55	M	1	0	X	517661402
162213099	56632112	54	F	1	1	X	517661064
162227897	56634396	54	M	1	1	X	517661259
162227898	56634396	48	F	1	0	X	517661030
162549594	56632571	60	M	1	0	X	517660990
162883498	56634375	44	F	1	0	X	X
162883526	56634444	44	F	1	0	X	X
162883533	56634065	52	M	1	1	X	517661330
162883534	56634065	44	F	1	0	X	X
162912828	56634308	18	F	1	10	X	X
162912888	56632322	18	F	1	10	X	X
162912889	56632322	19	M	1	0	X	517660858
162912894	56632372	18	F	1	10	X	X
162912895	56632372	19	M	1	0	X	517669031
162912928	56635097	18	F	1	10	X	X
162912929	56635097	19	M	1	0	X	517661381
162912932	56634747	18	F	1	10	X	X
162912933	56634747	19	M	1	0	X	517668942
162914745	56632558	3	M	1	2	450099883	X
162914746	56632558	1	F	1	2	X	X
162914749	56632558	28	F	1	0	X	517660992
162914786	56634777	27	M	1	1	X	517660999
162914788	56634777	1	F	1	2	X	X
162914804	56635082	27	M	1	1	X	517661045
162914806	56635082	1	F	1	2	X	X
162914807	56635082	6	M	1	2	450100872	X
162914808	56635082	7	M	1	2	450100871	X
163044888	56633756	68	F	1	0	X	X
163510536	56633757	61	M	1	0	X	517661093
163604571	56632834	30	M	1	0	X	517661093
163604581	56634997	30	M	1	0	X	517661028
163703375	56634486	76	F	1	0	X	X
163703378	56635017	76	F	1	0	X	X
