sp_id	stcotrbg	hh_race	hh_income	latitude	longitude
56545008	560099564001	1	67740	42.7773907	-105.3863893
56545009	560099564001	1	28000	42.7773219	-105.4134135
56545010	560099564001	1	97000	42.7661476	-105.3792125
56545011	560099564001	1	30000	42.7783173	-105.4134517
56545012	560099564001	1	85000	42.7830839	-105.4158612
56545013	560099564001	1	108000	42.7740281	-105.3840991
56545014	560099564001	1	96000	42.7797104	-105.3948664
56545015	560099564001	8	18000	42.7774481	-105.3850176
56545016	560099564001	1	43500	42.7799766	-105.3947829
56545017	560099564001	1	97000	42.7753266	-105.3836005
56545018	560099564001	1	96500	42.7790020	-105.3944222
56545019	560099564001	1	81000	42.7806965	-105.3950074
56545020	560099564001	1	121800	42.7827225	-105.4171246
56545021	560099564001	1	139000	42.7719459	-105.3670967
56545022	560099564001	1	52530	42.7762893	-105.3839700
56545023	560099564001	1	38000	42.7650196	-105.3815074
56545024	560099564001	1	73000	42.7769581	-105.3837587
56545025	560099564001	1	82800	42.7791375	-105.3844019
56545026	560099564001	1	444000	42.7777384	-105.3843677
56545027	560099564001	1	152130	42.7803909	-105.4123791
56545028	560099564001	1	30000	42.7811397	-105.4132253
56545029	560099564001	1	30500	42.7823713	-105.4147540
56545030	560099564001	1	68500	42.7820741	-105.4162097
56545031	560099564001	1	133100	42.7822826	-105.4152809
56545032	560099564001	1	28500	42.7807670	-105.4143420
56545033	560099564001	1	80000	42.7817320	-105.4130191
56545034	560099564001	1	22000	42.7810581	-105.4150886
56545035	560099564001	1	197400	42.7804665	-105.4141765
56545036	560099564001	1	130500	42.7801957	-105.4112211
56545037	560099564001	1	92000	42.7815523	-105.4121869
56545038	560099564001	1	77500	42.7813336	-105.4110792
56545039	560099564001	7	46000	42.7794191	-105.4145356
56545040	560099564001	1	115000	42.7825826	-105.4175889
56545041	560099564001	1	28300	42.7790503	-105.4120584
56545042	560099564001	3	58200	42.7901432	-105.3792266
56545043	560099564001	1	144000	42.7733510	-105.3835275
56545044	560099564001	8	77100	42.7687856	-105.3881132
56545045	560099564001	1	108300	42.7681170	-105.3888291
56545046	560099564001	1	100000	42.7666966	-105.3783487
56545047	560099564001	1	56400	42.7605052	-105.3759652
56545048	560099564001	1	58000	42.7661878	-105.3818577
56545049	560099564001	1	145000	42.7627747	-105.3813915
56545050	560099564001	1	132360	42.7598941	-105.3822709
56545051	560099564001	1	14000	42.7633087	-105.3802870
56545052	560099564001	1	103000	42.7676964	-105.3773659
56545053	560099564001	1	75000	42.7672220	-105.3772297
56545054	560099564001	1	92000	42.7671475	-105.3781283
56545055	560099564001	1	130500	42.7641635	-105.3925179
56545056	560099564001	1	55000	42.7639917	-105.3925501
56545057	560099564001	1	128000	42.7677787	-105.3776518
56545058	560099564001	8	74030	42.7677461	-105.3771409
56545059	560099564001	1	63900	42.7678949	-105.3783876
56545060	560099564001	1	60000	42.7674370	-105.3771444
56545061	560099564001	1	72000	42.7679119	-105.3778083
56545062	560099564001	1	83000	42.7676335	-105.3779545
56545063	560099564001	1	22500	42.7671685	-105.3773404
56545064	560099564001	8	49960	42.7671322	-105.3779979
56545065	560099564001	1	110000	42.7678881	-105.3771744
56545066	560099564001	1	72000	42.7675476	-105.3773572
56545067	560099564001	1	117500	42.7626836	-105.3813281
56545068	560099564001	1	72000	42.7628682	-105.3807638
56545069	560099564001	1	59150	42.7677087	-105.3774470
56545070	560099564001	1	108200	42.7676886	-105.3771863
56545071	560099564001	1	51000	42.7676991	-105.3777027
56545072	560099564001	1	28000	42.7632210	-105.3806170
56545073	560099564001	1	135000	42.7630592	-105.3804907
56545074	560099564001	1	60000	42.7630490	-105.3810122
56545075	560099564001	1	93600	42.7626683	-105.3806677
56545076	560099564001	1	63000	42.7629829	-105.3803147
56545077	560099564001	1	110000	42.7630925	-105.3814036
56545078	560099564001	1	51000	42.7630623	-105.3812326
56545079	560099564001	1	231600	42.7630000	-105.3809855
56545080	560099564001	1	29300	42.7631850	-105.3805683
56545081	560099564001	1	54000	42.7628357	-105.3808162
56545082	560099564001	1	70000	42.7667542	-105.3812408
56545083	560099564001	1	80900	42.7626964	-105.3797379
56545084	560099564001	1	39000	42.7688607	-105.3779679
56545085	560099564001	1	18000	42.7684098	-105.3775821
56545086	560099564001	1	197400	42.7627373	-105.3812016
56545087	560099564001	1	23200	42.7630604	-105.3806095
56545088	560099564001	1	9600	42.7686268	-105.3779660
56545089	560099564001	1	62500	42.7684287	-105.3778648
56545090	560099564001	1	16000	42.7681078	-105.3781686
56545091	560099564001	1	18400	42.7686104	-105.3784522
56545092	560099564001	1	156000	42.7688515	-105.3778862
56545093	560099564001	1	74000	42.7687734	-105.3778024
56545094	560099564001	1	49000	42.7683856	-105.3781442
56545095	560099564001	1	47800	42.7680602	-105.3775471
56545096	560099564001	1	80700	42.7688562	-105.3780830
56545097	560099564001	1	145000	42.7686201	-105.3778917
56545098	560099564001	1	107800	42.7630816	-105.3791010
56545099	560099564001	1	92000	42.7628151	-105.3796343
56545100	560099564001	1	56000	42.7685240	-105.3782285
56545101	560099564001	1	225000	42.7684118	-105.3775413
56545102	560099564001	1	70000	42.7683533	-105.3778615
56545103	560099564001	1	51000	42.7625920	-105.3794589
56545104	560099564001	1	52200	42.7632441	-105.3795660
56545105	560099564001	1	137000	42.7627655	-105.3801550
56545106	560099564001	1	66800	42.7628804	-105.3790899
56545107	560099564001	1	16000	42.7628147	-105.3794846
56545108	560099564001	1	65000	42.7626692	-105.3793016
56545109	560099564001	1	22700	42.7631230	-105.3790340
56545110	560099564001	1	147000	42.7627040	-105.3794836
56545111	560099564001	1	184000	42.7628382	-105.3790017
56545112	560099564001	1	103300	42.7626068	-105.3797358
56545113	560099564001	1	30300	42.7668454	-105.3810413
56545114	560099564001	1	71700	42.7662883	-105.3814619
56545115	560099564001	1	127000	42.7597299	-105.3755048
56545116	560099564001	1	22800	42.7661140	-105.3806437
56545117	560099564001	1	49000	42.7666816	-105.3815951
56545118	560099564001	1	56000	42.7599026	-105.3755629
56545119	560099564001	1	23600	42.7599543	-105.3758647
56545120	560099564001	1	21000	42.7661670	-105.3807928
56545121	560099564001	1	123800	42.7660672	-105.3811503
56545122	560099564001	1	85000	42.7666036	-105.3811991
56545123	560099564001	1	73200	42.7660160	-105.3814702
56545124	560099564001	1	30400	42.7651532	-105.3822613
56545125	560099564001	1	37000	42.7654508	-105.3824483
56545126	560099564001	1	33940	42.7653881	-105.3819871
56545127	560099564001	1	28300	42.7620363	-105.3814324
56545128	560099564001	1	188000	42.7616395	-105.3816186
56545129	560099564001	1	7570	42.7622811	-105.3820760
56545130	560099564001	1	25000	42.7664968	-105.3813162
56545131	560099564001	1	87000	42.7614771	-105.3812489
56545132	560099564001	1	73000	42.7616331	-105.3812545
56545133	560099564001	1	572000	42.7621318	-105.3814733
56545134	560099564001	1	105000	42.7658399	-105.3818513
56545135	560099564001	1	50500	42.7620634	-105.3820500
56545136	560099564001	1	51000	42.7650584	-105.3818065
56545137	560099564001	1	19800	42.7651168	-105.3825052
56545138	560099564001	1	36000	42.7622875	-105.3814666
56545139	560099564001	1	54000	42.7616364	-105.3813813
56545140	560099564001	1	147000	42.7654343	-105.3818405
56545141	560099564001	1	95000	42.7604378	-105.3823343
56545142	560099564001	1	49000	42.7606096	-105.3756742
56545143	560099564001	1	155800	42.7607886	-105.3815249
56545144	560099564001	1	47800	42.7604426	-105.3823699
56545145	560099564001	1	89000	42.7606119	-105.3819555
56545146	560099564001	1	88610	42.7607649	-105.3821658
56545147	560099564001	8	18300	42.7627194	-105.3778036
56545148	560099564001	1	100000	42.7631539	-105.3778333
56545149	560099564001	1	81000	42.7633581	-105.3785982
56545150	560099564001	1	24000	42.7632801	-105.3779468
56545151	560099564001	1	340700	42.7608487	-105.3815479
56545152	560099564001	1	37400	42.7608468	-105.3822977
56545153	560099564001	1	23000	42.7625675	-105.3784945
56545154	560099564001	1	90000	42.7629240	-105.3778857
56545155	560099564001	1	15000	42.7605105	-105.3822826
56545156	560099564001	8	24000	42.7634247	-105.3782005
56545157	560099564001	1	128000	42.7606681	-105.3814061
56545158	560099564001	1	26600	42.7606967	-105.3760305
56545159	560099564001	1	99100	42.7663822	-105.3826149
56545160	560099564001	1	50000	42.7661888	-105.3820257
56545161	560099564001	3	98300	42.7611059	-105.3805720
56545162	560099564001	1	31900	42.7612719	-105.3807082
56545163	560099564001	1	71200	42.7621802	-105.3811334
56545164	560099564001	1	57000	42.7597403	-105.3810166
56545165	560099564001	1	60000	42.7659329	-105.3824666
56545166	560099564001	1	39000	42.7600361	-105.3812013
56545167	560099564001	1	97700	42.7622454	-105.3801410
56545168	560099564001	1	29200	42.7621764	-105.3811686
56545169	560099564001	1	44490	42.7622976	-105.3803828
56545170	560099564001	1	27600	42.7601915	-105.3815848
56545171	560099564001	1	37000	42.7615433	-105.3800865
56545172	560099564001	1	98600	42.7619927	-105.3810149
56545173	560099564001	1	9000	42.7606299	-105.3804102
56545174	560099564001	1	71004	42.7632062	-105.3825220
56545175	560099564001	1	108000	42.7634267	-105.3823919
56545176	560099564001	1	144000	42.7600009	-105.3820049
56545177	560099564001	1	22400	42.7599049	-105.3820227
56545178	560099564001	1	108300	42.7633047	-105.3816687
56545179	560099564001	1	76300	42.7631844	-105.3824908
56545180	560099564001	1	104800	42.7632602	-105.3824791
56545181	560099564001	1	23000	42.7608318	-105.3810668
56545182	560099564001	1	145000	42.7631168	-105.3824221
56545183	560099564001	1	56400	42.7627702	-105.3817727
56545184	560099564001	1	33000	42.7628274	-105.3820929
56545185	560099564001	1	115000	42.7607123	-105.3805638
56545186	560099564001	1	88000	42.7624368	-105.3823445
56545187	560099564001	1	19600	42.7626713	-105.3819167
56545188	560099564001	1	71000	42.7665702	-105.3788340
56545189	560099564001	1	74000	42.7662882	-105.3801966
56545190	560099564001	1	76000	42.7661232	-105.3804958
56545191	560099564001	1	185000	42.7661794	-105.3804123
56545192	560099564001	1	31000	42.7662308	-105.3801912
56545193	560099564001	1	86000	42.7783432	-105.3801206
56545194	560099564001	1	168000	42.7611300	-105.3760271
56545195	560099564001	1	75000	42.7599349	-105.3804539
56545196	560099564001	1	53700	42.7604775	-105.3802350
56545197	560099564001	1	113000	42.7597860	-105.3809285
56545198	560099564001	1	116500	42.7595809	-105.3808811
56545199	560099564001	1	100040	42.7602488	-105.3809475
56545200	560099564001	1	177000	42.7602873	-105.3805019
56545201	560099564001	1	158000	42.7781734	-105.3802600
56545202	560099564001	1	31600	42.7617217	-105.3762151
56545203	560099564001	1	24000	42.7609731	-105.3757381
56545204	560099564001	1	60000	42.7611055	-105.3756010
56545205	560099564001	1	45940	42.7780937	-105.3809198
56545206	560099564001	1	46820	42.7611824	-105.3752565
56545207	560099564001	1	20000	42.7781224	-105.3804727
56545208	560099564001	1	66770	42.7666163	-105.3784098
56545209	560099564001	1	20000	42.7779887	-105.3873036
56545210	560099564001	1	55000	42.7669255	-105.3823371
56545211	560099564001	1	70000	42.7775709	-105.3803721
56545212	560099564001	1	31000	42.7674851	-105.3783585
56545213	560099564001	1	46000	42.7733421	-105.3812423
56545214	560099564001	1	50000	42.7675125	-105.3793412
56545215	560099564001	1	51000	42.7777055	-105.3799270
56545216	560099564001	1	24100	42.7694309	-105.3784312
56545217	560099564001	1	30000	42.7677989	-105.3795956
56545218	560099564001	1	26100	42.7767727	-105.3810680
56545219	560099564001	1	87560	42.7671562	-105.3791538
56545220	560099564001	1	549200	42.7771561	-105.3817136
56545221	560099564001	1	115000	42.7778291	-105.3823460
56545222	560099564001	1	114100	42.7772110	-105.3821796
56545223	560099564001	1	73000	42.7691436	-105.3778953
56545224	560099564001	1	115000	42.7690797	-105.3780261
56545225	560099564001	1	58610	42.7696025	-105.3776322
56545226	560099564001	1	96000	42.7772930	-105.3827480
56545227	560099564001	1	285000	42.7769996	-105.3829731
56545228	560099564001	1	853500	42.7770485	-105.3822233
56545229	560099564001	1	31000	42.7775098	-105.3831860
56545230	560099564001	1	30000	42.7777592	-105.3820192
56545231	560099564001	1	40100	42.7781534	-105.3821335
56545232	560099564001	1	103000	42.7779499	-105.3812476
56545233	560099564001	1	10400	42.7781665	-105.3825988
56545234	560099564001	1	17400	42.7776803	-105.3821245
56545235	560099564001	1	85000	42.7777495	-105.3825790
56545236	560099564001	1	110000	42.7687153	-105.3786496
56545237	560099564001	1	68400	42.7639564	-105.3810360
56545238	560099564001	1	49000	42.7688264	-105.3796298
56545239	560099564001	1	116000	42.7690858	-105.3789476
56545240	560099564001	1	21030	42.7692208	-105.3791330
56545241	560099564001	1	95000	42.7633203	-105.3804581
56545242	560099564001	1	95000	42.7691606	-105.3788407
56545243	560099564001	1	75000	42.7638753	-105.3809074
56545244	560099564001	1	56900	42.7685236	-105.3797075
56545245	560099564001	1	40000	42.7692499	-105.3799602
56545246	560099564001	1	22400	42.7691775	-105.3802517
56545247	560099564001	1	92000	42.7690749	-105.3804872
56545248	560099564001	1	110200	42.7682876	-105.3792832
56545249	560099564001	1	150000	42.7683641	-105.3825028
56545250	560099564001	1	22700	42.7680914	-105.3823423
56545251	560099564001	1	169000	42.7735530	-105.3821443
56545252	560099564001	1	16000	42.7716529	-105.3832561
56545253	560099564001	1	86900	42.7688763	-105.3821072
56545254	560099564001	1	63000	42.7777838	-105.3792630
56545255	560099564001	1	66000	42.7767220	-105.3810913
56545256	560099564001	1	36400	42.7766199	-105.3816465
56545257	560099564001	1	54400	42.7623429	-105.3782682
56545258	560099564001	1	55000	42.7622570	-105.3768628
56545259	560099564001	1	122300	42.7641474	-105.3820633
56545260	560099564001	1	4290	42.7624755	-105.3749643
56545261	560099564001	1	70000	42.7641245	-105.3825053
56545262	560099564001	1	135000	42.7621771	-105.3773275
56545263	560099564001	1	47700	42.7692270	-105.3762039
56545264	560099564001	1	23100	42.7695945	-105.3773331
56545265	560099564001	1	29200	42.7620401	-105.3785827
56545266	560099564001	1	50600	42.7639816	-105.3798116
56545267	560099564001	1	118500	42.7621899	-105.3758711
56545268	560099564001	1	185700	42.7622436	-105.3757293
56545269	560099564001	1	65000	42.7699909	-105.3801094
56545270	560099564001	1	21710	42.7640060	-105.3802172
56545271	560099564001	1	165000	42.7696660	-105.3808993
56545272	560099564001	1	8200	42.7757875	-105.3821755
56545273	560099564001	1	21000	42.7781303	-105.3784570
56545274	560099564001	1	164000	42.7778236	-105.3793365
56545275	560099564001	1	20000	42.7785490	-105.3780871
56545276	560099564001	1	30000	42.7763699	-105.3824872
56545277	560099564001	1	121000	42.7749061	-105.3830228
56545278	560099564001	1	57500	42.7750334	-105.3829621
56545279	560099564001	1	169000	42.7737859	-105.3800812
56545280	560099564001	1	32100	42.7729795	-105.3806060
56545281	560099564001	1	32000	42.7682737	-105.3808585
56545282	560099564001	1	116200	42.7723082	-105.3826423
56545283	560099564001	1	95000	42.7743172	-105.3783542
56545284	560099564001	1	17600	42.7729613	-105.3778270
56545285	560099564001	1	97000	42.7699791	-105.3765966
56545286	560099564001	1	27000	42.7669956	-105.3816239
56545287	560099564001	1	56600	42.7624365	-105.3793259
56545288	560099564001	1	22700	42.7724311	-105.3770066
56545289	560099564001	1	20200	42.7708469	-105.3768521
56545290	560099564001	1	340700	42.7788374	-105.3882635
56545291	560099564001	1	74000	42.7714625	-105.3823553
56545292	560099564001	1	8500	42.7713540	-105.3778231
56545293	560099564001	1	35200	42.7703857	-105.3788916
56545294	560099564001	1	23700	42.7713047	-105.3792860
56545295	560099564001	1	60000	42.7705887	-105.3785106
56545296	560099564001	1	8400	42.7722303	-105.3789714
56545297	560099564001	1	31000	42.7705166	-105.3810754
56545298	560099564001	1	188000	42.7728686	-105.3792179
56545299	560099564001	1	127600	42.7717080	-105.3799650
56545300	560099564001	8	74030	42.7696486	-105.3820102
56545301	560099564001	1	83600	42.7705950	-105.3819231
56545302	560099564001	1	117600	42.7729266	-105.3785911
56545303	560099564001	1	3300	42.7713955	-105.3805175
56545304	560099564001	1	110200	42.7674129	-105.3736658
56545305	560099564001	1	23000	42.7785661	-105.3897210
56545306	560099564001	1	121000	42.7680766	-105.3757175
56545307	560099564001	1	56000	42.7648716	-105.3761055
56545308	560099564001	1	96700	42.7755032	-105.3794506
56545309	560099564001	1	61000	42.7704074	-105.3832419
56545310	560099564001	1	82200	42.7605185	-105.3762938
56545311	560099564001	1	91500	42.7743850	-105.3818979
56545312	560099564001	1	21400	42.7616163	-105.3770591
56545313	560099564001	1	31000	42.7750201	-105.3808625
56545314	560099564001	1	53150	42.7743409	-105.3799567
56545315	560099564001	1	22700	42.7723852	-105.3831041
56545316	560099564001	1	78000	42.7742831	-105.3816344
56545317	560099564001	1	28000	42.7649976	-105.3916801
56545318	560099564001	1	247500	42.7656086	-105.3816415
56545319	560099564001	8	51000	42.7702205	-105.3883329
56545320	560099564001	1	7300	42.7680970	-105.3816030
56545321	560099564001	1	64600	42.7709689	-105.3886256
56545322	560099564001	1	21100	42.7721640	-105.3898101
56545323	560099564001	1	24000	42.7614605	-105.3777405
56545324	560099564001	1	103050	42.7647360	-105.3932358
56545325	560099564001	1	21500	42.7676786	-105.3763773
56545326	560099564001	1	22800	42.7614795	-105.3789262
56545327	560099564001	1	56000	42.7658754	-105.3795372
56545328	560099564001	1	12000	42.7604000	-105.3786290
56545329	560099564001	1	30400	42.7656836	-105.3791706
56545330	560099564001	1	24000	42.7598771	-105.3772079
56545331	560099564001	1	50000	42.7668436	-105.3780442
56545332	560099564001	1	75000	42.7662254	-105.3738702
56545333	560099564001	1	30000	42.7663262	-105.3747886
56545334	560099564001	1	106400	42.7671570	-105.3739445
56545335	560099564001	1	79500	42.7660158	-105.3726293
56545336	560099564001	1	142000	42.7670458	-105.3750558
56545337	560099564001	1	36000	42.7668282	-105.3761932
56545338	560099564001	1	57500	42.7681386	-105.3725868
56545339	560099564001	1	8200	42.7653777	-105.3776548
56545340	560099564001	1	57350	42.7671284	-105.3727488
56545341	560099564001	1	60000	42.7656380	-105.3766195
56545342	560099564001	1	56800	42.7804505	-105.2580877
56545343	560099564001	1	285000	42.7788405	-105.3856323
56545344	560099564001	1	117000	42.7646016	-105.3729640
56545345	560099564001	1	19410	42.7796190	-105.2588302
56545346	560099564001	1	120400	42.7638304	-105.3738992
56545347	560099564001	1	101700	42.7639457	-105.3749609
56545348	560099564001	1	13200	42.7649189	-105.3724171
56545349	560099564001	1	80000	42.7649663	-105.3747931
56545350	560099564001	1	52200	42.7650950	-105.3730998
56545351	560099564001	1	17900	42.7672058	-105.3697003
56545352	560099564001	1	30000	42.7655555	-105.3929066
56545353	560099564001	1	14900	42.7665098	-105.3720077
56545354	560099564001	1	93600	42.7628876	-105.3757543
56545355	560099564001	1	27500	42.7632234	-105.3769529
56545356	560099564001	1	19000	42.7651971	-105.3914206
56545357	560099564001	1	28000	42.7628697	-105.3747372
56545358	560099564001	1	58100	42.7635780	-105.3731010
56545359	560099564001	1	100000	42.7644930	-105.3755470
56545360	560099564001	1	32000	42.7596510	-105.3778408
56545361	560099564001	1	94004	42.7663160	-105.3696492
56545362	560099564001	1	16000	42.7651968	-105.3710811
56545363	560099564001	1	9600	42.7647207	-105.3776041
56545364	560099564001	1	115000	42.7660055	-105.3684002
56545365	560099564001	1	95000	42.7635013	-105.3786282
56545366	560099564001	1	2500	42.7669628	-105.3713409
56545367	560099564001	1	116000	42.7714508	-105.2590037
56545368	560099564001	1	32000	42.7733369	-105.2591293
56545369	560099564001	1	105000	42.7638482	-105.3777152
56545370	560099564001	1	268000	42.7723602	-105.2584279
56545371	560099564001	1	106500	42.7661305	-105.3900386
56545372	560099564001	1	38000	42.7710212	-105.2582099
56545373	560099564001	1	35400	42.7678254	-105.3706465
56545374	560099564001	1	118000	42.7791940	-105.2585748
56545375	560099564001	1	16000	42.7717447	-105.2578683
56545376	560099564001	1	93600	42.7681775	-105.3716495
56545377	560099564001	1	37000	42.7779660	-105.2582702
56545378	560099564001	1	73100	42.7687238	-105.2586211
56545379	560099564001	1	71000	42.7696122	-105.3664589
56545380	560099564001	1	29600	42.7668131	-105.3923315
56545381	560099564001	1	20400	42.7659826	-105.3913496
56545382	560099564001	1	239000	42.7784663	-105.3867598
56545383	560099564001	1	169000	42.7704129	-105.3686746
56545384	560099564001	1	30100	42.7682349	-105.3686554
56545385	560099564001	1	100000	42.7692818	-105.3694011
56545386	560099564001	1	20000	42.7692308	-105.3684596
56545387	560099564001	1	30000	42.7669723	-105.3675110
56545388	560099564001	1	60000	42.7686556	-105.3683475
56545389	560099564001	1	85000	42.7674810	-105.3686118
56545390	560099564001	8	18000	42.7755188	-105.3847674
56545391	560099564001	1	166000	42.7702771	-105.3667643
56545392	560099564001	1	106970	42.7801023	-105.3933871
56545393	560099564001	1	14410	42.7706431	-105.3679013
56545394	560099564001	1	114900	42.7687360	-105.3708431
56545395	560099564001	1	14730	42.7644505	-105.3795750
56545396	560099564001	1	46000	42.7695880	-105.3690366
56545397	560099564001	1	37000	42.7658886	-105.3927803
56545398	560099564001	1	86000	42.7681863	-105.3896621
56545399	560099564001	1	60500	42.7651418	-105.3899816
56545400	560099564001	1	100660	42.7791152	-105.3931732
56545401	560099564001	1	47500	42.7787699	-105.3920879
56545402	560099564001	1	51000	42.7647837	-105.3787318
56545403	560099564001	1	72000	42.7674700	-105.3909528
56545404	560099564001	1	49000	42.7689717	-105.3719760
56545405	560099564001	1	67110	42.7762655	-105.3849319
56545406	560099564001	1	24000	42.7763576	-105.3866163
56545407	560099564001	1	117500	42.7679209	-105.3900865
56545408	560099564001	1	147000	42.7712529	-105.3674180
56545409	560099564001	1	95900	42.7603857	-105.3778356
56545410	560099564001	1	58900	42.7668508	-105.3918197
56545411	560099564001	1	88000	42.7666893	-105.3901462
56545412	560099564001	1	103300	42.7769460	-105.3849672
56545413	560099564002	1	28100	42.7616293	-105.3849921
56545414	560099564002	1	17040	42.7541922	-105.3836415
56545415	560099564002	1	130800	42.7495684	-105.3779751
56545416	560099564002	1	27600	42.7544312	-105.3830853
56545417	560099564002	1	100000	42.7612850	-105.3852561
56545418	560099564002	4	9000	42.7563247	-105.3832923
56545419	560099564002	1	55000	42.7512457	-105.3816402
56545420	560099564002	1	43000	42.7491671	-105.3816776
56545421	560099564002	1	28800	42.7514422	-105.3775065
56545422	560099564002	1	16400	42.7569424	-105.3828499
56545423	560099564002	1	30000	42.7601786	-105.3858182
56545424	560099564002	1	51000	42.7598512	-105.3848039
56545425	560099564002	1	41900	42.7567879	-105.3811716
56545426	560099564002	1	51000	42.7541270	-105.3835836
56545427	560099564002	1	30000	42.7542570	-105.3838459
56545428	560099564002	1	110000	42.7563498	-105.3824464
56545429	560099564002	1	16700	42.7567740	-105.3808099
56545430	560099564002	1	33940	42.7543345	-105.3836201
56545431	560099564002	1	57500	42.7542041	-105.3833168
56545432	560099564002	1	14600	42.7563644	-105.3805606
56545433	560099564002	1	54500	42.7568970	-105.3814135
56545434	560099564002	1	14000	42.7546583	-105.3837143
56545435	560099564002	1	15900	42.7543495	-105.3828743
56545436	560099564002	1	40500	42.7564296	-105.3827680
56545437	560099564002	1	268000	42.7662086	-105.3850633
56545438	560099564002	1	14000	42.7508783	-105.3765570
56545439	560099564002	1	77800	42.7567157	-105.3815116
56545440	560099564002	1	29200	42.7504327	-105.3762070
56545441	560099564002	1	24000	42.7502224	-105.3770490
56545442	560099564002	1	8200	42.7509768	-105.3765368
56545443	560099564002	1	33400	42.7504234	-105.3762384
56545444	560099564002	1	32800	42.7564861	-105.3829841
56545445	560099564002	1	73200	42.7658411	-105.3847688
56545446	560099564002	1	67000	42.7660420	-105.3843275
56545447	560099564002	1	91500	42.7658260	-105.3847220
56545448	560099564002	1	47700	42.7567808	-105.3822437
56545449	560099564002	1	95000	42.7664415	-105.3852923
56545450	560099564002	1	31200	42.7560334	-105.3822650
56545451	560099564002	1	0	42.7593455	-105.3814005
56545452	560099564002	1	68000	42.7499761	-105.3817441
56545453	560099564002	1	19100	42.7506450	-105.3811035
56545454	560099564002	1	23100	42.7489390	-105.3768333
56545455	560099564002	1	28800	42.7500811	-105.3819409
56545456	560099564002	1	0	42.7505809	-105.3812423
56545457	560099564002	1	106100	42.7587049	-105.3820487
56545458	560099564002	1	112000	42.7528213	-105.3780106
56545459	560099564002	1	33300	42.7497972	-105.3811601
56545460	560099564002	1	36700	42.7527976	-105.3786028
56545461	560099564002	1	23700	42.7531638	-105.3782830
56545462	560099564002	1	120000	42.7529351	-105.3781653
56545463	560099564002	1	17000	42.7527822	-105.3784280
56545464	560099564002	1	80000	42.7490124	-105.3759203
56545465	560099564002	8	38500	42.7539038	-105.3835262
56545466	560099564002	1	67600	42.7593692	-105.3819363
56545467	560099564002	1	120000	42.7593387	-105.3810371
56545468	560099564002	1	8300	42.7588063	-105.3817154
56545469	560099564002	1	88400	42.7533962	-105.3832167
56545470	560099564002	1	103000	42.7535030	-105.3833945
56545471	560099564002	1	96500	42.7532336	-105.3829710
56545472	560099564002	1	54400	42.7542753	-105.3825223
56545473	560099564002	1	64500	42.7545824	-105.3816464
56545474	560099564002	1	24200	42.7538769	-105.3834588
56545475	560099564002	1	43500	42.7637622	-105.3826997
56545476	560099564002	1	74000	42.7548458	-105.3818258
56545477	560099564002	1	11300	42.7547299	-105.3817098
56545478	560099564002	1	16000	42.7544976	-105.3822350
56545479	560099564002	1	38000	42.7605126	-105.3856596
56545480	560099564002	1	14000	42.7610191	-105.3857683
56545481	560099564002	1	44490	42.7609045	-105.3858661
56545482	560099564002	1	4290	42.7625580	-105.3844796
56545483	560099564002	1	38500	42.7622615	-105.3843182
56545484	560099564002	1	6800	42.7591361	-105.3805943
56545485	560099564002	1	96000	42.7593421	-105.3858287
56545486	560099564002	1	23100	42.7601406	-105.3855321
56545487	560099564002	1	110000	42.7624344	-105.3848002
56545488	560099564002	1	47200	42.7591753	-105.3803135
56545489	560099564002	1	60000	42.7621679	-105.3838979
56545490	560099564002	1	500	42.7607078	-105.3849737
56545491	560099564002	1	92000	42.7488084	-105.3796284
56545492	560099564002	1	40000	42.7541824	-105.3820475
56545493	560099564002	1	45000	42.7536712	-105.3815121
56545494	560099564002	1	36600	42.7487885	-105.3804654
56545495	560099564002	1	24000	42.7539292	-105.3819512
56545496	560099564002	1	118800	42.7537619	-105.3817406
56545497	560099564002	1	56300	42.7635891	-105.3927117
56545498	560099564002	1	64600	42.7487400	-105.3819292
56545499	560099564002	1	8500	42.7647968	-105.3855284
56545500	560099564002	1	23000	42.7650567	-105.3859181
56545501	560099564002	1	43000	42.7487107	-105.3830769
56545502	560099564002	1	51000	42.7650725	-105.3856677
56545503	560099564002	1	67200	42.7652840	-105.3866469
56545504	560099564002	1	126900	42.7516150	-105.3784739
56545505	560099564002	8	48000	42.7511409	-105.3781290
56545506	560099564002	1	108200	42.7515897	-105.3784143
56545507	560099564002	1	19200	42.7513891	-105.3777244
56545508	560099564002	1	7900	42.7544508	-105.3831765
56545509	560099564002	3	8000	42.7541575	-105.3837468
56545510	560099564002	1	16000	42.7549511	-105.3830414
56545511	560099564002	1	69600	42.7548624	-105.3838377
56545512	560099564002	1	85000	42.7549304	-105.3831726
56545513	560099564002	1	100000	42.7544373	-105.3834139
56545514	560099564002	1	50000	42.7511816	-105.3778665
56545515	560099564002	8	20000	42.7541979	-105.3831800
56545516	560099564002	1	10400	42.7543552	-105.3838229
56545517	560099564002	1	18000	42.7549135	-105.3828556
56545518	560099564002	1	53000	42.7548042	-105.3839020
56545519	560099564002	1	145000	42.7547681	-105.3829921
56545520	560099564002	1	45300	42.7546432	-105.3834012
56545521	560099564002	1	43000	42.7545954	-105.3834473
56545522	560099564002	1	176000	42.7512123	-105.3777576
56545523	560099564002	1	43000	42.7514180	-105.3780574
56545524	560099564002	1	224700	42.7511386	-105.3785791
56545525	560099564002	1	33200	42.7510998	-105.3780235
56545526	560099564002	1	8400	42.7514820	-105.3779661
56545527	560099564002	1	8200	42.7510138	-105.3781480
56545528	560099564002	1	30200	42.7515919	-105.3780165
56545529	560099564002	1	20000	42.7565993	-105.3839109
56545530	560099564002	1	17500	42.7524052	-105.3788362
56545531	560099564002	1	50000	42.7632840	-105.3915084
56545532	560099564002	1	103050	42.7513663	-105.3765878
56545533	560099564002	1	8200	42.7628352	-105.3915865
56545534	560099564002	1	14310	42.7631304	-105.3924583
56545535	560099564002	1	25000	42.7573420	-105.3824851
56545536	560099564002	1	17300	42.7631928	-105.3919102
56545537	560099564002	1	145200	42.7515341	-105.3781296
56545538	560099564002	1	43100	42.7511227	-105.3781501
56545539	560099564002	1	16000	42.7508922	-105.3781835
56545540	560099564002	1	35000	42.7511839	-105.3775648
56545541	560099564002	1	130800	42.7624884	-105.3920202
56545542	560099564002	1	6200	42.7631857	-105.3923787
56545543	560099564002	1	8000	42.7629257	-105.3917237
56545544	560099564002	1	39000	42.7628512	-105.3913450
56545545	560099564002	1	9200	42.7629811	-105.3917420
56545546	560099564002	1	14310	42.7627291	-105.3924635
56545547	560099564002	1	151700	42.7630557	-105.3915241
56545548	560099564002	1	24000	42.7629274	-105.3920804
56545549	560099564002	1	8400	42.7628933	-105.3923763
56545550	560099564002	1	101000	42.7626189	-105.3916607
56545551	560099564002	1	54300	42.7510805	-105.3763421
56545552	560099564002	1	59000	42.7630226	-105.3915631
56545553	560099564002	1	22500	42.7511107	-105.3772162
56545554	560099564002	1	56300	42.7622340	-105.3924036
56545555	560099564002	1	19400	42.7622390	-105.3915073
56545556	560099564002	8	44200	42.7623478	-105.3923600
56545557	560099564002	1	60000	42.7618014	-105.3913204
56545558	560099564002	1	20250	42.7622728	-105.3912788
56545559	560099564002	1	65000	42.7617411	-105.3922960
56545560	560099564002	1	80000	42.7622026	-105.3923076
56545561	560099564002	1	15300	42.7616984	-105.3918889
56545562	560099564002	1	45800	42.7618773	-105.3922645
56545563	560099564002	1	30400	42.7621692	-105.3919016
56545564	560099564002	1	85500	42.7624189	-105.3915137
56545565	560099564002	1	153800	42.7617108	-105.3917025
56545566	560099564002	1	21000	42.7619884	-105.3917009
56545567	560099564002	1	64000	42.7623065	-105.3916565
56545568	560099564002	1	17400	42.7622479	-105.3915906
56545569	560099564002	1	92000	42.7642018	-105.3918711
56545570	560099564002	1	130240	42.7639490	-105.3914943
56545571	560099564002	1	57000	42.7634278	-105.3918437
56545572	560099564002	1	5050	42.7641573	-105.3920719
56545573	560099564002	1	37000	42.7638127	-105.3914428
56545574	560099564002	1	14310	42.7641551	-105.3916461
56545575	560099564002	1	70000	42.7639917	-105.3922458
56545576	560099564002	1	16800	42.7640483	-105.3917120
56545577	560099564002	1	16000	42.7636931	-105.3915368
56545578	560099564002	1	33000	42.7642402	-105.3916505
56545579	560099564002	8	148800	42.7640164	-105.3919927
56545580	560099564002	1	38000	42.7634543	-105.3919666
56545581	560099564002	1	22600	42.7636191	-105.3923489
56545582	560099564002	1	17000	42.7638360	-105.3917207
56545583	560099564002	1	7100	42.7637859	-105.3917366
56545584	560099564002	1	15300	42.7521013	-105.3790515
56545585	560099564002	1	76800	42.7632165	-105.3827097
56545586	560099564002	1	75250	42.7644484	-105.3851260
56545587	560099564002	1	231600	42.7642523	-105.3828675
56545588	560099564002	1	20200	42.7510742	-105.3768399
56545589	560099564002	3	46200	42.7517743	-105.3772640
56545590	560099564002	1	55000	42.7518289	-105.3772675
56545591	560099564002	1	93200	42.7512875	-105.3766271
56545592	560099564002	1	141000	42.7518814	-105.3765511
56545593	560099564002	1	43000	42.7516094	-105.3764494
56545594	560099564002	1	22610	42.7643519	-105.3835297
56545595	560099564002	1	27000	42.7517156	-105.3764819
56545596	560099564002	1	22000	42.7512075	-105.3768220
56545597	560099564002	1	78000	42.7511105	-105.3772676
56545598	560099564002	1	120000	42.7646691	-105.3837353
56545599	560099564002	1	13800	42.7518725	-105.3766596
56545600	560099564002	1	86000	42.7514156	-105.3772475
56545601	560099564002	1	100000	42.7640808	-105.3850912
56545602	560099564002	1	1100	42.7643627	-105.3832444
56545603	560099564002	1	26100	42.7647143	-105.3833905
56545604	560099564002	1	36000	42.7645291	-105.3834891
56545605	560099564002	1	82500	42.7645690	-105.3832802
56545606	560099564002	1	177140	42.7642949	-105.3840692
56545607	560099564002	1	58000	42.7642802	-105.3833727
56545608	560099564002	1	26100	42.7643177	-105.3830907
56545609	560099564002	1	42300	42.7646883	-105.3850310
56545610	560099564002	1	0	42.7643515	-105.3837105
56545611	560099564002	1	66600	42.7640849	-105.3834129
56545612	560099564002	1	178000	42.7645095	-105.3832780
56545613	560099564002	8	24000	42.7645486	-105.3847701
56545614	560099564002	1	135000	42.7647198	-105.3849075
56545615	560099564002	1	24400	42.7643189	-105.3847940
56545616	560099564002	1	4700	42.7632226	-105.3828327
56545617	560099564002	1	8540	42.7530781	-105.3821862
56545618	560099564002	1	19410	42.7641867	-105.3850623
56545619	560099564002	1	18200	42.7646738	-105.3845608
56545620	560099564002	3	30600	42.7646745	-105.3843083
56545621	560099564002	1	34200	42.7642811	-105.3849475
56545622	560099564002	1	15300	42.7647120	-105.3843236
56545623	560099564002	1	19200	42.7643191	-105.3843525
56545624	560099564002	1	86000	42.7645663	-105.3850967
56545625	560099564002	1	115000	42.7529493	-105.3817814
56545626	560099564002	1	17600	42.7526581	-105.3821357
56545627	560099564002	1	24200	42.7532147	-105.3813413
56545628	560099564002	1	69000	42.7527077	-105.3813508
56545629	560099564002	8	18300	42.7524500	-105.3819152
56545630	560099564002	1	2700	42.7530152	-105.3822552
56545631	560099564002	1	84850	42.7530525	-105.3815776
56545632	560099564002	1	96800	42.7635228	-105.3837233
56545633	560099564002	1	7300	42.7518612	-105.3759649
56545634	560099564002	1	23000	42.7526477	-105.3817514
56545635	560099564002	1	36000	42.7525162	-105.3821640
56545636	560099564002	1	40400	42.7529000	-105.3817698
56545637	560099564002	1	35000	42.7519262	-105.3760489
56545638	560099564002	1	85000	42.7515278	-105.3759697
56545639	560099564002	1	1100	42.7517861	-105.3759497
56545640	560099564002	1	100000	42.7635355	-105.3839361
56545641	560099564002	1	54400	42.7636962	-105.3834848
56545642	560099564002	1	18800	42.7633078	-105.3836462
56545643	560099564002	1	39500	42.7634908	-105.3838739
56545644	560099564002	1	116500	42.7636624	-105.3835128
56545645	560099564002	1	87700	42.7630612	-105.3838716
56545646	560099564002	1	6200	42.7635139	-105.3828028
56545647	560099564002	5	25000	42.7516949	-105.3794774
56545648	560099564002	1	65720	42.7542060	-105.3797463
56545649	560099564002	1	69060	42.7537499	-105.3794489
56545650	560099564002	1	60000	42.7638055	-105.3828454
56545651	560099564002	1	116500	42.7551347	-105.3810775
56545652	560099564002	1	71400	42.7547209	-105.3803044
56545653	560099564002	1	24000	42.7543541	-105.3807725
56545654	560099564002	1	52010	42.7549915	-105.3806426
56545655	560099564002	1	65000	42.7539983	-105.3800794
56545656	560099564002	1	41500	42.7548229	-105.3813743
56545657	560099564002	1	61400	42.7548836	-105.3806333
56545658	560099564002	1	17400	42.7549877	-105.3812817
56545659	560099564002	1	71700	42.7543238	-105.3807440
56545660	560099564002	1	7800	42.7544309	-105.3808702
56545661	560099564002	1	16300	42.7546937	-105.3807220
56545662	560099564002	1	2100	42.7537351	-105.3800677
56545663	560099564002	1	43000	42.7538631	-105.3800155
56545664	560099564002	1	208790	42.7535774	-105.3796458
56545665	560099564002	1	71100	42.7538886	-105.3790587
56545666	560099564002	1	10600	42.7540323	-105.3796841
56545667	560099564002	1	53600	42.7537895	-105.3794837
56545668	560099564002	1	78000	42.7536326	-105.3790691
56545669	560099564002	5	77000	42.7524460	-105.3795252
56545670	560099564002	1	30400	42.7603846	-105.3835677
56545671	560099564002	1	27500	42.7528218	-105.3830960
56545672	560099564002	1	41020	42.7524454	-105.3833549
56545673	560099564002	1	17400	42.7529241	-105.3825414
56545674	560099564002	1	119500	42.7524513	-105.3828898
56545675	560099564002	1	1800	42.7529990	-105.3825670
56545676	560099564002	1	52000	42.7531349	-105.3834168
56545677	560099564002	1	132400	42.7531332	-105.3830324
56545678	560099564002	1	85500	42.7606858	-105.3840587
56545679	560099564002	1	102400	42.7608874	-105.3838701
56545680	560099564002	1	8700	42.7528706	-105.3837365
56545681	560099564002	1	103000	42.7526535	-105.3836864
56545682	560099564002	1	7520	42.7608928	-105.3844740
56545683	560099564002	1	30000	42.7609538	-105.3839071
56545684	560099564002	1	65000	42.7605262	-105.3838939
56545685	560099564002	1	90000	42.7520334	-105.3791440
56545686	560099564002	1	8200	42.7619544	-105.3845462
56545687	560099564002	1	24100	42.7611145	-105.3847532
56545688	560099564002	1	42000	42.7611716	-105.3846201
56545689	560099564002	1	35734	42.7611202	-105.3840893
56545690	560099564002	1	88500	42.7619433	-105.3846134
56545691	560099564002	1	9200	42.7615426	-105.3848966
56545692	560099564002	1	222080	42.7618305	-105.3839248
56545693	560099564002	1	21400	42.7520141	-105.3794561
56545694	560099564002	1	23000	42.7615084	-105.3839476
56545695	560099564002	1	8400	42.7615491	-105.3844588
56545696	560099564002	1	94004	42.7615972	-105.3843263
56545697	560099564002	1	14000	42.7519476	-105.3789926
56545698	560099564002	1	85500	42.7616833	-105.3849418
56545699	560099564002	1	53100	42.7619252	-105.3838044
56545700	560099564002	1	46500	42.7569845	-105.3841285
56545701	560099564002	1	26200	42.7562437	-105.3842047
56545702	560099564002	1	103000	42.7545023	-105.3802536
56545703	560099564002	1	23000	42.7610822	-105.3833562
56545704	560099564002	1	43000	42.7563491	-105.3835174
56545705	560099564002	1	16700	42.7567703	-105.3842558
56545706	560099564002	1	34000	42.7522802	-105.3817219
56545707	560099564002	1	22600	42.7522451	-105.3817627
56545708	560099564002	1	116000	42.7545872	-105.3796952
56545709	560099564002	1	13000	42.7552916	-105.3792486
56545710	560099564002	1	6000	42.7524203	-105.3789551
56545711	560099564002	1	98000	42.7518121	-105.3794121
56545712	560099564002	1	37500	42.7521928	-105.3816276
56545713	560099564002	1	63000	42.7522426	-105.3786780
56545714	560099564002	1	188000	42.7547041	-105.3793995
56545715	560099564002	1	33000	42.7552259	-105.3795245
56545716	560099564002	1	51300	42.7548719	-105.3791414
56545717	560099564002	1	15800	42.7545766	-105.3798743
56545718	560099564002	1	42000	42.7546803	-105.3794755
56545719	560099564002	1	25700	42.7549019	-105.3801814
56545720	560099564002	1	4900	42.7523834	-105.3780602
56545721	560099564002	1	58300	42.7519730	-105.3783840
56545722	560099564002	1	25000	42.7524636	-105.3776822
56545723	560099564002	1	19200	42.7525224	-105.3781395
56545724	560099564002	1	40000	42.7525942	-105.3780921
56545725	560099564002	1	47000	42.7525705	-105.3785440
56545726	560099564002	1	77000	42.7520606	-105.3779953
56545727	560099564002	1	42000	42.7653437	-105.3844998
56545728	560099564002	1	95920	42.7667759	-105.3830907
56545729	560099564002	1	131500	42.7619521	-105.3859650
56545730	560099564002	1	46600	42.7519418	-105.3813994
56545731	560099564002	1	84500	42.7515492	-105.3814585
56545732	560099564002	1	92000	42.7523631	-105.3813412
56545733	560099564002	1	6200	42.7620209	-105.3855735
56545734	560099564002	1	19000	42.7517984	-105.3822037
56545735	560099564002	1	66900	42.7516359	-105.3818310
56545736	560099564002	1	22600	42.7670502	-105.3829657
56545737	560099564002	1	0	42.7624314	-105.3852123
56545738	560099564002	1	7500	42.7622718	-105.3859944
56545739	560099564002	1	103000	42.7626101	-105.3851654
56545740	560099564002	1	18700	42.7668581	-105.3827568
56545741	560099564002	1	50100	42.7627957	-105.3852221
56545742	560099564002	1	78000	42.7669063	-105.3826641
56545743	560099564002	1	59800	42.7651982	-105.3844249
56545744	560099564002	1	46780	42.7571895	-105.3843534
56545745	560099564002	1	8590	42.7551892	-105.3821390
56545746	560099564002	1	65000	42.7553297	-105.3818007
56545747	560099564002	1	75000	42.7552472	-105.3817952
56545748	560099564002	8	52000	42.7573034	-105.3854832
56545749	560099564002	1	7900	42.7525395	-105.3759364
56545750	560099564002	8	37600	42.7568639	-105.3845078
56545751	560099564002	1	95930	42.7654382	-105.3852567
56545752	560099564002	1	47800	42.7564634	-105.3845979
56545753	560099564002	1	89000	42.7561346	-105.3842925
56545754	560099564002	1	9500	42.7559201	-105.3845888
56545755	560099564002	1	72300	42.7634183	-105.3855358
56545756	560099564002	1	8590	42.7633965	-105.3861709
56545757	560099564002	1	17000	42.7630065	-105.3851637
56545758	560099564002	1	20100	42.7678572	-105.3832644
56545759	560099564002	1	21000	42.7553027	-105.3796995
56545760	560099564002	1	22000	42.7646260	-105.3860254
56545761	560099564002	1	65000	42.7677269	-105.3826982
56545762	560099564002	3	8000	42.7558672	-105.3803893
56545763	560099564002	1	31500	42.7612937	-105.3829354
56545764	560099564002	1	85200	42.7646427	-105.3864048
56545765	560099564002	1	107100	42.7621130	-105.3832992
56545766	560099564002	1	133100	42.7617155	-105.3834167
56545767	560099564002	1	8400	42.7638015	-105.3862849
56545768	560099564002	1	15600	42.7614119	-105.3829386
56545769	560099564002	1	15300	42.7491311	-105.3782426
56545770	560099564002	1	57000	42.7492260	-105.3782057
56545771	560099564002	1	366400	42.7498664	-105.3777565
56545772	560099564002	1	40200	42.7622704	-105.3830610
56545773	560099564002	1	18000	42.7626520	-105.3837214
56545774	560099564002	1	57600	42.7528533	-105.3802330
56545775	560099564002	1	53100	42.7629620	-105.3836622
56545776	560099564002	1	16000	42.7532535	-105.3805330
56545777	560099564002	1	38400	42.7561570	-105.3839101
56545778	560099564002	1	23100	42.7561980	-105.3832910
56545779	560099564002	8	91000	42.7561720	-105.3832454
56545780	560099564002	1	84600	42.7529591	-105.3804371
56545781	560099564002	1	22700	42.7567112	-105.3830835
56545782	560099564002	1	35000	42.7529149	-105.3811956
56545783	560099564002	4	9000	42.7629100	-105.3833395
56545784	560099564002	1	38000	42.7633994	-105.3845959
56545785	560099564002	1	73000	42.7532327	-105.3810940
56545786	560099564002	1	53400	42.7531947	-105.3802816
56545787	560099564002	1	68640	42.7530593	-105.3809712
56545788	560099564002	1	116000	42.7634298	-105.3845252
56545789	560099564002	1	71500	42.7526770	-105.3806394
56545790	560099564002	1	18200	42.7638149	-105.3843145
56545791	560099564002	1	65000	42.7627070	-105.3834371
56545792	560099564002	1	14400	42.7630271	-105.3846547
56545793	560099564002	1	35700	42.7635322	-105.3840371
56545794	560099564002	1	100000	42.7636388	-105.3851089
56545795	560099564002	1	40000	42.7625605	-105.3828196
56545796	560099564002	1	48000	42.7635385	-105.3842279
56545797	560099564002	1	99100	42.7628829	-105.3827144
56545798	560099564002	8	58900	42.7508836	-105.3815334
56545799	560099564002	1	500	42.7661365	-105.3859679
56545800	560099564002	1	15000	42.7687579	-105.3851272
56545801	560099564002	1	42000	42.7653224	-105.3830365
56545802	560099564002	1	118000	42.7497876	-105.3770750
56545803	560099564002	8	74030	42.7650178	-105.3832252
56545804	560099564002	1	78800	42.7508940	-105.3818345
56545805	560099564002	1	67700	42.7507578	-105.3819376
56545806	560099564002	1	38001	42.7508194	-105.3863241
56545807	560099564002	1	231600	42.7509693	-105.3866613
56545808	560099564002	1	84500	42.7492549	-105.3761580
56545809	560099564002	1	36530	42.7585214	-105.3826404
56545810	560099564002	1	55000	42.7493858	-105.3764748
56545811	560099564002	1	12200	42.7493466	-105.3777065
56545812	560099564002	1	50000	42.7582275	-105.3832029
56545813	560099564002	1	122700	42.7584817	-105.3824995
56545814	560099564002	1	118600	42.7496086	-105.3782759
56545815	560099564002	1	55000	42.7494855	-105.3783378
56545816	560099564002	1	37500	42.7493252	-105.3768879
56545817	560099564002	1	15500	42.7502671	-105.3774314
56545818	560099564002	1	44490	42.7580948	-105.3826839
56545819	560099564002	1	35000	42.7585623	-105.3821228
56545820	560099564002	1	11800	42.7507485	-105.3783146
56545821	560099564002	1	64300	42.7583268	-105.3824415
56545822	560099564002	1	79790	42.7584167	-105.3829367
56545823	560099564002	1	21400	42.7498310	-105.3765021
56545824	560099564002	1	60000	42.7500500	-105.3782959
56545825	560099564002	1	31600	42.7502831	-105.3784140
56545826	560099564002	1	36000	42.7506441	-105.3776597
56545827	560099564002	1	85000	42.7503762	-105.3779477
56545828	560099564002	1	90000	42.7508485	-105.3777698
56545829	560099564002	1	96000	42.7691475	-105.3839681
56545830	560099564002	1	40200	42.7518125	-105.3872804
56545831	560099564002	1	80000	42.7496919	-105.3760334
56545832	560099564002	1	100000	42.7509238	-105.3820788
56545833	560099564002	1	17600	42.7538064	-105.3846886
56545834	560099564002	1	0	42.7496694	-105.3770293
56545835	560099564002	1	80000	42.7501396	-105.3833625
56545836	560099564002	1	20000	42.7657324	-105.3864963
56545837	560099564002	1	77000	42.7518902	-105.3870427
56545838	560099564002	1	45200	42.7487381	-105.3862567
56545839	560099564002	1	5204	42.7491460	-105.3868631
56545840	560099564002	1	45600	42.7489859	-105.3821861
56545841	560099564002	1	41400	42.7488530	-105.3820641
56545842	560099564002	1	14000	42.7568063	-105.3800163
56545843	560099564002	1	8500	42.7518896	-105.3767056
56545844	560099564002	1	10300	42.7521114	-105.3768650
56545845	560099564002	1	39000	42.7631175	-105.3875814
56545846	560099564002	1	177000	42.7506587	-105.3854270
56545847	560099564002	1	40000	42.7536374	-105.3871904
56545848	560099564002	1	42000	42.7494985	-105.3846714
56545849	560099564002	1	100000	42.7515064	-105.3824465
56545850	560099564002	1	32000	42.7494966	-105.3865403
56545851	560099564002	1	194000	42.7595504	-105.3905976
56545852	560099564002	1	65400	42.7506959	-105.3833844
56545853	560099564002	1	55000	42.7533752	-105.3775500
56545854	560099564002	1	114200	42.7623062	-105.3910570
56545855	560099564002	1	20200	42.7541293	-105.3894927
56545856	560099564002	1	7000	42.7545615	-105.3868793
56545857	560099564002	1	140000	42.7551012	-105.3852112
56545858	560099564002	1	40000	42.7602960	-105.3886712
56545859	560099564002	1	40000	42.7603529	-105.3909362
56545860	560099564002	1	37000	42.7595439	-105.3892290
56545861	560099564002	1	0	42.7616461	-105.3863287
56545862	560099564002	1	81200	42.7601742	-105.3860951
56545863	560099564002	1	111000	42.7626273	-105.3901945
56545864	560099564002	1	8400	42.7694308	-105.3834427
56545865	560099564002	1	23000	42.7594909	-105.3875313
56545866	560099564002	1	18000	42.7600363	-105.3841286
56545867	560099564002	1	78000	42.7597758	-105.3917416
56545868	560099564002	1	81000	42.7591648	-105.3836470
56545869	560099564002	1	31400	42.7485398	-105.3843036
56545870	560099564002	1	35000	42.7521674	-105.3843187
56545871	560099564002	1	54000	42.7602971	-105.3866378
56545872	560099564002	1	53400	42.7609572	-105.3899872
56545873	560099564002	1	80000	42.7614913	-105.3893329
56545874	560099564002	1	29000	42.7542726	-105.3849187
56545875	560099564002	3	63000	42.7503414	-105.3854132
56545876	560099564002	1	28800	42.7678824	-105.3858732
56545877	560099564002	1	25000	42.7558519	-105.3866816
56545878	560099564002	1	32400	42.7533233	-105.3901020
56545879	560099564002	1	118000	42.7529440	-105.3875873
56545880	560099564002	1	63010	42.7633867	-105.3899750
56545881	560099564002	1	92000	42.7523671	-105.3848006
56545882	560099564002	1	3300	42.7624804	-105.3863673
56545883	560099564002	1	25500	42.7523883	-105.3890935
56545884	560099564002	1	82750	42.7530292	-105.3898651
56545885	560099564002	1	1000	42.7527556	-105.3884550
56545886	560099564002	1	12000	42.7533045	-105.3917385
56545887	560099564002	1	27300	42.7539479	-105.3884178
56545888	560099564002	8	27600	42.7601633	-105.3930690
56545889	560099564002	1	23000	42.7600388	-105.3919409
56545890	560099564002	1	89900	42.7518989	-105.3904837
56545891	560099564002	1	25640	42.7638663	-105.3874849
56545892	560099564002	1	2100	42.7601457	-105.3876941
56545893	560099564002	1	27500	42.7573453	-105.3879460
56545894	560099564002	1	9200	42.7609628	-105.3882178
56545895	560099564002	1	8000	42.7596185	-105.3927761
56545896	560099564002	1	14600	42.7551764	-105.3914999
56545897	560099564002	1	84000	42.7538699	-105.3904177
56545898	560099564002	1	16200	42.7619409	-105.3884507
56545899	560099564002	1	1800	42.7635910	-105.3889031
56545900	560099564002	1	8200	42.7644408	-105.3920980
56545901	560099564002	1	21100	42.7573321	-105.3861837
56545902	560099564002	1	52000	42.7635994	-105.3895221
56545903	560099564002	1	4600	42.7634081	-105.3879386
56545904	560099564002	1	31900	42.7620488	-105.3897565
56545905	560099564002	8	18000	42.7573516	-105.3885711
56545906	560099564002	1	27800	42.7646320	-105.3904006
56545907	560099564002	1	69000	42.7569005	-105.3897384
56545908	560099564002	1	20800	42.7677801	-105.3850647
56545909	560099564002	1	22940	42.7494524	-105.3837681
56545910	560099564002	4	9000	42.7522952	-105.3873131
56545911	560099564002	1	63810	42.7574240	-105.3873130
56545912	560099564002	1	14800	42.7589450	-105.3861911
56545913	560099564002	1	28600	42.7581179	-105.3863245
56545914	560099564002	1	7570	42.7533926	-105.3859537
56545915	560099564002	1	144000	42.7555797	-105.3901154
56545916	560099564002	1	113000	42.7566270	-105.3856094
56545917	560099564002	1	86040	42.7559622	-105.3890841
56545918	560099564002	1	38400	42.7552661	-105.3877722
56545919	560099564002	1	1000	42.7581995	-105.3911497
56545920	560099564002	1	101000	42.7540399	-105.3856988
56545921	560099564002	1	21000	42.7525098	-105.3856996
56545922	560099564002	1	14600	42.7503061	-105.3835649
56545923	560099564002	1	23100	42.7550011	-105.3858855
56545924	560099564002	1	17100	42.7677309	-105.3839343
56545925	560099564002	1	91000	42.7561306	-105.3918244
56545926	560099564002	1	13200	42.7554059	-105.3891018
56545927	560099564002	1	25000	42.7517169	-105.3855067
56545928	560099564002	1	29000	42.7511341	-105.3836906
56545929	560099564002	1	51000	42.7565765	-105.3924270
56545930	560099564002	1	26100	42.7553718	-105.3889800
56545931	560099564002	1	9200	42.7585377	-105.3920766
56545932	560099564002	1	34700	42.7663766	-105.3883675
56545933	560099564002	1	117600	42.7662075	-105.3833409
56545934	560099564002	1	40000	42.7577989	-105.3923183
56545935	560099564002	1	8200	42.7689036	-105.3864376
56545936	560099564002	1	0	42.7666846	-105.3861290
56545937	560099564002	1	100000	42.7670065	-105.3838101
56545938	560099564002	1	40000	42.7666173	-105.3845947
56545939	560099564002	1	14600	42.7692192	-105.3866034
56545940	560099564002	1	80700	42.7556185	-105.3911916
56545941	560099564002	1	24000	42.7550128	-105.3908664
56545942	560099564002	1	99000	42.7566896	-105.3907133
56545943	560099564002	1	66700	42.7572502	-105.3905745
56545944	560099564002	1	7200	42.7541453	-105.3829544
56545945	560099564002	1	116500	42.7700192	-105.3847177
56545946	560099564002	1	77500	42.7699295	-105.3875082
56545947	560099564002	1	22000	42.7699027	-105.3853979
56545948	560099564002	1	21500	42.7546253	-105.3836295
56545949	560099564002	1	71000	42.7545746	-105.3830940
56545950	560099564002	1	21000	42.7544487	-105.3827725
56545951	560099564002	1	36000	42.7541945	-105.3828774
56545952	560099564002	1	90100	42.7548146	-105.3835983
56545953	560099564002	1	137000	42.7489364	-105.3813325
56545954	560099564002	1	81200	42.7490372	-105.3817954
56545955	560099564002	1	22400	42.7534216	-105.3806023
56545956	560099564002	1	31800	42.7541637	-105.3808252
56545957	560099564002	1	97000	42.7537966	-105.3805475
56545958	560099564002	1	65000	42.7514818	-105.3821849
56545959	560099564002	1	8400	42.7514730	-105.3818701
56545960	560099564002	1	38400	42.7541435	-105.3803462
56545961	560099564002	1	17000	42.7489212	-105.3808090
56545962	560099564002	1	14600	42.7536780	-105.3812980
56545963	560099564002	1	155800	42.7534816	-105.3812887
56545964	560099564002	1	2300	42.7495585	-105.3814944
56545965	560099564002	1	101600	42.7542114	-105.3813796
56545966	560099564002	1	40000	42.7666828	-105.3827039
56545967	560099564002	1	13970	42.7511027	-105.3805239
56545968	560099564002	1	88370	42.7511739	-105.3803861
56545969	560099564002	1	48400	42.7590108	-105.3828716
56545970	560099564002	1	28900	42.7591184	-105.3833053
56545971	560099564002	1	67100	42.7593624	-105.3827413
56545972	560099564002	1	17000	42.7588038	-105.3825093
56545973	560099564002	1	16000	42.7592261	-105.3833283
56545974	560099564002	1	5000	42.7594228	-105.3827524
56545975	560099564002	1	100000	42.7592967	-105.3832452
56545976	560099564002	1	6000	42.7660674	-105.3830430
56545977	560099564002	1	26600	42.7560071	-105.3810814
56545978	560099564002	1	60000	42.7508108	-105.3799403
56545979	560099564002	1	25500	42.7510595	-105.3789442
56545980	560099564002	1	18000	42.7512009	-105.3798333
56545981	560099564002	1	15120	42.7508081	-105.3806098
56545982	560099564002	1	8400	42.7514932	-105.3800088
56545983	560099564002	1	21000	42.7513242	-105.3794233
56545984	560099564002	8	38500	42.7601537	-105.3830706
56545985	560099564002	1	16700	42.7515734	-105.3800418
56545986	560099564002	1	77400	42.7596706	-105.3828377
56545987	560099564002	1	92000	42.7597065	-105.3833381
56545988	560099564002	1	23000	42.7597204	-105.3833388
56545989	560099564002	1	22500	42.7597126	-105.3827171
56545990	560099564002	1	13200	42.7553751	-105.3813241
56545991	560099564002	1	69000	42.7641352	-105.3905494
56545992	560099564002	1	73000	42.7516385	-105.3789708
56545993	560099564002	1	85500	42.7513223	-105.3792205
56545994	560099564002	1	17600	42.7509884	-105.3792415
56545995	560099564002	1	279500	42.7514191	-105.3787550
56545996	560099564002	1	15900	42.7511003	-105.3790130
56545997	560099564002	1	24400	42.7560159	-105.3805771
56545998	560099564002	1	128000	42.7643737	-105.3903301
56545999	560099564002	1	18400	42.7636740	-105.3906073
56546000	560099564002	1	20200	42.7643793	-105.3903898
56546001	560099564002	1	21960	42.7552038	-105.3805905
56546002	560099564002	1	8060	42.7639120	-105.3911237
56546003	560099564002	1	18000	42.7642576	-105.3912567
56546004	560099564002	1	4720	42.7665734	-105.3830126
56546005	560099564002	1	52000	42.7554097	-105.3837345
56546006	560099564002	1	20000	42.7551814	-105.3809511
56546007	560099564002	1	145000	42.7529296	-105.3791561
56546008	560099564002	1	40000	42.7531304	-105.3789545
56546009	560099564002	1	53000	42.7554053	-105.3809843
56546010	560099564002	1	70000	42.7529897	-105.3789234
56546011	560099564002	1	49000	42.7553205	-105.3833805
56546012	560099564002	1	7400	42.7534927	-105.3792685
56546013	560099564002	1	76000	42.7530288	-105.3791044
56546014	560099564002	1	23600	42.7529289	-105.3799303
56546015	560099564002	1	41900	42.7557732	-105.3836115
56546016	560099564002	1	3900	42.7553940	-105.3831302
56546017	560099564002	1	63000	42.7552549	-105.3836337
56546018	560099564002	1	20900	42.7522758	-105.3801504
56546019	560099564002	1	98000	42.7516080	-105.3808173
56546020	560099564002	1	30000	42.7550543	-105.3828996
56546021	560099564002	1	16130	42.7524770	-105.3801886
56546022	560099564002	1	148700	42.7517524	-105.3809575
56546023	560099564002	1	6200	42.7524587	-105.3806148
56546024	560099564002	1	32800	42.7521508	-105.3800058
56546025	560099564003	1	33400	42.7477115	-105.3685188
56546026	560099564003	1	41300	42.7477249	-105.3761244
56546027	560099564003	1	21030	42.7402227	-105.3881764
56546028	560099564003	1	28000	42.7359985	-105.3857465
56546029	560099564003	1	75600	42.7407861	-105.3859516
56546030	560099564003	1	140000	42.7470175	-105.3813004
56546031	560099564003	1	71100	42.7406927	-105.3996238
56546032	560099564003	1	1100	42.7454756	-105.3824847
56546033	560099564003	1	50200	42.7382573	-105.3827788
56546034	560099564003	1	47700	42.7388572	-105.3878836
56546035	560099564003	1	14400	42.7402813	-105.3978988
56546036	560099564003	1	12100	42.7379305	-105.3840731
56546037	560099564003	1	116000	42.7380485	-105.3874569
56546038	560099564003	1	94004	42.7469993	-105.3929469
56546039	560099564003	1	90800	42.7367457	-105.3824059
56546040	560099564003	1	340700	42.7387580	-105.3946755
56546041	560099564003	1	97600	42.7384580	-105.3860746
56546042	560099564003	1	23200	42.7390400	-105.3959779
56546043	560099564003	1	40270	42.7366787	-105.3833098
56546044	560099564003	1	40750	42.7402260	-105.3989914
56546045	560099564003	1	80000	42.7381036	-105.3918564
56546046	560099564003	1	106970	42.7464925	-105.3843403
56546047	560099564003	1	16000	42.7362211	-105.3879117
56546048	560099564003	1	125210	42.7464104	-105.3864020
56546049	560099564003	1	97000	42.7445556	-105.3831381
56546050	560099564003	1	17400	42.7468883	-105.3836957
56546051	560099564003	1	4600	42.7455903	-105.3830293
56546052	560099564003	1	18400	42.7465886	-105.3839169
56546053	560099564003	1	50500	42.7374006	-105.3901839
56546054	560099564003	1	32000	42.7481905	-105.3778822
56546055	560099564003	1	178800	42.7372277	-105.3930977
56546056	560099564003	1	35000	42.7448301	-105.3815457
56546057	560099564003	1	146500	42.7469171	-105.3851074
56546058	560099564003	1	51100	42.7412744	-105.3853413
56546059	560099564003	1	7200	42.7418015	-105.3838735
56546060	560099564003	1	26360	42.7413115	-105.3868325
56546061	560099564003	1	69000	42.7420523	-105.3859246
56546062	560099564003	1	15500	42.7412624	-105.3837196
56546063	560099564003	1	115100	42.7474968	-105.3862758
56546064	560099564003	1	82000	42.7359194	-105.3867372
56546065	560099564003	1	51000	42.7372161	-105.3911691
56546066	560099564003	1	52500	42.7367884	-105.3486586
56546067	560099564003	1	74000	42.7439822	-105.3828698
56546068	560099564003	1	24600	42.7364716	-105.3846566
56546069	560099564003	1	115000	42.7444820	-105.3860222
56546070	560099564003	1	26500	42.7428680	-105.3826633
56546071	560099564003	1	80700	42.7446759	-105.3840445
56546072	560099564003	1	100000	42.7409382	-105.3832868
56546073	560099564003	1	0	42.7454318	-105.3854104
56546074	560099564003	1	74300	42.7416547	-105.3813896
56546075	560099564003	1	95700	42.7412171	-105.3812479
56546076	560099564003	1	103400	42.7463168	-105.3660246
56546077	560099564003	1	60000	42.7362436	-105.3468342
56546078	560099564003	1	110510	42.7483688	-105.3728266
56546079	560099564003	1	52000	42.7434584	-105.3812665
56546080	560099564003	1	88400	42.7422418	-105.3826057
56546081	560099564003	1	6200	42.7429392	-105.3813528
56546082	560099564003	1	69600	42.7350550	-105.3896904
56546083	560099564003	1	85000	42.7450344	-105.3844805
56546084	560099564003	1	69000	42.7357667	-105.3919625
56546085	560099564003	1	59000	42.7346255	-105.3881286
56546086	560099564003	1	117300	42.7345628	-105.3897953
56546087	560099564003	1	70000	42.7356089	-105.3881338
56546088	560099564003	1	24000	42.7337857	-105.3892280
56546089	560099564003	1	224700	42.7341609	-105.3916325
56546090	560099564003	1	30000	42.7348311	-105.3902513
56546091	560099564003	1	7500	42.7343616	-105.3902088
56546092	560099564003	1	83000	42.7335480	-105.3884810
56546093	560099564003	1	40400	42.7373826	-105.3849114
56546094	560099564003	1	55000	42.7346992	-105.3917847
56546095	560099564003	1	20000	42.7328802	-105.3917307
56546096	560099564003	1	57300	42.7348054	-105.3930750
56546097	560099564003	1	52500	42.7329536	-105.3898760
56546098	560099564003	1	43400	42.7380706	-105.3994870
56546099	560099564003	1	40000	42.7469561	-105.3677136
56546100	560099564003	1	41000	42.7363698	-105.3909155
56546101	560099564003	1	44700	42.7416915	-105.3800440
56546102	560099564003	1	48000	42.7471532	-105.3789383
56546103	560099564003	1	112600	42.7473166	-105.3784171
56546104	560099564003	1	12000	42.7477412	-105.3795196
56546105	560099564003	1	116700	42.7471719	-105.3780500
56546106	560099564003	1	104000	42.7464221	-105.3795032
56546107	560099564003	1	102800	42.7464627	-105.3797324
56546108	560099564003	1	62600	42.7480297	-105.3693239
56546109	560099564003	1	13970	42.7462345	-105.3803375
56546110	560099564003	1	22400	42.7463715	-105.3800438
56546111	560099564003	1	112000	42.7480622	-105.3691510
56546112	560099564003	1	26600	42.7482788	-105.3692607
56546113	560099564003	1	49200	42.7471951	-105.3802796
56546114	560099564003	1	26500	42.7465694	-105.3799705
56546115	560099564003	1	31400	42.7474633	-105.3800859
56546116	560099564003	1	18400	42.7464973	-105.3798765
56546117	560099564003	1	60000	42.7462650	-105.3801380
56546118	560099564003	1	50000	42.7470697	-105.3801207
56546119	560099564003	1	101000	42.7465767	-105.3802517
56546120	560099564003	1	55000	42.7469328	-105.3797757
56546121	560099564003	1	288600	42.7463802	-105.3801528
56546122	560099564003	1	76000	42.7469985	-105.3795742
56546123	560099564003	1	113700	42.7453572	-105.3802551
56546124	560099564003	1	62110	42.7472941	-105.3798778
56546125	560099564003	1	100000	42.7473953	-105.3796413
56546126	560099564003	1	57100	42.7479702	-105.3792116
56546127	560099564003	1	15100	42.7473622	-105.3804795
56546128	560099564003	1	18280	42.7479815	-105.3796559
56546129	560099564003	1	23100	42.7476783	-105.3796338
56546130	560099564003	1	103600	42.7474076	-105.3803346
56546131	560099564003	1	31500	42.7475211	-105.3794369
56546132	560099564003	1	28000	42.7480268	-105.3800428
56546133	560099564003	1	45000	42.7478842	-105.3794554
56546134	560099564003	1	65000	42.7459338	-105.3796115
56546135	560099564003	1	21000	42.7445411	-105.3796850
56546136	560099564003	1	44200	42.7445695	-105.3800343
56546137	560099564003	1	44900	42.7447418	-105.3796373
56546138	560099564003	1	17000	42.7446851	-105.3789458
56546139	560099564003	1	70900	42.7448097	-105.3795076
56546140	560099564003	1	126800	42.7449112	-105.3795044
56546141	560099564003	1	27480	42.7451548	-105.3796222
56546142	560099564003	1	73200	42.7460829	-105.3792607
56546143	560099564003	1	127000	42.7448547	-105.3796245
56546144	560099564003	1	152004	42.7446127	-105.3795237
56546145	560099564003	1	156000	42.7451054	-105.3794386
56546146	560099564003	1	95100	42.7456702	-105.3794266
56546147	560099564003	1	140000	42.7453229	-105.3795339
56546148	560099564003	1	111000	42.7449373	-105.3797067
56546149	560099564003	1	80000	42.7477370	-105.3781781
56546150	560099564003	1	74500	42.7432667	-105.3776053
56546151	560099564003	1	10500	42.7462270	-105.3791505
56546152	560099564003	1	172700	42.7453626	-105.3800052
56546153	560099564003	1	23000	42.7454101	-105.3791374
56546154	560099564003	1	100000	42.7454150	-105.3796158
56546155	560099564003	1	2400	42.7460318	-105.3801853
56546156	560099564003	1	19200	42.7459377	-105.3797350
56546157	560099564003	1	113000	42.7430034	-105.3775951
56546158	560099564003	1	85000	42.7432235	-105.3784915
56546159	560099564003	1	54000	42.7457979	-105.3801728
56546160	560099564003	1	24400	42.7460128	-105.3802855
56546161	560099564003	1	65880	42.7429192	-105.3783174
56546162	560099564003	1	37300	42.7434633	-105.3785437
56546163	560099564003	1	78600	42.7433103	-105.3781926
56546164	560099564003	1	50500	42.7480844	-105.3791488
56546165	560099564003	1	112800	42.7472974	-105.3784248
56546166	560099564003	1	112600	42.7434499	-105.3781214
56546167	560099564003	1	70000	42.7436460	-105.3777828
56546168	560099564003	1	21030	42.7430116	-105.3780793
56546169	560099564003	1	79000	42.7434822	-105.3776256
56546170	560099564003	1	67500	42.7428728	-105.3777578
56546171	560099564003	1	52900	42.7478474	-105.3790066
56546172	560099564003	1	101000	42.7475662	-105.3786832
56546173	560099564003	1	101000	42.7475836	-105.3791129
56546174	560099564003	1	30480	42.7476510	-105.3781654
56546175	560099564003	1	57600	42.7472227	-105.3790171
56546176	560099564003	1	82700	42.7477025	-105.3789190
56546177	560099564003	1	108200	42.7443833	-105.3803694
56546178	560099564003	1	69250	42.7469496	-105.3789054
56546179	560099564003	1	79700	42.7446444	-105.3781133
56546180	560099564003	1	72000	42.7428436	-105.3804827
56546181	560099564003	1	127600	42.7465003	-105.3779610
56546182	560099564003	1	38000	42.7463854	-105.3784187
56546183	560099564003	1	38000	42.7412631	-105.3799823
56546184	560099564003	1	248000	42.7469366	-105.3780308
56546185	560099564003	1	12060	42.7433799	-105.3800160
56546186	560099564003	1	8000	42.7415629	-105.3800095
56546187	560099564003	1	55000	42.7464424	-105.3786898
56546188	560099564003	1	34300	42.7468273	-105.3790308
56546189	560099564003	1	25900	42.7432412	-105.3801978
56546190	560099564003	1	60600	42.7428183	-105.3805093
56546191	560099564003	1	73200	42.7464601	-105.3790321
56546192	560099564003	1	24000	42.7468816	-105.3792056
56546193	560099564003	1	116000	42.7429992	-105.3807752
56546194	560099564003	1	19410	42.7430445	-105.3804213
56546195	560099564003	1	82000	42.7433089	-105.3803072
56546196	560099564003	1	56410	42.7447856	-105.3777883
56546197	560099564003	1	0	42.7450493	-105.3779170
56546198	560099564003	1	80000	42.7427706	-105.3802380
56546199	560099564003	1	15500	42.7424154	-105.3809443
56546200	560099564003	1	113700	42.7421007	-105.3805361
56546201	560099564003	1	42000	42.7432412	-105.3808632
56546202	560099564003	1	72000	42.7421986	-105.3807334
56546203	560099564003	1	32700	42.7451091	-105.3781545
56546204	560099564003	1	40100	42.7421021	-105.3807263
56546205	560099564003	1	155800	42.7418222	-105.3803453
56546206	560099564003	1	43000	42.7423070	-105.3805599
56546207	560099564003	1	25100	42.7420724	-105.3807296
56546208	560099564003	1	72000	42.7424076	-105.3807197
56546209	560099564003	1	43000	42.7425608	-105.3802822
56546210	560099564003	1	77400	42.7449539	-105.3777898
56546211	560099564003	1	121500	42.7448007	-105.3779940
56546212	560099564003	1	35000	42.7445804	-105.3787954
56546213	560099564003	1	64600	42.7453060	-105.3787008
56546214	560099564003	1	25000	42.7452719	-105.3786294
56546215	560099564003	1	74000	42.7435330	-105.3811620
56546216	560099564003	1	17600	42.7441053	-105.3777830
56546217	560099564003	1	127500	42.7438719	-105.3777335
56546218	560099564003	1	20200	42.7440403	-105.3786353
56546219	560099564003	1	85500	42.7438222	-105.3788047
56546220	560099564003	1	57500	42.7459992	-105.3788785
56546221	560099564003	1	31000	42.7443959	-105.3788038
56546222	560099564003	1	24000	42.7441574	-105.3785833
56546223	560099564003	1	10500	42.7457613	-105.3788321
56546224	560099564003	1	24800	42.7440810	-105.3787313
56546225	560099564003	1	56600	42.7444183	-105.3776926
56546226	560099564003	1	118000	42.7463589	-105.3783971
56546227	560099564003	1	50000	42.7461410	-105.3789593
56546228	560099564003	1	98000	42.7439609	-105.3784900
56546229	560099564003	1	58800	42.7460100	-105.3782593
56546230	560099564003	1	44790	42.7455585	-105.3786452
56546231	560099564003	1	63650	42.7455649	-105.3782580
56546232	560099564003	1	18000	42.7458111	-105.3788636
56546233	560099564003	1	33200	42.7435140	-105.3809360
56546234	560099564003	1	52000	42.7411500	-105.3803236
56546235	560099564003	1	30000	42.7424449	-105.3893575
56546236	560099564003	1	236100	42.7438618	-105.3808693
56546237	560099564003	1	134800	42.7440079	-105.3811487
56546238	560099564003	1	33400	42.7439505	-105.3806580
56546239	560099564003	1	114900	42.7438199	-105.3806472
56546240	560099564003	1	50000	42.7423396	-105.3894273
56546241	560099564003	1	134000	42.7443869	-105.3811393
56546242	560099564003	1	61000	42.7453134	-105.3810332
56546243	560099564003	1	19400	42.7450135	-105.3804156
56546244	560099564003	1	110850	42.7435783	-105.3800970
56546245	560099564003	1	248000	42.7444243	-105.3813535
56546246	560099564003	1	85200	42.7457692	-105.3805760
56546247	560099564003	1	109000	42.7449941	-105.3812650
56546248	560099564003	1	37500	42.7448181	-105.3813185
56546249	560099564003	1	106700	42.7447818	-105.3805459
56546250	560099564003	1	51000	42.7446996	-105.3807754
56546251	560099564003	1	20200	42.7450190	-105.3810288
56546252	560099564003	1	20000	42.7459558	-105.3807412
56546253	560099564003	1	58800	42.7428852	-105.3887650
56546254	560099564003	1	75000	42.7457493	-105.3810689
56546255	560099564003	1	43000	42.7460835	-105.3809166
56546256	560099564003	1	9700	42.7453442	-105.3810053
56546257	560099564003	1	52800	42.7483258	-105.3762143
56546258	560099564003	1	853500	42.7482078	-105.3705530
56546259	560099564003	1	88610	42.7458749	-105.3803959
56546260	560099564003	1	124600	42.7461679	-105.3806505
56546261	560099564003	1	189500	42.7483096	-105.3765270
56546262	560099564003	1	22600	42.7483361	-105.3703564
56546263	560099564003	1	29700	42.7481755	-105.3700662
56546264	560099564003	1	50500	42.7457186	-105.3899638
56546265	560099564003	1	15500	42.7481753	-105.3875618
56546266	560099564003	1	85000	42.7425351	-105.3778748
56546267	560099564003	1	42000	42.7426345	-105.3891529
56546268	560099564003	1	52000	42.7425765	-105.3888283
56546269	560099564003	1	4700	42.7480301	-105.3812893
56546270	560099564003	1	71500	42.7420773	-105.3781930
56546271	560099564003	1	94900	42.7423237	-105.3890291
56546272	560099564003	1	354000	42.7483770	-105.3825932
56546273	560099564003	1	57780	42.7424144	-105.3778779
56546274	560099564003	1	40000	42.7425937	-105.3782937
56546275	560099564003	1	26300	42.7419884	-105.3783038
56546276	560099564003	1	37200	42.7482515	-105.3819267
56546277	560099564003	1	24900	42.7426155	-105.3784787
56546278	560099564003	1	21030	42.7481575	-105.3797574
56546279	560099564003	1	61600	42.7482923	-105.3874087
56546280	560099564003	1	40000	42.7434807	-105.3894567
56546281	560099564003	1	55000	42.7433900	-105.3886790
56546282	560099564003	1	90200	42.7480447	-105.3815986
56546283	560099564003	1	82000	42.7482533	-105.3815859
56546284	560099564003	1	97000	42.7436632	-105.3891546
56546285	560099564003	1	60000	42.7432994	-105.3897763
56546286	560099564003	1	103000	42.7435780	-105.3894086
56546287	560099564003	1	25500	42.7481424	-105.3876188
56546288	560099564003	1	157400	42.7438058	-105.3898707
56546289	560099564003	1	222080	42.7440673	-105.3892604
56546290	560099564003	1	37880	42.7444541	-105.3899358
56546291	560099564003	1	91500	42.7478941	-105.3877012
56546292	560099564003	1	15100	42.7442197	-105.3893238
56546293	560099564003	1	61000	42.7443523	-105.3891961
56546294	560099564003	1	9600	42.7456747	-105.3898116
56546295	560099564003	1	40900	42.7373479	-105.3481274
56546296	560099564003	1	112800	42.7429738	-105.3794141
56546297	560099564003	1	81800	42.7444163	-105.3799998
56546298	560099564003	1	61700	42.7481357	-105.3868189
56546299	560099564003	1	248000	42.7437073	-105.3788471
56546300	560099564003	1	44300	42.7437217	-105.3798350
56546301	560099564003	1	52700	42.7440919	-105.3795100
56546302	560099564003	1	25640	42.7473060	-105.3817451
56546303	560099564003	1	166700	42.7433340	-105.3790003
56546304	560099564003	1	26500	42.7436125	-105.3790806
56546305	560099564003	1	145000	42.7434547	-105.3792241
56546306	560099564003	1	82300	42.7474900	-105.3805930
56546307	560099564003	1	115000	42.7474019	-105.3806525
56546308	560099564003	1	21000	42.7475400	-105.3815798
56546309	560099564003	1	69000	42.7459923	-105.3897945
56546310	560099564003	1	20250	42.7479608	-105.3881146
56546311	560099564003	1	21000	42.7370344	-105.3478958
56546312	560099564003	1	51100	42.7373493	-105.3480812
56546313	560099564003	1	50000	42.7479866	-105.3885339
56546314	560099564003	1	36000	42.7372287	-105.3480528
56546315	560099564003	1	67600	42.7477199	-105.3890447
56546316	560099564003	1	125210	42.7477599	-105.3883654
56546317	560099564003	1	111000	42.7460080	-105.3891550
56546318	560099564003	1	85000	42.7394424	-105.3865836
56546319	560099564003	1	60000	42.7407989	-105.3872809
56546320	560099564003	1	38000	42.7467528	-105.3815084
56546321	560099564003	1	105530	42.7463982	-105.3815673
56546322	560099564003	1	51800	42.7475644	-105.3919060
56546323	560099564003	1	32400	42.7403623	-105.3960912
56546324	560099564003	1	52000	42.7467493	-105.3810865
56546325	560099564003	1	51300	42.7475303	-105.3868393
56546326	560099564003	1	75900	42.7471638	-105.3878585
56546327	560099564003	1	70000	42.7478136	-105.3902872
56546328	560099564003	1	15500	42.7471479	-105.3876592
56546329	560099564003	1	53000	42.7474468	-105.3680500
56546330	560099564003	1	23700	42.7405456	-105.3875477
56546331	560099564003	1	82400	42.7476687	-105.3898604
56546332	560099564003	1	37800	42.7422975	-105.3788010
56546333	560099564003	1	23000	42.7426459	-105.3789364
56546334	560099564003	1	20200	42.7422722	-105.3796360
56546335	560099564003	1	59000	42.7465623	-105.3890181
56546336	560099564003	1	30000	42.7466352	-105.3879051
56546337	560099564003	1	88610	42.7473394	-105.3881057
56546338	560099564003	1	25300	42.7411519	-105.3893069
56546339	560099564003	1	25200	42.7411451	-105.3884216
56546340	560099564003	1	51000	42.7421763	-105.3878193
56546341	560099564003	1	30200	42.7417491	-105.3785934
56546342	560099564003	1	68600	42.7479521	-105.3904284
56546343	560099564003	1	26360	42.7473606	-105.3892630
56546344	560099564003	1	13200	42.7414148	-105.3791133
56546345	560099564003	1	84500	42.7469739	-105.3901074
56546346	560099564003	1	42500	42.7463952	-105.3884056
56546347	560099564003	1	95000	42.7436791	-105.3877985
56546348	560099564003	1	151700	42.7424232	-105.3878495
56546349	560099564003	1	56004	42.7430243	-105.3878328
56546350	560099564003	1	73700	42.7464324	-105.3880686
56546351	560099564003	1	38840	42.7418622	-105.3875633
56546352	560099564003	1	145200	42.7418193	-105.3872065
56546353	560099564003	1	57500	42.7401046	-105.3903225
56546354	560099564003	1	24500	42.7479161	-105.3847545
56546355	560099564003	1	68600	42.7443086	-105.3639846
56546356	560099564003	1	37000	42.7443573	-105.3879712
56546357	560099564003	1	50600	42.7404616	-105.3892886
56546358	560099564003	1	12400	42.7389555	-105.3516207
56546359	560099564003	1	106970	42.7389327	-105.3510997
56546360	560099564003	1	18800	42.7404951	-105.3893795
56546361	560099564003	1	175360	42.7484465	-105.3745947
56546362	560099564003	1	70000	42.7441290	-105.3884233
56546363	560099564003	1	50060	42.7398200	-105.3834674
56546364	560099564003	1	32000	42.7464259	-105.3874009
56546365	560099564003	1	8400	42.7460075	-105.3866256
56546366	560099564003	1	73000	42.7447870	-105.3889952
56546367	560099564003	1	80000	42.7399891	-105.3840445
56546368	560099564003	1	145200	42.7449253	-105.3888664
56546369	560099564003	1	70900	42.7449144	-105.3650075
56546370	560099564003	1	108000	42.7403066	-105.3846221
56546371	560099564003	1	45300	42.7383049	-105.3845971
56546372	560099564003	1	16000	42.7456016	-105.3879470
56546373	560099564003	1	53700	42.7448914	-105.3880804
56546374	560099564003	1	22000	42.7419975	-105.3898397
56546375	560099564003	1	21200	42.7382527	-105.3849685
56546376	560099564003	1	130000	42.7425928	-105.3901752
56546377	560099564003	1	54500	42.7407808	-105.3905633
56546378	560099564003	1	76500	42.7380350	-105.3906388
56546379	560099564003	1	45000	42.7399425	-105.3849457
56546380	560099564003	1	82600	42.7378463	-105.3906784
56546381	560099564003	1	37200	42.7406534	-105.3895439
56546382	560099564003	1	94700	42.7433593	-105.3906602
56546383	560099564003	1	23700	42.7433810	-105.3899976
56546384	560099564003	1	106970	42.7476326	-105.3913875
56546385	560099564003	1	27000	42.7394407	-105.3905748
56546386	560099564003	1	57100	42.7396807	-105.3859214
56546387	560099564003	1	64000	42.7476476	-105.3862929
56546388	560099564003	1	97000	42.7442527	-105.3908229
56546389	560099564003	1	75900	42.7406040	-105.3909588
56546390	560099564003	1	44790	42.7410406	-105.3918181
56546391	560099564003	1	124000	42.7389273	-105.3932360
56546392	560099564003	1	17600	42.7386494	-105.3926727
56546393	560099564003	1	14310	42.7392492	-105.3890184
56546394	560099564003	1	39000	42.7389383	-105.3901951
56546395	560099564003	1	31880	42.7395402	-105.3883763
56546396	560099564003	1	35000	42.7383096	-105.3905637
56546397	560099564003	1	92000	42.7381227	-105.3891776
56546398	560099564003	1	100000	42.7383575	-105.3883082
56546399	560099564003	1	63900	42.7470231	-105.3826570
56546400	560099564003	1	81000	42.7415796	-105.3899043
56546401	560099564003	1	51000	42.7392675	-105.3951605
56546402	560099564003	1	22400	42.7390590	-105.3928279
56546403	560099564003	1	73400	42.7389936	-105.3845949
56546404	560099564003	1	60000	42.7395507	-105.3934409
56546405	560099564003	1	123800	42.7395479	-105.3837725
56546406	560099564003	1	100660	42.7465721	-105.3828364
56546407	560099564003	1	141130	42.7464410	-105.3925164
56546408	560099564003	1	39400	42.7390378	-105.3821483
56546409	560099564003	1	84700	42.7403067	-105.3821614
56546410	560099564003	1	18000	42.7457834	-105.3908072
56546411	560099564003	1	69060	42.7450612	-105.3910171
56546412	560099564003	1	80000	42.7467881	-105.3911149
56546413	560099564004	1	84850	42.7466429	-105.3602416
56546414	560099564004	1	141700	42.7447386	-105.3479950
56546415	560099564004	1	33200	42.7509379	-105.3694891
56546416	560099564004	1	29700	42.7510582	-105.3693454
56546417	560099564004	1	60000	42.7541970	-105.3757989
56546418	560099564004	1	51500	42.7528651	-105.3737962
56546419	560099564004	1	35100	42.7448017	-105.3475312
56546420	560099564004	1	13000	42.7443914	-105.3503109
56546421	560099564004	1	75000	42.7448171	-105.3565978
56546422	560099564004	1	63000	42.7459627	-105.3549419
56546423	560099564004	1	63840	42.7526306	-105.3731906
56546424	560099564004	1	29200	42.7491734	-105.3727196
56546425	560099564004	1	135000	42.7455993	-105.3524578
56546426	560099564004	1	56000	42.7453777	-105.3547103
56546427	560099564004	1	107100	42.7458132	-105.3534612
56546428	560099564004	1	110000	42.7459239	-105.3524006
56546429	560099564004	1	81200	42.7456096	-105.3539985
56546430	560099564004	1	14000	42.7447224	-105.3561419
56546431	560099564004	1	101000	42.7438400	-105.3559777
56546432	560099564004	1	77800	42.7455283	-105.3559267
56546433	560099564004	1	82300	42.7455675	-105.3556162
56546434	560099564004	1	54000	42.7440129	-105.3554465
56546435	560099564004	1	21000	42.7448153	-105.3515673
56546436	560099564004	1	50000	42.7451566	-105.3508477
56546437	560099564004	1	58500	42.7439199	-105.3543509
56546438	560099564004	1	85500	42.7447013	-105.3509957
56546439	560099564004	1	65000	42.7444195	-105.3549432
56546440	560099564004	1	52700	42.7445337	-105.3501143
56546441	560099564004	1	69800	42.7489763	-105.3725666
56546442	560099564004	1	18600	42.7439656	-105.3539525
56546443	560099564004	1	27000	42.7452191	-105.3551484
56546444	560099564004	1	70000	42.7446357	-105.3516053
56546445	560099564004	1	213801	42.7452268	-105.3553460
56546446	560099564004	1	124600	42.7438772	-105.3538958
56546447	560099564004	1	22000	42.7445867	-105.3518870
56546448	560099564004	1	96300	42.7445399	-105.3523192
56546449	560099564004	1	46200	42.7478826	-105.3553664
56546450	560099564004	1	80000	42.7454437	-105.3534128
56546451	560099564004	1	26700	42.7468963	-105.3545486
56546452	560099564004	1	95420	42.7448485	-105.3536372
56546453	560099564004	1	106000	42.7464377	-105.3545360
56546454	560099564004	1	148700	42.7455575	-105.3501343
56546455	560099564004	1	32670	42.7454295	-105.3522131
56546456	560099564004	1	77800	42.7454244	-105.3524770
56546457	560099564004	1	95000	42.7482262	-105.3646112
56546458	560099564004	1	16000	42.7448737	-105.3498466
56546459	560099564004	1	51000	42.7479843	-105.3648159
56546460	560099564004	1	70000	42.7475776	-105.3547733
56546461	560099564004	1	50200	42.7537634	-105.3689099
56546462	560099564004	1	32700	42.7455959	-105.3573744
56546463	560099564004	1	63400	42.7455906	-105.3580238
56546464	560099564004	1	48000	42.7538689	-105.3680063
56546465	560099564004	1	12600	42.7495827	-105.3729955
56546466	560099564004	1	82360	42.7496013	-105.3727875
56546467	560099564004	1	100040	42.7475591	-105.3545802
56546468	560099564004	9	29900	42.7474028	-105.3521739
56546469	560099564004	1	73000	42.7481901	-105.3524544
56546470	560099564004	1	65000	42.7474958	-105.3534969
56546471	560099564004	1	26360	42.7464672	-105.3565437
56546472	560099564004	1	8400	42.7470316	-105.3564477
56546473	560099564004	1	38000	42.7568935	-105.3766803
56546474	560099564004	1	121780	42.7576880	-105.3791700
56546475	560099564004	1	86000	42.7564246	-105.3761158
56546476	560099564004	1	58000	42.7472822	-105.3568999
56546477	560099564004	1	52908	42.7471706	-105.3558790
56546478	560099564004	1	30000	42.7572170	-105.3788468
56546479	560099564004	1	57500	42.7462055	-105.3604587
56546480	560099564004	1	168400	42.7577813	-105.3759153
56546481	560099564004	1	36000	42.7461443	-105.3597661
56546482	560099564004	1	27000	42.7467597	-105.3620469
56546483	560099564004	1	76500	42.7542309	-105.3723822
56546484	560099564004	1	60000	42.7494114	-105.3688499
56546485	560099564004	1	25200	42.7468778	-105.3629602
56546486	560099564004	1	175000	42.7488799	-105.3693839
56546487	560099564004	1	99010	42.7496268	-105.3696810
56546488	560099564004	1	98000	42.7466558	-105.3629551
56546489	560099564004	1	92000	42.7486191	-105.3688663
56546490	560099564004	1	64200	42.7496373	-105.3692981
56546491	560099564004	1	22000	42.7488430	-105.3692268
56546492	560099564004	1	65000	42.7497121	-105.3691619
56546493	560099564004	9	195000	42.7497035	-105.3690683
56546494	560099564004	1	93600	42.7492387	-105.3694033
56546495	560099564004	1	140000	42.7493587	-105.3685479
56546496	560099564004	1	66900	42.7490385	-105.3689256
56546497	560099564004	1	173000	42.7485214	-105.3695129
56546498	560099564004	1	64000	42.7495778	-105.3695301
56546499	560099564004	1	95930	42.7493578	-105.3688249
56546500	560099564004	1	80000	42.7495315	-105.3685543
56546501	560099564004	1	51000	42.7484025	-105.3689608
56546502	560099564004	1	52000	42.7490271	-105.3691651
56546503	560099564004	1	77500	42.7489451	-105.3690567
56546504	560099564004	1	30400	42.7472377	-105.3626253
56546505	560099564004	1	12830	42.7485124	-105.3694677
56546506	560099564004	1	49700	42.7483759	-105.3688253
56546507	560099564004	1	160000	42.7487333	-105.3687077
56546508	560099564004	1	75000	42.7488337	-105.3685323
56546509	560099564004	1	95050	42.7485505	-105.3686811
56546510	560099564004	1	175360	42.7486482	-105.3693828
56546511	560099564004	9	21600	42.7484560	-105.3683995
56546512	560099564004	1	51000	42.7468164	-105.3621569
56546513	560099564004	1	29500	42.7474654	-105.3626167
56546514	560099564004	1	27000	42.7486479	-105.3689312
56546515	560099564004	1	32100	42.7474987	-105.3621494
56546516	560099564004	1	100000	42.7469687	-105.3629808
56546517	560099564004	1	90720	42.7467216	-105.3623599
56546518	560099564004	1	197100	42.7474844	-105.3623927
56546519	560099564004	1	37000	42.7539393	-105.3718878
56546520	560099564004	1	45000	42.7453290	-105.3635278
56546521	560099564004	1	10000	42.7469908	-105.3598240
56546522	560099564004	1	12000	42.7511819	-105.3749105
56546523	560099564004	1	86900	42.7474815	-105.3622953
56546524	560099564004	1	104100	42.7459709	-105.3605094
56546525	560099564004	1	35000	42.7472091	-105.3621636
56546526	560099564004	1	69400	42.7459902	-105.3603327
56546527	560099564004	1	63000	42.7515479	-105.3755386
56546528	560099564004	1	170700	42.7517109	-105.3750029
56546529	560099564004	1	9600	42.7467478	-105.3627765
56546530	560099564004	1	25920	42.7473433	-105.3629967
56546531	560099564004	1	96000	42.7513547	-105.3751160
56546532	560099564004	1	80000	42.7518730	-105.3751374
56546533	560099564004	1	76000	42.7514313	-105.3753628
56546534	560099564004	1	82400	42.7468004	-105.3605729
56546535	560099564004	1	90400	42.7591767	-105.3756206
56546536	560099564004	1	88000	42.7519392	-105.3755298
56546537	560099564004	1	62200	42.7515207	-105.3750667
56546538	560099564004	1	48700	42.7511378	-105.3751350
56546539	560099564004	1	15120	42.7594955	-105.3759280
56546540	560099564004	1	66004	42.7514745	-105.3756803
56546541	560099564004	1	153800	42.7595231	-105.3757640
56546542	560099564004	9	27000	42.7594241	-105.3751703
56546543	560099564004	1	57900	42.7591751	-105.3759559
56546544	560099564004	1	25100	42.7592686	-105.3758783
56546545	560099564004	1	25200	42.7598479	-105.3749543
56546546	560099564004	1	26000	42.7593095	-105.3751116
56546547	560099564004	1	73410	42.7593855	-105.3756731
56546548	560099564004	1	86300	42.7594046	-105.3750895
56546549	560099564004	1	249930	42.7598800	-105.3725942
56546550	560099564004	1	116500	42.7467237	-105.3596186
56546551	560099564004	1	79900	42.7463943	-105.3602866
56546552	560099564004	1	55000	42.7468826	-105.3598516
56546553	560099564004	1	28100	42.7472031	-105.3606339
56546554	560099564004	1	31000	42.7475159	-105.3604214
56546555	560099564004	1	61600	42.7467578	-105.3604549
56546556	560099564004	1	88000	42.7469129	-105.3603899
56546557	560099564004	1	51900	42.7473083	-105.3596389
56546558	560099564004	1	26700	42.7461863	-105.3600318
56546559	560099564004	1	108000	42.7468354	-105.3603417
56546560	560099564004	1	24000	42.7470200	-105.3598415
56546561	560099564004	1	52300	42.7474633	-105.3597856
56546562	560099564004	1	128000	42.7459299	-105.3597728
56546563	560099564004	1	28000	42.7468571	-105.3594805
56546564	560099564004	1	104400	42.7461810	-105.3602276
56546565	560099564004	1	549200	42.7580190	-105.3750110
56546566	560099564004	1	13500	42.7604041	-105.3705284
56546567	560099564004	1	27800	42.7627109	-105.3703732
56546568	560099564004	1	150000	42.7459078	-105.3600997
56546569	560099564004	1	58000	42.7465415	-105.3596874
56546570	560099564004	1	50500	42.7610247	-105.3708445
56546571	560099564004	1	24800	42.7629685	-105.3704954
56546572	560099564004	1	25100	42.7619011	-105.3710808
56546573	560099564004	1	76500	42.7464821	-105.3635913
56546574	560099564004	9	9600	42.7581528	-105.3743898
56546575	560099564004	1	65000	42.7603568	-105.3722512
56546576	560099564004	1	83700	42.7576595	-105.3724824
56546577	560099564004	1	28390	42.7490387	-105.3739527
56546578	560099564004	1	24300	42.7588996	-105.3717439
56546579	560099564004	1	25900	42.7450336	-105.3574431
56546580	560099564004	1	11000	42.7550421	-105.3756244
56546581	560099564004	1	75000	42.7509173	-105.3704096
56546582	560099564004	1	83900	42.7555581	-105.3720171
56546583	560099564004	1	58000	42.7446085	-105.3594308
56546584	560099564004	1	67740	42.7540565	-105.3732266
56546585	560099564004	1	12200	42.7550355	-105.3729521
56546586	560099564004	9	75000	42.7507703	-105.3697073
56546587	560099564004	1	50300	42.7562555	-105.3756780
56546588	560099564004	1	31900	42.7545097	-105.3773885
56546589	560099564004	1	8000	42.7514584	-105.3690259
56546590	560099564004	1	116500	42.7511275	-105.3693921
56546591	560099564004	1	71500	42.7526272	-105.3643328
56546592	560099564004	1	37900	42.7539543	-105.3750262
56546593	560099564004	1	76500	42.7538953	-105.3731016
56546594	560099564004	9	87400	42.7545723	-105.3771643
56546595	560099564004	1	84250	42.7556392	-105.3774583
56546596	560099564004	1	23001	42.7556269	-105.3745931
56546597	560099564004	1	73400	42.7444569	-105.3596510
56546598	560099564004	1	84500	42.7449473	-105.3593703
56546599	560099564004	1	14600	42.7453824	-105.3592645
56546600	560099564004	1	13300	42.7455183	-105.3592721
56546601	560099564004	1	52300	42.7456342	-105.3588241
56546602	560099564004	1	95000	42.7452372	-105.3581371
56546603	560099564004	1	54000	42.7458155	-105.3586261
56546604	560099564004	1	122700	42.7456529	-105.3588370
56546605	560099564004	1	118000	42.7459647	-105.3586741
56546606	560099564004	1	52908	42.7459348	-105.3591463
56546607	560099564004	1	67700	42.7455775	-105.3586045
56546608	560099564004	1	27800	42.7455228	-105.3588257
56546609	560099564004	1	71090	42.7448220	-105.3598483
56546610	560099564004	1	10800	42.7445974	-105.3595518
56546611	560099564004	1	66700	42.7531521	-105.3690451
56546612	560099564004	1	100000	42.7442167	-105.3601661
56546613	560099564004	1	95900	42.7442752	-105.3594789
56546614	560099564004	1	40800	42.7442444	-105.3601930
56546615	560099564004	1	91550	42.7512170	-105.3701429
56546616	560099564004	1	67700	42.7443621	-105.3588936
56546617	560099564004	1	86000	42.7445182	-105.3584401
56546618	560099564004	1	97700	42.7443031	-105.3590566
56546619	560099564004	1	64000	42.7442047	-105.3596973
56546620	560099564004	1	76000	42.7442125	-105.3593569
56546621	560099564004	1	14250	42.7449556	-105.3591035
56546622	560099564004	1	76000	42.7443201	-105.3591127
56546623	560099564004	1	85000	42.7449969	-105.3588380
56546624	560099564004	1	18000	42.7449402	-105.3587531
56546625	560099564004	9	117000	42.7446580	-105.3582606
56546626	560099564004	1	85000	42.7443231	-105.3579876
56546627	560099564004	1	49000	42.7449355	-105.3585173
56546628	560099564004	1	11300	42.7524283	-105.3692104
56546629	560099564004	1	153800	42.7511688	-105.3703819
56546630	560099564004	1	81000	42.7529502	-105.3690112
56546631	560099564004	1	80000	42.7530424	-105.3695198
56546632	560099564004	1	70410	42.7531990	-105.3696192
56546633	560099564004	1	67100	42.7527716	-105.3695468
56546634	560099564004	1	69000	42.7508826	-105.3699534
56546635	560099564004	1	79300	42.7532477	-105.3693161
56546636	560099564004	1	75600	42.7512875	-105.3702248
56546637	560099564004	1	54400	42.7513319	-105.3700947
56546638	560099564004	1	105400	42.7524184	-105.3698356
56546639	560099564004	1	20250	42.7529634	-105.3691425
56546640	560099564004	1	92700	42.7592398	-105.3765082
56546641	560099564004	1	27000	42.7520613	-105.3712270
56546642	560099564004	1	78000	42.7515061	-105.3690852
56546643	560099564004	1	33400	42.7493905	-105.3621443
56546644	560099564004	1	65200	42.7585019	-105.3721924
56546645	560099564004	1	29300	42.7582138	-105.3781674
56546646	560099564004	1	84700	42.7519410	-105.3702872
56546647	560099564004	1	26100	42.7511680	-105.3706372
56546648	560099564004	1	30000	42.7513893	-105.3689034
56546649	560099564004	1	81000	42.7510154	-105.3708750
56546650	560099564004	1	51000	42.7509719	-105.3710407
56546651	560099564004	1	29100	42.7516535	-105.3702899
56546652	560099564004	1	77400	42.7515773	-105.3705429
56546653	560099564004	1	81600	42.7523397	-105.3701123
56546654	560099564004	1	49400	42.7522517	-105.3707799
56546655	560099564004	1	81200	42.7522470	-105.3709013
56546656	560099564004	1	95420	42.7517206	-105.3700794
56546657	560099564004	1	28000	42.7515382	-105.3711033
56546658	560099564004	1	149800	42.7491990	-105.3651198
56546659	560099564004	1	64600	42.7566235	-105.3741755
56546660	560099564004	1	75250	42.7583173	-105.3787397
56546661	560099564004	1	628000	42.7519768	-105.3700195
56546662	560099564004	1	62000	42.7519472	-105.3698352
56546663	560099564004	1	53300	42.7519651	-105.3700308
56546664	560099564004	1	115000	42.7515557	-105.3694541
56546665	560099564004	1	89500	42.7521676	-105.3689602
56546666	560099564004	1	19800	42.7521702	-105.3695017
56546667	560099564004	1	95700	42.7557598	-105.3734433
56546668	560099564004	1	72500	42.7515524	-105.3698444
56546669	560099564004	1	64600	42.7515015	-105.3698673
56546670	560099564004	1	48000	42.7518719	-105.3693013
56546671	560099564004	1	25700	42.7562447	-105.3752857
56546672	560099564004	1	35960	42.7594864	-105.3740984
56546673	560099564004	1	14400	42.7591852	-105.3737137
56546674	560099564004	1	67600	42.7514313	-105.3672327
56546675	560099564004	1	32000	42.7453038	-105.3625426
56546676	560099564004	1	40000	42.7565545	-105.3720699
56546677	560099564004	1	9600	42.7571010	-105.3753220
56546678	560099564004	1	117900	42.7502116	-105.3684475
56546679	560099564004	1	100000	42.7490044	-105.3637809
56546680	560099564004	1	19500	42.7504446	-105.3667788
56546681	560099564004	1	13300	42.7568235	-105.3722155
56546682	560099564004	1	30200	42.7510771	-105.3654363
56546683	560099564004	1	16700	42.7500280	-105.3651087
56546684	560099564004	1	101000	42.7586259	-105.3762469
56546685	560099564004	1	76500	42.7426607	-105.3595712
56546686	560099564004	1	47700	42.7488779	-105.3630173
56546687	560099564004	1	32400	42.7497484	-105.3640365
56546688	560099564004	1	89200	42.7485578	-105.3586018
56546689	560099564004	1	26000	42.7540147	-105.3666842
56546690	560099564004	1	95050	42.7556566	-105.3242985
56546691	560099564004	1	117200	42.7620764	-105.3224415
56546692	560099564004	1	69000	42.7634113	-105.3270320
56546693	560099564004	1	61000	42.7597623	-105.3252729
56546694	560099564004	1	50000	42.7603449	-105.3258673
56546695	560099564004	1	80000	42.7595095	-105.3262383
56546696	560099564004	1	90000	42.7605804	-105.3254478
56546697	560099564004	1	60000	42.7613963	-105.3268696
56546698	560099564004	1	26000	42.7615986	-105.3255235
56546699	560099564004	1	130800	42.7623012	-105.3239915
56546700	560099564004	1	55000	42.7625367	-105.3263189
56546701	560099564004	1	76000	42.7634222	-105.3251834
56546702	560099564004	1	47700	42.7623151	-105.3251846
56546703	560099564004	1	115000	42.7616078	-105.3235823
56546704	560099564004	1	122000	42.7640568	-105.3259339
56546705	560099564004	1	101000	42.7651576	-105.3257146
56546706	560099564004	1	59200	42.7555276	-105.3242704
56546707	560099564004	1	54950	42.7490942	-105.3607670
56546708	560099564004	1	125000	42.7633962	-105.3224345
56546709	560099564004	1	122300	42.7596276	-105.3234907
56546710	560099564004	9	70140	42.7636096	-105.3242672
56546711	560099564004	1	26100	42.7638757	-105.3240799
56546712	560099564004	1	31200	42.7609188	-105.3237117
56546713	560099564004	1	115000	42.7643581	-105.3234835
56546714	560099564004	1	65604	42.7577223	-105.3261271
56546715	560099564004	1	32300	42.7591199	-105.3249863
56546716	560099564004	1	26000	42.7562234	-105.3261894
56546717	560099564004	1	30000	42.7586266	-105.3260745
56546718	560099564004	1	57100	42.7574691	-105.3250812
56546719	560099564004	1	60000	42.7567289	-105.3258974
56546720	560099564004	1	10800	42.7570930	-105.3245615
56546721	560099564004	1	28000	42.7534838	-105.3662318
56546722	560099564004	1	57510	42.7551046	-105.3625460
56546723	560099564004	1	55450	42.7658232	-105.3262157
56546724	560099564004	1	81200	42.7650436	-105.3233166
56546725	560099564004	1	69900	42.7562600	-105.3258971
56546726	560099564004	1	50000	42.7647127	-105.3237846
56546727	560099564004	1	12000	42.7568031	-105.3231863
56546728	560099564004	1	46600	42.7578612	-105.3228661
56546729	560099564004	1	51280	42.7588020	-105.3228235
56546730	560099564004	1	145200	42.7549990	-105.3643251
56546731	560099564004	1	28600	42.7660430	-105.3239176
56546732	560099564004	1	87150	42.7487518	-105.3610610
56546733	560099564004	1	56004	42.7494411	-105.3631889
56546734	560099564004	1	65100	42.7554483	-105.3649882
56546735	560099564004	1	9600	42.7554288	-105.3665126
56546736	560099564004	1	86050	42.7545280	-105.3662716
56546737	560099564004	1	75000	42.7660801	-105.3672019
56546738	560099564004	1	162000	42.7521234	-105.3674122
56546739	560099564004	1	88000	42.7554030	-105.3633542
56546740	560099564004	1	63000	42.7541365	-105.3633370
56546741	560099564004	1	106400	42.7542709	-105.3642837
56546742	560099564004	1	116500	42.7518733	-105.3629270
56546743	560099564004	1	19400	42.7520571	-105.3627362
56546744	560099564004	1	75000	42.7532744	-105.3639860
56546745	560099564004	1	81000	42.7593389	-105.3773309
56546746	560099564004	1	21710	42.7486791	-105.3587873
56546747	560099564004	1	22400	42.7520136	-105.3652078
56546748	560099564004	1	75000	42.7503023	-105.3590063
56546749	560099564004	1	112600	42.7494701	-105.3610406
56546750	560099564004	1	32800	42.7528818	-105.3640506
56546751	560099564004	1	13200	42.7541050	-105.3657447
56546752	560099564004	1	85000	42.7616207	-105.3734443
56546753	560099564004	1	76800	42.7532339	-105.3670964
56546754	560099564004	1	65000	42.7417061	-105.3575550
56546755	560099564004	1	70050	42.7509511	-105.3629200
56546756	560099564004	1	10100	42.7544369	-105.3712918
56546757	560099564004	1	28000	42.7513854	-105.3644328
56546758	560099564004	1	25000	42.7506441	-105.3645743
56546759	560099564004	1	24000	42.7412956	-105.3556989
56546760	560099564004	1	61000	42.7558069	-105.3706014
56546761	560099564004	1	78000	42.7377939	-105.3466093
56546762	560099564004	1	19200	42.7642133	-105.3705037
56546763	560099564004	1	88500	42.7622391	-105.3738033
56546764	560099564004	1	65000	42.7415118	-105.3567871
56546765	560099564004	1	47900	42.7607218	-105.3744652
56546766	560099564004	1	10700	42.7407853	-105.3549316
56546767	560099564004	1	80000	42.7598037	-105.3697106
56546768	560099564004	1	13200	42.7613733	-105.3738858
56546769	560099564004	1	27400	42.7409572	-105.3537567
56546770	560099564004	1	52530	42.7648516	-105.3695409
56546771	560099564004	1	59050	42.7624603	-105.3687156
56546772	560099564004	1	51000	42.7624047	-105.3723537
56546773	560099564004	9	400	42.7625300	-105.3693873
56546774	560099564004	1	100040	42.7642360	-105.3682132
56546775	560099564004	1	19200	42.7630407	-105.3676219
56546776	560099564004	1	86470	42.7644116	-105.3672033
56546777	560099564004	1	51100	42.7584741	-105.3708555
56546778	560099564004	1	135000	42.7610153	-105.3671956
56546779	560099564004	1	67700	42.7622688	-105.3684132
56546780	560099564004	1	150000	42.7613954	-105.3724493
56546781	560099564004	1	40000	42.7621995	-105.3690891
56546782	560099564004	1	53000	42.7610804	-105.3686751
56546783	560099564004	9	22004	42.7623714	-105.3666689
56546784	560099564004	1	38000	42.7605181	-105.3693608
56546785	560099564004	1	116000	42.7584111	-105.3714782
56546786	560099564004	1	57900	42.7605027	-105.3673427
56546787	560099564004	1	23900	42.7650857	-105.3681950
56546788	560099564004	1	24600	42.7598728	-105.3678440
56546789	560099564004	1	49000	42.7596809	-105.3663239
56546790	560099564004	1	75000	42.7658790	-105.3671681
56546791	560099564004	1	67160	42.7593896	-105.3685697
56546792	560099564004	1	50600	42.7531035	-105.3500820
56546793	560099564004	1	27500	42.7635460	-105.3715937
56546794	560099564004	1	80800	42.7579629	-105.3691151
56546795	560099564004	1	12000	42.7632471	-105.3726858
56546796	560099564004	1	94000	42.7638709	-105.3668211
56546797	560099564004	1	113000	42.7639540	-105.3701851
56546798	560099564004	1	78700	42.7638849	-105.3686700
56546799	560099564004	1	53000	42.7534106	-105.3475012
56546800	560099564004	1	93600	42.7532576	-105.3480712
56546801	560099564004	1	32000	42.7510170	-105.3461710
56546802	560099564004	1	73410	42.7534268	-105.3462480
56546803	560099564004	1	11600	42.7571364	-105.3717773
56546804	560099564004	1	60400	42.7508793	-105.3473119
56546805	560099564004	1	86000	42.7520997	-105.3490975
56546806	560099564004	1	10600	42.7527416	-105.3460577
56546807	560099564004	1	121000	42.7525544	-105.3468172
56546808	560099564004	1	72300	42.7523687	-105.3486194
56546809	560099564004	1	20000	42.7532307	-105.3521742
56546810	560099564004	1	66000	42.7518318	-105.3501883
56546811	560099564004	1	30820	42.7465577	-105.3490108
56546812	560099564004	1	20000	42.7448249	-105.3487741
56546813	560099564004	1	28000	42.7524612	-105.3683060
56546814	560099564004	1	49200	42.7446778	-105.3482062
56546815	560099564004	1	58000	42.7526034	-105.3703022
56546816	560099564004	1	66000	42.7520729	-105.3680526
56546817	560099564004	1	101000	42.7511489	-105.3697896
56546818	560099564004	1	24000	42.7513099	-105.3697177
56546819	560099564004	1	82000	42.7519159	-105.3679440
56546820	560099564004	1	94610	42.7466562	-105.3636087
56546821	560099564004	1	123900	42.7473938	-105.3585911
56546822	560099564004	1	88400	42.7531380	-105.3710236
56546823	560099564004	1	14800	42.7530323	-105.3708211
56546824	560099564004	1	86900	42.7526915	-105.3711877
56546825	560099564004	1	29700	42.7525544	-105.3705121
56546826	560099564004	1	71000	42.7523640	-105.3712400
56546827	560099564004	1	106700	42.7527489	-105.3709700
56546828	560099564004	1	74000	42.7526258	-105.3709161
56546829	560099564004	1	55300	42.7472152	-105.3587484
56546830	560099564004	1	60000	42.7470745	-105.3591023
56546831	560099564004	1	60000	42.7469500	-105.3586775
56546832	560099564004	1	53000	42.7472029	-105.3585938
56546833	560099564004	1	26100	42.7475711	-105.3595321
56546834	560099564004	1	10000	42.7474357	-105.3593603
56546835	560099564004	1	91900	42.7473640	-105.3586163
56546836	560099564004	1	88500	42.7467234	-105.3640503
56546837	560099564004	1	81000	42.7467157	-105.3585374
56546838	560099564004	1	63840	42.7464662	-105.3587870
56546839	560099564004	1	23200	42.7468368	-105.3584136
56546840	560099564004	1	78600	42.7461918	-105.3590620
56546841	560099564004	1	84500	42.7465428	-105.3583414
56546842	560099564004	1	101000	42.7464846	-105.3592629
56546843	560099564004	1	95100	42.7462884	-105.3591957
56546844	560099564004	1	64500	42.7465799	-105.3637929
56546845	560099564004	1	99100	42.7467224	-105.3634683
56546846	560099564004	1	9600	42.7463743	-105.3583166
56546847	560099564004	1	43700	42.7471227	-105.3633710
56546848	560099564004	1	28300	42.7473212	-105.3639345
56546849	560099564004	1	63200	42.7473646	-105.3633891
56546850	560099564004	1	64600	42.7471224	-105.3633749
56546851	560099564004	1	64400	42.7519815	-105.3686602
56546852	560099564004	1	123900	42.7475193	-105.3608189
56546853	560099564004	1	92000	42.7458375	-105.3618250
56546854	560099564004	1	79900	42.7461884	-105.3625471
56546855	560099564004	1	344200	42.7464854	-105.3629106
56546856	560099564004	1	79000	42.7463267	-105.3626120
56546857	560099564004	1	146000	42.7462794	-105.3628553
56546858	560099564004	1	11000	42.7462385	-105.3627291
56546859	560099564004	1	30000	42.7459170	-105.3619232
56546860	560099564004	1	26500	42.7467875	-105.3616340
56546861	560099564004	1	72000	42.7472068	-105.3619117
56546862	560099564004	1	63900	42.7464462	-105.3630431
56546863	560099564004	1	19300	42.7474453	-105.3611255
56546864	560099564004	1	26000	42.7473791	-105.3609715
56546865	560099564004	1	70000	42.7475520	-105.3611369
56546866	560099564004	1	21400	42.7468283	-105.3616224
56546867	560099564004	1	0	42.7497282	-105.3751690
56546868	560099564004	1	11500	42.7504991	-105.3750479
56546869	560099564004	1	105000	42.7504014	-105.3749471
56546870	560099564004	1	4720	42.7468216	-105.3616071
56546871	560099564004	1	75400	42.7508032	-105.3751089
56546872	560099564004	1	83600	42.7501849	-105.3755552
56546873	560099564004	1	21000	42.7502951	-105.3757347
56546874	560099564004	1	17100	42.7503202	-105.3749844
56546875	560099564004	1	75900	42.7497082	-105.3750398
56546876	560099564004	1	96000	42.7499027	-105.3756927
56546877	560099564004	1	20000	42.7495367	-105.3750555
56546878	560099564004	9	71600	42.7496500	-105.3753399
56546879	560099564004	1	32000	42.7496527	-105.3756865
56546880	560099564004	1	263500	42.7493397	-105.3751434
56546881	560099564004	1	27000	42.7500239	-105.3753973
56546882	560099564004	1	95900	42.7480685	-105.3514895
56546883	560099564004	1	79200	42.7587030	-105.3752796
56546884	560099564004	1	109000	42.7540116	-105.3693491
56546885	560099564004	1	30000	42.7482991	-105.3601812
56546886	560099564004	1	48000	42.7498563	-105.3708585
56546887	560099564004	1	196000	42.7505617	-105.3696069
56546888	560099564004	1	716000	42.7518295	-105.3681233
56546889	560099564004	1	27000	42.7521645	-105.3684640
56546890	560099564004	1	49200	42.7506051	-105.3689223
56546891	560099564004	1	57100	42.7520089	-105.3686791
56546892	560099564004	1	51100	42.7504337	-105.3692256
56546893	560099564004	1	52300	42.7501113	-105.3702265
56546894	560099564004	1	20000	42.7499129	-105.3690041
56546895	560099564004	1	95000	42.7504465	-105.3690041
56546896	560099564004	1	72000	42.7498051	-105.3697363
56546897	560099564004	1	80680	42.7503570	-105.3700594
56546898	560099564004	1	32300	42.7500290	-105.3690746
56546899	560099564004	1	53200	42.7498165	-105.3701927
56546900	560099564004	1	95000	42.7479761	-105.3597476
56546901	560099564004	1	24500	42.7540155	-105.3710400
56546902	560099564004	1	135000	42.7501688	-105.3700083
56546903	560099564004	1	86000	42.7501145	-105.3709881
56546904	560099564004	1	97000	42.7501355	-105.3707204
56546905	560099564004	1	28300	42.7536282	-105.3711779
56546906	560099564004	1	27700	42.7532337	-105.3714544
56546907	560099564004	1	26000	42.7537962	-105.3706847
56546908	560099564004	1	34200	42.7482542	-105.3601542
56546909	560099564004	1	95000	42.7535755	-105.3713612
56546910	560099564004	1	27000	42.7536363	-105.3714913
56546911	560099564004	1	143400	42.7532219	-105.3712045
56546912	560099564004	1	25000	42.7477792	-105.3597266
56546913	560099564004	1	50300	42.7485305	-105.3601585
56546914	560099564004	1	80000	42.7484051	-105.3608998
56546915	560099564004	1	52700	42.7537442	-105.3701044
56546916	560099564004	1	27500	42.7505250	-105.3743651
56546917	560099564004	1	25750	42.7519410	-105.3744185
56546918	560099564004	1	23120	42.7516194	-105.3741008
56546919	560099564004	1	55000	42.7479771	-105.3600314
56546920	560099564004	1	88500	42.7513200	-105.3742828
56546921	560099564004	1	86040	42.7517003	-105.3738792
56546922	560099564004	1	12600	42.7514634	-105.3745885
56546923	560099564004	1	36500	42.7516044	-105.3747529
56546924	560099564004	1	73000	42.7503941	-105.3738893
56546925	560099564004	1	47500	42.7507398	-105.3746747
56546926	560099564004	1	70000	42.7517111	-105.3748181
56546927	560099564004	1	90000	42.7505044	-105.3736328
56546928	560099564004	1	51000	42.7502817	-105.3744907
56546929	560099564004	1	28300	42.7503600	-105.3745546
56546930	560099564004	1	27500	42.7503271	-105.3742228
56546931	560099564004	1	57800	42.7539966	-105.3694266
56546932	560099564004	1	80000	42.7511284	-105.3680287
56546933	560099564004	1	157000	42.7509577	-105.3684250
56546934	560099564004	1	31000	42.7507532	-105.3676411
56546935	560099564004	1	11300	42.7510006	-105.3679048
56546936	560099564004	1	133100	42.7511513	-105.3686908
56546937	560099564004	1	74000	42.7511560	-105.3676930
56546938	560099564004	1	10500	42.7515862	-105.3679249
56546939	560099564004	1	47900	42.7540357	-105.3698059
56546940	560099564004	1	70000	42.7496315	-105.3735863
56546941	560099564004	1	62000	42.7499522	-105.3741802
56546942	560099564004	1	26600	42.7496724	-105.3745152
56546943	560099564004	1	30000	42.7498819	-105.3745474
56546944	560099564004	1	78000	42.7494617	-105.3734879
56546945	560099564004	1	63900	42.7497034	-105.3742023
56546946	560099564004	1	268000	42.7590054	-105.3752151
56546947	560099564004	1	28300	42.7478640	-105.3632564
56546948	560099564004	1	94000	42.7486141	-105.3700597
56546949	560099564004	1	22600	42.7459063	-105.3607690
56546950	560099564004	1	78510	42.7464881	-105.3613172
56546951	560099564004	1	84500	42.7542093	-105.3692897
56546952	560099564004	1	153000	42.7538606	-105.3701921
56546953	560099564004	1	22500	42.7465132	-105.3607279
56546954	560099564004	9	15900	42.7462449	-105.3610600
56546955	560099564004	1	61000	42.7459621	-105.3614316
56546956	560099564004	1	247500	42.7495137	-105.3704870
56546957	560099564004	9	75000	42.7491736	-105.3700566
56546958	560099564004	9	15900	42.7464192	-105.3617371
56546959	560099564004	1	1100	42.7491398	-105.3701642
56546960	560099564004	1	51000	42.7494578	-105.3702627
56546961	560099564004	1	50000	42.7494372	-105.3704151
56546962	560099564004	1	63000	42.7495149	-105.3707794
56546963	560099564004	1	95000	42.7481539	-105.3631053
56546964	560099564004	1	80800	42.7477625	-105.3642903
56546965	560099564004	1	60200	42.7474191	-105.3640211
56546966	560099564004	1	79300	42.7485140	-105.3703136
56546967	560099564004	1	75100	42.7485207	-105.3701192
56546968	560099564004	1	26500	42.7481477	-105.3635992
56546969	560099564004	1	95001	42.7482399	-105.3639864
56546970	560099564004	1	154600	42.7482167	-105.3635965
56546971	560099564004	1	62600	42.7479030	-105.3631735
56546972	560099564004	1	84600	42.7603316	-105.3750937
56546973	560099564004	1	72500	42.7479622	-105.3637818
56546974	560099564004	1	34400	42.7604533	-105.3751393
56546975	560099564004	1	23000	42.7592233	-105.3797370
56546976	560099564004	1	79500	42.7607286	-105.3750985
56546977	560099564004	1	12000	42.7591404	-105.3801713
56546978	560099564004	1	81000	42.7559383	-105.3798027
56546979	560099564004	1	74000	42.7507831	-105.3719969
56546980	560099564004	1	25000	42.7515753	-105.3728197
56546981	560099564004	1	80800	42.7424175	-105.3584146
56546982	560099564004	1	53600	42.7478343	-105.3630472
56546983	560099564004	1	35001	42.7476154	-105.3621603
56546984	560099564004	1	122000	42.7430044	-105.3582150
56546985	560099564004	1	99000	42.7428999	-105.3586652
56546986	560099564004	1	114100	42.7427052	-105.3580560
56546987	560099564004	1	27400	42.7503586	-105.3735066
56546988	560099564004	1	56000	42.7520501	-105.3730211
56546989	560099564004	1	8600	42.7519865	-105.3731665
56546990	560099564004	1	65000	42.7518827	-105.3727003
56546991	560099564004	1	72000	42.7510144	-105.3724987
56546992	560099564004	1	93600	42.7510517	-105.3734574
56546993	560099564004	1	136600	42.7503813	-105.3731662
56546994	560099564004	1	52300	42.7554352	-105.3794467
56546995	560099564004	1	52000	42.7480397	-105.3610180
56546996	560099564004	1	52300	42.7507659	-105.3717458
56546997	560099564004	1	32000	42.7509723	-105.3721134
56546998	560099564004	1	86200	42.7510541	-105.3711718
56546999	560099564004	1	21000	42.7526565	-105.3750881
56547000	560099564004	9	75000	42.7526112	-105.3755073
56547001	560099564004	1	28000	42.7523054	-105.3751175
56547002	560099564004	1	107500	42.7529024	-105.3739365
56547003	560099564004	1	57780	42.7478579	-105.3613165
56547004	560099564004	1	55800	42.7482378	-105.3614313
56547005	560099564004	1	24000	42.7477077	-105.3618707
56547006	560099564004	1	80000	42.7523857	-105.3742762
56547007	560099564004	1	55000	42.7529116	-105.3738931
56547008	560099564004	1	85000	42.7528373	-105.3746809
56547009	560099564004	1	76200	42.7474487	-105.3520132
56547010	560099564004	1	23100	42.7483085	-105.3498993
56547011	560099564004	1	47700	42.7566403	-105.3781352
56547012	560099564004	1	112800	42.7487892	-105.3681842
56547013	560099564004	1	60000	42.7583280	-105.3755097
56547014	560099564004	1	118800	42.7529362	-105.3754370
56547015	560099564004	1	88500	42.7435409	-105.3581287
56547016	560099564004	1	31000	42.7436680	-105.3587979
56547017	560099564004	1	78000	42.7440174	-105.3587871
56547018	560099564004	1	30000	42.7486928	-105.3679073
56547019	560099564004	1	89500	42.7514485	-105.3712447
56547020	560099564004	1	74200	42.7515032	-105.3721077
56547021	560099564004	1	38200	42.7520433	-105.3721954
56547022	560099564004	1	11500	42.7492127	-105.3682433
56547023	560099564004	1	90000	42.7490466	-105.3673645
56547024	560099564004	1	54400	42.7494670	-105.3678005
56547025	560099564004	1	54350	42.7563515	-105.3786270
56547026	560099564004	1	98680	42.7487078	-105.3662979
56547027	560099564004	1	88000	42.7473584	-105.3671111
56547028	560099564004	1	15000	42.7484019	-105.3680528
56547029	560099564004	1	54300	42.7475635	-105.3670365
56547030	560099564004	1	102000	42.7470491	-105.3578289
56547031	560099564004	1	27000	42.7478348	-105.3578302
56547032	560099564004	1	75400	42.7474931	-105.3574966
56547033	560099564004	1	71100	42.7620007	-105.3747273
56547034	560099564004	1	51300	42.7466676	-105.3655845
56547035	560099564004	1	110000	42.7489543	-105.3667643
56547036	560099564004	1	31500	42.7483904	-105.3665269
56547037	560099564004	1	80000	42.7622281	-105.3739926
56547038	560099564004	1	32800	42.7469381	-105.3651621
56547039	560099564004	9	87400	42.7469699	-105.3645354
56547040	560099564004	1	55000	42.7479968	-105.3503996
56547041	560099564004	1	48380	42.7502774	-105.3715769
56547042	560099564004	1	14800	42.7573032	-105.3779385
56547043	560099564004	1	56010	42.7569679	-105.3781253
56547044	560099564004	1	54400	42.7564977	-105.3776660
56547045	560099564004	1	58100	42.7572721	-105.3771900
56547046	560099564004	1	25000	42.7487949	-105.3656638
56547047	560099564004	1	60000	42.7486969	-105.3654617
56547048	560099564004	1	85200	42.7497524	-105.3716295
56547049	560099564004	1	80700	42.7532767	-105.3677938
56547050	560099564004	1	28500	42.7535663	-105.3739883
56547051	560099564004	1	60000	42.7529490	-105.3745855
56547052	560099564004	1	12000	42.7466810	-105.3579996
56547053	560099564004	1	114900	42.7532862	-105.3682540
56547054	560099564004	1	12000	42.7465357	-105.3577002
56547055	560099564004	1	100000	42.7484660	-105.3745414
56547056	560099564004	1	50900	42.7498401	-105.3670394
56547057	560099564004	1	116000	42.7559244	-105.3785152
56547058	560099564004	1	30600	42.7558623	-105.3786788
56547059	560099564004	1	55000	42.7494127	-105.3660337
56547060	560099564004	1	51800	42.7530363	-105.3723281
56547061	560099564004	1	53200	42.7522625	-105.3723085
56547062	560099564004	1	130000	42.7489266	-105.3757366
56547063	560099564004	1	56400	42.7456137	-105.3490985
56547064	560099564004	1	49050	42.7468832	-105.3528134
56547065	560099564004	1	47900	42.7449687	-105.3484239
56547066	560099564004	1	31500	42.7463980	-105.3535933
56547067	560099564004	1	65000	42.7462792	-105.3481740
56547068	560099564004	1	30600	42.7457292	-105.3515923
56547069	560099564004	1	85000	42.7466495	-105.3484479
56547070	560099564004	1	56400	42.7471946	-105.3529965
56547071	560099564004	1	90000	42.7472264	-105.3519068
56547072	560099564004	1	104100	42.7469641	-105.3493982
56547073	560099564004	1	60000	42.7463748	-105.3474009
56547074	560099564004	1	103020	42.7469205	-105.3495163
56547075	560099564004	1	31500	42.7470884	-105.3511380
56547076	560099564004	1	136900	42.7470858	-105.3480958
56547077	560099564004	1	66000	42.7469558	-105.3478597
56547078	560099564004	1	25700	42.7472447	-105.3533843
56547079	560099564004	1	64000	42.7453906	-105.3480545
56547080	560099564004	1	80000	42.7464259	-105.3498812
56547081	560099564004	1	13700	42.7463094	-105.3509214
56547082	560099564004	1	58400	42.7468942	-105.3501252
56547083	560099564004	1	76000	42.7464605	-105.3500115
56547084	560099564004	1	30800	42.7468309	-105.3497416
56547085	560099564004	1	90400	42.7451313	-105.3478242
56547086	560099565001	9	94000	42.7655881	-105.3949478
56547087	560099565001	1	55600	42.7409885	-105.4264925
56547088	560099565001	1	107500	42.7379582	-105.4370929
56547089	560099565001	1	143000	42.7665547	-105.4025816
56547090	560099565001	1	80000	42.7404857	-105.4256324
56547091	560099565001	1	45000	42.7636060	-105.4035019
56547092	560099565001	1	40400	42.7383333	-105.4372818
56547093	560099565001	1	33000	42.7383395	-105.4363902
56547094	560099565001	9	44920	42.7381888	-105.4366344
56547095	560099565001	1	11500	42.7636685	-105.4035339
56547096	560099565001	1	78000	42.7379232	-105.4360472
56547097	560099565001	1	43300	42.7667629	-105.4043684
56547098	560099565001	1	28200	42.7664045	-105.4051438
56547099	560099565001	1	40270	42.7407537	-105.4237796
56547100	560099565001	1	67600	42.7408577	-105.4235210
56547101	560099565001	1	23000	42.7388186	-105.4249534
56547102	560099565001	1	114900	42.7391803	-105.4366942
56547103	560099565001	1	115000	42.7664723	-105.4017862
56547104	560099565001	1	268000	42.7664782	-105.4021147
56547105	560099565001	1	276000	42.7664671	-105.4016787
56547106	560099565001	1	186000	42.7670996	-105.4024501
56547107	560099565001	1	28200	42.7662902	-105.4022572
56547108	560099565001	1	8500	42.7390209	-105.4371752
56547109	560099565001	1	97700	42.7670536	-105.4042313
56547110	560099565001	1	35960	42.7672285	-105.4052593
56547111	560099565001	1	122000	42.7676374	-105.4047707
56547112	560099565001	1	68000	42.7676508	-105.4053714
56547113	560099565001	1	12400	42.7677329	-105.4046607
56547114	560099565001	1	15500	42.7675476	-105.4051563
56547115	560099565001	1	40400	42.7393581	-105.4242478
56547116	560099565001	1	27000	42.7677861	-105.4037019
56547117	560099565001	1	27500	42.7386666	-105.4363035
56547118	560099565001	1	75000	42.7390894	-105.4366467
56547119	560099565001	1	65000	42.7388271	-105.4362544
56547120	560099565001	1	13970	42.7675533	-105.4035788
56547121	560099565001	1	34200	42.7674664	-105.4034823
56547122	560099565001	1	225600	42.7676089	-105.4032042
56547123	560099565001	1	100400	42.7388595	-105.4247086
56547124	560099565001	1	165000	42.7654042	-105.4045901
56547125	560099565001	1	110000	42.7675578	-105.4039153
56547126	560099565001	1	16600	42.7657049	-105.4044026
56547127	560099565001	1	39000	42.7652587	-105.4049860
56547128	560099565001	1	45000	42.7653817	-105.4040529
56547129	560099565001	1	13970	42.7657038	-105.4052429
56547130	560099565001	1	39000	42.7413159	-105.4229327
56547131	560099565001	1	52400	42.7403412	-105.4242143
56547132	560099565001	9	56000	42.7411643	-105.4238044
56547133	560099565001	1	288600	42.7396313	-105.4250287
56547134	560099565001	1	30000	42.7385501	-105.4244074
56547135	560099565001	1	41000	42.7388780	-105.4242874
56547136	560099565001	1	17100	42.7398354	-105.4241038
56547137	560099565001	1	95000	42.7397721	-105.4244754
56547138	560099565001	9	117000	42.7681770	-105.3983115
56547139	560099565001	1	70000	42.7405456	-105.4260176
56547140	560099565001	9	121000	42.7679117	-105.3970847
56547141	560099565001	1	54400	42.7403230	-105.4261614
56547142	560099565001	1	100000	42.7672318	-105.3973281
56547143	560099565001	1	37700	42.7387437	-105.4259622
56547144	560099565001	1	42500	42.7391186	-105.4257407
56547145	560099565001	1	48700	42.7648127	-105.3976349
56547146	560099565001	1	104000	42.7375609	-105.4319147
56547147	560099565001	1	91550	42.7382108	-105.4307067
56547148	560099565001	1	162000	42.7409103	-105.4242239
56547149	560099565001	1	110000	42.7383211	-105.4270008
56547150	560099565001	1	84390	42.7385336	-105.4258026
56547151	560099565001	1	136900	42.7388396	-105.4261480
56547152	560099565001	1	58490	42.7409144	-105.4245676
56547153	560099565001	1	28180	42.7376930	-105.4268016
56547154	560099565001	9	195000	42.7374935	-105.4268720
56547155	560099565001	9	56000	42.7386229	-105.4291460
56547156	560099565001	1	9600	42.7379828	-105.4301471
56547157	560099565001	1	141600	42.7406633	-105.4245398
56547158	560099565001	1	12000	42.7379466	-105.4309520
56547159	560099565001	1	99000	42.7381640	-105.4296349
56547160	560099565001	1	39050	42.7379382	-105.4309472
56547161	560099565001	1	155000	42.7386883	-105.4290697
56547162	560099565001	1	11300	42.7372536	-105.4318879
56547163	560099565001	1	-4199	42.7381606	-105.4245443
56547164	560099565001	9	48500	42.7417322	-105.4252179
56547165	560099565001	9	38400	42.7387116	-105.4309357
56547166	560099565001	9	60800	42.7383788	-105.4308629
56547167	560099565001	1	134000	42.7381046	-105.4241114
56547168	560099565001	1	103650	42.7417739	-105.4250800
56547169	560099565001	1	31400	42.7418565	-105.4244007
56547170	560099565001	1	66900	42.7377348	-105.4251311
56547171	560099565001	1	54000	42.7399446	-105.4266545
56547172	560099565001	1	128000	42.7384719	-105.4248681
56547173	560099565001	1	94000	42.7395076	-105.4264320
56547174	560099565001	1	25000	42.7382900	-105.4256013
56547175	560099565001	1	9600	42.7409605	-105.4277155
56547176	560099565001	1	34640	42.7408790	-105.4270637
56547177	560099565001	1	90000	42.7682655	-105.4005349
56547178	560099565001	1	36500	42.7658942	-105.4055837
56547179	560099565001	1	44000	42.7384322	-105.4089485
56547180	560099565001	1	134400	42.7394583	-105.4261721
56547181	560099565001	1	14400	42.7647008	-105.4052621
56547182	560099565001	9	108802	42.7642781	-105.4052442
56547183	560099565001	1	365700	42.7639147	-105.4364840
56547184	560099565001	1	25000	42.7393906	-105.4254668
56547185	560099565001	1	30400	42.7641425	-105.4361103
56547186	560099565001	9	38400	42.7416798	-105.4234704
56547187	560099565001	1	50000	42.7680702	-105.4010076
56547188	560099565001	1	103300	42.7387375	-105.4088059
56547189	560099565001	1	4900	42.7681072	-105.4008051
56547190	560099565001	1	43000	42.7417912	-105.4240725
56547191	560099565001	9	70140	42.7650179	-105.3978342
56547192	560099565001	1	97000	42.7651194	-105.3980556
56547193	560099565001	9	195000	42.7684909	-105.4014353
56547194	560099565001	1	129649	42.7650395	-105.3955281
56547195	560099565001	1	112800	42.7665289	-105.4057096
56547196	560099565001	1	41600	42.7656832	-105.4053433
56547197	560099565001	1	4600	42.7666555	-105.4060660
56547198	560099565001	1	64000	42.7647265	-105.3964918
56547199	560099565001	1	6200	42.7687311	-105.4024012
56547200	560099565001	1	45300	42.7641795	-105.3953323
56547201	560099565001	1	101020	42.7669063	-105.3967759
56547202	560099565001	1	84100	42.7706200	-105.3962373
56547203	560099565001	1	74000	42.7670360	-105.3994691
56547204	560099565001	1	44500	42.7658426	-105.3958483
56547205	560099565001	1	41900	42.7674162	-105.3951339
56547206	560099565001	1	116	42.7711814	-105.3955093
56547207	560099565001	1	35000	42.7697404	-105.4045824
56547208	560099565001	1	77200	42.7431812	-105.4024594
56547209	560099565001	1	12000	42.7640773	-105.3948173
56547210	560099565001	1	48000	42.7630869	-105.3970804
56547211	560099565001	1	8600	42.7657013	-105.3986042
56547212	560099565001	1	10600	42.7640354	-105.4030877
56547213	560099565001	1	80800	42.7640413	-105.4036514
56547214	560099565001	1	42500	42.7657979	-105.3978611
56547215	560099565001	1	247500	42.7674213	-105.4025496
56547216	560099565001	1	70050	42.7665812	-105.4048985
56547217	560099565001	1	51000	42.7687508	-105.4053082
56547218	560099565001	1	186000	42.7697398	-105.4036893
56547219	560099565001	1	15780	42.7690416	-105.4024223
56547220	560099565001	1	38000	42.7699027	-105.3957166
56547221	560099565001	1	8800	42.7683244	-105.3955066
56547222	560099565001	1	36000	42.7630667	-105.3952783
56547223	560099565001	1	134800	42.7681656	-105.3964142
56547224	560099565001	1	64200	42.7676773	-105.3999216
56547225	560099565001	1	41000	42.7690607	-105.4018332
56547226	560099565001	1	65190	42.7691204	-105.4035931
56547227	560099565001	1	58900	42.7669943	-105.3989508
56547228	560099565001	1	10000	42.7472930	-105.4073773
56547229	560099565001	1	189500	42.7699498	-105.3999311
56547230	560099565001	1	72000	42.7688124	-105.3952806
56547231	560099565001	1	176000	42.7481009	-105.4077286
56547232	560099565001	9	117000	42.7278782	-105.4339851
56547233	560099565001	1	152300	42.7351756	-105.4245536
56547234	560099565001	1	112000	42.7487978	-105.4069899
56547235	560099565001	1	26000	42.7693349	-105.3959350
56547236	560099565001	1	39000	42.7631880	-105.3962008
56547237	560099565001	9	69000	42.7702112	-105.4025741
56547238	560099565001	1	39700	42.7436912	-105.4045306
56547239	560099565001	1	102400	42.7663335	-105.3947433
56547240	560099565001	1	39000	42.7271724	-105.4330873
56547241	560099565001	1	103050	42.7273762	-105.4355212
56547242	560099565001	1	39000	42.7370719	-105.4284286
56547243	560099565001	1	63010	42.7655060	-105.4019735
56547244	560099565001	1	119000	42.7636934	-105.4033971
56547245	560099565001	1	41000	42.7503700	-105.4070426
56547246	560099565001	1	21000	42.7696672	-105.3982772
56547247	560099565001	9	85000	42.7457953	-105.4057736
56547248	560099565001	1	2700	42.7689446	-105.3974012
56547249	560099565001	1	80000	42.7679115	-105.4024882
56547250	560099565001	1	41740	42.7706260	-105.4006201
56547251	560099565001	1	35000	42.7336572	-105.4370825
56547252	560099565001	1	100000	42.7550136	-105.4078998
56547253	560099565001	1	30600	42.7696215	-105.3991840
56547254	560099565001	1	22000	42.7444448	-105.4052144
56547255	560099565001	1	20200	42.7327462	-105.4372734
56547256	560099565001	1	4600	42.7709562	-105.3984697
56547257	560099565001	1	65000	42.7324149	-105.4365147
56547258	560099565001	1	33300	42.7320326	-105.4370323
56547259	560099565001	1	44900	42.7696246	-105.3961896
56547260	560099565001	9	87400	42.7368486	-105.4389508
56547261	560099565001	1	37000	42.7461413	-105.4065629
56547262	560099565001	1	40400	42.7641325	-105.4033176
56547263	560099565001	1	4600	42.7659219	-105.4023802
56547264	560099565001	1	65000	42.7429981	-105.4034071
56547265	560099565001	9	94000	42.7660173	-105.4016643
56547266	560099565001	1	75050	42.7661528	-105.4021457
56547267	560099565001	1	11800	42.7326700	-105.4320422
56547268	560099565001	1	40000	42.7655479	-105.4015922
56547269	560099565001	9	117000	42.7685958	-105.3990793
56547270	560099565001	1	22000	42.7507371	-105.4081215
56547271	560099565001	1	110100	42.7661142	-105.4020971
56547272	560099565001	1	62000	42.7675225	-105.4023101
56547273	560099565001	1	88500	42.7158336	-105.4028708
56547274	560099565001	9	108802	42.7502961	-105.4090447
56547275	560099565001	1	58000	42.7163037	-105.4022245
56547276	560099565001	1	5204	42.7658584	-105.4021534
56547277	560099565001	1	186000	42.7162573	-105.3997931
56547278	560099565001	1	10000	42.7414030	-105.4013899
56547279	560099565001	1	46000	42.7174972	-105.4028271
56547280	560099565001	1	48200	42.7703578	-105.3989692
56547281	560099565001	1	36600	42.7703842	-105.4018690
56547282	560099565001	1	44800	42.7167272	-105.3996833
56547283	560099565001	9	21600	42.7533896	-105.4081564
56547284	560099565001	1	96000	42.7352102	-105.4370209
56547285	560099565001	1	178800	42.7415978	-105.4039252
56547286	560099565001	1	50000	42.7367456	-105.4363314
56547287	560099565001	1	97100	42.7171082	-105.3982241
56547288	560099565001	1	46000	42.7421634	-105.4031783
56547289	560099565001	1	109000	42.7187536	-105.3980587
56547290	560099565001	1	113700	42.7364763	-105.4304663
56547291	560099565001	1	11620	42.7164719	-105.3981274
56547292	560099565001	1	82840	42.7402141	-105.4233395
56547293	560099565001	1	134000	42.7412411	-105.4022282
56547294	560099565001	1	16000	42.7545317	-105.4073339
56547295	560099565001	1	38000	42.7350652	-105.4362343
56547296	560099565001	1	40000	42.7362142	-105.4379126
56547297	560099565001	1	118600	42.7396299	-105.4041978
56547298	560099565001	1	103000	42.7394759	-105.4038418
56547299	560099565001	1	134000	42.7397146	-105.4021962
56547300	560099565001	1	17600	42.7446443	-105.4070303
56547301	560099565001	1	55700	42.7427913	-105.4046919
56547302	560099565001	1	49100	42.7403984	-105.4038073
56547303	560099565001	1	151500	42.7412996	-105.4050400
56547304	560099565001	1	100000	42.7400411	-105.4053790
56547305	560099565001	9	117000	42.7418343	-105.4050896
56547306	560099565001	1	117300	42.7407556	-105.4028545
56547307	560099565001	1	13800	42.7425060	-105.4036418
56547308	560099565001	1	120400	42.7429303	-105.4059799
56547309	560099565001	1	45300	42.7336153	-105.4342655
56547310	560099565001	1	38200	42.7367778	-105.4296228
56547311	560099565001	1	103300	42.7351115	-105.4390793
56547312	560099565001	1	248000	42.7363276	-105.4386214
56547313	560099565001	9	70140	42.7361803	-105.4348432
56547314	560099565001	1	44000	42.7437978	-105.4063464
56547315	560099565001	1	366400	42.7361546	-105.4260561
56547316	560099565001	1	93600	42.7362539	-105.4298250
56547317	560099565001	1	70000	42.7674112	-105.4019452
56547318	560099565001	1	35000	42.7643462	-105.4031042
56547319	560099565001	1	80000	42.7641303	-105.4032354
56547320	560099565001	1	148000	42.7362012	-105.4275799
56547321	560099565001	1	67700	42.7346448	-105.4350274
56547322	560099565001	1	70000	42.7358744	-105.4412191
56547323	560099565001	1	42000	42.7362333	-105.4252292
56547324	560099565001	1	12000	42.7345963	-105.4281417
56547325	560099565001	9	22004	42.7353969	-105.4282599
56547326	560099565001	1	23100	42.7521347	-105.4080892
56547327	560099565001	1	46100	42.7352300	-105.4267143
56547328	560099565001	1	39000	42.7330567	-105.4351353
56547329	560099565001	1	33900	42.7350544	-105.4250329
56547330	560099565001	1	33200	42.7342862	-105.4315402
56547331	560099565001	1	85030	42.7421410	-105.4069765
56547332	560099565001	1	47700	42.7344019	-105.4246797
56547333	560099565001	1	108000	42.7641584	-105.4037649
56547334	560099565001	1	79200	42.7461284	-105.4063068
56547335	560099565001	1	37000	42.7345851	-105.4267709
56547336	560099565001	1	39500	42.7345908	-105.4235241
56547337	560099565001	1	7200	42.7637924	-105.4031102
56547338	560099565001	1	136900	42.7369487	-105.4372987
56547339	560099565001	9	85000	42.7639011	-105.4032329
56547340	560099565001	1	100000	42.7670815	-105.4029130
56547341	560099565001	9	30400	42.7681123	-105.4050760
56547342	560099565001	1	32700	42.7653560	-105.4024633
56547343	560099565001	1	112000	42.7638123	-105.4028177
56547344	560099565001	1	239000	42.7639033	-105.4030655
56547345	560099565001	1	21500	42.7634499	-105.4034769
56547346	560099565001	9	18000	42.7661673	-105.4026642
56547347	560099565001	1	37500	42.7641646	-105.4037336
56547348	560099565001	9	70140	42.7653853	-105.4020840
56547349	560099565001	1	99100	42.7685725	-105.4051898
56547350	560099565001	1	12600	42.7678256	-105.4049511
56547351	560099565001	1	160000	42.7661791	-105.4022941
56547352	560099565001	1	47700	42.7686262	-105.4045065
56547353	560099565001	1	47800	42.7682922	-105.4053156
56547354	560099565001	9	400	42.7679703	-105.4055365
56547355	560099565001	9	121000	42.7680349	-105.4044585
56547356	560099565001	1	176000	42.7679414	-105.4019095
56547357	560099565001	1	2400	42.7680491	-105.4045720
56547358	560099565001	1	37000	42.7680038	-105.4048627
56547359	560099565001	1	174000	42.7686674	-105.4056072
56547360	560099565001	1	104900	42.7683218	-105.4053176
56547361	560099565001	1	2400	42.7678902	-105.4043362
56547362	560099565001	1	366400	42.7686416	-105.4052833
56547363	560099565001	1	50000	42.7686116	-105.4045860
56547364	560099565001	1	40000	42.7677553	-105.4024933
56547365	560099565001	1	35000	42.7676680	-105.4029015
56547366	560099565001	1	81500	42.7680322	-105.4054844
56547367	560099565001	1	40000	42.7670941	-105.4027659
56547368	560099565001	1	11750	42.7671985	-105.4025639
56547369	560099565001	1	12400	42.7672085	-105.4029825
56547370	560099565001	1	162000	42.7679643	-105.4020269
56547371	560099565001	1	37880	42.7346013	-105.4291482
56547372	560099565001	1	55000	42.7656593	-105.4032858
56547373	560099565001	1	149100	42.7654847	-105.4030669
56547374	560099565001	1	78800	42.7365084	-105.4396520
56547375	560099565001	1	27000	42.7676014	-105.4025804
56547376	560099565001	1	96000	42.7276741	-105.4297742
56547377	560099565001	1	57000	42.7674696	-105.4021149
56547378	560099565001	1	104200	42.7281056	-105.4320986
56547379	560099565001	1	61000	42.7655470	-105.4037686
56547380	560099565001	1	239000	42.7656506	-105.4035254
56547381	560099565001	1	166000	42.7659582	-105.4030320
56547382	560099565001	1	50000	42.7654758	-105.4038505
56547383	560099565001	1	64700	42.7660970	-105.4035014
56547384	560099565001	1	10550	42.7656652	-105.4034905
56547385	560099565001	1	32800	42.7441518	-105.4054796
56547386	560099565001	1	151700	42.7661124	-105.4034110
56547387	560099565001	1	97000	42.7660088	-105.4035619
56547388	560099565001	1	101000	42.7657912	-105.4035687
56547389	560099565001	1	93300	42.7339132	-105.4336947
56547390	560099565001	1	130240	42.7652358	-105.4038666
56547391	560099565001	1	104000	42.7656891	-105.4029511
56547392	560099565001	1	13000	42.7278119	-105.4309594
56547393	560099565001	1	52200	42.7252212	-105.4348925
56547394	560099565001	1	15500	42.7338437	-105.4291046
56547395	560099565001	1	39290	42.7280027	-105.4366353
56547396	560099565001	1	35000	42.7280654	-105.4328485
56547397	560099565001	9	38700	42.7279878	-105.4381863
56547398	560099565001	1	132360	42.7283670	-105.4352689
56547399	560099565001	1	30500	42.7284245	-105.4346705
56547400	560099565001	1	38000	42.7254682	-105.4369004
56547401	560099565001	9	22004	42.7342490	-105.4297595
56547402	560099565001	1	21000	42.7279493	-105.4391759
56547403	560099565001	1	35560	42.7276680	-105.4408131
56547404	560099565001	1	125000	42.7368178	-105.4333901
56547405	560099565001	1	185000	42.7290532	-105.4406074
56547406	560099565001	9	48500	42.7329407	-105.4312258
56547407	560099565001	1	15300	42.7254239	-105.4339917
56547408	560099565001	1	38000	42.7257289	-105.4285902
56547409	560099565001	1	18280	42.7276262	-105.4382945
56547410	560099565001	1	8000	42.7257600	-105.4362479
56547411	560099565001	1	44000	42.7357157	-105.4284310
56547412	560099565001	1	93600	42.7273123	-105.4361052
56547413	560099565001	1	39400	42.7409932	-105.4068073
56547414	560099565001	1	118100	42.7255689	-105.4302323
56547415	560099565001	9	21600	42.7256684	-105.4325116
56547416	560099565001	1	112600	42.7268911	-105.4343403
56547417	560099565001	1	31400	42.7342412	-105.4360627
56547418	560099565001	1	158020	42.7268764	-105.4289249
56547419	560099565001	1	23100	42.7278239	-105.4291419
56547420	560099565001	1	56400	42.7295983	-105.4504922
56547421	560099565001	9	48500	42.7264708	-105.4321189
56547422	560099565001	1	151700	42.7590233	-105.4137054
56547423	560099565001	1	71200	42.7347775	-105.4505757
56547424	560099565001	1	8200	42.7309590	-105.4505955
56547425	560099565001	1	37400	42.7652631	-105.4023754
56547426	560099565001	1	184000	42.7378716	-105.4361716
56547427	560099565001	1	114100	42.7639727	-105.4028500
56547428	560099565001	1	572000	42.7639702	-105.4037711
56547429	560099565001	1	82000	42.7233879	-105.4336914
56547430	560099565001	1	34100	42.7649578	-105.4017897
56547431	560099565001	1	268000	42.7642208	-105.4026073
56547432	560099565001	1	71900	42.7651233	-105.4039718
56547433	560099565001	1	39000	42.7639157	-105.4045644
56547434	560099565001	1	49700	42.7638810	-105.4028075
56547435	560099565001	1	101600	42.7637806	-105.4032530
56547436	560099565001	1	42100	42.7639704	-105.4033286
56547437	560099565001	1	74500	42.7647206	-105.4050680
56547438	560099565001	1	40000	42.7635763	-105.4044434
56547439	560099565001	1	77000	42.7640395	-105.4042223
56547440	560099565001	1	115600	42.7640744	-105.4033333
56547441	560099565001	1	40000	42.7640443	-105.4026536
56547442	560099565001	1	179300	42.7640430	-105.4042807
56547443	560099565001	1	39000	42.7642605	-105.4026237
56547444	560099565001	1	35000	42.7637061	-105.4044311
56547445	560099565001	1	165000	42.7646379	-105.4045332
56547446	560099565001	1	112000	42.7638133	-105.4050033
56547447	560099565001	1	43000	42.7635283	-105.4039722
56547448	560099565001	1	41000	42.7639200	-105.4048209
56547449	560099565001	1	64800	42.7638500	-105.4044832
56547450	560099565001	1	71000	42.7638014	-105.4039094
56547451	560099565001	9	17250	42.7636047	-105.4040758
56547452	560099565001	1	49100	42.7635471	-105.4037470
56547453	560099565001	1	37900	42.7636925	-105.4044317
56547454	560099565001	1	77900	42.7633917	-105.4047301
56547455	560099565001	1	33100	42.7640186	-105.4044988
56547456	560099565001	1	81000	42.7640357	-105.4042909
56547457	560099565001	1	101000	42.7642726	-105.4041358
56547458	560099565001	1	20800	42.7640675	-105.4042679
56547459	560099565001	9	117000	42.7641907	-105.4040272
56547460	560099565001	9	94000	42.7637346	-105.4048597
56547461	560099565001	1	14310	42.7648403	-105.4042198
56547462	560099565001	1	72400	42.7643201	-105.4039718
56547463	560099565001	1	176000	42.7645151	-105.4040276
56547464	560099565001	1	104400	42.7637692	-105.4041664
56547465	560099565001	1	44250	42.7638347	-105.4049025
56547466	560099565001	1	25000	42.7643459	-105.4048059
56547467	560099565001	1	125000	42.7650014	-105.4049125
56547468	560099565001	1	54000	42.7648386	-105.4046616
56547469	560099565001	1	38000	42.7651030	-105.4044128
56547470	560099565001	1	72000	42.7644302	-105.4044983
56547471	560099565001	1	101600	42.7646833	-105.4047989
56547472	560099565001	1	58600	42.7643015	-105.4041366
56547473	560099565001	1	42300	42.7649071	-105.4042219
56547474	560099565001	1	85000	42.7645627	-105.4041842
56547475	560099565001	1	172700	42.7649880	-105.4050752
56547476	560099565001	1	110850	42.7557430	-105.4302355
56547477	560099565001	1	47900	42.7266155	-105.4354485
56547478	560099565001	1	93200	42.7260068	-105.4312068
56547479	560099565001	1	18000	42.7655670	-105.4010015
56547480	560099565001	1	123800	42.7656124	-105.4005541
56547481	560099565001	1	35960	42.7658884	-105.4015621
56547482	560099565001	1	47500	42.7660565	-105.4012200
56547483	560099565001	1	39200	42.7656156	-105.4005896
56547484	560099565001	1	151400	42.7663343	-105.4006035
56547485	560099565001	1	100400	42.7658632	-105.4007152
56547486	560099565001	1	30700	42.7657605	-105.4003781
56547487	560099565001	1	35300	42.7660839	-105.4013280
56547488	560099565001	9	75000	42.7660558	-105.4008763
56547489	560099565001	1	94610	42.7661641	-105.4007189
56547490	560099565001	1	123800	42.7654066	-105.4014974
56547491	560099565001	1	150000	42.7660781	-105.4013714
56547492	560099565001	1	76200	42.7338906	-105.4391125
56547493	560099565001	1	44250	42.7350109	-105.4513923
56547494	560099565001	1	67100	42.7657950	-105.4023108
56547495	560099565001	9	117000	42.7658856	-105.4004704
56547496	560099565001	1	116500	42.7662242	-105.4007282
56547497	560099565001	1	85000	42.7653325	-105.4025367
56547498	560099565001	1	32300	42.7654475	-105.4026753
56547499	560099565001	1	23000	42.7661596	-105.4019617
56547500	560099565001	1	136900	42.7237207	-105.4357776
56547501	560099565001	1	29700	42.7264588	-105.4392182
56547502	560099565001	9	195000	42.7358287	-105.4517092
56547503	560099565001	9	75000	42.7276021	-105.4388268
56547504	560099565001	1	164000	42.7374462	-105.4254517
56547505	560099565001	1	132400	42.7363513	-105.4495996
56547506	560099565001	1	48000	42.7372241	-105.4267597
56547507	560099565001	1	16300	42.7373503	-105.4292877
56547508	560099565001	1	55000	42.7323525	-105.4475345
56547509	560099565001	1	107800	42.7360309	-105.4519570
56547510	560099565001	1	118800	42.7265893	-105.4298526
56547511	560099565001	1	60000	42.7252456	-105.4321256
56547512	560099565001	1	22000	42.7349177	-105.4306082
56547513	560099565001	1	106700	42.7240060	-105.4283543
56547514	560099565001	1	63000	42.7239655	-105.4304413
56547515	560099565001	1	50000	42.7233832	-105.4351410
56547516	560099565001	1	67100	42.7246294	-105.4293940
56547517	560099565001	1	32100	42.7243727	-105.4336866
56547518	560099565001	1	46000	42.7331087	-105.4293263
56547519	560099565001	1	103600	42.7254827	-105.4287772
56547520	560099565001	9	121000	42.7247102	-105.4316701
56547521	560099565001	9	108802	42.7238072	-105.4317961
56547522	560099565001	1	13970	42.7326796	-105.4482101
56547523	560099565001	1	79000	42.7252364	-105.4296714
56547524	560099565001	1	110000	42.7245476	-105.4331774
56547525	560099565001	1	56800	42.7245751	-105.4364139
56547526	560099565001	1	164000	42.7266639	-105.4376154
56547527	560099565001	1	158000	42.7241312	-105.4265408
56547528	560099565001	1	25460	42.7249652	-105.4347470
56547529	560099565001	1	54100	42.7253742	-105.4263524
56547530	560099565001	1	33000	42.7249717	-105.4280046
56547531	560099565001	1	8200	42.7240304	-105.4271443
56547532	560099565001	1	52700	42.7590490	-105.4153697
56547533	560099565001	1	37280	42.7289632	-105.4299082
56547534	560099565001	9	85000	42.7311794	-105.4195555
56547535	560099565001	1	6200	42.7309029	-105.4223882
56547536	560099565001	1	65000	42.7653389	-105.4019445
56547537	560099565001	1	27400	42.7658999	-105.4002471
56547538	560099565001	1	63000	42.7226786	-105.4341029
56547539	560099565001	1	77800	42.7316886	-105.4203300
56547540	560099565001	1	40500	42.7353860	-105.4498596
56547541	560099565001	1	39200	42.7330055	-105.4336998
56547542	560099565001	1	73650	42.7236515	-105.4260204
56547543	560099565001	1	17200	42.7299733	-105.4489578
56547544	560099565001	9	15900	42.7269063	-105.4401013
56547545	560099565001	1	55800	42.7346890	-105.4310498
56547546	560099565001	1	85500	42.7364105	-105.4242229
56547547	560099565001	1	54800	42.7290411	-105.4499219
56547548	560099565001	9	8500	42.7336181	-105.4283839
56547549	560099565001	9	87400	42.7347322	-105.4376913
56547550	560099565001	1	39000	42.7325855	-105.4180693
56547551	560099565001	1	12000	42.7301923	-105.4200915
56547552	560099565001	1	106970	42.7313721	-105.4208619
56547553	560099565001	1	122700	42.7248402	-105.4372752
56547554	560099565001	1	239000	42.7230677	-105.4270490
56547555	560099565001	1	46100	42.7333900	-105.4355231
56547556	560099565001	1	42960	42.7311786	-105.4335931
56547557	560099565001	9	17250	42.7316024	-105.4187629
56547558	560099565001	1	38000	42.7232608	-105.4363262
56547559	560099565001	1	23000	42.7336601	-105.4252251
56547560	560099565001	1	118100	42.7330246	-105.4277189
56547561	560099565001	9	85000	42.7305931	-105.4187318
56547562	560099565001	1	132360	42.7340707	-105.4238544
56547563	560099565001	1	14800	42.7341571	-105.4498285
56547564	560099565001	1	43000	42.7268092	-105.4317887
56547565	560099565001	9	87400	42.7299809	-105.4207164
56547566	560099565001	9	108802	42.7336700	-105.4501052
56547567	560099565001	1	60000	42.7353436	-105.4354555
56547568	560099565001	1	33900	42.7368764	-105.4317690
56547569	560099565001	1	7100	42.7671037	-105.4008029
56547570	560099565001	1	108200	42.7665996	-105.4042303
56547571	560099565001	1	75000	42.7666035	-105.4011647
56547572	560099565001	1	107600	42.7660937	-105.4050941
56547573	560099565001	1	5204	42.7666526	-105.4041954
56547574	560099565001	1	39000	42.7660275	-105.4050228
56547575	560099565001	9	108802	42.7666413	-105.4051363
56547576	560099565001	1	26170	42.7667102	-105.4007257
56547577	560099565001	1	18000	42.7671515	-105.4010527
56547578	560099565001	1	41740	42.7662433	-105.4044513
56547579	560099565001	1	104000	42.7663569	-105.4046679
56547580	560099565001	1	67500	42.7667042	-105.4048456
56547581	560099565001	1	40000	42.7670792	-105.4016602
56547582	560099565001	1	23000	42.7661749	-105.4041025
56547583	560099565001	1	60000	42.7665505	-105.4043551
56547584	560099565001	1	17000	42.7670553	-105.4011404
56547585	560099565001	9	15900	42.7669749	-105.4008274
56547586	560099565001	1	110000	42.7671532	-105.4012977
56547587	560099565001	1	39000	42.7665022	-105.4009864
56547588	560099565001	1	104400	42.7669463	-105.4009127
56547589	560099565001	9	94000	42.7671787	-105.4009602
56547590	560099565001	1	335000	42.7670888	-105.4008444
56547591	560099565001	1	10900	42.7648183	-105.4031674
56547592	560099565001	1	17100	42.7638503	-105.3979444
56547593	560099565001	1	139000	42.7681943	-105.4037547
56547594	560099565001	9	94000	42.7666125	-105.4036509
56547595	560099565001	1	12790	42.7655947	-105.4001409
56547596	560099565001	1	13200	42.7663104	-105.3996912
56547597	560099565001	1	74700	42.7655350	-105.4002184
56547598	560099565001	9	22004	42.7656657	-105.3995965
56547599	560099565001	1	149100	42.7660929	-105.3996245
56547600	560099565001	9	117000	42.7656911	-105.3993337
56547601	560099565001	1	28300	42.7668164	-105.4032128
56547602	560099565001	1	55000	42.7660588	-105.3993506
56547603	560099565001	1	113700	42.7662683	-105.3999313
56547604	560099565001	9	85000	42.7655616	-105.3992452
56547605	560099565001	1	160000	42.7661783	-105.4036943
56547606	560099565001	1	28000	42.7659728	-105.3992775
56547607	560099565001	1	64000	42.7658113	-105.3999861
56547608	560099565001	9	38700	42.7680798	-105.4034721
56547609	560099565001	1	165000	42.7665608	-105.4034926
56547610	560099565001	1	100000	42.7666781	-105.4034686
56547611	560099565001	1	96000	42.7665764	-105.4034015
56547612	560099565001	1	17600	42.7666867	-105.4041266
56547613	560099565001	1	44500	42.7668625	-105.4037621
56547614	560099565001	1	113700	42.7662880	-105.4034144
56547615	560099565001	1	100400	42.7664315	-105.4038164
56547616	560099565001	1	31900	42.7687824	-105.4035086
56547617	560099565001	1	37100	42.7681019	-105.4032055
56547618	560099565001	1	572000	42.7669816	-105.4030071
56547619	560099565001	1	2700	42.7686335	-105.4040041
56547620	560099565001	1	66400	42.7687519	-105.4042370
56547621	560099565001	1	266000	42.7686236	-105.4039208
56547622	560099565001	9	17250	42.7685444	-105.4036096
56547623	560099565001	9	30400	42.7638784	-105.3982082
56547624	560099565001	1	84250	42.7298585	-105.4347140
56547625	560099565001	1	85200	42.7647513	-105.3999491
56547626	560099565001	1	42400	42.7650681	-105.4000765
56547627	560099565001	1	37000	42.7683940	-105.4035897
56547628	560099565001	1	11500	42.7681450	-105.4031470
56547629	560099565001	9	27000	42.7649742	-105.3999592
56547630	560099565001	1	414360	42.7649449	-105.3997519
56547631	560099565001	9	109400	42.7652946	-105.3991529
56547632	560099565001	1	147200	42.7302280	-105.4337882
56547633	560099565001	1	38840	42.7650020	-105.3993542
56547634	560099565001	1	58700	42.7650830	-105.3998246
56547635	560099565001	1	44000	42.7648090	-105.4001968
56547636	560099565001	1	42500	42.7301497	-105.4347872
56547637	560099565001	1	63400	42.7648983	-105.4001270
56547638	560099565001	1	26000	42.7299907	-105.4343660
56547639	560099565001	1	40400	42.7643690	-105.3986353
56547640	560099565001	9	92200	42.7629430	-105.4379014
56547641	560099565001	9	117000	42.7299077	-105.4345315
56547642	560099565001	1	147000	42.7298241	-105.4338853
56547643	560099565001	1	12830	42.7303813	-105.4343863
56547644	560099565001	1	175000	42.7629789	-105.4376140
56547645	560099565001	1	56004	42.7300174	-105.4343288
56547646	560099565001	1	88000	42.7633757	-105.4381191
56547647	560099565001	1	93600	42.7641098	-105.3982945
56547648	560099565001	1	43000	42.7631908	-105.4370900
56547649	560099565001	1	16130	42.7628170	-105.4377871
56547650	560099565001	9	27000	42.7635440	-105.4375099
56547651	560099565001	1	44000	42.7644317	-105.3984699
56547652	560099565001	1	42300	42.7628185	-105.4376227
56547653	560099565001	1	169000	42.7636222	-105.4376465
56547654	560099565001	1	55600	42.7646486	-105.4034360
56547655	560099565001	1	410000	42.7645765	-105.4034681
56547656	560099565001	1	247500	42.7389198	-105.4274301
56547657	560099565001	1	65000	42.7638934	-105.3978512
56547658	560099565001	1	61600	42.7648106	-105.4006775
56547659	560099565001	1	38450	42.7652753	-105.4014528
56547660	560099565001	1	30200	42.7640717	-105.3985763
56547661	560099565001	9	94000	42.7641366	-105.3984048
56547662	560099565001	1	166700	42.7390041	-105.4269963
56547663	560099565001	1	37500	42.7648528	-105.4004274
56547664	560099565001	1	16800	42.7653492	-105.4013754
56547665	560099565001	1	6200	42.7651945	-105.4010189
56547666	560099565001	1	27500	42.7651794	-105.4011655
56547667	560099565001	1	169300	42.7647695	-105.4011908
56547668	560099565001	1	7500	42.7651813	-105.4009982
56547669	560099565001	1	127500	42.7645086	-105.4027589
56547670	560099565001	1	60000	42.7644794	-105.4035947
56547671	560099565001	1	145200	42.7384680	-105.4265684
56547672	560099565001	1	100800	42.7388838	-105.4270714
56547673	560099565001	1	239000	42.7388666	-105.4264818
56547674	560099565001	1	99010	42.7388504	-105.4267706
56547675	560099565001	1	37000	42.7390865	-105.4273739
56547676	560099565001	1	9600	42.7649028	-105.4038576
56547677	560099565001	1	116000	42.7644294	-105.4029487
56547678	560099565001	1	43200	42.7652708	-105.4021489
56547679	560099565001	1	81000	42.7650049	-105.4019479
56547680	560099565001	1	77000	42.7647617	-105.4017649
56547681	560099565002	1	2400	42.7550946	-105.4036514
56547682	560099565002	1	12400	42.7620407	-105.4044545
56547683	560099565002	1	10400	42.7552565	-105.4036080
56547684	560099565002	1	48000	42.7589410	-105.4010137
56547685	560099565002	1	41000	42.7610863	-105.4009305
56547686	560099565002	1	30000	42.7618512	-105.4047315
56547687	560099565002	1	80700	42.7549055	-105.4033432
56547688	560099565002	1	22800	42.7546797	-105.4030617
56547689	560099565002	1	73000	42.7548709	-105.4035684
56547690	560099565002	1	8400	42.7622237	-105.4044349
56547691	560099565002	1	41800	42.7587485	-105.4016239
56547692	560099565002	1	8400	42.7580384	-105.4028821
56547693	560099565002	8	24000	42.7617532	-105.4036418
56547694	560099565002	1	8590	42.7577572	-105.4024670
56547695	560099565002	1	84500	42.7573695	-105.4023738
56547696	560099565002	1	70000	42.7577643	-105.4029038
56547697	560099565002	1	2400	42.7618040	-105.4036454
56547698	560099565002	1	27800	42.7620884	-105.4036063
56547699	560099565002	3	54000	42.7619799	-105.4037765
56547700	560099565002	1	25000	42.7618159	-105.4035652
56547701	560099565002	1	18000	42.7622455	-105.4045019
56547702	560099565002	1	13800	42.7589020	-105.4014352
56547703	560099565002	1	12200	42.7595562	-105.4044597
56547704	560099565002	8	44200	42.7614572	-105.4043676
56547705	560099565002	1	13000	42.7624513	-105.4026715
56547706	560099565002	1	6000	42.7573974	-105.4023591
56547707	560099565002	1	75000	42.7574867	-105.4018767
56547708	560099565002	1	80000	42.7624528	-105.4023916
56547709	560099565002	1	2500	42.7576418	-105.4019897
56547710	560099565002	1	75000	42.7572402	-105.4022128
56547711	560099565002	8	38500	42.7615352	-105.4040936
56547712	560099565002	1	45000	42.7619802	-105.4024336
56547713	560099565002	1	48000	42.7623277	-105.4023779
56547714	560099565002	1	58490	42.7624173	-105.4031427
56547715	560099565002	3	28500	42.7617630	-105.4028500
56547716	560099565002	1	88000	42.7617417	-105.4034288
56547717	560099565002	1	0	42.7623890	-105.4035048
56547718	560099565002	1	33200	42.7593003	-105.4053466
56547719	560099565002	1	18000	42.7537046	-105.4024841
56547720	560099565002	1	69600	42.7609383	-105.4038809
56547721	560099565002	1	13000	42.7610055	-105.4039537
56547722	560099565002	1	-4300	42.7610647	-105.4036142
56547723	560099565002	1	72000	42.7612765	-105.4042129
56547724	560099565002	9	69000	42.7610220	-105.4039195
56547725	560099565002	9	38700	42.7608129	-105.4037390
56547726	560099565002	1	66700	42.7536492	-105.4032523
56547727	560099565002	1	10000	42.7541848	-105.4027924
56547728	560099565002	1	73000	42.7543688	-105.4031001
56547729	560099565002	9	400	42.7543624	-105.4027539
56547730	560099565002	1	16000	42.7538455	-105.4028877
56547731	560099565002	1	30500	42.7542379	-105.4035134
56547732	560099565002	1	22000	42.7537869	-105.4026859
56547733	560099565002	1	28900	42.7585897	-105.4013346
56547734	560099565002	1	82000	42.7579278	-105.4058985
56547735	560099565002	1	19500	42.7595736	-105.4045646
56547736	560099565002	1	110	42.7590323	-105.4045816
56547737	560099565002	1	12100	42.7595229	-105.4046271
56547738	560099565002	1	125000	42.7592288	-105.4054416
56547739	560099565002	1	6200	42.7594253	-105.4055811
56547740	560099565002	3	92200	42.7585035	-105.4062563
56547741	560099565002	1	83000	42.7586364	-105.4064085
56547742	560099565002	1	75000	42.7620961	-105.3990584
56547743	560099565002	1	43000	42.7619862	-105.3987761
56547744	560099565002	1	43000	42.7586769	-105.4058750
56547745	560099565002	1	45000	42.7581918	-105.4057800
56547746	560099565002	1	82200	42.7623320	-105.3988913
56547747	560099565002	1	47000	42.7582650	-105.4065585
56547748	560099565002	8	74030	42.7584806	-105.4066137
56547749	560099565002	1	8800	42.7625128	-105.3994868
56547750	560099565002	1	103600	42.7627225	-105.3989576
56547751	560099565002	1	3700	42.7627101	-105.3987329
56547752	560099565002	1	63000	42.7627708	-105.3991749
56547753	560099565002	1	30000	42.7588529	-105.3986106
56547754	560099565002	1	118200	42.7590141	-105.3989456
56547755	560099565002	1	59150	42.7584495	-105.4013763
56547756	560099565002	1	57500	42.7585665	-105.4016240
56547757	560099565002	1	32100	42.7617220	-105.4048279
56547758	560099565002	1	44000	42.7586222	-105.4009511
56547759	560099565002	1	9000	42.7620295	-105.4056640
56547760	560099565002	6	6000	42.7573825	-105.3999018
56547761	560099565002	1	78000	42.7573217	-105.3993552
56547762	560099565002	1	41500	42.7569575	-105.3992107
56547763	560099565002	1	40400	42.7571154	-105.4003508
56547764	560099565002	1	50400	42.7567848	-105.3995290
56547765	560099565002	1	49000	42.7572605	-105.3995032
56547766	560099565002	1	95120	42.7569826	-105.3995259
56547767	560099565002	1	24000	42.7620409	-105.4056679
56547768	560099565002	1	69600	42.7573942	-105.4059991
56547769	560099565002	1	90200	42.7570443	-105.4053902
56547770	560099565002	1	73200	42.7572299	-105.4064073
56547771	560099565002	1	75000	42.7577022	-105.4060635
56547772	560099565002	1	8500	42.7575220	-105.4064567
56547773	560099565002	1	7200	42.7576630	-105.4064830
56547774	560099565002	1	58800	42.7584478	-105.3992665
56547775	560099565002	8	38400	42.7621152	-105.4050069
56547776	560099565002	1	10000	42.7623643	-105.4049008
56547777	560099565002	1	64000	42.7623037	-105.4059522
56547778	560099565002	1	88400	42.7589286	-105.3984363
56547779	560099565002	1	44000	42.7587062	-105.3991688
56547780	560099565002	8	65000	42.7588440	-105.3984767
56547781	560099565002	1	35000	42.7565399	-105.4038530
56547782	560099565002	1	360	42.7570098	-105.4037554
56547783	560099565002	1	42000	42.7610117	-105.4011906
56547784	560099565002	1	48000	42.7606622	-105.4020983
56547785	560099565002	1	60000	42.7627073	-105.4006977
56547786	560099565002	1	42000	42.7546842	-105.4035473
56547787	560099565002	1	29000	42.7560356	-105.4018678
56547788	560099565002	1	10600	42.7623281	-105.4006518
56547789	560099565002	1	81000	42.7626738	-105.4002054
56547790	560099565002	1	57000	42.7625809	-105.4006094
56547791	560099565002	8	77100	42.7544847	-105.4033275
56547792	560099565002	1	78900	42.7556880	-105.4026292
56547793	560099565002	8	49960	42.7566427	-105.4035855
56547794	560099565002	3	92200	42.7550186	-105.4027993
56547795	560099565002	1	15100	42.7609362	-105.4003339
56547796	560099565002	1	38450	42.7577695	-105.4001569
56547797	560099565002	1	78000	42.7560713	-105.4026606
56547798	560099565002	1	83000	42.7600937	-105.4019948
56547799	560099565002	1	9600	42.7610048	-105.3997529
56547800	560099565002	1	36000	42.7555118	-105.4021226
56547801	560099565002	1	58700	42.7560159	-105.4019644
56547802	560099565002	1	32000	42.7557211	-105.4022425
56547803	560099565002	1	87700	42.7560495	-105.4015340
56547804	560099565002	1	55300	42.7557558	-105.4020645
56547805	560099565002	1	13000	42.7607934	-105.4004964
56547806	560099565002	1	53600	42.7556101	-105.4024660
56547807	560099565002	1	44000	42.7557443	-105.4020220
56547808	560099565002	1	87700	42.7559455	-105.4020298
56547809	560099565002	1	11600	42.7601779	-105.4003097
56547810	560099565002	1	60000	42.7605393	-105.4001242
56547811	560099565002	1	8200	42.7604116	-105.3998993
56547812	560099565002	1	10500	42.7580733	-105.3997304
56547813	560099565002	1	31000	42.7585739	-105.3996811
56547814	560099565002	1	14000	42.7625773	-105.4019564
56547815	560099565002	1	40000	42.7606780	-105.4001473
56547816	560099565002	1	52320	42.7605123	-105.4004615
56547817	560099565002	1	88000	42.7607469	-105.4000004
56547818	560099565002	1	77000	42.7623068	-105.4018354
56547819	560099565002	1	69200	42.7601339	-105.4003518
56547820	560099565002	1	38000	42.7623536	-105.4023200
56547821	560099565002	1	60000	42.7626096	-105.4013515
56547822	560099565002	1	1100	42.7617940	-105.4021503
56547823	560099565002	1	16000	42.7625849	-105.4012020
56547824	560099565002	1	8200	42.7618505	-105.4016762
56547825	560099565002	1	11800	42.7624652	-105.4011539
56547826	560099565002	1	10000	42.7625322	-105.4016154
56547827	560099565002	1	60000	42.7617647	-105.4017390
56547828	560099565002	9	75000	42.7576263	-105.3993974
56547829	560099565002	1	13200	42.7584840	-105.3994823
56547830	560099565002	1	84500	42.7586611	-105.3996378
56547831	560099565002	6	6000	42.7583707	-105.3994720
56547832	560099565002	1	45000	42.7588496	-105.3996400
56547833	560099565002	1	60800	42.7590914	-105.3996165
56547834	560099565002	1	36000	42.7583974	-105.4002425
56547835	560099565002	1	67700	42.7585333	-105.4000120
56547836	560099565002	1	53200	42.7577141	-105.3998749
56547837	560099565002	1	41400	42.7575602	-105.3993124
56547838	560099565002	1	40500	42.7590568	-105.3996846
56547839	560099565002	1	4500	42.7575974	-105.4003976
56547840	560099565002	1	285000	42.7582507	-105.3998945
56547841	560099565002	1	4290	42.7578547	-105.4000816
56547842	560099565002	1	48750	42.7581123	-105.3993147
56547843	560099565002	1	36280	42.7604974	-105.4010033
56547844	560099565002	8	37600	42.7610548	-105.4021515
56547845	560099565002	1	31900	42.7603192	-105.4011642
56547846	560099565002	1	89000	42.7545125	-105.4026794
56547847	560099565002	1	60000	42.7608285	-105.4016023
56547848	560099565002	1	23000	42.7611619	-105.4009956
56547849	560099565002	1	500	42.7616108	-105.4011414
56547850	560099565002	1	5430	42.7611098	-105.4010895
56547851	560099565002	1	13800	42.7604887	-105.4020767
56547852	560099565002	1	24000	42.7571028	-105.4035597
56547853	560099565002	1	75000	42.7569558	-105.4028824
56547854	560099565002	1	41400	42.7564549	-105.3992180
56547855	560099565002	1	33200	42.7561412	-105.4000417
56547856	560099565002	1	78000	42.7613405	-105.4023279
56547857	560099565002	1	89500	42.7564191	-105.4000599
56547858	560099565002	1	12100	42.7611291	-105.4027558
56547859	560099565002	1	50000	42.7611523	-105.4024829
56547860	560099565002	1	47500	42.7559300	-105.4001773
56547861	560099565002	1	1400	42.7564862	-105.3996620
56547862	560099565002	1	1000	42.7614302	-105.4034289
56547863	560099565002	1	57000	42.7615842	-105.4028572
56547864	560099565002	1	74700	42.7610554	-105.4024536
56547865	560099565002	1	79600	42.7530565	-105.3943659
56547866	560099565002	1	150000	42.7619595	-105.3979215
56547867	560099565002	1	79500	42.7570063	-105.4041926
56547868	560099565002	1	35560	42.7619055	-105.4002033
56547869	560099565002	1	52400	42.7597392	-105.4010458
56547870	560099565002	1	58000	42.7600151	-105.4022014
56547871	560099565002	1	45000	42.7598243	-105.4011383
56547872	560099565002	1	46500	42.7605557	-105.4021857
56547873	560099565002	1	15000	42.7607269	-105.4027229
56547874	560099565002	1	12600	42.7604106	-105.4022074
56547875	560099565002	1	72500	42.7575980	-105.4050780
56547876	560099565002	1	44000	42.7577721	-105.4044976
56547877	560099565002	1	8200	42.7574914	-105.4053558
56547878	560099565002	1	42100	42.7577047	-105.4049591
56547879	560099565002	1	38400	42.7571643	-105.4046797
56547880	560099565002	1	50500	42.7592341	-105.4009699
56547881	560099565002	1	75000	42.7547553	-105.4057587
56547882	560099565002	1	50100	42.7553617	-105.4040506
56547883	560099565002	8	44200	42.7579475	-105.4039113
56547884	560099565002	1	77000	42.7591141	-105.4062532
56547885	560099565002	1	31400	42.7605274	-105.4029431
56547886	560099565002	1	0	42.7590259	-105.4056001
56547887	560099565002	1	56800	42.7588353	-105.4065621
56547888	560099565002	1	32000	42.7594573	-105.4065942
56547889	560099565002	1	26800	42.7590989	-105.4057538
56547890	560099565002	1	78600	42.7598838	-105.3992598
56547891	560099565002	1	38500	42.7572047	-105.4038097
56547892	560099565002	1	48000	42.7576151	-105.4030271
56547893	560099565002	1	50000	42.7573950	-105.4034261
56547894	560099565002	9	22004	42.7594301	-105.3984924
56547895	560099565002	1	55600	42.7594934	-105.3989796
56547896	560099565002	1	40000	42.7595460	-105.3986936
56547897	560099565002	1	47000	42.7601873	-105.4048489
56547898	560099565002	1	30000	42.7553730	-105.4060556
56547899	560099565002	1	7200	42.7554958	-105.4045960
56547900	560099565002	1	29200	42.7554276	-105.4041012
56547901	560099565002	1	40000	42.7560043	-105.4041976
56547902	560099565002	1	24000	42.7553852	-105.4063196
56547903	560099565002	1	30000	42.7557307	-105.4061104
56547904	560099565002	1	12500	42.7552215	-105.4061945
56547905	560099565002	1	18000	42.7600238	-105.4049083
56547906	560099565002	1	0	42.7588875	-105.4038240
56547907	560099565002	1	93200	42.7581240	-105.4039712
56547908	560099565002	1	7400	42.7587441	-105.4034080
56547909	560099565002	1	33200	42.7597012	-105.4055506
56547910	560099565002	1	38200	42.7587885	-105.4032382
56547911	560099565002	1	28000	42.7601572	-105.4054627
56547912	560099565002	1	6000	42.7594234	-105.3995426
56547913	560099565002	1	8400	42.7581130	-105.4025766
56547914	560099565002	1	14400	42.7611065	-105.3985284
56547915	560099565002	1	31200	42.7547651	-105.4056963
56547916	560099565002	1	33000	42.7544653	-105.4054050
56547917	560099565002	1	142000	42.7543264	-105.4057793
56547918	560099565002	1	16000	42.7618286	-105.3988005
56547919	560099565002	1	6500	42.7615438	-105.3988914
56547920	560099565002	1	7200	42.7616931	-105.3990085
56547921	560099565002	1	63010	42.7586754	-105.4023030
56547922	560099565002	1	20000	42.7564069	-105.3970198
56547923	560099565002	1	90000	42.7564466	-105.3966268
56547924	560099565002	1	11300	42.7561676	-105.3968119
56547925	560099565002	1	13000	42.7589002	-105.4020041
56547926	560099565002	1	108300	42.7565520	-105.3975984
56547927	560099565002	1	35000	42.7583574	-105.4028043
56547928	560099565002	1	89200	42.7598456	-105.4006603
56547929	560099565002	4	9000	42.7510676	-105.4051652
56547930	560099565002	1	43500	42.7603312	-105.4044861
56547931	560099565002	1	74200	42.7606529	-105.4043968
56547932	560099565002	6	6000	42.7602011	-105.4042787
56547933	560099565002	1	41600	42.7515809	-105.4052660
56547934	560099565002	1	40000	42.7604220	-105.4045365
56547935	560099565002	1	32000	42.7512569	-105.4055682
56547936	560099565002	1	80000	42.7600093	-105.4002308
56547937	560099565002	1	81000	42.7531694	-105.4050164
56547938	560099565002	1	89000	42.7529388	-105.4047893
56547939	560099565002	1	70000	42.7531522	-105.4059466
56547940	560099565002	1	8200	42.7529991	-105.4043829
56547941	560099565002	1	10500	42.7526028	-105.4041819
56547942	560099565002	1	70000	42.7531477	-105.4040682
56547943	560099565002	1	10500	42.7512545	-105.3962297
56547944	560099565002	1	38000	42.7602536	-105.3981998
56547945	560099565002	1	8200	42.7568879	-105.3974216
56547946	560099565002	1	92000	42.7507758	-105.3952403
56547947	560099565002	1	28800	42.7527081	-105.4013473
56547948	560099565002	1	83600	42.7510256	-105.3969302
56547949	560099565002	1	9600	42.7535259	-105.4040838
56547950	560099565002	1	224700	42.7619902	-105.3981865
56547951	560099565002	1	24000	42.7568352	-105.4050077
56547952	560099565002	1	51030	42.7538297	-105.4046135
56547953	560099565002	1	41000	42.7618733	-105.3974863
56547954	560099565002	1	23000	42.7542309	-105.4045007
56547955	560099565002	1	44000	42.7573794	-105.3977139
56547956	560099565002	1	37200	42.7607387	-105.4053983
56547957	560099565002	8	74030	42.7508693	-105.4042715
56547958	560099565002	1	52500	42.7608340	-105.3983747
56547959	560099565002	1	5430	42.7605769	-105.3975920
56547960	560099565002	1	10000	42.7611744	-105.4053042
56547961	560099565002	1	33200	42.7510162	-105.4041520
56547962	560099565002	1	78000	42.7510434	-105.4034221
56547963	560099565002	1	92200	42.7537195	-105.4052512
56547964	560099565002	1	51000	42.7546646	-105.4025109
56547965	560099565002	1	40700	42.7606941	-105.4052845
56547966	560099565002	1	360	42.7554425	-105.4015787
56547967	560099565002	1	138100	42.7535685	-105.4051774
56547968	560099565002	3	54000	42.7553809	-105.4014754
56547969	560099565002	1	46700	42.7536878	-105.4049201
56547970	560099565002	1	51000	42.7501459	-105.3928327
56547971	560099565002	1	30000	42.7596897	-105.4035882
56547972	560099565002	1	18000	42.7602056	-105.3989203
56547973	560099565002	1	47900	42.7486932	-105.3941640
56547974	560099565002	1	88400	42.7567099	-105.3972446
56547975	560099565002	1	63200	42.7605442	-105.3988610
56547976	560099565002	1	26480	42.7552905	-105.4039571
56547977	560099565002	1	3700	42.7546749	-105.4049036
56547978	560099565002	1	36000	42.7596791	-105.4038625
56547979	560099565002	1	57000	42.7561897	-105.4032899
56547980	560099565002	1	52300	42.7512448	-105.4026602
56547981	560099565002	1	110000	42.7513259	-105.4033005
56547982	560099565002	1	33200	42.7598159	-105.4024083
56547983	560099565002	1	55000	42.7557933	-105.4034148
56547984	560099565002	1	4290	42.7590997	-105.4028751
56547985	560099565002	1	12900	42.7504988	-105.3926782
56547986	560099565002	1	18400	42.7554567	-105.3976783
56547987	560099565002	1	66000	42.7545652	-105.4014539
56547988	560099565002	1	69000	42.7580758	-105.4053508
56547989	560099565002	1	47100	42.7585682	-105.4044575
56547990	560099565002	1	6000	42.7552959	-105.3987388
56547991	560099565002	1	54400	42.7543468	-105.4018320
56547992	560099565002	1	3601	42.7553938	-105.3977383
56547993	560099565002	1	12000	42.7528232	-105.4014924
56547994	560099565002	1	94000	42.7625156	-105.3986031
56547995	560099565002	1	58000	42.7553842	-105.3969276
56547996	560099565002	6	6000	42.7625380	-105.3986072
56547997	560099565002	1	93300	42.7534443	-105.4016503
56547998	560099565002	1	33700	42.7551307	-105.3994514
56547999	560099565002	1	117000	42.7553578	-105.4000456
56548000	560099565002	1	92000	42.7562005	-105.4051972
56548001	560099565002	1	58100	42.7564874	-105.4024596
56548002	560099565002	1	6000	42.7570531	-105.4044853
56548003	560099565002	1	82000	42.7535256	-105.3946771
56548004	560099565002	1	80000	42.7571428	-105.4025141
56548005	560099565002	1	41020	42.7565997	-105.4020698
56548006	560099565002	1	21000	42.7566353	-105.4025375
56548007	560099565002	7	46000	42.7563354	-105.4022743
56548008	560099565002	1	45000	42.7564770	-105.4019039
56548009	560099565002	1	63400	42.7571252	-105.4020824
56548010	560099565002	1	54200	42.7572003	-105.4017265
56548011	560099565002	1	24400	42.7566382	-105.4024448
56548012	560099565002	1	14200	42.7564812	-105.4019911
56548013	560099565002	1	25000	42.7570450	-105.4026976
56548014	560099565002	1	38300	42.7570457	-105.4026934
56548015	560099565002	1	64400	42.7564452	-105.4021243
56548016	560099565002	1	58800	42.7566405	-105.4020449
56548017	560099565002	1	32400	42.7567397	-105.4018156
56548018	560099565002	1	0	42.7566753	-105.4016700
56548019	560099565002	1	115800	42.7570573	-105.4021836
56548020	560099565002	1	-4300	42.7570478	-105.4022116
56548021	560099565002	1	117300	42.7571196	-105.4020358
56548022	560099565002	1	59000	42.7571670	-105.4020895
56548023	560099565002	1	84000	42.7569142	-105.4027403
56548024	560099565002	1	-4199	42.7564323	-105.4026538
56548025	560099565002	1	24000	42.7563928	-105.4015370
56548026	560099565002	1	24000	42.7564450	-105.4021068
56548027	560099565002	1	30000	42.7569325	-105.4026486
56548028	560099565002	1	65000	42.7566072	-105.4017544
56548029	560099565002	1	51000	42.7566983	-105.4047105
56548030	560099565002	1	66700	42.7569447	-105.4044612
56548031	560099565002	1	8060	42.7578751	-105.3987682
56548032	560099565002	1	39500	42.7563896	-105.4023782
56548033	560099565002	1	13000	42.7570318	-105.4022022
56548034	560099565002	1	10500	42.7570800	-105.4025276
56548035	560099565002	1	18400	42.7565202	-105.4015548
56548036	560099565002	1	8060	42.7565166	-105.4019705
56548037	560099565002	1	8000	42.7565191	-105.4019882
56548038	560099565002	1	15000	42.7578551	-105.3983729
56548039	560099565002	1	63810	42.7577593	-105.3990436
56548040	560099565002	1	94000	42.7565839	-105.4024113
56548041	560099565002	1	13174	42.7576753	-105.3982151
56548042	560099565002	1	25000	42.7575959	-105.3989544
56548043	560099565002	1	24701	42.7580294	-105.3992439
56548044	560099565002	1	12000	42.7576270	-105.3981995
56548045	560099565002	1	40000	42.7569106	-105.4043344
56548046	560099565002	1	87400	42.7578211	-105.3982451
56548047	560099565002	1	23100	42.7574760	-105.3991987
56548048	560099565002	1	18800	42.7580853	-105.3991835
56548049	560099565002	1	83300	42.7579800	-105.3991127
56548050	560099565002	1	10000	42.7580784	-105.3991464
56548051	560099565002	1	60000	42.7579419	-105.3991644
56548052	560099565002	3	92200	42.7575351	-105.3992068
56548053	560099565002	1	38200	42.7563713	-105.4047070
56548054	560099565002	6	17500	42.7579615	-105.3987863
56548055	560099565002	1	28000	42.7576700	-105.3988590
56548056	560099565002	1	6500	42.7575882	-105.3987495
56548057	560099565002	1	2300	42.7578497	-105.3985952
56548058	560099565002	1	51000	42.7578591	-105.3986979
56548059	560099565002	1	56400	42.7577124	-105.3990058
56548060	560099565002	8	51000	42.7565091	-105.4047203
56548061	560099565002	1	37000	42.7562349	-105.4040346
56548062	560099565002	1	65000	42.7568829	-105.4046541
56548063	560099565002	1	44000	42.7563275	-105.4044532
56548064	560099565002	1	52800	42.7568698	-105.4052134
56548065	560099565002	1	33200	42.7566196	-105.4047104
56548066	560099565002	1	11000	42.7566585	-105.4042300
56548067	560099565002	1	54000	42.7569655	-105.4045044
56548068	560099565002	1	12100	42.7569025	-105.4046667
56548069	560099565002	8	61000	42.7565488	-105.4045905
56548070	560099565002	1	56300	42.7628123	-105.3964259
56548071	560099565002	1	56000	42.7523821	-105.3992846
56548072	560099565002	1	31800	42.7619001	-105.3968475
56548073	560099565002	1	41500	42.7489202	-105.3934158
56548074	560099565002	1	4290	42.7517293	-105.3990611
56548075	560099565002	1	85000	42.7504515	-105.3946362
56548076	560099565002	1	69000	42.7509496	-105.3955438
56548077	560099565002	1	57000	42.7530453	-105.3979232
56548078	560099565002	1	52000	42.7505556	-105.3945558
56548079	560099565002	1	60000	42.7514677	-105.3953425
56548080	560099565002	1	46100	42.7597356	-105.3970566
56548081	560099565002	1	8500	42.7516654	-105.3971596
56548082	560099565002	1	9600	42.7582364	-105.3969976
56548083	560099565002	1	60000	42.7538357	-105.3990837
56548084	560099565002	1	115000	42.7503922	-105.3968906
56548085	560099565002	1	30000	42.7514796	-105.4001479
56548086	560099565002	1	21100	42.7521703	-105.4001471
56548087	560099565002	3	8000	42.7547501	-105.3991777
56548088	560099565002	1	17000	42.7526337	-105.3952525
56548089	560099565002	1	50000	42.7514457	-105.3936705
56548090	560099565002	1	22800	42.7506348	-105.3981320
56548091	560099565002	1	43200	42.7500984	-105.3933083
56548092	560099565002	1	30000	42.7518990	-105.3936886
56548093	560099565002	1	50000	42.7516916	-105.4018669
56548094	560099565002	1	8500	42.7534860	-105.4000905
56548095	560099565002	1	40000	42.7585274	-105.3968827
56548096	560099565002	1	10600	42.7520335	-105.3977282
56548097	560099565002	1	12000	42.7511265	-105.3929675
56548098	560099565002	6	6000	42.7530170	-105.4030669
56548099	560099565002	1	38840	42.7520602	-105.4049149
56548100	560099565002	1	22000	42.7490262	-105.3943562
56548101	560099565002	1	43100	42.7546360	-105.4007432
56548102	560099565002	1	84000	42.7523929	-105.3964428
56548103	560099565002	1	105000	42.7536043	-105.3974372
56548104	560099565002	1	40000	42.7530085	-105.3985257
56548105	560099565002	1	33800	42.7556636	-105.3953217
56548106	560099565002	1	30000	42.7494511	-105.3966329
56548107	560099565002	1	15000	42.7547390	-105.3952227
56548108	560099565002	1	44000	42.7605945	-105.3961953
56548109	560099565002	1	67740	42.7552230	-105.4003535
56548110	560099565002	1	66300	42.7517834	-105.4031879
56548111	560099565002	9	400	42.7625465	-105.4010887
56548112	560099565002	8	61000	42.7563735	-105.4055276
56548113	560099565002	1	111000	42.7565521	-105.4044532
56548114	560099565002	1	40411	42.7546646	-105.3976045
56548115	560099565002	1	111000	42.7521094	-105.3934928
56548116	560099565002	1	65000	42.7524222	-105.4037956
56548117	560099565002	1	25700	42.7539201	-105.3952767
56548118	560099565002	1	88400	42.7567037	-105.4056857
56548119	560099565002	1	42000	42.7568681	-105.4063030
56548120	560099565002	1	77000	42.7562703	-105.4059626
56548121	560099565002	1	8000	42.7560899	-105.4056648
56548122	560099565002	6	17500	42.7566050	-105.4053260
56548123	560099565002	1	35000	42.7562594	-105.4043250
56548124	560099565002	1	73000	42.7560625	-105.4059860
56548125	560099565002	1	65604	42.7626910	-105.4002451
56548126	560099565002	1	32100	42.7567065	-105.4057896
56548127	560099565002	1	57600	42.7621991	-105.4008155
56548128	560099565002	1	58610	42.7565518	-105.4006990
56548129	560099565002	1	65000	42.7561467	-105.4052930
56548130	560099565002	8	24000	42.7567479	-105.3990559
56548131	560099565002	1	42000	42.7567518	-105.4063871
56548132	560099565002	1	4290	42.7567726	-105.4057610
56548133	560099565002	1	35000	42.7567522	-105.4060220
56548134	560099565002	1	54200	42.7561162	-105.4053539
56548135	560099565002	1	30000	42.7566444	-105.4055272
56548136	560099565002	1	55033	42.7564640	-105.4007021
56548137	560099565002	1	12500	42.7562593	-105.4009179
56548138	560099565002	1	9000	42.7557238	-105.4014068
56548139	560099565002	1	8000	42.7561688	-105.4012595
56548140	560099565002	1	44500	42.7566125	-105.4062498
56548141	560099565002	1	54200	42.7556282	-105.4012596
56548142	560099565002	1	10500	42.7561030	-105.4008616
56548143	560099565002	1	20600	42.7560213	-105.4012904
56548144	560099565002	1	20000	42.7558708	-105.4002502
56548145	560099565002	1	5200	42.7557678	-105.4003328
56548146	560099565002	1	86000	42.7556002	-105.4006714
56548147	560099565002	1	40000	42.7561097	-105.4003140
56548148	560099565002	1	33000	42.7558415	-105.4002608
56548149	560099565002	1	50000	42.7561908	-105.4004771
56548150	560099565002	1	83300	42.7556895	-105.4013057
56548151	560099565002	1	11700	42.7563524	-105.4004853
56548152	560099565002	1	18000	42.7564622	-105.4005893
56548153	560099565002	1	50000	42.7576113	-105.4007761
56548154	560099565002	1	30800	42.7579129	-105.4007284
56548155	560099565002	1	36000	42.7578941	-105.4014049
56548156	560099565002	1	56000	42.7576600	-105.4011402
56548157	560099565002	1	88500	42.7579401	-105.4013800
56548158	560099565002	1	84600	42.7581378	-105.4015994
56548159	560099565002	1	37500	42.7573844	-105.4013896
56548160	560099565002	8	24000	42.7580852	-105.4010883
56548161	560099565002	1	7500	42.7578118	-105.4005021
56548162	560099565002	1	54000	42.7579710	-105.4005296
56548163	560099565002	1	78100	42.7581896	-105.4006495
56548164	560099565002	1	370	42.7578420	-105.4005299
56548165	560099565002	1	74000	42.7573455	-105.4016519
56548166	560099565002	1	8200	42.7580813	-105.4008653
56548167	560099565002	1	46540	42.7567127	-105.3982084
56548168	560099565002	1	26600	42.7570520	-105.3988869
56548169	560099565002	1	60800	42.7614382	-105.3997914
56548170	560099565002	8	51000	42.7568605	-105.4010752
56548171	560099565002	1	17000	42.7567886	-105.4007158
56548172	560099565002	1	39000	42.7570985	-105.4008192
56548173	560099565002	1	144000	42.7569347	-105.4006585
56548174	560099565002	1	38000	42.7572926	-105.4010857
56548175	560099565002	1	8400	42.7618680	-105.4001455
56548176	560099565002	6	17500	42.7564868	-105.4007768
56548177	560099565002	1	8000	42.7569882	-105.4015476
56548178	560099565002	8	44200	42.7572359	-105.4015476
56548179	560099565002	1	84700	42.7565122	-105.4009822
56548180	560099565002	1	4720	42.7569708	-105.4010360
56548181	560099565002	1	40000	42.7565521	-105.4013755
56548182	560099565002	1	38200	42.7573397	-105.3985274
56548183	560099565002	1	23200	42.7611221	-105.4004696
56548184	560099565002	1	104000	42.7618103	-105.4000966
56548185	560099565002	1	81000	42.7614856	-105.4009788
56548186	560099565002	1	2000	42.7615801	-105.4003684
56548187	560099565002	9	400	42.7610673	-105.4003212
56548188	560099565002	1	93600	42.7613958	-105.4007446
56548189	560099565002	1	56800	42.7615304	-105.4004132
56548190	560099565002	1	35000	42.7572810	-105.3981059
56548191	560099565002	1	90000	42.7613795	-105.4005095
56548192	560099565002	1	30000	42.7613418	-105.4003456
56548193	560099565002	1	77300	42.7615091	-105.3999218
56548194	560099565002	1	54000	42.7570416	-105.3991351
56548195	560099565002	1	20400	42.7573529	-105.3984084
56548196	560099565002	1	2760	42.7572482	-105.3990582
56548197	560099565002	1	40000	42.7569732	-105.3983474
56548198	560099565002	1	147200	42.7572357	-105.3986066
56548199	560099565002	1	8500	42.7567633	-105.3988326
56548200	560099565002	1	47800	42.7620191	-105.4007030
56548201	560099565002	1	83000	42.7621140	-105.4000409
56548202	560099565002	1	29300	42.7624835	-105.4006319
56548203	560099566001	1	107000	42.8962693	-105.8470043
56548204	560099566001	1	70000	42.8714586	-105.8630091
56548205	560099566001	1	75130	42.8728750	-105.8688391
56548206	560099566001	1	137060	42.8710762	-105.8635033
56548207	560099566001	1	73000	42.8560155	-105.6917403
56548208	560099566001	1	74200	42.8720096	-105.8637339
56548209	560099566001	1	85000	42.8560274	-105.6872732
56548210	560099566001	1	50000	42.8955061	-105.8468656
56548211	560099566001	1	65200	42.8562049	-105.6904439
56548212	560099566001	1	6800	42.8961041	-105.8471432
56548213	560099566001	1	52000	42.8561945	-105.7006845
56548214	560099566001	1	14800	42.8955843	-105.8472018
56548215	560099566001	1	17000	42.8567572	-105.6988447
56548216	560099566001	9	48500	42.8536311	-105.5047323
56548217	560099566001	1	86040	42.8568209	-105.6974107
56548218	560099566001	1	63100	42.8536857	-105.5046008
56548219	560099566001	8	18000	42.8534776	-105.6835653
56548220	560099566001	1	13800	42.8539438	-105.5043367
56548221	560099566001	1	92530	42.8539981	-105.6838156
56548222	560099566001	1	13800	42.8692758	-105.8597073
56548223	560099566001	1	20000	42.8552329	-105.6943629
56548224	560099566001	1	64800	42.8706279	-105.8530225
56548225	560099566001	1	51000	42.8544822	-105.6952158
56548226	560099566001	1	50300	42.8723520	-105.8632343
56548227	560099566001	1	54800	42.8570070	-105.6854549
56548228	560099566001	1	83900	42.8710238	-105.8534933
56548229	560099566001	1	69160	42.8575233	-105.6888528
56548230	560099566001	1	79300	42.8691577	-105.8590255
56548231	560099566001	1	13604	42.8574241	-105.6883759
56548232	560099566001	1	74600	42.8688714	-105.8593429
56548233	560099566001	1	60400	42.8551401	-105.6926048
56548234	560099566001	1	20400	42.8689366	-105.8589024
56548235	560099566001	1	18600	42.8561034	-105.6936941
56548236	560099566001	1	40400	42.8715920	-105.8623032
56548237	560099566001	1	42000	42.8570277	-105.6953258
56548238	560099566001	8	38500	42.8951326	-105.8473792
56548239	560099566001	8	20000	42.8568847	-105.6942008
56548240	560099566001	7	126000	42.8714487	-105.8621988
56548241	560099566001	1	26010	42.8567036	-105.6967121
56548242	560099566001	1	8500	42.8944681	-105.8467719
56548243	560099566001	1	48000	42.8561791	-105.6923694
56548244	560099566001	1	78510	42.8565548	-105.6929983
56548245	560099566001	1	25500	42.8566796	-105.6919898
56548246	560099566001	1	45000	42.8555487	-105.6918889
56548247	560099566001	1	33900	42.8556600	-105.6952376
56548248	560099566001	1	30600	42.8559786	-105.6983684
56548249	560099566001	1	65190	42.8554820	-105.6999505
56548250	560099566001	1	16400	42.8542947	-105.6996237
56548251	560099566001	1	50100	42.8560546	-105.6977925
56548252	560099566001	1	85000	42.8555661	-105.6964688
56548253	560099566001	8	65000	42.8572715	-105.6903309
56548254	560099566001	1	4720	42.8569392	-105.6865614
56548255	560099566001	1	73000	42.8964717	-105.8480754
56548256	560099566001	1	45000	42.9069117	-105.8483819
56548257	560099566001	9	69500	42.8696327	-105.8533932
56548258	560099566001	1	70000	42.8700000	-105.8532373
56548259	560099566001	1	65000	42.8970581	-105.8486960
56548260	560099566001	8	38500	42.9083484	-105.8376520
56548261	560099566001	1	153800	42.9006968	-105.8422948
56548262	560099566001	1	27000	42.8943284	-105.8508515
56548263	560099566001	1	21000	42.9078339	-105.8485431
56548264	560099566001	1	5050	42.9059564	-105.8488921
56548265	560099566001	1	33000	42.9076946	-105.8488237
56548266	560099566001	1	21500	42.9060042	-105.8481902
56548267	560099566001	1	57400	42.9085786	-105.8483557
56548268	560099566001	1	48000	42.9058304	-105.8480719
56548269	560099566001	1	55000	42.9054549	-105.8479672
56548270	560099566001	1	38000	42.8942088	-105.8502305
56548271	560099566001	1	130000	42.8943089	-105.8519426
56548272	560099566001	3	72000	42.9100942	-105.8329874
56548273	560099566001	1	86000	42.9105121	-105.8323394
56548274	560099566001	1	56100	42.8695222	-105.8627808
56548275	560099566001	1	45000	42.8947059	-105.8516998
56548276	560099566001	1	94000	42.8693986	-105.8630235
56548277	560099566001	1	41900	42.9158268	-105.8349765
56548278	560099566001	1	81000	42.9175305	-105.8301313
56548279	560099566001	1	52500	42.9165706	-105.8312540
56548280	560099566001	1	47000	42.9147219	-105.8339697
56548281	560099566001	1	80000	42.9152810	-105.8302204
56548282	560099566001	1	20800	42.9171854	-105.8311442
56548283	560099566001	8	77100	42.9155830	-105.8319640
56548284	560099566001	1	87000	42.9159268	-105.8316281
56548285	560099566001	1	18000	42.9165511	-105.8336062
56548286	560099566001	1	99100	42.9153143	-105.8308759
56548287	560099566001	1	26000	42.9141648	-105.8351655
56548288	560099566001	1	52800	42.8933431	-105.8501345
56548289	560099566001	1	81600	42.9173198	-105.8334657
56548290	560099566001	1	11200	42.8723251	-105.8559772
56548291	560099566001	1	37900	42.9160308	-105.8334824
56548292	560099566001	9	85000	42.9084440	-105.8384789
56548293	560099566001	1	101500	42.8970722	-105.8454071
56548294	560099566001	1	50100	42.8970482	-105.8448510
56548295	560099566001	1	84500	42.9173659	-105.8327688
56548296	560099566001	1	71100	42.9002452	-105.8415420
56548297	560099566001	1	82000	42.9000468	-105.8426189
56548298	560099566001	1	74000	42.8978179	-105.8445481
56548299	560099566001	1	148300	42.9166966	-105.8328813
56548300	560099566001	1	14800	42.9010365	-105.8420665
56548301	560099566001	1	15600	42.8975274	-105.8465043
56548302	560099566001	1	115800	42.8995277	-105.8432589
56548303	560099566001	1	92000	42.9028486	-105.8415781
56548304	560099566001	1	115300	42.9003805	-105.8433449
56548305	560099566001	1	55000	42.8954490	-105.8450425
56548306	560099566001	1	71880	42.8986914	-105.8446997
56548307	560099566001	1	20000	42.8986712	-105.8437982
56548308	560099566001	1	97200	42.8716728	-105.8517724
56548309	560099566001	1	72500	42.8946735	-105.8527745
56548310	560099566001	1	27000	42.8938207	-105.8470103
56548311	560099566001	1	23000	42.8927117	-105.8482088
56548312	560099566001	8	24000	42.8939822	-105.8473546
56548313	560099566001	1	12100	42.8953439	-105.8543136
56548314	560099566001	1	4600	42.8930822	-105.8459636
56548315	560099566001	1	56800	42.9143509	-105.8328381
56548316	560099566001	1	75400	42.9038408	-105.8396805
56548317	560099566001	1	84250	42.8705031	-105.8616507
56548318	560099566001	1	43500	42.8941035	-105.8541154
56548319	560099566001	1	103000	42.8704608	-105.8590272
56548320	560099566001	1	120000	42.9032793	-105.8401370
56548321	560099566001	1	178000	42.8723370	-105.8567355
56548322	560099566001	1	89000	42.9051232	-105.8385760
56548323	560099566001	1	43600	42.9011426	-105.8467671
56548324	560099566001	1	13604	42.9064487	-105.8411119
56548325	560099566001	1	77400	42.9041118	-105.8406783
56548326	560099566001	1	57000	42.9068379	-105.8390319
56548327	560099566001	1	79300	42.9073916	-105.8374067
56548328	560099566001	8	24000	42.9062379	-105.8389555
56548329	560099566001	1	33900	42.9043004	-105.8395007
56548330	560099566001	1	101000	42.9053233	-105.8408187
56548331	560099566001	1	43000	42.9050459	-105.8391026
56548332	560099566001	1	54400	42.9066349	-105.8410891
56548333	560099566001	1	88000	42.9069283	-105.8397967
56548334	560099566001	1	85000	42.9087015	-105.8384325
56548335	560099566001	1	5204	42.9091858	-105.8383074
56548336	560099566001	1	101000	42.9079289	-105.8402071
56548337	560099566001	1	62000	42.9061344	-105.8391416
56548338	560099566001	9	87400	42.9076796	-105.8409744
56548339	560099566001	1	40270	42.9039397	-105.8438975
56548340	560099566001	1	37800	42.9029499	-105.8458080
56548341	560099566001	1	51800	42.9089857	-105.8413916
56548342	560099566001	1	93001	42.9054585	-105.8428766
56548343	560099566001	1	51000	42.9084479	-105.8399472
56548344	560099566001	1	74000	42.9071291	-105.8422794
56548345	560099566001	1	16600	42.8720432	-105.8584678
56548346	560099566001	1	23000	42.9081222	-105.8428031
56548347	560099566001	1	16800	42.9037115	-105.8456247
56548348	560099566001	1	25000	42.9056120	-105.8432364
56548349	560099566001	1	12800	42.9028642	-105.8448493
56548350	560099566001	1	78000	42.9021659	-105.8457650
56548351	560099566001	1	52320	42.9053400	-105.8441840
56548352	560099566001	1	49000	42.8918602	-105.8482470
56548353	560099566001	1	79600	42.9046572	-105.8457594
56548354	560099566001	1	42500	42.8996713	-105.8470162
56548355	560099566001	8	38500	42.8723540	-105.8493718
56548356	560099566001	1	100000	42.8904260	-105.8487190
56548357	560099566001	1	67500	42.9002387	-105.8490691
56548358	560099566001	5	25000	42.8996017	-105.8482416
56548359	560099566001	1	63500	42.8998450	-105.8470693
56548360	560099566001	1	44490	42.8719836	-105.8507389
56548361	560099566001	1	85000	42.9028785	-105.8470089
56548362	560099566001	8	77100	42.8978921	-105.8488583
56548363	560099566001	1	15500	42.9060746	-105.8447357
56548364	560099566001	1	117600	42.9022296	-105.8470578
56548365	560099566001	3	92200	42.9079691	-105.8458579
56548366	560099566001	1	18000	42.9037402	-105.8470978
56548367	560099566001	1	51500	42.9066203	-105.8458077
56548368	560099566001	1	31500	42.9053180	-105.8462858
56548369	560099566001	1	15300	42.9005911	-105.8493203
56548370	560099566001	1	22600	42.9007534	-105.8472559
56548371	560099566001	1	18000	42.9050029	-105.8473644
56548372	560099566001	1	17500	42.8702907	-105.8517381
56548373	560099566001	8	77100	42.9041922	-105.8479740
56548374	560099566001	1	52200	42.8978395	-105.8441284
56548375	560099566001	1	80000	42.9010381	-105.8423280
56548376	560099566001	1	12000	42.8982075	-105.8417839
56548377	560099566001	1	128000	42.8722833	-105.8529144
56548378	560099566001	1	42000	42.9000318	-105.8405898
56548379	560099566001	1	50900	42.8989474	-105.8409178
56548380	560099566001	1	92500	42.8994390	-105.8418346
56548381	560099566001	1	55000	42.8989472	-105.8425024
56548382	560099566001	1	18000	42.8961263	-105.8428884
56548383	560099566001	1	70000	42.9054788	-105.8472817
56548384	560099566001	1	131000	42.9074769	-105.8479762
56548385	560099566001	1	20000	42.9061842	-105.8476230
56548386	560099566001	1	80000	42.9019644	-105.8478158
56548387	560099566001	1	12550	42.9027809	-105.8485043
56548388	560099566001	1	75400	42.9021511	-105.8490963
56548389	560099566001	8	74030	42.8689873	-105.8585099
56548390	560099566001	1	14900	42.8677307	-105.8581555
56548391	560099566001	1	12500	42.8950629	-105.8440738
56548392	560099566001	1	48000	42.8963658	-105.8439438
56548393	560099566001	1	45000	42.8965476	-105.8432320
56548394	560099566001	1	56600	42.8681772	-105.8559945
56548395	560099566001	1	36000	42.8688977	-105.8598667
56548396	560099566001	1	64600	42.8677070	-105.8584104
56548397	560099566001	1	116000	42.8684865	-105.8572282
56548398	560099566001	1	14800	42.9021330	-105.8434209
56548399	560099566001	1	93900	42.9029388	-105.8435888
56548400	560099566001	1	17400	42.9033606	-105.8414329
56548401	560099566001	1	87400	42.8896955	-105.8485252
56548402	560099566001	1	89700	42.9006616	-105.8457203
56548403	560099566001	1	16600	42.8991151	-105.8443835
56548404	560099566001	1	78000	42.9082143	-105.8469213
56548405	560099566001	1	71100	42.8708088	-105.8648772
56548406	560099566001	9	4120	42.8710878	-105.8579723
56548407	560099566001	1	70000	42.8712173	-105.8603107
56548408	560099566001	1	80000	42.8948191	-105.8455012
56548409	560099566001	1	71500	42.9033250	-105.8481339
56548410	560099566001	1	81000	42.9013830	-105.8446222
56548411	560099566001	1	42100	42.8712358	-105.8596507
56548412	560099566001	1	39000	42.9011366	-105.8453498
56548413	560099566001	1	15800	42.8692808	-105.8555939
56548414	560099566001	1	10400	42.8708266	-105.8564957
56548415	560099566001	1	10300	42.8716382	-105.8566707
56548416	560099566001	1	67500	42.8705883	-105.8630266
56548417	560099566001	1	109000	42.9094974	-105.8460660
56548418	560099566001	3	47980	42.9044398	-105.8428295
56548419	560099566001	1	71100	42.8936287	-105.8488542
56548420	560099566001	9	109400	42.8717906	-105.8618019
56548421	560099566001	1	12000	42.8952643	-105.8481622
56548422	560099566001	1	52800	42.8703356	-105.8638363
56548423	560099566001	1	37800	42.8717682	-105.8544402
56548424	560099566001	1	13970	42.8712823	-105.8555748
56548425	560099566001	1	14600	42.9020795	-105.8444965
56548426	560099566001	1	40270	42.8708980	-105.8555410
56548427	560099566001	1	26360	42.8708961	-105.8541820
56548428	560099566001	1	40500	42.8723248	-105.8602471
56548429	560099566001	1	115000	42.8995988	-105.8461018
56548430	560099566001	9	48500	42.9000174	-105.8469161
56548431	560099566001	1	42800	42.8948773	-105.8487308
56548432	560099566001	1	36000	42.8720902	-105.8613082
56548433	560099566001	3	28500	42.8943449	-105.8480233
56548434	560099566001	1	16000	42.8989095	-105.8460342
56548435	560099566001	1	80000	42.9078828	-105.8369094
56548436	560099566001	1	12000	42.9046534	-105.8377179
56548437	560099566001	1	94004	42.8710520	-105.8520231
56548438	560099566001	1	37500	42.9024857	-105.8388897
56548439	560099566001	1	29500	42.9045747	-105.8366739
56548440	560099566001	1	62470	42.8702714	-105.8837221
56548441	560099566001	1	32300	42.8716861	-105.8651926
56548442	560099566001	8	20000	42.9053848	-105.8365634
56548443	560099566001	1	98000	42.8935460	-105.8516992
56548444	560099566001	1	18000	42.9140021	-105.8337208
56548445	560099566001	1	145000	42.9139966	-105.8351994
56548446	560099566001	1	118500	42.9087110	-105.8478798
56548447	560099566001	1	28800	42.8985394	-105.8476667
56548448	560099566001	1	55800	42.9135187	-105.8316892
56548449	560099566001	1	95000	42.9019715	-105.8396048
56548450	560099566001	1	75400	42.9038910	-105.8382338
56548451	560099566001	1	17600	42.9143401	-105.8305610
56548452	560099566001	3	63000	42.9091075	-105.8489825
56548453	560099566001	3	92200	42.8722513	-105.8659641
56548454	560099566001	1	54700	42.9089574	-105.8359024
56548455	560099566001	1	100000	42.9059320	-105.8376233
56548456	560099566001	1	64600	42.8923133	-105.8466811
56548457	560099566001	1	63400	42.8693874	-105.8620155
56548458	560099566001	1	91700	42.9127425	-105.8328554
56548459	560099566001	1	38200	42.8927091	-105.8501770
56548460	560099566001	1	81800	42.8698399	-105.8606354
56548461	560099566001	1	183200	42.9107928	-105.8341916
56548462	560099566001	1	154100	42.9121582	-105.8341139
56548463	560099566001	7	126000	42.9128991	-105.8348746
56548464	560099566001	1	44700	42.9131162	-105.8298282
56548465	560099566001	1	74000	42.9138140	-105.8300947
56548466	560099566001	1	55730	42.8696162	-105.8559047
56548467	560099566001	1	65200	42.8708173	-105.8607867
56548468	560099566001	1	31900	42.8703186	-105.8587103
56548469	560099566001	1	70000	42.8921621	-105.8476968
56548470	560099566001	1	22150	42.8700531	-105.8575045
56548471	560099566001	1	58100	42.8693601	-105.8572851
56548472	560099566001	3	63000	42.8925074	-105.8490440
56548473	560099566001	1	57900	42.8927828	-105.8449213
56548474	560099566001	1	71900	42.8696516	-105.8545452
56548475	560099566001	1	33000	42.8937993	-105.8453741
56548476	560099566001	1	66700	42.8722391	-105.8670587
56548477	560099566001	1	49900	42.9007586	-105.8371648
56548478	560099566001	1	107800	42.9107868	-105.8311852
56548479	560099566001	9	38400	42.9031347	-105.8364408
56548480	560099566001	1	28000	42.8974648	-105.8356394
56548481	560099566001	1	56000	42.8903933	-105.8475419
56548482	560099566001	1	6230	42.8907563	-105.8478359
56548483	560099566001	1	88000	42.9025326	-105.8382211
56548484	560099566001	1	50000	42.9095779	-105.8293392
56548485	560099566001	1	30400	42.9056335	-105.8315545
56548486	560099566001	1	54200	42.9074750	-105.8301234
56548487	560099566001	1	208790	42.9037656	-105.8375537
56548488	560099566001	1	86000	42.9051009	-105.8327670
56548489	560099566001	1	63900	42.9026727	-105.8331672
56548490	560099566001	1	46820	42.9018304	-105.8339415
56548491	560099566001	1	47800	42.9052465	-105.8347308
56548492	560099566001	1	26500	42.9007545	-105.8387021
56548493	560099566001	1	20500	42.9019114	-105.8378126
56548494	560099566001	1	69200	42.9014922	-105.8360788
56548495	560099566001	1	49550	42.9055068	-105.8364403
56548496	560099566001	1	86050	42.8995284	-105.8386610
56548497	560099566001	1	115000	42.9004513	-105.8357188
56548498	560099566001	1	78800	42.9016231	-105.8355567
56548499	560099566001	1	360	42.9039697	-105.8342701
56548500	560099566001	1	119000	42.9046684	-105.8359247
56548501	560099566001	1	32400	42.9050493	-105.8349002
56548502	560099566001	1	27400	42.9028637	-105.8339852
56548503	560099566001	1	19000	42.9039294	-105.8359872
56548504	560099566001	8	24000	42.9030492	-105.8357878
56548505	560099566001	1	35000	42.8976822	-105.8371754
56548506	560099566001	1	36500	42.9062725	-105.8319859
56548507	560099566001	1	60000	42.8982198	-105.8358139
56548508	560099566001	1	50000	42.9004619	-105.8366969
56548509	560099566001	1	74850	42.9013935	-105.8362024
56548510	560099566001	1	16800	42.9000470	-105.8379068
56548511	560099566001	1	82200	42.8980027	-105.8368335
56548512	560099566001	1	83900	42.8991597	-105.8361634
56548513	560099566001	1	82300	42.8993306	-105.8372546
56548514	560099566001	1	107800	42.9063893	-105.8317414
56548515	560099566001	1	30400	42.9073423	-105.8359941
56548516	560099566001	1	82000	42.9079435	-105.8347931
56548517	560099566001	1	22000	42.9085611	-105.8305563
56548518	560099566001	1	55800	42.9065940	-105.8350121
56548519	560099566001	8	24000	42.9069610	-105.8354068
56548520	560099566001	1	54400	42.9067581	-105.8364839
56548521	560099566001	1	11100	42.9099196	-105.8341130
56548522	560099566001	1	58000	42.9073758	-105.8324976
56548523	560099566001	1	186000	42.9036530	-105.8336181
56548524	560099566001	1	12060	42.9058203	-105.8336825
56548525	560099566001	1	13000	42.9050182	-105.8329296
56548526	560099566001	1	80000	42.9075499	-105.8338007
56548527	560099566001	1	109000	42.9087390	-105.8326051
56548528	560099566001	1	87560	42.9082445	-105.8337123
56548529	560099566001	1	15780	42.9112726	-105.8331671
56548530	560099566001	1	95000	42.9097411	-105.8339267
56548531	560099566001	1	35960	42.9065031	-105.8318884
56548532	560099566001	1	56000	42.9062539	-105.8338123
56548533	560099566001	1	75600	42.8537012	-105.5030689
56548534	560099566001	1	73400	42.9096012	-105.8326858
56548535	560099566001	1	67700	42.9094444	-105.8358679
56548536	560099566001	1	70000	42.8579771	-105.9819389
56548537	560099566001	1	75900	43.1840755	-105.2592580
56548538	560099566001	1	47000	43.1864578	-105.2584584
56548539	560099566001	1	19000	42.9098072	-105.8303918
56548540	560099566001	5	25000	42.8962157	-105.8356179
56548541	560099566001	1	101000	42.9015377	-105.8353510
56548542	560099566001	1	134000	42.9098877	-105.8311644
56548543	560099566001	1	99800	42.9084524	-105.8310904
56548544	560099566001	1	100000	42.9074565	-105.8313797
56548545	560099566001	1	70000	43.1852524	-105.2578586
56548546	560099566001	1	106970	42.9094605	-105.8435788
56548547	560099566001	1	108000	42.9114926	-105.8322883
56548548	560099566001	1	79900	42.9107382	-105.8300382
56548549	560099566001	1	86300	43.1846527	-105.2579907
56548550	560099566001	1	572000	42.9083051	-105.8427669
56548551	560099566001	1	56900	42.8720707	-105.8649239
56548552	560099566001	1	23000	42.8725248	-105.8648956
56548553	560099566001	1	14800	43.1827596	-105.2592593
56548554	560099566001	1	64300	43.1879990	-105.2591211
56548555	560099566001	1	56010	43.1868829	-105.2569183
56548556	560099566001	1	65890	43.1881706	-105.2572300
56548557	560099566001	1	61000	43.1832454	-105.2592936
56548558	560099566001	1	50100	43.1872653	-105.2581838
56548559	560099566001	1	23900	43.1838048	-105.2578714
56548560	560099566001	1	15100	43.1802713	-105.2588001
56548561	560099566001	7	26900	43.1812664	-105.2585936
56548562	560099566001	1	35400	43.1825422	-105.2585812
56548563	560099566001	8	38500	43.1820799	-105.2579842
56548564	560099566001	1	98500	43.1803900	-105.2571633
56548565	560099566001	1	76000	43.1805599	-105.2587863
56548566	560099566001	1	87700	43.1812052	-105.2582988
56548567	560099566001	1	247500	42.8577602	-105.9826457
56548568	560099566001	1	58500	42.8586713	-105.9808538
56548569	560099566001	1	65900	42.8568208	-105.9827645
56548570	560099566001	1	85000	43.1853306	-105.2593387
56548571	560099566001	1	23330	43.1860722	-105.2599386
56548572	560099566001	1	58800	42.8550394	-105.4969405
56548573	560099566001	1	11700	42.8564157	-105.9816208
56548574	560099566001	1	63000	42.8565968	-105.4997743
56548575	560099566001	1	29500	42.8724780	-105.8696694
56548576	560099566001	1	88370	43.1880819	-105.2521689
56548577	560099566001	1	48000	43.1788594	-105.2545532
56548578	560099566001	1	46700	42.8706288	-105.8655337
56548579	560099566001	8	66400	42.8717970	-105.8676030
56548580	560099566001	1	69600	42.8570928	-105.4986257
56548581	560099566001	1	66900	42.8584951	-105.9802402
56548582	560099566001	1	87000	42.8573757	-105.9800873
56548583	560099566001	1	13800	42.8559074	-105.4999389
56548584	560099566001	3	98300	42.8548558	-105.5040804
56548585	560099566001	1	56004	42.8544820	-105.5035744
56548586	560099566001	1	62470	42.8548302	-105.5027356
56548587	560099566001	1	88500	42.8559535	-105.4975063
56548588	560099566001	9	48500	42.8566995	-105.5027641
56548589	560099566001	1	70000	42.8559606	-105.5022847
56548590	560099566001	1	65880	42.8558252	-105.4986475
56548591	560099566001	1	38001	42.8561405	-105.5011577
56548592	560099566001	1	69250	42.8550391	-105.5013825
56548593	560099566001	1	44490	42.8569184	-105.4968815
56548594	560099566001	1	85600	42.8561697	-105.5014803
56548595	560099566001	9	22004	42.8556034	-105.5047467
56548596	560099566001	1	7500	42.8549473	-105.5000366
56548597	560099566001	1	15100	42.8573137	-105.5035168
56548598	560099566001	1	61000	42.8549081	-105.4979121
56548599	560099566001	1	50000	43.1887620	-105.2534584
56548600	560099566001	1	100400	42.8557044	-105.5029520
56548601	560099566001	1	136600	42.8541131	-105.5012359
56548602	560099566001	1	43100	42.8541675	-105.4993422
56548603	560099566001	1	11200	42.8575746	-105.5029208
56548604	560099566001	1	76200	42.8538695	-105.5023081
56548605	560099566001	1	186000	43.1877690	-105.2567230
56548606	560099566001	1	65190	42.8574373	-105.5044288
56548607	560099566001	1	60200	42.8571607	-105.5010031
56548608	560099566001	1	17600	43.1886876	-105.2549514
56548609	560099566001	1	69600	42.8574440	-105.4957086
56548610	560099566001	1	40100	42.8578830	-105.4992127
56548611	560099566001	8	52000	42.8579461	-105.5001861
56548612	560099566001	1	30000	42.8580206	-105.4972618
56548613	560099566001	1	11500	42.8543428	-105.5060633
56548614	560099566001	1	17000	42.8567516	-105.5048668
56548615	560099566001	1	23100	42.8563645	-105.5040338
56548616	560099566001	1	56004	42.8537919	-105.4973201
56548617	560099566001	1	15100	42.8564362	-105.4959510
56548618	560099566001	1	62000	42.8584949	-105.4958614
56548619	560099566001	1	38000	42.8539257	-105.4980747
56548620	560099566001	9	69500	42.8582636	-105.4969343
56548621	560099566001	8	38500	42.8554479	-105.4942461
56548622	560099566001	1	55000	42.8545088	-105.4946827
56548623	560099566001	1	47804	43.1789584	-105.2535894
56548624	560099566001	1	85500	43.1840349	-105.2536338
56548625	560099566001	1	65050	43.1871277	-105.2558121
56548626	560099566001	1	96700	43.1864870	-105.2529565
56548627	560099566001	1	38900	43.1821693	-105.2528077
56548628	560099566001	1	17000	43.1877011	-105.2543594
56548629	560099566001	1	23100	43.1874152	-105.2522627
56548630	560099566001	1	95000	43.1863991	-105.2538793
56548631	560099566001	1	10600	43.1797589	-105.2567007
56548632	560099566001	1	33200	43.1875960	-105.2553790
56548633	560099566001	1	72000	43.1863217	-105.2556421
56548634	560099566001	1	54000	43.1869300	-105.2543546
56548635	560099566001	1	113500	43.1864123	-105.2574000
56548636	560099566001	1	11300	43.1838467	-105.2558290
56548637	560099566001	1	21000	43.1843675	-105.2548979
56548638	560099566001	1	90000	43.1858308	-105.2573539
56548639	560099566001	1	55020	43.1853964	-105.2549160
56548640	560099566001	1	76000	43.1860284	-105.2535670
56548641	560099566001	1	40000	43.1855139	-105.2562299
56548642	560099566001	1	73000	43.1854056	-105.2527454
56548643	560099566001	1	12100	43.1839318	-105.2565974
56548644	560099566001	1	40500	43.1842432	-105.2551741
56548645	560099566001	1	18400	43.1842772	-105.2573417
56548646	560099566001	1	42000	43.1840442	-105.2546744
56548647	560099566001	1	65000	43.1845050	-105.2532603
56548648	560099566001	1	65000	43.1851989	-105.2517660
56548649	560099566001	1	13200	43.1827215	-105.2533430
56548650	560099566001	1	40000	43.1836936	-105.2526033
56548651	560099566001	1	74900	43.1828055	-105.2555357
56548652	560099566001	1	37300	43.1799593	-105.2557499
56548653	560099566001	1	104900	43.1829463	-105.2524769
56548654	560099566001	1	40100	43.1829557	-105.2537734
56548655	560099566001	1	65000	43.1830120	-105.2570901
56548656	560099566001	1	15000	43.1821645	-105.2543008
56548657	560099566001	1	43500	43.1801705	-105.2539944
56548658	560099566001	1	33000	43.1801860	-105.2529275
56548659	560099566001	1	34000	43.1809897	-105.2530420
56548660	560099566001	8	74030	43.1814376	-105.2565186
56548661	560099566001	1	24000	43.1810585	-105.2571576
56548662	560099566001	1	52800	43.1811900	-105.2557000
56548663	560099566001	1	40000	43.1819156	-105.2550271
56548664	560099566001	1	83000	43.1809227	-105.2536255
56548665	560099566001	1	117500	42.8737065	-105.8669317
56548666	560099566001	8	44200	42.8735553	-105.8647165
56548667	560099566001	1	50500	42.8720489	-105.8811065
56548668	560099566001	1	79680	42.8736765	-105.8683311
56548669	560099566001	1	247500	42.8770534	-105.8570012
56548670	560099566001	1	177140	42.8767014	-105.8558713
56548671	560099566001	1	39000	42.8553858	-105.4961076
56548672	560099566001	9	22004	43.1795894	-105.2559278
56548673	560099566001	1	19300	43.1797475	-105.2528062
56548674	560099566001	1	114000	42.8766170	-105.8618471
56548675	560099566001	1	100000	42.8769443	-105.8589877
56548676	560099566001	8	77100	42.8761227	-105.8567846
56548677	560099566001	1	24800	42.8772626	-105.8575483
56548678	560099566001	3	30600	42.8768859	-105.8632129
56548679	560099566001	1	54000	42.8763901	-105.8641746
56548680	560099566001	8	31000	42.8768121	-105.8598371
56548681	560099566001	1	13100	42.8737218	-105.8692652
56548682	560099566001	1	58800	42.8777044	-105.8601521
56548683	560099566001	1	85000	42.8758694	-105.8648091
56548684	560099566001	1	74800	42.8765617	-105.8647479
56548685	560099566001	1	100000	42.8758548	-105.8607555
56548686	560099566001	1	86900	42.8754816	-105.8625873
56548687	560099566001	1	51000	42.8758653	-105.8612886
56548688	560099566001	1	111000	42.8751483	-105.8633184
56548689	560099566001	9	69500	42.8728289	-105.8706063
56548690	560099566001	1	62400	42.8746222	-105.8669363
56548691	560099566001	1	71000	42.8754736	-105.8589518
56548692	560099566001	1	32000	42.8757401	-105.8581248
56548693	560099566001	1	31500	42.8744827	-105.8645481
56548694	560099566001	1	19000	42.8740800	-105.8681038
56548695	560099566001	1	31900	42.8748752	-105.8641090
56548696	560099566001	1	37100	42.8740694	-105.8655922
56548697	560099566001	1	14730	42.8758667	-105.8708317
56548698	560099566001	1	47000	42.8772153	-105.8632636
56548699	560099566001	1	45000	42.8772637	-105.8589625
56548700	560099566001	1	78000	42.8781608	-105.8553783
56548701	560099566001	1	20000	42.8774170	-105.8617704
56548702	560099566001	1	354000	42.8773108	-105.8673677
56548703	560099566001	1	58470	42.8778643	-105.8573031
56548704	560099566001	1	29100	42.8778039	-105.8585726
56548705	560099566001	1	48000	42.8761486	-105.8685316
56548706	560099566001	1	80000	42.8771406	-105.8658639
56548707	560099566001	1	69250	42.8769974	-105.8661878
56548708	560099566001	1	58000	42.8774852	-105.8640608
56548709	560099566001	8	20000	42.8765756	-105.8675170
56548710	560099566001	1	87100	42.8767845	-105.8684630
56548711	560099566001	1	60000	42.8770365	-105.8705831
56548712	560099566001	1	71300	42.8728457	-105.8769115
56548713	560099566001	1	79700	42.8754967	-105.8674661
56548714	560099566001	1	81200	42.8770738	-105.8709299
56548715	560099566001	3	30600	42.8759947	-105.8702536
56548716	560099566001	1	58100	42.8764579	-105.8668869
56548717	560099566001	1	173000	42.8747220	-105.8710483
56548718	560099566001	1	101700	42.8747638	-105.8683405
56548719	560099566001	1	15600	42.8753345	-105.8702134
56548720	560099566001	8	77100	42.8729168	-105.8743531
56548721	560099566001	1	19410	42.8737225	-105.8715922
56548722	560099566001	1	60000	42.8752244	-105.8662661
56548723	560099566001	1	48200	42.8743164	-105.8629636
56548724	560099566001	3	54000	42.8726444	-105.8731106
56548725	560099566001	1	98000	42.8745883	-105.8698824
56548726	560099566001	1	66000	42.8733225	-105.8723127
56548727	560099566001	1	12600	42.8564711	-105.6867813
56548728	560099566001	1	79800	42.8728934	-105.8783891
56548729	560099566001	1	43200	42.8732108	-105.8763259
56548730	560099566001	1	18200	42.8724547	-105.8833574
56548731	560099566001	1	54000	42.8752349	-105.8616366
56548732	560099566001	1	69600	42.8720752	-105.8823800
56548733	560099566001	1	15600	42.8718605	-105.8840030
56548734	560099566001	1	16800	42.8721871	-105.8851803
56548735	560099566001	1	74000	42.8561863	-105.6896460
56548736	560099566001	1	109000	42.8690305	-105.8854491
56548737	560099566001	1	4400	42.8717560	-105.8831426
56548738	560099566001	1	88000	42.8729483	-105.8796795
56548739	560099566001	1	63000	42.8703279	-105.8851552
56548740	560099566001	1	42400	42.8713155	-105.8845216
56548741	560099566001	1	75600	42.8711024	-105.8848870
56548742	560099566001	1	75000	42.8548429	-105.6906832
56548743	560099566001	1	23000	42.8568870	-105.6855742
56548744	560099566001	8	31000	42.8551641	-105.6885147
56548745	560099566001	1	50000	42.8557358	-105.6857596
56548746	560099566001	1	135000	42.9088417	-105.8456906
56548747	560099566001	1	7810	42.9067578	-105.8450946
56548748	560099566001	1	67700	42.9073953	-105.8446262
56548749	560099566001	1	52908	42.9079347	-105.8458294
56548750	560099566001	9	75000	42.8975715	-105.8472471
56548751	560099566001	1	52000	42.8910372	-105.8492273
56548752	560099566001	1	14800	42.9006385	-105.8398271
56548753	560099566002	1	85000	42.8266692	-105.8174050
56548754	560099566002	1	117200	42.8594188	-105.9332690
56548755	560099566002	1	99000	42.8273804	-105.8182983
56548756	560099566002	1	410000	42.8584202	-105.9680426
56548757	560099566002	1	30600	42.7947574	-105.6143425
56548758	560099566002	1	26360	42.7937906	-105.5145486
56548759	560099566002	1	31200	42.7936042	-105.5146095
56548760	560099566002	1	111000	42.8265188	-105.8159632
56548761	560099566002	1	24100	42.7954401	-105.5145501
56548762	560099566002	1	110200	42.8590285	-105.9679639
56548763	560099566002	1	100000	42.7951680	-105.5151403
56548764	560099566002	1	55000	42.8261602	-105.8154368
56548765	560099566002	1	70000	42.7943193	-105.5153848
56548766	560099566002	1	127600	42.7944354	-105.5147221
56548767	560099566002	1	176000	42.8343245	-105.8105529
56548768	560099566002	1	188000	42.8315520	-105.8136212
56548769	560099566002	1	43000	42.8299564	-105.8163339
56548770	560099566002	1	101600	42.8302976	-105.8139986
56548771	560099566002	1	12000	42.8593108	-105.9340870
56548772	560099566002	1	31500	42.8327795	-105.8145033
56548773	560099566002	1	100400	42.8305477	-105.8128603
56548774	560099566002	1	162000	42.8303574	-105.8154986
56548775	560099566002	1	9700	42.8317811	-105.8139681
56548776	560099566002	1	94300	42.8316336	-105.8117568
56548777	560099566002	1	120400	42.8331535	-105.8115618
56548778	560099566002	1	100400	42.8297098	-105.8152039
56548779	560099566002	1	48200	42.8298671	-105.8141276
56548780	560099566002	1	102000	42.8326684	-105.8128183
56548781	560099566002	1	9900	42.8336922	-105.8139145
56548782	560099566002	1	572000	42.8327432	-105.8118872
56548783	560099566002	1	126000	42.8314826	-105.8105548
56548784	560099566002	1	53300	42.8275689	-105.8165512
56548785	560099566002	1	153200	42.8292864	-105.8139048
56548786	560099566002	1	106000	42.8346467	-105.8119468
56548787	560099566002	1	93300	42.8340566	-105.8135914
56548788	560099566002	1	100000	42.8288783	-105.8162667
56548789	560099566002	1	12550	42.8291570	-105.8155174
56548790	560099566002	1	145000	42.8290384	-105.8180769
56548791	560099566002	1	26360	42.8318556	-105.8099254
56548792	560099566002	1	25100	42.8336912	-105.8111245
56548793	560099566002	1	853500	42.8279537	-105.8174665
56548794	560099566002	1	39000	42.8283281	-105.8147993
56548795	560099566002	1	78900	42.8324971	-105.8102085
56548796	560099566002	1	8400	42.8336179	-105.8090977
56548797	560099566002	1	152004	42.8328194	-105.8096659
56548798	560099566002	1	60000	42.8108990	-105.8246800
56548799	560099566002	1	26500	42.8341443	-105.8086066
56548800	560099566002	1	104900	42.7936428	-105.6135911
56548801	560099566002	1	169000	42.8267391	-105.8152118
56548802	560099566002	1	31200	42.8270159	-105.8166437
56548803	560099566002	1	25500	42.8266607	-105.8179379
56548804	560099566002	1	53300	42.8312145	-105.8104024
56548805	560099566002	1	53000	42.8356163	-105.8119660
56548806	560099566002	1	32100	42.8320380	-105.8081987
56548807	560099566002	1	27480	42.8311165	-105.8097609
56548808	560099566002	1	108400	42.8269069	-105.8201159
56548809	560099566002	1	55000	42.8305518	-105.8119875
56548810	560099566002	1	26360	42.8345009	-105.8082214
56548811	560099566002	1	165010	42.8356023	-105.8108223
56548812	560099566002	1	100000	42.8343953	-105.8098430
56548813	560099566002	1	81000	42.8113467	-105.8236060
56548814	560099566002	1	132200	42.7815955	-105.5193403
56548815	560099566002	1	239000	42.8376089	-105.5218993
56548816	560099566002	1	24000	42.8385815	-105.5255421
56548817	560099566002	1	50000	42.8383072	-105.5234060
56548818	560099566002	1	27000	42.8328067	-105.8079466
56548819	560099566002	1	25000	42.8354830	-105.8096320
56548820	560099566002	1	75000	42.8364991	-105.8108596
56548821	560099566002	1	32100	42.8115147	-105.8244491
56548822	560099566002	1	126900	42.8099050	-105.8233938
56548823	560099566002	1	73400	42.7813763	-105.5048425
56548824	560099566002	1	27800	42.8066492	-105.8239664
56548825	560099566002	1	103000	42.8116857	-105.8240012
56548826	560099566002	1	8700	42.8074262	-105.8232628
56548827	560099566002	1	225000	42.8104772	-105.8247625
56548828	560099566002	1	124020	42.6664068	-105.6460844
56548829	560099566002	1	32800	42.8093031	-105.8233739
56548830	560099566002	1	116000	42.8079548	-105.8237724
56548831	560099566002	1	132000	42.8080321	-105.8246955
56548832	560099566002	1	28500	42.6671853	-105.6458276
56548833	560099566002	1	60000	42.6405853	-105.3951744
56548834	560099566002	1	201800	42.8074372	-105.8247537
56548835	560099566002	1	50100	42.6689343	-105.6451898
56548836	560099566002	1	86000	42.6660454	-105.6454059
56548837	560099566002	1	28400	42.6653329	-105.6468776
56548838	560099566002	1	130000	42.6675222	-105.6464160
56548839	560099566002	1	340700	42.6763236	-105.6348499
56548840	560099566002	1	154600	42.6142291	-105.5119631
56548841	560099566002	1	130240	42.7816399	-105.5053059
56548842	560099566002	1	112800	42.6145733	-105.5125415
56548843	560099566002	1	444000	42.7841882	-105.5121133
56548844	560099566002	1	344200	42.6690372	-105.6469610
56548845	560099566002	1	30000	42.6668302	-105.6469076
56548846	560099566002	1	26000	42.6680391	-105.6450764
56548847	560099566002	1	231300	42.6157752	-105.5122639
56548848	560099566002	1	112600	42.5174669	-105.7069591
56548849	560099566002	1	150000	42.8566186	-106.0701216
56548850	560099566002	1	8590	42.7803689	-105.5062304
56548851	560099566002	1	128000	42.8091947	-105.8244890
56548852	560099566002	1	27000	42.5166964	-105.7092695
56548853	560099566002	1	13800	42.6653534	-105.6479468
56548854	560099566002	1	27400	42.8573609	-106.0690800
56548855	560099566002	1	26000	42.6110878	-105.5094889
56548856	560099566002	1	98000	42.5167760	-105.7068056
56548857	560099566002	1	24336	42.5169106	-105.7080672
56548858	560099566002	1	132360	42.5169007	-105.7053495
56548859	560099566002	1	55000	42.7817793	-105.5201591
56548860	560099566002	1	25500	42.5182096	-105.7074649
56548861	560099566002	1	111000	42.5179626	-105.7080290
56548862	560099566002	1	75400	42.6206077	-105.5157993
56548863	560099566002	1	34010	42.8581737	-105.9301887
56548864	560099566002	1	572000	42.6415162	-105.3951013
56548865	560099566002	1	32100	42.6134296	-105.5105687
56548866	560099566002	1	77400	42.6108198	-105.5098238
56548867	560099566002	1	30000	42.6179013	-105.5154231
56548868	560099566002	1	104000	42.6421340	-105.3931033
56548869	560099566002	1	99000	42.6162980	-105.5131423
56548870	560099566002	1	117000	42.6122469	-105.5094885
56548871	560099566002	1	101600	42.8593130	-105.9291677
56548872	560099566002	1	31200	42.6117748	-105.5102267
56548873	560099566002	1	109400	42.6417492	-105.3911222
56548874	560099566002	1	27480	42.7841225	-105.5107934
56548875	560099566002	1	22700	42.8585031	-105.9285413
56548876	560099566002	1	500	42.7244902	-105.4377865
56548877	560099566002	1	26500	42.8125718	-105.8263110
56548878	560099566002	1	98000	42.6146589	-105.5130789
56548879	560099566002	1	96670	42.6169663	-105.5153414
56548880	560099566002	1	100000	42.8574476	-105.9356857
56548881	560099566002	1	50100	42.8576232	-105.9321475
56548882	560099566002	1	105000	42.8578092	-105.9346277
56548883	560099566002	1	26360	42.6152440	-105.5135115
56548884	560099566002	1	11700	42.8579738	-105.9336733
56548885	560099566002	1	24000	42.6417387	-105.3930709
56548886	560099566002	1	48000	42.6191060	-105.5158744
56548887	560099566002	1	117200	42.6093948	-105.5090586
56548888	560099566002	1	25200	42.6122665	-105.5103558
56548889	560099566002	1	32100	42.7818821	-105.5160189
56548890	560099566002	1	49000	42.8085629	-105.8255747
56548891	560099566002	1	31600	42.7814948	-105.5148166
56548892	560099566002	1	134000	42.8120708	-105.8262026
56548893	560099566002	1	239000	42.8601869	-105.9294055
56548894	560099566002	1	32800	42.4427401	-105.7298732
56548895	560099566002	1	69000	42.8583310	-105.9333701
56548896	560099566002	1	112600	42.7823810	-105.5055851
56548897	560099566002	1	29300	42.6417901	-105.3944509
56548898	560099566002	1	52000	42.8590563	-105.9321955
56548899	560099566002	1	100400	42.8583905	-105.9312851
56548900	560099566002	1	104400	42.7828336	-105.5147585
56548901	560099566002	1	130800	42.8572078	-106.0714499
56548902	560099566002	1	11000	42.7835458	-105.5130455
56548903	560099566002	1	97200	42.8600951	-105.9270526
56548904	560099566002	1	60000	42.8075724	-105.8261861
56548905	560099566002	1	137100	42.7830861	-105.5158057
56548906	560099566002	1	103400	42.7823050	-105.5044179
56548907	560099566002	1	11300	42.8595104	-105.9307386
56548908	560099566002	1	50600	42.8403638	-105.4907915
56548909	560099566002	1	95000	42.8603472	-105.9254630
56548910	560099566002	1	99370	42.4446616	-105.7248266
56548911	560099566002	1	25100	42.4433021	-105.7278359
56548912	560099566002	1	177000	42.8114507	-105.4339666
56548913	560099566002	1	239000	42.8581701	-105.9344124
56548914	560099566002	1	98000	42.6420219	-105.3888013
56548915	560099566002	1	27700	42.4444139	-105.7266662
56548916	560099566002	1	116000	42.4436066	-105.7236726
56548917	560099566002	1	61460	42.7813545	-105.5123271
56548918	560099566002	1	107300	42.4436136	-105.7297776
56548919	560099566002	1	25200	42.4443536	-105.7285940
56548920	560099566002	1	172700	42.4451818	-105.7273722
56548921	560099566002	1	205700	42.4438460	-105.7307910
56548922	560099566002	1	92700	42.4455711	-105.7264405
56548923	560099566002	1	88500	42.4432734	-105.7288526
56548924	560099566002	1	55000	42.4427018	-105.7310240
56548925	560099566002	1	92000	42.8067002	-105.4318968
56548926	560099566002	1	35100	42.8121971	-105.4346325
56548927	560099566002	1	30500	42.4431248	-105.7265788
56548928	560099566002	1	105000	42.4448855	-105.7282810
56548929	560099566002	1	39000	42.4449543	-105.7232219
56548930	560099566002	1	23900	42.4441227	-105.7318164
56548931	560099566002	1	28000	42.4438574	-105.7271943
56548932	560099566002	1	42100	42.4448182	-105.7239666
56548933	560099566002	1	110700	42.4434164	-105.7253395
56548934	560099566002	1	85000	42.8076628	-105.4327273
56548935	560099566002	1	42500	42.8601814	-105.9284209
56548936	560099566002	1	55600	42.6166324	-105.5147033
56548937	560099566002	1	22800	42.8091580	-105.4338390
56548938	560099566002	1	28250	42.8589484	-106.0577491
56548939	560099566002	1	112600	42.6663688	-105.6471783
56548940	560099566002	1	32000	42.8402302	-105.4895644
56548941	560099566002	1	120400	42.8077261	-105.4346421
56548942	560099566002	1	85000	42.8580479	-105.9352280
56548943	560099566002	1	225000	42.8092982	-105.4348141
56548944	560099566002	1	84500	42.8456389	-105.4895746
56548945	560099566002	1	98030	42.8459106	-105.4889720
56548946	560099566002	1	4004	42.8417571	-105.4896945
56548947	560099566002	1	30000	42.8453034	-105.4896661
56548948	560099566002	1	75400	42.7233265	-105.4377481
56548949	560099566002	1	7200	42.6217246	-105.5152607
56548950	560099566002	1	115000	42.6427220	-105.3915114
56548951	560099566002	1	115800	42.8444129	-105.4902254
56548952	560099566002	1	27500	42.8408621	-105.4894002
56548953	560099566002	1	11700	42.8081228	-105.4354039
56548954	560099566002	1	24800	42.8114344	-105.4353861
56548955	560099566002	1	125210	42.6197924	-105.5154143
56548956	560099566002	1	58700	42.8622914	-106.0694265
56548957	560099566002	1	25700	42.7067952	-105.4171633
56548958	560099566002	1	100000	42.8097491	-105.4355009
56548959	560099566002	1	77000	42.7833608	-105.5086280
56548960	560099566002	1	29300	42.7822150	-105.5118664
56548961	560099566002	1	31200	42.6772904	-105.6324641
56548962	560099566002	1	50100	42.7833607	-105.5105703
56548963	560099566002	1	80000	42.7819311	-105.5111642
56548964	560099566002	1	96700	42.7825365	-105.5123947
56548965	560099566002	1	39500	42.7828250	-105.5127437
56548966	560099566002	1	101000	42.7834624	-105.5101036
56548967	560099566002	1	11100	42.7826032	-105.5094588
56548968	560099566002	1	2500	42.7816962	-105.5136179
56548969	560099566002	1	179300	42.7824271	-105.5081253
56548970	560099566002	1	82600	42.7812581	-105.5085118
56548971	560099566002	1	63900	42.7812990	-105.5088950
56548972	560099566002	1	134000	42.7814491	-105.5107737
56548973	560099566002	1	67740	42.4428652	-105.7249568
56548974	560099566002	1	26170	42.7066432	-105.4077425
56548975	560099566002	1	8400	42.7816873	-105.5073672
56548976	560099566002	1	63000	42.7822897	-105.5066744
56548977	560099566002	1	32000	42.7805392	-105.5201692
56548978	560099566002	1	30000	42.7072998	-105.4063718
56548979	560099566002	1	149800	42.7831894	-105.5061051
56548980	560099566002	1	105000	42.7830840	-105.5067958
56548981	560099566002	1	11600	42.7060783	-105.4100286
56548982	560099566002	1	70500	42.7068167	-105.4020483
56548983	560099566002	1	48000	42.7067683	-105.4102517
56548984	560099566002	1	572000	42.7061421	-105.4003614
56548985	560099566002	1	113000	42.8084067	-105.4337773
56548986	560099566002	1	94000	42.7070814	-105.3986144
56548987	560099566002	1	125210	42.7637728	-105.6232494
56548988	560099566002	1	130000	42.8415610	-105.4908931
56548989	560099566002	1	68100	42.7035738	-105.4211224
56548990	560099566002	1	88500	42.7062966	-105.4189436
56548991	560099566002	1	31400	42.7577432	-105.6268434
56548992	560099566002	1	12830	42.7568738	-105.6286639
56548993	560099566002	1	32000	42.7068069	-105.4187915
56548994	560099566002	1	60000	42.7059347	-105.4214854
56548995	560099566002	1	172700	42.7068865	-105.4200571
56548996	560099566002	1	5204	42.7560134	-105.6299082
56548997	560099566002	1	111000	42.7035890	-105.4196835
56548998	560099566002	1	50000	42.7051222	-105.4220970
56548999	560099566002	1	136700	42.7053296	-105.4204431
56549000	560099566002	1	76500	42.7047563	-105.4207284
56549001	560099566002	1	130000	42.7042086	-105.4198132
56549002	560099566002	1	101000	42.7045537	-105.4215215
56549003	560099566002	1	26360	42.7043078	-105.4217034
56549004	560099566002	1	133000	42.6794621	-105.6289945
56549005	560099566002	1	99000	42.6782840	-105.6302303
56549006	560099566002	1	27000	42.7031958	-105.4230474
56549007	560099566002	1	25300	42.7031571	-105.4216310
56549008	560099566002	1	24000	42.7260810	-105.4518645
56549009	560099566002	1	80000	42.8437746	-105.4896563
56549010	560099566002	1	177000	42.7037014	-105.4237150
56549011	560099566002	1	201800	42.7021142	-105.4212367
56549012	560099566002	1	101600	42.7054158	-105.4114960
56549013	560099566002	1	25100	42.8434044	-105.4895232
56549014	560099566002	1	75600	42.7055827	-105.4201750
56549015	560099566002	1	30000	42.7040402	-105.4178476
56549016	560099566002	1	98000	42.7068422	-105.4132659
56549017	560099566002	1	106200	42.7264092	-105.4413672
56549018	560099566002	1	2760	42.7066714	-105.4089695
56549019	560099566002	1	80900	42.8578265	-106.0702535
56549020	560099566002	1	125100	42.8628114	-106.0716194
56549021	560099566002	1	85000	42.7070453	-105.3974518
56549022	560099566002	1	107800	42.6419604	-105.3899973
56549023	560099566002	1	64800	42.7617975	-105.6277904
56549024	560099566002	1	117000	42.7636018	-105.6260354
56549025	560099566002	1	73200	42.7052765	-105.4180353
56549026	560099566002	1	76800	42.7047946	-105.4121439
56549027	560099566002	1	101500	42.7560861	-105.6276114
56549028	560099566002	1	13100	42.7065805	-105.4171530
56549029	560099566002	1	172700	42.7065917	-105.4118827
56549030	560099566002	1	57300	42.7026973	-105.4215369
56549031	560099566002	1	247500	42.8059119	-105.4324876
56549032	560099566002	1	247500	42.7806405	-105.5185702
56549033	560099566002	1	22700	42.7809155	-105.5214572
56549034	560099566002	1	85000	42.8575606	-106.0723453
56549035	560099566002	1	25690	42.8127694	-105.4349809
56549036	560099566002	1	148300	42.7800739	-105.5173051
56549037	560099566002	1	86000	42.6918290	-105.6197245
56549038	560099566002	1	50500	42.6794422	-105.6293992
56549039	560099566002	1	82840	42.7059531	-105.3971876
56549040	560099566002	1	239000	42.6768088	-105.6329411
56549041	560099566002	1	122000	42.7805349	-105.5174637
56549042	560099566002	1	141000	42.7868125	-105.5360635
56549043	560099566002	1	32400	42.6918777	-105.6169967
56549044	560099566002	1	69000	42.8624936	-106.0728825
56549045	560099566002	1	30000	42.7639426	-105.6239546
56549046	560099566002	1	32000	42.6803609	-105.6285005
56549047	560099566002	1	74000	42.6920576	-105.6150858
56549048	560099566002	1	116500	42.7061798	-105.4158593
56549049	560099566002	1	160000	42.7812303	-105.5220655
56549050	560099566002	1	31600	42.7639051	-105.6218250
56549051	560099566002	1	30500	42.8574138	-106.0716268
56549052	560099566002	1	97000	42.8639148	-106.0685027
56549053	560099566002	1	26170	42.8616619	-106.0716706
56549054	560099566002	1	109640	42.8641309	-106.0713405
56549055	560099566002	1	31000	42.7056909	-105.4177411
56549056	560099566002	1	323800	42.7044220	-105.4146121
56549057	560099566002	1	146500	42.8612658	-106.0709581
56549058	560099566002	1	136600	42.7044847	-105.4172825
56549059	560099566002	1	30700	42.8637183	-106.0726199
56549060	560099566002	1	84250	42.8626693	-106.0714413
56549061	560099566002	1	58500	42.8598632	-106.0712464
56549062	560099566002	1	105000	42.8607410	-106.0714458
56549063	560099566002	1	85000	42.8602123	-106.0723399
56549064	560099566002	1	28000	42.8591302	-106.0716037
56549065	560099566002	1	22730	42.8599922	-106.0720229
56549066	560099566002	1	12300	42.8588261	-106.0711527
56549067	560099566002	1	30000	42.8588453	-106.0678608
56549068	560099566002	1	30000	42.8624151	-106.0685836
56549069	560099566002	1	11600	42.8652627	-106.0726340
56549070	560099566002	1	101000	42.8635782	-106.0703495
56549071	560099566002	1	176000	42.8648976	-106.0716942
56549072	560099566002	1	134000	42.8645073	-106.0685148
56549073	560099566002	1	115000	42.7831950	-105.5230724
56549074	560099566002	1	111000	42.8645419	-106.0701209
56549075	560099566002	1	77000	42.8600967	-106.0684439
56549076	560099566002	1	98000	42.8613705	-106.0684510
56549077	560099566002	1	137100	42.8598874	-106.0694100
56549078	560099566002	1	87700	42.8606389	-106.0678975
56549079	560099566002	1	130500	42.8592949	-106.0694403
56549080	560099566002	1	26900	42.8615432	-106.0701801
56549081	560099566002	1	130000	42.8610983	-106.0694577
56549082	560099566002	1	24600	42.6739103	-105.6848601
56549083	560099566002	1	128000	42.8631251	-106.0645258
56549084	560099566003	1	45300	42.4109166	-105.3889604
56549085	560099566003	1	500	42.4091229	-105.3863946
56549086	560099566003	1	41500	42.4123844	-105.3786811
56549087	560099566003	1	7100	42.4106717	-105.3865177
56549088	560099566003	1	110200	42.7761931	-105.2546264
56549089	560099566003	1	6200	42.4140144	-105.3857388
56549090	560099566003	1	51000	42.4104012	-105.3804316
56549091	560099566003	1	38000	42.7742353	-105.2515715
56549092	560099566003	1	172700	42.4114636	-105.3872468
56549093	560099566003	1	67000	42.7713777	-105.2515296
56549094	560099566003	1	15300	42.7749570	-105.2519139
56549095	560099566003	1	81000	42.4130337	-105.3789818
56549096	560099566003	1	38800	42.4103303	-105.3818964
56549097	560099566003	1	139000	42.4115291	-105.3900077
56549098	560099566003	1	53100	42.4102835	-105.3899704
56549099	560099566003	1	290000	42.4118211	-105.3864225
56549100	560099566003	1	50100	42.4095688	-105.3825318
56549101	560099566003	1	70000	42.4115447	-105.3839569
56549102	560099566003	1	37400	42.4097955	-105.3858080
56549103	560099566003	1	81400	42.4102319	-105.3871698
56549104	560099566003	1	29200	42.4118000	-105.3880885
56549105	560099566003	1	14730	42.4144980	-105.3792232
56549106	560099566003	1	141200	42.4117262	-105.3799135
56549107	560099566003	1	100000	42.4119515	-105.3844916
56549108	560099566003	1	119500	42.7752856	-105.2503601
56549109	560099566003	1	59000	42.7759739	-105.2515891
56549110	560099566003	1	292000	42.4110241	-105.3846646
56549111	560099566003	1	71500	42.4124339	-105.3889496
56549112	560099566003	1	259000	42.4124632	-105.3810108
56549113	560099566003	1	83000	42.4120029	-105.3799483
56549114	560099566003	1	61460	42.4123744	-105.3827584
56549115	560099566003	1	65000	42.4110315	-105.3841529
56549116	560099566003	1	58700	42.7749745	-105.2539438
56549117	560099566003	1	90100	42.4109199	-105.3821281
56549118	560099566003	1	89000	42.4108736	-105.3808470
56549119	560099566003	1	50100	42.7755730	-105.2538886
56549120	560099566003	1	91500	42.7746734	-105.2524827
56549121	560099566003	1	87150	42.7753226	-105.2524462
56549122	560099566003	1	8700	42.7758260	-105.2509432
56549123	560099566003	1	50000	42.7710500	-105.2499669
56549124	560099566003	1	35810	42.7732271	-105.2521012
56549125	560099566003	1	87100	42.7725982	-105.2540691
56549126	560099566003	1	37000	42.7742206	-105.2526195
56549127	560099566003	1	92200	42.7742730	-105.2500701
56549128	560099566003	1	105000	42.7739028	-105.2491840
56549129	560099566003	1	100000	42.7739882	-105.2539917
56549130	560099566003	1	78800	42.7740858	-105.2473170
56549131	560099566003	1	51000	42.7707355	-105.2531657
56549132	560099566003	1	96000	42.7719482	-105.2514186
56549133	560099566003	1	231600	42.7715448	-105.2533313
56549134	560099566003	1	72000	42.7730125	-105.2508257
56549135	560099566003	1	17300	42.7732468	-105.2494460
56549136	560099566003	1	82300	42.7710911	-105.2519129
56549137	560099566003	1	32200	42.7722771	-105.2523840
56549138	560099566003	1	73000	42.7725980	-105.2502684
56549139	560099566003	1	853500	42.7771734	-105.2527319
56549140	560099566003	1	370	42.4129698	-105.3853538
56549141	560099566003	1	85000	42.4128192	-105.3874749
56549142	560099566003	1	131900	42.7745907	-105.2574637
56549143	560099566003	1	42500	42.7704142	-105.2457195
56549144	560099566003	1	75400	42.7776986	-105.2519310
56549145	560099566003	1	61100	42.7774655	-105.2558782
56549146	560099566003	1	17600	42.7771759	-105.2547255
56549147	560099566003	1	48000	42.4133623	-105.3832665
56549148	560099566003	1	61200	42.4128893	-105.3865339
56549149	560099566003	1	20250	42.4135385	-105.3839383
56549150	560099566003	1	54600	42.7767607	-105.2567404
56549151	560099566003	1	100000	42.7746449	-105.2481098
56549152	560099566003	1	70000	42.4149172	-105.3786391
56549153	560099566003	1	38900	42.4156023	-105.3798488
56549154	560099566003	1	48000	42.4148588	-105.3813760
56549155	560099566003	1	80430	42.4135399	-105.3867842
56549156	560099566003	1	63400	42.7775053	-105.2507548
56549157	560099566003	1	14900	42.7777113	-105.2499648
56549158	560099566003	1	85500	42.7778965	-105.2485870
56549159	560099566003	1	65340	42.4166230	-105.3795200
56549160	560099566003	1	25200	42.7766691	-105.2504099
56549161	560099566003	1	572000	42.7763610	-105.2562319
56549162	560099566003	1	57000	42.7758177	-105.2558813
56549163	560099566003	1	71100	42.4156191	-105.3808842
56549164	560099566003	1	15400	42.4144607	-105.3833820
56549165	560099566003	1	65340	42.4155623	-105.3816723
56549166	560099566003	1	40900	42.7767647	-105.2526844
56549167	560099566003	1	122300	42.7744817	-105.2554198
56549168	560099566003	1	16700	42.7750227	-105.2549950
56549169	560099566003	1	55000	42.7768126	-105.2480116
56549170	560099566003	1	96000	42.7761996	-105.2513436
56549171	560099566003	1	45800	42.4146664	-105.3799915
56549172	560099566003	1	70000	42.4137175	-105.3820297
56549173	560099566003	1	58900	42.4142645	-105.3801073
56549174	560099566003	1	71200	42.7763117	-105.2495721
56549175	560099566003	1	53300	42.7756447	-105.2476492
56549176	560099566003	1	54900	42.4134554	-105.3807503
56549177	560099566003	1	61000	42.4140889	-105.3827715
56549178	560099566003	1	62200	42.7754110	-105.2570761
56549179	560099566003	1	19000	42.4133597	-105.3829620
56549180	560099566003	1	27400	42.4126177	-105.3817025
56549181	560099566003	1	37000	42.7755582	-105.2492850
56549182	560099566003	1	40900	42.7709888	-105.2444055
56549183	560099566003	1	175000	42.7706903	-105.2518564
56549184	560099566003	1	122000	42.7730228	-105.2456479
56549185	560099566003	1	64000	42.7742603	-105.2562799
56549186	560099566003	1	14800	42.7735801	-105.2571514
56549187	560099566003	1	80000	42.7735735	-105.2561876
56549188	560099566003	1	56100	42.7752084	-105.2490927
56549189	560099566003	1	174000	42.7736342	-105.2552270
56549190	560099566003	1	33100	42.7727667	-105.2483065
56549191	560099566003	1	14900	42.7728798	-105.2550642
56549192	560099566003	1	15100	42.7745907	-105.2456968
56549193	560099566003	1	54300	42.7741889	-105.2464822
56549194	560099566003	1	138000	42.7733355	-105.2473184
56549195	560099566003	1	39000	42.7728902	-105.2562152
56549196	560099566003	1	66900	42.7735594	-105.2459450
56549197	560099566003	1	25900	42.7704951	-105.2504345
56549198	560099566003	1	40000	42.7719386	-105.2492217
56549199	560099566003	1	53300	42.7717403	-105.2541913
56549200	560099566003	1	56300	42.7709982	-105.2564307
56549201	560099566003	1	0	42.7719291	-105.2556242
56549202	560099566003	1	102000	42.7722855	-105.2476082
56549203	560099566003	1	20500	42.7723905	-105.2450685
56549204	560099566003	1	88500	42.7724878	-105.2458091
56549205	560099566003	1	22500	42.7705821	-105.2495577
56549206	560099566003	1	69000	42.7713068	-105.2483757
56549207	560099566003	1	48000	42.7706491	-105.2552224
56549208	560099566003	1	23000	42.7715406	-105.2467469
56549209	560099566003	1	197400	42.7705217	-105.2529976
56549210	560099566003	1	31400	42.7711959	-105.2464543
56549211	560099566003	1	101000	42.7712202	-105.2452579
56549212	560099566003	1	154100	42.7698184	-105.2561972
56549213	560099566003	1	88000	42.7794953	-105.2524325
56549214	560099566003	1	35000	42.7694333	-105.2474614
56549215	560099566003	1	58300	42.7691836	-105.2489682
56549216	560099566003	1	44800	42.7706661	-105.2474401
56549217	560099566003	1	26600	42.7703499	-105.2482609
56549218	560099566003	1	82700	42.7693303	-105.2535952
56549219	560099566003	1	137100	42.7697054	-105.2506250
56549220	560099566003	1	9300	42.7689319	-105.2518483
56549221	560099566003	1	87400	42.7792770	-105.2514050
56549222	560099566003	1	102000	42.7792866	-105.2569602
56549223	560099566003	1	79000	42.7693451	-105.2479168
56549224	560099566003	1	102400	42.6476812	-105.1922448
56549225	560099566003	1	42000	42.7792453	-105.2531969
56549226	560099566003	1	56000	42.7791761	-105.2557076
56549227	560099566003	1	51500	42.7789967	-105.2539207
56549228	560099566003	1	77500	42.7696570	-105.2548658
56549229	560099566003	1	54600	42.7758361	-105.2577090
56549230	560099566003	1	100000	42.7783367	-105.2502397
56549231	560099566003	1	73000	42.7781540	-105.2556824
56549232	560099566003	1	57100	42.7776386	-105.2569124
56549233	560099566003	1	120000	42.7781259	-105.2530857
56549234	560099566003	1	76500	42.7781857	-105.2548106
56549235	560099566003	1	36000	42.7785417	-105.2524374
56549236	560099566003	1	15800	42.7711172	-105.2569254
56549237	560099566003	1	69400	42.7749095	-105.2456068
56549238	560099566003	1	116000	42.7759961	-105.2449528
56549239	560099566003	1	37400	42.7760179	-105.2465755
56549240	560099566003	1	68600	42.7719168	-105.2573631
56549241	560099566003	1	105000	42.7748977	-105.2469261
56549242	560099566003	1	54600	42.7728482	-105.2573344
56549243	560099566003	1	6200	42.7690435	-105.2563948
56549244	560099566003	1	25600	42.7776923	-105.2461382
56549245	560099566003	1	90000	42.7680768	-105.2513193
56549246	560099566003	1	25900	42.7702975	-105.2445744
56549247	560099566003	1	53000	42.7689775	-105.2544463
56549248	560099566003	1	20100	42.7689894	-105.2558361
56549249	560099566003	1	30000	42.7688718	-105.2486472
56549250	560099566003	1	81000	42.7701680	-105.2454514
56549251	560099566003	1	45000	42.7684188	-105.2473720
56549252	560099566003	1	55000	42.7781082	-105.2464258
56549253	560099566003	1	53400	42.7689017	-105.2500899
56549254	560099566003	1	177000	42.7681049	-105.2532884
56549255	560099566003	1	54180	42.7688288	-105.2498915
56549256	560099566003	1	263500	42.7787342	-105.2499562
56549257	560099566003	1	84600	42.4761943	-105.4451348
56549258	560099566003	1	75000	42.7787338	-105.2477602
56549259	560099566003	1	51000	42.7709261	-105.2422226
56549260	560099566003	1	22500	42.7740339	-105.2429704
56549261	560099566003	1	178720	42.7752502	-105.2439511
56549262	560099566003	1	80000	42.7772062	-105.2460085
56549263	560099566003	1	64000	42.7765276	-105.2470549
56549264	560099566003	1	44700	42.7744829	-105.2423774
56549265	560099566003	1	87000	42.7756449	-105.2433442
56549266	560099566003	1	53200	42.7740244	-105.2444378
56549267	560099566003	1	53200	42.7701384	-105.2576332
56549268	560099566003	1	112800	42.7723265	-105.2435923
56549269	560099566003	1	32800	42.7733298	-105.2442547
56549270	560099566003	1	31900	42.7725105	-105.2429171
56549271	560099566003	1	150000	42.7712061	-105.2433890
56549272	560099566003	1	105000	42.7721299	-105.2419984
56549273	560099566003	1	51500	42.7715292	-105.2431248
56549274	560099566003	1	224700	42.7805596	-105.2562994
56549275	560099566003	1	39500	42.7784037	-105.2463641
56549276	560099566003	1	58700	42.7686633	-105.2543962
56549277	560099566003	1	69500	42.7695062	-105.2439183
56549278	560099566003	1	58900	42.7704167	-105.2421280
56549279	560099566003	1	102800	42.7689234	-105.2445372
56549280	560099566003	1	122300	42.7683980	-105.2550786
56549281	560099566003	1	56400	42.7690921	-105.2461097
56549282	560099566003	1	4700	42.7788566	-105.2476353
56549283	560099566003	1	125100	42.7817025	-105.2565388
56549284	560099566003	1	87200	42.7741836	-105.2401954
56549285	560099566003	1	96000	42.7817712	-105.2543741
56549286	560099566003	1	37200	42.7806547	-105.2511530
56549287	560099566003	1	114900	42.7812694	-105.2574429
56549288	560099566003	1	80600	42.7818873	-105.2537788
56549289	560099566003	1	75400	42.7793097	-105.2574434
56549290	560099566003	1	45600	42.7808928	-105.2539003
56549291	560099566003	1	288600	42.7805217	-105.2544004
56549292	560099566003	1	92000	42.7803081	-105.2547731
56549293	560099566003	1	133100	42.7794654	-105.2554653
56549294	560099566003	1	90000	42.4109425	-105.3873902
56549295	560099566003	1	85000	42.4124132	-105.3568063
56549296	560099566003	1	57300	42.6531075	-105.1918827
56549297	560099566003	1	158000	42.4123661	-105.3570075
56549298	560099566003	1	59000	42.6533944	-105.1917787
56549299	560099566003	1	34300	42.4125970	-105.3557560
56549300	560099566003	1	58000	42.4134544	-105.3573540
56549301	560099566003	1	75900	42.4134624	-105.3569880
56549302	560099566003	1	40000	42.6535610	-105.1910191
56549303	560099566003	1	42840	42.4121653	-105.3558944
56549304	560099566003	1	45450	42.6534926	-105.1909785
56549305	560099566003	1	58400	42.4048138	-105.4023816
56549306	560099566003	1	165010	42.4045578	-105.4023417
56549307	560099566003	1	73000	42.4039933	-105.4027839
56549308	560099566003	1	46500	42.4056243	-105.4021510
56549309	560099566003	1	51000	42.4051974	-105.4011838
56549310	560099566003	1	60000	42.4055757	-105.4006429
56549311	560099566003	1	51500	42.6464726	-105.3694301
56549312	560099566003	1	36000	42.4048202	-105.4009534
56549313	560099566003	1	19410	42.4046840	-105.4007467
56549314	560099566003	1	354000	42.4096790	-105.3835796
56549315	560099566003	1	101000	42.6462584	-105.3682141
56549316	560099566003	1	22400	42.4066536	-105.4052548
56549317	560099566003	1	56000	42.4102965	-105.3850894
56549318	560099566003	1	102000	42.4745210	-105.2835844
56549319	560099566003	1	52020	42.4757052	-105.2842123
56549320	560099566003	1	8060	42.4762718	-105.2839780
56549321	560099566003	1	35000	42.6530651	-105.1931145
56549322	560099566003	1	75000	42.4116242	-105.3558618
56549323	560099566003	1	107600	42.6464574	-105.3696605
56549324	560099566003	1	82600	42.4069632	-105.4035599
56549325	560099566003	1	43000	42.4027049	-105.4029578
56549326	560099566003	1	125000	42.6523107	-105.1917086
56549327	560099566003	1	75000	42.6522305	-105.1891303
56549328	560099566003	1	112000	42.4012387	-105.4110892
56549329	560099566003	1	141000	42.6561598	-105.2022287
56549330	560099566003	1	26360	42.6521669	-105.1911042
56549331	560099566003	1	45500	42.3954540	-105.3962266
56549332	560099566003	1	57000	42.3960511	-105.3975514
56549333	560099566003	1	77000	42.6568168	-105.1902183
56549334	560099566003	1	52900	42.4027429	-105.4023781
56549335	560099566003	1	95000	42.3960391	-105.3925745
56549336	560099566003	1	74000	42.3959340	-105.3950783
56549337	560099566003	1	82300	42.3978619	-105.3948699
56549338	560099566003	1	103000	42.3963363	-105.3956186
56549339	560099566003	1	92530	42.3960648	-105.3933694
56549340	560099566003	1	78600	42.3968576	-105.3940626
56549341	560099566003	1	59200	42.4033938	-105.4011628
56549342	560099566003	1	40500	42.6524039	-105.1870359
56549343	560099566003	1	117200	42.3967689	-105.3927547
56549344	560099566003	1	35600	42.4035762	-105.4032503
56549345	560099566003	1	18200	42.4035755	-105.4026490
56549346	560099566003	1	32000	42.4014094	-105.4093821
56549347	560099566003	1	127600	42.3994193	-105.4032419
56549348	560099566003	1	104700	42.4032509	-105.4060120
56549349	560099566003	1	30200	42.4044001	-105.4035230
56549350	560099566003	1	20000	42.4014722	-105.4018175
56549351	560099566003	1	208790	42.4014950	-105.4027627
56549352	560099566003	1	58900	42.4052182	-105.4036361
56549353	560099566003	1	50600	42.4011692	-105.4024635
56549354	560099566003	1	102000	42.4010162	-105.4034680
56549355	560099566003	1	37000	42.4020620	-105.4059305
56549356	560099566003	1	70050	42.4014909	-105.4048127
56549357	560099566003	1	208790	42.4036217	-105.4045457
56549358	560099566003	1	123000	42.4009623	-105.4061177
56549359	560099566003	1	113400	42.4024324	-105.4039149
56549360	560099566003	1	117200	42.4003169	-105.4056616
56549361	560099566003	1	95000	42.4010057	-105.4047186
56549362	560099566003	1	51000	42.3993544	-105.4061167
56549363	560099566003	1	174000	42.4028748	-105.4086868
56549364	560099566003	1	344200	42.4043605	-105.4064627
56549365	560099566003	1	25700	42.4001871	-105.4011896
56549366	560099566003	1	21200	42.4043954	-105.4049810
56549367	560099566003	1	20000	42.4029016	-105.4076293
56549368	560099566003	1	174000	42.3993084	-105.4054304
56549369	560099566003	1	152000	42.3998305	-105.4037805
56549370	560099566003	1	55000	42.3992819	-105.4083123
56549371	560099566003	1	93800	42.4003467	-105.4063538
56549372	560099566003	1	104800	42.4014892	-105.4076004
56549373	560099566003	1	45000	42.4016606	-105.4071941
56549374	560099566003	1	102100	42.4021945	-105.4087159
56549375	560099566003	1	56600	42.3999757	-105.4079736
56549376	560099566003	1	92000	42.4022957	-105.4067741
56549377	560099566003	1	395900	42.4067700	-105.4023870
56549378	560099566003	1	55000	42.4113220	-105.3566997
56549379	560099566003	1	80600	42.3995914	-105.4124850
56549380	560099566003	1	105400	42.4020136	-105.4104435
56549381	560099566003	1	53200	42.4006677	-105.4090854
56549382	560099566003	1	54300	42.3998462	-105.4102381
56549383	560099566003	1	30000	42.4022064	-105.4091671
56549384	560099566003	1	33900	42.3984400	-105.4079505
56549385	560099566003	1	33900	42.3984490	-105.4063935
56549386	560099566003	1	176800	42.3982155	-105.4099409
56549387	560099566003	1	259000	42.3995653	-105.4106251
56549388	560099566003	1	116000	42.3979781	-105.4077146
56549389	560099566003	1	83000	42.3974601	-105.4063584
56549390	560099566003	1	78000	42.3984388	-105.4089482
56549391	560099566003	1	78800	42.3996498	-105.4093684
56549392	560099566003	1	91700	42.3962255	-105.4000933
56549393	560099566003	1	45000	42.4102254	-105.3613199
56549394	560099566003	1	62900	42.7464030	-105.0079414
56549395	560099566003	1	39000	42.3989859	-105.4122532
56549396	560099566003	1	52200	42.4002242	-105.4121014
56549397	560099566003	1	35960	42.3993243	-105.4111380
56549398	560099566003	1	52400	42.6525411	-105.1860441
56549399	560099566003	1	38000	42.7446398	-105.0091612
56549400	560099566003	1	81200	42.3986583	-105.4135783
56549401	560099566003	1	17300	42.4110226	-105.3583145
56549402	560099566003	1	40000	42.4114797	-105.3593246
56549403	560099566003	1	81490	42.6521948	-105.1877183
56549404	560099566003	1	2400	42.4379701	-105.3831909
56549405	560099566003	1	117200	42.4106944	-105.3610635
56549406	560099566003	1	50000	42.4109723	-105.3605784
56549407	560099566003	1	36000	42.4109337	-105.3622960
56549408	560099566003	1	79000	42.4074420	-105.4002122
56549409	560099566003	1	103300	42.6543803	-105.1899964
56549410	560099566003	1	67110	42.6575634	-105.1900110
56549411	560099566003	1	79600	42.4093385	-105.3612529
56549412	560099566003	1	42000	42.4097837	-105.3601441
56549413	560099566003	1	53000	42.4099248	-105.3592176
56549414	560099566003	1	122700	42.6508615	-105.1979042
56549415	560099566003	1	188000	42.7455918	-105.0096251
56549416	560099566003	1	54000	42.6501356	-105.1965604
56549417	560099566003	1	628000	42.6597946	-105.1919339
56549418	560099566003	1	37100	42.6570528	-105.1939425
56549419	560099566003	1	103000	42.6580511	-105.1911241
56549420	560099566003	1	88400	42.6579818	-105.1930384
56549421	560099566003	1	91550	42.6586855	-105.1927686
56549422	560099566003	1	114900	42.6580854	-105.1938719
56549423	560099566003	1	18800	42.6586236	-105.1918818
56549424	560099566003	1	62600	42.4081744	-105.3990744
56549425	560099566003	1	100040	42.4064532	-105.4019052
56549426	560099566003	1	45000	42.6517109	-105.1951920
56549427	560099566003	1	51900	42.6484520	-105.1944671
56549428	560099566003	1	54200	42.6517294	-105.1929186
56549429	560099566003	1	34300	42.4071953	-105.3989121
56549430	560099566003	1	50060	42.6491422	-105.1951881
56549431	560099566003	1	51000	42.4070886	-105.3976399
56549432	560099566003	1	100000	42.4089424	-105.3955034
56549433	560099566003	1	6200	42.4087581	-105.3978677
56549434	560099566003	1	14600	42.4060780	-105.4027206
56549435	560099566003	1	144000	42.4064425	-105.4034411
56549436	560099566003	1	60200	42.4072213	-105.3946887
56549437	560099566003	1	55200	42.4071283	-105.3965338
56549438	560099566003	1	93300	42.4095570	-105.3965378
56549439	560099566003	1	86900	42.4091638	-105.3845087
56549440	560099566003	1	22600	42.4080350	-105.4007734
56549441	560099566003	1	95001	42.4049722	-105.4062851
56549442	560099566003	1	15800	42.4100901	-105.3836766
56549443	560099566003	1	55050	42.4092832	-105.3852433
56549444	560099566003	1	70000	42.4074454	-105.3954145
56549445	560099566003	1	78600	42.4075442	-105.4011345
56549446	560099566003	1	9600	42.4084009	-105.3908180
56549447	560099566003	1	50000	42.4067426	-105.4058931
56549448	560099566003	1	42300	42.4060082	-105.4048810
56549449	560099566003	1	92000	42.4052021	-105.4052790
56549450	560099566003	1	48000	42.4063376	-105.4057097
56549451	560099566003	1	145000	42.4084581	-105.3974527
56549452	560099566003	1	83600	42.4079497	-105.3972509
56549453	560099566003	1	97600	42.4087084	-105.3953319
56549454	560099566003	1	84400	42.4098481	-105.3904641
56549455	560099566003	1	69250	42.4095927	-105.3936147
56549456	560099566003	1	93300	42.4093503	-105.3941154
56549457	560099566003	1	85000	42.4085362	-105.3912933
56549458	560099566003	1	93800	42.4089735	-105.3934652
56549459	560099566003	1	103600	42.4089020	-105.3943880
56549460	560099566003	1	65340	42.4098337	-105.3924593
56549461	560099566003	1	110700	42.4106454	-105.3921575
56549462	560099566003	1	61000	42.4107591	-105.3905749
56549463	560099566003	1	63400	42.4101954	-105.3955539
56549464	560099566003	1	63000	42.4087331	-105.3894563
56549465	560099566003	1	60000	42.4111364	-105.3906356
56549466	560099566003	1	165010	42.4094320	-105.3889136
56549467	560099566003	1	80000	42.4096783	-105.3886239
56549468	560099566003	1	110000	42.4087864	-105.3882673
56549469	560099567001	1	58100	42.8629237	-105.8468346
56549470	560099567001	1	30550	42.8634058	-105.8742811
56549471	560099567001	1	12000	42.8634407	-105.8538305
56549472	560099567001	1	31900	42.8633172	-105.8745952
56549473	560099567001	1	37500	42.8620990	-105.8477001
56549474	560099567001	1	26000	42.8619644	-105.8493809
56549475	560099567001	1	8500	42.8619953	-105.8484887
56549476	560099567001	1	93600	42.8618993	-105.8501108
56549477	560099567001	1	53000	42.8617931	-105.8494745
56549478	560099567001	1	30550	42.8622216	-105.8496699
56549479	560099567001	1	109000	42.8624474	-105.8491684
56549480	560099567001	1	101600	42.8622363	-105.8498256
56549481	560099567001	1	39000	42.8623233	-105.8495870
56549482	560099567001	1	37000	42.8625727	-105.8498500
56549483	560099567001	1	114000	42.8624024	-105.8499637
56549484	560099567001	1	276000	42.8622932	-105.8495397
56549485	560099567001	1	71000	42.8622995	-105.8492844
56549486	560099567001	1	67000	42.8626414	-105.8498251
56549487	560099567001	1	252600	42.8627209	-105.8478885
56549488	560099567001	1	44000	42.8626413	-105.8469190
56549489	560099567001	1	80000	42.8648872	-105.8745855
56549490	560099567001	1	29000	42.8647438	-105.8751733
56549491	560099567001	1	110200	42.8623509	-105.8497221
56549492	560099567001	1	122300	42.8621803	-105.8499417
56549493	560099567001	1	225000	42.8623782	-105.8491403
56549494	560099567001	1	39000	42.8623644	-105.8498921
56549495	560099567001	1	26000	42.8620067	-105.8493388
56549496	560099567001	1	52000	42.8619326	-105.8496865
56549497	560099567001	1	55000	42.8646393	-105.8741132
56549498	560099567001	1	10000	42.8647087	-105.8750961
56549499	560099567001	1	141700	42.8648980	-105.8748025
56549500	560099567001	1	110000	42.8644735	-105.8751716
56549501	560099567001	1	31900	42.8647098	-105.8750116
56549502	560099567001	1	15100	42.8649554	-105.8751502
56549503	560099567001	1	178720	42.8648088	-105.8740847
56549504	560099567001	1	11860	42.8627093	-105.8474186
56549505	560099567001	1	95920	42.8646600	-105.8752550
56549506	560099567001	1	52500	42.8647603	-105.8747771
56549507	560099567001	1	75000	42.8650686	-105.8747887
56549508	560099567001	1	6000	42.8646110	-105.8752150
56549509	560099567001	1	120000	42.8651875	-105.8750259
56549510	560099567001	1	46000	42.8644917	-105.8740628
56549511	560099567001	1	10000	42.8646935	-105.8744454
56549512	560099567001	1	53000	42.8620510	-105.8473562
56549513	560099567001	1	31400	42.8620840	-105.8469528
56549514	560099567001	1	53000	42.8647577	-105.8748111
56549515	560099567001	1	32000	42.8648310	-105.8741122
56549516	560099567001	1	52000	42.8619710	-105.8474558
56549517	560099567001	1	26500	42.8626575	-105.8466914
56549518	560099567001	1	125000	42.8627602	-105.8467800
56549519	560099567001	1	122700	42.8622801	-105.8489442
56549520	560099567001	1	62500	42.8653168	-105.8759632
56549521	560099567001	1	144200	42.8621650	-105.8467249
56549522	560099567001	1	95050	42.8619542	-105.8474484
56549523	560099567001	1	40000	42.8626357	-105.8469733
56549524	560099567001	1	23900	42.8619817	-105.8476100
56549525	560099567001	1	31000	42.8623355	-105.8467359
56549526	560099567001	1	31400	42.8627005	-105.8475948
56549527	560099567001	1	11860	42.8623250	-105.8472782
56549528	560099567001	1	16200	42.8652024	-105.8760183
56549529	560099567001	1	10600	42.8656853	-105.8755742
56549530	560099567001	1	233600	42.8626691	-105.8467507
56549531	560099567001	1	117600	42.8623580	-105.8469139
56549532	560099567001	1	73000	42.8657890	-105.8757641
56549533	560099567001	1	75000	42.8657649	-105.8764725
56549534	560099567001	1	32000	42.8654713	-105.8761441
56549535	560099567001	1	14000	42.8625522	-105.8480925
56549536	560099567001	1	74850	42.8657196	-105.8759209
56549537	560099567001	1	20200	42.8652219	-105.8763049
56549538	560099567001	1	65000	42.8653520	-105.8756564
56549539	560099567001	1	130000	42.8659524	-105.8755929
56549540	560099567001	1	31880	42.8658692	-105.8756904
56549541	560099567001	1	175000	42.8655534	-105.8755880
56549542	560099567001	1	88400	42.8654106	-105.8754563
56549543	560099567001	1	43200	42.8626015	-105.8487395
56549544	560099567001	1	15800	42.8654269	-105.8755618
56549545	560099567001	1	8200	42.8656031	-105.8754847
56549546	560099567001	1	85000	42.8657012	-105.8762220
56549547	560099567001	1	54200	42.8624765	-105.8485152
56549548	560099567001	1	42000	42.8618675	-105.8487186
56549549	560099567001	1	28300	42.8623978	-105.8478000
56549550	560099567001	1	48000	42.8638551	-105.8744983
56549551	560099567001	1	11500	42.8640809	-105.8529966
56549552	560099567001	1	75000	42.8624330	-105.8530265
56549553	560099567001	1	12000	42.8625341	-105.8763356
56549554	560099567001	1	80000	42.8655104	-105.8745137
56549555	560099567001	1	51000	42.8632243	-105.8756619
56549556	560099567001	1	2300	42.8621495	-105.8486269
56549557	560099567001	1	77400	42.8621844	-105.8484162
56549558	560099567001	1	65000	42.8627155	-105.8483426
56549559	560099567001	1	32000	42.8621601	-105.8483545
56549560	560099567001	1	50000	42.8619205	-105.8480462
56549561	560099567001	1	6200	42.8624861	-105.8477940
56549562	560099567001	1	61700	42.8632243	-105.8757440
56549563	560099567001	1	16000	42.8632136	-105.8751461
56549564	560099567001	1	16600	42.8622323	-105.8482376
56549565	560099567001	1	88900	42.8629582	-105.8758167
56549566	560099567001	1	27800	42.8630873	-105.8751824
56549567	560099567001	1	87560	42.8626163	-105.8759568
56549568	560099567001	1	32400	42.8633578	-105.8755868
56549569	560099567001	1	51280	42.8653951	-105.8750435
56549570	560099567001	1	285000	42.8625256	-105.8760005
56549571	560099567001	1	30100	42.8628916	-105.8756878
56549572	560099567001	1	38300	42.8630124	-105.8750824
56549573	560099567001	1	26600	42.8629196	-105.8762546
56549574	560099567001	1	12000	42.8633774	-105.8753378
56549575	560099567001	1	82700	42.8626835	-105.8751485
56549576	560099567001	1	12500	42.8632523	-105.8757291
56549577	560099567001	1	25000	42.8660898	-105.8746973
56549578	560099567001	1	19000	42.8656042	-105.8750763
56549579	560099567001	1	100000	42.8659139	-105.8751040
56549580	560099567001	1	13500	42.8658525	-105.8748865
56549581	560099567001	1	50000	42.8656729	-105.8748737
56549582	560099567001	1	32800	42.8657005	-105.8749161
56549583	560099567001	1	81000	42.8652917	-105.8746784
56549584	560099567001	1	13000	42.8630697	-105.8774393
56549585	560099567001	1	15300	42.8619707	-105.8503764
56549586	560099567001	1	58300	42.8624586	-105.8512117
56549587	560099567001	1	45000	42.8658178	-105.8752302
56549588	560099567001	1	90000	42.8659382	-105.8746086
56549589	560099567001	1	33070	42.8654361	-105.8744387
56549590	560099567001	1	82000	42.8622966	-105.8506823
56549591	560099567001	1	74000	42.8658330	-105.8750456
56549592	560099567001	1	109640	42.8653875	-105.8747690
56549593	560099567001	1	26500	42.8620228	-105.8506961
56549594	560099567001	1	69600	42.8625205	-105.8513875
56549595	560099567001	1	51000	42.8622657	-105.8509026
56549596	560099567001	1	17900	42.8623188	-105.8507395
56549597	560099567001	1	26000	42.8622245	-105.8513111
56549598	560099567001	1	118000	42.8622167	-105.8511721
56549599	560099567001	1	26500	42.8622211	-105.8514150
56549600	560099567001	1	41900	42.8627256	-105.8772823
56549601	560099567001	1	53600	42.8649343	-105.8713251
56549602	560099567001	1	122000	42.8618821	-105.8505383
56549603	560099567001	1	57000	42.8621533	-105.8506407
56549604	560099567001	1	23200	42.8619967	-105.8513624
56549605	560099567001	1	103050	42.8650365	-105.8714475
56549606	560099567001	1	78000	42.8646173	-105.8714987
56549607	560099567001	1	28800	42.8651811	-105.8705838
56549608	560099567001	1	247500	42.8631157	-105.8768287
56549609	560099567001	1	2400	42.8647014	-105.8711280
56549610	560099567001	1	40000	42.8652270	-105.8711980
56549611	560099567001	1	85000	42.8654376	-105.8716790
56549612	560099567001	1	12600	42.8653293	-105.8713950
56549613	560099567001	1	34400	42.8651968	-105.8705145
56549614	560099567001	1	25000	42.8654945	-105.8708299
56549615	560099567001	1	70000	42.8632083	-105.8492974
56549616	560099567001	1	64400	42.8615997	-105.8804173
56549617	560099567001	1	15300	42.8647697	-105.8770509
56549618	560099567001	1	76000	42.8625728	-105.8518603
56549619	560099567001	1	82840	42.8625603	-105.8767306
56549620	560099567001	1	46000	42.8628971	-105.8772756
56549621	560099567001	1	56000	42.8626052	-105.8770914
56549622	560099567001	1	38000	42.8633320	-105.8527251
56549623	560099567001	1	25600	42.8630886	-105.8765472
56549624	560099567001	1	98500	42.8624468	-105.8766633
56549625	560099567001	1	82300	42.8631310	-105.8518775
56549626	560099567001	1	19300	42.8632481	-105.8520411
56549627	560099567001	1	17100	42.8625696	-105.8515592
56549628	560099567001	1	62910	42.8632059	-105.8526167
56549629	560099567001	1	52000	42.8632051	-105.8520249
56549630	560099567001	1	73400	42.8632572	-105.8518526
56549631	560099567001	1	45800	42.8628046	-105.8519579
56549632	560099567001	1	75000	42.8657127	-105.8774430
56549633	560099567001	1	35000	42.8646977	-105.8766590
56549634	560099567001	1	16500	42.8648682	-105.8777718
56549635	560099567001	1	40800	42.8649046	-105.8768018
56549636	560099567001	1	18400	42.8642564	-105.8774228
56549637	560099567001	1	52500	42.8647765	-105.8767344
56549638	560099567001	1	30000	42.8648901	-105.8774634
56549639	560099567001	1	88900	42.8649905	-105.8771301
56549640	560099567001	1	1100	42.8655217	-105.8777113
56549641	560099567001	1	31000	42.8652768	-105.8770137
56549642	560099567001	1	39500	42.8658329	-105.8770540
56549643	560099567001	1	110000	42.8658493	-105.8772083
56549644	560099567001	1	67500	42.8657068	-105.8769251
56549645	560099567001	1	63000	42.8654970	-105.8770084
56549646	560099567001	1	83200	42.8653401	-105.8778007
56549647	560099567001	1	62500	42.8631842	-105.8491251
56549648	560099567001	1	21100	42.8619074	-105.8721607
56549649	560099567001	1	32800	42.8635714	-105.8714730
56549650	560099567001	1	97000	42.8619053	-105.8806751
56549651	560099567001	1	60000	42.8616756	-105.8806907
56549652	560099567001	1	28400	42.8617047	-105.8807773
56549653	560099567001	1	16000	42.8629994	-105.8723646
56549654	560099567001	1	60600	42.8615338	-105.8805398
56549655	560099567001	1	74200	42.8628847	-105.8716920
56549656	560099567001	1	34400	42.8622360	-105.8715156
56549657	560099567001	1	55000	42.8629031	-105.8713211
56549658	560099567001	1	53000	42.8633647	-105.8720233
56549659	560099567001	1	40100	42.8632335	-105.8722459
56549660	560099567001	1	51900	42.8626363	-105.8714509
56549661	560099567001	1	32800	42.8628761	-105.8722990
56549662	560099567001	1	80000	42.8624210	-105.8717195
56549663	560099567001	1	138100	42.8630460	-105.8494920
56549664	560099567001	1	8200	42.8648315	-105.8761199
56549665	560099567001	1	15100	42.8619058	-105.8721788
56549666	560099567001	1	25690	42.8623023	-105.8713907
56549667	560099567001	1	9300	42.8620759	-105.8716937
56549668	560099567001	1	62910	42.8647967	-105.8757011
56549669	560099567001	1	36000	42.8647872	-105.8760881
56549670	560099567001	1	122000	42.8643281	-105.8759891
56549671	560099567001	1	25100	42.8634582	-105.8501135
56549672	560099567001	1	24500	42.8645292	-105.8760549
56549673	560099567001	1	38000	42.8650121	-105.8760751
56549674	560099567001	1	85000	42.8648791	-105.8761914
56549675	560099567001	1	18000	42.8628989	-105.8500942
56549676	560099567001	1	55000	42.8632003	-105.8493626
56549677	560099567001	1	105000	42.8630190	-105.8497673
56549678	560099567001	1	60000	42.8638021	-105.8741842
56549679	560099567001	1	16000	42.8641070	-105.8524292
56549680	560099567001	1	23000	42.8615448	-105.8783443
56549681	560099567001	1	51600	42.8639301	-105.8537142
56549682	560099567001	1	114100	42.8634603	-105.8539842
56549683	560099567001	1	80000	42.8634377	-105.8529461
56549684	560099567001	1	0	42.8628461	-105.8532763
56549685	560099567001	1	82000	42.8663207	-105.8713905
56549686	560099567001	1	48000	42.8626132	-105.8537584
56549687	560099567001	1	14000	42.8624866	-105.8531663
56549688	560099567001	1	77300	42.8624138	-105.8531765
56549689	560099567001	1	84000	42.8655671	-105.8714142
56549690	560099567001	1	80000	42.8661802	-105.8709601
56549691	560099567001	1	32000	42.8632997	-105.8529151
56549692	560099567001	1	11000	42.8625645	-105.8535335
56549693	560099567001	1	18600	42.8659501	-105.8707028
56549694	560099567001	1	15300	42.8659447	-105.8711309
56549695	560099567001	1	60000	42.8663558	-105.8714851
56549696	560099567001	1	45600	42.8619604	-105.8777526
56549697	560099567001	1	39000	42.8633397	-105.8537948
56549698	560099567001	1	53000	42.8616963	-105.8791652
56549699	560099567001	1	69200	42.8615894	-105.8792725
56549700	560099567001	1	42000	42.8616044	-105.8792229
56549701	560099567001	1	27800	42.8621348	-105.8795665
56549702	560099567001	1	38200	42.8615029	-105.8786906
56549703	560099567001	1	116500	42.8617654	-105.8794220
56549704	560099567001	1	18700	42.8622227	-105.8782289
56549705	560099567001	1	33700	42.8629825	-105.8704441
56549706	560099567001	1	48000	42.8628866	-105.8470248
56549707	560099567001	1	12000	42.8636819	-105.8477925
56549708	560099567001	1	24800	42.8629009	-105.8703634
56549709	560099567001	1	43300	42.8632153	-105.8712382
56549710	560099567001	1	247500	42.8630867	-105.8709728
56549711	560099567001	1	121500	42.8629621	-105.8786891
56549712	560099567001	1	12000	42.8617074	-105.8635411
56549713	560099567001	1	85000	42.8636742	-105.8763001
56549714	560099567001	1	22800	42.8638226	-105.8704764
56549715	560099567001	1	93600	42.8640451	-105.8705248
56549716	560099567001	1	116200	42.8645661	-105.8703257
56549717	560099567001	1	59000	42.8636096	-105.8758817
56549718	560099567001	1	58000	42.8638687	-105.8709373
56549719	560099567001	1	47000	42.8639433	-105.8755994
56549720	560099567001	1	73410	42.8617111	-105.8633660
56549721	560099567001	1	29300	42.8643727	-105.8561355
56549722	560099567001	1	118500	42.8639572	-105.8757202
56549723	560099567001	1	16500	42.8645870	-105.8559052
56549724	560099567001	1	16900	42.8623562	-105.8629675
56549725	560099567001	1	95000	42.8647721	-105.8558762
56549726	560099567001	1	26100	42.8645679	-105.8560061
56549727	560099567001	1	95000	42.8626326	-105.8780698
56549728	560099567001	1	18000	42.8637940	-105.8780102
56549729	560099567001	1	77500	42.8641535	-105.8508585
56549730	560099567001	1	12600	42.8623917	-105.8629270
56549731	560099567001	1	2300	42.8643024	-105.8505608
56549732	560099567001	1	28900	42.8634922	-105.8783970
56549733	560099567001	1	68100	42.8637497	-105.8513233
56549734	560099567001	1	70000	42.8640402	-105.8781037
56549735	560099567001	1	107300	42.8625970	-105.8778676
56549736	560099567001	1	26000	42.8640838	-105.8719140
56549737	560099567001	1	28600	42.8644163	-105.8722435
56549738	560099567001	1	18800	42.8638292	-105.8717715
56549739	560099567001	1	106000	42.8650987	-105.8724283
56549740	560099567001	1	17100	42.8651843	-105.8725462
56549741	560099567001	1	57300	42.8652081	-105.8726166
56549742	560099567001	1	18200	42.8631734	-105.8628806
56549743	560099567001	1	10400	42.8641590	-105.8500352
56549744	560099567001	1	51000	42.8621888	-105.8818833
56549745	560099567001	1	46500	42.8623858	-105.8707168
56549746	560099567001	1	62000	42.8582232	-105.8441756
56549747	560099567001	1	27800	42.8640884	-105.8517421
56549748	560099567001	1	51000	42.8639271	-105.8526931
56549749	560099567001	1	113000	42.8617545	-105.8712983
56549750	560099567001	1	9000	42.8578215	-105.8439868
56549751	560099567001	1	95000	42.8578632	-105.8436798
56549752	560099567001	1	48000	42.8623452	-105.8823641
56549753	560099567001	1	19300	42.8659285	-105.8721061
56549754	560099567001	1	28100	42.8628253	-105.8706382
56549755	560099567001	1	5000	42.8625411	-105.8702595
56549756	560099567001	1	8400	42.8625876	-105.8818703
56549757	560099567001	1	42500	42.8658523	-105.8717532
56549758	560099567001	1	45860	42.8655810	-105.8726712
56549759	560099567001	1	20000	42.8639039	-105.8496400
56549760	560099567001	1	22800	42.8590023	-105.8474419
56549761	560099567001	1	37500	42.8581243	-105.8447543
56549762	560099567001	1	127600	42.8582556	-105.8458411
56549763	560099567001	1	25200	42.8581266	-105.8449185
56549764	560099567001	1	55000	42.8656580	-105.8738021
56549765	560099567001	1	80050	42.8658276	-105.8733276
56549766	560099567001	1	36000	42.8658998	-105.8735197
56549767	560099567001	1	13200	42.8638421	-105.8479530
56549768	560099567001	1	25900	42.8657964	-105.8606179
56549769	560099567001	1	6230	42.8586855	-105.8474320
56549770	560099567001	1	27000	42.8588908	-105.8476262
56549771	560099567001	1	1000	42.8638315	-105.8489911
56549772	560099567001	1	12600	42.8662314	-105.8617140
56549773	560099567001	1	73000	42.8657500	-105.8608376
56549774	560099567001	1	81200	42.8625784	-105.8633828
56549775	560099567001	1	0	42.8679042	-105.8676327
56549776	560099567001	1	38100	42.8597691	-105.8453433
56549777	560099567001	1	32400	42.8649528	-105.8546956
56549778	560099567001	1	15800	42.8650531	-105.8553539
56549779	560099567001	1	33900	42.8650064	-105.8552286
56549780	560099567001	1	33000	42.8656798	-105.8623142
56549781	560099567001	1	57900	42.8643008	-105.8547226
56549782	560099567001	1	44250	42.8660998	-105.8624147
56549783	560099567001	1	25000	42.8622625	-105.8797848
56549784	560099567001	1	43000	42.8631258	-105.8816023
56549785	560099567001	1	54180	42.8596944	-105.8451199
56549786	560099567001	1	22730	42.8635863	-105.8824915
56549787	560099567001	1	71090	42.8626438	-105.8787875
56549788	560099567001	1	1100	42.8635987	-105.8791371
56549789	560099567001	1	37000	42.8639353	-105.8794273
56549790	560099567001	1	96000	42.8640179	-105.8629427
56549791	560099567001	1	88420	42.8649585	-105.8733852
56549792	560099567001	1	39050	42.8628984	-105.8806320
56549793	560099567001	1	59200	42.8677764	-105.8681119
56549794	560099567001	1	25200	42.8627634	-105.8808303
56549795	560099567001	1	17000	42.8645408	-105.8734206
56549796	560099567001	1	13000	42.8630978	-105.8804783
56549797	560099567001	1	17100	42.8632252	-105.8809197
56549798	560099567001	1	12000	42.8634270	-105.8638966
56549799	560099567001	1	5750	42.8631248	-105.8592192
56549800	560099567001	1	111000	42.8629213	-105.8615836
56549801	560099567001	1	123800	42.8632196	-105.8617817
56549802	560099567001	1	40000	42.8634891	-105.8603201
56549803	560099567001	1	18400	42.8633230	-105.8595611
56549804	560099567001	1	15600	42.8633223	-105.8603979
56549805	560099567001	1	46600	42.8656207	-105.8593877
56549806	560099567001	1	158020	42.8660669	-105.8699717
56549807	560099567001	1	45000	42.8624029	-105.8638824
56549808	560099567001	1	15000	42.8566983	-105.8338610
56549809	560099567001	1	49200	42.8638039	-105.8460839
56549810	560099567001	1	70000	42.8615932	-105.8749115
56549811	560099567001	1	182100	42.8641331	-105.8737414
56549812	560099567001	1	70000	42.8633154	-105.8455286
56549813	560099567001	1	60000	42.8643419	-105.8732631
56549814	560099567001	1	121000	42.8625579	-105.8569168
56549815	560099567001	1	101000	42.8627626	-105.8588045
56549816	560099567001	1	42000	42.8633123	-105.8555984
56549817	560099567001	1	25460	42.8663855	-105.8701547
56549818	560099567001	1	75100	42.8630879	-105.8561127
56549819	560099567001	1	51000	42.8623707	-105.8584031
56549820	560099567001	1	36280	42.8631503	-105.8574383
56549821	560099567001	1	78400	42.8637339	-105.8565968
56549822	560099567001	1	40000	42.8629133	-105.8576690
56549823	560099567001	1	96000	42.8626259	-105.8553937
56549824	560099567001	1	151500	42.8619986	-105.8583571
56549825	560099567001	1	30550	42.8619687	-105.8585017
56549826	560099567001	1	14410	42.8617695	-105.8575443
56549827	560099567001	1	42000	42.8628681	-105.8556917
56549828	560099567001	1	43000	42.8620288	-105.8569359
56549829	560099567001	1	62000	42.8560371	-105.8358148
56549830	560099567001	1	10100	42.8675681	-105.8673200
56549831	560099567001	1	259000	42.8625278	-105.8741003
56549832	560099567001	1	35000	42.8581544	-105.8459234
56549833	560099567001	1	25000	42.8657137	-105.8593899
56549834	560099567001	1	35560	42.8583494	-105.8467943
56549835	560099567001	1	58000	42.8623760	-105.8748776
56549836	560099567001	1	71100	42.8618509	-105.8731874
56549837	560099567001	1	75000	42.8624611	-105.8730529
56549838	560099567001	1	26100	42.8668567	-105.8669674
56549839	560099567001	1	12800	42.8667361	-105.8629100
56549840	560099567001	1	74000	42.8614603	-105.8695817
56549841	560099567001	1	151400	42.8618759	-105.8691494
56549842	560099567001	1	36000	42.8621014	-105.8455117
56549843	560099567001	1	127600	42.8664299	-105.8626330
56549844	560099567001	1	3300	42.8620898	-105.8457305
56549845	560099567001	1	66800	42.8562856	-105.8366509
56549846	560099567001	1	45000	42.8619121	-105.8420603
56549847	560099567001	1	30000	42.8546279	-105.8383341
56549848	560099567001	1	77000	42.8552316	-105.8377854
56549849	560099567001	1	81000	42.8550199	-105.8378494
56549850	560099567001	1	46100	42.8546696	-105.8394399
56549851	560099567001	1	50600	42.8545412	-105.8389649
56549852	560099567001	1	11500	42.8550366	-105.8402638
56549853	560099567001	1	71000	42.8613716	-105.8425882
56549854	560099567001	1	28300	42.8558597	-105.8337712
56549855	560099567001	1	41500	42.8620972	-105.8425492
56549856	560099567001	1	12800	42.8565068	-105.8334579
56549857	560099567001	1	130000	42.8607233	-105.8413221
56549858	560099567001	1	109400	42.8613101	-105.8433353
56549859	560099567001	1	69060	42.8604655	-105.8432844
56549860	560099567001	1	100000	42.8600617	-105.8401227
56549861	560099567001	1	2300	42.8600407	-105.8420321
56549862	560099567001	1	93200	42.8558990	-105.8370687
56549863	560099567001	1	117300	42.8617939	-105.8436945
56549864	560099567001	1	82360	42.8568571	-105.8353996
56549865	560099567001	1	13700	42.8569320	-105.8333703
56549866	560099567001	1	85000	42.8566777	-105.8355908
56549867	560099567001	1	32000	42.8620422	-105.8431469
56549868	560099567001	1	141130	42.8566375	-105.8359085
56549869	560099567001	1	88000	42.8568614	-105.8363040
56549870	560099567001	1	80000	42.8560150	-105.8370941
56549871	560099567001	1	84900	42.8563107	-105.8385870
56549872	560099567001	1	84500	42.8560519	-105.8387213
56549873	560099567001	1	49000	42.8562866	-105.8386595
56549874	560099567001	1	95120	42.8567510	-105.8374633
56549875	560099567001	1	27500	42.8568499	-105.8395143
56549876	560099567001	1	11860	42.8563897	-105.8380352
56549877	560099567001	1	78800	42.8600657	-105.8414060
56549878	560099567001	1	8300	42.8592456	-105.8417711
56549879	560099567001	1	18000	42.8577564	-105.8433426
56549880	560099567001	1	147000	42.8560717	-105.8399120
56549881	560099567001	1	70000	42.8559888	-105.8397919
56549882	560099567001	1	83000	42.8569159	-105.8403490
56549883	560099567001	1	10500	42.8585631	-105.8433575
56549884	560099567001	1	52300	42.8567842	-105.8405527
56549885	560099567001	1	27000	42.8560319	-105.8412043
56549886	560099567001	1	12000	42.8570017	-105.8407819
56549887	560099567001	1	48200	42.8587697	-105.8418277
56549888	560099567001	1	11300	42.8569599	-105.8416810
56549889	560099567001	1	18000	42.8554325	-105.8417285
56549890	560099567001	1	36400	42.8560582	-105.8418880
56549891	560099567001	1	95000	42.8561496	-105.8423366
56549892	560099567001	1	63400	42.8599675	-105.8405635
56549893	560099567001	1	47900	42.8583188	-105.8329690
56549894	560099567001	1	35700	42.8582701	-105.8408736
56549895	560099567001	1	53000	42.8572061	-105.8420048
56549896	560099567001	1	17000	42.8568961	-105.8429058
56549897	560099567001	1	26170	42.8571249	-105.8430342
56549898	560099567001	1	11700	42.8592168	-105.8410723
56549899	560099567001	1	80800	42.8571346	-105.8417931
56549900	560099567001	1	100000	42.8593857	-105.8398987
56549901	560099567001	1	80000	42.8607119	-105.8407802
56549902	560099567001	1	73000	42.8573863	-105.8404677
56549903	560099567001	1	69000	42.8582710	-105.8403952
56549904	560099567001	1	32400	42.8574776	-105.8403962
56549905	560099567001	1	60600	42.8606633	-105.8410126
56549906	560099567001	1	69000	42.8589000	-105.8392455
56549907	560099567001	1	51000	42.8585224	-105.8391372
56549908	560099567001	1	34700	42.8616886	-105.8405677
56549909	560099567001	1	268000	42.8580873	-105.8366805
56549910	560099567001	1	8200	42.8582331	-105.8347447
56549911	560099567001	1	8000	42.8582952	-105.8328922
56549912	560099567001	1	12600	42.8582111	-105.8337919
56549913	560099567001	1	39000	42.8574137	-105.8361980
56549914	560099567001	1	21710	42.8576010	-105.8359094
56549915	560099567001	1	96000	42.8582932	-105.8359993
56549916	560099567001	1	86000	42.8622203	-105.8406778
56549917	560099567001	1	50000	42.8575686	-105.8391885
56549918	560099567001	1	15000	42.8580584	-105.8379504
56549919	560099567001	1	47100	42.8579266	-105.8382409
56549920	560099567001	1	55000	42.8587041	-105.8381499
56549921	560099567001	1	28800	42.8578649	-105.8395000
56549922	560099567001	1	95000	42.8587171	-105.8380611
56549923	560099567001	1	100000	42.8616518	-105.8662134
56549924	560099567001	1	30000	42.8592573	-105.8433460
56549925	560099567001	1	13800	42.8631044	-105.8585509
56549926	560099567001	1	130800	42.8612919	-105.8397187
56549927	560099567001	1	44900	42.8606647	-105.8388880
56549928	560099567001	1	48000	42.8623747	-105.8649026
56549929	560099567001	1	19000	42.8599355	-105.8398127
56549930	560099567001	1	70000	42.8614756	-105.8398275
56549931	560099567001	1	82000	42.8619449	-105.8400379
56549932	560099567001	1	54800	42.8621613	-105.8394229
56549933	560099567001	1	70000	42.8636404	-105.8587034
56549934	560099567001	1	23000	42.8602213	-105.8435609
56549935	560099567001	1	130000	42.8651611	-105.8700275
56549936	560099567001	1	3300	42.8653657	-105.8698810
56549937	560099567001	1	38400	42.8579588	-105.8409669
56549938	560099567001	1	38001	42.8602748	-105.8433111
56549939	560099567001	1	30000	42.8579240	-105.8415041
56549940	560099567001	1	22700	42.8626342	-105.8688899
56549941	560099567001	1	84000	42.8624458	-105.8610053
56549942	560099567001	1	53800	42.8637543	-105.8607922
56549943	560099567001	1	23000	42.8616054	-105.8454614
56549944	560099567001	1	21500	42.8619100	-105.8461905
56549945	560099567001	1	18000	42.8528324	-105.8347938
56549946	560099567001	1	121780	42.8643287	-105.8607103
56549947	560099567001	1	33000	42.8525013	-105.8345242
56549948	560099567001	1	52908	42.8603001	-105.8446663
56549949	560099567001	1	45000	42.8615242	-105.8447766
56549950	560099567001	1	67700	42.8623557	-105.8607730
56549951	560099567001	1	120010	42.8620393	-105.8449682
56549952	560099567001	1	91900	42.8604629	-105.8441581
56549953	560099567001	1	50300	42.8591598	-105.8439583
56549954	560099567001	1	38450	42.8587323	-105.8445779
56549955	560099567001	1	27000	42.8670505	-105.8707073
56549956	560099567001	1	53000	42.8652174	-105.8683117
56549957	560099567001	1	8400	42.8576090	-105.8318887
56549958	560099567001	1	45000	42.8658157	-105.8563489
56549959	560099567001	1	21030	42.8662480	-105.8544118
56549960	560099567001	1	71500	42.8615379	-105.8679986
56549961	560099567001	1	122000	42.8630777	-105.8644220
56549962	560099567001	1	8800	42.8663993	-105.8573166
56549963	560099567001	1	28300	42.8658985	-105.8545668
56549964	560099567001	1	47304	42.8639922	-105.8679438
56549965	560099567001	1	110000	42.8569348	-105.8443113
56549966	560099567001	1	34400	42.8575384	-105.8334072
56549967	560099567001	1	23000	42.8645473	-105.8622608
56549968	560099567001	1	8200	42.8660553	-105.8681087
56549969	560099567001	1	74000	42.8671532	-105.8543077
56549970	560099567001	1	95000	42.8603957	-105.8460500
56549971	560099567001	1	53600	42.8629885	-105.8676837
56549972	560099567001	1	63810	42.8683611	-105.8709837
56549973	560099567001	1	28800	42.8670996	-105.8554767
56549974	560099567001	1	31000	42.8640728	-105.8694204
56549975	560099567001	1	113000	42.8684199	-105.8700144
56549976	560099567001	1	25000	42.8678864	-105.8731452
56549977	560099567001	1	71600	42.8666920	-105.8725795
56549978	560099567001	1	3601	42.8627041	-105.8731209
56549979	560099567001	1	12500	42.8680560	-105.8705697
56549980	560099567001	1	88000	42.8667150	-105.8736020
56549981	560099567001	1	11600	42.8621322	-105.8616640
56549982	560099567001	1	55000	42.8668928	-105.8752654
56549983	560099567001	1	34400	42.8627031	-105.8675179
56549984	560099567001	1	4400	42.8677632	-105.8742072
56549985	560099567001	1	15120	42.8668065	-105.8685530
56549986	560099567001	1	22600	42.8631981	-105.8686507
56549987	560099567001	1	53000	42.8661767	-105.8676948
56549988	560099567001	1	135000	42.8671508	-105.8663616
56549989	560099567001	1	25000	42.8648790	-105.8665793
56549990	560099567001	1	80000	42.8692368	-105.8693993
56549991	560099567001	1	2400	42.8666451	-105.8658913
56549992	560099567001	1	80000	42.8644232	-105.8669084
56549993	560099567001	1	150000	42.8653388	-105.8673224
56549994	560099567001	1	18280	42.8636367	-105.8700289
56549995	560099567001	1	22700	42.8668552	-105.8561325
56549996	560099567001	1	15000	42.8636131	-105.8673353
56549997	560099567001	1	125800	42.8693422	-105.8683456
56549998	560099567001	1	12000	42.8681764	-105.8710738
56549999	560099567001	1	23300	42.8685302	-105.8665143
56550000	560099567001	1	142000	42.8690580	-105.8660775
56550001	560099567001	1	85000	42.8656659	-105.8589568
56550002	560099567001	1	51500	42.8653852	-105.8607673
56550003	560099567001	1	22800	42.8683816	-105.8687996
56550004	560099567001	1	52800	42.8664850	-105.8598884
56550005	560099567001	1	22700	42.8650900	-105.8590542
56550006	560099567001	1	29100	42.8586049	-105.8315501
56550007	560099567001	1	73000	42.8582003	-105.8298794
56550008	560099567001	1	27800	42.8642181	-105.8584496
56550009	560099567001	1	30000	42.8647493	-105.8592490
56550010	560099567001	1	162000	42.8656711	-105.8570320
56550011	560099567001	1	78510	42.8656476	-105.8567021
56550012	560099567001	1	38200	42.8592025	-105.8471807
56550013	560099567001	1	70000	42.8591266	-105.8466142
56550014	560099567001	1	49010	42.8587714	-105.8466115
56550015	560099567001	1	72500	42.8586935	-105.8463407
56550016	560099567001	1	59000	42.8586792	-105.8470101
56550017	560099567001	1	95740	42.8633416	-105.8484708
56550018	560099567001	1	10000	42.8633679	-105.8771230
56550019	560099567001	1	70000	42.8628931	-105.8509494
56550020	560099567001	1	36500	42.8626025	-105.8511251
56550021	560099567001	1	25000	42.8618167	-105.8814742
56550022	560099567001	1	47000	42.8633967	-105.8467492
56550023	560099567001	1	66900	42.8631320	-105.8474942
56550024	560099567001	1	25800	42.8635086	-105.8764187
56550025	560099567001	1	172700	42.8634151	-105.8774880
56550026	560099567001	1	137060	42.8627562	-105.8513688
56550027	560099567001	1	23000	42.8632770	-105.8512052
56550028	560099567001	1	80000	42.8634907	-105.8769654
56550029	560099567001	1	7200	42.8628607	-105.8506965
56550030	560099567001	1	11700	42.8641115	-105.8767809
56550031	560099567001	1	16800	42.8586934	-105.8450935
56550032	560099567001	1	88000	42.8631109	-105.8490621
56550033	560099567001	1	11800	42.8592892	-105.8455243
56550034	560099567001	1	62600	42.8635986	-105.8489675
56550035	560099567001	1	225600	42.8598975	-105.8469511
56550036	560099567001	1	49000	42.8596398	-105.8462198
56550037	560099567001	1	50000	42.8618204	-105.8700478
56550038	560099567001	1	11600	42.8628932	-105.8480713
56550039	560099567001	1	35900	42.8631786	-105.8482347
56550040	560099567001	1	58000	42.8600803	-105.8469910
56550041	560099567001	1	6600	42.8615078	-105.8730849
56550042	560099567001	1	56500	42.8601435	-105.8464783
56550043	560099567001	1	26000	42.8588787	-105.8451726
56550044	560099567001	1	70900	42.8585089	-105.8457211
56550045	560099567001	1	95740	42.8592544	-105.8458704
56550046	560099567001	1	42400	42.8593209	-105.8467197
56550047	560099567002	1	53000	42.8557018	-105.8732203
56550048	560099567002	1	50100	42.8558415	-105.8728959
56550049	560099567002	1	59800	42.8539469	-105.8678933
56550050	560099567002	1	13980	42.8572335	-105.8670240
56550051	560099567002	1	85000	42.8573971	-105.8669580
56550052	560099567002	1	120400	42.8521412	-105.8678100
56550053	560099567002	1	93600	42.8540395	-105.8680433
56550054	560099567002	1	58900	42.8539822	-105.8679253
56550055	560099567002	1	112800	42.8555593	-105.8727667
56550056	560099567002	1	74000	42.8537273	-105.8680747
56550057	560099567002	1	107600	42.8538423	-105.8686664
56550058	560099567002	1	115000	42.8542873	-105.8433763
56550059	560099567002	1	58000	42.8574042	-105.8648014
56550060	560099567002	1	72000	42.8537251	-105.8679564
56550061	560099567002	1	100500	42.8534704	-105.8683660
56550062	560099567002	1	60000	42.8532920	-105.8675768
56550063	560099567002	1	34400	42.8521239	-105.8679932
56550064	560099567002	1	13200	42.8531252	-105.8683463
56550065	560099567002	1	122000	42.8591446	-105.8698610
56550066	560099567002	1	39600	42.8529923	-105.8681884
56550067	560099567002	1	130800	42.8538377	-105.8681671
56550068	560099567002	1	54000	42.8528430	-105.8677359
56550069	560099567002	1	75600	42.8589352	-105.8701440
56550070	560099567002	1	42700	42.8524332	-105.8681909
56550071	560099567002	1	279500	42.8529359	-105.8678402
56550072	560099567002	1	100000	42.8527580	-105.8681695
56550073	560099567002	1	15000	42.8528810	-105.8678239
56550074	560099567002	1	27800	42.8523709	-105.8673731
56550075	560099567002	1	41000	42.8527128	-105.8685831
56550076	560099567002	1	85000	42.8515994	-105.8673569
56550077	560099567002	1	78900	42.8582189	-105.8676108
56550078	560099567002	1	103000	42.8584831	-105.8704474
56550079	560099567002	1	55600	42.8588181	-105.8695810
56550080	560099567002	1	28000	42.8584367	-105.8701977
56550081	560099567002	1	50000	42.8586083	-105.8703375
56550082	560099567002	1	103000	42.8590765	-105.8696401
56550083	560099567002	1	49000	42.8590298	-105.8697171
56550084	560099567002	1	114530	42.8582941	-105.8676334
56550085	560099567002	1	71000	42.8582676	-105.8673640
56550086	560099567002	1	50000	42.8577908	-105.8678652
56550087	560099567002	1	85000	42.8582064	-105.8678202
56550088	560099567002	1	18000	42.8579674	-105.8679374
56550089	560099567002	1	55450	42.8583031	-105.8672466
56550090	560099567002	1	36530	42.8584359	-105.8674000
56550091	560099567002	1	61100	42.8512874	-105.8695934
56550092	560099567002	1	96300	42.8513091	-105.8694501
56550093	560099567002	1	95050	42.8539222	-105.8711518
56550094	560099567002	1	5204	42.8521246	-105.8674801
56550095	560099567002	1	79680	42.8521251	-105.8685261
56550096	560099567002	1	21200	42.8520748	-105.8680148
56550097	560099567002	1	35000	42.8521192	-105.8673848
56550098	560099567002	1	50600	42.8520847	-105.8679425
56550099	560099567002	1	60000	42.8545450	-105.8711159
56550100	560099567002	1	60800	42.8544813	-105.8703821
56550101	560099567002	1	123800	42.8540510	-105.8708651
56550102	560099567002	1	178000	42.8544821	-105.8701292
56550103	560099567002	1	42100	42.8542563	-105.8709045
56550104	560099567002	1	66300	42.8543361	-105.8710460
56550105	560099567002	1	100000	42.8546417	-105.8710279
56550106	560099567002	1	85000	42.8526953	-105.8693060
56550107	560099567002	1	17000	42.8601048	-105.8726539
56550108	560099567002	1	57000	42.8606933	-105.8730237
56550109	560099567002	1	147000	42.8605379	-105.8722545
56550110	560099567002	1	20100	42.8605557	-105.8723222
56550111	560099567002	1	112600	42.8608340	-105.8734012
56550112	560099567002	1	48400	42.8602689	-105.8729886
56550113	560099567002	1	50000	42.8607541	-105.8728132
56550114	560099567002	1	62000	42.8523736	-105.8692007
56550115	560099567002	1	73000	42.8528682	-105.8686844
56550116	560099567002	1	136600	42.8613197	-105.8802890
56550117	560099567002	1	18800	42.8524705	-105.8689085
56550118	560099567002	1	31900	42.8527589	-105.8690485
56550119	560099567002	1	11600	42.8530104	-105.8688805
56550120	560099567002	1	32000	42.8523423	-105.8694671
56550121	560099567002	1	22000	42.8518833	-105.8693047
56550122	560099567002	1	32800	42.8522015	-105.8685677
56550123	560099567002	1	1100	42.8515246	-105.8696347
56550124	560099567002	1	74000	42.8513196	-105.8688416
56550125	560099567002	1	81000	42.8518243	-105.8687085
56550126	560099567002	1	44790	42.8558565	-105.8733380
56550127	560099567002	1	45500	42.8558167	-105.8730714
56550128	560099567002	1	60000	42.8557540	-105.8739038
56550129	560099567002	1	50000	42.8562566	-105.8734204
56550130	560099567002	1	80000	42.8544311	-105.8436276
56550131	560099567002	1	7570	42.8574467	-105.8645928
56550132	560099567002	1	60000	42.8551128	-105.8738972
56550133	560099567002	1	60000	42.8577362	-105.8648640
56550134	560099567002	1	13000	42.8553975	-105.8693989
56550135	560099567002	1	106970	42.8571797	-105.8674748
56550136	560099567002	2	12000	42.8575523	-105.8653033
56550137	560099567002	1	28000	42.8582309	-105.8689022
56550138	560099567002	1	93000	42.8572603	-105.8649802
56550139	560099567002	1	47500	42.8554066	-105.8731434
56550140	560099567002	1	17400	42.8539910	-105.8732831
56550141	560099567002	1	24000	42.8547782	-105.8726559
56550142	560099567002	1	86000	42.8545301	-105.8729625
56550143	560099567002	1	13000	42.8540340	-105.8736327
56550144	560099567002	1	38400	42.8542503	-105.8728377
56550145	560099567002	1	83020	42.8543500	-105.8728130
56550146	560099567002	1	18600	42.8551775	-105.8737539
56550147	560099567002	1	11700	42.8543626	-105.8725813
56550148	560099567002	1	31000	42.8538383	-105.8731834
56550149	560099567002	1	23000	42.8537531	-105.8727138
56550150	560099567002	1	16800	42.8540218	-105.8726635
56550151	560099567002	1	8400	42.8537595	-105.8728263
56550152	560099567002	1	15800	42.8537923	-105.8726358
56550153	560099567002	1	28000	42.8543589	-105.8736000
56550154	560099567002	1	57780	42.8538477	-105.8735399
56550155	560099567002	1	48380	42.8544597	-105.8734263
56550156	560099567002	1	59000	42.8539503	-105.8727889
56550157	560099567002	1	13000	42.8539852	-105.8729333
56550158	560099567002	1	6200	42.8538516	-105.8735749
56550159	560099567002	1	110020	42.8537266	-105.8734975
56550160	560099567002	1	65000	42.8541731	-105.8736285
56550161	560099567002	1	24600	42.8545326	-105.8726350
56550162	560099567002	1	27000	42.8546714	-105.8732618
56550163	560099567002	1	25000	42.8552257	-105.8736632
56550164	560099567002	1	80000	42.8544848	-105.8726759
56550165	560099567002	1	66900	42.8544484	-105.8735380
56550166	560099567002	1	18800	42.8544967	-105.8737889
56550167	560099567002	1	43100	42.8550190	-105.8735219
56550168	560099567002	1	125800	42.8538245	-105.8725092
56550169	560099567002	1	104000	42.8538335	-105.8729547
56550170	560099567002	1	49550	42.8549354	-105.8737540
56550171	560099567002	1	10000	42.8552931	-105.8738201
56550172	560099567002	1	69000	42.8553835	-105.8731134
56550173	560099567002	1	176800	42.8552627	-105.8738584
56550174	560099567002	1	19000	42.8550784	-105.8737664
56550175	560099567002	1	72000	42.8547402	-105.8737755
56550176	560099567002	1	50000	42.8546093	-105.8733250
56550177	560099567002	1	49900	42.8550296	-105.8690784
56550178	560099567002	1	103120	42.8584047	-105.8664199
56550179	560099567002	1	13800	42.8573759	-105.8644252
56550180	560099567002	1	15000	42.8572233	-105.8655443
56550181	560099567002	1	110100	42.8578813	-105.8684373
56550182	560099567002	1	21100	42.8525176	-105.8702131
56550183	560099567002	1	24000	42.8540920	-105.8715534
56550184	560099567002	1	133100	42.8545984	-105.8713846
56550185	560099567002	1	73000	42.8583019	-105.8686805
56550186	560099567002	1	15100	42.8543126	-105.8725558
56550187	560099567002	1	40100	42.8564135	-105.8657726
56550188	560099567002	1	11400	42.8540994	-105.8716024
56550189	560099567002	1	85500	42.8539372	-105.8714095
56550190	560099567002	1	55000	42.8537608	-105.8722941
56550191	560099567002	1	85000	42.8544876	-105.8725071
56550192	560099567002	1	137100	42.8541050	-105.8722747
56550193	560099567002	1	34000	42.8546780	-105.8718199
56550194	560099567002	1	61400	42.8544645	-105.8713854
56550195	560099567002	1	41500	42.8527532	-105.8702518
56550196	560099567002	1	62000	42.8531531	-105.8714936
56550197	560099567002	1	17600	42.8545954	-105.8723942
56550198	560099567002	1	103000	42.8542227	-105.8716064
56550199	560099567002	1	133100	42.8546313	-105.8714158
56550200	560099567002	1	45860	42.8536585	-105.8718830
56550201	560099567002	1	80000	42.8535928	-105.8723720
56550202	560099567002	1	84390	42.8530053	-105.8713204
56550203	560099567002	1	414360	42.8528573	-105.8702145
56550204	560099567002	1	102000	42.8530614	-105.8714948
56550205	560099567002	1	70000	42.8536527	-105.8722535
56550206	560099567002	1	37000	42.8530884	-105.8720490
56550207	560099567002	1	126000	42.8531777	-105.8723062
56550208	560099567002	1	6500	42.8532061	-105.8719466
56550209	560099567002	1	148300	42.8531662	-105.8722118
56550210	560099567002	1	110020	42.8566693	-105.8655498
56550211	560099567002	1	28500	42.8537436	-105.8701450
56550212	560099567002	1	54000	42.8525727	-105.8699400
56550213	560099567002	1	18280	42.8524859	-105.8703207
56550214	560099567002	1	64700	42.8526529	-105.8708654
56550215	560099567002	1	62600	42.8523962	-105.8706145
56550216	560099567002	1	21400	42.8522970	-105.8706476
56550217	560099567002	1	12200	42.8524731	-105.8708416
56550218	560099567002	1	96000	42.8526806	-105.8704589
56550219	560099567002	1	64200	42.8534498	-105.8710592
56550220	560099567002	1	79680	42.8530648	-105.8707055
56550221	560099567002	1	285000	42.8531257	-105.8709981
56550222	560099567002	1	50000	42.8537634	-105.8703442
56550223	560099567002	1	2000	42.8531758	-105.8700863
56550224	560099567002	1	119000	42.8534144	-105.8709381
56550225	560099567002	1	78000	42.8532379	-105.8706256
56550226	560099567002	1	65000	42.8566343	-105.8658909
56550227	560099567002	1	16200	42.8513649	-105.8702298
56550228	560099567002	1	80000	42.8512597	-105.8703691
56550229	560099567002	1	64000	42.8530046	-105.8711261
56550230	560099567002	1	80430	42.8533089	-105.8706071
56550231	560099567002	1	8000	42.8519299	-105.8706725
56550232	560099567002	1	85000	42.8517679	-105.8699850
56550233	560099567002	1	100000	42.8514785	-105.8702748
56550234	560099567002	1	70000	42.8561737	-105.8656873
56550235	560099567002	1	45000	42.8518532	-105.8703303
56550236	560099567002	1	132000	42.8517908	-105.8705606
56550237	560099567002	1	51000	42.8512464	-105.8704349
56550238	560099567002	1	61400	42.8560766	-105.8666089
56550239	560099567002	1	74900	42.8518261	-105.8707738
56550240	560099567002	1	53000	42.8517177	-105.8706672
56550241	560099567002	1	10600	42.8582431	-105.8659380
56550242	560099567002	1	14600	42.8571986	-105.8697821
56550243	560099567002	1	76000	42.8512222	-105.8672212
56550244	560099567002	1	103000	42.8514207	-105.8672523
56550245	560099567002	1	26200	42.8580762	-105.8686519
56550246	560099567002	1	96000	42.8569393	-105.8658237
56550247	560099567002	1	60000	42.8579375	-105.8690436
56550248	560099567002	1	60000	42.8582160	-105.8682022
56550249	560099567002	1	57650	42.8567629	-105.8661422
56550250	560099567002	1	47500	42.8561223	-105.8665911
56550251	560099567002	1	123000	42.8507487	-105.8680608
56550252	560099567002	1	81200	42.8583701	-105.8691643
56550253	560099567002	1	11800	42.8566601	-105.8656832
56550254	560099567002	1	19400	42.8559990	-105.8664600
56550255	560099567002	1	89500	42.8510173	-105.8678905
56550256	560099567002	1	55000	42.8580925	-105.8689646
56550257	560099567002	1	15300	42.8577367	-105.8691245
56550258	560099567002	1	70000	42.8567916	-105.8692120
56550259	560099567002	1	66900	42.8578099	-105.8695959
56550260	560099567002	1	18600	42.8510928	-105.8678918
56550261	560099567002	1	32800	42.8505130	-105.8680830
56550262	560099567002	1	28000	42.8513096	-105.8682743
56550263	560099567002	1	8000	42.8578624	-105.8695955
56550264	560099567002	1	118300	42.8578612	-105.8701386
56550265	560099567002	1	34200	42.8575547	-105.8696636
56550266	560099567002	1	86300	42.8568924	-105.8700716
56550267	560099567002	1	18000	42.8581732	-105.8703425
56550268	560099567002	1	64800	42.8580851	-105.8698616
56550269	560099567002	1	103650	42.8583230	-105.8697520
56550270	560099567002	1	52300	42.8572251	-105.8698991
56550271	560099567002	1	13200	42.8567775	-105.8692813
56550272	560099567002	1	4600	42.8569578	-105.8693090
56550273	560099567002	1	2700	42.8584221	-105.8659222
56550274	560099567002	1	88000	42.8559791	-105.8701197
56550275	560099567002	1	126200	42.8561180	-105.8707340
56550276	560099567002	1	63000	42.8536053	-105.8699044
56550277	560099567002	1	100000	42.8533864	-105.8690578
56550278	560099567002	1	42000	42.8539417	-105.8694400
56550279	560099567002	1	45000	42.8534935	-105.8691238
56550280	560099567002	1	88000	42.8532068	-105.8697522
56550281	560099567002	1	48000	42.8533731	-105.8690329
56550282	560099567002	1	93600	42.8563831	-105.8695101
56550283	560099567002	1	57000	42.8560022	-105.8714477
56550284	560099567002	1	37000	42.8563635	-105.8714920
56550285	560099567002	1	8800	42.8563766	-105.8710167
56550286	560099567002	1	40750	42.8558147	-105.8694486
56550287	560099567002	1	108300	42.8557281	-105.8703971
56550288	560099567002	1	20000	42.8560423	-105.8706612
56550289	560099567002	1	65340	42.8566445	-105.8687576
56550290	560099567002	1	55500	42.8568370	-105.8672200
56550291	560099567002	1	42100	42.8563886	-105.8693177
56550292	560099567002	1	89500	42.8565299	-105.8700290
56550293	560099567002	1	23000	42.8564625	-105.8696421
56550294	560099567002	1	110020	42.8564021	-105.8675288
56550295	560099567002	1	95420	42.8559372	-105.8673255
56550296	560099567002	1	13800	42.8561185	-105.8668133
56550297	560099567002	1	130000	42.8563593	-105.8682215
56550298	560099567002	1	117900	42.8566750	-105.8685430
56550299	560099567002	1	41280	42.8565308	-105.8678841
56550300	560099567002	1	89000	42.8564384	-105.8668885
56550301	560099567002	1	6350	42.8564619	-105.8681144
56550302	560099567002	1	28250	42.8562769	-105.8679494
56550303	560099567002	1	8000	42.8565062	-105.8679709
56550304	560099567002	1	126200	42.8522001	-105.8563068
56550305	560099567002	1	84500	42.8530279	-105.8568392
56550306	560099567002	1	48000	42.8545585	-105.8582706
56550307	560099567002	1	18400	42.8546576	-105.8701203
56550308	560099567002	1	65000	42.8544619	-105.8695973
56550309	560099567002	1	80000	42.8586517	-105.8669637
56550310	560099567002	1	40000	42.8546409	-105.8692499
56550311	560099567002	1	97000	42.8541607	-105.8695946
56550312	560099567002	1	144200	42.8587077	-105.8661618
56550313	560099567002	1	6000	42.8585427	-105.8668195
56550314	560099567002	1	160000	42.8547263	-105.8603430
56550315	560099567002	1	87700	42.8544049	-105.8696278
56550316	560099567002	1	51000	42.8541396	-105.8691331
56550317	560099567002	1	101000	42.8614077	-105.8788288
56550318	560099567002	1	16500	42.8539802	-105.8596661
56550319	560099567002	1	65200	42.8593930	-105.8830926
56550320	560099567002	1	120000	42.8543065	-105.8610052
56550321	560099567002	1	53000	42.8553374	-105.8508071
56550322	560099567002	1	131900	42.8528927	-105.8428332
56550323	560099567002	1	141600	42.8522500	-105.8403056
56550324	560099567002	1	50000	42.8569539	-105.8516740
56550325	560099567002	1	52300	42.8522602	-105.8422187
56550326	560099567002	1	10100	42.8520855	-105.8590943
56550327	560099567002	1	40000	42.8521787	-105.8426889
56550328	560099567002	1	39000	42.8524102	-105.8606461
56550329	560099567002	1	32400	42.8561028	-105.8513273
56550330	560099567002	1	66800	42.8534491	-105.8593280
56550331	560099567002	1	71700	42.8524699	-105.8425793
56550332	560099567002	1	18700	42.8534249	-105.8608693
56550333	560099567002	1	60000	42.8537159	-105.8564917
56550334	560099567002	1	35734	42.8557140	-105.8494536
56550335	560099567002	1	54000	42.8522733	-105.8583627
56550336	560099567002	1	135000	42.8524994	-105.8502493
56550337	560099567002	1	56100	42.8524394	-105.8451046
56550338	560099567002	1	100000	42.8532712	-105.8543988
56550339	560099567002	1	18000	42.8551919	-105.8485776
56550340	560099567002	1	100040	42.8538071	-105.8579245
56550341	560099567002	1	16200	42.8551238	-105.8495394
56550342	560099567002	1	95100	42.8532466	-105.8551692
56550343	560099567002	1	75600	42.8540925	-105.8547563
56550344	560099567002	1	47800	42.8540630	-105.8562835
56550345	560099567002	1	56000	42.8532196	-105.8443329
56550346	560099567002	1	249930	42.8529236	-105.8532114
56550347	560099567002	1	31200	42.8555195	-105.8479060
56550348	560099567002	1	103000	42.8536668	-105.8457087
56550349	560099567002	1	65000	42.8539599	-105.8460969
56550350	560099567002	1	34400	42.8532809	-105.8514774
56550351	560099567002	1	92000	42.8542546	-105.8519504
56550352	560099567002	1	12700	42.8520496	-105.8489748
56550353	560099567002	1	12500	42.8532103	-105.8471935
56550354	560099567002	1	55000	42.8533884	-105.8484795
56550355	560099567002	1	114000	42.8529734	-105.8439813
56550356	560099567002	1	259000	42.8539375	-105.8538252
56550357	560099567002	1	53000	42.8540741	-105.8493647
56550358	560099567002	1	92000	42.8534073	-105.8498507
56550359	560099567002	1	126000	42.8539208	-105.8508670
56550360	560099567002	1	120020	42.8517248	-105.8583774
56550361	560099567002	1	60000	42.8543320	-105.8489177
56550362	560099567002	1	84400	42.8542460	-105.8473333
56550363	560099567002	1	100000	42.8526764	-105.8510553
56550364	560099567002	1	131900	42.8526887	-105.8477318
56550365	560099567002	1	14000	42.8521108	-105.8469010
56550366	560099567002	1	55000	42.8512686	-105.8592621
56550367	560099567002	1	63000	42.8515758	-105.8536369
56550368	560099567002	1	56000	42.8518327	-105.8531537
56550369	560099567002	1	37900	42.8520144	-105.8555092
56550370	560099567002	1	95000	42.8573811	-105.8679598
56550371	560099567002	1	57000	42.8554677	-105.8699567
56550372	560099567002	1	45610	42.8575913	-105.8673596
56550373	560099567002	1	73100	42.8553577	-105.8698027
56550374	560099567002	1	121780	42.8573576	-105.8679202
56550375	560099567002	1	31800	42.8554643	-105.8695387
56550376	560099567002	1	127600	42.8575364	-105.8680329
56550377	560099567002	1	51000	42.8554616	-105.8700841
56550378	560099567002	1	112700	42.8569920	-105.8657724
56550379	560099567002	1	15120	42.8574815	-105.8670904
56550380	560099567002	1	61700	42.8574098	-105.8664523
56550381	560099567002	1	59200	42.8577482	-105.8667489
56550382	560099567002	2	157500	42.8570897	-105.8656177
56550383	560099567002	1	2100	42.8568888	-105.8678138
56550384	560099567002	1	18000	42.8570704	-105.8690556
56550385	560099567002	1	114000	42.8571348	-105.8660373
56550386	560099567002	1	13500	42.8577520	-105.8661681
56550387	560099567002	1	17500	42.8572350	-105.8667287
56550388	560099567002	1	14600	42.8567975	-105.8681986
56550389	560099567002	1	50000	42.8577698	-105.8661790
56550390	560099567002	1	64450	42.8576379	-105.8658974
56550391	560099567002	1	100040	42.8573756	-105.8689100
56550392	560099567002	1	103500	42.8574617	-105.8682106
56550393	560099567002	1	64000	42.8568552	-105.8685535
56550394	560099567002	1	15500	42.8568120	-105.8691747
56550395	560099567002	1	95000	42.8572324	-105.8687232
56550396	560099567002	1	8200	42.8569888	-105.8687413
56550397	560099567002	1	71000	42.8570295	-105.8686624
56550398	560099567002	1	20000	42.8611596	-105.8822074
56550399	560099567002	1	14000	42.8601124	-105.8830621
56550400	560099567002	1	63650	42.8591984	-105.8689874
56550401	560099567002	1	22800	42.8597662	-105.8837328
56550402	560099567002	1	43000	42.8564619	-105.8737172
56550403	560099567002	1	103300	42.8595343	-105.8840044
56550404	560099567002	1	108200	42.8549333	-105.8437022
56550405	560099567002	1	853500	42.8548497	-105.8433778
56550406	560099567002	1	10000	42.8543073	-105.8430102
56550407	560099567002	1	18600	42.8543366	-105.8440251
56550408	560099567002	1	30000	42.8585264	-105.8693068
56550409	560099567002	1	62500	42.8583231	-105.8768165
56550410	560099567002	1	80000	42.8550763	-105.8706169
56550411	560099567002	1	12300	42.8553692	-105.8705180
56550412	560099567002	1	6200	42.8614488	-105.8818874
56550413	560099567002	1	78400	42.8612905	-105.8819732
56550414	560099567002	1	12000	42.8553038	-105.8703207
56550415	560099567002	1	72500	42.8550932	-105.8706953
56550416	560099567002	1	71090	42.8555999	-105.8711203
56550417	560099567002	1	30500	42.8582443	-105.8766321
56550418	560099567002	1	80000	42.8602260	-105.8744563
56550419	560099567002	1	14000	42.8601830	-105.8735312
56550420	560099567002	1	84600	42.8601874	-105.8740377
56550421	560099567002	1	40270	42.8584867	-105.8768613
56550422	560099567002	1	13200	42.8601191	-105.8740776
56550423	560099567002	1	131000	42.8600270	-105.8738219
56550424	560099567002	1	91000	42.8586987	-105.8690661
56550425	560099567002	1	78400	42.8607651	-105.8787527
56550426	560099567002	1	125000	42.8607884	-105.8795302
56550427	560099567002	1	35000	42.8581846	-105.8759428
56550428	560099567002	1	8500	42.8581736	-105.8760223
56550429	560099567002	1	65880	42.8610913	-105.8788878
56550430	560099567002	1	17500	42.8611190	-105.8786463
56550431	560099567002	1	38000	42.8606369	-105.8786888
56550432	560099567002	1	45860	42.8590743	-105.8692916
56550433	560099567002	1	61700	42.8567866	-105.8767021
56550434	560099567002	1	74600	42.8566156	-105.8777939
56550435	560099567002	1	95420	42.8565640	-105.8771098
56550436	560099567002	1	120000	42.8593846	-105.8689692
56550437	560099567002	1	118000	42.8564707	-105.8767023
56550438	560099567002	1	7500	42.8566182	-105.8766464
56550439	560099567002	1	44000	42.8572961	-105.8736725
56550440	560099567002	1	70000	42.8570786	-105.8715268
56550441	560099567002	1	78400	42.8577370	-105.8743243
56550442	560099567002	1	70000	42.8548838	-105.8680270
56550443	560099567002	1	3300	42.8602621	-105.8693356
56550444	560099567002	1	14730	42.8598979	-105.8693063
56550445	560099567002	1	92000	42.8595131	-105.8693483
56550446	560099567002	1	64700	42.8547005	-105.8685240
56550447	560099567002	1	64000	42.8602562	-105.8692806
56550448	560099567002	1	48000	42.8595013	-105.8687356
56550449	560099567002	1	89700	42.8574306	-105.8753101
56550450	560099567002	1	50000	42.8545643	-105.8688053
56550451	560099567002	1	4400	42.8546429	-105.8685717
56550452	560099567002	1	151400	42.8542282	-105.8680484
56550453	560099567002	1	138100	42.8579542	-105.8752879
56550454	560099567002	1	65000	42.8576791	-105.8746289
56550455	560099567002	1	73000	42.8579850	-105.8748401
56550456	560099567002	1	105000	42.8610239	-105.8732856
56550457	560099567002	1	70700	42.8613397	-105.8708920
56550458	560099567002	1	42000	42.8578520	-105.8713304
56550459	560099567002	1	52500	42.8576289	-105.8716609
56550460	560099567002	1	100400	42.8576893	-105.8715934
56550461	560099567002	1	2700	42.8613306	-105.8707910
56550462	560099567002	1	2400	42.8580870	-105.8714968
56550463	560099567002	1	45300	42.8583195	-105.8713476
56550464	560099567002	1	11000	42.8609796	-105.8724508
56550465	560099567002	1	11100	42.8596087	-105.8673787
56550466	560099567002	1	128000	42.8603239	-105.8673601
56550467	560099567002	1	151400	42.8599663	-105.8673450
56550468	560099567002	1	113000	42.8613989	-105.8729060
56550469	560099567002	1	78000	42.8603311	-105.8679711
56550470	560099567002	1	47304	42.8598323	-105.8678683
56550471	560099567002	1	24000	42.8578155	-105.8740382
56550472	560099567002	1	67500	42.8611742	-105.8799976
56550473	560099567002	1	62110	42.8557277	-105.8669040
56550474	560099567002	1	140000	42.8569827	-105.8706156
56550475	560099567002	1	65000	42.8573305	-105.8712653
56550476	560099567002	1	93400	42.8565687	-105.8714005
56550477	560099567002	1	80700	42.8556510	-105.8666484
56550478	560099567002	1	89000	42.8565785	-105.8712206
56550479	560099567002	1	84400	42.8552936	-105.8668142
56550480	560099567002	1	53000	42.8603765	-105.8799447
56550481	560099567002	1	10000	42.8605033	-105.8690826
56550482	560099567002	1	125000	42.8551989	-105.8668423
56550483	560099567002	1	134800	42.8604558	-105.8688831
56550484	560099567002	1	70000	42.8604525	-105.8806060
56550485	560099567002	1	22700	42.8604637	-105.8688551
56550486	560099567002	1	279500	42.8608476	-105.8686114
56550487	560099567002	1	96000	42.8576528	-105.8731138
56550488	560099567002	1	95000	42.8607663	-105.8780511
56550489	560099567002	1	86900	42.8607184	-105.8595736
56550490	560099567002	1	5200	42.8605283	-105.8800916
56550491	560099567002	1	107300	42.8609191	-105.8589280
56550492	560099567002	1	65000	42.8607694	-105.8777351
56550493	560099567002	1	15500	42.8606507	-105.8595075
56550494	560099567002	1	65200	42.8602084	-105.8589084
56550495	560099567002	1	51500	42.8577743	-105.8741530
56550496	560099567002	1	100000	42.8578636	-105.8725650
56550497	560099567002	1	154600	42.8607638	-105.8779139
56550498	560099567002	1	16900	42.8611341	-105.8774358
56550499	560099567002	1	55000	42.8575782	-105.8725558
56550500	560099567002	1	141200	42.8575354	-105.8722320
56550501	560099567002	1	57300	42.8575925	-105.8724309
56550502	560099567002	1	92000	42.8592939	-105.8810963
56550503	560099567002	1	82000	42.8601012	-105.8781082
56550504	560099567002	1	236100	42.8602782	-105.8822543
56550505	560099567002	1	86040	42.8603028	-105.8756560
56550506	560099567002	1	93600	42.8588084	-105.8677978
56550507	560099567002	1	59050	42.8566837	-105.8734757
56550508	560099567002	1	21030	42.8570094	-105.8734068
56550509	560099567002	1	134400	42.8586290	-105.8677556
56550510	560099567002	1	174000	42.8564855	-105.8731295
56550511	560099567002	1	136900	42.8587138	-105.8674878
56550512	560099567002	1	77500	42.8599786	-105.8757120
56550513	560099567002	1	14600	42.8605842	-105.8809101
56550514	560099567002	1	41280	42.8593206	-105.8675004
56550515	560099567002	1	2800	42.8605669	-105.8810949
56550516	560099567002	1	49550	42.8603513	-105.8746768
56550517	560099567002	1	70000	42.8605915	-105.8813926
56550518	560099567002	1	54200	42.8608964	-105.8814385
56550519	560099567002	1	28200	42.8605778	-105.8823332
56550520	560099567002	1	47700	42.8593299	-105.8758857
56550521	560099567002	1	50060	42.8599173	-105.8768015
56550522	560099567002	1	50060	42.8602643	-105.8755701
56550523	560099567002	1	1400	42.8605493	-105.8763134
56550524	560099567002	1	55000	42.8594572	-105.8768558
56550525	560099567002	1	76000	42.8597318	-105.8767462
56550526	560099567002	1	85000	42.8604886	-105.8767441
56550527	560099567002	1	150000	42.8604041	-105.8830450
56550528	560099567002	1	11700	42.8590268	-105.8770961
56550529	560099567002	1	58800	42.8593974	-105.8758136
56550530	560099567002	1	42000	42.8595337	-105.8766734
56550531	560099567002	1	60600	42.8592814	-105.8779963
56550532	560099567002	1	52700	42.8591424	-105.8780684
56550533	560099567002	1	131000	42.8593920	-105.8774594
56550534	560099567002	1	285000	42.8560972	-105.8781276
56550535	560099567002	1	63200	42.8603260	-105.8787283
56550536	560099567002	1	22700	42.8612149	-105.8740487
56550537	560099567002	1	58000	42.8513463	-105.8711702
56550538	560099567002	1	103000	42.8606965	-105.8822116
56550539	560099567002	1	18700	42.8513088	-105.8709177
56550540	560099567002	1	57650	42.8609069	-105.8740576
56550541	560099567002	1	45860	42.8511928	-105.8718852
56550542	560099567002	1	81000	42.8513570	-105.8720277
56550543	560099567002	1	65400	42.8599114	-105.8786180
56550544	560099567002	1	59000	42.8604311	-105.8584948
56550545	560099567002	1	90000	42.8608274	-105.8578813
56550546	560099567002	1	95050	42.8606319	-105.8581270
56550547	560099567002	1	60400	42.8584032	-105.8654916
56550548	560099567002	1	22500	42.8579261	-105.8649863
56550549	560099567002	1	87000	42.8583992	-105.8647211
56550550	560099567002	1	40500	42.8565447	-105.8785692
56550551	560099567002	1	14400	42.8605099	-105.8673074
56550552	560099567002	1	70410	42.8567919	-105.8724674
56550553	560099567002	1	8400	42.8600672	-105.8787202
56550554	560099567002	1	77900	42.8569376	-105.8719075
56550555	560099567002	1	112700	42.8610701	-105.8677467
56550556	560099567002	1	47000	42.8573246	-105.8722467
56550557	560099567002	1	86000	42.8612815	-105.8675839
56550558	560099567002	1	90000	42.8567986	-105.8779731
56550559	560099567002	1	63450	42.8539503	-105.8675150
56550560	560099567002	1	84500	42.8538213	-105.8664924
56550561	560099567002	1	58600	42.8535108	-105.8665877
56550562	560099567002	1	37400	42.8561660	-105.8764090
56550563	560099567002	1	70000	42.8566959	-105.8759871
56550564	560099567002	1	96700	42.8564949	-105.8755511
56550565	560099567002	1	80000	42.8588239	-105.8818007
56550566	560099567002	1	78000	42.8592171	-105.8731396
56550567	560099567002	1	74000	42.8543679	-105.8426200
56550568	560099567002	2	157500	42.8579066	-105.8771233
56550569	560099567002	1	42800	42.8577535	-105.8761252
56550570	560099567002	1	49200	42.8601489	-105.8776038
56550571	560099567002	1	70900	42.8598712	-105.8771515
56550572	560099567002	1	80000	42.8581720	-105.8777133
56550573	560099567002	1	51000	42.8572125	-105.8764710
56550574	560099567002	1	51000	42.8571976	-105.8760496
56550575	560099567002	1	24000	42.8552694	-105.8764173
56550576	560099567002	1	113000	42.8568600	-105.8749681
56550577	560099567002	1	71000	42.8585614	-105.8773583
56550578	560099567002	1	72000	42.8564148	-105.8743013
56550579	560099567002	1	52000	42.8552772	-105.8772525
56550580	560099567002	1	45000	42.8566741	-105.8748219
56550581	560099567002	1	103050	42.8555384	-105.8768148
56550582	560099567002	1	82200	42.8612313	-105.8723043
56550583	560099567002	1	58100	42.8589762	-105.8754999
56550584	560099567002	1	74600	42.8582394	-105.8755765
56550585	560099567002	1	75000	42.8549585	-105.8422478
56550586	560099567002	1	65400	42.8547088	-105.8420087
56550587	560099567002	1	52500	42.8595887	-105.8753705
56550588	560099567002	1	35200	42.8582070	-105.8752471
56550589	560099567002	1	74600	42.8587587	-105.8751082
56550590	560099567002	1	21030	42.8588425	-105.8730858
56550591	560099567002	1	122000	42.8583570	-105.8732522
56550592	560099567002	1	71000	42.8596643	-105.8748564
56550593	560099567002	1	85500	42.8587155	-105.8733868
56550594	560099567002	1	130800	42.8591284	-105.8723557
56550595	560099567002	1	4800	42.8584447	-105.8740411
56550596	560099567002	1	21100	42.8591331	-105.8724428
56550597	560099567002	1	65400	42.8613130	-105.8758012
56550598	560099567002	1	11800	42.8595778	-105.8802213
56550599	560099567002	1	150000	42.8570191	-105.8772933
56550600	560099567002	1	23000	42.8596142	-105.8743315
56550601	560099567002	1	95100	42.8595080	-105.8721784
56550602	560099567002	1	50000	42.8594431	-105.8728762
56550603	560099567002	1	116500	42.8574797	-105.8777959
56550604	560099567002	1	59000	42.8593124	-105.8743733
56550605	560099567002	1	13000	42.8598448	-105.8736541
56550606	560099567002	1	20100	42.8596885	-105.8807115
56550607	560099567002	1	50070	42.8543044	-105.8666637
56550608	560099567002	1	51000	42.8576937	-105.8770052
56550609	560099567002	1	15000	42.8545567	-105.8671400
56550610	560099567002	1	176800	42.8565373	-105.8565722
56550611	560099567002	1	63000	42.8549259	-105.8671611
56550612	560099567002	1	135200	42.8563143	-105.8557006
56550613	560099567002	1	24000	42.8608863	-105.8559729
56550614	560099567002	1	12000	42.8536414	-105.8404953
56550615	560099567002	1	88370	42.8556077	-105.8681621
56550616	560099567002	1	69000	42.8607739	-105.8667476
56550617	560099567002	1	153800	42.8611872	-105.8667103
56550618	560099567002	1	117200	42.8570836	-105.8782702
56550619	560099567002	1	38000	42.8556858	-105.8684593
56550620	560099567002	1	89000	42.8570520	-105.8790611
56550621	560099567002	1	65050	42.8523958	-105.8667982
56550622	560099567002	1	62400	42.8551160	-105.8750261
56550623	560099567002	1	50500	42.8539820	-105.8412688
56550624	560099567002	1	197400	42.8551288	-105.8739467
56550625	560099567002	1	82750	42.8531322	-105.8662206
56550626	560099567002	1	94300	42.8557971	-105.8754908
56550627	560099567002	1	60000	42.8558921	-105.8757404
56550628	560099567002	1	153800	42.8542499	-105.8618416
56550629	560099567002	1	67000	42.8588697	-105.8821592
56550630	560099567002	1	65000	42.8550078	-105.8619600
56550631	560099567002	1	95000	42.8591371	-105.8828988
56550632	560099567002	1	85000	42.8586143	-105.8838497
56550633	560099567002	1	60000	42.8585177	-105.8543493
56550634	560099567002	1	1100	42.8587936	-105.8838096
56550635	560099567002	1	88610	42.8588580	-105.8522601
56550636	560099567002	1	150000	42.8597450	-105.8580818
56550637	560099567002	1	57100	42.8595676	-105.8574509
56550638	560099567002	1	23000	42.8560425	-105.8577232
56550639	560099567002	1	106100	42.8592872	-105.8782756
56550640	560099567002	1	75000	42.8551573	-105.8774972
56550641	560099567002	1	47700	42.8588513	-105.8786633
56550642	560099567002	1	90400	42.8548813	-105.8773154
56550643	560099567002	1	81000	42.8546484	-105.8756385
56550644	560099567002	1	9200	42.8549814	-105.8755805
56550645	560099567002	1	14000	42.8599479	-105.8817221
56550646	560099567002	1	53300	42.8598797	-105.8819215
56550647	560099567002	1	8200	42.8563328	-105.8569215
56550648	560099567002	1	30000	42.8610448	-105.8644963
56550649	560099567002	1	85000	42.8556230	-105.8567991
56550650	560099567002	1	340700	42.8541333	-105.8419642
56550651	560099567002	1	82300	42.8607282	-105.8616196
56550652	560099567002	1	49000	42.8589774	-105.8797423
56550653	560099567002	1	35000	42.8593920	-105.8796595
56550654	560099567002	1	8500	42.8595541	-105.8596840
56550655	560099567002	1	127000	42.8607516	-105.8607549
56550656	560099567002	1	54000	42.8549401	-105.8576757
56550657	560099567002	1	103000	42.8580670	-105.8550089
56550658	560099567002	1	68090	42.8591582	-105.8632962
56550659	560099567002	1	43000	42.8612822	-105.8656115
56550660	560099567002	1	60500	42.8532056	-105.8412802
56550661	560099567002	1	55000	42.8563073	-105.8525284
56550662	560099567002	1	93200	42.8563336	-105.8650532
56550663	560099567002	1	70000	42.8551854	-105.8587418
56550664	560099567002	1	35150	42.8560556	-105.8541693
56550665	560099567002	1	268000	42.8596125	-105.8534259
56550666	560099567002	1	60000	42.8565194	-105.8553854
56550667	560099567002	1	11300	42.8598895	-105.8705629
56550668	560099567002	2	157500	42.8551438	-105.8778562
56550669	560099567002	1	14600	42.8594300	-105.8551991
56550670	560099567002	1	48750	42.8609914	-105.8702337
56550671	560099567002	1	83000	42.8545884	-105.8562213
56550672	560099567002	1	27800	42.8550562	-105.8785409
56550673	560099567002	1	11200	42.8558541	-105.8745860
56550674	560099567002	1	192900	42.8607567	-105.8762237
56550675	560099567002	1	45800	42.8594509	-105.8537849
56550676	560099567002	1	117600	42.8599189	-105.8563095
56550677	560099567002	1	25900	42.8557394	-105.8561575
56550678	560099567002	1	23000	42.8542723	-105.8566625
56550679	560099567002	1	75000	42.8533963	-105.8434184
56550680	560099567002	1	78700	42.8337409	-105.8146142
