sp_id	sp_hh_id	age	sex	race	relate	school_id	work_id
164172477	56089539	51	M	1	0	X	517507179
164172478	56089539	50	F	1	1	X	X
164172496	56090007	50	F	1	1	X	X
164172497	56090007	23	F	1	2	X	X
164172523	56089664	50	F	1	1	X	X
164172537	56091527	51	M	1	0	X	517506256
164632760	56088964	52	M	1	0	X	517508002
164632761	56088964	49	F	1	1	X	517507212
164632794	56090247	52	M	1	0	X	517507680
164632795	56090247	49	F	1	1	X	517507431
164645649	56088326	11	F	1	2	450093610	X
164645650	56088326	10	F	1	2	450093610	X
164645651	56088326	45	M	1	0	X	517508792
164645657	56090802	11	F	1	2	450101788	X
164645661	56091808	11	F	1	2	450101788	X
164645662	56091808	10	F	1	2	450088468	X
164645663	56091808	45	M	1	0	X	517506451
164645664	56091808	29	F	1	1	X	517506451
164645669	56088919	11	F	1	2	450093610	X
164645670	56088919	10	F	1	2	450093610	X
164645671	56088919	45	M	1	0	X	517507213
164645682	56090541	10	F	1	2	450088468	X
164645686	56089838	10	F	1	2	450093610	X
164645688	56089838	29	F	1	1	X	517508082
164739212	56090579	48	F	1	0	X	517376519
164739214	56090579	18	M	1	2	450097562	X
164935667	56091165	2	M	1	2	X	X
165168790	56089812	27	F	1	0	X	517508804
165168791	56089812	36	F	1	9	X	517508166
165529864	56091400	29	M	1	1	X	X
165529865	56091400	2	M	1	2	X	X
165600289	56093427	10	F	1	2	450097561	X
165600291	56093427	5	F	1	2	450097561	X
165600304	56089210	10	F	1	2	450093610	X
165600305	56089210	8	M	1	2	450093610	X
165600306	56089210	5	F	1	2	450088468	X
165600308	56089210	5	F	1	2	450088468	X
165600309	56091858	10	F	1	2	450088468	X
165600310	56091858	8	M	1	2	450088468	X
165600311	56091858	5	F	1	2	450088468	X
165669049	56089479	27	M	1	0	X	517508727
165669085	56094090	27	M	1	0	X	517423759
165669089	56091477	27	M	1	0	X	517506451
165669091	56092531	27	M	1	0	X	517432368
165707538	56093299	73	M	1	0	X	517423767
165831010	56088438	36	M	1	0	X	517508871
165831011	56088438	35	F	1	1	X	517506262
165831034	56087904	36	M	1	0	X	517507220
165831035	56087904	35	F	1	1	X	517662850
165831036	56087904	13	M	1	2	450093610	X
165852057	56091277	1	F	1	2	X	X
165852058	56091277	4	F	1	2	X	X
165852059	56091277	27	F	1	0	X	517506332
165852076	56091393	29	M	1	1	X	517423584
165852078	56091393	4	F	1	2	X	X
165852079	56091393	27	F	1	0	X	517506451
165982651	56093914	14	M	1	2	450067304	X
166042878	56087882	73	M	1	0	X	X
166042879	56087882	62	F	1	1	X	X
166263825	56092271	60	M	1	0	X	X
166263826	56093182	60	M	1	0	X	X
166278481	56091333	5	F	1	2	450066968	X
166278482	56091333	39	F	1	0	X	X
166278483	56091333	38	M	1	1	X	517506451
166278485	56091333	17	M	1	2	450097562	517506438
166278537	56091037	39	F	1	0	X	X
166278538	56091037	38	M	1	1	X	517376524
166278539	56091037	14	F	1	2	450097562	X
166278540	56091037	17	M	1	2	450097562	517506396
166278601	56088174	5	F	1	2	450066968	X
166278602	56088174	39	F	1	0	X	X
166278604	56088174	14	F	1	2	450097562	X
166278605	56088174	17	M	1	2	450097562	517506380
166278609	56087841	14	F	1	2	450097562	X
166278611	56092183	5	F	1	2	450066968	X
166278612	56092183	39	F	1	0	X	X
166278615	56092183	17	M	1	2	450097562	517506451
166278637	56091145	39	F	1	0	X	X
166278692	56089541	39	F	1	0	X	X
166278694	56089541	14	F	1	2	450097562	X
166278695	56089541	17	M	1	2	450097562	517508242
166278746	56090203	5	F	1	2	450066968	X
166278747	56090203	39	F	1	0	X	X
166278750	56090203	17	M	1	2	450097562	517506715
166278768	56091258	38	M	1	1	X	517506364
166278769	56091258	14	F	1	2	450097562	X
166302622	56090987	58	F	1	0	X	X
166674234	56089219	53	F	1	0	X	517507424
166674242	56088758	53	F	1	0	X	517506680
166674265	56092576	53	F	1	0	X	517432484
166744591	56089300	3	M	1	2	X	X
166744593	56090036	3	M	1	2	X	X
166744594	56090036	48	M	1	0	X	517508357
166744603	56093311	3	M	1	2	X	X
166744604	56093311	48	M	1	0	X	517423669
166744614	56088870	48	M	1	0	X	517507179
166744621	56092725	3	M	1	2	X	X
166744625	56088875	3	M	1	2	X	X
166744632	56092791	48	M	1	0	X	517432368
166788093	56093483	52	M	1	12	X	517423759
166788094	56093483	57	F	1	1	X	517423815
166788099	56090417	63	M	1	0	X	517507580
166788100	56090417	29	M	1	12	X	X
166788102	56090417	57	F	1	1	X	517662850
166788115	56093376	63	M	1	0	X	517423640
166788116	56093376	29	M	1	12	X	X
166788117	56093376	52	M	1	12	X	517423718
166788123	56093548	63	M	1	0	X	517423723
166788124	56093548	29	M	1	12	X	X
166788125	56093548	52	M	1	12	X	517423821
166788175	56091267	63	M	1	0	X	517506422
166788176	56091267	29	M	1	12	X	X
166788177	56091267	52	M	1	12	X	517506683
166788226	56093316	57	F	1	1	X	517423832
166788230	56093533	57	F	1	1	X	517432368
166788248	56090852	29	M	1	12	X	X
166788250	56090852	57	F	1	1	X	517506451
166788275	56094005	63	M	1	0	X	517423593
166788276	56094005	29	M	1	12	X	X
166788288	56089395	29	M	1	12	X	X
166788290	56089395	57	F	1	1	X	517508775
166788303	56091009	63	M	1	0	X	517506451
166788306	56091009	57	F	1	1	X	517506380
166994945	56090557	46	F	1	1	X	517506451
166994946	56090557	14	M	1	2	450097562	X
167252112	56092698	20	F	1	5	X	X
167252114	56090569	4	F	1	5	450094430	X
167252115	56090569	20	F	1	5	X	X
167252116	56090569	55	F	1	0	X	517506238
167343426	56088622	0	M	1	5	X	X
167343429	56088622	8	F	1	2	450093610	X
167343430	56088622	14	F	1	2	450093610	X
167343431	56088622	20	F	1	2	X	X
167343432	56088622	47	M	1	1	X	X
167343434	56088622	7	M	1	7	450088468	X
167343437	56091025	0	M	1	5	X	X
167343439	56091025	6	M	1	2	450088468	X
167343440	56091025	8	F	1	2	450088468	X
167343441	56091025	14	F	1	2	450101788	X
167343442	56091025	20	F	1	2	X	X
167343445	56091025	7	M	1	7	450088468	X
167343468	56091208	2	M	1	7	X	X
167343469	56091208	16	F	1	7	450097562	X
167343470	56091208	0	M	1	5	X	X
167343471	56091208	41	F	1	3	X	X
167343472	56091208	6	M	1	2	450088468	X
167343473	56091208	8	F	1	2	450088468	X
167343491	56090076	16	F	1	7	450097562	X
167343492	56090076	0	M	1	5	X	X
167343493	56090076	41	F	1	3	X	X
167343495	56090076	8	F	1	2	450093610	X
167343503	56091207	0	M	1	5	X	X
167343505	56091207	6	M	1	2	450088468	X
167343508	56091207	20	F	1	2	X	X
167343578	56091362	2	M	1	7	X	X
167343583	56091362	8	F	1	2	450088468	X
167343584	56091362	14	F	1	2	450101788	X
167343585	56091362	20	F	1	2	X	X
167343613	56091810	0	M	1	5	X	X
167343614	56091810	41	F	1	3	X	X
167343615	56091810	6	M	1	2	450088468	X
167343618	56091810	20	F	1	2	X	X
167343619	56091810	47	M	1	1	X	X
167343644	56090273	2	M	1	7	X	X
167343645	56090273	16	F	1	7	450097562	X
167343647	56090273	41	F	1	3	X	X
167343649	56090273	8	F	1	2	450093610	X
167343650	56090273	14	F	1	2	450093610	X
167343651	56090273	20	F	1	2	X	X
167343653	56090273	36	F	1	0	X	X
167343745	56089226	0	M	1	5	X	X
167343750	56089226	20	F	1	2	X	X
167343751	56089226	47	M	1	1	X	X
167343776	56093799	2	M	1	7	X	X
167343778	56093799	0	M	1	5	X	X
167343779	56093799	41	F	1	3	X	X
167343781	56093799	8	F	1	2	450097561	X
167343783	56093799	20	F	1	2	X	X
167343784	56093799	47	M	1	1	X	X
167343785	56093799	36	F	1	0	X	X
167343786	56093799	7	M	1	7	450097561	X
167343853	56092118	2	M	1	7	X	X
167343855	56092118	0	M	1	5	X	X
167343856	56092118	41	F	1	3	X	X
167343858	56092118	8	F	1	2	450101788	X
167343859	56092118	14	F	1	2	450101788	X
167343861	56092118	47	M	1	1	X	X
167343862	56092118	36	F	1	0	X	X
167343863	56092118	7	M	1	7	450088468	X
167343955	56093618	41	F	1	3	X	X
167343960	56093618	47	M	1	1	X	X
167343961	56093618	36	F	1	0	X	X
167343962	56093618	7	M	1	7	450097561	X
167343976	56088923	0	M	1	5	X	X
167343979	56088923	8	F	1	2	450093610	X
167343980	56088923	14	F	1	2	450093610	X
167343981	56088923	20	F	1	2	X	X
167343983	56088923	36	F	1	0	X	X
167344084	56092527	2	M	1	7	X	X
167344085	56092527	16	F	1	7	450097562	X
167344086	56092527	0	M	1	5	X	X
167344087	56092527	41	F	1	3	X	X
167344089	56092527	8	F	1	2	450091630	X
167344091	56092527	20	F	1	2	X	X
167344092	56092527	47	M	1	1	X	X
167344093	56092527	36	F	1	0	X	X
167344094	56092527	7	M	1	7	450091630	X
167344106	56090420	2	M	1	7	X	X
167344109	56090420	41	F	1	3	X	X
167344110	56090420	6	M	1	2	450088468	X
167344111	56090420	8	F	1	2	450093610	X
167344113	56090420	20	F	1	2	X	X
167344116	56090420	7	M	1	7	450088468	X
167344117	56088864	2	M	1	7	X	X
167344120	56088864	41	F	1	3	X	X
167344121	56088864	6	M	1	2	450088468	X
167344125	56088864	47	M	1	1	X	X
167344126	56088864	36	F	1	0	X	X
167344127	56088864	7	M	1	7	450088468	X
167344175	56092992	41	F	1	3	X	X
167344176	56092992	6	M	1	2	450097561	X
167344179	56092992	20	F	1	2	X	X
167344185	56091954	0	M	1	5	X	X
167344186	56091954	41	F	1	3	X	X
167344190	56091954	20	F	1	2	X	X
167344193	56091954	7	M	1	7	450088468	X
167344216	56093953	2	M	1	7	X	X
167344218	56093953	0	M	1	5	X	X
167344220	56093953	6	M	1	2	450097561	X
167344221	56093953	8	F	1	2	450097561	X
167344222	56093953	14	F	1	2	450097563	X
167344224	56093953	47	M	1	1	X	X
167408480	56089467	59	M	1	0	X	X
167494469	56090590	67	F	1	0	X	517506380
167511354	56090684	85	M	1	0	X	X
167628327	56091794	6	F	1	2	450088468	X
167628346	56090979	30	M	1	0	X	517423593
167628359	56091955	6	F	1	2	450088468	X
167628362	56091955	30	M	1	0	X	517506451
167886571	56092726	84	M	1	0	X	X
167886578	56092658	84	M	1	0	X	X
167886603	56089951	84	M	1	0	X	X
167886606	56090173	84	M	1	0	X	X
168164585	56090305	74	M	1	0	X	X
168164590	56088087	74	M	1	0	X	X
168169184	56090108	74	M	1	0	X	X
168169189	56092862	74	F	1	1	X	X
168374381	56091398	79	F	1	1	X	X
168555086	56091537	16	F	1	2	450097562	X
168555087	56091537	13	F	1	2	450101788	X
168555088	56091537	50	F	1	1	X	517423649
168555142	56089145	16	F	1	2	450097562	X
168555206	56089430	16	F	1	2	450097562	X
168555207	56089430	13	F	1	2	450093610	X
168555208	56089430	50	F	1	1	X	517507427
168555209	56089430	48	M	1	0	X	517508229
168651109	56090333	48	M	1	0	X	517507500
168651154	56091886	48	M	1	0	X	517506451
168651156	56091886	47	F	1	1	X	517506223
168651458	56094121	32	M	1	10	X	517423664
168651460	56094121	26	F	1	0	X	517423669
168754273	56090363	74	M	1	0	X	X
168883963	56088249	66	M	1	0	X	517506650
168883964	56088249	66	F	1	1	X	517506558
168973536	56094287	28	M	1	0	X	513096707
168973539	56094287	27	F	1	1	X	X
169377491	56091232	42	M	1	1	X	517506422
169377494	56091232	44	F	1	0	X	517506451
169685377	56094493	22	M	1	2	X	517423593
169685378	56094493	41	M	1	2	X	517423759
169685380	56094493	61	F	1	1	X	X
169685385	56092815	22	M	1	2	X	517432482
169685386	56092815	41	M	1	2	X	517432368
169685387	56092815	58	M	1	0	X	X
169685388	56092815	61	F	1	1	X	X
169685408	56090829	61	F	1	1	X	X
169685409	56087965	22	M	1	2	X	517507826
169685414	56089688	41	M	1	2	X	517506868
169685416	56089688	61	F	1	1	X	X
169685575	56088103	58	M	1	0	X	X
169685576	56088103	61	F	1	1	X	X
169685589	56094134	22	M	1	2	X	517423531
169799281	56093118	53	F	9	1	X	X
169799282	56093118	62	M	1	0	X	X
169799303	56089326	53	F	9	1	X	X
169799304	56089326	62	M	1	0	X	X
169962326	56088260	58	M	1	0	X	517507212
170096753	56094429	46	F	1	1	X	517423669
170096761	56094388	46	F	1	1	X	517423693
170096813	56094278	46	F	1	1	X	517423580
170110977	56093992	55	M	1	0	X	517423718
170110986	56089313	53	F	1	1	X	517506451
170110988	56092278	53	F	1	1	X	517506635
170110989	56092467	55	M	1	0	X	506926769
170110990	56092467	53	F	1	1	X	517507248
170390243	56091028	70	M	1	0	X	X
170390257	56093082	70	M	1	0	X	X
170390264	56087826	64	F	1	1	X	X
170390269	56089847	70	M	1	0	X	X
170562896	56091291	52	F	1	1	X	517506451
170603158	56092560	72	M	1	0	X	X
170603159	56092560	69	F	1	1	X	X
170603168	56093865	72	M	1	0	X	X
170603169	56093865	69	F	1	1	X	X
170603172	56089720	72	M	1	0	X	X
170603190	56087930	72	M	1	0	X	X
170603191	56087930	69	F	1	1	X	X
170706444	56087865	37	M	1	0	X	517506713
170709962	56089308	56	F	1	1	X	517507444
170709968	56089443	56	F	1	1	X	517508726
170709978	56089660	56	F	1	1	X	517507192
170709979	56089660	59	M	1	0	X	517507432
170709990	56088956	56	F	1	1	X	517506722
170709995	56090292	59	M	1	0	X	517507459
170760971	56093884	51	F	1	0	X	517423759
170760972	56093142	51	F	1	0	X	517379616
170760980	56090816	51	F	1	0	X	506926668
170760992	56091051	51	F	1	0	X	517506451
170761033	56091604	51	F	1	0	X	517506238
170761044	56094660	51	F	1	0	X	517423536
170761050	56093691	51	F	1	0	X	517423759
170876387	56087955	65	F	1	1	X	X
170876388	56087955	66	M	1	0	X	X
171002812	56089700	81	F	1	0	X	X
171002817	56089998	81	F	1	0	X	X
171066680	56091441	63	F	1	0	X	517506451
171066681	56091441	67	M	1	10	X	X
171104168	56094349	51	M	1	0	X	517423593
171104170	56094349	45	F	1	1	X	517423528
171104171	56088665	51	M	1	0	X	517506741
171104202	56091654	18	M	1	2	450097562	517506280
171322531	56094266	24	M	1	0	X	517423593
171322534	56089408	24	M	1	0	X	517662865
171489243	56089025	46	M	1	1	X	X
171489244	56089025	39	F	1	0	X	517506880
171489245	56089025	7	M	1	2	450093610	X
171489246	56089025	15	F	1	2	450097562	X
171489260	56090149	39	F	1	0	X	517507236
171489262	56090149	15	F	1	2	450097562	X
171489300	56090204	39	F	1	0	X	517508415
171489302	56090204	15	F	1	2	450097562	X
171584803	56090823	48	M	1	1	X	X
171584805	56090823	16	M	1	2	450097562	517506451
171584818	56089185	58	F	1	0	X	517506291
171584821	56092151	16	M	1	2	450097562	517506396
171584822	56092151	58	F	1	0	X	517506451
171584855	56091597	48	M	1	1	X	X
171584868	56090840	17	M	1	2	450097562	517506451
171584870	56090840	58	F	1	0	X	517506451
171584892	56089634	17	M	1	2	450097562	517508110
171584894	56089634	58	F	1	0	X	517508189
171584922	56091257	58	F	1	0	X	517506238
171844782	56088915	43	M	1	0	X	517506671
171844788	56091844	43	M	1	0	X	517506451
171844804	56093853	43	M	1	0	X	517423661
171844808	56093471	43	M	1	0	X	517423759
171911781	56091292	44	F	1	0	X	X
171911785	56088519	44	F	1	0	X	X
172035660	56094525	64	F	1	0	X	517423669
172085398	56087836	71	M	1	0	X	517508066
172085399	56087836	59	F	1	1	X	517506451
172146369	56090889	48	M	1	0	X	517506451
172146407	56093651	48	M	1	0	X	517423643
172146453	56093756	48	M	1	0	X	517423759
172146461	56094035	48	M	1	0	X	517423536
172146484	56094620	48	M	1	3	X	517423593
172146485	56094620	48	M	1	0	X	517423564
172146490	56093063	48	M	1	3	X	517423534
172146491	56093063	48	M	1	0	X	517432305
172146514	56091074	48	M	1	3	X	517506319
172146515	56091074	48	M	1	0	X	517506451
172146516	56093095	48	M	1	3	X	517432452
172146517	56093095	48	M	1	0	X	517432295
172146541	56089122	48	M	1	0	X	517662794
172146544	56090953	48	M	1	3	X	517506369
172160642	56093448	9	M	1	2	450097561	X
172160644	56093448	39	F	1	1	X	517423684
172160646	56093448	42	M	1	0	X	517423650
172333623	56089502	62	F	1	1	X	517508258
172422658	56089766	73	M	1	0	X	X
172422659	56089766	69	F	1	1	X	X
172422661	56089766	32	M	1	2	X	517508727
172422698	56092279	3	M	1	5	X	X
172422702	56092279	32	F	1	2	X	517506695
172422703	56092279	32	M	1	2	X	517506451
172560268	56093810	9	F	1	2	450097561	X
172560269	56093810	5	M	1	2	450097561	X
172572898	56088776	81	F	1	0	X	X
172572901	56091177	81	F	1	0	X	X
172572904	56092714	81	F	1	0	X	X
172633477	56093908	2	M	1	2	X	X
172633478	56093908	40	F	1	0	X	517423581
172633479	56093908	39	M	1	1	X	517423669
172633485	56091577	2	M	1	2	X	X
172633486	56091577	40	F	1	0	X	517506451
172903115	56094581	51	F	1	1	X	517423822
172903116	56094581	67	M	1	0	X	X
172903121	56088202	51	F	1	1	X	517507235
172903988	56090609	1	F	1	2	X	X
172903992	56090609	25	F	1	0	X	X
172910752	56091846	7	M	1	2	450088468	X
172910753	56091846	33	F	1	0	X	517506451
172910756	56091846	13	M	1	2	450101788	X
172910772	56087948	7	M	1	2	450093610	X
172910775	56087948	9	M	1	2	450093610	X
172910777	56091736	7	M	1	2	450088468	X
172910779	56091736	41	M	1	1	X	517506478
172910780	56091736	9	M	1	2	450088468	X
172910781	56091736	13	M	1	2	450101788	X
172910802	56093760	7	M	1	2	450097561	X
172910803	56093760	33	F	1	0	X	517423707
172910805	56093760	9	M	1	2	450097561	X
172910806	56093760	13	M	1	2	450097563	X
172910807	56091610	7	M	1	2	450088468	X
172910808	56091610	33	F	1	0	X	517506451
172910809	56091610	41	M	1	1	X	517506288
173130574	56089867	70	M	1	0	X	517506451
173130575	56092724	62	F	1	1	X	517423525
173537194	56093538	28	M	1	2	X	517416070
173537199	56089846	19	M	1	2	X	X
173771773	56092398	74	F	1	0	X	517506451
173782199	56090924	84	M	1	0	X	X
174320031	56091013	52	M	1	0	X	517506352
174380913	56090909	84	F	1	1	X	X
174380915	56090909	88	M	1	0	X	X
174380930	56090663	88	M	1	0	X	X
174380936	56093275	88	M	1	0	X	X
174462549	56090335	14	F	1	2	450097562	X
174462551	56090335	47	M	1	0	X	517506238
174462565	56090743	14	F	1	2	450097562	X
174462588	56094110	12	F	1	2	450097563	X
174462591	56094110	47	M	1	0	X	517507189
174462629	56093723	14	F	1	2	450097562	X
174462631	56093723	47	M	1	0	X	517423604
174462645	56089709	14	F	1	2	450097562	X
174462646	56089709	48	F	1	1	X	517506674
174462647	56089709	47	M	1	0	X	517508578
174464366	56088119	49	M	1	0	X	517506659
174464367	56088119	48	F	1	1	X	517507224
174473140	56093310	92	F	1	0	X	X
174493728	56094629	40	F	1	1	X	517423735
174493737	56094359	43	M	1	0	X	517423593
174493738	56094359	13	F	1	2	450097563	X
174493739	56094359	15	F	1	2	450097562	X
174493740	56094359	40	F	1	1	X	517423759
174497702	56088381	45	M	1	0	X	517506451
174497704	56088381	34	F	1	1	X	X
174497769	56091105	2	M	1	2	X	X
174497770	56091105	45	M	1	0	X	517506451
174497772	56091105	34	F	1	1	X	X
174510295	56088351	36	M	1	0	X	517508497
174510296	56091140	36	M	1	0	X	517506451
174510323	56091125	36	M	1	0	X	517506757
174510331	56091117	36	M	1	0	X	517506451
174510338	56091218	36	M	1	0	X	517506451
174603610	56088782	48	M	1	1	X	517506406
174603611	56088782	46	F	1	0	X	517663314
174772273	56090546	74	F	1	0	X	X
174865074	56092708	46	F	1	1	X	X
174865075	56092708	48	M	1	0	X	517432447
174865076	56089480	10	M	1	2	450101788	X
174865082	56093973	10	M	1	2	450097563	X
174865083	56093973	46	F	1	1	X	X
175660265	56094101	53	M	1	0	X	517423775
175660266	56094101	49	F	1	1	X	517423593
176074728	56089751	44	F	1	0	X	517507974
176216537	56089869	51	F	1	0	X	517506300
176216569	56088771	51	F	1	0	X	517507189
176268910	56088109	12	F	1	2	450093610	X
176496312	56094509	26	M	1	0	X	517423589
176587957	56088175	56	M	1	1	X	517508002
176732760	56088127	76	F	1	0	X	517507431
177014761	56092084	65	F	1	0	X	X
177014769	56092782	65	F	1	0	X	X
177036026	56090746	4	F	1	2	450094430	X
177036027	56090746	28	M	1	0	X	517423723
177036028	56090746	25	F	1	1	X	517506238
177036034	56093259	4	F	1	2	450094430	X
177036035	56093259	28	M	1	0	X	517423581
177036036	56093259	25	F	1	1	X	517423599
177356035	56094663	34	M	1	0	X	517423822
177356047	56091821	34	M	1	0	X	517506451
177612031	56087895	44	F	1	0	X	517508179
177669287	56094653	42	M	1	9	X	517423669
177809775	56087839	14	M	1	2	450093610	X
177809776	56087839	35	F	1	0	X	X
177809777	56087839	16	F	1	2	450063600	X
177916200	56094654	55	M	1	0	X	X
177916202	56093572	55	M	1	0	X	X
178018487	56092760	37	M	1	0	X	517432297
178018503	56091124	37	M	1	0	X	517506319
178116976	56090578	55	M	1	1	X	517662923
178116984	56093509	55	M	1	1	X	517423661
178116985	56093509	56	F	1	0	X	517423706
178116989	56089756	56	F	1	0	X	517506777
178117012	56091601	55	M	1	1	X	517506451
178117013	56091601	56	F	1	0	X	517506380
178141757	56090366	53	F	1	0	X	517507432
178141758	56090366	53	M	1	1	X	517506451
178234280	56088205	81	M	1	1	X	X
178234293	56088269	84	F	1	0	X	X
178537997	56090642	50	F	1	1	X	517506380
178537998	56090642	62	M	1	0	X	517506308
178627057	56089503	22	M	1	0	X	517507209
178627059	56089503	45	F	1	4	X	517506238
178676262	56091626	24	F	1	1	X	517506380
179007576	56090489	63	M	1	0	X	517506451
179007586	56090658	63	M	1	0	X	517506700
179073953	56094568	26	M	1	6	X	517414287
179073954	56094568	56	F	1	0	X	517423823
179073956	56094568	26	F	1	2	X	X
179073973	56093153	26	M	1	6	X	517423534
179073975	56093153	1	M	1	5	X	X
179073977	56093153	55	M	1	1	X	517423534
179074010	56088487	1	M	1	5	X	X
179074033	56092408	26	M	1	6	X	517506451
179074034	56092408	56	F	1	0	X	517506323
179074035	56092408	1	M	1	5	X	X
179074060	56092226	1	M	1	5	X	X
179074061	56092226	26	F	1	2	X	X
179074145	56092884	1	M	1	5	X	X
179074147	56092884	55	M	1	1	X	517432483
179074148	56090591	26	M	1	6	X	517506816
179074150	56090591	1	M	1	5	X	X
179074151	56090591	26	F	1	2	X	X
179074213	56094589	26	M	1	6	X	517423775
179074214	56094589	56	F	1	0	X	517423615
179182774	56092202	40	F	1	1	X	517506238
179257446	56090147	52	M	1	1	X	517507203
179257451	56088425	48	F	1	0	X	517506451
179343099	56093967	37	M	1	0	X	517423536
179388152	56089067	48	F	3	0	X	517507192
179436164	56089282	59	F	1	1	X	X
179436165	56089282	62	M	1	0	X	X
179436191	56093132	62	M	1	0	X	X
179436194	56090896	59	F	1	1	X	X
179436195	56090896	62	M	1	0	X	X
179491605	56089000	18	M	1	2	X	517508694
179491608	56089000	15	M	1	2	450097562	X
179634743	56089979	59	M	1	0	X	517508498
179814673	56089350	20	M	1	2	X	X
179814678	56089350	16	F	1	2	450097562	517506352
179814679	56089350	18	F	1	2	X	517507380
179833024	56092137	59	M	1	0	X	X
179833053	56093308	59	M	1	0	X	X
180359104	56093426	25	M	1	0	X	517423723
180359109	56091847	42	M	8	9	X	517506451
180359110	56091847	25	M	1	0	X	517506451
180359119	56088170	42	M	8	9	X	517507378
180359147	56091929	42	M	8	9	X	517506451
180359148	56091929	25	M	1	0	X	517506451
180907470	56088908	49	F	1	1	X	517506659
181033790	56093729	21	F	1	2	X	517423593
181033792	56093729	43	M	1	0	X	517423669
181118466	56094047	66	F	1	1	X	517423593
181331497	56090583	60	M	1	0	X	517506451
181392338	56090370	55	M	1	1	X	517508080
181392339	56090370	56	F	1	0	X	X
181409870	56091865	84	F	1	0	X	X
181542249	56090977	20	F	1	2	X	517506451
181542250	56090977	46	M	1	0	X	517506451
181542252	56090977	15	M	1	2	450097562	X
181542257	56090523	20	F	1	2	X	517506451
181542258	56090523	46	M	1	0	X	517506451
181542259	56090523	46	F	1	1	X	X
181542260	56090523	15	M	1	2	450097562	X
181542275	56092956	46	F	1	1	X	X
181542276	56092956	15	M	1	2	450097562	X
181542281	56090859	20	F	1	2	X	517423528
181542283	56090859	46	F	1	1	X	X
181542292	56093805	15	M	1	2	450097562	X
181590312	56092286	53	F	1	0	X	517506451
181590315	56090308	46	M	1	10	X	517507951
181590316	56090308	53	F	1	0	X	517507212
181590324	56088497	53	F	1	0	X	517506874
181712956	56088367	1	M	1	2	X	X
181712961	56088410	42	F	1	0	X	517508358
181713004	56093313	1	M	1	2	X	X
181713005	56093313	39	M	1	1	X	517423723
181713009	56088853	42	F	1	0	X	517507785
181713011	56088853	39	M	1	1	X	517508399
181713021	56088571	42	F	1	0	X	517507209
181713022	56088571	1	M	1	2	X	X
181713023	56088571	39	M	1	1	X	517508225
181713039	56091661	42	F	1	0	X	517506451
181713045	56091184	42	F	1	0	X	517506451
181954754	56089563	34	F	1	0	X	517506396
181954767	56090509	3	M	1	2	X	X
181954768	56090509	5	M	1	2	450066968	X
181954770	56090509	34	F	1	0	X	517506451
181954775	56091725	3	M	1	2	X	X
181954777	56091725	36	M	1	1	X	517506304
181954778	56091725	34	F	1	0	X	517506380
181954785	56092020	36	M	1	1	X	517506300
181954786	56092020	34	F	1	0	X	517506451
181954808	56089478	5	M	1	2	450066968	X
181954809	56089478	36	M	1	1	X	517507450
181954810	56089478	34	F	1	0	X	517507280
182034133	56091869	79	M	1	0	X	517506451
182163540	56089109	57	M	1	8	X	517506707
182163556	56089272	57	M	1	8	X	517506684
182163567	56089152	47	M	1	0	X	517506629
182163569	56091714	47	M	1	0	X	517506451
182163573	56093085	47	M	1	0	X	517390179
182163574	56093085	57	M	1	8	X	517432292
182217082	56091302	80	M	1	0	X	X
182217083	56091302	73	F	1	1	X	X
182316494	56090712	48	F	1	1	X	517506451
182316495	56090712	52	M	1	0	X	517506418
182316521	56090352	14	F	1	2	450093610	X
182316523	56090352	52	M	1	0	X	517506416
182316526	56088224	48	F	1	1	X	517506700
182316530	56089194	48	F	1	1	X	517507212
182316532	56089194	16	M	1	2	450097562	X
182316542	56089009	48	F	1	1	X	517508499
182316543	56089009	52	M	1	0	X	517506451
182316544	56089009	16	M	1	2	450097562	X
182489563	56092905	25	F	1	2	X	X
182489574	56092639	60	M	1	0	X	517432342
182489575	56092639	25	F	1	2	X	X
182489585	56090935	60	F	1	1	X	517507230
182489586	56090935	60	M	1	0	X	517506319
182489589	56088222	60	M	1	0	X	517507481
182533246	56090179	47	F	1	0	X	517508002
182533256	56089148	47	F	1	0	X	517507203
182533259	56088496	20	M	1	2	X	517506741
182533260	56088496	47	F	1	0	X	517506389
182537129	56092598	31	F	1	1	X	X
182537131	56092598	5	M	1	2	450094430	X
182537193	56088303	9	F	1	2	450093610	X
182537198	56088303	2	M	1	2	X	X
182537241	56092649	9	F	1	2	450097561	X
182537242	56092649	29	M	1	0	X	517432302
182537245	56092649	5	M	1	2	450094430	X
182537283	56090510	9	F	1	2	450088468	X
182537284	56090510	29	M	1	0	X	517506451
182537286	56090510	10	F	1	2	450088468	X
182537288	56090510	2	M	1	2	X	X
182537309	56092422	31	F	1	1	X	X
182537310	56092422	10	F	1	2	450101788	X
182537311	56092422	5	M	1	2	450094430	X
182537312	56092422	2	M	1	2	X	X
182717732	56089926	26	F	9	0	X	517508498
182788820	56092021	93	M	1	1	X	X
182854820	56093247	57	M	1	0	X	X
182854821	56093247	51	F	1	1	X	X
183198664	56089010	28	M	1	7	X	X
183198665	56089010	47	M	1	1	X	517506869
183198666	56089003	39	F	1	0	X	517507425
183198667	56089003	17	M	1	2	450097562	517506770
183659588	56089882	31	F	1	0	X	517506711
183703776	56088149	65	F	1	0	X	X
183985612	56090648	53	F	1	0	X	X
183985615	56088805	57	M	1	1	X	X
183985616	56088805	53	F	1	0	X	X
183985633	56093563	57	M	1	1	X	X
183985636	56089057	53	F	1	0	X	X
184168120	56090296	58	F	1	0	X	517508589
184168121	56090296	60	M	1	1	X	517507175
184224143	56093672	69	F	1	0	X	517423759
184389073	56088022	38	M	1	0	X	517508358
184389086	56089929	38	M	1	0	X	517508499
184389091	56094389	38	M	1	0	X	517423723
184464078	56094172	6	F	1	2	450097561	X
184464079	56094172	9	M	1	2	450097561	X
184464081	56094172	27	F	1	0	X	517423759
184464082	56094172	31	M	1	1	X	517423694
184464138	56092903	6	F	1	2	450097561	X
184464140	56092903	5	M	1	2	450066968	X
184464194	56087981	9	M	1	2	450093610	X
184472622	56092359	69	F	1	0	X	X
184472629	56093525	69	F	1	0	X	X
184709922	56088263	22	F	1	1	X	517508521
184709939	56093950	25	M	1	0	X	517423593
184755352	56090440	70	F	1	1	X	X
184755353	56090440	68	M	1	0	X	517507958
184755361	56092261	68	M	1	0	X	517506451
184755379	56093172	68	M	1	0	X	517432302
184755389	56090124	68	M	1	0	X	517506643
184755394	56089859	70	F	1	1	X	X
184755395	56089859	68	M	1	0	X	517507481
184755401	56089632	68	M	1	0	X	517507233
184755408	56094193	70	F	1	1	X	X
184755412	56092626	70	F	1	1	X	X
184755413	56092626	68	M	1	0	X	517432368
184755416	56092069	70	F	1	1	X	X
184843121	56089069	52	F	1	1	X	517508057
184843122	56089069	55	M	1	0	X	517507453
184843124	56094203	55	M	1	0	X	517423640
184843135	56088810	52	F	1	1	X	517506451
184843136	56088810	55	M	1	0	X	517507220
185096437	56092163	28	M	1	10	X	517506319
185096438	56092163	26	F	1	0	X	517506451
185222135	56088377	39	F	1	0	X	517506859
185222136	56088377	9	M	1	2	450093610	X
185222142	56093897	9	M	1	2	450097561	X
185222146	56087945	18	M	1	2	450097562	517506772
185222159	56088277	39	F	1	0	X	517432472
185222160	56088277	9	M	1	2	450093610	X
185222161	56088277	18	M	1	2	450091631	517508057
185222189	56092161	39	F	1	0	X	517506451
185222256	56092809	9	M	1	2	450097561	X
185222257	56092809	18	M	1	2	450097562	517432482
185295909	56091971	68	F	1	0	X	517506451
185295927	56092205	68	F	1	0	X	517506380
185345996	56094325	63	M	1	0	X	517423759
185345997	56094325	43	M	1	9	X	517423759
185346036	56090921	43	M	1	9	X	517506238
185346042	56090192	43	M	1	9	X	517507431
185346047	56089591	63	M	1	0	X	517506713
185346048	56089591	43	M	1	9	X	517507292
185346051	56094312	43	M	1	9	X	517423536
185346053	56093344	63	M	1	0	X	517423705
185346055	56093344	45	M	1	9	X	517423723
185346062	56090831	63	M	1	0	X	517423714
185346063	56090831	43	M	1	9	X	517506389
185346092	56090354	63	M	1	0	X	517507425
185346094	56090354	45	M	1	9	X	517507588
185346110	56092384	63	M	1	0	X	506926876
185346111	56092384	43	M	1	9	X	517506238
185346112	56092384	45	M	1	9	X	517506238
185346119	56092402	63	M	1	0	X	517506451
185346121	56092402	45	M	1	9	X	517506451
185346125	56094424	63	M	1	0	X	517423705
185346127	56094424	45	M	1	9	X	517423778
185346137	56094332	63	M	1	0	X	517423669
185346143	56093494	63	M	1	0	X	517423765
185346144	56093494	43	M	1	9	X	517423616
185346145	56093494	45	M	1	9	X	517423615
185526802	56092374	72	M	1	0	X	X
185526807	56092397	71	F	1	1	X	517506451
185526808	56092397	72	M	1	0	X	X
185526819	56092820	71	F	1	1	X	517423759
185526825	56092596	71	F	1	1	X	517432368
185526826	56092596	72	M	1	0	X	X
185526831	56091748	71	F	1	1	X	517506451
185526832	56091748	72	M	1	0	X	X
185584119	56093836	60	F	1	10	X	517423593
185584222	56089325	53	M	1	0	X	517506238
185584228	56087827	53	M	1	0	X	517508260
185640938	56089011	19	F	1	2	X	517506451
185640939	56089011	16	M	1	2	450091631	X
185640940	56089011	37	F	1	1	X	517508065
185640976	56094272	37	F	1	1	X	517423610
185640977	56094272	45	M	1	0	X	517423593
185640990	56090536	19	F	1	2	X	517506451
185672185	56089558	74	F	1	1	X	X
185898150	56093540	57	M	9	0	X	X
185898152	56093019	57	M	9	0	X	X
185920989	56092107	0	M	1	2	X	X
185920990	56092107	34	F	1	1	X	X
185921001	56091727	0	M	1	2	X	X
185921003	56091727	35	M	1	0	X	517506451
186088684	56088753	59	M	1	1	X	517508358
186298522	56094531	55	F	1	0	X	517423759
186298524	56091871	55	F	1	0	X	517506367
186472480	56092751	64	M	1	0	X	X
186472495	56094250	53	F	1	1	X	517423593
186472496	56094250	64	M	1	0	X	X
186566022	56090496	14	F	1	2	450101788	X
186566044	56092039	16	F	1	2	450091631	X
186566060	56088233	52	F	1	1	X	517507221
186566061	56088233	18	M	1	2	450091631	517506556
186818946	56088293	37	F	1	0	X	517507236
186818956	56092640	37	F	1	0	X	517432482
187192044	56092498	73	M	1	1	X	517432368
187192045	56093418	67	F	1	0	X	517423593
187300510	56093650	14	M	1	2	450097562	X
187300512	56093650	13	M	1	2	450097563	X
187300517	56088546	52	F	1	0	X	X
187300521	56088880	13	M	1	2	450093610	X
187300530	56091102	13	M	1	2	450101788	X
187300534	56093755	14	M	1	2	450097562	X
187300535	56093755	52	F	1	0	X	X
187300536	56093755	13	M	1	2	450097563	X
187300546	56090472	14	M	1	2	450091631	X
187300547	56090472	52	F	1	0	X	X
187300548	56090472	13	M	1	2	450093610	X
187300549	56090659	14	M	1	2	450091631	X
187300550	56090659	52	F	1	0	X	X
187317593	56090773	50	M	1	1	X	517506451
187357675	56089940	77	M	1	1	X	X
187357677	56089904	77	M	1	1	X	X
187357678	56089904	74	F	1	0	X	X
187445005	56089244	53	F	1	1	X	X
187445008	56093340	54	M	1	0	X	517423593
187445030	56094275	54	M	1	0	X	517423669
187445031	56094275	53	F	1	1	X	X
187544016	56093006	61	M	1	0	X	517432368
187544017	56093006	48	F	1	1	X	517432482
187544029	56092506	48	F	1	1	X	517432452
187685840	56094342	49	F	1	1	X	517423593
187731212	56092195	62	M	1	0	X	517506451
187855355	56090947	84	M	1	0	X	X
188024895	56088015	55	M	1	0	X	517508739
188024917	56090362	55	M	1	0	X	517508470
188064422	56092407	4	F	1	2	450066968	X
188064423	56092407	0	M	1	2	X	X
188064424	56092407	31	F	1	1	X	517506238
188064428	56091388	31	F	1	1	X	517506451
188064429	56091388	32	M	1	0	X	517506416
188816501	56093022	56	F	1	0	X	517432368
188816502	56093022	47	M	1	10	X	517432302
188816503	56093022	11	M	5	5	450097563	X
188947614	56092453	61	F	1	0	X	517506451
188947615	56089767	61	F	1	0	X	517506556
188947617	56092734	61	F	1	0	X	517432357
188947628	56094557	61	F	1	0	X	517423718
189722635	56088573	42	F	1	0	X	517508592
189722636	56088573	16	F	1	2	X	517508801
189722654	56093354	3	M	1	2	X	X
189722656	56093354	16	F	1	2	X	517423669
189722669	56088656	3	M	1	2	X	X
189722670	56088656	3	M	1	2	X	X
189722671	56088656	42	F	1	0	X	517507182
189810386	56088543	56	M	1	0	X	517506713
190054305	56091447	0	M	1	2	X	X
190054307	56091447	2	M	1	2	X	X
190054308	56091447	30	F	1	1	X	X
190275436	56088545	52	F	6	10	X	517506743
190292391	56091722	27	M	1	10	X	517506451
190439669	56088857	9	F	1	2	450088468	X
190439670	56088857	44	M	1	0	X	517391819
190439671	56088857	2	M	1	2	X	X
190439758	56092044	44	M	1	0	X	517339327
190439759	56092044	2	M	1	2	X	X
190439765	56088461	9	F	1	2	450088468	X
190439767	56088461	2	M	1	2	X	X
190439817	56091831	9	F	1	2	450088468	X
190439818	56091831	44	M	1	0	X	517506816
190439873	56093287	9	F	1	2	450097561	X
190439874	56093287	44	M	1	0	X	517423812
190439875	56093287	2	M	1	2	X	X
190439877	56088791	9	F	1	2	450088468	X
190439878	56088791	44	M	1	0	X	517507209
190439879	56088791	2	M	1	2	X	X
190439888	56089748	27	F	1	1	X	517506676
190439889	56089748	9	F	1	2	450088468	X
190439890	56089748	44	M	1	0	X	517506451
190439891	56089748	2	M	1	2	X	X
190439893	56089156	9	F	1	2	450088468	X
190439919	56094279	2	M	1	2	X	X
190439944	56091181	27	F	1	1	X	517506451
190439945	56091181	9	F	1	2	450088468	X
190439946	56091181	44	M	1	0	X	517506451
190439947	56091181	2	M	1	2	X	X
190439952	56093234	27	F	1	1	X	517423561
190439955	56093234	2	M	1	2	X	X
190439956	56091377	27	F	1	1	X	517506451
190439957	56091377	9	F	1	2	450088468	X
190439959	56091377	2	M	1	2	X	X
190724191	56089910	15	M	1	2	450091631	X
190724196	56090689	51	F	1	0	X	517506468
190724197	56090689	15	M	1	2	450091631	X
190724209	56092927	15	M	1	2	450097562	X
190762240	56090330	54	M	1	2	X	X
190762241	56090330	73	F	1	1	X	X
190762285	56090165	54	M	1	2	X	X
190762286	56090165	73	F	1	1	X	X
190762287	56090165	79	M	1	0	X	X
190932049	56089317	54	M	1	0	X	517508358
190932050	56089317	14	M	1	2	450093610	X
190932057	56091264	54	M	1	0	X	517341915
190932075	56091089	54	M	1	0	X	517506451
190932077	56091515	54	M	1	0	X	517506300
190932079	56091768	54	M	1	0	X	517423727
190932088	56090836	14	M	1	2	450101788	X
190932089	56090599	54	M	1	0	X	517506451
190932090	56090599	14	M	1	2	450101788	X
190932096	56090157	14	M	1	2	450093610	X
190932101	56090547	54	M	1	0	X	517506451
190932102	56090547	14	M	1	2	450101788	X
190932163	56090566	54	M	1	0	X	517506454
190932179	56090699	54	M	1	0	X	517506407
190932180	56090699	14	M	1	2	450101788	X
190932199	56089707	54	M	1	0	X	517506451
190932200	56089707	14	M	1	2	450093610	X
190932204	56089438	14	M	1	2	450093610	X
191237743	56088108	84	M	1	0	X	X
191237744	56093470	84	M	1	0	X	X
191237747	56094051	84	M	1	0	X	X
191273249	56089092	11	F	1	2	450093610	X
191273251	56089092	12	F	1	2	450093610	X
191273253	56089092	37	M	1	0	X	517507778
191273254	56089092	15	F	1	2	450091631	X
191273255	56089092	2	F	1	5	X	X
191273328	56093679	17	F	1	2	450097560	X
191273330	56093679	11	F	1	2	450097563	X
191273332	56093679	31	F	1	1	X	517423536
191273333	56093679	37	M	1	0	X	517423593
191273334	56093679	15	F	1	2	450097560	X
191273393	56088129	11	F	1	2	450093610	X
191273394	56088129	11	F	1	2	450093610	X
191273395	56088129	12	F	1	2	450093610	X
191273396	56088129	31	F	1	1	X	517508015
191273399	56088129	2	F	1	5	X	X
191273433	56094413	11	F	1	2	450097563	X
191273435	56094413	12	F	1	2	450097563	X
191273436	56094413	31	F	1	1	X	517423593
191273438	56094413	15	F	1	2	450097562	X
191273448	56093580	17	F	1	2	450097562	X
191273451	56093580	12	F	1	2	450097563	X
191273452	56093580	31	F	1	1	X	517423723
191273454	56093580	15	F	1	2	450097562	X
191273455	56093580	2	F	1	5	X	X
191703329	56088240	59	M	1	0	X	517506451
191703330	56088240	59	F	1	1	X	517506451
191703333	56088140	59	M	1	0	X	517507219
191703348	56091536	59	F	1	1	X	517506283
191703359	56090239	59	M	1	0	X	517508057
191703360	56090239	59	F	1	1	X	517507744
191703361	56088981	59	M	1	0	X	517662688
191703362	56088981	59	F	1	1	X	517506707
191922987	56089908	54	F	1	1	X	517507179
191922989	56093486	54	M	1	0	X	517423536
191923021	56089346	29	F	1	2	X	X
191923022	56089346	54	M	1	0	X	517506559
192263002	56092775	83	F	1	1	X	X
192263005	56091638	82	M	1	0	X	X
192552687	56091908	33	M	1	1	X	517506451
192754911	56090387	18	F	1	2	450091631	517508727
192754914	56090387	15	F	1	2	450091631	X
192938320	56088332	42	M	1	0	X	517507477
192938326	56091211	42	M	1	0	X	517506451
192938329	56090298	42	M	1	0	X	517507220
192938338	56093412	42	M	1	0	X	517423593
192938348	56087953	42	M	1	0	X	517507364
193112007	56094269	48	F	1	0	X	517423536
193112008	56094269	49	M	1	1	X	X
193240873	56091336	45	F	1	1	X	517506451
193240874	56091336	46	M	1	0	X	517506451
193240875	56091336	19	M	1	2	X	517506636
193251634	56092989	21	M	1	0	X	517432286
193276749	56088026	51	F	9	1	X	X
193276770	56087925	58	M	1	0	X	X
193388798	56090029	50	F	1	1	X	X
193388802	56091179	30	M	1	2	X	517506251
193388815	56088088	50	M	1	0	X	517506562
193388816	56088088	50	F	1	1	X	X
193388828	56092174	50	F	1	1	X	X
193388832	56088399	30	M	1	2	X	517394449
193388833	56088399	50	M	1	0	X	517508179
193388843	56089436	50	F	1	1	X	X
193394573	56091030	56	F	1	1	X	X
193394574	56091030	70	M	1	0	X	X
193394577	56091290	56	F	1	1	X	X
193394578	56091290	70	M	1	0	X	X
193394583	56093632	56	F	1	1	X	X
193394589	56090092	56	F	1	1	X	X
193394590	56090092	70	M	1	0	X	X
193394594	56090800	70	M	1	0	X	X
193394616	56088081	70	M	1	0	X	X
193599322	56089824	75	F	1	0	X	510784383
193662630	56093659	20	F	1	10	X	X
193725860	56094652	1	F	9	2	X	X
193725863	56094652	23	M	1	0	X	517423536
193725925	56089369	0	F	9	2	X	X
193725926	56089369	24	F	9	1	X	X
193754197	56092483	32	M	1	0	X	517432280
193754245	56090846	32	M	1	0	X	517506451
193754248	56090846	33	F	1	1	X	517507431
193754253	56093463	32	M	1	0	X	517423759
193754257	56091640	32	M	1	0	X	517506251
193754258	56091640	5	M	1	2	450066968	X
193754259	56091640	3	M	1	2	X	X
193781946	56094063	18	M	1	2	450063600	X
193781947	56094063	56	M	1	1	X	517423536
193781949	56089342	18	M	1	2	450063600	X
193781958	56090048	18	M	1	2	450063600	X
193781959	56090048	56	M	1	1	X	517508834
193794688	56093605	51	F	1	1	X	517423759
193794689	56093605	51	M	1	0	X	517423684
193794754	56089460	25	F	1	2	X	517506653
193794756	56089460	51	F	1	1	X	517506769
193794757	56089460	51	M	1	0	X	517508002
194154755	56092579	67	M	1	0	X	517432368
194154760	56092412	64	F	1	1	X	X
194154789	56093069	67	M	1	0	X	517432363
194283097	56093839	37	F	1	1	X	517423743
194283098	56093839	38	M	1	0	X	517423839
194283101	56088454	37	F	1	1	X	517662850
194283102	56088454	38	M	1	0	X	517508875
194283118	56091307	38	M	1	0	X	517506451
194340381	56090705	74	F	1	1	X	517506300
194340392	56088126	85	M	1	0	X	X
194447123	56088781	52	F	1	1	X	X
194517199	56088752	4	F	1	2	450066968	X
194517200	56088752	36	F	1	1	X	517506451
194638350	56093766	52	M	1	0	X	517423740
194722072	56088547	62	M	1	1	X	517508779
194722077	56089075	52	F	1	0	X	517507479
194722085	56088462	52	F	1	0	X	517506451
194722110	56094041	62	M	1	1	X	517423718
194722115	56088946	52	F	1	0	X	517506451
194722116	56088946	62	M	1	1	X	517508623
194722123	56087991	52	F	1	0	X	517506744
194722142	56094475	62	M	1	1	X	517423759
194722155	56092799	52	F	1	0	X	517432301
194722156	56092799	62	M	1	1	X	517432368
194875767	56094012	10	M	1	2	450097563	X
194875769	56094012	7	F	1	2	450097561	X
194875770	56094012	46	F	1	1	X	X
195150060	56089594	72	F	1	1	X	517508156
195150061	56089594	75	M	1	0	X	517506712
195150066	56092345	72	F	1	1	X	517506451
195150080	56088023	72	F	1	1	X	517508328
195276944	56094370	53	F	1	1	X	517423593
195276945	56094370	55	M	1	0	X	517423536
195276949	56094224	55	M	1	0	X	517423718
195394920	56088985	54	F	1	1	X	517506868
195398339	56092176	57	M	1	0	X	517506406
195398348	56089547	57	M	1	0	X	517508002
195410753	56090687	60	F	1	12	X	X
195410754	56090687	61	M	1	0	X	517506238
195550548	56094274	45	M	1	0	X	517423669
195550574	56093648	45	M	1	0	X	517423633
195550575	56094355	45	M	1	0	X	517423597
195659634	56094605	33	F	1	0	X	517423669
195659637	56094605	1	M	1	2	X	X
195659678	56091830	4	M	1	2	X	X
195659679	56091830	33	F	1	0	X	517506337
195659680	56091830	37	M	1	1	X	517506451
195659682	56091830	1	M	1	2	X	X
195760677	56093852	77	M	1	0	X	X
195760678	56093852	67	F	1	1	X	517423727
195760693	56089793	77	M	1	0	X	X
195760714	56087990	67	F	1	1	X	517506639
195984179	56093957	9	M	1	2	450097561	X
195984180	56093957	5	M	1	2	450097561	X
195984234	56090932	9	M	1	2	450088468	X
195984236	56090932	2	M	1	2	X	X
195984241	56092085	2	M	1	2	X	X
195984242	56092085	28	F	1	0	X	517506396
196055674	56088995	4	F	1	2	X	X
196055675	56088995	39	M	1	0	X	517506676
196055676	56088995	38	F	1	1	X	517508200
196055715	56093408	39	M	1	0	X	517423584
196055730	56089592	4	F	1	2	X	X
196055732	56089592	38	F	1	1	X	517506451
196055741	56088722	6	M	1	2	450088468	X
196055742	56088722	4	F	1	2	X	X
196055743	56088722	39	M	1	0	X	517508511
196055757	56090164	6	M	1	2	450088468	X
196055759	56090164	39	M	1	0	X	517507179
196055760	56090164	38	F	1	1	X	517507220
196055761	56089600	6	M	1	2	450088468	X
196055762	56089600	4	F	1	2	X	X
196055774	56091337	4	F	1	2	X	X
196055775	56091337	39	M	1	0	X	517506451
196055776	56091337	38	F	1	1	X	517506380
196082008	56088514	32	F	1	0	X	517507220
196086585	56092316	57	F	1	1	X	517506451
196108897	56090227	41	F	1	0	X	517506378
196138426	56093700	52	F	1	0	X	517423593
196138457	56089938	54	M	1	1	X	517506451
196138463	56088365	54	M	1	1	X	517506451
196442981	56090086	64	M	1	0	X	517508726
196442982	56093733	64	M	1	0	X	517423599
196724758	56090678	17	F	1	2	450091631	X
196724759	56090678	43	F	1	1	X	517506352
196724800	56092175	17	F	1	2	450091631	X
196724801	56092175	43	F	1	1	X	517506451
196727984	56087833	74	F	1	0	X	517507216
196727992	56091156	74	F	1	0	X	517339387
197424054	56091493	3	M	1	2	X	X
197424057	56091493	11	F	1	2	450101788	X
197424058	56090904	3	M	1	2	X	X
197424059	56090904	31	M	1	1	X	517506451
197424093	56091525	11	F	1	2	450101788	X
197468202	56092866	49	M	1	0	X	517432368
197628395	56090146	25	M	1	1	X	517506777
197628396	56090146	12	M	1	2	450093610	X
197901746	56092153	65	F	1	0	X	X
197901748	56093079	65	F	1	0	X	X
197901781	56091396	65	F	1	0	X	X
197901782	56090310	65	F	1	0	X	X
197912307	56090628	23	F	1	2	X	517506451
197912308	56090628	62	M	1	0	X	517506451
197912374	56089304	62	M	1	0	X	517507789
197912392	56090374	62	M	1	0	X	517506451
198127146	56093220	52	M	1	0	X	X
198169363	56092703	33	M	1	0	X	517432368
198169380	56090400	29	F	1	10	X	517506878
198575372	56088788	53	M	1	1	X	517506451
198575373	56088788	51	F	1	0	X	X
198771665	56090271	49	M	1	0	X	517508635
198771666	56090271	46	F	1	1	X	517506685
198771689	56090113	49	M	1	0	X	517507846
198771700	56088679	5	M	1	5	X	X
198771701	56088679	49	M	1	0	X	517508057
198816281	56093526	48	M	1	7	X	X
198816282	56093526	8	M	1	5	450097561	X
198816288	56093526	11	F	1	5	450097561	X
198816318	56090958	3	M	1	5	X	X
198816325	56090958	13	M	1	5	450101788	X
198816326	56090958	12	M	1	5	450101788	X
198816327	56090958	11	F	1	5	450088468	X
198816328	56090958	37	F	1	2	X	517506451
198816330	56090958	57	F	1	0	X	X
198816331	56093147	3	M	1	5	X	X
198816333	56093147	48	M	1	7	X	X
198816335	56093147	16	M	1	5	450097562	X
198816336	56093147	3	F	1	5	X	X
198816337	56093147	14	F	1	5	450097563	X
198816338	56093147	13	M	1	5	450097563	X
198816339	56093147	12	M	1	5	450097563	X
198816342	56093147	56	M	1	1	X	517432279
198816344	56094158	3	M	1	5	X	X
198816345	56094158	10	F	1	5	450097561	X
198816346	56094158	48	M	1	7	X	X
198816347	56094158	8	M	1	5	450097561	X
198816350	56094158	14	F	1	5	450097563	X
198816351	56094158	13	M	1	5	450097563	X
198816353	56094158	11	F	1	5	450097561	X
198816354	56094158	37	F	1	2	X	517423593
198816355	56094158	56	M	1	1	X	517423657
198816358	56090920	10	F	1	5	450088468	X
198816360	56090920	8	M	1	5	450088468	X
198816361	56090920	16	M	1	5	450091631	X
198816362	56090920	3	F	1	5	X	X
198816363	56090920	14	F	1	5	450101788	X
198816364	56090920	13	M	1	5	450101788	X
198816365	56090920	12	M	1	5	450101788	X
198816368	56090920	56	M	1	1	X	517506424
198816369	56090920	57	F	1	0	X	X
198816386	56093413	8	M	1	5	450097561	X
198816387	56093413	16	M	1	5	450097560	X
198816389	56093413	14	F	1	5	450097563	X
198816394	56093413	56	M	1	1	X	517423536
198816422	56093445	3	M	1	5	X	X
198816423	56093445	10	F	1	5	450097561	X
198816424	56093445	48	M	1	7	X	X
198816425	56093445	8	M	1	5	450097561	X
198816426	56093445	16	M	1	5	450097562	X
198816428	56093445	14	F	1	5	450097563	X
198816430	56093445	12	M	1	5	450097563	X
198816431	56093445	11	F	1	5	450097561	X
198816432	56093445	37	F	1	2	X	517423528
198816435	56090501	3	M	1	5	X	X
198816436	56090501	10	F	1	5	450088468	X
198816437	56090501	48	M	1	7	X	X
198816438	56090501	8	M	1	5	450088468	X
198816439	56090501	16	M	1	5	450091631	X
198816441	56090501	14	F	1	5	450101788	X
198816442	56090501	13	M	1	5	450101788	X
198816443	56090501	12	M	1	5	450101788	X
198816445	56090501	37	F	1	2	X	517506722
198816446	56090501	56	M	1	1	X	517506451
198816462	56090938	10	F	1	5	450088468	X
198816463	56090938	48	M	1	7	X	X
198816468	56090938	13	M	1	5	450101788	X
198816471	56090938	37	F	1	2	X	517506451
198816472	56090938	56	M	1	1	X	517506451
198816473	56090938	57	F	1	0	X	X
198926967	56088041	1	F	1	2	X	X
198926968	56088041	33	M	1	0	X	517506451
198936779	56090719	25	F	1	2	X	517506380
198936798	56092054	49	F	1	0	X	517506451
198936799	56092054	51	M	1	1	X	X
198936840	56091304	49	F	1	0	X	517506451
198936841	56091304	51	M	1	1	X	X
198936860	56089633	25	F	1	2	X	517508396
198936861	56089633	49	F	1	0	X	517508727
198936893	56089195	25	F	1	2	X	517508744
198936894	56089195	49	F	1	0	X	517506874
198936896	56088843	25	F	1	2	X	517506451
198936897	56088843	49	F	1	0	X	517507213
198936898	56088843	51	M	1	1	X	X
199059213	56092829	47	M	1	1	X	517432452
199059214	56092829	12	M	1	7	450097563	X
199059216	56092829	10	F	1	7	450097561	X
199454348	56091163	58	F	1	0	X	517506315
199523579	56093010	49	M	1	0	X	517432347
199523583	56092689	49	M	1	0	X	517432368
199523586	56089240	49	M	1	0	X	517506238
199523594	56093875	49	M	1	0	X	517423718
199604361	56094585	56	M	1	0	X	517423760
199761921	56087817	71	F	1	0	X	X
199761955	56092111	43	F	1	7	X	517506451
199762879	56091036	64	F	1	0	X	X
199762880	56091036	69	M	1	1	X	517506300
199762889	56092155	64	F	1	0	X	X
199762890	56092155	69	M	1	1	X	517506451
199762892	56088031	69	M	1	1	X	517507897
200430002	56093941	38	M	1	0	X	517423643
200430034	56092969	38	M	1	0	X	517423759
200491392	56089651	6	M	1	2	450088468	X
200491393	56089651	39	F	1	0	X	517506684
200590500	56093177	79	M	1	0	X	X
200654638	56089446	69	M	1	1	X	X
201236681	56093029	45	F	9	0	X	517423714
201236682	56093029	55	M	1	10	X	517432293
201236684	56093029	16	M	9	2	450097562	X
201254878	56094633	62	M	1	0	X	517423528
201254884	56093078	62	M	1	0	X	517423564
201254885	56093078	61	F	1	1	X	517432452
201254896	56088754	62	M	1	0	X	517507433
201451795	56092309	65	F	1	1	X	X
201663755	56088522	43	M	1	0	X	517506690
201663756	56088522	45	F	1	1	X	517507199
201663790	56089290	13	F	1	2	450093610	X
201663792	56089290	45	F	1	1	X	517507420
201663793	56089290	14	F	1	2	450093610	X
201672793	56093336	0	M	1	2	X	X
201672795	56093336	12	F	4	2	450067304	X
201672797	56093336	38	F	4	1	X	X
201672798	56093336	16	F	4	2	450063600	517423816
201672804	56091039	16	F	4	2	450063600	517506451
201672812	56092757	6	M	4	2	450066968	X
201672814	56092757	42	M	1	0	X	517432484
201672816	56092757	16	F	4	2	450063600	517432486
201672850	56093256	42	M	1	0	X	517423536
201672851	56093256	38	F	4	1	X	X
201672877	56092925	0	M	1	2	X	X
201672879	56092925	12	F	4	2	450067304	X
201672880	56092925	42	M	1	0	X	517423653
201672881	56092925	38	F	4	1	X	X
201672882	56092925	16	F	4	2	450063600	517423763
201869084	56093341	17	M	1	2	450063600	X
201869085	56093341	13	F	1	2	450097563	X
201869087	56093341	44	M	1	0	X	X
201869129	56087959	13	F	1	2	450093610	X
201869131	56087959	44	M	1	0	X	X
201869132	56092087	17	M	1	2	450063600	X
201869133	56092087	13	F	1	2	450101788	X
201869134	56092087	44	F	1	1	X	X
201869196	56092077	17	M	1	2	450063600	X
201869198	56092077	44	F	1	1	X	X
202090533	56088951	50	F	1	1	X	517508620
202090534	56088951	27	M	1	2	X	517507375
202272480	56089703	58	M	1	1	X	517507941
202521424	56093396	27	F	1	2	X	517423759
202521425	56093396	48	F	1	1	X	X
202521426	56093396	0	M	1	5	X	X
202521427	56093396	50	M	9	0	X	517423817
202578239	56092607	11	M	1	2	450097563	X
202578240	56092607	14	M	1	2	450097560	X
202578245	56089920	52	F	1	1	X	517506451
202578246	56089920	47	M	1	0	X	517507431
202578298	56094518	47	M	1	0	X	517423764
202578352	56091339	14	M	1	2	450091631	X
202578353	56091339	52	F	1	1	X	517506451
202578415	56092883	11	M	1	2	450097563	X
202578417	56092883	52	F	1	1	X	517432357
202578418	56092883	47	M	1	0	X	517432482
202578436	56088705	14	M	1	2	450091631	X
202578437	56088705	52	F	1	1	X	517508097
202578438	56088705	47	M	1	0	X	517506741
202901286	56094446	7	M	1	2	450097561	X
202901288	56094446	36	M	1	0	X	517423694
202901289	56093286	7	M	1	2	450097561	X
203343645	56088084	26	M	1	0	X	517506741
203585672	56090019	50	F	1	1	X	517507256
203585691	56089658	52	M	1	0	X	517506451
203585692	56089658	50	F	1	1	X	517508463
203585700	56092867	50	F	1	1	X	517432351
203585714	56091250	50	F	1	1	X	517506451
203599758	56088734	63	F	1	1	X	517508332
203599759	56088734	56	M	1	0	X	517506730
203599766	56089791	63	F	1	1	X	517506661
203599767	56089791	56	M	1	0	X	517508672
203599769	56088745	56	M	1	0	X	517506451
203599787	56093874	56	M	1	0	X	517423759
203943761	56093139	19	M	1	2	X	X
203943762	56093139	49	F	1	0	X	517432368
203943813	56088246	19	M	1	2	X	X
203943814	56088246	49	F	1	0	X	517508309
203943832	56093375	49	F	1	0	X	517423766
203943875	56094230	19	M	1	2	X	X
203943876	56094230	49	F	1	0	X	517423593
203943895	56090990	19	M	1	2	X	X
203943900	56092770	49	F	1	0	X	506643670
203943930	56092470	49	F	1	0	X	517506300
203943935	56092051	19	M	1	2	X	X
203943969	56087950	19	M	1	2	X	X
203943970	56087950	49	F	1	0	X	517507824
204030313	56091937	6	M	1	2	450088468	X
204030316	56091937	4	F	1	2	450094430	X
204030339	56089982	3	F	1	2	X	X
204030340	56089982	27	M	1	1	X	517506451
204030342	56089982	26	F	1	0	X	X
204030344	56091006	3	F	1	2	X	X
204348969	56090640	88	F	1	0	X	X
204750841	56093058	57	F	1	0	X	517432290
204750844	56093180	57	F	1	0	X	517432301
204774999	56089733	69	F	1	1	X	517506451
204775037	56092356	69	F	1	1	X	517506451
204916252	56089935	58	M	1	1	X	517507220
204916256	56093750	58	M	1	1	X	517423597
204916257	56093750	56	F	1	0	X	513096971
204916279	56092193	56	F	1	0	X	517506238
204916281	56089137	56	F	1	0	X	517506653
204916325	56089102	56	F	1	0	X	517506238
205043727	56091248	61	F	1	0	X	X
206034499	56088203	29	F	1	1	X	X
206034500	56088203	3	F	1	2	X	X
206034501	56088203	33	M	1	0	X	517506451
206034503	56088203	7	M	1	2	450088468	X
206103129	56090071	54	M	1	1	X	517507236
206103135	56088482	54	M	1	1	X	517507233
206103136	56088482	55	F	1	0	X	517508440
206103145	56091461	54	M	1	1	X	517506396
206103169	56092034	54	M	1	1	X	517506451
206103170	56092034	55	F	1	0	X	517506451
206226996	56088465	58	F	1	0	X	517508727
206528712	56088298	42	F	1	0	X	517508591
206528735	56089022	22	M	1	2	X	517663180
206528753	56088143	22	M	1	2	X	517507432
206528754	56088143	42	F	1	0	X	517507454
206528766	56088394	42	F	1	0	X	517507715
206528774	56088164	42	F	1	0	X	517506741
206529086	56093179	50	F	1	0	X	517423718
207025707	56090918	16	F	1	2	X	X
207025708	56090918	51	F	1	0	X	517506451
207060050	56090710	46	F	1	0	X	517369228
207060053	56090710	5	F	1	2	450066968	X
207060101	56094662	5	F	1	2	450066968	X
207075935	56089045	55	F	1	1	X	517506451
207075936	56089045	58	M	1	0	X	517508869
207275628	56090810	15	F	1	2	450091631	X
207275629	56090810	53	M	1	0	X	517506451
207450092	56089008	60	F	1	1	X	X
207450093	56089008	59	M	1	0	X	517506556
207450103	56092934	59	M	1	0	X	517432451
207450140	56090700	60	F	1	1	X	X
207450141	56090700	59	M	1	0	X	517506451
207535204	56089088	61	M	1	1	X	517506660
207535209	56092277	60	F	1	0	X	517506451
207535218	56088901	61	M	1	1	X	517506238
207595002	56088011	67	F	1	1	X	X
207595003	56088011	69	M	1	0	X	517506492
207595026	56089339	67	F	1	1	X	X
207595027	56089339	69	M	1	0	X	517506488
207595048	56093384	67	F	1	1	X	X
207595049	56093384	69	M	1	0	X	517423834
207595052	56094067	67	F	1	1	X	X
207595061	56091315	69	M	1	0	X	517506317
207722334	56093714	3	F	1	2	450066968	X
207722335	56093714	4	M	1	2	450066968	X
207722336	56093714	9	F	1	2	450066968	X
207722337	56093714	35	F	1	1	X	X
207947939	56089151	87	F	1	0	X	X
207947943	56092073	87	F	1	0	X	X
208050077	56090031	56	M	1	0	X	517507203
208050089	56090850	56	M	1	0	X	517506481
208050090	56090850	54	F	1	1	X	X
208050093	56093904	56	M	1	0	X	517423760
208676199	56089309	19	F	1	10	X	517508493
208676239	56090996	1	F	1	2	X	X
208676348	56091559	20	M	1	0	X	517506446
208676349	56091559	19	F	1	10	X	517506876
208676397	56090519	19	F	1	10	X	517506451
208676398	56090519	1	F	1	2	X	X
208676399	56091136	20	M	1	0	X	517506286
208676400	56091136	19	F	1	10	X	517506300
208676401	56091136	1	F	1	2	X	X
208712885	56092666	34	F	1	1	X	517410255
208712902	56092692	6	M	1	2	450097561	X
208712903	56092692	34	F	1	1	X	517432476
208712912	56091815	34	F	1	1	X	506926932
208712929	56091201	6	M	1	2	450088468	X
208712930	56091201	34	F	1	1	X	517506249
208712933	56093919	34	F	1	1	X	517423593
208712934	56093919	36	M	1	0	X	517423759
208722883	56091933	69	F	1	1	X	X
208722885	56091933	67	M	1	7	X	X
208722895	56092302	69	F	1	1	X	X
208722901	56089112	69	F	1	1	X	X
208722902	56089112	79	M	1	0	X	X
208722903	56089112	67	M	1	7	X	X
208722904	56091040	69	F	1	1	X	X
208722905	56091040	79	M	1	0	X	X
208722907	56088407	69	F	1	1	X	X
208722909	56088407	67	M	1	7	X	X
208722916	56090369	69	F	1	1	X	X
208722931	56088800	69	F	1	1	X	X
208722932	56088800	79	M	1	0	X	X
208722934	56091925	69	F	1	1	X	X
208722935	56091925	79	M	1	0	X	X
208722944	56090287	79	M	1	0	X	X
208722945	56090287	67	M	1	7	X	X
208722947	56093382	79	M	1	0	X	X
208722962	56091391	79	M	1	0	X	X
208722964	56092420	69	F	1	1	X	X
208722966	56092420	67	M	1	7	X	X
208839482	56093523	44	F	1	1	X	517423646
208839520	56093916	23	M	1	2	X	517423702
208839521	56093916	44	F	1	1	X	517423593
208839522	56093916	49	M	1	0	X	517423749
208840021	56093818	36	F	1	0	X	517423623
208840111	56093305	36	F	1	0	X	517423723
208840112	56093305	9	M	1	2	450097561	X
208840115	56093305	6	F	1	2	450097561	X
208980496	56091547	81	M	1	1	X	X
208980497	56091547	69	F	1	0	X	X
208980516	56091159	81	M	1	1	X	X
208980517	56091159	69	F	1	0	X	X
208980526	56088271	81	M	1	1	X	X
209244186	56088896	33	M	1	10	X	517506332
209244196	56088266	33	M	1	10	X	517507220
209244197	56088266	36	F	1	0	X	517508473
209244226	56093394	33	M	1	10	X	517423593
209244227	56093394	36	F	1	0	X	517423759
209244228	56088618	33	M	1	10	X	517507230
209244229	56088618	36	F	1	0	X	517506668
209339930	56088242	16	F	1	2	X	517506688
209339939	56094552	70	M	1	0	X	517423593
209339952	56087881	16	F	1	2	X	517506741
209339953	56087881	70	M	1	0	X	517506451
209339966	56087933	16	F	1	2	X	517507179
209339968	56090241	16	F	1	2	X	517506659
209339984	56090322	16	F	1	2	X	517663173
209339988	56093130	16	F	1	2	X	517409846
209339989	56093130	70	M	1	0	X	517432483
209346252	56091743	53	F	1	0	X	517506451
209479628	56088050	17	M	1	2	450091631	X
209479629	56088050	9	F	1	2	450088468	X
209479630	56088050	47	F	1	0	X	517507379
209479634	56092882	17	M	1	2	450097562	X
209497777	56094564	53	M	1	0	X	517423536
209876665	56089840	82	F	1	0	X	X
209876669	56090365	82	F	1	0	X	X
209978469	56092394	59	M	1	0	X	517506451
210295235	56091829	27	F	1	0	X	517506451
210433207	56092505	27	M	1	10	X	517423631
210433208	56092505	33	F	9	0	X	517432368
210619600	56090317	46	F	1	0	X	517508358
210789504	56093327	50	F	1	0	X	517423536
210789505	56093327	44	M	1	1	X	517423593
210789510	56088591	50	F	1	0	X	517508057
210789511	56088591	44	M	1	1	X	517507928
210838417	56092314	76	F	1	0	X	X
211013501	56088236	40	M	1	0	X	517506640
211013502	56088236	36	M	1	9	X	517507728
211013509	56094119	40	M	1	0	X	517423831
211013513	56093669	40	M	1	0	X	517423759
211013514	56093669	36	M	1	9	X	517423593
211013519	56088169	40	M	1	0	X	517506741
211013521	56094081	40	M	1	0	X	517423536
211121012	56089514	4	M	1	2	X	X
211121016	56093890	4	M	1	2	X	X
211121017	56093890	24	F	1	0	X	517423669
211129973	56089214	53	M	1	0	X	517506340
211129974	56089214	20	M	1	6	X	517508097
211129975	56089214	2	F	1	2	X	X
211129977	56089214	17	F	1	2	X	X
211129980	56089233	20	M	1	6	X	517507450
211129982	56089233	12	F	1	2	450093610	X
211129984	56089233	43	F	1	1	X	X
211130011	56092547	2	F	1	2	X	X
211130012	56092547	12	F	1	2	450091630	X
211130014	56092547	43	F	1	1	X	X
211130015	56092624	53	M	1	0	X	517432368
211130016	56092624	20	M	1	6	X	517423624
211130017	56092624	2	F	1	2	X	X
211130018	56092624	12	F	1	2	450097563	X
211130019	56092624	17	F	1	2	X	X
211130033	56092066	53	M	1	0	X	517506451
211130034	56092066	20	M	1	6	X	506926847
211130035	56092066	2	F	1	2	X	X
211130038	56092066	43	F	1	1	X	X
211190334	56092587	9	M	1	2	450097561	X
211190336	56092587	31	F	1	0	X	X
211190337	56092587	7	M	1	2	450097561	X
211190339	56092587	1	F	1	2	X	X
211190340	56092745	9	M	1	2	450097561	X
211190344	56092745	2	M	1	2	X	X
211190364	56092678	9	M	1	2	450097561	X
211190366	56092678	31	F	1	0	X	X
211190367	56092678	7	M	1	2	450097561	X
211190368	56092678	2	M	1	2	X	X
211190380	56090666	2	M	1	2	X	X
211190381	56090666	1	F	1	2	X	X
211190388	56092046	9	M	1	2	450101788	X
211190390	56092046	31	F	1	0	X	X
211190391	56092046	7	M	1	2	450101788	X
211190393	56092046	1	F	1	2	X	X
211190407	56093125	36	M	1	1	X	517432368
211190410	56093125	2	M	1	2	X	X
211190411	56093125	1	F	1	2	X	X
211190442	56091562	9	M	1	2	450088468	X
211190443	56091562	36	M	1	1	X	517506451
211190444	56091562	31	F	1	0	X	X
211190445	56091562	7	M	1	2	450088468	X
211190460	56092525	9	M	1	2	450091630	X
211190461	56092525	36	M	1	1	X	517432301
211407982	56088423	59	M	1	1	X	517508497
211407984	56088551	59	M	1	1	X	517508002
211408009	56094260	50	F	1	0	X	517423529
211533337	56093116	68	M	1	0	X	517432351
211533346	56093703	68	M	1	0	X	517423841
211533353	56090012	68	M	1	0	X	517507219
211613122	56093044	57	M	1	0	X	517423669
211613123	56092580	57	M	1	0	X	517410323
211779126	56092877	74	F	1	0	X	X
212122693	56091793	30	F	1	0	X	517506451
212135326	56093716	37	F	1	1	X	X
212135327	56093716	52	M	1	0	X	517423705
212135348	56092550	37	F	1	1	X	X
212135349	56092550	52	M	1	0	X	517432351
212135354	56089119	37	F	1	1	X	X
212135355	56089119	52	M	1	0	X	517508110
212192422	56094290	51	F	1	0	X	517423831
212192423	56094102	51	F	1	0	X	517423704
212392589	56088315	12	M	1	2	450093610	X
212392592	56088315	5	F	1	2	X	X
212392594	56094095	12	M	1	2	450097563	X
212392595	56094095	51	M	1	1	X	517423524
212392596	56094095	38	F	1	0	X	517423841
212392598	56094095	9	M	1	2	450097561	X
212392619	56092119	12	M	1	2	450101788	X
212392621	56092119	38	F	1	0	X	517506451
212392623	56092119	9	M	1	2	450101788	X
212783029	56091347	52	F	1	0	X	X
212800203	56089143	50	F	1	0	X	X
212800215	56094320	50	F	1	0	X	X
213024317	56093115	86	M	9	0	X	X
213024362	56090555	86	M	9	0	X	X
213024381	56090887	86	M	9	0	X	X
213054116	56089644	23	M	1	2	X	517508726
213054117	56089644	18	M	1	2	X	517506451
213054118	56089644	47	F	1	0	X	517506451
213070360	56092954	32	M	9	0	X	517432337
213070361	56092954	11	M	1	2	450097563	X
213070362	56092954	14	M	1	2	450097563	X
213070363	56092954	9	M	1	2	450097561	X
213070364	56092954	31	F	1	1	X	517432293
213073385	56093985	46	M	1	10	X	517423760
213975916	56093261	59	M	1	1	X	517423536
213975917	56093261	61	F	1	0	X	X
213975919	56088966	61	F	1	0	X	X
213975934	56093742	59	M	1	1	X	517423593
214240681	56094079	28	F	1	1	X	517423723
214405278	56090219	13	F	1	2	450093610	X
214405281	56090219	6	F	1	2	450088468	X
214661605	56087971	59	F	1	1	X	517507220
214935426	56088720	14	M	1	2	450091631	X
214935427	56088720	47	F	1	1	X	517507580
214935428	56088720	44	M	1	0	X	517506761
214935429	56088720	14	F	1	2	450091631	X
214935438	56090341	14	M	1	2	450091631	X
214935439	56090341	47	F	1	1	X	517507933
214935440	56090341	44	M	1	0	X	517662738
214935441	56090341	14	F	1	2	450091631	X
214935466	56094136	14	M	1	2	450097562	X
214935468	56094136	44	M	1	0	X	517423812
215242233	56089687	84	F	1	0	X	X
215489503	56091359	2	F	1	2	X	X
215489504	56091359	8	M	1	2	450088468	X
215489505	56091359	8	F	1	2	450088468	X
215489508	56091359	32	M	1	0	X	517506451
215606489	56091415	53	M	1	0	X	517506451
215606490	56089779	30	F	1	1	X	517507477
215706203	56088624	16	M	1	2	450091631	517506681
215706204	56088624	36	F	1	0	X	517507739
215706219	56091715	36	F	1	0	X	517506451
215706222	56091715	9	M	1	2	450101788	X
215961531	56089797	75	M	1	1	X	X
215961532	56089797	68	F	1	0	X	X
216008017	56091763	34	F	1	0	X	517506451
216008018	56091763	36	M	1	1	X	517506451
216008040	56089135	36	M	1	1	X	517507220
216008065	56094406	34	F	1	0	X	517423821
216008066	56094406	36	M	1	1	X	517423536
216008076	56094073	36	M	1	1	X	517423593
216008079	56094353	34	F	1	0	X	517423593
216008114	56092839	36	M	1	1	X	517432283
216189916	56091435	31	M	1	2	X	517506423
216189927	56092953	60	M	1	0	X	506643616
216346483	56088961	11	M	1	2	450093610	X
216346484	56088961	55	M	1	0	X	517506451
216346485	56088961	50	F	1	1	X	X
216537412	56094099	67	F	1	0	X	X
216537426	56092634	67	F	1	0	X	X
216710392	56092248	12	M	1	2	450101788	X
216710396	56092248	40	M	1	0	X	517506238
216760872	56090442	41	F	1	1	X	517507412
216845779	56088130	65	F	1	1	X	X
216845809	56091378	65	F	1	1	X	X
216845810	56091378	72	M	1	0	X	X
216914322	56094352	33	F	1	0	X	X
216914323	56094352	42	M	1	10	X	517423759
216914324	56094352	1	F	1	2	X	X
216914354	56090571	1	F	1	2	X	X
217435979	56091843	24	F	1	1	X	517506329
217435993	56091716	27	M	1	0	X	517506451
217435995	56091716	2	F	1	2	X	X
217566170	56093493	56	F	1	0	X	X
217613411	56091178	27	M	1	0	X	517506451
217613420	56092063	21	M	1	12	X	517506238
217613433	56087969	27	M	1	0	X	517508292
217628768	56094103	49	F	1	1	X	517423723
217636219	56093808	56	M	1	0	X	517423662
217636226	56094488	56	M	1	0	X	517423593
217760677	56089659	56	M	1	0	X	X
217760680	56090465	56	M	1	0	X	X
217760694	56090950	56	M	1	0	X	X
217885233	56093428	56	M	1	1	X	517423691
217885234	56093428	52	F	9	0	X	517423743
217986006	56093280	3	F	1	2	X	X
218095993	56089278	19	F	1	2	X	X
218096017	56090975	21	M	1	2	X	506926657
218096018	56090975	19	F	1	2	X	X
218096039	56090257	17	M	1	2	450091631	X
218096059	56088948	17	M	1	2	450091631	X
218096062	56088948	21	M	1	2	X	517662850
218096089	56089957	17	M	1	2	450091631	X
218096093	56089957	19	F	1	2	X	X
218363990	56088490	40	M	1	0	X	517508002
218387264	56091939	26	F	1	1	X	X
218387267	56091939	0	F	1	2	X	X
218387268	56091939	36	M	1	0	X	517506238
218387269	56091939	30	M	1	7	X	506926607
218387270	56091939	29	F	1	7	X	X
218387274	56091434	0	F	1	2	X	X
218387275	56091434	36	M	1	0	X	517506451
218387278	56088552	26	F	1	1	X	X
218387282	56088552	36	M	1	0	X	517506451
218387283	56088552	30	M	1	7	X	517508713
218387289	56088492	36	M	1	0	X	517506700
218387291	56088492	29	F	1	7	X	X
218387335	56094642	8	F	1	7	450097561	X
218387336	56094642	31	M	1	7	X	517423694
218508348	56089804	86	M	1	0	X	X
218508357	56090039	86	M	1	0	X	X
218508375	56092129	86	M	1	0	X	X
218666585	56093319	35	M	8	1	X	517423669
218666586	56093319	2	F	9	2	X	X
218747579	56092710	33	F	1	0	X	517423534
218747580	56092710	8	M	1	2	450097561	X
219040157	56093732	44	F	1	0	X	517423679
219135641	56093270	27	F	9	10	X	517423536
219135642	56093270	3	F	9	2	X	X
219135643	56093270	7	F	9	2	450097561	X
219208860	56092086	58	M	1	1	X	X
219755950	56093834	70	F	1	0	X	X
219755957	56091115	68	M	1	1	X	X
220224627	56092115	30	F	1	9	X	X
220392190	56089746	13	M	1	2	450093610	X
220392192	56089746	15	M	1	2	450093610	X
220392239	56093974	43	F	1	0	X	517423593
220392240	56093974	15	M	1	2	450097563	X
220392242	56091574	43	F	1	0	X	517506451
220454412	56093314	29	M	1	0	X	517423759
220454413	56093314	1	F	1	2	X	X
220454418	56092259	29	M	1	0	X	517506451
220454420	56092259	20	F	1	1	X	X
220519332	56091764	77	F	1	0	X	X
221095321	56093591	48	F	1	1	X	517423593
221095322	56093591	22	M	1	2	X	517423669
221170873	56093975	7	F	9	2	450097561	X
221170875	56093975	14	F	9	2	450097563	X
221170876	56093975	42	F	6	0	X	X
221215195	56092941	53	F	1	1	X	517423624
221215206	56089777	56	M	1	0	X	X
221461824	56090004	21	M	1	10	X	517508057
221461826	56091705	21	F	1	0	X	506926719
221461827	56091705	21	M	1	10	X	517506244
221637987	56088253	54	F	1	1	X	517507236
221637993	56089445	54	F	1	1	X	517507431
221637994	56088256	71	M	1	0	X	X
221638014	56087821	71	M	1	0	X	X
221638020	56091739	71	M	1	0	X	X
221638027	56088184	54	F	1	1	X	517506483
221786027	56092149	41	M	1	0	X	517506763
221786095	56093769	39	F	1	1	X	X
221786152	56087861	39	F	1	1	X	X
221786154	56091875	2	F	1	2	X	X
221886528	56093152	46	M	9	0	X	517432286
221886546	56093433	46	M	9	0	X	517423643
222133281	56088297	37	M	1	5	X	X
222133307	56090926	37	M	1	5	X	X
222133310	56091926	79	F	1	0	X	X
222133316	56093267	79	F	1	0	X	X
222133332	56089996	79	F	1	0	X	X
222133333	56089996	37	M	1	5	X	X
222213150	56092392	34	F	1	0	X	517506451
222213153	56092392	33	M	1	1	X	517506451
222398910	56089130	60	F	1	0	X	517506451
222398911	56089608	52	M	1	1	X	517508057
222398912	56089608	60	F	1	0	X	517506451
222398913	56094517	52	M	1	1	X	517423610
222398919	56090082	52	M	1	1	X	517508675
222398921	56089187	52	M	1	1	X	517506702
222398933	56090189	52	M	1	1	X	517507179
222398934	56090189	60	F	1	0	X	517506380
222398942	56094587	60	F	1	0	X	517423815
222398958	56087926	60	F	1	0	X	517507220
222398977	56089121	52	M	1	1	X	517506451
222398999	56089263	52	M	1	1	X	517506485
222399000	56089263	60	F	1	0	X	517506660
222399002	56092172	60	F	1	0	X	517506396
222399003	56090422	52	M	1	1	X	517506713
222399004	56090422	60	F	1	0	X	517508479
222439634	56088478	51	M	1	0	X	517507236
222439635	56093728	49	F	1	1	X	517423593
222439645	56093888	49	F	1	1	X	517423528
222439649	56090187	49	F	1	1	X	506983892
222439650	56090187	51	M	1	0	X	517662807
222439664	56092508	51	M	1	0	X	517365391
222512819	56091989	42	M	1	0	X	517506238
222512820	56091989	47	F	1	10	X	517506451
222512821	56091989	17	M	1	12	X	X
222512826	56088999	47	F	1	10	X	517506741
222530200	56092448	36	F	1	0	X	X
222530220	56093740	36	F	1	0	X	X
222613929	56091970	67	M	1	0	X	X
222663934	56087936	14	M	1	2	450093610	X
222663944	56092730	54	F	1	3	X	X
222663955	56093752	14	M	1	2	450097563	X
222663956	56093752	54	F	1	3	X	X
222663957	56093752	57	F	1	0	X	517423715
222663977	56088074	54	F	1	3	X	X
222663978	56088074	57	F	1	0	X	517507468
222663996	56092838	57	F	1	0	X	517432345
222767037	56090645	59	F	1	0	X	517506396
222767039	56089090	59	F	1	0	X	517507766
222915929	56087912	67	M	1	0	X	X
222915936	56090460	67	M	1	0	X	X
222915938	56092569	67	M	1	0	X	X
222915954	56088533	67	M	1	0	X	X
223207432	56094228	72	M	1	0	X	X
223207433	56094228	67	F	1	1	X	X
223207445	56093264	67	F	1	1	X	X
223207459	56094454	67	F	1	1	X	X
223309703	56090288	85	F	1	1	X	X
223518637	56094405	27	M	1	0	X	517423726
223518688	56091741	27	M	1	0	X	517506451
223518689	56091741	43	F	3	1	X	517506451
223518707	56092571	43	F	3	1	X	517432299
223518708	56092571	14	F	3	2	450091630	X
223518709	56090201	27	M	1	0	X	517506741
223518710	56090201	43	F	3	1	X	517508063
223518711	56090201	14	F	3	2	450093610	X
223518731	56088078	43	F	3	1	X	517507236
223894247	56091295	41	M	1	0	X	517506451
223894249	56091295	15	M	1	2	450091631	X
223894262	56092546	41	M	1	0	X	517432287
223894277	56094029	41	M	1	0	X	517423650
223894306	56089043	15	M	1	2	450091631	X
224282540	56088669	50	F	1	10	X	X
224282546	56089993	50	F	1	10	X	X
224282548	56089993	50	M	1	0	X	517508057
224445379	56092910	47	F	1	1	X	517432305
224445385	56087938	47	F	1	1	X	517508076
224445399	56088939	47	F	1	1	X	517507942
224445400	56088939	49	M	1	0	X	517507415
224445413	56094623	47	F	1	1	X	517423759
224445414	56094623	49	M	1	0	X	517423593
224445433	56093784	47	F	1	1	X	517423593
224445434	56093784	49	M	1	0	X	517423537
224445440	56088445	49	M	1	0	X	517506558
224504606	56092256	13	M	1	2	450101788	X
224504607	56092256	33	F	1	0	X	517506380
224504609	56092256	8	M	1	2	450101788	X
224504610	56092256	35	M	1	1	X	517506451
224504626	56090709	13	M	1	2	450101788	X
224504638	56091645	9	F	1	2	450088468	X
224504639	56091645	8	M	1	2	450088468	X
224504640	56091645	35	M	1	1	X	517506238
224504686	56090360	13	M	1	2	450093610	X
224504690	56090360	35	M	1	1	X	517507973
224506141	56090309	57	F	1	0	X	517506864
225258217	56089961	11	M	6	2	450067304	X
225258218	56089961	56	M	1	1	X	517506457
225258272	56093244	56	M	1	1	X	517423680
225258287	56090401	56	M	1	1	X	517507220
225523791	56092761	45	F	1	1	X	X
225523792	56092761	19	F	1	2	X	X
225577086	56092831	2	F	1	2	X	X
225836795	56094595	10	M	1	2	450097561	X
225836797	56094595	37	M	1	1	X	517423536
225836798	56094595	1	F	1	2	X	X
225836799	56094595	31	F	1	0	X	517423724
225836802	56093170	63	F	1	6	X	X
225836803	56093170	37	M	1	1	X	517432476
225836804	56093170	1	F	1	2	X	X
225836805	56093170	31	F	1	0	X	517410968
225836806	56093170	7	F	1	2	450097561	X
225836813	56091717	10	M	1	2	450088468	X
225836814	56091717	63	F	1	6	X	X
225836815	56091717	37	M	1	1	X	517506238
225836816	56091717	1	F	1	2	X	X
225836825	56090492	10	M	1	2	450088468	X
225836828	56090492	1	F	1	2	X	X
226263069	56089716	8	M	1	2	450088468	X
226263070	56089716	3	F	1	2	X	X
226263072	56089716	10	M	1	2	450088468	X
226263073	56089716	41	M	1	1	X	517506238
226263096	56088046	10	M	1	2	450088468	X
226263097	56088046	41	M	1	1	X	517507324
226263098	56088046	36	F	1	0	X	X
226263117	56088821	8	M	1	2	450088468	X
226263118	56088821	3	F	1	2	X	X
226263120	56088821	10	M	1	2	450088468	X
226265217	56091180	2	M	1	2	X	X
226265218	56091180	20	F	1	0	X	517506451
226371220	56091319	36	M	1	0	X	517507439
226371234	56093800	36	M	1	0	X	517423694
226371247	56089762	15	F	1	2	450091631	X
226371248	56089762	36	M	1	0	X	517663285
226371298	56088577	36	M	1	0	X	517508259
226371309	56088851	15	F	1	2	450091631	X
226471594	56090483	87	M	1	0	X	X
226746720	56088549	41	M	1	0	X	X
226746722	56091940	41	M	1	0	X	X
226746724	56088483	41	M	1	0	X	X
226746725	56088483	17	F	1	2	450091631	X
226746732	56088889	41	M	1	0	X	X
226746733	56088889	17	F	1	2	450091631	X
226746734	56088288	41	M	1	0	X	X
226746737	56093658	17	F	1	2	450097562	X
226746742	56091439	41	M	1	0	X	X
226746743	56091439	17	F	1	2	450091631	X
226746745	56088666	17	F	1	2	450091631	X
226746766	56091300	41	M	1	0	X	X
226746786	56088603	41	M	1	0	X	X
226746801	56088612	17	F	1	2	450091631	X
226746807	56091329	17	F	1	2	450091631	X
226746811	56088700	17	F	1	2	450091631	X
226746834	56088883	41	M	1	0	X	X
226802337	56092365	48	M	1	2	X	517506451
226802342	56091000	29	F	8	6	X	517506451
226802343	56091000	48	M	1	2	X	517506238
226823816	56094477	54	F	1	0	X	517423759
226823822	56090553	54	F	1	0	X	517506396
226823825	56094043	54	F	1	0	X	517423669
226839567	56092881	81	M	9	0	X	X
226915889	56091408	19	F	1	2	X	517507480
226915916	56093228	41	M	1	0	X	517423593
226915918	56093228	0	M	1	5	X	X
226916031	56092874	37	F	1	1	X	517432298
226916035	56093581	37	F	1	1	X	517423643
226916037	56093581	19	F	1	2	X	517423714
226916079	56093624	37	F	1	1	X	517423723
226916082	56093624	0	M	1	5	X	X
227065719	56088244	49	M	1	0	X	517506684
227065727	56088555	49	M	1	0	X	517506451
227065728	56088555	17	F	1	2	450091631	X
227065738	56089393	17	F	1	2	450091631	X
227065760	56088373	17	F	1	2	450091631	X
227094776	56090402	64	F	1	1	X	X
227094777	56090402	34	M	1	2	X	517506451
227094778	56090402	67	M	1	0	X	X
227094800	56088550	64	F	1	1	X	X
227094802	56088550	67	M	1	0	X	X
227094804	56089808	34	M	1	2	X	517507233
227094811	56090480	67	M	1	0	X	X
227094813	56088485	34	M	1	2	X	517507219
227094814	56088485	67	M	1	0	X	X
227094815	56090041	64	F	1	1	X	X
227094816	56090041	34	M	1	2	X	517506451
227094817	56090041	67	M	1	0	X	X
227094825	56088358	34	M	1	2	X	517506440
227094828	56089239	34	M	1	2	X	517507236
227094836	56091918	64	F	1	1	X	X
227094838	56091918	67	M	1	0	X	X
227094867	56088193	34	M	1	2	X	517507431
227094878	56091859	64	F	1	1	X	X
227094879	56091859	34	M	1	2	X	517506451
227094880	56091859	67	M	1	0	X	X
227094893	56091667	64	F	1	1	X	X
227094895	56091667	67	M	1	0	X	X
227094911	56092721	64	F	1	1	X	X
227094914	56091742	64	F	1	1	X	X
227094915	56091742	34	M	1	2	X	517506451
227094919	56092357	67	M	1	0	X	X
227094941	56091122	64	F	1	1	X	X
227094943	56091122	67	M	1	0	X	X
227224327	56091021	30	M	1	1	X	517506451
227224328	56091021	27	F	1	0	X	517506451
227224329	56091021	2	F	1	2	X	X
227227303	56089546	9	F	1	2	450088468	X
227227319	56091637	9	F	1	2	450088468	X
227227322	56091637	13	F	1	2	450101788	X
227230007	56091825	44	M	1	0	X	517506360
227230009	56088051	44	M	1	0	X	517507363
227230030	56087871	44	M	1	0	X	517506451
227230035	56093903	44	M	1	0	X	517423694
227230050	56088077	44	M	1	0	X	517506451
227230055	56089573	44	M	1	0	X	517507416
227230064	56094415	44	M	1	0	X	517423536
227340101	56089763	86	F	1	0	X	X
227340102	56089960	89	M	1	1	X	X
227340103	56089960	86	F	1	0	X	X
227423234	56088802	58	M	1	0	X	X
227531507	56094216	4	F	1	2	X	X
227531508	56094216	10	M	1	2	450097563	X
227531509	56094216	31	F	1	0	X	X
227531510	56094120	32	M	1	1	X	517423593
227531513	56094120	31	F	1	0	X	X
227531518	56089108	32	M	1	1	X	517508002
227531519	56089108	4	F	1	2	X	X
227531520	56089108	10	M	1	2	450093610	X
227531521	56089108	31	F	1	0	X	X
227617253	56094563	23	M	1	0	X	517423614
227617254	56094563	25	F	1	10	X	517423528
227835298	56094017	58	M	1	0	X	517423593
227835300	56089604	58	M	1	0	X	517508200
227835340	56094167	58	M	1	0	X	517423759
227992599	56089603	45	F	1	1	X	X
227992601	56089603	18	F	1	2	450091631	X
227992602	56089603	56	M	1	0	X	X
227992623	56090638	45	F	1	1	X	X
227992626	56090638	56	M	1	0	X	X
227992639	56093627	45	F	1	1	X	X
227992640	56093627	16	F	1	2	450097560	X
227992645	56089307	18	F	1	2	450091631	X
227992646	56089307	56	M	1	0	X	X
227992671	56093257	45	F	1	1	X	X
228052943	56091385	66	F	1	0	X	X
228052944	56091385	69	M	1	1	X	X
228052946	56092491	69	M	1	1	X	X
228205588	56087875	72	M	1	0	X	X
228336215	56093017	42	F	1	0	X	517432368
228336216	56093017	55	M	1	10	X	517432368
228336217	56093017	11	M	1	2	450097563	X
228336219	56089815	55	M	1	10	X	517508695
228336220	56089815	11	M	1	2	450093610	X
228336221	56089412	42	F	1	0	X	517506700
228336243	56090099	55	M	1	10	X	517506451
228336262	56088208	11	M	1	2	450093610	X
228336283	56092337	11	M	1	2	450101788	X
228451231	56089921	57	M	1	1	X	X
228451233	56092548	57	M	1	1	X	X
228451240	56088723	50	F	1	0	X	517506708
228578463	56089969	72	M	1	0	X	X
228578464	56089969	69	F	1	1	X	X
228578465	56091695	72	M	1	0	X	X
228578481	56088470	72	M	1	0	X	X
228578482	56088470	69	F	1	1	X	X
228578491	56090944	72	M	1	0	X	X
228578492	56090944	69	F	1	1	X	X
228614944	56094380	13	M	1	2	450097563	X
228614946	56094380	44	F	1	1	X	517423759
228714401	56093652	75	F	1	1	X	X
228714404	56088695	79	M	1	0	X	X
228714405	56088695	75	F	1	1	X	X
228714426	56090393	79	M	1	0	X	X
228714434	56090010	79	M	1	0	X	X
228714451	56090267	75	F	1	1	X	X
228714458	56088098	79	M	1	0	X	X
228714459	56088098	75	F	1	1	X	X
229192476	56088024	35	F	1	0	X	517507479
229192477	56088024	42	M	1	1	X	517506713
229300741	56088221	75	F	1	0	X	X
229300758	56090671	75	F	1	0	X	X
229473478	56090696	88	F	1	0	X	X
229473479	56090611	88	F	1	0	X	X
229714056	56091819	23	F	1	1	X	517340320
229751875	56087893	71	M	1	0	X	517507379
229751889	56094467	71	M	1	0	X	517423759
229751898	56093622	71	M	1	0	X	517423759
229751905	56094201	71	M	1	0	X	517423662
229808225	56093801	47	F	1	0	X	517423729
229808234	56093527	47	F	1	0	X	517423618
229885888	56088111	29	F	1	0	X	X
229885889	56088111	29	M	1	1	X	517507293
229885912	56092214	29	F	1	0	X	X
229885914	56092214	3	M	1	2	X	X
229885920	56092401	3	M	1	2	X	X
229885930	56094117	29	F	1	0	X	X
229885931	56094117	29	M	1	1	X	517423743
229885932	56094117	3	M	1	2	X	X
229885955	56093199	29	M	1	1	X	517432363
229885966	56088590	29	F	1	0	X	X
229885968	56088590	3	M	1	2	X	X
230740022	56093353	59	F	1	0	X	X
230740026	56089565	59	F	1	0	X	X
230776545	56090311	20	F	1	10	X	X
230807789	56093400	36	F	1	1	X	X
230807793	56093400	39	M	1	0	X	517423759
230807819	56088034	36	F	1	1	X	X
230807823	56088034	39	M	1	0	X	517508486
230807869	56093912	36	F	1	1	X	X
230807870	56093912	13	F	1	2	450097563	X
230807872	56093912	17	F	1	2	450097560	X
230807873	56093912	39	M	1	0	X	517423612
231112277	56091546	29	M	1	0	X	517339387
231112278	56091546	0	M	1	2	X	X
231185685	56088348	2	M	1	2	X	X
231185686	56088348	35	F	1	0	X	517507220
231185687	56088348	34	M	1	1	X	517507219
231185759	56091392	34	M	1	1	X	517506233
231185763	56089770	2	M	1	2	X	X
231185765	56089770	34	M	1	1	X	517507221
231187449	56088281	58	F	1	1	X	X
231187453	56089896	58	F	1	1	X	X
231273568	56089464	60	M	1	0	X	517506238
231273569	56089464	60	F	1	1	X	517508381
231273573	56093009	60	F	1	1	X	517432352
231273578	56093184	60	M	1	0	X	517432292
231279321	56088154	67	F	1	0	X	517506451
231279325	56088199	67	F	1	0	X	517508109
231979228	56094177	80	F	1	0	X	X
232067417	56092690	35	F	1	0	X	517423778
232067434	56088815	7	F	1	2	450088468	X
232067435	56088404	35	F	1	0	X	517506451
232067456	56091795	7	F	1	2	450088468	X
232067466	56091310	7	F	1	2	450088468	X
232067472	56088672	7	F	1	2	450088468	X
232067478	56092737	7	F	1	2	450097561	X
232096123	56089839	65	F	1	0	X	517506724
232096126	56089995	71	M	1	1	X	X
232497965	56091643	33	F	1	1	X	517506451
232497966	56091643	5	M	1	2	450088468	X
232497967	56091643	7	M	1	2	450088468	X
232497970	56091643	13	M	1	2	450101788	X
232497983	56090474	10	F	1	2	450093610	X
232497985	56088833	37	M	1	0	X	517507355
232497986	56088833	33	F	1	1	X	517506734
232497987	56088833	5	M	1	2	450088468	X
232497999	56092747	37	M	1	0	X	517432305
232498003	56092747	9	F	1	2	450097561	X
232498005	56092747	13	M	1	2	450097563	X
232498020	56093156	37	M	1	0	X	517432301
232498021	56093156	33	F	1	1	X	517423718
232498022	56093156	5	M	1	2	450097561	X
232498023	56093156	7	M	1	2	450097561	X
232498053	56092754	10	F	1	2	450097563	X
232498054	56092754	13	M	1	2	450097563	X
232498086	56094618	7	M	1	2	450097561	X
232498097	56089713	37	M	1	0	X	517663278
232498098	56089713	33	F	1	1	X	517507230
232498099	56089713	5	M	1	2	450088468	X
232498100	56089713	7	M	1	2	450088468	X
232498101	56089713	9	F	1	2	450088468	X
232498103	56089713	13	M	1	2	450093610	X
232498185	56088926	9	F	1	2	450088468	X
232498186	56088926	10	F	1	2	450093610	X
232498188	56094303	37	M	1	0	X	517507213
232498190	56094303	5	M	1	2	450097561	X
232498191	56094303	7	M	1	2	450097561	X
232498194	56094303	13	M	1	2	450097563	X
232498238	56089897	33	F	1	1	X	517508057
232498240	56089897	7	M	1	2	450088468	X
232498241	56089897	9	F	1	2	450088468	X
232498242	56089897	10	F	1	2	450093610	X
232498243	56089897	13	M	1	2	450093610	X
232498265	56091760	37	M	1	0	X	517506451
232498266	56091760	33	F	1	1	X	517506416
232498271	56091760	13	M	1	2	450101788	X
232499307	56092513	42	M	1	9	X	X
232499310	56091598	34	F	1	0	X	517507233
232499311	56091598	42	M	1	9	X	X
232499328	56090061	34	F	1	0	X	517507975
232499334	56091424	34	F	1	0	X	517506399
232499335	56091424	42	M	1	9	X	X
232499462	56094097	58	M	1	0	X	517423601
232499465	56088828	58	M	1	0	X	517507488
232499466	56089617	58	M	1	0	X	517507252
232499469	56093996	58	M	1	0	X	517423568
232584378	56090176	22	F	1	2	X	517506637
232584379	56090176	21	M	1	8	X	517507994
232584381	56090176	38	F	1	1	X	517508499
232584394	56088807	22	F	1	2	X	517508763
232584395	56088807	21	M	1	8	X	517506558
232584396	56088807	44	M	1	0	X	517507420
232584421	56094350	38	F	1	1	X	517423707
232584437	56088316	38	F	1	1	X	517507220
232584442	56091150	22	F	1	2	X	517506339
232584443	56091150	21	M	1	8	X	517423678
232584446	56091952	22	F	1	2	X	517506451
232584447	56091952	21	M	1	8	X	517506451
232584448	56091952	44	M	1	0	X	517506451
232584467	56091279	21	M	1	8	X	517506702
232584470	56088165	22	F	1	2	X	517507230
232584471	56088165	21	M	1	8	X	517506880
232584502	56093986	22	F	1	2	X	517423593
232584504	56093986	44	M	1	0	X	517423817
232842709	56091528	29	F	1	0	X	517506341
232961173	56094292	61	M	1	0	X	517423669
232961176	56090286	55	F	1	1	X	X
233143161	56088715	86	F	1	1	X	X
233143172	56089924	89	M	1	0	X	X
233143176	56093222	89	M	1	0	X	X
233143180	56094212	89	M	1	0	X	X
233143188	56092837	89	M	1	0	X	X
233143189	56092837	86	F	1	1	X	X
233219610	56090711	30	F	1	1	X	517506248
233219627	56093767	32	M	1	0	X	517423710
233219629	56093767	4	F	1	2	X	X
233219630	56093767	30	F	1	1	X	517423606
233219655	56091662	32	M	1	0	X	517506451
233219695	56091436	32	M	1	0	X	517506451
233219696	56091436	0	M	1	2	X	X
233219697	56091436	4	F	1	2	X	X
233219698	56091436	30	F	1	1	X	517506761
233219699	56089572	32	M	1	0	X	517506451
233219700	56089572	0	M	1	2	X	X
233219702	56089572	30	F	1	1	X	517507942
233274098	56089826	60	F	1	0	X	517392889
233299315	56092813	61	F	1	0	X	517432278
233299322	56094463	61	F	1	0	X	517423832
233630684	56094178	66	F	1	1	X	X
233630685	56094178	78	M	1	0	X	X
233630717	56089490	78	M	1	0	X	X
233657506	56088131	38	F	1	1	X	X
233657519	56089372	46	M	1	0	X	517506776
233657535	56093777	17	F	1	2	450097562	517423704
233657536	56093777	38	F	1	1	X	X
233657537	56093777	19	F	1	2	X	517423759
233657571	56089783	38	F	1	1	X	X
233657573	56089783	5	F	1	2	450088468	X
233657584	56089749	46	M	1	0	X	517506682
233657585	56089749	17	F	1	2	450091631	517508179
233797215	56091834	3	F	1	2	450094430	X
233797216	56091834	7	F	1	2	450088468	X
233797218	56091834	31	M	1	0	X	517376519
233797248	56093225	7	F	1	2	450097561	X
233797250	56093225	31	M	1	0	X	517423712
233917393	56091583	25	M	1	0	X	517506356
234110854	56087844	55	F	1	0	X	X
234110855	56087844	58	M	1	1	X	517506380
234110860	56091138	55	F	1	0	X	X
234503030	56088115	79	F	1	0	X	X
234503042	56090481	79	F	1	0	X	X
234503054	56094600	79	F	1	0	X	X
234503055	56094600	80	M	1	1	X	X
234503059	56090098	80	M	1	1	X	X
234587107	56092933	72	M	1	0	X	517432452
234587109	56094375	72	M	1	0	X	517423536
234587120	56088355	70	F	1	1	X	X
234587123	56092216	72	M	1	0	X	517506451
234672238	56090762	81	F	1	0	X	X
234672247	56090375	81	F	1	0	X	X
234768225	56094607	48	M	1	0	X	517423650
234768230	56090504	47	F	1	1	X	517506451
234768231	56090504	48	M	1	0	X	517506273
234896799	56092609	50	M	1	0	X	517432368
235180018	56094491	55	F	1	0	X	517423593
235252159	56092124	33	M	1	2	X	517506563
235252163	56090462	33	M	1	2	X	517507236
235252164	56090462	46	M	1	0	X	517506558
235252165	56090462	53	F	9	1	X	X
235252166	56090462	5	M	1	5	X	X
235257418	56089717	60	M	1	0	X	517507721
235257428	56093374	60	M	1	0	X	517423669
235673501	56093502	19	F	1	2	X	517423609
235673503	56093502	52	M	1	0	X	517423767
235673504	56093502	47	F	1	1	X	517423617
235673539	56089146	52	M	1	0	X	517508199
235673540	56089146	47	F	1	1	X	517508350
235673565	56088093	19	F	1	2	X	517507211
235673566	56088093	23	M	1	2	X	517508179
235673568	56088093	47	F	1	1	X	506983892
235843581	56090991	25	M	1	10	X	517506238
235843582	56090991	23	F	1	0	X	X
235843583	56090991	4	M	1	2	X	X
235843584	56090991	3	M	1	2	X	X
235843598	56089609	4	M	1	2	X	X
235843599	56089609	3	M	1	2	X	X
235843657	56093173	23	F	1	0	X	X
235843711	56092915	25	M	1	10	X	517423534
235843712	56092915	23	F	1	0	X	X
235843714	56092915	3	M	1	2	X	X
235843730	56089378	2	M	1	2	X	X
235843731	56089378	25	M	1	10	X	517506451
235843732	56089378	23	F	1	0	X	X
235843734	56089378	3	M	1	2	X	X
235853566	56089197	22	M	1	0	X	517507220
235853567	56089197	1	M	1	2	X	X
235853568	56089197	21	F	1	1	X	517508179
235988836	56092457	14	M	1	2	450091631	X
235988837	56092457	9	F	1	2	450101788	X
235988838	56092457	6	M	1	2	450101788	X
235988851	56091655	41	F	1	0	X	517506346
236016030	56091453	49	M	1	0	X	517506451
236185172	56094479	58	M	1	1	X	X
236185201	56094310	52	F	1	0	X	X
236185218	56088610	58	M	1	1	X	X
236935578	56093940	63	F	1	0	X	X
237362821	56088667	50	M	1	0	X	517508676
237362822	56088667	9	M	1	5	450088468	X
237362836	56093367	50	M	1	0	X	517423759
237362838	56093367	47	F	1	1	X	517423759
237362860	56088932	50	M	1	0	X	517507221
237362863	56090615	50	M	1	0	X	517506451
237362864	56090615	9	M	1	5	450088468	X
237362865	56090615	47	F	1	1	X	517506345
237362884	56089976	50	M	1	0	X	517506730
237362886	56089976	47	F	1	1	X	517506451
237362946	56091058	47	F	1	1	X	517507431
237362984	56094222	9	M	1	5	450097561	X
237362985	56094222	47	F	1	1	X	517423730
237468281	56094302	56	M	1	0	X	517423678
237468285	56089672	56	M	1	0	X	517507219
237468286	56089672	54	F	1	1	X	517507435
237687430	56089985	28	F	1	1	X	517506382
237687431	56089985	35	M	1	0	X	517506695
237687441	56092530	1	M	1	2	X	X
237687568	56088648	28	F	1	1	X	517507228
237687569	56088648	35	M	1	0	X	517507249
237687570	56088648	1	M	1	2	X	X
237687575	56088918	35	M	1	0	X	517506556
237687576	56088918	1	M	1	2	X	X
237687635	56089046	35	M	1	0	X	517506485
237687646	56090855	28	F	1	1	X	517506451
237687715	56092188	28	F	1	1	X	517506451
237687717	56092188	1	M	1	2	X	X
237712430	56090941	54	M	1	0	X	517506451
237712439	56088178	51	F	1	1	X	517507184
237862619	56089552	57	F	1	0	X	517507236
237862627	56088967	57	F	1	0	X	517508499
237862634	56088921	57	F	1	0	X	517508763
237862637	56091245	57	F	1	0	X	517506451
238013101	56090331	15	M	1	2	450091631	X
238252374	56093207	66	F	1	1	X	X
238297558	56089241	4	M	9	2	450066968	X
238297559	56089241	3	F	9	2	X	X
238297560	56089241	2	M	9	2	X	X
238297584	56094346	3	F	9	2	X	X
238297585	56094346	2	M	9	2	X	X
238297586	56094346	23	F	1	0	X	X
238297587	56094346	26	M	9	1	X	517423669
238488626	56090865	55	M	1	0	X	517506451
238488627	56090865	55	F	1	1	X	517506766
238518454	56088190	72	M	1	1	X	X
238561356	56091225	48	F	1	7	X	517506451
238561357	56091225	61	F	1	0	X	517506451
238561358	56091225	63	M	1	1	X	X
238607690	56088375	40	M	1	0	X	517506671
238607738	56093030	40	M	1	0	X	517423759
238607740	56093030	32	F	1	1	X	517365391
238607741	56093030	0	M	1	2	X	X
238607746	56094262	40	M	1	0	X	517423593
238607748	56094262	32	F	1	1	X	517423759
238607749	56094262	0	M	1	2	X	X
238607767	56089032	4	F	1	2	450066968	X
238607769	56089032	0	M	1	2	X	X
238607791	56092972	4	F	1	2	450066968	X
238607792	56092972	32	F	1	1	X	517423780
238607793	56092972	0	M	1	2	X	X
238607806	56092030	40	M	1	0	X	517506451
238607808	56092030	32	F	1	1	X	517506451
238607818	56091872	40	M	1	0	X	517506288
238607819	56091872	4	F	1	2	450066968	X
238607820	56091872	32	F	1	1	X	517506451
238747057	56092254	67	F	1	1	X	X
238747058	56092254	68	M	1	0	X	517506872
238747064	56093150	68	M	1	0	X	517432476
238747067	56089204	67	F	1	1	X	X
238747068	56089204	68	M	1	0	X	517506451
238857161	56094416	59	F	1	0	X	517423593
238989462	56091600	30	M	1	0	X	517506451
238989465	56087888	28	M	1	9	X	517506451
238989490	56091845	30	M	1	0	X	517506308
238989514	56094233	30	M	1	0	X	517423760
238989525	56093189	28	M	1	9	X	517432368
238989541	56089305	28	M	1	9	X	517662682
239278846	56087808	16	F	1	2	450091631	X
239278847	56087808	65	M	1	0	X	517506451
239278881	56088988	52	F	1	1	X	X
239942239	56089516	28	F	1	0	X	517508002
239942240	56091976	28	F	1	0	X	517506451
240098241	56090525	34	M	1	0	X	517376524
240098254	56087942	34	F	1	1	X	X
240098255	56087942	34	M	1	0	X	517508893
240098258	56089382	34	F	1	1	X	X
240098259	56089382	34	M	1	0	X	517507457
240098278	56091549	34	F	1	1	X	X
240098279	56091549	34	M	1	0	X	517506558
240098303	56092070	34	M	1	0	X	517506232
240098319	56088167	34	M	1	0	X	517506451
240113656	56090178	46	F	1	0	X	X
240113659	56088615	46	M	1	1	X	517508498
240113663	56089401	46	M	1	1	X	517506451
240113668	56090667	46	F	1	0	X	X
240113686	56088971	46	F	1	0	X	X
240113687	56088971	46	M	1	1	X	517506700
240113698	56088534	46	F	1	0	X	X
240113703	56089774	46	M	1	1	X	517508721
240113705	56090511	46	M	1	1	X	517506451
240113708	56090358	46	F	1	0	X	X
240113711	56089042	46	M	1	1	X	517507369
240396267	56089270	53	M	1	0	X	517506718
240431821	56088177	50	F	1	0	X	X
240454001	56088083	71	F	1	1	X	517507708
240614516	56093653	46	F	1	1	X	517423593
240614518	56093653	48	M	1	0	X	517423593
240614580	56091313	12	M	1	2	450101788	X
240614581	56091313	48	M	1	0	X	517506451
240614582	56090166	46	F	1	1	X	517507466
240812545	56093176	55	F	1	0	X	517409438
240812549	56092240	55	F	1	0	X	517506451
240812552	56089419	56	M	1	1	X	517507431
240812553	56089419	55	F	1	0	X	517662850
240812554	56088775	56	M	1	1	X	517508804
240812555	56088775	55	F	1	0	X	517507219
240812570	56094074	56	M	1	1	X	517423714
240812571	56094074	55	F	1	0	X	517423593
240812576	56094092	56	M	1	1	X	517416035
240812577	56094092	55	F	1	0	X	517423593
240911241	56088718	49	M	1	0	X	517507220
240911242	56088718	48	F	1	1	X	X
241134716	56091835	1	M	9	2	X	X
241134717	56091835	30	M	1	0	X	517506451
241518857	56089528	69	F	1	1	X	X
241518858	56089528	67	F	1	3	X	X
242412769	56089962	26	M	1	10	X	517506451
242412770	56089962	28	F	1	0	X	517508628
242412771	56089962	8	M	1	2	450088468	X
242481381	56088113	61	F	1	0	X	517507443
242481382	56088113	61	M	1	1	X	X
242481383	56088113	27	M	1	2	X	517507281
242481391	56091510	61	M	1	1	X	X
242481528	56089997	61	F	1	0	X	517506557
242481530	56089997	27	M	1	2	X	517507244
242670656	56092443	11	M	1	2	450101788	X
242670667	56093052	37	F	1	0	X	517432476
242670673	56090190	37	F	1	0	X	517506741
242670692	56088627	11	M	1	2	450093610	X
242670694	56088627	37	F	1	0	X	517507431
242778939	56091212	86	F	1	0	X	X
242778945	56091591	86	F	1	0	X	X
242778955	56088978	86	F	1	0	X	X
242807542	56091734	31	M	1	1	X	517506451
242807544	56091734	6	M	1	2	450088468	X
242807545	56091734	26	F	1	0	X	517506251
242807551	56093162	8	F	1	2	450097561	X
242807591	56092452	8	F	1	2	450101788	X
242807593	56092452	26	F	1	0	X	517506451
242807622	56088799	31	M	1	1	X	517508721
242924418	56088383	8	F	1	2	450088468	X
242924471	56090469	38	F	1	1	X	517508499
242924472	56090469	10	F	1	2	450093610	X
243253392	56090109	56	F	1	1	X	517506741
243253393	56090109	17	M	1	11	450091631	517507696
243253396	56089049	17	M	1	11	450091631	517506648
243253399	56091236	17	M	1	11	450091631	517506332
243253400	56091236	50	M	1	0	X	517506451
243253410	56090343	56	F	1	1	X	517507454
243253412	56090343	50	M	1	0	X	517508283
243271458	56091554	58	F	1	0	X	X
243271470	56088100	58	F	1	0	X	X
243298920	56088992	62	F	1	0	X	X
243298924	56092936	62	F	1	0	X	X
243353494	56091132	35	F	1	1	X	X
243799382	56092462	66	F	1	1	X	X
243799383	56088725	69	M	1	0	X	517508283
243857809	56089193	58	M	1	0	X	517507220
243857810	56089193	56	F	1	1	X	X
243857821	56094501	58	M	1	0	X	517423575
243857832	56091059	56	F	1	1	X	X
244125095	56089192	20	M	1	2	X	517506451
244125096	56089192	45	M	1	1	X	517507432
244125097	56089192	44	F	1	0	X	517506319
244125110	56092861	16	M	1	2	450097562	517432452
244125112	56092861	45	M	1	1	X	517432279
244125113	56092861	44	F	1	0	X	506643526
244125126	56089930	16	M	1	2	450091631	517506741
244125127	56089930	20	M	1	2	X	517508103
244125128	56089930	45	M	1	1	X	517506878
244125129	56089930	44	F	1	0	X	517506238
244125152	56091603	45	M	1	1	X	517506238
244125153	56091603	44	F	1	0	X	517506451
244125158	56088449	16	M	1	2	450091631	517507379
244125159	56088449	20	M	1	2	X	517507413
244125161	56088449	44	F	1	0	X	517508753
244125162	56093641	16	M	1	2	450097562	517423593
244125163	56093641	20	M	1	2	X	517432368
244125165	56093641	44	F	1	0	X	517423536
244125183	56092165	20	M	1	2	X	517506451
244125184	56092165	45	M	1	1	X	517506238
244125209	56092475	44	F	1	0	X	517506451
244280529	56091787	15	F	9	2	450091631	X
244280550	56089641	15	F	9	2	450091631	X
244280551	56089641	37	M	1	0	X	517506379
244280559	56094601	15	F	9	2	450097562	X
244280562	56090205	15	F	9	2	450091631	X
244280563	56090205	37	M	1	0	X	517507355
244292874	56094179	10	F	1	2	450097561	X
244292875	56094179	8	M	1	2	450097561	X
244292876	56094179	37	F	1	0	X	X
244293037	56090094	55	M	1	1	X	517507211
244293038	56090094	12	F	1	2	450093610	X
244293039	56090094	10	F	1	2	450088468	X
244293041	56090094	37	F	1	0	X	X
244293098	56088632	12	F	1	2	450093610	X
244293100	56088632	8	M	1	2	450088468	X
244293103	56089704	12	F	1	2	450093610	X
244293104	56089704	10	F	1	2	450088468	X
244293106	56089704	37	F	1	0	X	X
244293140	56090357	8	M	1	2	450088468	X
244293141	56090357	37	F	1	0	X	X
244311880	56088869	60	F	1	1	X	517506481
244311885	56089001	57	M	1	0	X	517506880
244311904	56093942	60	F	1	1	X	517423759
244311934	56089977	60	F	1	1	X	517507942
244511589	56094264	56	M	1	0	X	517423636
244511604	56093893	56	M	1	0	X	517423669
244511606	56093797	56	M	1	0	X	517423669
244511635	56088583	56	M	1	0	X	517508624
244759238	56094157	28	F	1	0	X	517423589
244759240	56094227	28	F	1	0	X	517423638
244759243	56088274	28	F	1	0	X	517508057
244759247	56094105	28	F	1	0	X	517423536
244759251	56094449	28	F	1	0	X	517423759
244759281	56094324	28	F	1	0	X	517423760
244759291	56094002	28	F	1	0	X	517423766
244759321	56092008	28	F	1	0	X	517506451
244759371	56092362	28	F	1	0	X	517506451
244759387	56091895	28	F	1	0	X	517506451
244759390	56088095	28	F	1	0	X	517507438
244885768	56093158	16	F	1	2	450097562	517423759
244885777	56090580	46	M	1	0	X	517506416
244885780	56090580	16	F	1	2	450091631	517506251
244885787	56090646	49	F	1	1	X	517506451
244885788	56090646	16	F	1	2	450091631	517506380
244885818	56088437	22	F	1	2	X	517507417
244968414	56088151	26	M	1	0	X	517506251
244968422	56094376	26	M	1	0	X	517423536
245054826	56089555	51	M	1	0	X	517507785
245054850	56092545	51	M	1	0	X	517432368
245054853	56093209	51	M	1	0	X	517432368
245054884	56088102	51	M	1	0	X	517508049
245101753	56093135	61	F	1	0	X	517432281
245101757	56093634	61	F	1	0	X	517423536
245101758	56094381	61	F	1	0	X	517423759
245101770	56090130	61	F	1	0	X	517662923
245103899	56091732	7	M	1	2	450088468	X
245103903	56091732	33	M	1	1	X	517506388
245103921	56092015	5	M	1	2	450094430	X
245103922	56092015	34	F	1	0	X	506926624
245103925	56092015	12	F	1	2	450101788	X
245103949	56092786	5	M	1	2	450094430	X
245103950	56092786	34	F	1	0	X	517432476
245103952	56092786	33	M	1	1	X	517410387
245103954	56092786	2	F	1	2	X	X
245103958	56092334	11	M	1	2	450101788	X
245103960	56092334	12	F	1	2	450101788	X
245103961	56092334	2	F	1	2	X	X
245108575	56089745	71	M	1	0	X	X
245108611	56093977	71	M	1	0	X	X
245108613	56091162	71	M	1	0	X	X
245108621	56091119	71	M	1	0	X	X
245108627	56091345	71	M	1	0	X	X
245324252	56091401	52	M	1	0	X	517506380
245324257	56088198	20	M	1	2	X	517506451
245324259	56088198	16	M	1	2	450091631	X
245324267	56089200	52	M	1	0	X	517508176
245324275	56092783	20	M	1	2	X	517432368
245324276	56092783	52	M	1	0	X	517432345
245443254	56094374	57	M	1	1	X	517423528
245443258	56087985	57	M	1	1	X	517506693
245443259	56087985	59	F	1	0	X	X
245443274	56090431	57	M	1	1	X	517506360
245443276	56089140	57	M	1	1	X	517507221
245443277	56089140	59	F	1	0	X	X
245443287	56094364	59	F	1	0	X	X
245443288	56091566	57	M	1	1	X	517339394
245443297	56093765	59	F	1	0	X	X
245443327	56089208	59	F	1	0	X	X
245443329	56087996	59	F	1	0	X	X
245509746	56091449	6	M	1	2	450091630	X
245509747	56091449	31	M	1	0	X	517506451
245509749	56091449	4	F	1	2	X	X
245509818	56093171	6	M	1	2	450097561	X
245509819	56093171	31	M	1	0	X	517432368
245509820	56093171	30	F	1	1	X	506643545
245509821	56093171	4	F	1	2	X	X
245509871	56093034	31	M	1	0	X	517432279
245509914	56093543	6	M	1	2	450097561	X
245509915	56093543	31	M	1	0	X	517423593
245603668	56093584	21	M	1	0	X	517423593
245715236	56091404	56	F	1	1	X	517506238
245715258	56090841	56	F	1	1	X	517506451
245715265	56093857	60	M	1	0	X	517423600
245715268	56092469	56	F	1	1	X	517506451
245715269	56092469	60	M	1	0	X	517506319
245766020	56089117	50	M	1	0	X	517507436
245790646	56089626	0	M	3	2	X	X
245790647	56089626	25	F	8	1	X	517506741
245790649	56089626	6	M	3	2	450091630	X
246046206	56088494	60	M	1	0	X	X
246046213	56091857	60	M	1	0	X	X
246210474	56088962	65	M	1	1	X	X
246210475	56088962	50	F	1	0	X	517507582
246311236	56089061	67	M	1	1	X	X
246373388	56088412	7	F	1	2	450088468	X
246373390	56088412	40	M	1	0	X	517507220
246401989	56092450	30	M	1	0	X	X
246401990	56092450	27	F	1	1	X	X
246401992	56092450	2	M	1	2	X	X
246401997	56092680	30	M	1	0	X	X
246401999	56092680	6	M	1	2	450097561	X
246402000	56092680	2	M	1	2	X	X
246402017	56092960	30	M	1	0	X	X
246402018	56092960	27	F	1	1	X	X
246402019	56092960	6	M	1	2	450097561	X
246402020	56092960	2	M	1	2	X	X
246402033	56094526	30	M	1	0	X	X
246402034	56094526	27	F	1	1	X	X
246621454	56091608	62	F	1	0	X	517506238
246960565	56090449	35	F	1	0	X	517508110
247122090	56093087	51	F	1	1	X	X
247122098	56094640	51	F	1	1	X	X
247122100	56088801	51	F	1	1	X	X
247122101	56088801	51	M	1	0	X	517508290
247122104	56091909	51	F	1	1	X	X
247122109	56091617	51	M	1	0	X	517423621
247122111	56090753	51	M	1	0	X	517340225
247372490	56088345	17	F	1	2	X	517432473
247372492	56088345	19	M	1	2	X	517506451
247506830	56089027	52	M	1	0	X	517507254
247506833	56088005	25	F	1	2	X	X
247506834	56088005	52	M	1	0	X	517507364
247506837	56089175	25	F	1	2	X	X
247506838	56089175	52	M	1	0	X	517506713
247506886	56093577	52	M	1	0	X	517423536
247506887	56093577	9	F	1	5	450097561	X
247506906	56090989	52	M	1	0	X	517506451
247506907	56090989	9	F	1	5	450088468	X
247506908	56090989	46	F	1	1	X	X
247506913	56093724	25	F	1	2	X	X
247506914	56093724	52	M	1	0	X	517423684
247506915	56093724	9	F	1	5	450097561	X
247700133	56092474	65	M	1	0	X	X
247700134	56092474	53	F	1	1	X	517506380
247753428	56091543	8	M	1	2	450088468	X
247753429	56091543	0	F	1	2	X	X
247753434	56092727	30	F	1	0	X	X
247753439	56092375	34	M	1	10	X	517506451
247753448	56090910	8	M	1	2	450088468	X
247753449	56090910	0	F	1	2	X	X
247753450	56090910	30	F	1	0	X	X
247753451	56090910	34	M	1	10	X	517507220
247753493	56090212	0	F	1	2	X	X
247753494	56090212	30	F	1	0	X	X
247753510	56087964	30	F	1	0	X	X
247753515	56090740	34	M	1	10	X	517506300
248116950	56089212	32	M	1	1	X	517508869
248116953	56089212	0	M	1	2	X	X
248200006	56090718	36	M	1	1	X	517506300
248200007	56090718	3	M	1	2	450094430	X
248200008	56090718	0	M	1	2	X	X
248200009	56090718	5	M	1	2	450091630	X
248200011	56090718	31	F	1	0	X	X
248200030	56089306	36	M	1	1	X	517508590
248200032	56089306	0	M	1	2	X	X
248200033	56089306	5	M	1	2	450091630	X
248200034	56089306	7	M	1	2	450088468	X
248288165	56089576	64	F	1	0	X	X
248288169	56089602	64	F	1	0	X	X
248288170	56089602	69	M	1	1	X	X
248288207	56090240	64	F	1	0	X	X
248362611	56088296	44	M	1	0	X	517506451
248362622	56090161	52	F	1	10	X	X
248362623	56090161	44	M	1	0	X	517508296
248419830	56092700	45	M	1	0	X	517432368
248600802	56091836	59	M	1	0	X	517506451
248600808	56093460	59	M	1	0	X	517423759
248726558	56090084	53	F	1	0	X	517506693
248726559	56090084	61	M	1	1	X	517506676
248867847	56092890	26	M	1	2	X	517432368
248867848	56092890	55	F	1	0	X	517432368
248867849	56092890	59	M	1	1	X	517432368
248895362	56093813	18	F	1	2	450097560	X
249081462	56090562	54	F	9	0	X	X
249157094	56093106	64	F	1	0	X	517432368
249515646	56088181	77	M	1	0	X	X
249608306	56090112	78	M	1	0	X	X
249608308	56090438	78	M	1	0	X	X
249608315	56090533	70	F	1	1	X	X
249608326	56091818	78	M	1	0	X	X
249608347	56090811	70	F	1	1	X	X
249608348	56090811	78	M	1	0	X	X
249608353	56091357	70	F	1	1	X	X
249608354	56091357	78	M	1	0	X	X
249608355	56094065	70	F	1	1	X	X
249608371	56089101	70	F	1	1	X	X
249608372	56089101	78	M	1	0	X	X
249803838	56091335	49	F	1	1	X	517506238
249803842	56093288	49	F	1	1	X	517423593
249803868	56089851	49	F	1	1	X	517507220
249892426	56088217	53	F	1	0	X	517508057
249892427	56088217	53	M	1	1	X	517508623
249892448	56088823	53	F	1	0	X	517507230
249892449	56088823	53	M	1	1	X	517506284
249948920	56093501	70	M	1	0	X	X
249948926	56087999	70	M	1	0	X	X
249948933	56091078	69	F	1	1	X	517506451
249948934	56091078	70	M	1	0	X	X
249948948	56087951	70	M	1	0	X	X
250036859	56089381	51	M	1	0	X	517507214
250036884	56092239	51	M	1	0	X	517506451
250036886	56088245	51	M	1	0	X	517507220
250147077	56090780	60	F	1	0	X	X
250147081	56093023	60	F	1	0	X	X
250328012	56093966	63	M	1	0	X	517423680
250445717	56093747	54	F	1	0	X	517423609
250445718	56093747	65	M	1	1	X	517423757
250733867	56092303	78	M	1	0	X	X
250733874	56092150	73	F	1	1	X	X
250733889	56088032	78	M	1	0	X	X
250733890	56088032	73	F	1	1	X	X
250834266	56094321	58	M	1	0	X	517423593
250969748	56089407	51	F	1	0	X	517508002
250969769	56089275	51	F	1	0	X	517507425
250971056	56091624	3	M	1	2	450066968	X
250971058	56091624	45	M	1	1	X	517663177
250971088	56090686	45	M	1	1	X	517506451
250971102	56089508	6	F	1	2	450088468	X
250971103	56089508	45	M	1	1	X	517508096
250971104	56089508	9	F	1	2	450088468	X
250971252	56094196	6	F	1	2	450097561	X
250994405	56093961	52	M	1	0	X	517423593
250994406	56093961	56	F	1	1	X	X
251137804	56093289	58	M	1	0	X	517423759
251137805	56093289	60	F	1	1	X	X
251442355	56091602	7	M	1	2	450088468	X
251442356	56091602	29	F	1	0	X	517506238
251442358	56091602	4	M	1	2	X	X
251442361	56089221	29	F	1	0	X	517508063
251442362	56089221	32	M	1	1	X	517663273
251442363	56089221	4	M	1	2	X	X
251526123	56092664	49	M	1	0	X	517423778
251702831	56093508	42	F	1	1	X	517423614
251702840	56090225	16	M	1	2	450091631	X
251702843	56090225	42	F	1	1	X	517506396
251702864	56088513	16	M	1	2	450091631	X
251702865	56088513	43	M	1	0	X	517508296
251943337	56088066	62	F	1	1	X	517507827
251943338	56088066	78	M	1	0	X	X
251943341	56090574	62	F	1	1	X	517506451
251943342	56090574	78	M	1	0	X	X
251943349	56090949	62	F	1	1	X	517423759
251943350	56090949	78	M	1	0	X	X
251943352	56092336	78	M	1	0	X	X
252181859	56088652	47	M	1	0	X	517506739
252377049	56093613	75	F	1	0	X	X
252377058	56092298	75	F	1	0	X	X
252596653	56088692	77	F	1	0	X	517506700
252596658	56093480	77	F	1	0	X	517423816
252759781	56089375	53	F	1	0	X	517506451
253110129	56093415	81	M	1	1	X	X
253110130	56093415	81	F	1	0	X	X
253110131	56090293	81	M	1	1	X	X
253110132	56090293	81	F	1	0	X	X
253256640	56094163	13	M	1	2	450097563	X
253256643	56093438	16	F	1	2	450097560	517423620
253256644	56093438	13	M	1	2	450097563	X
253256645	56093438	38	M	1	1	X	517423536
253256646	56093438	38	F	1	0	X	517423758
253474439	56087911	43	F	1	0	X	517507235
253673918	56094407	40	M	1	10	X	517423831
253673920	56094407	34	F	1	0	X	517423669
254300370	56092406	33	M	1	0	X	517506300
254300371	56092406	40	F	1	1	X	517506451
254300372	56092406	7	F	1	2	450101788	X
254732314	56094664	67	M	1	0	X	X
254801289	56092376	52	M	1	0	X	517506380
254801290	56092376	49	F	1	1	X	517506457
254801291	56092376	9	F	1	2	450101788	X
254801292	56092376	16	F	1	2	450091631	X
254801314	56094265	52	M	1	0	X	517423821
254801315	56094265	49	F	1	1	X	517423743
254801330	56088916	49	F	1	1	X	517507244
254801349	56093678	52	M	1	0	X	517423593
254801351	56093678	9	F	1	2	450097561	X
254801352	56093678	16	F	1	2	450097560	X
254801353	56093678	12	F	1	2	450097563	X
254801399	56090882	52	M	1	0	X	517376524
254801401	56090882	9	F	1	2	450088468	X
254801402	56090882	16	F	1	2	450091631	X
254801403	56090882	12	F	1	2	450101788	X
254801429	56092696	52	M	1	0	X	517432476
254801430	56092696	49	F	1	1	X	517432368
254801431	56092696	9	F	1	2	450097561	X
254801460	56089696	49	F	1	1	X	517507967
254801461	56089696	9	F	1	2	450088468	X
254801462	56089696	16	F	1	2	450091631	X
254813796	56091367	27	M	1	0	X	517339295
254813797	56091367	24	F	1	1	X	517506432
255122483	56092116	61	F	1	1	X	X
255122496	56088180	65	M	1	0	X	X
255122497	56088180	40	M	1	2	X	X
255197140	56089015	67	M	1	1	X	X
255197141	56089015	63	F	1	0	X	X
255197157	56088766	63	F	1	0	X	X
255197159	56089396	63	F	1	0	X	X
255197160	56088909	67	M	1	1	X	X
255197161	56088909	63	F	1	0	X	X
255199182	56088251	45	M	1	3	X	X
255199183	56088251	43	M	1	0	X	517507219
255199197	56093425	13	F	1	2	450097563	X
255199198	56093425	45	M	1	3	X	X
255199200	56093425	16	M	1	2	450097560	517423759
255199203	56089968	43	M	1	0	X	517507236
255199204	56089968	16	M	1	2	450091631	517507374
255199205	56092006	13	F	1	2	450101788	X
255199206	56092006	45	M	1	3	X	X
255199223	56092139	43	M	1	0	X	517506380
255199237	56089120	13	F	1	2	450101788	X
255199240	56089120	16	M	1	2	450091631	517506457
255199262	56090060	45	M	1	3	X	X
255199264	56090060	16	M	1	2	450091631	517508353
255205829	56093995	37	F	1	0	X	517423562
255205830	56093995	3	M	1	2	450094430	X
255205831	56093995	1	M	1	2	X	X
255205835	56093401	3	M	1	2	450094430	X
255205836	56093401	1	M	1	2	X	X
255484230	56092749	38	F	1	0	X	517432368
255484231	56092749	3	M	1	2	450066968	X
255484243	56088019	3	M	1	2	450066968	X
255484347	56092289	38	F	1	0	X	517506463
255484348	56092289	3	M	1	2	450066968	X
255484362	56089433	38	F	1	0	X	517508002
255579588	56088980	56	F	1	1	X	517507220
255579590	56088980	25	M	1	2	X	517506451
255667452	56087973	20	M	1	2	X	517506741
255667463	56089213	41	F	1	1	X	517508057
255667464	56089213	20	M	1	2	X	517508057
255667465	56089213	13	M	1	2	450101788	X
255667517	56090470	13	M	1	2	450101788	X
255825380	56090567	44	F	1	1	X	X
256082105	56093506	82	F	1	0	X	X
256446125	56089312	58	F	1	1	X	517506451
256446128	56092340	56	M	1	0	X	517506451
256446129	56092340	58	F	1	1	X	517506451
256446138	56091558	56	M	1	0	X	517506451
256446139	56091558	58	F	1	1	X	517423536
256446146	56092204	56	M	1	0	X	517506451
256446147	56092204	58	F	1	1	X	517506451
256515859	56094326	86	M	1	1	X	X
256515882	56089692	60	F	1	0	X	X
256515883	56089692	86	M	1	1	X	X
256515898	56094556	60	F	1	0	X	X
256515899	56094556	86	M	1	1	X	X
256939957	56092065	50	F	1	1	X	517506451
256939966	56090964	56	M	1	0	X	517506451
256940005	56089456	50	F	1	1	X	517663109
257017845	56093347	44	F	1	0	X	517423593
257017848	56093347	11	F	1	2	450097563	X
257017849	56093347	76	M	1	4	X	517423562
257017886	56094028	10	M	1	2	450097561	X
257017887	56094028	44	F	1	0	X	517423759
257017888	56094028	46	M	1	1	X	517423616
257166989	56092951	8	M	9	2	450097561	X
257167006	56090513	31	F	9	1	X	X
257167007	56090513	28	M	1	0	X	517506380
257167010	56093643	31	F	9	1	X	X
257167013	56093643	8	M	9	2	450097561	X
257215624	56094008	43	F	1	0	X	517423610
257215625	56094008	20	M	1	2	X	517423759
257215626	56094008	18	F	1	2	450097562	517423723
257215627	56094008	52	M	1	1	X	517423597
257215645	56093496	20	M	1	2	X	517423536
257215647	56093496	52	M	1	1	X	517423593
257272865	56092836	27	M	1	0	X	517432297
257573998	56088840	12	M	1	2	450101788	X
257574000	56088840	18	F	1	2	450091631	X
257574001	56088840	50	M	1	0	X	517506869
257574007	56094471	46	F	1	1	X	517423614
257574009	56094471	14	F	1	2	450097560	X
257574010	56094471	18	F	1	2	450097560	X
257574011	56094471	50	M	1	0	X	517423723
257640986	56090877	19	M	1	2	X	X
257640988	56091450	58	M	1	1	X	517506451
257640990	56091450	48	F	1	0	X	X
257640999	56093146	48	F	1	0	X	X
257827403	56093864	68	M	1	1	X	X
257827406	56094379	69	F	1	0	X	X
257827427	56094091	68	M	1	1	X	X
257827432	56089872	69	F	1	0	X	X
258026852	56094087	46	F	7	1	X	X
258127150	56088402	60	M	1	0	X	X
258127151	56088402	22	M	1	2	X	517508179
258127174	56092864	60	M	1	0	X	X
258127177	56094571	60	M	1	0	X	X
258127213	56089835	60	M	1	0	X	X
258127215	56089835	55	F	1	1	X	517508520
258211526	56093098	34	M	1	0	X	517432481
258211527	56093098	35	F	1	1	X	X
258211529	56093098	4	F	1	2	X	X
258211531	56092827	34	M	1	0	X	517409846
258211533	56092827	14	M	1	2	450097562	X
258211534	56092827	4	F	1	2	X	X
258211547	56089082	35	F	1	1	X	X
258211548	56089082	14	M	1	2	450091631	X
258211549	56089082	4	F	1	2	X	X
258211550	56089082	0	M	1	2	X	X
258211619	56091064	4	F	1	2	X	X
258211627	56090661	35	F	1	1	X	X
258211629	56090661	4	F	1	2	X	X
258211649	56092187	4	F	1	2	X	X
258211650	56092187	0	M	1	2	X	X
258211666	56088323	34	M	1	0	X	517508219
258211668	56088323	14	M	1	2	450091631	X
258211669	56088323	4	F	1	2	X	X
258306947	56092346	47	F	1	0	X	517506396
258310437	56090727	93	M	1	0	X	X
258310451	56090790	93	M	1	0	X	X
258320515	56091958	49	M	1	0	X	517507418
258351906	56090487	12	F	1	2	450101788	X
258351907	56090487	15	F	1	12	450091631	X
258351916	56093359	48	F	1	1	X	517423694
258351917	56093359	59	M	1	0	X	517423723
258351918	56093359	12	F	1	2	450097563	X
258351919	56093359	15	F	1	12	450097560	X
258455641	56093823	68	M	1	0	X	X
258455643	56092967	68	M	1	0	X	X
258683965	56090665	3	M	1	2	X	X
258684011	56091798	25	F	1	1	X	X
258684012	56091798	1	M	1	2	X	X
258918834	56094257	48	M	1	0	X	517423593
258918839	56088027	43	F	3	1	X	X
258918845	56089422	43	F	3	1	X	X
259145731	56092942	9	F	9	2	450097561	X
259211432	56088565	31	M	1	1	X	517507220
259248755	56092434	7	M	1	2	450101788	X
259248756	56092434	8	F	1	2	450101788	X
259248762	56089965	31	F	1	1	X	517506451
259248763	56089965	38	M	1	0	X	517507582
259248765	56089965	7	M	1	2	450088468	X
259248766	56089965	8	F	1	2	450088468	X
259248788	56093144	38	M	1	0	X	517432283
259248790	56093144	7	M	1	2	450097561	X
259248791	56093144	8	F	1	2	450097561	X
259248812	56092650	31	F	1	1	X	517432451
259248815	56092650	7	M	1	2	450097561	X
259248816	56092650	8	F	1	2	450097561	X
259248858	56093424	38	M	1	0	X	517423669
259248859	56093424	3	M	1	2	X	X
259248860	56093424	7	M	1	2	450097561	X
259248861	56093424	8	F	1	2	450097561	X
259248863	56091261	38	M	1	0	X	517506451
259248864	56091261	3	M	1	2	X	X
259248865	56091261	7	M	1	2	450088468	X
259248890	56094060	7	M	1	2	450097561	X
259248891	56094060	8	F	1	2	450097561	X
259248902	56092584	31	F	1	1	X	517432368
259248905	56092584	7	M	1	2	450091630	X
259248906	56092584	8	F	1	2	450091630	X
259248917	56089984	31	F	1	1	X	517506451
259248918	56089984	38	M	1	0	X	517508066
259248919	56089984	3	M	1	2	X	X
259248947	56089972	31	F	1	1	X	517506451
259248949	56089972	3	M	1	2	X	X
259248950	56089972	7	M	1	2	450088468	X
259248951	56089972	8	F	1	2	450088468	X
259248968	56088965	38	M	1	0	X	517508296
259248969	56088965	3	M	1	2	X	X
259248971	56088965	8	F	1	2	450088468	X
259248973	56093924	38	M	1	0	X	517423759
259248975	56093924	7	M	1	2	450097561	X
259248999	56088600	3	M	1	2	X	X
259249001	56088600	8	F	1	2	450088468	X
259249012	56089021	31	F	1	1	X	506983892
259249015	56089021	7	M	1	2	450088468	X
259249016	56089021	8	F	1	2	450088468	X
259249114	56093217	3	M	1	2	X	X
259249116	56093217	8	F	1	2	450097561	X
259249127	56091151	31	F	1	1	X	517506422
259249153	56089559	38	M	1	0	X	517506864
259249154	56089559	3	M	1	2	X	X
259249155	56089559	7	M	1	2	450088468	X
259249156	56089559	8	F	1	2	450088468	X
259249157	56093860	31	F	1	1	X	517423759
259302206	56091112	38	M	1	0	X	517506451
259373216	56089149	2	M	1	2	X	X
259373219	56089149	0	F	1	2	X	X
259501496	56093511	4	M	1	2	450094430	X
259501497	56093511	39	M	1	0	X	517423740
259501512	56088846	39	M	1	0	X	517508563
259501513	56088846	41	F	1	1	X	517508727
259501530	56092697	39	M	1	0	X	517432474
259517027	56088187	32	M	1	1	X	517506674
259517029	56088187	0	F	1	2	X	X
259517097	56094032	29	F	1	0	X	517423662
259517098	56094032	0	F	1	2	X	X
259517147	56093391	32	M	1	1	X	517423759
259517174	56092499	32	M	1	1	X	517432302
259687445	56091964	52	M	1	0	X	517506451
259687446	56091964	55	F	1	1	X	X
259687447	56089877	52	M	1	0	X	517506451
259687450	56088431	55	F	1	1	X	X
259687459	56088343	52	M	1	0	X	517508652
259687460	56088343	55	F	1	1	X	X
260183424	56090214	58	F	1	10	X	X
260224934	56087946	84	F	1	0	X	X
260224942	56091161	84	F	1	0	X	X
260347291	56093513	57	M	1	0	X	517423620
260347296	56094510	57	M	1	0	X	517423815
260442517	56089684	32	M	1	0	X	X
260442519	56089684	14	F	1	2	450091631	X
260442543	56091490	32	F	1	10	X	517506451
260442544	56091490	14	F	1	2	450091631	X
260442552	56089933	32	M	1	0	X	X
260442553	56089933	32	F	1	10	X	517663328
260442554	56089933	14	F	1	2	450091631	X
260442555	56089933	8	M	1	2	450088468	X
260442569	56092418	14	F	1	2	450091631	X
260442570	56092418	8	M	1	2	450101788	X
260442581	56090981	12	M	1	2	450101788	X
260442583	56090981	32	F	1	10	X	517506238
260442584	56090981	14	F	1	2	450091631	X
260442600	56092572	8	M	1	2	450091630	X
260442601	56092089	12	M	1	2	450101788	X
260442602	56092089	32	M	1	0	X	X
260442616	56091979	12	M	1	2	450101788	X
260442617	56091979	32	M	1	0	X	X
260442619	56091979	14	F	1	2	450091631	X
260442658	56092604	32	F	1	10	X	517432476
260442659	56092604	14	F	1	2	450097560	X
260442660	56092604	8	M	1	2	450097561	X
260573107	56094597	73	M	1	1	X	X
260573108	56094597	70	F	1	0	X	X
260629285	56093911	48	M	1	0	X	517423759
260717547	56090023	3	F	1	2	X	X
260717576	56093290	6	M	1	2	450097561	X
260717577	56093290	3	F	1	2	X	X
260884975	56089570	73	F	1	0	X	517507587
260884976	56089570	48	M	1	2	X	517508238
260884977	56089570	73	M	1	1	X	517662865
260890225	56088455	88	F	1	4	X	X
260890226	56088455	59	F	1	0	X	517507293
260890227	56088455	64	M	1	1	X	517506479
260890228	56088455	31	M	1	2	X	517508834
260890282	56092281	59	F	1	0	X	517506451
260890284	56092281	31	M	1	2	X	517506451
260890293	56089702	88	F	1	4	X	X
260890295	56089702	64	M	1	1	X	517507420
260890296	56089702	31	M	1	2	X	517508296
260890322	56093205	59	F	1	0	X	506643477
260890323	56093205	64	M	1	1	X	517432446
260890324	56093205	31	M	1	2	X	517432297
261030425	56091235	4	F	1	2	450066968	X
261030426	56091235	7	M	1	2	450088468	X
261030429	56091235	35	F	1	0	X	X
261030431	56091235	16	M	1	2	450091631	X
261030432	56091235	15	F	1	2	450091631	X
261030437	56094001	35	F	1	0	X	X
261030438	56094001	0	F	1	2	X	X
261030440	56094001	15	F	1	2	450097560	X
261030475	56092097	10	F	1	2	450101788	X
261030476	56092097	40	M	1	1	X	517506451
261030477	56092097	35	F	1	0	X	X
261030478	56092097	0	F	1	2	X	X
261030479	56092097	16	M	1	2	450091631	X
261203510	56088289	16	F	1	2	450091631	X
261203511	56088289	66	M	1	0	X	517506713
261203513	56088289	25	M	1	2	X	517507438
261203629	56092032	25	M	1	2	X	517506451
261203635	56091804	66	M	1	0	X	517506451
261203636	56091804	48	F	1	1	X	517506451
261203637	56091804	25	M	1	2	X	517506380
261203656	56092297	48	F	1	1	X	517506451
261203657	56092297	25	M	1	2	X	517507203
261385611	56093982	60	M	1	0	X	517423705
261385612	56093982	56	F	1	1	X	517423669
261459709	56092577	39	M	1	1	X	517391119
261459724	56089224	52	F	1	0	X	517506639
261459725	56089224	39	M	1	1	X	517506451
261671980	56091683	64	F	1	1	X	517506451
261671987	56092595	66	M	1	0	X	X
261671991	56090495	66	M	1	0	X	X
261671992	56090495	64	F	1	1	X	517506451
261671999	56091312	66	M	1	0	X	X
261776068	56091352	11	M	1	2	450067304	X
261776070	56091352	30	F	1	1	X	517506451
261776077	56091807	11	M	1	2	450067304	X
261776078	56091807	31	M	1	0	X	517506451
261776079	56091807	30	F	1	1	X	517506451
261776080	56091807	13	M	1	2	450067304	X
261776082	56091807	2	M	1	2	X	X
261776083	56091807	4	M	1	2	X	X
261776114	56090677	31	M	1	0	X	517506416
261776115	56090677	30	F	1	1	X	517506451
261776120	56090677	5	F	1	2	X	X
261776122	56091478	11	M	1	2	450067304	X
261776124	56091478	30	F	1	1	X	517506238
261776126	56091478	1	M	1	2	X	X
261776127	56091478	2	M	1	2	X	X
261776129	56091478	5	F	1	2	X	X
261776130	56091478	9	M	1	2	450088468	X
261776131	56090899	11	M	1	2	450067304	X
261776138	56090899	5	F	1	2	X	X
261776139	56090899	9	M	1	2	450088468	X
261776149	56091582	11	M	1	2	450067304	X
261776150	56091582	31	M	1	0	X	517506451
261776151	56091582	30	F	1	1	X	517506451
261776154	56091582	2	M	1	2	X	X
261776180	56090960	1	M	1	2	X	X
261776182	56090960	4	M	1	2	X	X
261776183	56090960	5	F	1	2	X	X
261776184	56090960	9	M	1	2	450088468	X
261776185	56092586	11	M	1	2	450067304	X
261776189	56092586	1	M	1	2	X	X
261776190	56092586	2	M	1	2	X	X
261776191	56092586	4	M	1	2	X	X
261776192	56092586	5	F	1	2	X	X
261776230	56090613	11	M	1	2	450067304	X
261776231	56090613	31	M	1	0	X	517506251
261776233	56090613	13	M	1	2	450067304	X
261776234	56090613	1	M	1	2	X	X
261776235	56090613	2	M	1	2	X	X
261776237	56090613	5	F	1	2	X	X
261776259	56091599	30	F	1	1	X	517506223
261776260	56091599	13	M	1	2	450067304	X
261776261	56091599	1	M	1	2	X	X
261776262	56091599	2	M	1	2	X	X
261776264	56091599	5	F	1	2	X	X
261776267	56091889	31	M	1	0	X	517506451
261776268	56091889	30	F	1	1	X	517281693
261776272	56091889	4	M	1	2	X	X
261776273	56091889	5	F	1	2	X	X
261776274	56091889	9	M	1	2	450088468	X
261776293	56092368	11	M	1	2	450067304	X
261776295	56092368	30	F	1	1	X	517506722
261776296	56092368	13	M	1	2	450067304	X
261776297	56092368	1	M	1	2	X	X
261776298	56092368	2	M	1	2	X	X
261776300	56092368	5	F	1	2	X	X
261776301	56092368	9	M	1	2	450101788	X
261776320	56090961	11	M	1	2	450067304	X
261776321	56090961	31	M	1	0	X	517506422
261776322	56090961	30	F	1	1	X	517506451
261776323	56090961	13	M	1	2	450067304	X
261776324	56090961	1	M	1	2	X	X
261776326	56090961	4	M	1	2	X	X
261776339	56090486	31	M	1	0	X	517506451
261776340	56090486	30	F	1	1	X	517506451
261776344	56090486	4	M	1	2	X	X
261776345	56090486	5	F	1	2	X	X
261776356	56093896	11	M	1	2	450067304	X
261776358	56093896	30	F	1	1	X	517423726
261776359	56093896	13	M	1	2	450067304	X
261776361	56093896	2	M	1	2	X	X
261776362	56093896	4	M	1	2	X	X
261776363	56093896	5	F	1	2	X	X
261776423	56091679	1	M	1	2	X	X
261776424	56091679	2	M	1	2	X	X
261776428	56093939	11	M	1	2	450067304	X
261776429	56093939	31	M	1	0	X	517423841
261776431	56093939	13	M	1	2	450067304	X
261776434	56093939	4	M	1	2	X	X
261776435	56093939	5	F	1	2	X	X
261776436	56093939	9	M	1	2	450091630	X
261776450	56090832	1	M	1	2	X	X
261776451	56090832	2	M	1	2	X	X
261776453	56090832	5	F	1	2	X	X
261776473	56091016	11	M	1	2	450067304	X
261776474	56091016	31	M	1	0	X	517506451
261776475	56091016	30	F	1	1	X	517506451
261776477	56091016	1	M	1	2	X	X
261776504	56092029	1	M	1	2	X	X
261776505	56092029	2	M	1	2	X	X
261776506	56092029	4	M	1	2	X	X
261776507	56092029	5	F	1	2	X	X
261776568	56092393	2	M	1	2	X	X
261776569	56092393	4	M	1	2	X	X
261776570	56092393	5	F	1	2	X	X
261776571	56092393	9	M	1	2	450101788	X
261776583	56091457	30	F	1	1	X	517369727
261776584	56091457	13	M	1	2	450067304	X
261776585	56091457	1	M	1	2	X	X
261776586	56091457	2	M	1	2	X	X
261776589	56091457	9	M	1	2	450088468	X
261776590	56092807	11	M	1	2	450076016	X
261776593	56092807	13	M	1	2	450076016	X
261776595	56092807	2	M	1	2	X	X
261776597	56092807	5	F	1	2	X	X
261776598	56092807	9	M	1	2	450091630	X
261776617	56091761	11	M	1	2	450067304	X
261776619	56091761	30	F	1	1	X	517506451
261776621	56091761	1	M	1	2	X	X
261776622	56091761	2	M	1	2	X	X
261776623	56091761	4	M	1	2	X	X
261776626	56091896	11	M	1	2	450067304	X
261776627	56091896	31	M	1	0	X	517506238
261776629	56091896	13	M	1	2	450067304	X
261776630	56091896	1	M	1	2	X	X
261776633	56091896	5	F	1	2	X	X
261776634	56091896	9	M	1	2	450088468	X
261776635	56092287	11	M	1	2	450067304	X
261776636	56092287	31	M	1	0	X	517506451
261776637	56092287	30	F	1	1	X	517506451
261776640	56092287	2	M	1	2	X	X
261776662	56090791	11	M	1	2	450067304	X
261776663	56090791	31	M	1	0	X	517506304
261776666	56090791	1	M	1	2	X	X
261776667	56090791	2	M	1	2	X	X
261776670	56090791	9	M	1	2	450088468	X
261776700	56090986	30	F	1	1	X	517423678
261776701	56090986	13	M	1	2	450067304	X
261776702	56090986	1	M	1	2	X	X
261776703	56090986	2	M	1	2	X	X
261776704	56090986	4	M	1	2	X	X
261776707	56090943	11	M	1	2	450067304	X
261776708	56090943	31	M	1	0	X	517506451
261776710	56090943	13	M	1	2	450067304	X
261776712	56090943	2	M	1	2	X	X
261776713	56090943	4	M	1	2	X	X
261776715	56090943	9	M	1	2	450088468	X
261776728	56089104	13	M	1	2	450067304	X
261776729	56089104	1	M	1	2	X	X
261776730	56089104	2	M	1	2	X	X
261776732	56089104	5	F	1	2	X	X
261776747	56090522	1	M	1	2	X	X
261776748	56090522	2	M	1	2	X	X
261776750	56090522	5	F	1	2	X	X
261776751	56090522	9	M	1	2	450088468	X
261776753	56090970	31	M	1	0	X	517506451
261776756	56090970	1	M	1	2	X	X
261776757	56090970	2	M	1	2	X	X
261776758	56090970	4	M	1	2	X	X
261776759	56090970	5	F	1	2	X	X
261776760	56090970	9	M	1	2	450088468	X
261884315	56092814	50	F	1	1	X	X
262288908	56090902	32	M	1	2	X	506926686
262288919	56089864	52	M	1	1	X	517507203
262288920	56089864	5	F	1	2	X	X
262288967	56091723	51	F	1	0	X	X
262288969	56091723	52	M	1	1	X	517506451
262288970	56091723	5	F	1	2	X	X
262470530	56092544	55	F	1	0	X	517432368
262470536	56093348	55	F	1	0	X	517423714
262565718	56088601	30	M	1	0	X	517506451
262565728	56090787	30	M	1	0	X	517506451
262565729	56090787	23	F	1	1	X	517506402
262578860	56089047	46	M	1	0	X	517506558
262578861	56089047	21	F	1	2	X	517506700
262578862	56089047	45	F	1	1	X	517506238
262578875	56089919	17	F	1	2	450091631	X
262578876	56089919	46	M	1	0	X	517506860
262578877	56089919	21	F	1	2	X	517506451
262578883	56093657	17	F	1	2	450097562	X
262578885	56093657	21	F	1	2	X	517423536
262578886	56093657	45	F	1	1	X	517423746
262578896	56088201	46	M	1	0	X	517507833
262578898	56088201	45	F	1	1	X	517506396
262955547	56094611	68	M	1	0	X	517423536
262955548	56094611	58	F	1	1	X	X
262955562	56089577	58	F	1	1	X	X
263033064	56089266	64	F	1	0	X	X
263033067	56090520	64	F	1	0	X	X
263094198	56093164	15	M	1	2	450097562	X
263094211	56089153	62	M	1	0	X	517507580
263209420	56091002	32	M	1	2	X	X
263209431	56090668	5	F	1	5	450094430	X
263209432	56090668	56	F	1	0	X	517506422
263209604	56090774	32	M	1	2	X	X
263209605	56090774	7	F	1	5	450088468	X
263209607	56090774	5	F	1	5	450094430	X
263209608	56090774	56	F	1	0	X	517506763
263209609	56090774	1	F	1	5	X	X
263417269	56090047	68	F	1	1	X	517507185
263417275	56089917	68	F	1	1	X	517507798
263417296	56094122	72	M	1	0	X	X
264101086	56093239	48	F	1	1	X	517423832
264101087	56093239	51	M	1	0	X	517423536
264101121	56093780	26	M	1	2	X	517423714
264101122	56093780	48	F	1	1	X	517423669
264101123	56093780	51	M	1	0	X	517423759
264101136	56092801	26	M	1	2	X	517432452
264101137	56092801	48	F	1	1	X	517432297
264101138	56092801	51	M	1	0	X	517432279
264133254	56090707	47	F	1	0	X	517506451
264133285	56094476	15	M	1	2	450097560	X
264133286	56094476	43	M	1	1	X	517423536
264302848	56091881	56	M	1	1	X	517506396
264302865	56089123	55	F	1	0	X	517506451
264397448	56090818	61	M	9	0	X	517506380
264397449	56092851	15	M	1	5	450097562	X
264397455	56092821	15	M	1	5	450097562	X
264397456	56092821	61	M	9	0	X	517432479
264397477	56093253	15	M	1	5	450097560	X
264397481	56093191	15	M	1	5	450097562	X
264397486	56093389	61	M	9	0	X	517423816
264397498	56090356	61	M	9	0	X	517663314
264695654	56094192	51	M	1	1	X	517423739
264695655	56094192	48	F	1	0	X	517423723
265005345	56091866	50	M	1	0	X	517506451
265005346	56091866	46	F	1	1	X	517506451
265035273	56090209	17	M	1	2	450091631	X
265035296	56090864	63	M	1	0	X	X
265035297	56090864	17	M	1	2	450091631	X
265035298	56090864	19	M	1	2	X	X
265035300	56088881	17	M	1	2	450091631	X
265035301	56088881	19	M	1	2	X	X
265035305	56090251	63	M	1	0	X	X
265090192	56092898	0	M	1	2	X	X
265090193	56092898	7	M	1	2	450091630	X
265090194	56092898	5	F	1	2	450097561	X
265090195	56092898	43	M	1	1	X	517432368
265090196	56092898	28	F	1	0	X	517432288
265090197	56092898	11	F	1	2	450097563	X
265090222	56088737	0	M	1	2	X	X
265090223	56088737	7	M	1	2	450088468	X
265090225	56088737	43	M	1	1	X	517507225
265090267	56092211	43	M	1	1	X	517506380
265090338	56092445	5	F	1	2	450091630	X
265090339	56092445	43	M	1	1	X	517506451
265090340	56092445	28	F	1	0	X	517339396
265090341	56092445	11	F	1	2	450101788	X
265090351	56090634	43	M	1	1	X	517506815
265090352	56090634	28	F	1	0	X	517506761
265090409	56092731	7	M	1	2	450091630	X
265090411	56092731	43	M	1	1	X	517432482
265090413	56092731	11	F	1	2	450097563	X
265090436	56092507	28	F	1	0	X	517432363
265090437	56092507	11	F	1	2	450091631	X
265090462	56089645	0	M	1	2	X	X
265090464	56089645	5	F	1	2	450097561	X
265090466	56089645	28	F	1	0	X	517506693
265090473	56092645	11	F	1	2	450091630	X
265090474	56090856	0	M	1	2	X	X
265090476	56090856	5	F	1	2	450097561	X
265090477	56090856	43	M	1	1	X	517506234
265090492	56089457	0	M	1	2	X	X
265090493	56089457	7	M	1	2	450088468	X
265090494	56089457	5	F	1	2	450097561	X
265090495	56089457	43	M	1	1	X	517507234
265090496	56089457	28	F	1	0	X	517506729
265094828	56091839	4	F	1	2	450094430	X
265094831	56091839	0	F	1	2	X	X
265094896	56091646	0	F	1	2	X	X
265094899	56091646	35	F	1	1	X	517506451
265094900	56091646	4	F	1	2	450094430	X
265094901	56091646	31	M	1	0	X	517506244
265094902	56091646	0	F	1	2	X	X
265201690	56090643	69	F	1	1	X	X
265201691	56090643	69	M	1	0	X	X
265201714	56090437	69	F	1	1	X	X
265201715	56090437	69	M	1	0	X	X
265640558	56092096	8	F	1	2	450088468	X
265640559	56092096	5	M	1	2	X	X
265640560	56092096	7	F	1	2	450088468	X
265640561	56092096	31	M	1	1	X	517506314
265788235	56090083	19	M	1	2	X	517506681
265788236	56090083	16	M	1	2	450091631	517508804
265788237	56090083	44	F	1	0	X	X
265788238	56090083	45	M	1	1	X	517506635
265788270	56092016	45	M	1	1	X	517506451
265788298	56093692	45	M	1	1	X	517423759
265788300	56088398	16	M	1	2	450091631	517508804
265788312	56087954	16	M	1	2	450091631	517506730
265879661	56092946	76	F	1	0	X	X
265879682	56093477	76	F	1	0	X	X
265879685	56094225	76	F	1	0	X	X
265916794	56088001	71	F	1	1	X	X
265916795	56088001	73	M	1	0	X	X
265916825	56094418	73	M	1	0	X	X
266313151	56089891	61	F	1	0	X	517508110
266313156	56094253	61	F	1	0	X	517423593
266534879	56089026	52	F	1	1	X	517507432
266676483	56093397	58	F	1	0	X	X
266772008	56091974	64	F	1	0	X	X
266772030	56091533	64	F	1	0	X	X
267234914	56089477	56	M	1	0	X	517507441
267234915	56089477	55	F	1	1	X	X
267359352	56093793	39	M	1	0	X	517423669
267359379	56088913	39	M	1	0	X	517507961
267359383	56091205	39	M	1	0	X	517506757
267359387	56088714	39	M	1	0	X	517506451
267359392	56091657	39	M	1	0	X	506926233
267359400	56088558	39	M	1	0	X	517507220
267359402	56091046	39	M	1	0	X	517506451
267359431	56088379	39	M	1	0	X	517508296
267359457	56089285	39	M	1	0	X	517507432
267359477	56091281	39	M	1	0	X	517506432
267359496	56088858	39	M	1	0	X	517508652
267359500	56091326	39	M	1	0	X	517506451
267359517	56091217	39	M	1	0	X	517506451
267359531	56089710	39	M	1	0	X	517506558
267507474	56089682	55	M	1	1	X	517507646
267507475	56089682	51	F	1	0	X	X
267507501	56088055	51	F	1	0	X	X
267507539	56088179	51	F	1	0	X	X
267682088	56092540	34	M	1	0	X	517432368
267682090	56092540	72	M	1	4	X	X
267682093	56092540	32	F	1	1	X	517423816
267682101	56092253	71	F	1	4	X	X
267682103	56092253	2	M	1	2	X	X
267682104	56092253	10	M	1	2	450101788	X
267682105	56092253	32	F	1	1	X	517506451
267682119	56091462	71	F	1	4	X	X
267682121	56091462	2	M	1	2	X	X
267682123	56091462	32	F	1	1	X	517506451
267682131	56092197	71	F	1	4	X	X
267682132	56092197	72	M	1	4	X	X
267682133	56092197	2	M	1	2	X	X
267682134	56092197	10	M	1	2	450101788	X
267682135	56092197	32	F	1	1	X	517506280
267682160	56091015	34	M	1	0	X	517506408
267682162	56091015	72	M	1	4	X	X
267682196	56092673	34	M	1	0	X	517432286
267682197	56092673	71	F	1	4	X	X
267682199	56092673	2	M	1	2	X	X
267682200	56092673	10	M	1	2	450097563	X
267882064	56088110	72	F	1	0	X	X
267882091	56087913	44	F	1	2	X	517507431
267882114	56093984	72	F	1	0	X	X
267882115	56093984	44	F	1	2	X	517423643
267894507	56093794	63	M	1	0	X	517423669
267967686	56092425	76	F	1	0	X	X
267967696	56093214	76	F	1	0	X	X
268053934	56089332	20	F	1	0	X	517507179
268053969	56090411	26	M	1	10	X	517506868
268255378	56093570	59	M	1	0	X	517423669
268255380	56093570	7	M	1	5	450091630	X
268255382	56093570	14	F	1	5	450097560	X
268255383	56093570	17	M	1	5	450097560	517423669
268255401	56087963	57	F	1	1	X	517506451
268255403	56087963	11	M	1	5	450101788	X
268255405	56087963	39	M	1	6	X	517506743
268255406	56087963	14	F	1	5	450091631	X
268279330	56093844	52	F	1	0	X	517423676
268521559	56091386	2	F	1	2	X	X
268521560	56091386	28	F	1	1	X	X
268521618	56092965	8	M	1	2	450091630	X
268521620	56092965	28	F	1	1	X	X
268521621	56092965	32	M	1	0	X	517432303
268542665	56094169	7	M	1	2	450091630	X
268542668	56094169	2	F	1	2	X	X
268553982	56094096	64	F	1	0	X	517423704
268553997	56089269	64	F	1	0	X	517506876
268553998	56093590	64	F	1	0	X	517423689
268554012	56094644	64	F	1	0	X	517423648
268645258	56090000	74	F	1	1	X	X
268645262	56088291	74	F	1	1	X	X
268645263	56088291	72	M	1	0	X	X
268714626	56088117	25	M	1	0	X	517506359
268770467	56092519	70	M	1	0	X	517432368
268770481	56087907	70	M	1	0	X	517508739
268770487	56093782	70	M	1	0	X	517423714
268993883	56088421	5	M	1	2	450097561	X
268993885	56092588	5	M	1	2	450097561	X
268993899	56092835	5	M	1	2	450097561	X
268993910	56090517	54	M	1	0	X	X
269044263	56091938	52	F	1	1	X	517506451
269068238	56088602	16	F	1	2	450091631	517508635
269068239	56088602	52	M	1	1	X	517508086
269068240	56088602	22	M	1	2	X	517506422
269068243	56094263	52	M	1	1	X	517423714
269068244	56094263	22	M	1	2	X	517423678
269068253	56090254	47	F	1	0	X	517663338
269068254	56090254	16	F	1	2	450097560	517506451
269068266	56091172	16	F	1	2	450091631	517506271
269068268	56091172	22	M	1	2	X	517506451
269068277	56089371	47	F	1	0	X	517506481
269068279	56089371	52	M	1	1	X	517507241
269068280	56089371	22	M	1	2	X	517506676
269068281	56092410	47	F	1	0	X	517506451
269068284	56092410	22	M	1	2	X	517506424
269068301	56091020	47	F	1	0	X	517506451
269068322	56089837	16	F	1	2	450091631	517507929
269068323	56089837	52	M	1	1	X	517507785
269068339	56093235	52	M	1	1	X	517423648
269068340	56093235	22	M	1	2	X	517423759
269180684	56089139	52	F	1	1	X	X
269180689	56094391	60	M	1	0	X	517423593
269180692	56089426	52	F	1	1	X	X
269266036	56087807	44	M	1	0	X	517662896
269266037	56087807	5	M	1	2	X	X
269266059	56088892	3	M	1	2	X	X
269266060	56088892	44	M	1	0	X	517506676
269266061	56088892	5	M	1	2	X	X
269266084	56093447	44	M	1	0	X	517423718
269266122	56091186	33	F	1	10	X	517506481
269266137	56090128	5	M	1	2	X	X
269266138	56090128	33	F	1	10	X	517508451
269280091	56088137	7	M	1	2	450097561	X
269280092	56088137	9	M	1	2	450088468	X
269280094	56088137	30	F	1	1	X	X
269280120	56091652	9	M	1	2	450088468	X
269280123	56093349	7	M	1	2	450097561	X
269280126	56093349	30	F	1	1	X	X
269337648	56092804	18	M	1	12	450091631	X
269337649	56092804	48	F	1	0	X	517432368
269337650	56092804	12	F	1	2	450091630	X
269347508	56093278	42	M	1	0	X	517423593
269347527	56088044	42	M	1	0	X	517507220
269347539	56093668	42	M	1	0	X	517423759
269347553	56093905	42	M	1	0	X	517423759
269728939	56088873	37	M	1	1	X	517506700
269855285	56092565	4	F	1	2	450066968	X
269855287	56092565	22	F	1	10	X	X
269855289	56092565	6	M	1	2	450097561	X
269855323	56092217	22	F	1	10	X	X
269855339	56092566	4	F	1	2	450066968	X
269855340	56092566	3	F	1	2	450066968	X
269855341	56092566	22	F	1	10	X	X
269855362	56092822	13	M	1	2	450097563	X
269855363	56092822	4	F	1	2	450066968	X
269855365	56092822	22	F	1	10	X	X
269855366	56092822	29	M	1	0	X	517379616
269855416	56092536	13	M	1	2	450091631	X
269855421	56092536	6	M	1	2	450097561	X
269879022	56093553	93	M	1	0	X	X
270069297	56094271	17	M	1	2	450097562	517423593
270069319	56088226	47	F	1	1	X	517507432
270069321	56088226	17	M	1	2	450091631	517508229
270460436	56091263	57	M	1	0	X	517506451
270460437	56091263	57	F	1	1	X	X
270460438	56093607	57	M	1	0	X	517423579
270460451	56089827	57	F	1	1	X	X
270460452	56093254	57	M	1	0	X	517423593
270460453	56093254	57	F	1	1	X	X
270571098	56087832	63	F	1	0	X	517506661
270571102	56089141	63	F	1	0	X	517506451
270571114	56094412	63	F	1	0	X	517423669
270665770	56089601	57	F	1	1	X	517507220
270665778	56088598	24	M	1	2	X	517508759
270665790	56094106	24	M	1	2	X	517423759
270665792	56094106	55	M	1	0	X	517423759
270665794	56088287	57	F	1	1	X	517506683
270665795	56088287	55	M	1	0	X	517507374
270665823	56093218	24	M	1	2	X	517423669
270665824	56093218	57	F	1	1	X	517423536
270695648	56088484	4	M	1	2	450094430	X
270695649	56088484	6	M	1	2	450088468	X
270695650	56088484	10	M	1	2	450088468	X
270695651	56088484	11	F	1	2	450101788	X
270695652	56088484	38	M	1	0	X	517506451
270695671	56092179	38	F	1	1	X	517506451
270695672	56092179	4	M	1	2	450094430	X
270695673	56092179	6	M	1	2	450101788	X
270695674	56092179	10	M	1	2	450101788	X
270695675	56092179	11	F	1	2	450101788	X
270695689	56089809	38	F	1	1	X	517508396
270695690	56089809	4	M	1	2	450094430	X
270695691	56089809	6	M	1	2	450088468	X
270695726	56090391	4	M	1	2	450094430	X
270695727	56090391	6	M	1	2	450088468	X
270695728	56090391	10	M	1	2	450088468	X
270695734	56090350	10	M	1	2	450088468	X
270695744	56091953	4	M	1	2	450094430	X
270695745	56091953	6	M	1	2	450088468	X
270695747	56091953	11	F	1	2	450101788	X
270695762	56092328	4	M	1	2	450094430	X
270695763	56092328	6	M	1	2	450101788	X
270695764	56092328	10	M	1	2	450101788	X
270790774	56093913	7	F	1	2	450091630	X
270790775	56093913	38	F	1	0	X	517423669
270817598	56092740	93	F	1	0	X	X
270817601	56093847	93	F	1	0	X	X
270817647	56093595	93	F	1	0	X	X
270817661	56090314	93	F	1	0	X	X
270928719	56089374	8	M	1	2	450088468	X
270928720	56089374	11	M	1	2	450101788	X
270928723	56089374	35	M	1	0	X	517507454
270928737	56094094	8	M	1	2	450091630	X
270928739	56094094	5	F	1	2	450097561	X
271047241	56090538	57	M	1	0	X	517506451
271047243	56090538	18	M	1	2	450091631	517506401
271060560	56093366	35	F	1	1	X	X
271060561	56093366	9	M	1	2	450091630	X
271060590	56094637	35	F	1	1	X	X
271060592	56094637	11	F	1	2	450097563	X
271060593	56094637	11	F	1	2	450097563	X
271060594	56094637	39	M	1	0	X	517423714
271416502	56091623	12	M	1	2	450088468	X
271416521	56088621	37	F	1	1	X	517506725
271416537	56091079	37	F	1	1	X	517506451
271416540	56091079	37	M	1	0	X	517662850
271416542	56087822	12	M	1	2	450088468	X
271416543	56087822	18	F	1	2	X	517507219
271416544	56087822	37	M	1	0	X	517507176
271416561	56088509	37	F	1	1	X	517506451
271416562	56088509	12	M	1	2	450088468	X
271416563	56088509	18	F	1	2	X	517506451
271541695	56090001	52	M	1	2	X	517506741
271541696	56090001	72	F	1	0	X	X
271594805	56089394	56	M	1	0	X	X
271594818	56093730	56	F	1	1	X	X
271594825	56089231	56	M	1	0	X	X
271594826	56089231	56	F	1	1	X	X
271594827	56088905	56	M	1	0	X	X
271594845	56088727	56	M	1	0	X	X
271594846	56088727	56	F	1	1	X	X
271594858	56088626	56	F	1	1	X	X
271594865	56088890	56	M	1	0	X	X
271594866	56088890	56	F	1	1	X	X
271594867	56093660	56	M	1	0	X	X
271594885	56091054	56	M	1	0	X	X
271594890	56088914	56	F	1	1	X	X
271594899	56088606	56	M	1	0	X	X
271594900	56088606	56	F	1	1	X	X
271594911	56090985	56	M	1	0	X	X
271594912	56090985	56	F	1	1	X	X
271594941	56091876	56	M	1	0	X	X
271594942	56091876	56	F	1	1	X	X
271599305	56092570	26	F	1	0	X	X
271599306	56092570	34	M	1	1	X	517432280
271599335	56092712	3	M	1	2	X	X
271599336	56092712	2	M	1	2	X	X
271599342	56089880	34	M	1	1	X	517508598
271599343	56089880	3	M	1	2	X	X
271599344	56089880	2	M	1	2	X	X
271599380	56094336	2	M	1	2	X	X
271639266	56093123	68	F	1	0	X	X
271639299	56094040	68	F	1	0	X	X
271639300	56092482	68	F	1	0	X	X
271639310	56093190	68	F	1	0	X	X
271657241	56090408	56	F	1	1	X	X
271657242	56090408	60	M	1	0	X	X
271657243	56094392	56	F	1	1	X	X
271788465	56091962	58	M	1	0	X	517506451
271788473	56094185	58	M	1	0	X	517423759
272757751	56089237	63	M	1	1	X	517506713
272757766	56087855	62	F	1	0	X	517507829
272757777	56089665	63	M	1	1	X	517506715
272757782	56092322	62	F	1	0	X	517506451
272917876	56090916	16	F	1	5	450091631	X
272917877	56090916	68	F	1	1	X	X
272917878	56090916	82	M	1	0	X	X
272917887	56090893	82	M	1	0	X	X
272917902	56090664	82	M	1	0	X	X
273057009	56088941	36	F	1	0	X	517508739
273057015	56091468	36	F	1	0	X	517506451
273110886	56094031	55	M	1	1	X	517423598
273110887	56094031	4	M	1	2	450066968	X
273110898	56088633	55	M	1	1	X	517506772
273110899	56088633	4	M	1	2	450066968	X
273110929	56090451	45	F	1	0	X	517507425
273110957	56093915	45	F	1	0	X	517423612
273110958	56093915	55	M	1	1	X	517423536
273110960	56093915	8	F	1	2	450091630	X
273110966	56092025	55	M	1	1	X	517662713
273110967	56092025	4	M	1	2	450066968	X
273110968	56092025	8	F	1	2	450101788	X
273110989	56090626	45	F	1	0	X	517506451
273110990	56090626	55	M	1	1	X	517506224
273110991	56090626	4	M	1	2	450066968	X
273111010	56094425	55	M	1	1	X	517423536
273111012	56094425	8	F	1	2	450091630	X
273675959	56089990	6	F	1	2	450097561	X
273675961	56089990	40	F	1	0	X	517508297
273675962	56089990	41	M	1	1	X	X
273994637	56092529	61	F	1	1	X	X
273994650	56088911	56	M	1	0	X	517508009
273994671	56089643	61	F	1	1	X	X
274123269	56092396	79	F	1	0	X	X
274123274	56089296	79	F	1	0	X	X
274123278	56087972	79	F	1	0	X	X
274123283	56090939	79	F	1	0	X	X
274354422	56090731	54	M	1	0	X	X
274354426	56089932	54	M	1	0	X	X
274358120	56088018	40	M	1	0	X	517506380
274358122	56088018	11	M	1	2	450101788	X
274358123	56088018	36	F	1	1	X	517507431
274358124	56093440	40	M	1	0	X	517423759
274358125	56093440	15	M	1	2	450097562	X
274358127	56093440	36	F	1	1	X	517432305
274358169	56089914	15	M	1	2	450091631	X
274358170	56089914	11	M	1	2	450101788	X
274358174	56088148	11	M	1	2	450101788	X
274358175	56088148	36	F	1	1	X	517506451
274358277	56089874	15	M	1	2	450091631	X
274358278	56089874	11	M	1	2	450101788	X
274358279	56089874	36	F	1	1	X	517508312
274536762	56094534	55	F	1	0	X	517423648
274536765	56094104	55	F	1	0	X	517506880
274536770	56088491	55	F	1	0	X	517508623
274536773	56093027	55	F	1	0	X	517432305
274805513	56088477	28	M	1	2	X	517508623
274805514	56088477	52	F	1	1	X	X
274805515	56088477	4	F	1	5	450066968	X
274805532	56090637	51	M	1	0	X	517506451
274805559	56088507	4	F	1	5	450066968	X
274805597	56094200	28	M	1	2	X	517423714
274805599	56094200	4	F	1	5	450066968	X
274887745	56090253	67	M	1	0	X	X
274887764	56092266	66	F	1	1	X	X
274887765	56092266	67	M	1	0	X	X
274887783	56092459	67	M	1	0	X	X
275011398	56090965	21	M	1	2	X	X
275011440	56091373	21	M	1	2	X	X
275103495	56094504	31	F	1	0	X	517423536
275103500	56089348	31	F	1	0	X	517507219
275180236	56093143	71	M	1	10	X	X
275180238	56093554	71	M	1	10	X	X
275180252	56090051	71	M	1	10	X	X
275180255	56092358	71	F	1	0	X	X
275180256	56091641	71	M	1	10	X	X
275180257	56091641	71	F	1	0	X	X
275190482	56088644	52	F	1	1	X	517506451
275190483	56088644	54	M	1	0	X	517506741
275190488	56090429	52	F	1	1	X	517507371
275190489	56090429	54	M	1	0	X	517432472
275190495	56090131	54	M	1	0	X	517508481
275355299	56088010	19	M	1	2	X	517506319
275355300	56088010	43	F	1	0	X	517508451
275355302	56088010	16	F	1	2	450091631	X
275355319	56087838	19	M	1	2	X	517508486
275355320	56087838	43	F	1	0	X	517432472
275355322	56087838	16	F	1	2	450091631	X
275355327	56089252	19	M	1	2	X	517506721
275355328	56089252	43	F	1	0	X	517506870
275355330	56089252	16	F	1	2	450091631	X
275355347	56090127	19	M	1	2	X	517507220
275355348	56090127	43	F	1	0	X	517663177
275355349	56090127	53	M	1	1	X	517508066
275824954	56094113	45	M	1	0	X	517423759
275828529	56091785	35	M	1	0	X	X
275828530	56091785	31	F	1	1	X	X
275828557	56088849	35	M	1	0	X	X
275828560	56088849	0	M	1	2	X	X
275828567	56090138	2	F	1	2	X	X
276337181	56090890	17	M	1	2	450097562	517506451
276337182	56090890	51	M	1	0	X	517506234
276337193	56092651	17	M	1	2	450097560	517410832
276337207	56090708	47	F	1	1	X	517506239
276337218	56093148	51	M	1	0	X	517432357
276337233	56091765	51	M	1	0	X	517506451
276337253	56093638	17	M	1	2	450097562	517423706
276337254	56093638	51	M	1	0	X	517423718
276337255	56093638	47	F	1	1	X	517423759
276337281	56094314	51	M	1	0	X	517423593
276337287	56089981	51	M	1	0	X	517507379
276337290	56091240	51	M	1	0	X	517506451
276337291	56091240	47	F	1	1	X	517506451
276337334	56091754	17	M	1	2	450091631	517506636
276337335	56091754	51	M	1	0	X	517506451
276337361	56089038	17	M	1	2	450091631	517508290
276337406	56093783	17	M	1	2	450097562	517423723
276337408	56093783	47	F	1	1	X	517423571
276899700	56091891	30	F	1	0	X	517506816
276899701	56091891	47	M	1	10	X	517339295
276899702	56091891	5	F	1	2	450094430	X
276899710	56088292	47	M	1	10	X	517662688
276899722	56092840	47	M	1	10	X	517432368
277070745	56092152	35	M	1	1	X	517506451
277070747	56092152	9	F	1	2	450101788	X
277070751	56091707	35	M	1	1	X	517506422
277070777	56088039	9	F	1	2	450088468	X
277070790	56091581	35	M	1	1	X	517506451
277070791	56091581	30	F	1	0	X	517506451
277194110	56089380	57	M	1	0	X	517506739
277194144	56093386	57	M	1	0	X	517423718
277194145	56092018	21	F	1	2	X	517506238
277194146	56092018	57	M	1	0	X	506926647
277194152	56088575	57	M	1	0	X	517507946
277194163	56089293	21	F	1	2	X	517507213
277194164	56089293	57	M	1	0	X	517506767
277194182	56088900	57	M	1	0	X	517507220
277223894	56090697	56	F	1	0	X	517506451
277223896	56093503	56	F	1	0	X	517423759
277480297	56090304	3	M	1	2	X	X
277480298	56090304	33	F	1	0	X	X
277480299	56090304	5	F	1	2	450066968	X
277865206	56091206	61	M	1	0	X	X
277865207	56091206	61	F	1	1	X	X
277865216	56093707	61	M	1	0	X	X
277865217	56093707	61	F	1	1	X	X
277957395	56088836	74	M	1	0	X	X
277957404	56088183	74	M	1	0	X	X
278227122	56088897	54	M	1	10	X	517507219
278485304	56091589	30	M	1	0	X	517506422
278485310	56091503	30	M	1	0	X	517506816
278485311	56091503	26	M	1	3	X	517506451
278485343	56090847	26	M	1	3	X	517506300
278485377	56092798	26	M	1	3	X	517391132
278544366	56090788	31	M	1	0	X	517506251
278544376	56094562	31	M	1	0	X	517423669
278622838	56094281	27	M	1	0	X	517423593
278622848	56092615	27	M	1	0	X	517432452
279579360	56094123	37	M	1	0	X	517423834
279579361	56094123	36	F	1	1	X	517423714
279579362	56094123	1	F	1	2	X	X
279731362	56092305	40	F	1	0	X	X
279731395	56089014	43	M	1	1	X	517506229
279731397	56089014	1	F	1	2	X	X
279731406	56088160	40	F	1	0	X	X
279731407	56088160	43	M	1	1	X	517506880
279731434	56088191	40	F	1	0	X	X
279731435	56088191	43	M	1	1	X	517508002
279731437	56088191	1	F	1	2	X	X
279952912	56087874	27	M	1	0	X	517507213
279952941	56089287	26	M	1	9	X	517663154
279952960	56089356	27	M	1	0	X	517508002
279952961	56089356	26	M	1	9	X	517506451
280185583	56094338	63	F	1	1	X	X
280185584	56094338	77	M	1	0	X	X
280185618	56087823	77	M	1	0	X	X
280201599	56092711	21	M	1	2	X	X
280510201	56094583	5	F	1	2	450094430	X
280510203	56094583	32	F	1	1	X	517423816
280510204	56094583	10	M	1	2	450091630	X
280510212	56091085	37	M	1	0	X	517506451
280510213	56091085	32	F	1	1	X	517506451
280510215	56091085	6	F	1	2	450088468	X
280510296	56092672	5	F	1	2	450094430	X
280510298	56092672	32	F	1	1	X	517432368
280510299	56092672	10	M	1	2	450091630	X
280510302	56091614	37	M	1	0	X	517506451
280675576	56090997	26	F	1	1	X	517506422
280675577	56090997	0	M	1	2	X	X
280675579	56090997	27	M	1	0	X	517506451
280675581	56089714	0	M	1	2	X	X
280675582	56089714	2	M	1	2	X	X
280675583	56089714	27	M	1	0	X	517507213
280675585	56093935	0	M	1	2	X	X
280675587	56093935	27	M	1	0	X	517423761
280795937	56093206	44	F	1	1	X	517432357
280795938	56088587	12	M	1	2	450101788	X
280795939	56088587	47	M	1	0	X	517507431
280795940	56088587	44	F	1	1	X	517506556
280844069	56090576	14	F	1	2	450101788	X
280844073	56090576	50	M	1	1	X	517506451
280844076	56091262	16	M	1	2	450091631	517339327
280844077	56091262	48	F	1	0	X	517506329
280844104	56093921	12	M	1	2	450097563	X
280844107	56093921	48	F	1	0	X	517423718
280844108	56093921	10	M	1	2	450091630	X
280844109	56093921	50	M	1	1	X	517423669
280844128	56092774	12	M	1	2	450097563	X
280844129	56092774	14	F	1	2	450097563	X
280844131	56092774	48	F	1	0	X	517432484
280844133	56092774	50	M	1	1	X	517432476
280950703	56090384	69	M	1	0	X	X
280950711	56090799	69	M	1	0	X	X
280950720	56087886	67	F	1	1	X	X
281114751	56091383	17	F	1	2	450091631	517506319
281114753	56091383	11	M	1	2	450101788	X
281114754	56091383	19	M	1	2	X	X
281114755	56091383	42	F	1	1	X	517506416
281219252	56089586	47	M	1	2	X	517506775
281782519	56092313	65	M	1	0	X	517506238
281782524	56093127	57	F	1	1	X	517432364
281898318	56090300	22	F	1	1	X	X
281898320	56090300	0	F	1	2	X	X
282201692	56089329	63	M	1	0	X	X
282201699	56091833	56	F	1	1	X	X
282270448	56089245	26	M	1	0	X	517506451
282270460	56092126	26	M	1	0	X	517506451
282270461	56092126	3	M	1	2	450066968	X
282274705	56090156	51	M	1	0	X	517508358
282497156	56093749	53	F	1	0	X	517423759
282497193	56088574	54	M	1	1	X	517507194
282497203	56089207	54	M	1	1	X	517508618
282497206	56094487	53	F	1	0	X	517423536
282756381	56093649	55	F	1	0	X	517423740
282756382	56093649	17	M	1	2	450097560	X
282842581	56094363	40	F	1	1	X	517423593
282842588	56092164	14	F	1	2	450091631	X
282842589	56092164	44	M	1	0	X	517506256
282993979	56090954	9	M	1	2	450088468	X
282993985	56088709	9	M	1	2	450088468	X
283427897	56090410	54	F	1	0	X	517508296
283497438	56089211	60	F	1	0	X	X
283497454	56093434	60	F	1	0	X	X
283497455	56093434	79	M	1	1	X	X
283655224	56090122	67	F	1	1	X	517507363
283819316	56089128	62	M	1	0	X	X
283819320	56094206	62	M	1	0	X	X
283819336	56092235	62	M	1	0	X	X
284052442	56091664	25	F	1	0	X	517506310
284078077	56089627	40	F	1	0	X	X
284078079	56089627	50	M	1	1	X	506952036
284078081	56094298	40	F	1	0	X	X
284078082	56094298	9	F	1	2	450066968	X
284078093	56090075	40	F	1	0	X	X
284078094	56090075	9	F	1	2	450066968	X
284078120	56088694	9	F	1	2	450066968	X
284078122	56088694	9	F	1	2	450066968	X
284078201	56094368	40	F	1	0	X	X
284193207	56092454	1	F	1	2	X	X
284193208	56092454	28	M	1	0	X	517506451
284193209	56092454	27	F	1	1	X	X
284193210	56092454	8	F	1	2	450101788	X
284238707	56093452	39	F	1	0	X	517423618
284238713	56091476	39	F	1	0	X	517506451
284238716	56094171	39	F	1	0	X	517423723
284312906	56094010	82	M	1	0	X	X
284411957	56092848	23	M	1	2	X	X
284411959	56092848	26	M	1	2	X	517432368
284411974	56089970	26	M	1	2	X	517508358
284411975	56089970	51	F	1	1	X	X
284411976	56089970	52	M	1	0	X	517507215
284412093	56094004	22	F	1	6	X	517423759
284412094	56094004	26	M	1	2	X	517423823
284412095	56094004	51	F	1	1	X	X
284412109	56094226	26	M	1	2	X	517423619
284412110	56094226	51	F	1	1	X	X
284429455	56088702	44	M	1	0	X	517507380
284429458	56089782	2	M	1	2	X	X
284429460	56089782	44	M	1	0	X	517507215
284482594	56092424	6	F	1	2	450101788	X
284482596	56092424	2	F	1	2	X	X
284482597	56092424	30	F	1	1	X	517506451
284482604	56091247	6	F	1	2	450088468	X
284482608	56091308	37	M	1	0	X	517507432
284482609	56091308	6	F	1	2	450088468	X
284482610	56091308	4	F	1	2	450094430	X
284482611	56091308	2	F	1	2	X	X
284482612	56091308	30	F	1	1	X	517506337
284482624	56089953	6	F	1	2	450101788	X
284482626	56089953	2	F	1	2	X	X
284482627	56089953	30	F	1	1	X	517506238
284554537	56088021	4	M	1	2	X	X
284554565	56091922	34	F	1	0	X	517506451
284554566	56091922	6	M	1	2	X	X
284554569	56091922	37	M	1	1	X	517506451
284554600	56092052	34	F	1	0	X	517423819
284554603	56092052	8	M	1	2	450101788	X
284554604	56092052	37	M	1	1	X	517376527
284554626	56090252	6	M	1	2	X	X
284554627	56090252	4	M	1	2	X	X
284754066	56088611	48	M	1	1	X	517508828
284754067	56088611	46	F	1	0	X	517508290
284754068	56094440	48	M	1	1	X	517423816
284754069	56094440	46	F	1	0	X	517423684
284813896	56088691	17	M	1	5	450091631	X
284813897	56088691	62	F	1	0	X	517506725
284891170	56093582	52	F	3	10	X	X
285377498	56094285	32	M	1	1	X	X
285377499	56094285	7	M	1	2	450091630	X
285377501	56094285	5	M	1	2	450097561	X
285377540	56089390	28	F	1	0	X	517507425
285377568	56092736	32	M	1	1	X	X
285377569	56092736	7	M	1	2	450091630	X
285377570	56092736	28	F	1	0	X	517432484
285570242	56093028	46	M	1	1	X	517432489
285570243	56093028	45	F	1	0	X	517432446
285570252	56090919	46	M	1	1	X	517506238
285570253	56090919	45	F	1	0	X	517506451
285570272	56091656	46	M	1	1	X	517506300
285570276	56088073	46	M	1	1	X	517508297
285570277	56088073	45	F	1	0	X	517507219
285570293	56089773	45	F	1	0	X	517506451
285583277	56092383	36	M	1	1	X	517506380
285583278	56092383	5	M	1	2	450066968	X
285583279	56092383	8	F	1	2	450101788	X
285583280	56093824	29	F	1	0	X	517423525
285583281	56093824	36	M	1	1	X	517423593
285583282	56093824	5	M	1	2	450066968	X
285583300	56090819	29	F	1	0	X	517506451
285583301	56090819	36	M	1	1	X	517506451
285583303	56090819	8	F	1	2	450101788	X
285583328	56091949	29	F	1	0	X	517506346
285583329	56091949	36	M	1	1	X	517423584
285583377	56092381	36	M	1	1	X	517506352
285583379	56092381	8	F	1	2	450101788	X
285583390	56092237	5	M	1	2	450066968	X
285583497	56091344	36	M	1	1	X	517423669
285583498	56091344	5	M	1	2	450066968	X
285583499	56091344	8	F	1	2	450101788	X
285583509	56089898	36	M	1	1	X	517508170
285583513	56089522	36	M	1	1	X	517506451
285583515	56089522	8	F	1	2	450101788	X
285637258	56090550	15	M	1	2	450091631	X
285637260	56090550	45	F	1	0	X	517506451
285687921	56090690	62	M	1	0	X	X
285687922	56092901	59	F	1	1	X	X
285687933	56090155	62	M	1	0	X	X
285687948	56093828	59	F	1	1	X	X
285687949	56093828	62	M	1	0	X	X
285734244	56087966	44	M	1	0	X	517507827
285734246	56087966	7	F	1	2	450101788	X
285734255	56091109	42	F	1	1	X	517506251
285734258	56091109	7	F	1	2	450101788	X
285824846	56089580	53	M	9	0	X	517506451
285824885	56092632	54	F	1	1	X	X
286119606	56089834	11	F	9	2	450101788	X
286119616	56093516	11	F	9	2	450097563	X
286119618	56093516	43	F	1	1	X	X
286119619	56093516	15	M	9	2	450097560	X
286119637	56093357	44	M	9	0	X	517423759
286119638	56093357	43	F	1	1	X	X
286119639	56093357	15	M	9	2	450097560	X
286812530	56092263	39	F	1	1	X	517506329
286812531	56092263	39	M	1	0	X	517507429
286812532	56092263	10	F	1	2	450101788	X
286812545	56093252	39	F	1	1	X	517423654
286812549	56093252	19	F	1	2	X	517423536
286812577	56088207	10	F	1	2	450101788	X
286812635	56088085	39	F	1	1	X	517507190
286812637	56088085	10	F	1	2	450101788	X
286812638	56088085	17	F	1	2	450091631	517506646
286812639	56088085	19	F	1	2	X	517506337
286900161	56090198	68	M	1	0	X	X
287364051	56091801	53	F	1	1	X	X
287364052	56092871	67	M	1	0	X	X
287364053	56092871	53	F	1	1	X	X
287364056	56088227	67	M	1	0	X	X
287364057	56088227	53	F	1	1	X	X
287364067	56090139	53	F	1	1	X	X
287440224	56089006	45	M	1	1	X	517506772
287440225	56089006	41	F	1	0	X	517508563
287440230	56093122	45	M	1	1	X	517432301
287440246	56094210	45	M	1	1	X	517423593
287440247	56094210	41	F	1	0	X	517423724
287440264	56090349	45	M	1	1	X	506952356
287440265	56090349	41	F	1	0	X	517508059
287519128	56093284	36	M	1	0	X	517423759
287519129	56093284	37	F	1	1	X	517423723
287519131	56093284	6	F	1	2	450097561	X
287886672	56090053	93	F	1	0	X	X
288249156	56090651	93	F	1	4	X	X
288249157	56090651	59	M	1	0	X	X
288249174	56089165	93	F	1	4	X	X
288297155	56089324	50	F	1	0	X	X
288297156	56089324	55	M	1	1	X	517507379
288355007	56092141	40	M	1	0	X	517506451
288355008	56092141	0	M	1	2	X	X
288355016	56093283	40	M	1	0	X	517423669
288355025	56091107	40	M	1	0	X	517506451
288355026	56091107	0	M	1	2	X	X
288694675	56090183	6	F	1	2	450091630	X
288694676	56090183	28	F	1	1	X	X
288694678	56090183	30	M	1	0	X	517507565
288694679	56090183	2	F	1	2	X	X
288694687	56091663	6	F	1	2	450091630	X
288694689	56091663	8	F	1	2	450091630	X
288694690	56091663	30	M	1	0	X	517506232
288694698	56089639	4	M	1	2	X	X
288694699	56089639	6	F	1	2	450091630	X
288694700	56089639	28	F	1	1	X	X
288694703	56089639	2	F	1	2	X	X
289091345	56088837	82	F	1	0	X	517507233
289091353	56093825	82	F	1	0	X	517423771
289091354	56091782	82	F	1	0	X	517506451
289091361	56090862	82	F	1	0	X	517506451
289171533	56094603	54	F	1	1	X	517423648
289171534	56094603	51	M	1	0	X	517423834
289171538	56088162	51	M	1	0	X	517507453
289576844	56092998	18	M	1	8	450097562	517432299
289665526	56094432	62	M	1	1	X	X
289665527	56094432	62	F	1	0	X	X
289665538	56093603	62	M	1	1	X	X
289961470	56090346	17	M	1	2	450097562	517508057
289961478	56090055	50	F	1	1	X	X
289961479	56090055	17	M	1	2	450091631	517506481
289961480	56090055	49	M	1	0	X	X
289961491	56094592	17	M	1	2	450097560	517423636
289961492	56094592	49	M	1	0	X	X
289961508	56090606	50	F	1	1	X	X
289997168	56092599	54	M	1	0	X	X
289997176	56088588	54	M	1	0	X	X
290137907	56088188	66	F	1	0	X	X
290137908	56088188	67	M	1	1	X	X
290137917	56090326	66	F	1	0	X	X
290137923	56087939	66	F	1	0	X	X
290137924	56087939	67	M	1	1	X	X
290137933	56088333	66	F	1	0	X	X
290137937	56091041	66	F	1	0	X	X
290137938	56091041	67	M	1	1	X	X
290137971	56089836	66	F	1	0	X	X
290137972	56089836	67	M	1	1	X	X
290137982	56090206	67	M	1	1	X	X
290214151	56092377	12	F	1	2	450101788	X
290214152	56092377	66	M	1	0	X	X
290214153	56092377	10	F	1	2	450101788	X
290214179	56090734	12	F	1	2	450101788	X
290214180	56090734	66	M	1	0	X	X
290214231	56090456	12	F	1	2	450101788	X
290214232	56090456	66	M	1	0	X	X
290214233	56090456	10	F	1	2	450101788	X
290214234	56090456	57	F	1	1	X	X
290214235	56093035	12	F	1	2	450097563	X
290214238	56093035	57	F	1	1	X	X
290214239	56091118	12	F	1	2	450101788	X
290214240	56091118	66	M	1	0	X	X
290214241	56091118	10	F	1	2	450101788	X
290214242	56091118	57	F	1	1	X	X
290214247	56092797	12	F	1	2	450097563	X
290214248	56092797	66	M	1	0	X	X
290214249	56092797	10	F	1	2	450097563	X
290214251	56092787	12	F	1	2	450091630	X
290214254	56092787	57	F	1	1	X	X
290253660	56092120	51	M	1	0	X	517506321
290253661	56092120	4	M	1	2	450066968	X
290253662	56092120	41	F	1	1	X	517506451
290253673	56091498	4	M	1	2	450066968	X
290253684	56093987	51	M	1	0	X	517423536
290318094	56090466	79	F	1	1	X	X
290318095	56090466	80	M	1	0	X	X
290318099	56093096	80	M	1	0	X	X
290318103	56087920	80	M	1	0	X	X
290318106	56094436	79	F	1	1	X	X
290431458	56087819	52	F	1	0	X	517506718
290539382	56089731	48	F	1	1	X	517508238
290539383	56089731	49	M	1	0	X	517508551
290607281	56092057	14	M	1	2	450101788	X
290607282	56092057	62	M	1	0	X	X
290607283	56092057	39	F	1	1	X	X
290607285	56092823	62	M	1	0	X	X
290621526	56088872	60	M	1	1	X	517507203
290621527	56088872	63	F	1	0	X	X
290631701	56093727	34	F	1	1	X	517423669
290631717	56094460	36	M	1	0	X	517423649
290631719	56094460	34	F	1	1	X	517423759
290847384	56092930	58	M	1	0	X	517432368
290847400	56089728	58	M	1	0	X	517507431
290989624	56088524	35	M	9	1	X	517508878
290989648	56089822	35	M	9	1	X	517506722
290989650	56089822	14	M	9	2	450091631	X
290989690	56091061	35	M	9	1	X	517509347
290989692	56091061	14	M	9	2	450091631	X
290989698	56093383	14	M	9	2	450097560	X
291016267	56093346	76	F	1	0	X	X
291445769	56088186	55	F	1	0	X	517506451
291445770	56088186	65	M	1	1	X	517507454
291445791	56090607	55	F	1	0	X	517506252
291682435	56089941	51	M	1	0	X	517508451
291755610	56088628	47	F	1	0	X	X
291755612	56088628	22	F	1	2	X	517506451
291755613	56088628	50	M	1	1	X	517508867
291755646	56089182	47	F	1	0	X	X
291755647	56089182	1	M	1	5	X	X
291755649	56089182	50	M	1	1	X	517507220
291755655	56093468	1	M	1	5	X	X
291755656	56093468	22	F	1	2	X	517423644
291755657	56093468	50	M	1	1	X	517423614
291774785	56088920	54	F	1	1	X	517506451
291774808	56092687	57	M	1	0	X	517432293
291774809	56089814	54	F	1	1	X	517508451
291774810	56089814	57	M	1	0	X	517506694
291774811	56089583	54	F	1	1	X	517507431
291774812	56089583	57	M	1	0	X	517507430
291774813	56089174	54	F	1	1	X	517508128
291774814	56089174	57	M	1	0	X	517662850
291774858	56090095	57	M	1	0	X	517508727
291774913	56094414	54	F	1	1	X	517423759
291845015	56089830	1	M	1	2	X	X
291845017	56089830	29	F	1	0	X	517506451
292058081	56088391	79	M	1	0	X	X
292058082	56088391	77	F	1	1	X	X
292284517	56089758	16	M	1	2	450091631	X
292284518	56089758	45	M	1	0	X	517507933
292284545	56090835	45	M	1	0	X	517506451
292284554	56091627	45	M	1	0	X	517506451
292284555	56091627	39	F	1	1	X	517506451
292347256	56091275	32	M	1	0	X	517506300
292347270	56094435	32	M	1	0	X	517423669
292347304	56094168	32	M	1	0	X	517423723
292349822	56092199	61	F	1	1	X	517506451
292349824	56092199	15	M	1	2	450091631	X
292349832	56092047	65	M	1	0	X	X
292349833	56092047	15	M	1	2	450091631	X
292349835	56094174	65	M	1	0	X	X
292349837	56088405	61	F	1	1	X	517507477
292349838	56088405	65	M	1	0	X	X
292349843	56087879	61	F	1	1	X	517507898
292349844	56087879	65	M	1	0	X	X
292357187	56094021	39	M	1	0	X	517423817
292357188	56094021	37	F	1	1	X	517423657
292357210	56091670	37	F	1	1	X	517506451
292357211	56091203	39	M	1	0	X	517506451
292357213	56093619	39	M	1	0	X	517423532
292357215	56091215	39	M	1	0	X	517506451
292357225	56092629	39	M	1	0	X	517423753
292535088	56093317	65	M	1	1	X	X
292535102	56092293	65	M	1	1	X	X
292818671	56091867	19	F	1	0	X	517506451
292818673	56093931	19	F	1	0	X	517423669
293408646	56088969	41	M	1	0	X	X
293408648	56088969	11	M	1	2	450101788	X
293408649	56088969	38	F	1	1	X	517507639
293408678	56088581	41	M	1	0	X	X
293408679	56088581	9	F	1	2	450091630	X
293408680	56088581	11	M	1	2	450101788	X
293408681	56088581	38	F	1	1	X	517508804
293620258	56091814	24	F	1	0	X	X
293796115	56090614	7	F	1	2	450091630	X
293796133	56092931	7	F	1	2	450091630	X
293796136	56092931	39	F	1	1	X	517409944
293796188	56090742	9	F	1	2	450091630	X
293796189	56090742	11	M	1	2	450101788	X
293796191	56089188	47	M	1	0	X	517506674
293796193	56089188	7	F	1	2	450091630	X
293796194	56089188	9	F	1	2	450091630	X
293796196	56089188	39	F	1	1	X	517506451
293796227	56092361	47	M	1	0	X	517506451
293796231	56092361	11	M	1	2	450101788	X
293796232	56092361	39	F	1	1	X	517506869
293796247	56092768	7	F	1	2	450091630	X
293796249	56092768	11	M	1	2	450091631	X
293796250	56092768	39	F	1	1	X	517432368
293796283	56094410	7	F	1	2	450091630	X
293796284	56094410	9	F	1	2	450091630	X
293796285	56094410	11	M	1	2	450091630	X
293796286	56094410	39	F	1	1	X	517423536
293796299	56090506	47	M	1	0	X	517506451
293796301	56090506	7	F	1	2	450091630	X
293796303	56090506	11	M	1	2	450101788	X
293796312	56092502	4	F	1	2	X	X
293796337	56089276	7	F	1	2	450091630	X
293796341	56088540	47	M	1	0	X	517508543
293796342	56088540	4	F	1	2	X	X
293796343	56088540	7	F	1	2	450091630	X
293796354	56090748	4	F	1	2	X	X
293796355	56090748	7	F	1	2	450091630	X
293796356	56090748	9	F	1	2	450091630	X
293796357	56090748	11	M	1	2	450101788	X
293796358	56090748	39	F	1	1	X	517506451
293796366	56092778	4	F	1	2	X	X
293796368	56092778	9	F	1	2	450091630	X
293796369	56092778	11	M	1	2	450091630	X
293796370	56092778	39	F	1	1	X	517432298
293796395	56089548	47	M	1	0	X	517506380
293796398	56089548	9	F	1	2	450091630	X
293796399	56089548	11	M	1	2	450101788	X
293796400	56089548	39	F	1	1	X	517506556
294134271	56094268	74	M	1	0	X	X
294134279	56092409	74	M	1	0	X	X
294134281	56094296	74	M	1	0	X	X
294202509	56093322	46	M	1	0	X	517423669
294455290	56089385	61	F	1	1	X	X
294455293	56092952	61	M	1	0	X	X
294455305	56094606	61	M	1	0	X	X
294455307	56088894	61	M	1	0	X	X
294455315	56090380	61	M	1	0	X	X
294455319	56090512	61	M	1	0	X	X
294455326	56088472	61	F	1	1	X	X
294662941	56090888	49	M	1	1	X	517506481
294662942	56090888	48	F	1	0	X	X
294662944	56090888	11	F	1	2	450091630	X
294662952	56092636	14	M	1	2	450091630	X
294662953	56092636	18	M	1	2	450097560	X
294662955	56092636	49	M	1	1	X	517432368
294662958	56092636	11	F	1	2	450091630	X
294662967	56090995	18	M	1	2	450091631	X
294662968	56090995	10	F	1	2	450091630	X
294662980	56090736	14	M	1	2	450091630	X
294662981	56090736	18	M	1	2	450091631	X
294662982	56090736	10	F	1	2	450091630	X
294662984	56090736	48	F	1	0	X	X
294662985	56090736	17	M	6	12	450091631	X
294662986	56090736	11	F	1	2	450091630	X
294663015	56089243	14	M	1	2	450091630	X
294663017	56089243	10	F	1	2	450091630	X
294663018	56089243	49	M	1	1	X	517507254
294663037	56092620	18	M	1	2	450091631	X
294663038	56092620	10	F	1	2	450091630	X
294663041	56092620	17	M	6	12	450091631	X
294663065	56090612	18	M	1	2	450091631	X
294663069	56090612	17	M	6	12	450091631	X
294663071	56092719	14	M	1	2	450091630	X
294663073	56092719	10	F	1	2	450097561	X
294663074	56092719	49	M	1	1	X	517432305
294663077	56092719	11	F	1	2	450091630	X
294663086	56090857	18	M	1	2	450091631	X
294663087	56090857	10	F	1	2	450088468	X
294663091	56090857	11	F	1	2	450091630	X
294663093	56091615	18	M	1	2	450091631	X
294663096	56091615	48	F	1	0	X	X
294663104	56090751	17	M	6	12	450091631	X
294663105	56090751	11	F	1	2	450091630	X
294708816	56089889	28	M	1	0	X	517508057
294708817	56089889	24	F	1	1	X	517506392
294708836	56089383	28	M	1	0	X	517506451
294708837	56089383	24	F	1	1	X	517506688
294708838	56089383	0	F	1	2	X	X
294708839	56092125	1	M	1	2	X	X
294708841	56092125	24	F	1	1	X	517506451
294708842	56092125	0	F	1	2	X	X
294708843	56091576	1	M	1	2	X	X
294708845	56091576	24	F	1	1	X	517506319
294708847	56089721	1	M	1	2	X	X
294708848	56089721	28	M	1	0	X	517506451
294708851	56091789	1	M	1	2	X	X
294708852	56091789	28	M	1	0	X	517506438
294708899	56089431	1	M	1	2	X	X
294708900	56089431	28	M	1	0	X	517508002
294708901	56089431	24	F	1	1	X	517506451
294708902	56089431	0	F	1	2	X	X
294708903	56092075	1	M	1	2	X	X
294708905	56092075	24	F	1	1	X	517339387
294708916	56090988	28	M	1	0	X	517506748
294708917	56090988	24	F	1	1	X	517506388
294872113	56094072	57	F	1	1	X	517423678
294917875	56089530	25	F	1	10	X	517507690
294917891	56091944	26	M	1	0	X	517506451
295063860	56089481	51	M	1	0	X	517506700
295063866	56093215	51	M	1	0	X	517423718
295063867	56093215	47	F	1	1	X	X
295384422	56088053	60	F	1	1	X	517507220
295384446	56090660	60	F	1	1	X	517506451
295384456	56090015	60	F	1	1	X	517506631
295577068	56088376	52	M	1	0	X	517507234
295863198	56093524	66	F	1	1	X	517423754
295863214	56094369	66	F	1	1	X	517423593
295930809	56092748	47	M	1	0	X	517432305
295930816	56088742	47	M	1	0	X	517506682
296037343	56093165	60	F	1	1	X	X
296037344	56093165	69	M	1	0	X	X
296040030	56087834	58	F	1	0	X	517506741
296099616	56092426	14	F	1	2	450091631	X
296099617	56092426	8	F	1	2	450101788	X
296099618	56092426	10	F	1	2	450091630	X
296099620	56092426	4	M	1	2	X	X
297075924	56092686	48	M	1	1	X	506643708
297075931	56088994	17	M	1	2	450091631	517507431
297075933	56090274	45	F	1	0	X	517506741
297080916	56088030	82	M	1	1	X	X
297080917	56088030	86	F	1	0	X	X
297080934	56090585	82	M	1	1	X	X
297080935	56090585	86	F	1	0	X	X
297158399	56093763	84	F	1	0	X	X
297158404	56089747	84	F	1	0	X	X
297158407	56088765	84	F	1	0	X	X
297158412	56090942	84	F	1	0	X	X
297438097	56089485	55	M	1	1	X	517508002
297438107	56090873	55	M	1	1	X	517507441
297438118	56088699	48	F	1	0	X	517507236
297438121	56094529	55	M	1	1	X	517423536
297464824	56089677	78	F	1	0	X	X
297801689	56088218	75	F	1	0	X	517506451
297801707	56092076	75	F	1	0	X	517506300
297917169	56092968	75	M	1	0	X	X
297941852	56089294	63	F	1	0	X	X
297982486	56094340	34	M	1	0	X	517423742
297982545	56090625	45	M	1	9	X	517506556
298103179	56094232	6	M	1	5	450097561	X
298103181	56094232	4	M	1	5	450094430	X
298103182	56094232	58	F	1	1	X	517423536
298697977	56088954	13	M	1	2	450091630	X
298697978	56088954	5	M	1	2	450066968	X
298752506	56093588	22	F	1	0	X	517423662
298801751	56090070	27	M	1	2	X	X
298841699	56090324	57	F	1	1	X	517508589
299229490	56093368	2	M	1	2	X	X
299229492	56093368	41	F	9	0	X	X
299454905	56089425	82	M	1	0	X	X
299454906	56089425	76	F	1	1	X	X
299454910	56089388	76	F	1	1	X	X
299502422	56093211	47	F	1	0	X	X
299502423	56093211	50	M	1	1	X	517432280
299502432	56088829	47	F	1	0	X	X
299502433	56088829	50	M	1	1	X	517507804
299550467	56092440	66	M	1	0	X	X
299550468	56092440	23	M	1	2	X	X
299550471	56094362	23	M	1	2	X	X
299566140	56093928	43	F	1	0	X	517423759
300215240	56091796	37	M	1	0	X	517506451
300215241	56091796	13	F	1	2	450091631	X
300865867	56093168	41	M	1	0	X	517432368
300865868	56093168	13	M	1	2	450091631	X
300865869	56093168	16	F	1	2	450097562	X
300865870	56093168	40	F	1	1	X	517432305
300893990	56090867	10	F	1	2	450088468	X
300893992	56090867	29	F	1	0	X	517506251
300894022	56090657	29	F	1	0	X	517662919
300894023	56090657	6	M	1	2	450088468	X
300894057	56090518	29	F	1	0	X	517506251
300894058	56090518	6	M	1	2	450088468	X
300894059	56090518	3	F	1	2	X	X
301040491	56090532	55	M	1	0	X	X
301040504	56089198	55	M	1	0	X	X
301162299	56089789	66	M	1	0	X	X
301162300	56089789	65	F	1	1	X	X
301364452	56088698	78	F	1	0	X	X
301364464	56088707	78	F	1	0	X	X
301508321	56087982	58	F	1	1	X	X
301508324	56087982	68	M	1	0	X	517507236
301508361	56092981	58	F	1	1	X	X
301508363	56092981	13	F	1	2	450091631	X
301508370	56090413	11	F	1	2	450091631	X
301508371	56090413	13	F	1	2	450091631	X
301706949	56090005	67	F	1	0	X	X
301706955	56090294	67	F	1	0	X	X
301706960	56092335	67	F	1	0	X	X
302125795	56089967	53	M	1	0	X	517508317
302125796	56089967	50	F	1	1	X	517507432
302125801	56091098	53	M	1	0	X	517506396
302125802	56091098	50	F	1	1	X	517506241
302125805	56088819	53	M	1	0	X	517506395
302432139	56094614	3	F	1	2	450094430	X
302432142	56094614	13	F	1	2	450091631	X
302432143	56094614	37	M	1	0	X	517423723
302534587	56094461	15	M	1	5	450097560	X
302534589	56094461	18	F	1	5	450097560	X
302534590	56094461	60	F	1	0	X	517423833
302534606	56089923	60	F	1	0	X	517506727
302534630	56089532	60	F	1	0	X	517506465
302534631	56093053	15	M	1	5	450097562	X
302534632	56093053	36	F	1	2	X	X
302534633	56093053	18	F	1	5	450097562	X
302534667	56092970	15	M	1	5	450097562	X
302534668	56092970	36	F	1	2	X	X
302534669	56092970	18	F	1	5	450097562	X
302534680	56093111	36	F	1	2	X	X
302534687	56090620	15	M	1	5	450091631	X
302534690	56090620	60	F	1	0	X	517506356
302534703	56092914	15	M	1	5	450097562	X
302534705	56092914	18	F	1	5	450097562	X
302534727	56092246	15	M	1	5	450091631	X
302534730	56092246	60	F	1	0	X	517506451
302534747	56094530	15	M	1	5	450097560	X
302534748	56094530	36	F	1	2	X	X
302534749	56094530	18	F	1	5	450097560	X
302534750	56094530	60	F	1	0	X	517423669
302534759	56092109	15	M	1	5	450091631	X
302534760	56092109	36	F	1	2	X	X
302534766	56093328	60	F	1	0	X	517423524
302534767	56089163	15	M	1	5	450091631	X
302534769	56089163	18	F	1	5	450091631	X
302534770	56089163	60	F	1	0	X	517506559
302660922	56089361	55	F	1	0	X	517507424
302660923	56089361	54	M	1	10	X	X
302694772	56089561	71	M	1	0	X	X
302694800	56093435	71	M	1	0	X	X
302694805	56093040	71	M	1	0	X	X
302694810	56088675	71	M	1	0	X	X
302694815	56092028	71	M	1	0	X	X
302694822	56089670	71	M	1	0	X	X
303004232	56088521	60	M	1	0	X	517508057
303004233	56088521	60	F	1	10	X	517506315
303004238	56088498	60	M	1	0	X	517507454
303004239	56088498	60	F	1	10	X	517508442
303059705	56090181	47	F	1	12	X	517508057
303059724	56090389	48	M	1	0	X	517506286
303059725	56090389	47	F	1	12	X	517506659
303059748	56094453	48	M	1	0	X	517423593
303059749	56094453	47	F	1	12	X	517423648
303598957	56092414	48	M	1	1	X	517506451
303598958	56092414	47	F	1	0	X	X
303967408	56092238	73	M	1	10	X	X
303967409	56092238	68	F	1	0	X	X
303967424	56088319	73	M	1	10	X	X
303967431	56092886	12	M	1	5	450091631	X
304203778	56088147	68	M	1	0	X	X
304203781	56092264	67	F	1	1	X	517506238
304203785	56092072	67	F	1	1	X	517506418
304234338	56090476	77	M	1	0	X	X
304234339	56090476	6	F	1	5	450093610	X
304234341	56090476	36	F	1	2	X	X
304234342	56090476	53	M	1	2	X	X
304234344	56089676	6	F	1	5	450093610	X
304234345	56089676	10	F	1	5	450091631	X
304234346	56089676	36	F	1	2	X	X
304450473	56092845	5	F	1	2	450066968	X
304450490	56092741	5	M	1	2	450066968	X
304450590	56090169	5	M	1	2	450066968	X
304450591	56090169	52	F	1	0	X	X
304450592	56090169	40	M	1	1	X	517662725
304673420	56090913	30	F	1	0	X	X
304673424	56091506	30	F	1	0	X	X
304673426	56091506	31	M	1	1	X	517506399
304673451	56091730	10	F	1	2	450088468	X
304673456	56094145	30	F	1	0	X	X
304673458	56094145	31	M	1	1	X	517423759
304673492	56094254	30	F	1	0	X	X
304673494	56094254	31	M	1	1	X	517423570
304673495	56094254	10	F	1	2	450097561	X
304673496	56090554	30	F	1	0	X	X
304673498	56090554	31	M	1	1	X	517506238
304673499	56090554	10	F	1	2	450088468	X
304673512	56091529	30	F	1	0	X	X
304673513	56091529	1	M	1	2	X	X
304673540	56092040	30	F	1	0	X	X
304673541	56092040	1	M	1	2	X	X
305009548	56092427	64	M	1	1	X	517506451
305009549	56092427	59	F	1	0	X	517506451
305009574	56089945	64	M	1	1	X	517508565
305060999	56092083	63	M	1	0	X	517506451
305061003	56090785	63	M	1	0	X	517506747
305120457	56088135	67	F	1	0	X	517508804
305120468	56092663	67	F	1	0	X	517432369
305120481	56089956	67	F	1	0	X	517508014
305332027	56092986	80	M	1	1	X	X
305332028	56092986	81	F	1	0	X	X
305335836	56090632	60	F	6	0	X	517423669
305411009	56092641	13	M	1	2	450091631	X
305411012	56092641	40	M	1	10	X	517432342
305543890	56094553	21	F	1	3	X	517423718
305543900	56089050	21	F	1	3	X	517506451
305543907	56091792	26	F	1	0	X	517506233
305652470	56089334	22	M	1	0	X	517506286
305652477	56091916	0	M	1	2	X	X
305652478	56091916	19	F	1	1	X	X
305652536	56089347	22	M	1	0	X	517508178
305652537	56092875	0	M	1	2	X	X
305740392	56091520	31	M	1	0	X	517506222
305740433	56093457	31	M	1	0	X	517423527
305740442	56092781	31	M	1	0	X	517432357
305930291	56089229	81	F	1	0	X	X
306116088	56087845	65	F	1	1	X	X
306116091	56087843	65	M	1	0	X	517507454
306421452	56089033	37	F	1	0	X	517663273
306627496	56090194	51	F	1	0	X	X
306627499	56094384	51	F	1	0	X	X
306627500	56089942	51	F	1	0	X	X
306627505	56089223	51	F	1	0	X	X
306708972	56090543	46	F	1	1	X	517506451
306758073	56094143	27	F	1	1	X	517423536
306758075	56094143	28	M	1	0	X	517423650
306852535	56092100	57	F	1	1	X	517506451
306991138	56090999	17	F	1	2	450091631	517506337
306991140	56090999	54	M	1	0	X	517506451
306991145	56092755	54	F	1	1	X	X
306991146	56092755	54	M	1	0	X	517432480
306991183	56090455	17	F	1	2	450091631	517508520
306991184	56090455	54	F	1	1	X	X
306991185	56090455	54	M	1	0	X	517508451
307068446	56094535	51	F	1	0	X	517423528
307093125	56092465	25	M	1	2	X	517507219
307093136	56094541	59	M	1	0	X	517423593
307157982	56090078	62	M	1	0	X	X
307157991	56092907	57	F	1	1	X	517432351
307158003	56090299	57	F	1	1	X	517506874
307158014	56089344	62	M	1	0	X	X
307158037	56089729	57	F	1	1	X	517506709
307223804	56093734	21	F	1	0	X	517423536
307223815	56093702	21	F	1	0	X	517423536
307236171	56093946	27	M	1	0	X	517423821
307236172	56093946	30	F	1	1	X	517423816
307236206	56091375	30	F	1	1	X	517423669
307730861	56092142	79	M	1	0	X	X
307730882	56092944	65	F	1	1	X	X
307730898	56092234	65	F	1	1	X	X
307730900	56088435	65	F	1	1	X	X
307730901	56090307	79	M	1	0	X	X
307730902	56090307	65	F	1	1	X	X
307730903	56088362	79	M	1	0	X	X
307730904	56088362	65	F	1	1	X	X
307778121	56088743	56	M	1	10	X	517507435
307782417	56094386	44	F	1	0	X	517423593
307782424	56094333	15	F	1	2	450097562	X
307782425	56094333	44	F	1	0	X	517423593
307811187	56094448	55	F	1	1	X	517423669
308117468	56090917	56	M	1	1	X	X
308117469	56090917	53	F	1	0	X	X
308160507	56089216	72	F	1	1	X	X
308502527	56090230	51	M	1	1	X	517508057
308502530	56088835	51	M	1	1	X	517506715
308502531	56088835	47	F	1	0	X	X
308502532	56088835	16	M	1	2	450091631	X
308502536	56092763	51	M	1	1	X	517423759
308502537	56092763	47	F	1	0	X	X
308970224	56090268	60	F	1	1	X	517507827
308970258	56093536	60	F	1	1	X	517423536
308970276	56092323	60	F	1	1	X	517507477
308970277	56092323	71	M	1	0	X	X
308970279	56093620	71	M	1	0	X	X
308970287	56088680	71	M	1	0	X	X
309003921	56087806	25	F	1	1	X	X
309003923	56087806	3	F	1	2	X	X
309003924	56087806	1	F	1	2	X	X
309003989	56090768	25	F	1	1	X	X
309003991	56090768	3	F	1	2	X	X
309004037	56094409	25	F	1	1	X	X
309004038	56094409	28	M	1	0	X	517423775
309004040	56094409	1	F	1	2	X	X
309004062	56094545	28	M	1	0	X	517423740
309004063	56094545	3	F	1	2	X	X
309004064	56094545	1	F	1	2	X	X
309004081	56090568	25	F	1	1	X	X
309004083	56090568	3	F	1	2	X	X
309004084	56090568	1	F	1	2	X	X
309035363	56089132	15	F	1	2	450091631	X
309035366	56089132	36	F	1	0	X	517506676
309035367	56089132	35	M	1	1	X	517506451
309035372	56089488	35	M	1	1	X	517506451
309035378	56091191	15	F	1	2	450091631	X
309035379	56091191	16	M	1	2	450091631	517506451
309035380	56091191	13	F	1	2	450091631	X
309035381	56091191	36	F	1	0	X	517506451
309035413	56094248	15	F	1	2	450097562	X
309035416	56094248	36	F	1	0	X	517423669
309035443	56093626	15	F	1	2	450097560	X
309035444	56093626	16	M	1	2	450097560	517423593
309035447	56093626	35	M	1	1	X	517423718
309035453	56091183	15	F	1	2	450091631	X
309035457	56091183	35	M	1	1	X	517506695
309035458	56091578	15	F	1	2	450091631	X
309035460	56091578	13	F	1	2	450091631	X
309543547	56087978	54	F	1	0	X	517506714
309860307	56089649	48	M	1	0	X	517507239
309860322	56092619	12	F	1	2	450091631	X
309860325	56092619	48	M	1	0	X	517432295
309860328	56089866	12	F	1	2	450091631	X
309860330	56089866	44	F	1	1	X	517663278
309860331	56089866	48	M	1	0	X	517507378
310463132	56091811	60	M	1	0	X	X
310463133	56089531	60	M	1	0	X	X
310463134	56089556	60	M	1	0	X	X
310463141	56093667	60	M	1	0	X	X
310613463	56094173	57	F	1	1	X	517423582
310613464	56094173	57	M	1	0	X	X
310760855	56091422	85	F	1	0	X	X
310775260	56089533	4	M	1	2	X	X
310775262	56089533	7	F	1	2	450093610	X
310775263	56089533	35	M	1	0	X	517663095
310775265	56093925	2	F	1	2	X	X
310775266	56093925	4	M	1	2	X	X
310775268	56093925	7	F	1	2	450097561	X
310775269	56093925	35	M	1	0	X	517423669
310915293	56091092	44	M	1	0	X	517506451
310915298	56088389	15	M	1	2	450091631	X
310915299	56088389	44	M	1	0	X	517508357
310915300	56088389	39	F	1	1	X	517506878
310915319	56088578	15	M	1	2	450091631	X
310915321	56088578	39	F	1	1	X	517507413
311148282	56093255	50	M	1	0	X	517423669
311148283	56093255	18	M	1	9	450097560	X
311354066	56094612	58	F	1	1	X	517423669
311354067	56094612	58	M	1	0	X	X
311380106	56094401	62	M	1	1	X	X
311380107	56094401	62	F	1	0	X	517423623
311380111	56093889	62	F	1	0	X	517423593
311380116	56090876	62	M	1	1	X	X
311380117	56090876	62	F	1	0	X	517506451
311560756	56089420	58	F	1	1	X	517506451
311987796	56091081	58	F	1	1	X	517506416
311987819	56093820	60	M	1	0	X	517423628
311987820	56093820	58	F	1	1	X	517423669
311987821	56093820	36	M	1	2	X	517423536
311987858	56089937	60	M	1	0	X	517506451
311987859	56089937	58	F	1	1	X	517507234
311987860	56089937	36	M	1	2	X	517507179
311987864	56091856	60	M	1	0	X	517506451
311987865	56091856	58	F	1	1	X	517506339
311987866	56091856	36	M	1	2	X	517506451
311987867	56092280	60	M	1	0	X	517506451
311987869	56092280	36	M	1	2	X	517506451
311987890	56090608	36	M	1	2	X	517506451
312003774	56089517	23	M	1	0	X	517506416
312148586	56091609	94	F	1	0	X	X
312148589	56093709	94	F	1	0	X	X
312233653	56088211	51	M	1	0	X	517507436
312377294	56094422	7	F	1	2	450097561	X
312377296	56094422	34	F	1	0	X	517423707
312377298	56094422	1	M	1	2	X	X
312377319	56091568	7	F	1	2	450088468	X
312377321	56091568	34	F	1	0	X	517506451
312377331	56092181	34	F	1	0	X	517340328
312377332	56092181	37	M	1	1	X	517506637
312377333	56092181	1	M	1	2	X	X
312377350	56091210	13	F	1	2	450101788	X
312377351	56091210	34	F	1	0	X	517506238
312377369	56094354	7	F	1	2	450097561	X
312377372	56094354	37	M	1	1	X	517423648
312377386	56092391	34	F	1	0	X	517506451
312377387	56092391	37	M	1	1	X	517506385
312377388	56092391	1	M	1	2	X	X
312377389	56092554	7	F	1	2	450097561	X
312377390	56092554	13	F	1	2	450097563	X
312377393	56092554	1	M	1	2	X	X
312388889	56092767	34	F	1	0	X	517432346
312388890	56092767	37	M	1	1	X	517432480
312388891	56092767	11	F	1	2	450097563	X
312388892	56092767	9	M	1	2	450097561	X
312573241	56093775	52	M	1	0	X	X
312573247	56094411	52	M	1	0	X	X
312935591	56089557	62	M	9	1	X	517508057
312935599	56094204	62	M	9	1	X	517423669
313076354	56090691	57	M	1	0	X	X
313076355	56090691	8	F	1	2	450088468	X
313076360	56092935	57	M	1	0	X	X
313076362	56092935	42	F	1	1	X	517432351
313076405	56089107	57	M	1	0	X	X
313076407	56089107	42	F	1	1	X	517507452
313156633	56091994	17	F	1	2	450091631	X
313156654	56094214	37	M	1	0	X	X
313156655	56094214	17	F	1	2	450097560	X
313156697	56090062	17	F	1	2	450091631	X
313156698	56093876	37	M	1	0	X	X
313672390	56093422	61	F	1	1	X	X
313672391	56093422	64	M	1	0	X	517423723
314062405	56093551	36	F	1	0	X	X
314062427	56088942	6	M	1	2	450088468	X
314062428	56088942	42	M	1	1	X	517507459
314062461	56094599	36	F	1	0	X	X
314062462	56094599	16	M	1	2	450097560	X
314062471	56088070	6	M	1	2	450088468	X
314062491	56090468	6	M	1	2	450088468	X
314062493	56090468	36	F	1	0	X	X
314308180	56093145	47	M	1	0	X	517432476
314308203	56094502	8	F	1	2	450066968	X
314308206	56094502	14	M	1	2	450097563	X
314308251	56089813	8	F	1	2	450066968	X
314308254	56089813	14	M	1	2	450093610	X
314308307	56088468	8	F	1	2	450066968	X
314308309	56088468	46	F	1	1	X	517507253
314308310	56088468	14	M	1	2	450093610	X
314308324	56094544	47	M	1	0	X	517423760
314308326	56094544	14	M	1	2	450097563	X
314430194	56092681	48	M	1	0	X	517432359
314430196	56092681	49	F	1	1	X	517432285
314660143	56089186	63	M	1	0	X	X
314660144	56089186	58	F	1	1	X	517507749
314892025	56094182	55	F	1	0	X	X
314892029	56088868	55	F	1	0	X	X
314925524	56090285	74	M	1	0	X	X
314925548	56089943	74	M	1	0	X	X
314925550	56092026	74	M	1	0	X	X
314925558	56088213	74	M	1	0	X	X
315011129	56088888	13	M	9	2	450093610	X
315011174	56093342	14	F	9	2	450097560	X
315011176	56093342	33	F	1	1	X	X
315011177	56093342	13	M	9	2	450097563	X
315011191	56091923	36	M	1	0	X	517506451
315011192	56091923	33	F	1	1	X	X
315011193	56091923	13	M	9	2	450101788	X
315011198	56088152	14	F	9	2	450091631	X
315011199	56088152	36	M	1	0	X	517506676
315011200	56088152	33	F	1	1	X	X
315011203	56090337	36	M	1	0	X	517508804
315011204	56090337	33	F	1	1	X	X
315011240	56090193	33	F	1	1	X	X
315011241	56090193	13	M	9	2	450093610	X
315011271	56091448	36	M	1	0	X	517506238
315011272	56091448	33	F	1	1	X	X
315011273	56091448	13	M	9	2	450101788	X
315011275	56088215	36	M	1	0	X	517507454
315011276	56088215	33	F	1	1	X	X
315011277	56088215	13	M	9	2	450093610	X
315011298	56090303	14	F	9	2	450091631	X
315011299	56090303	36	M	1	0	X	517662725
315011300	56090303	33	F	1	1	X	X
315994164	56089238	39	M	9	0	X	517506451
315994190	56092950	39	M	9	0	X	517423759
316073339	56093227	72	F	1	4	X	X
316073340	56093227	52	M	1	1	X	517423725
316173338	56089359	17	M	1	2	450091631	X
316173339	56089359	13	M	1	2	450093610	X
316173341	56089359	36	M	1	0	X	517506700
316173363	56092642	13	M	1	2	450097563	X
316173367	56088403	8	M	1	2	450093610	X
316173369	56088403	13	M	1	2	450093610	X
316173371	56088403	36	M	1	0	X	517662701
316173384	56091231	35	F	1	1	X	X
316173387	56091231	13	M	1	2	450101788	X
316173388	56091231	5	F	1	2	450066968	X
316173389	56091231	36	M	1	0	X	517506451
316173391	56089409	8	M	1	2	450093610	X
316173392	56089409	17	M	1	2	450091631	X
316173394	56089409	5	F	1	2	450066968	X
316173403	56091043	8	M	1	2	450088468	X
316173404	56091043	17	M	1	2	450091631	X
316173405	56091043	13	M	1	2	450101788	X
316173407	56091043	36	M	1	0	X	517506401
316173420	56091233	35	F	1	1	X	X
316173421	56091233	8	M	1	2	450088468	X
316173422	56091233	17	M	1	2	450091631	X
316173423	56091233	13	M	1	2	450101788	X
316173425	56091233	36	M	1	0	X	517506451
316173469	56091280	8	M	1	2	450088468	X
316173472	56091280	5	F	1	2	450066968	X
316173480	56087880	35	F	1	1	X	X
316173482	56087880	17	M	1	2	450091631	X
316173483	56087880	13	M	1	2	450093610	X
316173487	56091067	8	M	1	2	450088468	X
316173493	56091759	8	M	1	2	450088468	X
316173494	56091759	17	M	1	2	450091631	X
316173497	56091759	36	M	1	0	X	517506451
316173518	56092922	17	M	1	2	450097562	X
316173520	56092922	5	F	1	2	450066968	X
316333118	56091029	46	M	1	1	X	X
316333132	56093312	12	M	1	2	450097563	X
316333133	56093312	15	F	1	2	450097560	X
316333134	56093312	46	M	1	1	X	X
316333180	56089451	12	M	1	2	450093610	X
316333182	56089451	46	M	1	1	X	X
316333185	56089567	15	F	1	2	450091631	X
316333191	56092630	43	F	1	0	X	517432447
316333192	56092630	12	M	1	2	450097563	X
316333193	56092630	15	F	1	2	450097560	X
316333200	56091342	12	M	1	2	450101788	X
316333201	56091342	15	F	1	2	450091631	X
316333202	56091342	46	M	1	1	X	X
316333223	56093258	43	F	1	0	X	517423740
316333225	56093258	15	F	1	2	450097562	X
316333226	56093258	46	M	1	1	X	X
316408185	56089302	16	M	1	2	450091631	X
316408187	56089302	42	F	1	1	X	517506686
316408188	56089302	44	M	1	0	X	517508002
316427743	56092158	75	F	1	1	X	517506451
316427772	56091565	79	M	1	0	X	X
316427773	56091565	75	F	1	1	X	517506451
316427774	56088158	79	M	1	0	X	X
316427775	56088158	75	F	1	1	X	517506380
316427776	56091855	79	M	1	0	X	X
316427784	56090423	79	M	1	0	X	X
316427785	56090423	75	F	1	1	X	517506680
316427788	56090775	79	M	1	0	X	X
316514474	56091170	0	F	1	2	X	X
316514475	56091170	30	F	1	1	X	517506250
316514477	56091082	0	F	1	2	X	X
316514478	56091082	30	F	1	1	X	517506451
316514485	56091024	36	M	1	0	X	517506454
316514495	56091154	0	F	1	2	X	X
316514496	56091154	30	F	1	1	X	517506565
316514497	56091154	36	M	1	0	X	517506451
316514520	56091094	30	F	1	1	X	506146364
316514521	56091094	36	M	1	0	X	517506451
316514526	56090282	30	F	1	1	X	517663330
316514540	56088040	0	F	1	2	X	X
316514542	56088040	36	M	1	0	X	517507479
316514572	56087859	36	M	1	0	X	517508330
316514574	56091199	30	F	1	1	X	506926233
316514575	56091199	36	M	1	0	X	517506451
316514592	56090367	30	F	1	1	X	517506565
316514594	56088990	0	F	1	2	X	X
316514595	56088990	30	F	1	1	X	517508002
316514600	56094075	0	F	1	2	X	X
316514637	56090471	30	F	1	1	X	517507468
316514638	56090471	36	M	1	0	X	517507203
316557432	56089078	72	F	1	0	X	X
316557436	56093661	72	F	1	0	X	X
316557441	56093126	72	F	1	0	X	X
316557450	56092785	72	F	1	0	X	X
316680594	56088641	17	F	1	2	450091631	517508679
317085188	56094187	8	F	1	2	450097561	X
317085189	56094187	7	M	1	2	450097561	X
317085190	56094187	37	M	1	10	X	517423564
317085193	56090160	8	F	1	2	450093610	X
317085194	56090160	7	M	1	2	450093610	X
317085195	56090160	37	M	1	10	X	517507244
317085196	56090160	11	F	1	2	450093610	X
317085243	56089507	8	F	1	2	450088468	X
317085244	56089507	7	M	1	2	450088468	X
317085245	56089507	37	M	1	10	X	517507474
317085246	56089507	11	F	1	2	450101788	X
317085247	56089507	29	F	1	0	X	X
317085283	56092270	8	F	1	2	450101788	X
317085285	56092270	37	M	1	10	X	517506451
317085286	56092270	11	F	1	2	450101788	X
317085298	56092515	8	F	1	2	450091630	X
317085299	56092515	7	M	1	2	450091630	X
317085301	56092515	11	F	1	2	450091631	X
317085323	56088433	8	F	1	2	450093610	X
317085324	56088433	7	M	1	2	450093610	X
317085327	56088433	29	F	1	0	X	X
317085339	56092360	7	M	1	2	450101788	X
317085342	56092360	29	F	1	0	X	X
317085353	56088261	8	F	1	2	450093610	X
317085404	56092078	7	M	1	2	450101788	X
317085406	56092078	11	F	1	2	450101788	X
317632862	56091479	75	M	1	1	X	X
317632873	56090934	75	F	1	0	X	X
317690767	56094315	53	M	1	1	X	517423669
317690768	56094315	47	F	1	0	X	517423759
317690769	56093081	53	M	1	1	X	517432368
317690790	56094076	47	F	1	0	X	517423657
317690814	56088082	47	F	1	0	X	517507220
317690816	56090063	47	F	1	0	X	517507432
317692409	56088441	62	M	1	0	X	517507281
317692410	56088441	57	F	1	1	X	517508396
317716113	56090463	73	M	1	0	X	X
317716121	56093522	73	M	1	0	X	X
317716122	56093522	69	F	1	1	X	X
317716138	56088763	69	F	1	1	X	X
317716149	56089854	73	M	1	0	X	X
317749266	56092010	63	M	1	0	X	X
317750101	56090152	48	M	1	0	X	517508364
317750103	56090152	9	M	1	2	450093610	X
317750104	56090152	15	F	1	2	450091631	X
317750105	56090152	17	F	1	2	450091631	X
317750160	56089705	7	M	1	2	X	X
317750161	56089705	48	M	1	0	X	517508833
317750164	56089705	15	F	1	2	450091631	X
317758896	56093001	59	F	1	0	X	517423631
318131440	56093243	15	M	1	2	450097560	X
318131605	56093495	15	M	1	2	450097560	X
318191040	56091570	60	M	1	0	X	X
318191042	56091928	60	M	1	0	X	X
318418706	56093926	28	F	1	0	X	X
318418710	56094459	28	F	1	0	X	X
318418729	56092162	31	M	1	1	X	517506451
318535768	56091349	32	F	1	0	X	517506451
318535776	56093293	32	F	1	0	X	517507183
318535777	56093293	33	M	1	1	X	517423669
318535778	56093293	4	M	1	2	X	X
318535780	56094569	32	F	1	0	X	517423669
318535781	56094569	33	M	1	1	X	517423593
318535783	56094569	37	F	1	9	X	517423836
318535980	56094382	32	F	1	0	X	517423843
318535989	56094450	33	M	1	1	X	517423759
318535991	56094450	37	F	1	9	X	517423697
318536000	56090416	32	F	1	0	X	517508844
318536003	56090416	37	F	1	9	X	517508454
318536044	56093272	32	F	1	0	X	517423593
318536045	56093272	33	M	1	1	X	517423528
318536046	56093272	4	M	1	2	X	X
318536047	56093272	37	F	1	9	X	517423759
318536061	56088068	33	M	1	1	X	517508802
318536062	56088068	4	M	1	2	X	X
318536102	56087924	4	M	1	2	X	X
318603342	56092511	37	M	1	0	X	517432357
318603350	56088670	37	M	1	0	X	517506451
318682776	56092593	15	M	1	2	450097560	X
318682777	56092593	39	M	1	1	X	517432480
318682778	56092593	12	M	1	2	450097563	X
318682781	56092593	6	M	1	2	450097561	X
318682782	56092593	2	M	1	2	X	X
318682783	56092593	35	F	1	0	X	X
318719906	56088196	65	M	3	1	X	517507292
318719907	56088196	63	F	1	0	X	517508013
318719921	56088982	63	F	1	0	X	517508262
319059408	56090957	58	M	1	0	X	517506451
319059409	56090957	52	F	1	1	X	517506451
319059424	56093260	58	M	1	0	X	517423759
319059425	56093260	52	F	1	1	X	517423650
319458464	56089523	55	M	1	0	X	517507959
319458466	56089523	82	M	1	6	X	X
319663599	56088958	37	M	1	1	X	517506691
319663601	56088958	34	F	1	0	X	517506776
319825750	56093682	81	M	1	1	X	X
320067603	56092301	55	F	1	1	X	517506451
320067604	56089860	58	M	1	0	X	517508057
320067624	56090544	58	M	1	0	X	517506451
320067625	56090544	55	F	1	1	X	517506451
320075911	56094505	60	M	1	0	X	517423669
320075912	56094505	16	M	1	2	450097562	517423669
320075916	56090433	46	F	1	1	X	517506642
320075917	56090433	60	M	1	0	X	517506451
320075918	56090433	16	M	1	2	450091631	517506382
320233351	56092973	33	M	1	0	X	517423534
320264749	56088779	18	M	1	2	450091631	517507216
320264751	56088779	54	M	1	1	X	517506683
320264760	56092742	49	F	1	0	X	X
320264761	56092742	18	M	1	2	450097560	517432476
320264762	56092742	17	F	1	2	450097560	517432477
320264763	56092742	54	M	1	1	X	517432293
320264784	56090220	49	F	1	0	X	X
320264787	56090220	54	M	1	1	X	517506451
320588053	56087810	67	M	1	0	X	517507507
320588065	56088052	67	M	1	0	X	517506558
320588081	56089999	67	M	1	0	X	517507446
320644169	56093338	58	F	1	1	X	X
320645254	56090688	25	M	1	0	X	517506761
320645289	56091524	25	M	1	0	X	517506221
320724795	56089053	27	M	1	2	X	517508293
320724796	56089053	57	F	1	0	X	517507203
320724797	56089053	29	M	1	12	X	517508057
320724849	56092924	27	M	1	2	X	517432357
320724850	56092924	57	F	1	0	X	517432452
320802048	56091511	36	M	1	1	X	517506382
320802049	56091511	11	F	1	2	450101788	X
320802050	56091511	10	M	1	2	450088468	X
320924535	56092221	72	F	1	0	X	X
321074492	56092988	2	M	9	2	X	X
321074493	56092988	20	F	9	0	X	517432368
321074494	56092988	51	F	1	4	X	X
321134462	56090405	57	F	1	0	X	X
321134481	56091143	57	F	1	0	X	X
321134496	56093880	57	F	1	0	X	X
321134502	56088500	57	F	1	0	X	X
321134522	56091327	57	F	1	0	X	X
322217911	56087852	81	M	1	0	X	517507236
322328518	56092255	63	F	1	1	X	X
322328528	56090371	63	F	1	1	X	X
322328584	56093743	63	F	1	1	X	X
322328585	56093743	67	M	1	0	X	X
322370992	56087916	72	M	1	0	X	X
322370993	56087916	65	F	1	1	X	X
322582251	56091767	33	F	1	1	X	517506451
322582253	56091767	3	F	1	2	450066968	X
322582263	56091777	33	F	1	1	X	517506451
322582264	56091777	33	M	1	0	X	517506451
322582291	56091522	33	F	1	1	X	517506396
322582293	56091522	3	F	1	2	450066968	X
322582304	56092227	33	M	1	0	X	517506238
322865181	56087944	35	M	1	1	X	517506862
322865184	56087944	11	F	1	2	450093610	X
322865207	56091907	33	F	1	0	X	517506408
322865210	56091907	4	M	1	2	X	X
322872807	56089861	8	M	1	2	450093610	X
322872841	56091542	29	F	1	0	X	517506288
322872842	56091542	12	M	1	2	450101788	X
322872880	56088012	7	F	1	2	450093610	X
322872882	56088012	12	M	1	2	450093610	X
322872901	56094387	29	F	1	0	X	517423694
322872967	56092959	8	M	1	2	450097561	X
322872975	56090834	8	M	1	2	450088468	X
322872991	56092495	8	M	1	2	450091630	X
322872992	56092495	7	F	1	2	450091630	X
322873015	56091571	8	M	1	2	450088468	X
322873016	56091571	7	F	1	2	450088468	X
322873017	56091571	29	F	1	0	X	517506238
322873018	56091571	12	M	1	2	450101788	X
322873063	56092416	8	M	1	2	450101788	X
322873064	56092416	7	F	1	2	450101788	X
322873065	56092416	29	F	1	0	X	517506234
322873066	56092416	12	M	1	2	450101788	X
322873085	56091443	29	F	1	0	X	517506251
322873087	56091446	8	M	1	2	450088468	X
322873105	56092776	29	F	1	0	X	517432352
322873106	56092776	12	M	1	2	450091630	X
322873123	56092168	8	M	1	2	450101788	X
322873125	56092168	29	F	1	0	X	517506238
322873127	56092033	8	M	1	2	450101788	X
322873128	56092033	7	F	1	2	450101788	X
322873147	56092631	8	M	1	2	450097561	X
322873148	56092631	7	F	1	2	450097561	X
322873150	56092631	12	M	1	2	450097563	X
322873179	56089458	8	M	1	2	450088468	X
322873182	56089458	12	M	1	2	450093610	X
322873187	56091805	8	M	1	2	450088468	X
322873188	56091805	7	F	1	2	450088468	X
322873189	56091805	29	F	1	0	X	517506226
322873190	56091805	12	M	1	2	450101788	X
323024600	56090948	62	F	1	0	X	X
323024601	56092332	66	M	1	1	X	517506451
323216426	56092655	52	F	1	0	X	517423752
323216445	56089370	50	M	1	1	X	517506776
323216446	56089370	52	F	1	0	X	517507255
323216480	56091532	52	F	1	0	X	517423759
323524506	56088728	60	F	1	0	X	X
323524516	56094124	60	F	1	0	X	X
324340351	56090955	56	M	1	0	X	517506451
324340352	56090955	56	F	8	1	X	X
324396919	56092306	68	F	1	0	X	517282956
324568195	56090673	53	M	1	0	X	X
324692229	56091828	77	F	1	0	X	X
324692247	56089454	77	F	1	0	X	X
324759551	56089653	0	M	1	2	X	X
324759553	56089653	28	F	1	1	X	517663175
324759596	56090928	32	M	1	0	X	517506451
324759597	56090928	28	F	1	1	X	517506238
324999668	56088813	27	F	1	0	X	517507580
325007632	56093542	55	F	1	0	X	517423759
325118536	56094114	22	F	1	10	X	X
325118537	56094114	3	F	1	2	X	X
325118538	56094114	31	M	1	0	X	517423650
325183586	56093475	2	F	1	2	X	X
325293715	56094598	53	M	1	0	X	517423723
325293716	56094598	54	F	1	1	X	517423662
325329642	56089883	28	F	1	2	X	X
325329644	56089883	52	M	1	1	X	517506700
325381157	56093407	34	F	1	0	X	X
325381171	56091906	1	M	1	2	X	X
325476826	56091268	40	M	1	0	X	517506451
325541357	56093569	1	M	1	2	X	X
325541358	56093569	4	M	1	2	450094430	X
325541359	56093569	27	F	1	1	X	517423710
325541360	56093569	31	M	1	0	X	517423535
325541369	56092138	1	M	1	2	X	X
325541370	56092138	4	M	1	2	450094430	X
325541372	56092138	31	M	1	0	X	517506262
325603580	56092638	69	M	1	0	X	X
325603581	56092638	68	F	1	1	X	X
325603596	56089335	69	M	1	0	X	X
325603625	56088104	68	F	1	1	X	X
325809161	56090927	52	M	1	0	X	517506451
325809162	56090927	19	M	1	2	X	517506451
325809163	56090927	56	F	1	1	X	517506451
325809171	56090056	19	M	1	2	X	517663260
325809172	56090056	56	F	1	1	X	517506689
326112481	56094648	57	M	1	0	X	517423815
326112483	56094648	56	F	1	1	X	517423584
326112512	56093084	18	M	1	2	450097562	X
326112513	56093084	56	F	1	1	X	517423780
326112515	56093406	18	M	1	2	450097560	X
326112577	56089776	57	M	1	0	X	517507450
326112578	56089776	18	M	1	2	450091631	X
326112579	56089776	56	F	1	1	X	517508096
326112596	56093395	18	M	1	2	450097560	X
326112597	56093395	56	F	1	1	X	517423669
326112600	56089058	56	F	1	1	X	517506451
326212677	56093262	48	M	1	0	X	517423536
326212678	56093262	49	F	1	1	X	X
326212679	56093262	15	M	1	2	450097562	X
326212683	56088623	48	M	1	0	X	517506451
326212685	56088623	15	M	1	2	450091631	X
326212687	56090388	49	F	1	1	X	X
326212701	56089089	48	M	1	0	X	517508464
326212702	56089089	49	F	1	1	X	X
326212703	56089089	15	M	1	2	450091631	X
326212719	56088604	48	M	1	0	X	517506416
326212742	56093071	15	M	1	2	450097562	X
326342984	56091160	36	F	1	0	X	X
326342999	56091047	7	M	1	2	450088468	X
326343000	56091047	36	F	1	0	X	X
326549252	56088518	48	M	1	0	X	517507230
326549254	56090275	48	M	1	0	X	517506739
326549262	56093807	48	M	1	0	X	517423648
326549270	56088773	48	M	1	0	X	517507289
326549274	56089289	48	M	1	0	X	517506396
326619343	56093832	22	F	1	0	X	X
326619354	56091563	23	M	1	10	X	517506451
326619355	56091563	22	F	1	0	X	X
326654718	56093885	52	M	1	1	X	517423739
326654719	56093885	45	F	1	0	X	517423536
326654761	56091969	45	F	1	0	X	517506396
326654831	56089550	19	F	1	2	X	X
326654850	56088270	52	M	1	1	X	517506451
326654859	56089063	52	M	1	1	X	517507250
326654860	56089063	45	F	1	0	X	517506875
326654862	56090248	52	M	1	1	X	517507236
326654863	56090248	45	F	1	0	X	517663305
326654876	56093466	19	F	1	2	X	X
326654878	56093466	45	F	1	0	X	517423759
326654885	56091284	19	F	1	2	X	X
326654887	56091284	45	F	1	0	X	506926734
326662604	56091900	27	F	1	0	X	517506451
326662605	56091900	31	M	1	10	X	517506451
326662635	56088790	31	M	1	10	X	517508157
326701711	56088025	65	F	1	1	X	517506451
326701714	56090339	68	M	1	0	X	517506676
326701715	56090339	65	F	1	1	X	517508057
326701718	56091650	68	M	1	0	X	517506238
326701719	56091650	65	F	1	1	X	517507453
326745654	56092241	69	M	1	0	X	517506221
326899768	56088688	39	F	1	10	X	X
326899769	56088688	41	F	1	0	X	517507994
326899777	56094343	41	F	1	0	X	517423593
326899800	56094645	39	F	1	10	X	X
326949731	56093610	63	M	1	0	X	517423669
327044505	56094280	40	F	1	1	X	517423662
327044520	56088306	33	M	1	0	X	517508189
327063665	56089341	79	F	1	0	X	X
327063674	56089076	79	F	1	0	X	X
327063688	56089161	79	F	1	0	X	X
327281882	56088674	64	F	1	0	X	517506660
327281890	56088089	64	F	1	0	X	517506674
327281891	56088089	77	M	1	1	X	X
327281894	56092842	64	F	1	0	X	517410010
327281895	56092842	77	M	1	1	X	X
327281898	56090806	64	F	1	0	X	517506451
327300593	56090905	3	F	1	2	X	X
327300595	56090905	24	F	1	0	X	517506457
327300624	56089564	5	M	1	2	X	X
327300626	56089564	7	F	1	2	450088468	X
327300627	56089564	26	M	1	1	X	X
327300694	56089535	5	M	1	2	X	X
327300695	56089535	24	F	1	0	X	517508692
327300696	56089535	7	F	1	2	450088468	X
327300697	56089535	26	M	1	1	X	X
327300708	56094242	3	F	1	2	X	X
327300710	56094242	24	F	1	0	X	517423759
327300711	56094242	7	F	1	2	450097561	X
327300712	56094242	26	M	1	1	X	X
327300723	56094068	3	F	1	2	X	X
327300724	56094068	5	M	1	2	X	X
327346409	56092339	9	M	1	2	450101788	X
327346415	56091726	9	M	1	2	450088468	X
327346416	56091726	64	M	1	0	X	X
327346417	56089444	9	M	1	2	450088468	X
327346418	56089444	64	M	1	0	X	X
327346428	56088557	64	M	1	0	X	X
327346451	56093840	9	M	1	2	450097561	X
327481917	56094023	34	M	1	0	X	517423669
327766496	56091189	52	F	1	0	X	X
327895387	56089506	61	F	1	1	X	517507933
327895388	56089506	16	F	1	5	450091631	517506685
327895389	56089506	62	M	1	0	X	X
327895401	56092868	40	F	1	2	X	517432288
327895405	56092868	12	M	1	5	450067304	X
327917126	56089345	33	M	1	0	X	517506451
327917129	56089595	32	F	1	9	X	517508109
327917130	56089595	33	M	1	0	X	517506632
327917143	56091202	32	F	1	9	X	517284521
327917144	56091202	33	M	1	0	X	517506238
327917150	56091561	33	M	1	0	X	517506438
327933041	56091824	16	F	1	2	450091631	X
327933044	56089113	50	F	1	0	X	X
327933046	56089113	16	F	1	2	450091631	X
327933047	56089113	17	M	1	2	450091631	X
327933048	56089113	53	M	1	1	X	517507672
328129049	56092863	41	F	1	0	X	517432368
328129050	56092863	21	F	1	2	X	517432368
328129051	56092863	44	M	1	1	X	517432368
328129053	56093956	21	F	1	2	X	517423669
328129054	56093956	44	M	1	1	X	517423593
328129064	56088750	41	F	1	0	X	517507224
328129070	56089796	41	F	1	0	X	510787414
328129071	56089796	21	F	1	2	X	517507431
328129072	56089796	44	M	1	1	X	517506711
328191025	56089735	36	F	1	1	X	X
328191027	56089735	3	F	1	2	X	X
328191028	56089735	10	F	1	2	450093610	X
328191075	56092616	36	F	1	1	X	X
328191076	56092616	12	M	1	2	450091630	X
328191078	56092616	10	F	1	2	450091630	X
328191100	56089002	36	F	1	1	X	X
328191101	56089002	12	M	1	2	450093610	X
328191114	56092494	45	M	1	0	X	517432368
328191117	56092494	3	F	1	2	X	X
328191118	56092494	10	F	1	2	450091631	X
328191129	56090619	45	M	1	0	X	517506741
328191130	56090619	36	F	1	1	X	X
328191132	56090619	3	F	1	2	X	X
328191134	56090028	45	M	1	0	X	517506315
328191135	56090028	36	F	1	1	X	X
328191136	56090028	12	M	1	2	450093610	X
328191137	56090028	3	F	1	2	X	X
328191154	56092534	45	M	1	0	X	517432368
328191155	56092534	36	F	1	1	X	X
328191156	56092534	12	M	1	2	450091630	X
328327222	56091917	9	F	1	11	450088468	X
328327223	56091917	28	F	1	0	X	517506300
328327224	56091917	9	M	1	2	450088468	X
328327270	56090229	4	M	1	2	X	X
328327271	56090229	8	M	1	2	450093610	X
328327272	56090229	6	M	1	2	450088468	X
328327274	56090229	5	M	1	2	X	X
328327276	56090229	9	F	1	11	450093610	X
328327277	56090229	28	F	1	0	X	517507732
328327279	56092590	4	M	1	2	X	X
328327280	56092590	8	M	1	2	450091630	X
328327281	56092590	6	M	1	2	450091630	X
328327282	56092590	2	F	1	2	X	X
328327285	56092590	9	F	1	11	450091630	X
328327286	56092590	28	F	1	0	X	517423780
328327287	56092590	9	M	1	2	450091630	X
328327308	56092326	6	M	1	2	450088468	X
328327312	56092326	9	F	1	11	450101788	X
328327313	56092326	28	F	1	0	X	517506451
328327314	56092326	9	M	1	2	450101788	X
328327326	56088464	6	M	1	2	450088468	X
328327327	56088464	2	F	1	2	X	X
328327330	56088464	9	F	1	11	450093610	X
328327331	56088464	28	F	1	0	X	517508520
328327332	56088464	9	M	1	2	450093610	X
328327342	56091429	4	M	1	2	X	X
328327343	56091429	8	M	1	2	450088468	X
328327344	56091429	6	M	1	2	450088468	X
328327347	56091429	8	M	1	11	450088468	X
328327348	56091429	9	F	1	11	450088468	X
328327350	56091429	9	M	1	2	450088468	X
328327361	56092606	8	M	1	2	450097561	X
328327362	56092606	6	M	1	2	450097561	X
328327363	56092606	2	F	1	2	X	X
328327364	56092606	5	M	1	2	X	X
328327365	56092606	8	M	1	11	450097561	X
328327368	56092606	9	M	1	2	450097561	X
328327381	56088371	2	F	1	2	X	X
328327385	56088371	28	F	1	0	X	517507236
328327386	56088371	9	M	1	2	450093610	X
328475071	56093155	63	F	1	0	X	X
328482526	56090627	2	F	1	2	X	X
328482528	56090627	28	M	1	0	X	517506424
328505678	56089611	57	F	1	1	X	517507431
328505679	56089611	53	M	1	0	X	517507189
328505700	56092348	57	F	1	1	X	517506451
328505701	56092348	53	M	1	0	X	517506451
328505706	56094420	57	F	1	1	X	517423593
328697051	56092932	55	M	1	0	X	517423740
328697063	56093048	55	M	1	0	X	517432482
328697064	56093048	52	F	1	1	X	506643402
328697089	56093899	55	M	1	0	X	517423669
328697120	56090885	52	F	1	1	X	517506451
328744832	56088419	23	M	1	2	X	517507977
328744833	56088419	40	F	1	1	X	517506451
328744879	56088192	43	M	1	0	X	517507293
328744891	56094658	43	M	1	0	X	517423536
328744894	56088105	43	M	1	0	X	517508002
328782604	56094445	14	M	1	2	450097562	X
328782667	56094395	14	M	1	2	450097562	X
328782668	56094395	33	M	1	0	X	517423593
329079457	56094594	3	F	1	2	X	X
329079458	56094594	33	M	1	0	X	517423759
329079459	56094594	26	F	1	1	X	X
329079461	56094594	10	F	1	2	450097561	X
329501825	56092493	3	M	9	5	X	X
329501826	56092493	6	M	9	5	450091630	X
329501827	56092493	18	F	9	2	450091631	X
329501828	56092493	42	F	9	0	X	X
329501829	56092493	23	F	9	2	X	X
329501849	56093049	3	M	9	5	X	X
329501851	56093049	18	F	9	2	450097562	X
329501854	56093049	46	M	9	1	X	506643449
329501867	56093117	3	M	9	5	X	X
329501871	56093117	23	F	9	2	X	X
329501945	56092971	3	M	9	5	X	X
329501946	56092971	6	M	9	5	450097561	X
329501949	56092971	23	F	9	2	X	X
329501950	56092971	46	M	9	1	X	517423593
329501982	56093224	6	M	9	5	450097561	X
329501994	56092501	6	M	9	5	450091630	X
329501998	56092501	46	M	9	1	X	517432279
329825056	56091960	62	F	1	0	X	517506451
329993358	56089681	25	M	1	7	X	517506451
329993402	56090936	25	M	1	7	X	517506451
329993403	56090936	52	F	1	0	X	X
329993418	56090505	25	M	1	7	X	517506391
330112268	56090683	90	M	1	1	X	X
330112269	56090683	88	F	1	0	X	X
330127738	56091057	65	F	1	1	X	X
330127740	56092533	65	F	1	1	X	X
330127750	56092133	65	F	1	1	X	X
330127754	56088595	65	F	1	1	X	X
330127755	56088595	67	M	1	0	X	X
330127756	56093758	65	F	1	1	X	X
330127757	56093758	67	M	1	0	X	X
330168992	56092899	13	M	1	12	450097563	X
330168993	56092899	61	F	1	10	X	X
330168994	56092899	64	M	1	0	X	X
330169007	56089792	13	M	1	12	450093610	X
330169008	56089792	61	F	1	10	X	X
330169030	56089784	64	M	1	0	X	X
330169037	56090452	13	M	1	12	450093610	X
330169056	56089900	61	F	1	10	X	X
330461111	56090478	68	F	1	0	X	X
330461118	56091973	68	F	1	0	X	X
330461122	56089730	68	F	1	0	X	X
330778172	56094282	49	F	8	1	X	X
330778183	56094018	47	M	1	0	X	517423536
330778190	56090272	49	F	8	1	X	X
330778208	56088562	49	F	8	1	X	X
330778249	56088510	47	M	1	0	X	517506666
330911770	56088457	57	F	1	1	X	517507431
330911771	56088457	48	M	1	0	X	517507220
330911776	56094494	57	F	1	1	X	517423726
330911777	56094494	48	M	1	0	X	517423714
330990456	56089801	71	F	1	1	X	X
330990457	56089801	70	M	1	0	X	X
330990470	56088206	71	F	1	1	X	X
330990471	56088206	70	M	1	0	X	X
330990473	56090475	70	M	1	0	X	X
330990482	56091406	71	F	1	1	X	X
330990490	56090256	71	F	1	1	X	X
330990491	56090256	70	M	1	0	X	X
330990504	56089885	71	F	1	1	X	X
330990505	56089885	70	M	1	0	X	X
330990522	56088060	71	F	1	1	X	X
330990526	56090102	71	F	1	1	X	X
330990534	56090617	71	F	1	1	X	X
330990535	56090617	70	M	1	0	X	X
331096439	56092436	94	M	1	0	X	X
331096440	56088856	94	M	1	0	X	X
331231804	56090807	5	M	9	2	450088468	X
331231805	56090807	9	M	9	2	450088468	X
331231806	56090807	32	M	9	1	X	517506451
331245887	56094511	30	M	8	10	X	517423669
331245888	56094511	2	M	9	2	X	X
331245889	56094511	22	F	1	0	X	517423593
331245929	56091387	30	M	8	10	X	517506451
331245930	56091387	2	M	9	2	X	X
331245946	56093185	22	F	1	0	X	517432302
331245968	56094048	30	M	8	10	X	517423756
331245969	56094048	2	M	9	2	X	X
331245970	56094048	22	F	1	0	X	517423714
331299615	56088448	49	F	1	0	X	517663177
331399375	56090733	77	F	1	0	X	X
331598375	56093309	1	M	1	2	X	X
331598381	56093309	11	M	1	2	450097563	X
331598382	56093309	43	F	1	0	X	X
331598463	56091706	1	M	1	2	X	X
331598464	56091706	4	M	1	2	450094430	X
331598466	56091706	44	M	1	1	X	517506451
331598468	56091706	15	M	1	2	450091631	X
331598469	56091706	11	M	1	2	450101788	X
331598481	56089780	9	M	1	2	450093610	X
331598482	56089780	44	M	1	1	X	517506733
331598486	56089780	43	F	1	0	X	X
331598491	56091590	16	M	1	2	450091631	X
331598492	56091590	15	M	1	2	450091631	X
331598569	56092516	9	M	1	2	450091630	X
331598570	56092516	44	M	1	1	X	517432480
331598571	56092516	16	M	1	2	450091631	X
331598573	56092516	11	M	1	2	450091631	X
331598574	56092516	43	F	1	0	X	X
331598593	56093436	9	M	1	2	450097561	X
331598594	56093436	44	M	1	1	X	517423694
331598596	56093436	15	M	1	2	450097560	X
331598597	56093436	11	M	1	2	450097563	X
331598598	56093436	43	F	1	0	X	X
331598681	56088764	9	M	1	2	450093610	X
331598683	56088764	16	M	1	2	450091631	X
331598685	56088764	11	M	1	2	450093610	X
331598697	56089449	9	M	1	2	450088468	X
331598702	56089449	43	F	1	0	X	X
331598711	56089118	1	M	1	2	X	X
331598712	56089118	4	M	1	2	450094430	X
331598713	56089118	9	M	1	2	450093610	X
331598714	56089118	44	M	1	1	X	517506556
331598715	56089118	16	M	1	2	450091631	X
331598761	56093301	9	M	1	2	450097561	X
331598762	56093301	44	M	1	1	X	517423536
331598763	56093301	16	M	1	2	450097560	X
331598765	56093301	11	M	1	2	450097563	X
331598766	56093301	43	F	1	0	X	X
331598801	56094554	9	M	1	2	450097561	X
331598804	56094554	15	M	1	2	450097560	X
331598808	56091428	4	M	1	2	450094430	X
331598809	56091428	9	M	1	2	450088468	X
331598811	56091428	16	M	1	2	450091631	X
331598813	56091428	11	M	1	2	450101788	X
331598814	56091428	43	F	1	0	X	X
331598835	56090265	16	M	1	2	450091631	X
331598836	56090265	15	M	1	2	450091631	X
331598837	56090265	11	M	1	2	450093610	X
331703417	56092653	4	M	1	2	450066968	X
331703418	56092653	8	M	1	2	450097561	X
331703440	56090448	30	F	1	0	X	517508057
331703465	56092169	4	M	1	2	450066968	X
331703466	56092169	8	M	1	2	450088468	X
331703467	56092169	30	M	1	1	X	517506451
332014443	56088122	18	F	1	2	450091631	X
332014444	56088122	22	M	1	2	X	X
332014445	56088122	49	M	1	0	X	517506675
332050980	56093387	15	F	1	2	450097560	X
332270604	56094549	53	F	1	1	X	517423529
332270611	56094377	53	M	1	0	X	517423669
332270612	56094377	53	F	1	1	X	517423623
332270617	56089340	53	M	1	0	X	517506422
332270618	56089340	53	F	1	1	X	517508063
332270630	56092958	53	F	1	1	X	517432283
332270646	56089989	53	F	1	1	X	517507575
332270661	56089044	53	M	1	0	X	517506700
332270662	56089044	53	F	1	1	X	517506451
332317927	56094109	43	M	1	0	X	517423593
332317928	56094109	45	F	6	1	X	517423698
332317929	56094109	4	M	1	2	450066968	X
332317937	56092300	45	F	6	1	X	517506332
332722862	56089066	62	M	1	0	X	517508673
332722866	56092209	62	M	1	0	X	517373248
332722867	56092209	59	F	1	1	X	X
332722874	56093160	62	M	1	0	X	517432368
332722881	56093365	59	F	1	1	X	X
332722893	56091841	59	F	1	1	X	X
332722897	56092004	59	F	1	1	X	X
332722929	56093693	59	F	1	1	X	X
332722930	56093906	62	M	1	0	X	517423698
332722931	56093906	59	F	1	1	X	X
332722938	56094334	62	M	1	0	X	517423669
332722939	56094334	59	F	1	1	X	X
332931716	56093943	26	M	1	0	X	517423609
333051223	56093012	61	M	1	0	X	X
333183413	56092764	72	M	1	0	X	X
333183414	56092764	36	M	1	2	X	506643569
333295416	56090162	59	M	1	0	X	517507239
333295417	56094506	59	M	1	0	X	517423629
333295420	56094331	59	M	1	0	X	517423822
333357310	56092389	65	F	1	0	X	X
333685213	56090208	45	M	1	0	X	517507220
333685216	56090208	43	F	1	1	X	517506451
333685233	56092058	45	M	1	0	X	517506451
333685251	56094160	15	M	1	2	450097562	X
333772472	56089041	64	M	1	0	X	X
333820338	56091032	68	M	1	0	X	517506238
333820339	56091032	63	F	1	1	X	X
333820376	56091113	68	M	1	0	X	517506451
333820381	56092921	63	F	1	1	X	X
333820385	56094566	63	F	1	1	X	X
333880871	56089462	19	F	1	2	X	X
333880876	56089462	15	M	1	2	450091631	X
333880894	56089406	17	F	1	2	450091631	X
333880895	56090046	19	F	1	2	X	X
333880896	56090046	47	M	1	1	X	517507468
333880897	56090046	21	F	1	2	X	517506701
333880898	56090046	18	F	1	2	450091631	X
333880899	56090046	13	M	1	2	450093610	X
333880900	56090046	15	M	1	2	450091631	X
333880901	56090046	45	F	1	0	X	517508028
333880959	56089019	19	F	1	2	X	X
333880960	56089019	47	M	1	1	X	517506451
333880962	56089019	18	F	1	2	450091631	X
333880964	56089019	15	M	1	2	450091631	X
333880966	56089019	17	F	1	2	450091631	X
334078830	56092849	57	F	1	0	X	517432368
334078832	56091696	57	F	1	0	X	517506634
334078833	56089414	57	F	1	0	X	517506464
334078840	56092980	57	F	1	0	X	517432484
334247715	56092112	73	F	1	0	X	X
334247720	56091340	73	F	1	0	X	X
334484984	56090126	69	M	1	0	X	X
334719419	56089571	57	F	1	0	X	517662796
334805663	56089505	58	M	1	0	X	517507179
334805664	56089505	57	F	1	1	X	517508428
334805665	56089320	58	M	1	0	X	517507690
334870657	56089674	54	F	1	0	X	517508057
334870684	56088416	57	M	1	1	X	517508059
334870685	56088416	54	F	1	0	X	517506708
334870688	56087863	57	M	1	1	X	517508803
334921787	56091260	81	F	1	1	X	X
334921818	56094083	84	M	1	0	X	X
334921846	56093861	84	M	1	0	X	X
335108011	56090432	48	F	1	0	X	517506451
335108012	56091659	44	M	1	10	X	517506451
335108013	56091659	48	F	1	0	X	506926689
335108028	56089176	44	M	1	10	X	517507435
335108032	56091557	44	M	1	10	X	517506451
335108038	56090434	44	M	1	10	X	517507220
335135252	56089974	78	M	1	1	X	X
335135272	56090014	78	M	1	1	X	X
335138924	56093520	39	M	1	0	X	517423536
335138926	56093520	40	F	1	1	X	X
335138961	56094006	17	M	1	2	450097562	X
335138962	56094006	40	F	1	1	X	X
335138963	56094006	14	M	1	2	450097563	X
335138970	56091252	40	F	1	1	X	X
335138971	56091252	14	M	1	2	450101788	X
335138985	56091868	17	M	1	2	450091631	X
335138996	56091314	39	M	1	0	X	517506451
335138998	56091314	40	F	1	1	X	X
335260162	56092617	77	F	1	0	X	X
335260171	56094610	74	M	1	1	X	X
335260181	56092275	74	M	1	1	X	X
335260182	56092275	77	F	1	0	X	X
335260202	56088831	77	F	1	0	X	X
335276653	56092114	31	M	1	0	X	517506451
335276654	56092114	1	M	1	2	X	X
335276656	56092114	3	F	1	2	X	X
335276657	56092114	29	F	1	1	X	X
335276678	56091414	31	M	1	0	X	517423759
335276679	56091414	1	M	1	2	X	X
335276682	56091414	29	F	1	1	X	X
335313205	56093547	1	F	9	2	X	X
335313206	56093547	2	M	9	2	X	X
335313207	56093547	31	F	1	1	X	X
335313208	56093547	37	M	9	0	X	517423694
335321552	56094514	8	M	1	2	450097561	X
335321553	56094514	29	F	1	0	X	517423669
335321554	56088016	8	M	1	2	450093610	X
335321564	56088235	8	M	1	2	450093610	X
335321565	56088235	29	F	1	0	X	517506451
335321577	56087840	29	F	1	0	X	517506880
335321578	56090042	8	M	1	2	450093610	X
335321579	56090042	29	F	1	0	X	517508057
335321582	56090545	8	M	1	2	450088468	X
335321583	56090545	29	F	1	0	X	517506675
335321598	56091496	8	M	1	2	450088468	X
335661027	56089133	50	F	1	1	X	X
335661038	56089386	50	M	1	0	X	X
335661053	56090845	50	F	1	1	X	X
335661054	56090845	50	M	1	0	X	X
335860713	56092308	21	M	1	2	X	517506451
335860768	56093930	22	M	1	2	X	517423823
335860769	56093930	21	M	1	2	X	517423536
336052492	56092949	29	F	1	1	X	X
336052552	56088499	29	F	1	1	X	X
336052556	56090641	29	F	1	1	X	X
336052562	56089491	29	F	1	1	X	X
336052563	56089491	34	M	1	0	X	517508144
336088037	56093050	18	M	1	5	450097562	517432301
336088039	56093050	60	M	1	0	X	517432352
336088041	56090871	62	F	1	1	X	X
336088042	56090871	60	M	1	0	X	517506451
336088048	56090213	60	M	1	0	X	517508563
336088049	56089277	18	M	1	5	450091631	517506215
336088056	56089303	62	F	1	1	X	X
336392674	56094267	4	M	1	2	450066968	X
336392675	56094267	2	M	1	2	X	X
336419337	56091701	11	F	1	2	450101788	X
336419339	56091701	41	M	1	0	X	517506451
336634956	56088276	86	F	1	0	X	X
336634964	56091227	86	F	1	0	X	X
336812788	56091460	50	M	1	0	X	517506451
336812789	56091460	49	F	3	1	X	517506451
336812809	56088560	50	M	1	0	X	517506288
336812810	56088560	49	F	3	1	X	517662725
336812824	56091328	50	M	1	0	X	517506451
336812825	56091328	49	F	3	1	X	517506380
336812826	56091328	17	M	3	2	450091631	X
336925216	56087842	56	M	1	0	X	517506674
336925217	56087842	19	M	1	2	X	X
336925218	56087842	47	F	1	1	X	517663338
336925229	56089915	19	M	1	2	X	X
336925232	56093934	19	M	1	2	X	X
336925233	56093934	47	F	1	1	X	517423823
336925240	56091850	56	M	1	0	X	517506380
336925241	56091850	19	M	1	2	X	X
336925242	56091850	47	F	1	1	X	517506451
336979064	56089111	12	F	1	2	450067304	X
336994918	56088384	52	F	1	1	X	X
336994923	56093060	43	M	1	0	X	517432279
336994924	56088566	52	F	1	1	X	X
337048125	56091175	1	F	1	2	X	X
337048126	56091175	35	F	1	1	X	517339295
337048162	56089093	35	F	1	1	X	517506317
337048179	56091797	3	M	1	2	450094430	X
337587724	56091826	28	M	1	0	X	517506650
337587725	56088738	28	M	1	0	X	517506451
337634263	56089336	8	F	9	2	450093610	X
337634264	56089336	47	F	3	0	X	517506730
337634265	56089336	11	M	9	2	450093610	X
337892367	56089922	43	F	1	0	X	X
337892368	56089922	43	M	1	1	X	517508283
337892370	56090116	43	M	1	1	X	517507420
337892376	56088683	43	M	1	1	X	517507479
337896559	56093817	61	F	1	0	X	517423648
337896560	56093817	70	M	1	1	X	X
337896579	56094657	61	F	1	0	X	517423669
338165851	56092108	67	M	1	0	X	X
338165852	56092108	64	F	1	1	X	X
338165853	56092108	41	M	1	2	X	517423759
338272895	56091083	37	M	1	0	X	517506300
338272907	56094567	37	M	1	0	X	517423723
338272935	56091071	37	M	1	0	X	517506451
338297629	56094183	52	F	1	1	X	X
338297634	56094396	55	M	1	0	X	517423723
338297635	56094396	52	F	1	1	X	X
339361666	56094573	48	M	1	0	X	517423759
339361688	56094151	48	M	1	0	X	517423714
339724567	56093567	61	M	1	0	X	X
339724568	56093567	62	F	1	1	X	X
339738542	56089181	44	M	1	0	X	517506653
339846573	56088382	41	M	1	1	X	517506451
339846575	56088382	10	M	1	2	450093610	X
339846576	56088382	42	F	1	0	X	517507413
339846601	56090484	41	M	1	1	X	517507223
339846603	56090484	10	M	1	2	450093610	X
339846604	56090484	42	F	1	0	X	517506684
339846645	56092081	41	M	1	1	X	517506451
339846646	56092081	15	F	1	2	450091631	X
339846647	56092081	10	M	1	2	450101788	X
339846648	56092081	42	F	1	0	X	517506451
339846665	56090232	41	M	1	1	X	517507587
339846666	56090232	15	F	1	2	450091631	X
339846668	56090232	42	F	1	0	X	517506238
339846741	56092282	41	M	1	1	X	517506352
339846744	56092282	42	F	1	0	X	517506451
339976974	56093778	6	M	1	2	450097561	X
339976975	56093778	18	M	8	2	450063600	X
339976976	56093778	1	F	1	2	X	X
339976977	56093778	16	F	1	2	450063600	517423673
339976978	56093778	37	F	8	1	X	X
339976979	56093778	42	M	1	0	X	517423646
339976992	56092194	6	M	1	2	450101788	X
339976993	56092194	18	M	8	2	450063600	X
339976994	56092194	1	F	1	2	X	X
340116248	56090974	13	F	1	2	450101788	X
340116249	56090974	46	F	1	1	X	517506214
340334019	56094181	4	F	1	2	X	X
340334020	56094181	32	M	1	1	X	517423687
340334021	56094181	27	F	1	0	X	517423536
340334022	56094181	2	M	1	2	X	X
340334031	56090473	4	F	1	2	X	X
340334034	56090473	2	M	1	2	X	X
340360658	56093796	49	F	1	0	X	X
340360663	56091556	49	F	1	0	X	X
340394094	56088974	80	M	1	0	X	X
340421248	56091941	8	M	1	2	450088468	X
340421250	56088865	8	M	1	2	450093610	X
340421262	56091196	8	M	1	2	450088468	X
340421265	56088525	36	F	1	0	X	517506451
340421272	56089768	8	M	1	2	450093610	X
340421273	56089768	36	F	1	0	X	517506451
340490648	56093113	16	M	1	2	450097562	517432354
340490649	56093113	50	M	1	0	X	X
340490650	56093113	9	M	1	2	450097561	X
340490686	56090925	5	M	1	2	450088468	X
340490690	56090925	9	M	1	2	450088468	X
340490708	56092574	16	M	1	2	450097560	517432305
340490710	56092574	9	M	1	2	450097561	X
340490711	56090052	5	M	1	2	450088468	X
340490714	56090052	50	M	1	0	X	X
340490722	56091060	39	F	1	1	X	X
340490751	56090516	5	M	1	2	450088468	X
340490752	56090516	39	F	1	1	X	X
340490753	56090516	16	M	1	2	450091631	517506238
340490763	56089429	16	M	1	2	450091631	517506280
340490765	56089429	9	M	1	2	450088468	X
340571534	56090906	37	F	1	1	X	X
340571536	56090906	5	M	1	2	X	X
340571537	56090906	10	M	1	2	450088468	X
340571554	56092449	37	F	1	1	X	X
340571556	56092449	5	M	1	2	X	X
340571557	56092449	10	M	1	2	450101788	X
340571558	56088599	8	F	1	2	450093610	X
340571561	56088599	5	M	1	2	X	X
340571562	56088599	10	M	1	2	450093610	X
340571563	56092717	8	F	1	2	450097561	X
340571565	56092717	46	M	1	0	X	517432368
340571567	56092717	10	M	1	2	450097561	X
340571605	56090848	46	M	1	0	X	517506422
340571606	56090848	5	M	1	2	X	X
340571607	56090848	10	M	1	2	450088468	X
340657451	56091587	7	M	1	2	450088468	X
340657453	56091587	35	M	1	1	X	517506417
340657477	56092622	10	F	1	2	450097563	X
340657478	56092622	35	M	1	1	X	517432368
340657479	56092622	33	F	1	0	X	517432482
340657500	56092062	15	M	1	2	450091631	X
340657501	56092062	7	M	1	2	450101788	X
340657504	56092062	33	F	1	0	X	517506300
340657556	56092481	7	M	1	2	450097561	X
340657557	56092481	10	F	1	2	450097563	X
340657566	56090945	7	M	1	2	450088468	X
340657567	56090945	10	F	1	2	450101788	X
340875542	56090812	2	F	9	2	X	X
340875543	56090812	13	F	9	2	450101788	X
340875580	56090703	30	F	9	0	X	X
340875581	56090703	2	F	9	2	X	X
340947802	56088816	55	F	1	1	X	X
340947806	56090180	55	F	1	1	X	X
340947807	56090180	62	M	1	0	X	X
340947817	56094140	62	M	1	0	X	X
340994609	56091676	71	M	1	0	X	517506451
340994614	56091480	71	M	1	0	X	517506332
341002949	56093881	51	F	1	0	X	517423619
341002953	56088386	51	F	1	0	X	517507197
341002959	56089242	51	F	1	0	X	517507197
341272579	56094316	27	M	1	12	X	517423597
341272589	56093737	27	M	1	12	X	517423583
341368019	56089330	58	M	1	0	X	517506708
341368020	56089330	57	F	1	1	X	X
341368023	56092484	58	M	1	0	X	506643633
341368024	56092484	57	F	1	1	X	X
341368027	56089295	58	M	1	0	X	517508828
341368041	56090798	58	M	1	0	X	517506256
341368042	56090798	57	F	1	1	X	X
341368076	56089225	57	F	1	1	X	X
341645403	56094372	45	M	1	0	X	517423593
341645407	56093898	45	M	1	0	X	517423723
341645439	56089831	45	M	1	0	X	517506451
341645440	56088054	45	M	1	0	X	517506238
341645443	56091259	45	M	1	0	X	517506451
341645450	56092095	45	M	1	0	X	517506300
341645459	56088789	45	M	1	0	X	517506432
341645465	56089599	45	M	1	0	X	517507948
341716130	56088265	45	F	1	0	X	X
341716131	56088265	50	M	1	1	X	517507220
341716146	56090249	45	F	1	0	X	X
342183468	56093141	72	M	1	1	X	X
342183489	56091475	63	F	1	0	X	517506238
342420956	56091672	23	M	1	9	X	517506451
342466268	56094273	4	F	1	2	450066968	X
342466313	56093531	34	M	1	0	X	517423669
342466314	56093531	31	F	1	1	X	517423525
342525015	56094621	60	F	1	0	X	X
342525016	56094621	63	M	1	1	X	X
342525017	56094251	60	F	1	0	X	X
342525018	56094251	63	M	1	1	X	X
342587013	56089825	57	F	1	1	X	X
342587014	56089825	10	F	1	2	450093610	X
342587016	56089825	67	M	1	0	X	X
342587017	56090226	57	F	1	1	X	X
342587065	56089697	57	F	1	1	X	X
342587066	56089697	10	F	1	2	450093610	X
342587068	56089697	67	M	1	0	X	X
342587110	56092288	10	F	1	2	450101788	X
342690220	56093746	80	F	1	1	X	X
342690240	56089787	80	F	1	1	X	X
342716695	56091164	31	M	1	0	X	506146078
342716696	56091164	26	F	1	1	X	517506676
342854356	56089079	20	M	1	10	X	X
342980061	56090534	53	M	1	0	X	517506238
343072364	56089614	59	F	1	0	X	X
343072365	56089614	58	M	1	10	X	517506451
343072367	56090050	58	M	1	10	X	510785489
343072385	56093092	58	M	1	10	X	517432357
343072387	56088619	58	M	1	10	X	517508804
343216777	56092295	24	F	1	1	X	517506451
343338429	56092344	59	F	1	1	X	517423607
343338431	56092344	1	F	1	5	X	X
343338444	56090559	17	F	1	5	450091631	X
343338445	56090559	59	F	1	1	X	517506451
343338450	56091420	61	M	1	0	X	517506451
343385524	56091724	69	F	1	1	X	517506451
343404575	56092729	1	F	1	2	X	X
343404591	56090610	9	M	1	2	450088468	X
343404593	56090610	37	M	1	1	X	517506254
343649228	56090215	77	F	1	0	X	X
343707540	56092477	68	M	1	0	X	X
344198238	56089234	42	M	1	1	X	X
344198240	56089234	18	F	1	2	450091631	517508057
344198268	56092523	42	M	1	1	X	X
344198269	56092523	6	F	1	2	450091630	X
344198270	56092523	18	F	1	2	450091631	517423753
344198272	56092523	16	F	1	2	450091631	517432368
344209687	56087854	70	F	1	0	X	X
344209692	56091158	70	M	1	1	X	517506451
344209722	56093507	70	M	1	1	X	517423759
344209723	56093507	70	F	1	0	X	X
344325287	56090695	13	M	1	2	450101788	X
344325288	56090695	13	F	1	2	450101788	X
344325290	56090695	56	M	1	0	X	517506300
344325304	56093630	13	F	1	2	450097563	X
344325306	56093630	56	M	1	0	X	517423759
344325313	56090032	45	F	1	1	X	517508804
344325332	56093249	13	F	1	2	450097563	X
344325333	56093249	45	F	1	1	X	517423694
344325334	56093249	56	M	1	0	X	517423640
344325335	56091451	13	M	1	2	450101788	X
344325336	56091451	13	F	1	2	450101788	X
344325337	56091451	45	F	1	1	X	517506451
344325338	56091451	56	M	1	0	X	517663173
344325352	56093210	13	F	1	2	450097563	X
344325377	56089527	45	F	1	1	X	517506676
344325378	56089527	56	M	1	0	X	517509372
344416348	56089623	6	M	1	2	450088468	X
344418153	56093137	71	M	1	1	X	517432299
344418156	56092518	72	F	1	0	X	X
344665041	56089820	70	F	1	0	X	X
344966662	56089435	54	M	1	1	X	517507489
344966663	56089435	45	M	1	7	X	X
345113284	56093583	55	F	1	1	X	X
345113285	56093583	55	M	1	0	X	517423759
345113290	56089004	55	F	1	1	X	X
345113294	56090072	55	F	1	1	X	X
345113295	56090072	55	M	1	0	X	517506451
345113309	56089402	55	M	1	0	X	517507175
345113315	56087831	55	M	1	0	X	517507582
345113384	56089322	55	F	1	1	X	X
345113385	56089322	55	M	1	0	X	517508049
345193865	56088279	40	M	1	0	X	517506451
345193868	56088279	40	F	9	1	X	517507431
345193885	56092850	40	M	1	0	X	517423669
345193886	56092850	4	M	1	2	X	X
345303606	56090527	47	F	1	1	X	517506300
345303629	56089625	47	M	1	0	X	517506451
345303630	56089625	47	F	1	1	X	517508166
345303644	56088471	47	M	1	0	X	517506775
345303646	56088471	16	F	1	2	450091631	517506238
345303662	56093002	47	M	1	0	X	517432305
345303663	56093002	47	F	1	1	X	517365391
345303664	56093002	16	F	1	2	450097562	506643670
345558922	56092928	61	F	1	0	X	X
345558923	56092928	57	M	1	10	X	517432283
345647414	56089327	86	F	1	0	X	X
345647416	56093809	86	F	1	0	X	X
345647423	56088710	86	F	1	0	X	X
345741876	56088432	9	F	1	2	450093610	X
345741877	56088432	4	M	1	2	X	X
345741896	56088424	9	F	1	2	450093610	X
345741897	56088424	4	M	1	2	X	X
345741899	56088424	4	M	1	2	X	X
345741911	56090923	9	F	1	2	450088468	X
345741912	56090923	4	M	1	2	X	X
345741914	56090923	4	M	1	2	X	X
345741920	56091516	38	F	1	0	X	517506451
345741922	56091516	4	M	1	2	X	X
345741924	56091516	4	M	1	2	X	X
345741965	56087995	38	F	1	0	X	517508109
345741966	56087995	9	F	1	2	450093610	X
345741967	56087995	4	M	1	2	X	X
345741972	56089671	4	M	1	2	X	X
345741982	56091256	4	M	1	2	X	X
345741983	56091256	7	F	1	2	450088468	X
345741984	56091256	4	M	1	2	X	X
345780254	56092661	54	F	1	0	X	517432484
345780256	56089578	54	F	1	0	X	517506451
345780263	56089724	55	M	1	1	X	517507457
345780271	56092220	55	M	1	1	X	517506451
345780273	56089521	55	M	1	1	X	517507220
345780274	56089521	54	F	1	0	X	517507220
346047111	56090765	15	M	1	2	450091631	X
346047131	56092694	48	M	1	0	X	517432368
346047133	56092694	10	M	1	2	450097563	X
346047162	56088955	14	M	1	2	450093610	X
346047163	56088955	10	M	1	2	450093610	X
346047165	56089952	15	M	1	2	450091631	X
346047166	56089952	37	F	1	1	X	X
346047167	56089952	48	M	1	0	X	517506380
346047168	56089952	14	M	1	2	450093610	X
346047169	56089952	10	M	1	2	450093610	X
346491683	56094036	60	F	1	0	X	X
346563345	56091038	40	F	1	1	X	517507199
346563348	56090386	40	F	1	1	X	517508043
346563350	56090386	42	M	1	0	X	517508242
346563352	56088554	12	F	1	2	450093610	X
346563388	56088369	12	F	1	2	450093610	X
346563389	56088369	42	M	1	0	X	517506451
346767425	56088195	1	F	1	2	X	X
346767440	56090135	1	F	1	2	X	X
346767442	56090135	27	F	1	1	X	X
346767554	56091483	1	F	1	2	X	X
346767555	56091483	28	M	1	0	X	517506380
346837433	56094646	70	M	1	1	X	X
347001537	56092210	59	M	1	1	X	X
347001557	56090502	59	M	1	1	X	X
347001558	56090502	63	F	1	0	X	517506451
347001561	56087980	59	M	1	1	X	X
347001562	56087980	63	F	1	0	X	517506451
347001567	56093073	59	M	1	1	X	X
347001568	56093073	63	F	1	0	X	506643449
347191814	56093965	13	F	1	2	450067304	X
347191843	56088049	42	F	1	0	X	517507933
347191844	56088049	13	F	1	2	450067304	X
347191871	56093388	42	F	1	0	X	517423669
347191872	56093388	13	F	1	2	450067304	X
347191875	56088374	42	F	1	0	X	517506451
347191876	56088374	13	F	1	2	450067304	X
347271623	56092273	39	M	1	0	X	517506224
347271624	56092273	18	F	1	2	450091631	517376519
347271625	56092273	12	F	1	2	450101788	X
347271627	56092273	40	F	1	1	X	517506451
347304833	56091822	58	M	1	1	X	X
347304838	56092987	58	F	1	0	X	517432482
347369870	56094347	67	F	1	1	X	X
347381601	56093251	69	M	1	1	X	517423669
347462330	56094019	59	F	1	0	X	X
347462338	56093292	59	F	1	0	X	X
347523369	56093552	44	M	1	0	X	517423725
347523378	56090188	44	M	1	0	X	517663328
347523398	56088467	44	M	1	0	X	517506872
348020935	56091915	2	M	1	2	X	X
348020936	56091915	37	F	1	0	X	517506451
348020938	56091915	0	M	1	2	X	X
348020939	56090443	2	M	1	2	X	X
348020942	56090443	0	M	1	2	X	X
348020968	56093404	37	F	1	0	X	517423593
348020969	56093404	42	M	1	1	X	517423740
348020970	56093404	0	M	1	2	X	X
348021009	56094447	42	M	1	1	X	517423816
348809051	56090778	15	M	1	2	450091631	X
348809053	56090778	39	M	1	1	X	517506451
348809056	56090778	19	M	1	2	X	517506451
348809057	56090778	6	F	1	2	450088468	X
348809060	56091991	39	M	1	1	X	517506238
348809062	56091991	6	M	1	2	450088468	X
348809065	56092177	15	M	1	2	450091631	X
348809067	56092177	39	M	1	1	X	517506245
348809070	56092177	19	M	1	2	X	517506352
348809074	56093007	39	M	1	1	X	517432476
348809076	56093007	6	M	1	2	450097561	X
348809078	56093007	6	F	1	2	450097561	X
348809100	56090797	15	M	1	2	450091631	X
348809101	56090797	33	F	1	0	X	517506380
348809102	56090797	39	M	1	1	X	517506238
348809103	56090797	12	F	1	2	450101788	X
348809105	56090797	19	M	1	2	X	517506396
348809114	56091433	15	M	1	2	450091631	X
348809118	56091433	6	M	1	2	450088468	X
348809119	56091433	19	M	1	2	X	517506451
348809156	56091348	15	M	1	2	450091631	X
348809157	56091348	33	F	1	0	X	517506380
348809161	56091348	19	M	1	2	X	517506451
348809162	56091348	6	F	1	2	450088468	X
348809178	56092735	33	F	1	0	X	517432476
348809183	56092735	6	F	1	2	450097561	X
348809189	56091003	19	M	1	2	X	517506451
348809191	56091738	15	M	1	2	450091631	X
348809194	56091738	12	F	1	2	450101788	X
348809196	56091738	19	M	1	2	X	517509363
348809197	56091738	6	F	1	2	450088468	X
348809240	56091116	15	M	1	2	450091631	X
348809243	56091116	12	F	1	2	450101788	X
348809244	56091116	6	M	1	2	450088468	X
348809261	56092041	15	M	1	2	450091631	X
348809266	56092041	19	M	1	2	X	517506451
348809269	56092466	33	F	1	0	X	517506422
348809270	56092466	39	M	1	1	X	517506451
348809271	56092466	12	F	1	2	450101788	X
348809272	56092466	6	M	1	2	450088468	X
348809273	56092466	19	M	1	2	X	517506451
348809274	56092466	6	F	1	2	450088468	X
348809282	56091372	15	M	1	2	450091631	X
348809284	56091372	39	M	1	1	X	517506451
348809296	56092294	15	M	1	2	450091631	X
348809297	56092294	33	F	1	0	X	517506451
348809298	56092294	39	M	1	1	X	517506380
348809300	56092294	6	M	1	2	450088468	X
348809301	56092294	19	M	1	2	X	517506451
348809302	56092294	6	F	1	2	450088468	X
348809313	56093306	12	F	1	2	450097563	X
348809315	56093306	19	M	1	2	X	517423759
348809316	56093306	6	F	1	2	450097561	X
348809332	56092602	33	F	1	0	X	517432357
348809333	56092602	39	M	1	1	X	517432484
348809335	56092602	6	M	1	2	450097561	X
348809336	56092602	19	M	1	2	X	517432357
348809337	56092602	6	F	1	2	450097561	X
348818213	56089459	27	F	1	2	X	X
348818214	56089459	60	M	1	0	X	517507234
349517100	56091504	30	M	1	0	X	X
349587321	56090728	61	M	1	0	X	517506451
349746017	56093537	15	F	1	2	450097560	X
349746036	56092489	49	M	1	0	X	506643663
350274899	56091182	54	M	1	0	X	517507199
350274900	56091182	54	F	1	1	X	517506451
350398316	56090104	33	F	1	1	X	517507220
350398317	56090104	10	M	1	2	450093610	X
350398321	56090104	6	M	1	2	450088468	X
350398322	56090104	8	M	1	2	450093610	X
350681541	56091229	6	F	1	2	450088468	X
350681543	56091229	39	M	1	1	X	517506451
350681544	56091229	10	F	1	2	450101788	X
350681545	56091045	8	M	1	2	450088468	X
350681546	56091045	6	F	1	2	450088468	X
350681547	56091045	37	F	1	0	X	517506741
350681548	56091045	39	M	1	1	X	517506451
350701803	56088038	41	F	1	1	X	517507189
350701804	56088038	8	F	1	2	450093610	X
350701805	56088038	4	M	1	2	450066968	X
350714219	56089983	35	M	1	2	X	517506695
350714220	56089983	25	M	1	5	X	X
350896425	56092939	25	M	1	0	X	517432368
350922179	56091704	63	M	1	0	X	517506315
350922182	56093216	59	F	1	1	X	X
350922183	56093216	63	M	1	0	X	517423706
351172030	56088886	38	M	1	0	X	517507209
351172032	56088886	15	F	1	2	450091631	X
351172039	56091294	39	F	1	1	X	X
351172066	56089944	38	M	1	0	X	517507236
351172067	56089944	39	F	1	1	X	X
351172069	56089944	61	M	1	4	X	X
351484610	56093790	20	M	1	1	X	517423533
351484612	56093790	18	F	1	0	X	X
351484641	56090820	3	F	1	2	X	X
351484642	56090820	18	F	1	0	X	X
351484814	56093705	20	M	1	1	X	517423694
351484816	56093705	18	F	1	0	X	X
351555733	56093430	40	F	1	0	X	517423827
351583284	56089761	67	F	1	0	X	517508057
351583285	56089761	60	M	1	1	X	517507198
351596460	56094647	63	M	1	0	X	X
351596472	56089098	63	M	1	0	X	X
351723382	56091146	64	F	1	1	X	X
351723383	56091146	62	M	1	0	X	517506238
351723395	56088972	62	M	1	0	X	517506451
351723409	56094165	62	M	1	0	X	517423743
351723421	56089159	62	M	1	0	X	517507179
351723426	56093564	64	F	1	1	X	X
351723427	56093564	62	M	1	0	X	517423648
351723445	56091530	62	M	1	0	X	517506451
351723446	56093204	64	F	1	1	X	X
351723447	56093204	62	M	1	0	X	517432368
351723450	56093274	64	F	1	1	X	X
351747461	56088476	66	M	1	1	X	517506451
351747488	56091412	63	F	1	0	X	517342294
351747528	56089428	63	F	1	0	X	517506741
351747531	56089642	66	M	1	1	X	517507182
351747532	56089642	63	F	1	0	X	517507216
351764115	56089365	34	F	1	1	X	517506238
351764117	56089365	9	F	1	2	450093610	X
351764118	56089365	11	F	1	2	450093610	X
351764119	56089365	6	F	1	2	450093610	X
351764157	56091775	34	F	1	1	X	517506451
351764159	56091775	9	F	1	2	450088468	X
351764160	56091775	11	F	1	2	450101788	X
351764161	56091775	6	F	1	2	450088468	X
351764175	56092800	34	F	1	1	X	517432486
351764176	56092800	8	F	1	2	450097561	X
351764178	56092800	11	F	1	2	450097563	X
351829872	56092597	46	M	8	1	X	X
351829873	56092597	62	F	1	0	X	517432452
352351684	56092178	44	M	1	12	X	517506319
352351686	56092178	74	F	1	0	X	X
352351687	56092178	44	M	1	12	X	X
352351697	56087868	69	F	1	12	X	X
352351699	56087868	44	M	1	12	X	X
352351741	56090140	69	F	1	12	X	X
352558069	56087957	20	M	1	2	X	517506238
352558072	56087957	20	M	1	9	X	517508752
352558073	56087957	9	M	1	2	450093610	X
352763105	56093927	30	M	1	1	X	517423593
352763106	56093927	3	M	1	2	X	X
352763107	56093927	0	M	1	2	X	X
352763116	56093302	26	F	1	0	X	X
352763118	56093302	3	M	1	2	X	X
352763119	56093302	0	M	1	2	X	X
352777253	56093631	18	F	1	2	450097560	517423593
352777254	56093631	49	F	1	0	X	517423759
352777260	56087867	49	F	1	0	X	517508520
352777275	56088048	18	F	1	2	450091631	517506251
352784450	56091330	41	M	1	1	X	517506451
352784458	56088968	41	M	1	1	X	517508756
352784461	56091298	41	F	1	0	X	517506451
352784467	56092005	41	F	1	0	X	517506238
352784468	56092005	41	M	1	1	X	517506429
352784479	56094513	41	F	1	0	X	517423714
352784505	56088634	41	F	1	0	X	517506451
352784506	56088634	41	M	1	1	X	517507219
352784514	56088539	41	M	1	1	X	517506707
352784518	56091123	41	M	1	1	X	517506451
352830914	56089077	15	F	9	2	450091631	X
352831044	56092219	12	F	1	2	450101788	X
352831045	56092219	35	M	9	1	X	517506416
352831048	56092219	5	F	1	2	450088468	X
352831049	56092219	10	F	1	2	450101788	X
352831056	56092091	12	F	1	2	450101788	X
352831058	56092091	15	F	9	2	450091631	X
352831060	56092091	5	F	1	2	450088468	X
353048887	56092746	8	F	1	2	450097561	X
353048888	56092746	30	F	1	0	X	X
353048940	56090059	5	M	1	2	X	X
353048941	56090059	8	F	1	2	450093610	X
353048943	56090059	30	M	1	10	X	517507907
353048950	56092190	1	F	1	2	X	X
353048951	56092190	3	M	1	2	X	X
353048952	56092190	5	M	1	2	X	X
353060687	56091473	12	F	1	2	450101788	X
353409653	56090540	74	F	1	1	X	X
353409654	56090540	76	M	1	0	X	X
353572009	56091629	40	F	1	1	X	517506234
353572010	56091629	3	F	1	2	X	X
353572025	56090327	3	F	1	2	X	X
353572035	56087988	43	M	1	0	X	517506873
353572036	56087988	40	F	1	1	X	517506451
353572056	56088353	43	M	1	0	X	517508381
353572058	56088353	3	F	1	2	X	X
353572065	56088855	43	M	1	0	X	517508057
353572066	56088855	40	F	1	1	X	517507247
353572067	56088855	3	F	1	2	X	X
353572126	56091063	40	F	1	1	X	517506380
353572137	56091580	43	M	1	0	X	517506238
353572138	56091580	40	F	1	1	X	517506432
353572139	56091580	3	F	1	2	X	X
353572150	56093565	40	F	1	1	X	517423561
353572151	56093565	3	F	1	2	X	X
353731374	56093696	50	M	1	0	X	517423593
353731375	56093696	49	F	1	1	X	517423694
353882756	56088106	65	F	1	0	X	X
353890454	56091011	31	F	1	1	X	X
353890458	56091011	3	F	1	2	X	X
353890459	56091011	30	M	1	0	X	506926741
353890478	56090794	31	F	1	1	X	X
353890480	56090794	7	F	1	2	450066968	X
353890482	56090794	3	F	1	2	X	X
353890483	56090794	30	M	1	0	X	517506451
353890508	56090879	31	F	1	1	X	X
353890509	56090879	5	F	1	2	X	X
353890510	56090879	7	F	1	2	450066968	X
353890513	56090879	30	M	1	0	X	517506451
353890527	56092612	5	F	1	2	X	X
353890528	56092612	7	F	1	2	450066968	X
353890529	56092612	1	M	1	2	X	X
353890530	56092612	3	F	1	2	X	X
353890531	56092612	30	M	1	0	X	517423669
353890556	56090931	31	F	1	1	X	X
353890557	56090931	5	F	1	2	X	X
353890559	56090931	1	M	1	2	X	X
353890560	56090931	3	F	1	2	X	X
353890601	56088740	1	M	1	2	X	X
353890602	56088740	3	F	1	2	X	X
353890603	56088740	30	M	1	0	X	517506451
353890610	56091771	31	F	1	1	X	X
353890612	56091771	7	F	1	2	450066968	X
353890613	56091771	1	M	1	2	X	X
353890614	56091771	3	F	1	2	X	X
353890616	56093773	31	F	1	1	X	X
353890617	56093773	5	F	1	2	X	X
353890618	56093773	7	F	1	2	450066968	X
353890620	56093773	3	F	1	2	X	X
353890621	56093773	30	M	1	0	X	517423729
353890624	56092669	7	F	1	2	450066968	X
353890626	56092669	3	F	1	2	X	X
353890659	56092706	5	F	1	2	X	X
353890662	56092706	3	F	1	2	X	X
353890663	56092706	30	M	1	0	X	517423580
353890676	56092671	31	F	1	1	X	X
353890677	56092671	5	F	1	2	X	X
353890679	56092671	1	M	1	2	X	X
353890680	56092671	3	F	1	2	X	X
353890681	56092671	30	M	1	0	X	517432476
354152798	56088748	59	M	1	1	X	517508166
354152816	56091075	59	M	1	1	X	517506422
354152817	56091075	59	F	1	0	X	517506451
354152818	56088863	59	M	1	1	X	517508520
354152819	56088863	59	F	1	0	X	517506337
354626367	56087974	68	F	1	1	X	X
354626368	56087974	81	M	1	0	X	517507380
354697337	56093107	48	F	1	10	X	517432476
354962542	56093883	71	F	1	0	X	X
354962552	56092064	71	F	1	0	X	X
354962568	56092771	71	F	1	0	X	X
354962586	56092553	71	F	1	0	X	X
354962589	56092684	71	F	1	0	X	X
355188021	56088299	65	M	1	0	X	517508290
355351864	56090022	48	F	1	0	X	X
355351865	56090022	52	M	1	1	X	517506451
355356656	56089171	42	F	1	0	X	517507450
355356667	56088029	15	M	1	2	450091631	X
355356668	56088029	42	F	1	0	X	517506710
355356690	56093735	44	M	1	1	X	517423759
355356692	56093735	42	F	1	0	X	517423536
355356694	56091104	15	M	1	2	450091631	X
355356695	56091104	42	F	1	0	X	517506366
355649843	56088991	54	M	1	0	X	517507225
355649844	56088991	52	F	1	10	X	517507544
355696708	56090752	55	F	1	1	X	X
356011559	56091494	60	M	1	0	X	517506741
356011563	56094089	60	M	1	0	X	517423657
356011570	56094132	60	M	1	0	X	517423759
356214547	56088935	62	F	1	0	X	X
356214557	56093512	29	M	1	9	X	X
356214558	56093512	19	F	1	5	X	X
356214602	56088770	29	M	1	9	X	X
356276717	56087983	77	F	1	1	X	X
356276718	56087983	76	M	1	0	X	X
356276751	56090106	77	F	1	1	X	X
356295436	56088194	46	F	1	1	X	517506451
356295443	56093399	12	M	1	2	450097563	X
356295475	56094561	46	F	1	1	X	517423528
356295476	56094561	12	M	1	2	450097563	X
356295477	56094561	50	M	1	0	X	517423536
356295496	56088300	46	F	1	1	X	517508763
356295520	56092090	46	F	1	1	X	517506813
356295521	56092090	12	M	1	2	450101788	X
356295529	56089400	46	F	1	1	X	517507479
356295602	56088768	12	M	1	2	450093610	X
356295608	56089469	12	M	1	2	450093610	X
356461306	56088259	50	M	1	9	X	517506876
356461307	56088259	27	M	1	0	X	517506761
356461314	56091380	50	M	1	9	X	517506451
356461315	56091380	27	M	1	0	X	517506451
356461334	56090793	50	M	1	9	X	517506451
356461335	56090793	27	M	1	0	X	517506451
356461350	56092045	50	M	1	9	X	517506451
356461351	56092045	27	M	1	0	X	517506451
356461354	56091731	50	M	1	9	X	517506451
356461423	56094489	27	M	1	0	X	517423614
356461438	56091625	50	M	1	9	X	517506451
356461439	56091625	27	M	1	0	X	517506451
356461454	56089424	50	M	1	9	X	517508493
356461484	56092189	50	M	1	9	X	517506315
356461486	56092723	50	M	1	9	X	517432288
356695984	56090328	78	M	1	1	X	517508057
356695985	56090328	72	F	1	0	X	517506722
356695986	56092521	78	M	1	1	X	517432279
356879507	56091816	65	M	1	0	X	X
356879508	56091103	65	M	1	0	X	X
357240555	56093833	55	F	1	1	X	X
357376628	56089142	3	M	1	2	X	X
357376693	56091389	4	M	1	2	X	X
357376694	56091389	30	M	1	0	X	517506771
357376696	56091389	3	M	1	2	X	X
357376697	56090722	4	M	1	2	X	X
357376699	56090722	30	F	1	1	X	517506451
357376700	56090722	3	M	1	2	X	X
357494052	56094371	94	F	1	0	X	X
357494056	56093704	94	F	1	0	X	X
357578262	56093768	0	F	1	2	X	X
357578264	56093768	22	M	1	0	X	517423653
357578320	56091827	22	F	1	1	X	517506451
357578565	56089059	0	F	1	2	X	X
357578566	56089059	22	F	1	1	X	517506647
357578595	56093759	0	F	1	2	X	X
357578596	56093759	22	F	1	1	X	517423759
357578597	56093759	22	M	1	0	X	517423714
357578620	56094555	22	F	1	1	X	517423650
357894534	56093080	51	F	1	0	X	517432482
357894535	56093080	7	F	1	5	450097561	X
357894552	56092575	51	F	1	0	X	517432337
357965280	56089413	2	M	1	2	X	X
357965281	56089413	34	F	1	1	X	X
358112828	56090284	18	M	1	2	450091631	X
358112830	56090284	44	F	1	1	X	517506741
358112837	56090435	18	M	1	2	450091631	X
358112838	56090435	39	M	1	0	X	517508538
358112839	56090435	44	F	1	1	X	517507763
358209338	56090196	69	M	1	0	X	X
358209348	56094161	69	M	1	0	X	X
358209349	56094161	68	F	1	1	X	X
358209351	56087872	68	F	1	1	X	X
358209360	56089992	69	M	1	0	X	X
358209361	56089992	68	F	1	1	X	X
358412125	56090079	47	F	1	1	X	517506451
358412126	56090079	15	M	1	2	450091631	X
358412137	56089615	47	F	1	1	X	517506451
358412139	56089615	47	M	1	0	X	517506451
358412140	56089615	20	F	1	2	X	X
358412157	56092999	47	F	1	1	X	517432352
358412158	56092999	15	M	1	2	450097562	X
358412159	56092999	47	M	1	0	X	517432287
358412160	56092999	20	F	1	2	X	X
358412162	56092707	15	M	1	2	450097560	X
358412164	56092707	20	F	1	2	X	X
358412172	56092828	20	F	1	2	X	X
358629048	56089513	78	F	1	0	X	X
358676577	56092943	55	F	1	1	X	X
358676593	56093721	55	F	1	1	X	X
358676594	56093721	62	M	1	0	X	X
358676601	56089988	55	F	1	1	X	X
358676602	56089988	62	M	1	0	X	X
358676606	56090245	62	M	1	0	X	X
358676618	56090067	62	M	1	0	X	X
359191321	56089415	1	F	1	2	X	X
359191322	56089415	32	F	1	1	X	X
359191323	56089415	33	M	1	0	X	517506451
359191330	56092832	32	F	1	1	X	X
359191331	56092832	33	M	1	0	X	517423753
359191332	56092832	2	F	1	2	X	X
359289500	56090093	40	F	1	0	X	517508107
359289548	56089764	40	F	1	0	X	517506719
359289549	56089764	15	F	1	2	450091631	X
359289551	56090216	40	F	1	0	X	517506451
359289559	56090259	32	M	1	10	X	517507213
359289569	56094062	40	F	1	0	X	517423678
359289570	56094062	15	F	1	2	450097560	X
359289622	56094301	32	M	1	10	X	517423687
359289623	56094301	40	F	1	0	X	517423694
359289638	56088711	40	F	1	0	X	517507301
359289643	56088608	32	M	1	10	X	517508253
359289644	56088608	40	F	1	0	X	517507728
359455713	56093656	46	F	1	0	X	517423817
359455725	56089823	46	F	1	0	X	517508708
359481850	56093175	45	F	1	0	X	517432368
359481851	56093175	14	M	1	2	450097563	X
359590783	56091382	13	F	1	2	450101788	X
359590836	56094125	37	M	1	0	X	517423614
359590837	56094125	16	F	1	2	450097560	517423740
359590839	56094125	30	F	1	1	X	517423831
359731898	56088685	40	M	1	1	X	517662883
359731899	56088685	38	F	1	0	X	X
359731949	56091035	13	M	1	2	450101788	X
359731959	56088157	38	F	1	0	X	X
359731960	56088157	19	M	1	2	X	517395410
359731986	56091995	40	M	1	1	X	517506451
359731987	56091995	38	F	1	0	X	X
359731988	56091995	19	M	1	2	X	517506451
359731994	56091176	40	M	1	1	X	517506315
359731995	56091176	38	F	1	0	X	X
359731996	56091176	19	M	1	2	X	517662850
359731997	56091176	13	M	1	2	450101788	X
359732018	56087975	40	M	1	1	X	517506451
359732054	56092833	40	M	1	1	X	517432279
359732062	56088474	40	M	1	1	X	517506710
359732075	56093414	38	F	1	0	X	X
359732076	56093414	19	M	1	2	X	517423593
359732077	56093414	13	M	1	2	450097563	X
359732080	56088538	19	M	1	2	X	517507815
359732081	56088538	13	M	1	2	450093610	X
359732102	56092526	40	M	1	1	X	517390561
359732104	56092526	19	M	1	2	X	517432368
359732105	56092526	13	M	1	2	450091631	X
359926862	56094351	50	M	1	0	X	517423700
359926894	56089596	45	F	1	1	X	517508756
359926895	56089596	50	M	1	0	X	517507379
359926896	56089596	18	F	1	2	X	517508152
359984034	56088318	60	F	1	1	X	517508756
359984038	56087937	60	F	1	1	X	517506668
359984039	56087937	59	M	1	0	X	517506451
359984044	56090594	60	F	1	1	X	517506451
359984063	56088814	59	M	1	0	X	517506706
359984064	56093558	60	F	1	1	X	517423536
359984083	56092318	59	M	1	0	X	517506451
359984096	56093350	60	F	1	1	X	517423836
359984110	56089106	60	F	1	1	X	517508581
359984111	56089106	59	M	1	0	X	517508066
360046986	56093491	8	F	1	2	450097561	X
360088604	56090967	63	M	1	0	X	X
360100367	56094176	37	M	1	0	X	517423714
360100368	56094176	15	F	1	2	450097562	X
360100369	56094176	37	F	1	1	X	517423759
360100388	56087891	15	F	1	2	450091631	X
360100390	56087891	10	F	1	2	450093610	X
360102295	56093608	28	F	1	10	X	517423615
360102297	56093608	7	M	1	12	450097561	X
360102298	56093608	7	F	1	12	450097561	X
360102299	56093608	34	M	1	0	X	517423587
360102326	56090588	11	F	1	12	450101788	X
360102330	56090588	50	M	1	9	X	X
360112025	56090886	54	F	1	0	X	X
360112026	56090886	26	M	1	2	X	517506451
360218604	56090235	85	M	1	1	X	X
360235368	56091877	92	F	1	0	X	X
360235369	56088636	92	F	1	0	X	X
360390623	56093136	73	F	1	0	X	X
360390626	56088778	73	F	1	0	X	X
360390627	56089760	73	F	1	0	X	X
360436703	56090151	61	F	1	1	X	517506304
360436704	56090151	7	F	1	2	450093610	X
360436705	56090151	8	M	1	2	450093610	X
360436756	56092438	7	F	1	2	450101788	X
360436757	56092438	8	M	1	2	450101788	X
360436825	56092458	8	M	1	2	450101788	X
360436826	56092458	63	M	1	0	X	517506245
360436848	56089991	7	F	1	2	450093610	X
360436849	56089991	8	M	1	2	450093610	X
360436850	56089991	63	M	1	0	X	517392858
360436875	56088620	61	F	1	1	X	517507242
360436878	56088620	63	M	1	0	X	517506713
360436883	56092134	61	F	1	1	X	517506767
360436885	56092134	8	M	1	2	450101788	X
360436886	56092134	63	M	1	0	X	517506451
360436900	56091166	7	F	1	2	450088468	X
360436902	56091166	63	M	1	0	X	517506451
360436908	56090624	7	F	1	2	450088468	X
360436909	56090624	8	M	1	2	450088468	X
360436910	56090624	63	M	1	0	X	517506451
360523032	56088150	72	M	1	0	X	X
360523035	56091157	59	F	1	10	X	517506472
360523036	56087805	72	M	1	0	X	X
360523037	56087805	59	F	1	10	X	517507815
360523040	56089525	72	M	1	0	X	X
360523042	56090291	72	M	1	0	X	X
360692528	56094613	0	M	1	2	X	X
360692629	56093845	26	F	1	0	X	517423536
360905169	56092000	56	F	1	1	X	517506377
361358998	56091190	16	F	1	2	450091631	X
361358999	56091190	48	M	1	0	X	X
361359006	56088739	16	F	1	2	450091631	X
361359031	56091593	48	M	1	0	X	X
361359034	56090597	16	F	1	2	450091631	X
361359042	56093895	16	F	1	2	450097562	X
361359043	56093895	48	M	1	0	X	X
361359044	56088663	16	F	1	2	450091631	X
361359045	56088663	48	M	1	0	X	X
361359046	56089147	16	F	1	2	450091631	X
361359047	56089147	48	M	1	0	X	X
361359050	56089246	16	F	1	2	450091631	X
361359051	56089246	48	M	1	0	X	X
361359056	56089301	16	F	1	2	450091631	X
361359057	56089301	48	M	1	0	X	X
361359083	56088794	48	M	1	0	X	X
361359104	56088903	16	F	1	2	450091631	X
361941519	56088359	33	M	1	10	X	517508103
361941550	56094069	33	F	1	0	X	517423815
361941551	56094069	33	M	1	10	X	517423842
361941566	56093054	33	F	1	0	X	517432370
361941588	56092268	33	F	1	0	X	517506380
361941589	56092268	33	M	1	10	X	517506451
361941659	56094011	33	M	1	10	X	517423678
361941661	56091957	33	M	1	10	X	517506247
362038733	56091431	25	M	1	0	X	517506451
362051438	56090385	67	F	1	0	X	517508242
362051442	56088133	67	F	1	0	X	517506871
362051443	56088133	61	F	1	3	X	517506451
362051476	56088069	67	F	1	0	X	517508426
362051477	56088069	61	F	1	3	X	517507827
362139976	56091026	71	F	1	0	X	X
362139977	56091026	77	M	1	1	X	X
362139984	56091735	71	F	1	0	X	X
362139985	56091735	77	M	1	1	X	X
362139988	56092608	71	F	1	0	X	X
362139989	56092608	77	M	1	1	X	X
362139992	56089966	71	F	1	0	X	X
362139996	56090030	71	F	1	0	X	X
362139997	56090030	77	M	1	1	X	X
362140048	56088280	71	F	1	0	X	X
362140049	56088280	77	M	1	1	X	X
362140077	56089857	77	M	1	1	X	X
362140085	56087860	77	M	1	1	X	X
362208035	56089273	15	M	8	2	450091631	X
362208036	56089273	39	M	8	0	X	517662850
362264397	56092853	76	F	1	0	X	X
362777387	56091986	68	M	1	0	X	X
362777388	56091986	51	F	1	1	X	517506451
362839520	56093568	77	F	1	0	X	X
362839527	56089978	77	F	1	0	X	X
362839535	56091397	77	F	1	0	X	X
362918380	56091226	3	M	1	2	X	X
362918399	56090003	6	M	1	2	450088468	X
362918400	56090003	3	M	1	2	X	X
362918402	56090003	36	F	1	1	X	X
362918403	56090003	36	M	1	0	X	517663184
362918499	56089947	6	M	1	2	450088468	X
362918501	56089947	4	M	1	2	X	X
362918502	56089947	36	F	1	1	X	X
362918503	56089947	36	M	1	0	X	517507673
362988871	56091813	49	M	1	0	X	517506286
362988872	56091813	44	F	1	10	X	517506451
363119256	56092795	54	M	1	0	X	517423534
363119270	56090065	54	M	1	0	X	517506451
363346401	56089879	62	F	1	1	X	X
363346411	56092429	62	F	1	1	X	X
363346417	56091056	62	F	1	1	X	X
363346424	56092983	65	M	1	0	X	517432297
363561790	56090907	49	F	1	1	X	517506451
363561791	56090907	50	M	1	0	X	517506396
363561807	56088594	50	M	1	0	X	517508200
363617051	56093140	73	F	1	0	X	X
363617052	56093140	46	M	1	2	X	517432365
363617085	56094499	73	F	1	0	X	X
363617122	56089711	46	M	1	2	X	517507715
363713653	56090177	45	F	1	1	X	517506667
363713654	56090177	18	M	1	2	450091631	X
363713655	56090177	47	M	1	0	X	X
363713656	56090177	22	M	1	2	X	517506570
363713678	56089218	18	M	1	2	450091631	X
363713679	56089218	47	M	1	0	X	X
363713693	56089817	45	F	1	1	X	517507233
363713695	56089817	47	M	1	0	X	X
363713696	56089817	22	M	1	2	X	517506380
363713701	56092154	45	F	1	1	X	517507220
363713703	56092154	47	M	1	0	X	X
363713704	56092154	22	M	1	2	X	517506238
363713737	56090650	45	F	1	1	X	517506300
363713738	56090650	18	M	1	2	450091631	X
363713739	56090650	47	M	1	0	X	X
363713740	56090650	22	M	1	2	X	517506268
363713753	56092676	45	F	1	1	X	517371606
363713756	56092676	22	M	1	2	X	517432359
363713786	56089473	18	M	1	2	450091631	X
363713787	56089473	47	M	1	0	X	X
363764197	56089741	62	M	1	1	X	X
363764199	56089741	12	M	1	5	450093610	X
363764206	56093677	62	M	1	1	X	X
363764208	56093677	12	M	1	5	450097563	X
363764221	56090824	62	M	1	1	X	X
363764222	56090824	63	F	1	0	X	X
363764223	56090824	12	M	1	5	450101788	X
363764224	56090159	62	M	1	1	X	X
363764225	56090159	63	F	1	0	X	X
363764226	56090159	12	M	1	5	450093610	X
363764246	56090419	63	F	1	0	X	X
363764257	56088535	62	M	1	1	X	X
363764258	56088535	63	F	1	0	X	X
363764259	56088535	12	M	1	5	450093610	X
364079567	56090148	32	M	1	10	X	517506451
364079568	56090148	26	F	1	0	X	517507416
364079572	56094223	26	F	1	0	X	517423759
364079576	56089855	26	F	1	0	X	517507203
364162916	56093990	68	M	6	0	X	X
364320530	56088430	57	M	1	0	X	517508729
364320538	56089321	57	M	1	0	X	517506676
364320539	56089321	57	F	9	1	X	X
364320541	56093178	57	F	9	1	X	X
364320563	56094578	57	F	9	1	X	X
364320578	56092035	57	M	1	0	X	517506264
364361744	56089734	53	M	1	0	X	517508112
364361745	56089328	53	M	1	0	X	517506440
364361756	56094246	53	M	1	0	X	517423759
364478162	56092380	80	M	1	0	X	X
364478163	56092380	78	F	1	1	X	X
364478171	56091737	78	F	1	1	X	X
364478178	56091980	80	M	1	0	X	X
364478210	56092222	80	M	1	0	X	X
364478211	56092222	78	F	1	1	X	X
365005997	56089605	34	M	9	0	X	517506654
365141542	56090528	65	F	1	1	X	517506451
365141581	56092625	56	M	1	0	X	517432484
365141584	56092166	65	F	1	1	X	517506286
365141585	56092879	56	M	1	0	X	517432362
365141586	56092879	65	F	1	1	X	517432484
365692240	56088388	61	M	1	1	X	517507224
365692241	56088388	54	F	1	0	X	517506451
365974679	56088344	54	F	1	0	X	517508372
365974680	56088344	58	F	1	3	X	517508009
366260705	56088567	68	M	1	1	X	X
366260713	56091325	68	M	1	1	X	X
366260726	56091007	60	F	1	0	X	517506378
366260728	56091121	60	F	1	0	X	517506451
366274043	56094164	33	F	1	1	X	517423759
366274044	56094164	47	M	1	0	X	517423740
366274045	56094164	11	M	1	2	450097563	X
366274046	56094164	8	M	1	2	450097561	X
366274049	56088408	11	M	1	2	450093610	X
366274050	56088408	8	M	1	2	450093610	X
366274052	56091947	47	M	1	0	X	517506238
366274053	56091947	11	M	1	2	450101788	X
366363023	56091893	33	F	1	1	X	517506451
366363024	56091893	32	M	1	0	X	517506451
366586141	56091458	29	F	1	1	X	517506451
366648290	56094496	55	F	1	1	X	517423718
366843980	56091978	57	M	1	0	X	517506451
366860576	56091358	28	F	1	0	X	X
366860577	56091171	28	F	1	0	X	X
366860584	56091086	28	F	1	0	X	X
366862093	56094400	55	M	1	0	X	517423759
366903716	56089472	57	M	1	0	X	517507230
366903717	56089472	53	F	1	1	X	517508298
367194973	56094207	3	M	1	2	X	X
367194992	56088502	35	F	9	1	X	517508522
367216455	56094144	57	M	1	0	X	517423649
367216458	56090120	57	M	1	0	X	517508358
367216459	56090120	17	F	1	2	450091631	517507319
367216460	56090120	52	F	1	1	X	517432472
367229682	56091660	68	F	1	1	X	X
367398500	56093488	19	M	1	2	X	517423831
367398501	56093488	41	F	1	0	X	517423669
367398503	56093488	41	M	1	1	X	517423687
367398524	56088607	19	M	1	2	X	517507917
367398527	56088607	41	M	1	1	X	517507423
367605220	56091012	49	F	1	1	X	517506451
367605226	56091012	7	F	1	2	450088468	X
367605278	56091579	14	M	1	2	450101788	X
367605279	56091579	16	F	1	2	450091631	517506356
367605282	56091579	7	F	1	2	450088468	X
367605283	56091579	52	M	1	0	X	517506451
367605292	56093304	49	F	1	1	X	517423536
367605293	56093304	10	M	1	2	450097561	X
367605295	56093304	16	F	1	2	450097560	517423536
367605296	56093304	18	F	1	2	450097560	517423579
367605297	56093304	20	M	1	2	X	X
367605298	56093304	7	F	1	2	450097561	X
367605299	56093304	52	M	1	0	X	517423593
367615541	56090602	30	M	1	6	X	517506380
367615542	56090602	2	F	1	5	X	X
367615543	56090602	4	M	1	5	450066968	X
367615544	56090602	25	F	1	2	X	X
367615546	56090602	0	F	1	5	X	X
367615552	56091972	0	F	1	5	X	X
367787894	56092379	34	M	1	1	X	517506451
368031813	56094492	60	F	1	0	X	517423643
368031814	56094492	62	M	1	1	X	X
368031815	56090963	60	F	1	0	X	517506451
368031831	56089173	60	F	1	0	X	517506693
368031834	56088563	62	M	1	1	X	X
368031835	56092594	60	F	1	0	X	517432481
368031841	56093378	60	F	1	0	X	517423704
368031873	56090875	60	F	1	0	X	517506422
368046323	56091033	70	F	1	1	X	X
368046328	56089742	70	M	1	0	X	X
368046346	56093075	70	M	1	0	X	X
368306019	56091541	31	F	1	10	X	517506451
368306040	56088655	28	F	1	0	X	517507225
368524761	56092053	51	F	1	0	X	517506238
368524778	56094404	27	M	1	2	X	X
368524790	56094650	27	M	1	2	X	X
368524792	56094650	56	M	1	1	X	513096695
368524818	56091222	51	F	1	0	X	517506451
368524826	56092920	27	M	1	2	X	X
368524827	56092920	51	F	1	0	X	517432368
368524828	56092920	56	M	1	1	X	517432368
368524882	56088986	56	M	1	1	X	517507427
368772764	56090771	5	M	1	2	450088468	X
368772765	56090771	36	F	1	0	X	X
368772800	56088572	36	F	1	0	X	X
368772801	56088730	9	F	1	2	450093610	X
368772802	56088730	29	M	1	1	X	X
368772803	56088730	10	F	1	2	450093610	X
368772805	56088730	36	F	1	0	X	X
368772818	56093841	10	F	1	2	450097563	X
368772820	56093841	36	F	1	0	X	X
368787123	56088189	56	F	1	1	X	517508717
368787124	56088189	73	M	1	0	X	517508307
369088376	56092117	49	F	1	0	X	517506238
369088377	56087820	49	F	1	0	X	517506380
369088382	56093754	49	F	1	0	X	517423593
369088392	56090946	49	F	1	0	X	517506451
369603267	56088456	53	F	1	0	X	517508057
369993958	56091273	85	F	1	0	X	X
369993959	56091678	85	F	1	0	X	X
369997855	56090210	74	M	1	0	X	X
369997856	56090090	73	F	1	1	X	X
369997857	56090090	74	M	1	0	X	X
369997862	56092805	73	F	1	1	X	X
369997863	56092805	74	M	1	0	X	X
370028926	56088320	11	F	1	2	450093610	X
370028927	56088320	4	M	1	2	450094430	X
370028930	56088320	36	F	1	1	X	X
370028987	56088396	4	M	1	2	450094430	X
370028990	56088396	36	F	1	1	X	X
370028991	56088396	9	M	1	2	450093610	X
370029018	56093644	14	F	1	2	450097563	X
370029019	56093644	38	M	1	0	X	517423819
370029021	56093644	9	M	1	2	450097561	X
370458343	56093335	31	M	1	0	X	517423729
370458361	56088361	31	M	1	0	X	517508010
370458362	56088361	28	F	1	1	X	517507819
370458363	56093505	31	M	1	0	X	517423536
370458376	56092351	28	F	1	1	X	517423723
370668555	56088561	23	M	1	2	X	517506708
370668557	56088561	20	M	1	2	X	517506271
370668559	56088561	17	M	1	2	450091631	517507440
370988864	56088729	22	M	1	2	X	517507423
370988865	56088729	42	F	1	1	X	517506676
370988866	56088729	47	M	1	0	X	517506652
370988878	56090490	20	F	1	2	X	517506451
370989023	56089689	20	F	1	2	X	517508052
370989026	56089689	47	M	1	0	X	517507641
370989027	56089689	13	M	1	2	450093610	X
370989039	56090786	22	M	1	2	X	517506451
370989041	56090786	47	M	1	0	X	517506451
370989042	56090786	13	M	1	2	450101788	X
370989044	56092156	22	M	1	2	X	517423593
370989045	56092156	42	F	1	1	X	517506451
370989046	56092156	47	M	1	0	X	517507418
370989047	56092156	13	M	1	2	450101788	X
370989059	56094030	22	M	1	2	X	517423759
370989060	56094030	42	F	1	1	X	517423582
370989061	56094030	47	M	1	0	X	517423697
370989062	56094030	13	M	1	2	450097563	X
370989118	56090838	20	F	1	2	X	517506249
370989119	56090838	22	M	1	2	X	517506380
370989121	56090838	47	M	1	0	X	517506314
370989247	56090414	13	M	1	2	450093610	X
370989270	56088094	42	F	1	1	X	517507681
370989271	56088094	47	M	1	0	X	517508451
371190648	56093419	4	M	1	2	X	X
371190649	56093419	11	M	1	2	450097563	X
371190664	56091174	6	F	1	2	450088468	X
371190665	56091174	2	M	1	2	X	X
371190666	56091174	4	M	1	2	X	X
371190667	56091174	11	M	1	2	450101788	X
371190688	56094014	6	F	1	2	450097561	X
371190690	56094014	4	M	1	2	X	X
371190692	56094014	40	M	1	0	X	517423593
371190694	56093654	6	F	1	2	450097561	X
371190695	56093654	2	M	1	2	X	X
371190696	56093654	4	M	1	2	X	X
371190697	56093654	11	M	1	2	450097563	X
371190705	56090136	39	F	1	1	X	X
371190706	56090136	6	F	1	2	450093610	X
371190708	56090136	4	M	1	2	X	X
371190710	56090136	40	M	1	0	X	517507454
371190711	56089183	39	F	1	1	X	X
371190714	56089183	4	M	1	2	X	X
371190715	56089183	11	M	1	2	450093610	X
371190716	56089183	40	M	1	0	X	517506451
371190765	56087869	39	F	1	1	X	X
371190769	56087869	11	M	1	2	450093610	X
371190807	56093487	39	F	1	1	X	X
371190810	56093487	4	M	1	2	X	X
371190812	56093487	40	M	1	0	X	517423662
371190879	56091216	39	F	1	1	X	X
371190880	56091216	6	F	1	2	450088468	X
371190881	56091216	2	M	1	2	X	X
371190882	56091216	4	M	1	2	X	X
371190883	56091216	11	M	1	2	450101788	X
371190885	56090261	39	F	1	1	X	X
371190887	56090261	2	M	1	2	X	X
371190890	56090261	40	M	1	0	X	517506775
371190933	56093273	39	F	1	1	X	X
371190934	56093273	6	F	1	2	450097561	X
371190935	56093273	2	M	1	2	X	X
371190937	56093273	11	M	1	2	450097563	X
371190938	56093273	40	M	1	0	X	517423831
371191017	56089453	39	F	1	1	X	X
371191019	56089453	2	M	1	2	X	X
371191020	56089453	4	M	1	2	X	X
371191021	56089453	11	M	1	2	450093610	X
371191038	56088340	4	M	1	2	X	X
371191039	56088340	11	M	1	2	450093610	X
371191083	56089853	39	F	1	1	X	X
371191084	56089853	6	F	1	2	450093610	X
371191085	56089853	2	M	1	2	X	X
371191087	56089853	11	M	1	2	450093610	X
371191088	56089853	40	M	1	0	X	517506451
371388714	56090064	61	F	1	0	X	X
371392564	56091605	39	F	1	1	X	517506451
371392567	56091605	9	F	1	2	450088468	X
371397170	56094213	76	F	1	0	X	X
371825159	56093998	38	M	1	0	X	517423694
371825160	56093998	32	F	1	1	X	517423536
371825161	56093998	11	M	1	2	450097563	X
371825164	56092113	14	F	1	2	450101788	X
371825166	56092113	32	F	1	1	X	517506451
371825167	56092113	11	M	1	2	450101788	X
371825168	56092113	16	F	1	2	450091631	X
371925312	56090301	20	M	1	2	X	X
371925313	56090301	44	F	1	0	X	517662725
371925320	56091612	20	M	1	2	X	X
371925321	56091612	44	F	1	0	X	517506451
372049666	56093579	39	F	1	1	X	X
372049669	56093579	11	M	9	2	450097563	X
372238324	56088950	52	M	1	1	X	517506451
372387525	56090756	64	F	1	1	X	517506451
372387537	56093681	64	F	1	1	X	517423648
372387538	56093681	63	M	1	0	X	517423536
372387566	56088214	63	M	1	0	X	517506432
372387570	56089598	63	M	1	0	X	517507433
372387575	56094357	64	F	1	1	X	517423529
372387576	56094357	63	M	1	0	X	517423606
372614766	56088582	57	F	1	0	X	X
372614770	56090503	57	F	1	0	X	X
372628505	56094365	58	F	1	0	X	X
372659266	56094523	48	M	1	0	X	517423704
372676019	56092897	60	M	1	1	X	X
372676020	56092897	58	F	1	0	X	517432337
372676022	56089816	58	F	1	0	X	517506676
373392649	56091120	41	M	1	1	X	517367610
373468306	56093701	58	F	1	0	X	517423528
373639422	56093599	46	M	1	0	X	517423593
373824124	56089918	51	M	1	0	X	517508451
373977349	56092135	70	M	1	0	X	517506451
373977350	56091689	70	M	1	0	X	517506238
373977351	56091371	70	M	1	0	X	517506323
374131171	56093138	76	M	1	0	X	X
374131172	56093814	76	M	1	0	X	X
374131187	56090653	76	M	1	0	X	X
374414966	56090895	79	M	1	0	X	X
374568411	56093788	9	M	1	2	450097561	X
374568412	56093788	10	F	1	2	450097563	X
374568423	56091635	9	M	1	2	450088468	X
374568424	56091635	10	F	1	2	450101788	X
374568425	56091635	32	M	1	1	X	517506683
374568429	56092578	32	M	1	1	X	517432452
374568431	56090868	9	M	1	2	450088468	X
374568433	56090868	32	M	1	1	X	517506451
374568440	56089268	10	F	1	2	450093610	X
374568441	56089268	32	M	1	1	X	517508763
374578302	56090880	78	M	1	0	X	517506451
374578306	56094247	78	M	1	0	X	517423583
374578307	56094247	68	F	1	1	X	X
374578316	56093521	78	M	1	0	X	517423814
374578364	56089164	78	M	1	0	X	517506556
374578365	56089164	68	F	1	1	X	X
374823279	56093409	52	F	1	1	X	517423718
374823282	56088735	52	F	1	1	X	517507430
374823285	56088998	52	F	1	1	X	517506479
374823318	56093645	52	F	1	1	X	517423593
374897279	56090901	49	M	1	0	X	517506451
374897290	56089189	49	M	1	0	X	517507179
374897292	56094538	49	M	1	0	X	517423669
375365412	56088893	48	F	1	1	X	517508572
375365413	56088893	19	F	1	2	X	517508614
375400011	56091809	0	F	1	2	X	X
375400038	56093972	26	F	1	0	X	517423714
375400068	56094638	26	F	1	0	X	517423669
375725482	56094540	52	F	1	1	X	517423579
375821167	56091289	66	M	1	3	X	X
375821168	56091289	69	F	1	0	X	X
375821185	56090091	66	M	1	3	X	X
375821186	56090091	69	F	1	0	X	X
375821199	56089474	66	M	1	3	X	X
375821200	56089474	69	F	1	0	X	X
375852156	56093037	9	M	1	2	450097561	X
375852157	56093037	32	M	1	1	X	517432368
375852159	56093037	2	M	1	2	X	X
375852160	56093037	4	M	1	2	450066968	X
375852161	56093037	29	F	1	0	X	506643577
375924624	56093229	68	M	1	0	X	517423684
375924625	56090020	68	M	1	0	X	517507622
376220325	56088347	32	F	1	1	X	517506238
376220329	56090269	32	F	1	1	X	517506451
376389660	56091384	17	M	1	5	450091631	517506451
376389677	56088232	70	F	1	0	X	X
376389680	56087949	70	F	1	0	X	X
376513574	56093320	53	M	1	1	X	517423593
376513575	56089686	56	F	1	0	X	X
376513576	56089686	53	M	1	1	X	517506451
376609556	56093100	38	M	1	0	X	517423624
376609557	56091432	35	F	1	1	X	517506451
376609559	56091432	10	F	1	2	450088468	X
376609560	56091432	38	M	1	0	X	517506451
376609593	56088429	35	F	1	1	X	517506451
376609594	56088429	6	M	1	2	450088468	X
376609595	56088429	10	F	1	2	450093610	X
376923132	56091992	55	M	1	0	X	X
376978677	56088741	77	F	1	1	X	X
376978678	56088741	79	M	1	0	X	X
377097500	56089319	15	M	1	2	450091631	X
377097520	56088639	15	M	1	2	450091631	X
377097523	56088639	44	F	1	1	X	X
377097526	56091008	49	M	1	0	X	517341915
377097527	56091008	44	F	1	1	X	X
377143117	56091544	55	M	1	0	X	517506451
377174870	56093628	52	F	1	0	X	517423593
377174871	56089172	52	F	1	0	X	517507431
377174880	56092918	52	F	1	0	X	517423624
377174882	56093499	52	F	1	0	X	517423759
377572389	56092846	12	M	1	2	450097563	X
377572390	56092846	49	M	1	1	X	517432368
377572396	56089964	49	M	1	1	X	517662850
377572441	56089934	49	M	1	1	X	517506451
377572467	56092417	12	M	1	2	450101788	X
377572492	56092926	49	M	1	1	X	517432351
377707197	56093109	74	F	1	1	X	X
377984708	56090111	60	F	1	1	X	517508215
377984713	56092589	66	M	1	0	X	517432485
377984714	56093121	60	F	1	1	X	517432301
377984715	56093121	66	M	1	0	X	517432299
377984724	56093134	60	F	1	1	X	517391139
377984725	56093134	66	M	1	0	X	517432283
377984736	56087847	60	F	1	1	X	517506224
378006837	56090526	92	F	1	0	X	X
378063486	56089963	67	F	1	0	X	517508524
378063502	56090479	67	F	1	0	X	517506708
378063516	56094027	67	F	1	0	X	517423759
378063521	56088204	67	F	1	0	X	517506676
378063523	56091550	67	F	1	0	X	517506451
378063548	56089284	67	F	1	0	X	517508002
378063552	56093352	67	F	1	0	X	517423694
378063558	56091198	67	F	1	0	X	517341915
378063570	56094486	67	F	1	0	X	517423593
378092172	56092002	0	M	1	2	X	X
378092175	56092002	11	F	1	2	450101788	X
378092204	56093971	35	F	1	1	X	X
378092209	56093971	1	M	1	2	X	X
378092210	56093971	11	F	1	2	450097563	X
378092211	56091791	35	F	1	1	X	X
378092212	56091791	9	M	1	2	450088468	X
378092217	56091791	11	F	1	2	450101788	X
378092225	56092191	35	F	1	1	X	X
378092226	56092191	9	M	1	2	450101788	X
378092228	56092191	0	M	1	2	X	X
378092230	56092191	1	M	1	2	X	X
378092239	56091778	35	F	1	1	X	X
378092240	56091778	9	M	1	2	450088468	X
378092242	56091778	0	M	1	2	X	X
378092244	56091778	1	M	1	2	X	X
378092245	56091778	11	F	1	2	450101788	X
378092267	56092784	35	F	1	1	X	X
378092268	56092784	9	M	1	2	450097561	X
378092269	56092784	14	F	1	2	450097560	X
378092270	56092784	0	M	1	2	X	X
378155019	56092173	27	M	1	0	X	517506451
378274516	56091080	24	M	9	1	X	506926873
378274517	56091080	4	F	9	2	X	X
378274518	56091080	23	F	1	0	X	X
378274553	56089778	23	F	1	0	X	X
378274554	56089778	1	F	9	2	X	X
378274621	56093851	24	M	9	1	X	517423564
378274622	56093851	4	F	9	2	X	X
378274623	56093851	23	F	1	0	X	X
378274624	56093851	1	F	9	2	X	X
378274626	56091091	24	M	9	1	X	517506451
378274629	56091091	1	F	9	2	X	X
378274691	56091299	24	M	9	1	X	517506451
378274692	56091299	4	F	9	2	X	X
378274693	56091299	23	F	1	0	X	X
378274694	56091299	1	F	9	2	X	X
378274731	56089065	24	M	9	1	X	517507178
378274733	56089065	23	F	1	0	X	X
378274817	56091200	4	F	9	2	X	X
378274819	56091200	1	F	9	2	X	X
378274820	56091200	2	F	9	2	X	X
378274876	56091220	24	M	9	1	X	517423593
378274878	56091220	23	F	1	0	X	X
378274879	56091220	1	F	9	2	X	X
378550274	56089581	24	M	1	0	X	517506451
378586115	56089590	64	F	1	0	X	517506556
378782621	56088528	48	F	1	9	X	517508293
378782622	56088528	50	M	1	0	X	517507324
378782624	56089421	50	M	1	0	X	517507364
378782644	56088681	50	M	1	0	X	517508413
378856265	56094551	52	M	1	0	X	517423593
378856267	56088820	52	M	1	0	X	517506451
379225935	56093242	17	M	9	2	450063600	X
379225936	56093242	57	M	1	1	X	517423672
379225974	56094055	17	M	9	2	450063600	X
379225975	56094055	57	M	1	1	X	517423593
379225976	56094055	55	F	1	0	X	517423815
379255025	56093051	80	F	1	0	X	X
379304713	56094034	17	F	6	2	450063600	X
379304714	56094034	47	M	6	0	X	517423536
379304715	56094034	46	F	6	1	X	517423759
379304716	56094034	13	M	6	2	450067304	X
379304776	56091018	13	M	6	2	450067304	X
379367317	56090937	65	F	1	0	X	X
379367325	56087931	65	F	1	0	X	X
379407961	56091616	3	F	1	2	450066968	X
379520954	56090068	47	M	1	0	X	517507220
379520956	56090068	48	F	1	1	X	517507236
379520957	56090068	14	M	1	2	450091631	X
379520958	56090068	17	F	1	2	450091631	X
379521029	56093094	47	M	1	0	X	517432486
379521030	56093094	78	F	1	6	X	X
379521032	56093094	14	M	1	2	450097562	X
379521033	56093094	17	F	1	2	450097562	X
379521040	56093276	78	F	1	6	X	X
379521042	56093276	14	M	1	2	450097560	X
379756986	56091699	71	M	1	0	X	X
379820156	56093751	60	F	1	0	X	517423593
379820157	56093751	59	M	1	1	X	X
379820184	56091774	60	F	1	0	X	517506451
379835108	56087934	88	F	1	1	X	X
379835138	56092290	88	F	1	1	X	X
379835139	56092290	87	M	1	0	X	X
380023145	56092818	67	F	1	1	X	X
380023169	56092371	67	F	1	1	X	X
380023170	56092371	68	M	1	0	X	X
380199483	56088301	62	M	1	1	X	517508358
380199484	56088301	64	F	1	0	X	517508632
380464247	56088309	42	M	1	0	X	517507220
380464248	56088309	35	F	1	1	X	517506676
380464249	56088309	16	F	1	2	450091631	X
380559782	56092446	10	M	1	2	450101788	X
380559785	56092446	44	F	1	0	X	517506451
380753267	56089070	44	M	1	1	X	517506304
380753268	56089070	45	F	1	0	X	517508866
380753269	56089070	12	M	1	2	450093610	X
380753270	56089070	14	F	1	2	450093610	X
380753299	56090581	44	M	1	1	X	517506451
380753302	56090581	14	F	1	2	450101788	X
380753320	56088314	45	F	1	0	X	517506451
380753321	56088314	12	M	1	2	450093610	X
380753322	56088314	14	F	1	2	450093610	X
381063952	56091552	31	F	1	0	X	517506238
381064000	56091694	31	F	1	0	X	517506451
381064001	56091694	36	M	1	9	X	517506451
381064004	56092055	31	F	1	0	X	517506363
381064005	56092055	36	M	1	9	X	517506380
381064063	56093128	36	M	1	9	X	517432357
381064094	56093688	31	F	1	0	X	517423536
381064133	56091534	36	M	1	9	X	517506274
381064140	56089958	31	F	1	0	X	517507232
381064148	56090171	31	F	1	0	X	517507467
381455008	56090428	52	F	1	0	X	517507338
381455010	56090428	14	M	8	2	450091631	X
381455056	56089150	52	F	1	0	X	517507211
381455057	56089150	63	M	8	1	X	517507413
381455059	56091303	52	F	1	0	X	517506451
381455060	56091303	63	M	8	1	X	517506451
381455070	56091560	14	M	8	2	450091631	X
381707177	56091700	60	F	1	0	X	517506451
381707183	56089314	60	F	1	0	X	517506451
381707204	56090874	60	F	1	0	X	517506451
381888011	56094584	46	M	1	1	X	517423528
381888059	56089955	46	M	1	1	X	517508372
382036879	56091318	29	M	1	0	X	517423627
382036880	56091318	2	F	1	2	X	X
382036881	56091318	7	F	1	2	450088468	X
382036932	56089959	2	F	1	2	X	X
382036933	56089959	7	F	1	2	450093610	X
382036936	56092292	2	F	1	2	X	X
382036944	56091253	2	F	1	2	X	X
382225791	56094162	33	F	1	1	X	517423690
382352289	56090737	88	M	1	0	X	X
382352292	56094468	88	M	1	0	X	X
382454936	56092510	11	M	9	2	450091631	X
382454985	56092675	19	F	1	12	X	X
382454986	56092675	11	M	9	2	450097563	X
382454988	56092675	17	M	9	2	450097560	X
382454989	56092675	8	F	9	2	450097561	X
382573215	56094631	54	F	1	0	X	517423593
382573261	56088861	70	M	1	1	X	X
382573262	56088861	58	F	1	7	X	517506451
382573263	56088861	54	F	1	0	X	517508103
382573271	56087853	58	F	1	7	X	517508394
383251055	56092817	72	F	9	0	X	X
383251082	56092555	72	F	9	0	X	X
383623566	56092122	11	F	1	2	450101788	X
383623567	56092122	42	M	1	0	X	517663173
383623569	56092122	2	M	1	2	X	X
383623570	56092122	40	F	1	1	X	517339295
383623571	56092122	15	F	1	2	450091631	X
383623585	56092592	42	M	1	0	X	517432368
383623586	56092592	0	M	1	2	X	X
383623591	56091745	42	M	1	0	X	517506286
383623592	56091745	0	M	1	2	X	X
383623594	56091745	40	F	1	1	X	517506451
383623596	56092659	11	F	1	2	450097563	X
383623601	56092659	15	F	1	2	450097560	X
383623616	56094443	0	M	1	2	X	X
383623642	56092537	40	F	1	1	X	517432340
383623643	56092537	15	F	1	2	450091631	X
384251262	56093331	42	F	1	0	X	517423650
384251264	56093331	14	F	1	2	450097563	X
384251268	56093901	14	F	1	2	450097563	X
384251269	56093901	51	M	1	1	X	517423650
384352205	56089678	65	F	1	0	X	X
384352223	56093221	65	F	1	0	X	X
384352227	56093020	65	F	1	0	X	X
384352230	56093473	60	M	1	1	X	517423593
384352231	56093473	65	F	1	0	X	X
384689940	56090255	12	M	1	2	450093610	X
384689942	56090255	49	M	1	1	X	517508596
384689952	56094022	12	M	1	2	450097563	X
384689953	56094022	41	F	1	0	X	X
384689954	56094022	49	M	1	1	X	517423722
384690004	56093640	12	M	1	2	450097563	X
384690005	56093640	41	F	1	0	X	X
384690007	56093640	17	M	1	2	450097560	517423759
384750743	56093485	17	F	1	2	450097562	X
384750744	56093485	55	F	1	1	X	X
384750749	56089366	17	F	1	2	450091631	X
384750751	56089366	60	M	1	0	X	517507236
384750753	56093680	55	F	1	1	X	X
384750763	56092311	60	M	1	0	X	517662850
384750794	56090662	17	F	1	2	450091631	X
384750795	56090662	55	F	1	1	X	X
384750796	56090662	60	M	1	0	X	517506348
385472009	56092911	52	M	1	0	X	506643720
385472010	56092911	55	F	1	10	X	X
385472018	56089954	55	F	1	10	X	X
385472907	56089235	64	M	1	0	X	X
385472922	56090720	64	M	1	0	X	X
386125238	56087848	3	M	1	2	450094430	X
386279943	56093265	58	F	1	1	X	517423669
386279944	56093265	58	M	1	0	X	517423593
386382163	56090781	5	M	1	2	450094430	X
386382164	56090781	1	F	1	2	X	X
386382165	56090781	32	M	1	0	X	517506218
386382177	56092341	8	M	1	2	450101788	X
386382178	56092341	5	M	1	2	450094430	X
386382202	56091967	8	M	1	2	450088468	X
386382204	56091967	1	F	1	2	X	X
386382247	56091860	8	M	1	2	450088468	X
386382250	56091860	32	M	1	0	X	517662741
386382251	56091860	31	F	1	1	X	X
386457469	56088322	42	M	1	0	X	X
386501502	56091728	58	M	1	1	X	506926702
386501503	56091728	21	M	1	2	X	X
386546394	56094403	46	F	1	0	X	517423832
386546395	56094403	19	M	1	2	X	517423662
386546396	56094403	46	M	1	1	X	517423640
386546434	56092859	19	M	1	2	X	517432451
386546472	56088426	46	F	1	0	X	517507194
386546473	56088426	19	M	1	2	X	517506416
386546474	56088426	46	M	1	1	X	517507820
386546544	56093872	46	F	1	0	X	517423759
386546546	56093872	46	M	1	1	X	517423765
386546571	56092993	46	F	1	0	X	517432368
386546589	56094194	46	F	1	0	X	517423593
386546591	56094194	46	M	1	1	X	517423718
386546600	56089545	46	M	1	1	X	517507446
386546607	56089769	46	F	1	0	X	517506745
386546608	56089769	19	M	1	2	X	517508002
386546637	56088676	46	F	1	0	X	517507220
386546639	56088676	46	M	1	1	X	517508179
386594276	56092762	30	F	9	1	X	517409923
386594277	56092762	4	M	9	2	X	X
386594323	56089699	1	M	9	2	X	X
386594324	56089699	30	F	9	1	X	517506560
386594326	56089699	26	M	1	0	X	517508057
386594331	56089262	1	M	9	2	X	X
386594333	56089262	4	M	9	2	X	X
386594334	56089262	26	M	1	0	X	517507931
386594336	56092170	30	F	9	1	X	517506741
386594338	56092170	26	M	1	0	X	517506352
386853405	56093208	48	M	1	0	X	517432303
386868816	56091519	38	M	1	1	X	517506451
386868818	56091519	4	M	1	2	X	X
386868820	56090694	38	M	1	1	X	517506451
386868821	56090694	2	M	1	2	X	X
386868822	56090694	4	M	1	2	X	X
387123550	56091052	52	M	1	0	X	517506451
387123552	56091052	43	F	1	1	X	517506451
387123565	56092245	52	M	1	0	X	517506226
387123566	56092245	19	F	1	2	X	517506451
387158690	56093848	8	F	1	2	450097561	X
387158695	56091366	39	F	1	0	X	517506451
387158696	56091366	8	F	1	2	450088468	X
387158697	56088931	39	F	1	0	X	517507220
387158723	56092213	39	F	1	0	X	517506451
387158724	56092213	8	F	1	2	450101788	X
387158731	56089878	39	F	1	0	X	517506693
387158732	56089878	8	F	1	2	450093610	X
387158738	56089757	8	F	1	2	450093610	X
387158749	56091127	39	F	1	0	X	517506451
387158780	56088871	8	F	1	2	450093610	X
387158804	56088854	8	F	1	2	450093610	X
387158833	56090207	39	F	1	0	X	517508235
387158834	56090207	8	F	1	2	450093610	X
387158847	56088653	39	F	1	0	X	517507984
387158848	56088653	8	F	1	2	450093610	X
387158887	56088984	39	F	1	0	X	517506660
387158903	56089844	39	F	1	0	X	517506700
387158926	56089856	8	F	1	2	450093610	X
387218046	56089810	10	M	1	2	450093610	X
387279764	56089170	61	M	1	0	X	517508454
387279787	56087899	55	F	1	1	X	X
387482012	56088380	36	F	1	1	X	517432472
387482014	56088380	3	M	1	2	450094430	X
387482015	56088380	7	M	1	2	450093610	X
387482029	56091873	39	M	1	0	X	517506451
387556255	56090825	31	F	1	0	X	517506451
387556259	56090825	14	F	1	2	450101788	X
387556304	56088839	9	F	1	2	450093610	X
387556306	56088839	11	F	1	2	450093610	X
387556323	56089220	7	F	1	2	450093610	X
387556324	56089220	11	F	1	2	450093610	X
387556333	56090655	31	F	1	0	X	517506629
387556334	56090655	9	F	1	2	450088468	X
387556336	56090655	11	F	1	2	450101788	X
387556351	56091168	31	F	1	0	X	517506451
387556353	56091168	7	F	1	2	450088468	X
387556354	56091168	11	F	1	2	450101788	X
387556355	56091168	14	F	1	2	450101788	X
387556371	56090724	7	F	1	2	450088468	X
387556372	56090724	11	F	1	2	450101788	X
387556373	56090724	14	F	1	2	450101788	X
387588588	56090839	74	F	1	1	X	X
387588589	56090839	76	M	1	0	X	X
387603250	56093560	15	M	1	2	450097560	X
387603251	56093560	41	F	1	0	X	517423593
387603252	56093560	23	M	1	2	X	517423831
387603281	56088182	41	F	1	0	X	517506451
387873152	56089616	58	M	1	0	X	517508563
387873153	56089616	60	F	1	1	X	517506396
387873166	56090897	58	M	1	0	X	517506288
388039331	56090630	56	F	1	0	X	517506451
388039351	56091379	56	F	1	0	X	517506451
388039352	56093181	56	F	1	0	X	517432345
388039362	56093462	56	F	1	0	X	517423536
388208775	56094064	26	F	1	0	X	517423610
388208796	56090670	26	F	1	0	X	517506451
388208803	56091687	26	F	1	0	X	517423723
388472320	56088564	12	M	1	2	450093610	X
388472322	56094383	16	M	1	2	450097560	X
388472323	56094383	49	M	1	1	X	517423593
388472324	56094383	12	M	1	2	450097563	X
388472332	56091133	12	M	1	2	450101788	X
388472333	56093772	42	F	1	0	X	517423759
388472334	56093772	16	M	1	2	450097562	X
388472335	56093772	49	M	1	1	X	517423669
388614442	56091621	60	F	1	0	X	517506359
388614450	56089167	60	F	1	0	X	517508525
388649756	56093636	26	F	1	1	X	X
388649757	56093636	3	F	1	2	X	X
388996394	56090329	30	F	1	0	X	517506708
388996405	56087984	2	F	1	2	X	X
388996409	56091698	2	F	1	2	X	X
388996411	56089236	2	F	1	2	X	X
388996414	56094421	30	F	1	0	X	517423669
388996431	56091363	2	F	1	2	X	X
388996432	56091363	30	F	1	0	X	517506451
388996439	56089247	2	F	1	2	X	X
388996440	56089247	30	F	1	0	X	517508652
389122846	56092272	0	M	1	2	X	X
389122847	56092272	5	M	1	2	450066968	X
389122848	56092272	30	M	1	0	X	517506308
389122854	56090903	0	M	1	2	X	X
389122857	56090903	32	F	1	1	X	X
389122858	56094574	0	M	1	2	X	X
389122859	56094574	5	M	1	2	450066968	X
389122860	56094574	30	M	1	0	X	517507179
389339987	56091360	2	F	1	2	X	X
389339988	56091360	32	F	1	0	X	X
389339997	56088327	32	F	1	0	X	X
389339998	56088327	10	M	1	2	450093610	X
389339999	56088940	2	F	1	2	X	X
389340029	56091685	2	F	1	2	X	X
389340036	56091668	32	F	1	0	X	X
389340037	56091668	10	M	1	2	450088468	X
389340041	56091564	2	F	1	2	X	X
389430261	56092464	64	F	1	0	X	X
389439323	56088116	37	M	1	0	X	517507209
389439358	56093952	37	F	1	1	X	517423669
389739102	56092212	54	F	1	0	X	517506238
389739110	56088808	54	F	1	0	X	517507345
390374969	56089095	38	F	1	0	X	517507474
390521470	56091595	67	M	1	1	X	X
390521471	56091595	75	F	1	0	X	X
390521492	56090675	67	M	1	1	X	X
390521498	56092887	67	M	1	1	X	X
390521499	56092887	75	F	1	0	X	X
390580711	56088216	54	F	1	0	X	X
390813514	56091746	29	M	1	0	X	517506406
390813525	56092646	29	M	1	0	X	517432368
391009924	56093315	56	M	1	1	X	517423601
391009946	56093739	56	M	1	1	X	517423723
391009954	56091419	56	M	1	1	X	517506238
391118450	56092321	59	M	1	0	X	517506451
391118480	56089786	59	M	1	0	X	517506680
391118483	56093416	36	F	9	1	X	517423759
391118484	56093416	59	M	1	0	X	517423661
391185986	56088597	43	M	1	1	X	517508097
391185994	56091902	43	M	1	1	X	517506451
391185995	56091902	2	M	1	2	X	X
391185996	56091902	40	F	1	0	X	X
391185997	56091902	2	F	1	2	X	X
391185998	56089411	43	M	1	1	X	517662725
391185999	56089411	2	M	1	2	X	X
391186000	56089411	40	F	1	0	X	X
391186001	56089411	2	F	1	2	X	X
391186046	56088439	43	M	1	1	X	517508012
391186047	56088439	2	M	1	2	X	X
391186048	56088439	40	F	1	0	X	X
391186062	56088080	43	M	1	1	X	517506451
391186064	56088080	40	F	1	0	X	X
391261455	56093390	51	M	9	0	X	517423593
391261457	56093390	14	M	9	2	450097562	X
391415359	56091459	31	M	1	1	X	517506451
391415360	56091459	31	F	1	0	X	517506319
391415361	56091459	14	M	1	2	450101788	X
391415362	56091459	4	F	1	2	X	X
391415387	56091996	31	M	1	1	X	517506451
391415388	56091996	31	F	1	0	X	517506451
391415389	56091996	14	M	1	2	450101788	X
391415392	56092312	31	F	1	0	X	517506451
391415393	56092312	14	M	1	2	450101788	X
391415394	56092312	4	F	1	2	X	X
391415448	56089870	31	F	1	0	X	517506668
391415449	56089870	14	M	1	2	450093610	X
391596105	56088450	55	F	1	0	X	517506238
391596106	56088450	57	M	1	1	X	517507635
391596116	56090644	20	M	1	2	X	517506451
391596120	56091942	55	F	1	0	X	517506451
391596121	56091942	57	M	1	1	X	517506451
391596122	56091942	20	M	1	2	X	517506300
391596159	56090898	55	F	1	0	X	517506451
391596160	56090898	57	M	1	1	X	517506292
391596167	56092088	20	M	1	2	X	517506451
391596183	56088401	55	F	1	0	X	517506238
391596184	56088401	57	M	1	1	X	517506451
391596185	56088401	20	M	1	2	X	517662753
391596192	56093604	55	F	1	0	X	517423657
391596194	56093604	20	M	1	2	X	517423610
391596223	56092145	57	M	1	1	X	517507428
391596226	56092167	57	M	1	1	X	517506251
391596227	56092167	20	M	1	2	X	517506451
391596231	56089526	55	F	1	0	X	517508014
391596232	56089526	57	M	1	1	X	517508057
391596240	56089354	55	F	1	0	X	517508066
391596242	56089354	20	M	1	2	X	517507213
391649484	56089283	86	F	1	0	X	X
391977927	56092143	56	M	1	0	X	517339391
391977929	56089455	56	M	1	0	X	517506451
392025544	56091077	17	M	1	2	450091631	X
392025545	56091077	41	F	1	0	X	517506451
392025546	56091077	64	M	1	1	X	517506451
392033198	56094148	30	M	1	10	X	517423759
392033206	56091497	30	M	1	10	X	517506346
392033210	56094423	30	M	1	10	X	517423822
392033211	56094423	29	F	1	0	X	517423759
392033246	56088756	30	M	1	10	X	517507324
392033247	56088756	29	F	1	0	X	517506380
392033261	56093744	29	F	1	0	X	517423578
392403224	56088330	74	M	1	0	X	X
392583397	56094378	74	M	1	0	X	517423759
392583410	56091142	71	F	1	1	X	X
392583418	56091271	71	F	1	1	X	X
392583419	56091271	74	M	1	0	X	517506451
392583426	56091246	71	F	1	1	X	X
392583430	56093795	71	F	1	1	X	X
392779385	56094259	64	M	1	0	X	517423759
392987624	56088736	50	F	1	0	X	517506451
392987625	56088736	50	M	1	1	X	517508510
392987638	56093907	50	F	1	0	X	517423640
393297374	56093402	37	F	1	1	X	517423669
393297376	56093402	12	F	1	2	450097563	X
393297392	56089865	12	F	1	2	450093610	X
393297393	56089865	10	M	1	2	450093610	X
393297456	56093498	12	F	1	2	450097563	X
393297457	56093498	10	M	1	2	450097563	X
393297460	56093529	12	F	1	2	450097563	X
393297461	56093529	10	M	1	2	450097563	X
393397866	56094464	7	M	1	2	450097561	X
393397877	56093268	31	F	1	1	X	517423694
393507730	56089016	76	M	1	0	X	X
393561065	56089250	62	M	1	0	X	517506451
393711767	56094220	57	M	1	1	X	517423669
393711768	56094220	51	F	1	0	X	517423694
393758549	56089648	43	F	1	1	X	517508057
393758550	56089648	18	M	1	2	450091631	X
393758552	56089648	14	M	1	2	450093610	X
393758554	56089648	54	M	1	0	X	517506770
393758585	56090908	43	F	1	1	X	517506288
393758586	56090908	18	M	1	2	450091631	X
393758587	56090908	16	F	1	2	450091631	X
393758589	56090908	6	F	1	2	450088468	X
393758591	56091880	43	F	1	1	X	517506451
393758592	56091880	18	M	1	2	450091631	X
393758593	56091880	16	F	1	2	450091631	X
393758594	56091880	14	M	1	2	450101788	X
393758595	56091880	6	F	1	2	450088468	X
393758596	56091880	54	M	1	0	X	517506451
393758615	56092937	43	F	1	1	X	517432481
393758617	56092937	16	F	1	2	450097562	X
393758618	56092937	14	M	1	2	450097563	X
393758676	56090915	18	M	1	2	450091631	X
393758741	56093193	43	F	1	1	X	517432278
393758744	56093193	14	M	1	2	450097563	X
393758745	56093193	6	F	1	2	450097561	X
393758753	56092796	43	F	1	1	X	517432276
393758756	56092796	14	M	1	2	450097563	X
393758777	56088225	43	F	1	1	X	517507431
393758778	56088225	18	M	1	2	450091631	X
393758779	56088225	16	F	1	2	450091631	X
393758781	56088225	6	F	1	2	450088468	X
393758801	56090242	43	F	1	1	X	517508177
393758802	56090242	18	M	1	2	450091631	X
393758803	56090242	16	F	1	2	450091631	X
393758804	56090242	14	M	1	2	450093610	X
393758832	56094330	18	M	1	2	450097562	X
393758834	56094330	14	M	1	2	450097563	X
393758835	56094330	6	F	1	2	450097561	X
393758887	56090142	16	F	1	2	450091631	X
393758892	56092471	18	M	1	2	450091631	X
393758893	56092471	16	F	1	2	450091631	X
393758894	56092471	14	M	1	2	450101788	X
393758895	56092471	6	F	1	2	450088468	X
393758898	56090573	18	M	1	2	450091631	X
393758899	56090573	16	F	1	2	450091631	X
393758900	56090573	14	M	1	2	450101788	X
393758901	56090573	6	F	1	2	450088468	X
393972330	56091488	83	M	1	0	X	X
393972337	56092315	83	M	1	0	X	X
394523317	56092250	32	M	1	0	X	517506451
394523318	56092250	27	F	1	1	X	X
394745216	56087887	10	M	1	2	450093610	X
394745217	56087887	38	F	1	10	X	517508169
394745219	56087887	42	M	1	0	X	517506720
394745225	56093959	38	F	1	10	X	517432484
394745226	56093959	16	M	1	2	450097562	X
394745227	56093959	42	M	1	0	X	517423816
394745321	56090464	38	F	1	10	X	517507244
394745322	56090464	16	M	1	2	450091631	X
394745323	56090464	42	M	1	0	X	517507375
394745326	56088818	16	M	1	2	450091631	X
394745327	56088818	42	M	1	0	X	517506708
395024139	56087896	48	F	1	0	X	517508739
395024140	56087896	23	F	1	2	X	517506715
395024141	56087896	51	M	1	1	X	517507232
395024142	56090353	48	F	1	0	X	517506667
395024143	56090353	23	F	1	2	X	517506451
395024148	56090163	48	F	1	0	X	517507221
395024150	56090163	51	M	1	1	X	517508495
395024161	56088989	23	F	1	2	X	517507436
395024162	56088989	51	M	1	1	X	517507203
395111636	56088867	51	F	1	0	X	517508510
395111637	56088867	66	M	1	1	X	X
395111668	56094480	51	F	1	0	X	517423536
395111669	56094480	66	M	1	1	X	X
395111700	56091467	51	F	1	0	X	517506238
395111701	56091467	66	M	1	1	X	X
395111720	56094129	51	F	1	0	X	517423527
395111721	56094129	66	M	1	1	X	X
395111724	56093602	51	F	1	0	X	517423593
395111725	56093602	66	M	1	1	X	X
395111750	56093601	51	F	1	0	X	517423527
395289331	56090777	12	F	1	2	450101788	X
395289333	56090777	7	M	1	2	450088468	X
395289336	56092011	7	M	1	2	450101788	X
395289337	56093484	12	F	1	2	450097563	X
395289338	56093484	31	F	1	0	X	517423616
395289339	56093484	7	M	1	2	450097561	X
395289346	56091430	12	F	1	2	450101788	X
395289348	56091430	7	M	1	2	450088468	X
395289367	56092106	12	F	1	2	450101788	X
395289382	56091644	12	F	1	2	450101788	X
395289434	56090262	31	F	1	0	X	517506877
395289435	56090262	7	M	1	2	450093610	X
395289442	56091390	12	F	1	2	450101788	X
395289443	56091390	31	F	1	0	X	517506224
395289454	56093978	12	F	1	2	450097563	X
395289455	56093978	31	F	1	0	X	517423536
395289487	56093355	12	F	1	2	450097563	X
395289488	56093355	31	F	1	0	X	517423759
395289503	56087902	31	F	1	0	X	517508375
395289504	56087902	7	M	1	2	450093610	X
395458833	56090922	6	M	1	5	450088468	X
395458835	56090922	3	M	1	5	450094430	X
395458837	56090922	48	F	1	0	X	X
395458838	56090922	27	M	1	2	X	517506451
395458860	56090884	16	M	1	2	450063600	X
395458861	56090884	6	M	1	5	450088468	X
395458862	56090884	21	F	1	2	X	517506451
395458863	56090884	3	M	1	5	450094430	X
395458865	56090884	48	F	1	0	X	X
395458881	56092674	16	M	1	2	450063600	X
395458882	56092674	6	M	1	5	450097561	X
395458886	56092674	48	F	1	0	X	X
395458887	56092674	27	M	1	2	X	517432351
395684865	56088631	68	M	1	0	X	X
395684874	56088092	66	F	1	1	X	X
395716448	56090498	30	F	6	1	X	X
395763208	56092539	5	F	1	2	450066968	X
395763209	56092539	2	F	1	2	X	X
395763210	56092539	8	F	1	2	450091630	X
395763211	56092539	32	F	1	0	X	X
396199917	56094482	44	F	1	0	X	X
396199920	56094482	13	F	1	2	450097563	X
396199921	56094482	10	M	1	2	450097563	X
396199940	56091072	6	F	1	2	450088468	X
396199941	56091072	44	F	1	0	X	X
396199942	56091072	44	M	1	1	X	517506451
396199943	56091072	16	M	1	2	450091631	X
396384964	56091985	57	M	1	0	X	517506451
396384968	56090407	57	M	1	0	X	517508312
396384979	56091144	56	F	1	1	X	517506451
396384981	56091495	56	F	1	1	X	517423593
396384993	56093476	56	F	1	1	X	517423680
396659657	56089738	66	F	1	1	X	X
396659658	56089738	65	M	1	0	X	X
396659659	56090404	66	F	1	1	X	X
396659670	56090158	65	M	1	0	X	X
396659691	56093329	66	F	1	1	X	X
397067701	56088733	48	F	1	0	X	517508357
397067714	56089691	48	F	1	0	X	517506346
397067732	56088732	48	F	1	0	X	517507827
397162395	56093086	60	M	1	0	X	517432482
397162399	56093369	60	M	1	0	X	517423723
397162423	56091005	60	M	1	0	X	517506451
397719396	56089064	47	M	1	0	X	517507324
397719398	56089064	12	M	1	2	450093610	X
397719400	56089064	49	F	1	1	X	517508002
397719401	56089064	16	M	1	2	450091631	517508706
397745243	56092486	52	M	1	0	X	X
397745247	56092486	13	M	1	2	450091630	X
397745279	56090467	52	M	1	0	X	X
397745280	56090467	3	F	1	2	X	X
397745282	56090467	7	F	1	2	450093610	X
397745283	56090467	13	M	1	2	450093610	X
397745284	56090467	39	F	1	1	X	X
397929629	56092472	57	F	1	1	X	517506451
397983014	56093827	58	M	1	1	X	517423815
397983019	56089498	58	F	1	0	X	517508002
398012828	56088761	51	F	1	1	X	X
398012839	56089013	52	M	1	0	X	517508821
398012851	56094358	52	M	1	0	X	517423693
398169294	56090026	6	M	1	2	450088468	X
398169295	56090026	29	F	1	1	X	517508551
398169296	56090026	36	M	1	0	X	517508656
398771084	56092794	63	M	1	1	X	X
398889964	56093699	57	F	1	0	X	X
398889965	56093699	66	M	1	1	X	X
398889993	56091905	66	M	1	1	X	X
398890012	56093671	57	F	1	0	X	X
398890014	56090622	57	F	1	0	X	X
398890015	56090622	66	M	1	1	X	X
399133772	56091894	28	M	1	0	X	517506396
399237162	56087830	57	F	1	1	X	517506416
399286667	56094348	30	M	1	0	X	517423669
399319107	56088786	7	M	1	2	450093610	X
399319132	56088516	34	M	1	10	X	517507707
399319133	56088516	28	F	1	0	X	517508002
399319134	56092430	7	M	1	2	450101788	X
399319135	56092430	34	M	1	10	X	517506817
399319165	56091966	34	M	1	10	X	517506451
399319224	56092451	7	M	1	2	450101788	X
399319237	56088434	34	M	1	10	X	517508658
399319269	56094622	7	M	1	2	450097561	X
399319273	56091653	34	M	1	10	X	517341032
399319323	56091485	7	M	1	2	450088468	X
399319324	56091485	34	M	1	10	X	517506451
399319325	56091485	28	F	1	0	X	517506451
399512659	56091838	27	F	1	1	X	X
399512660	56091838	2	F	1	2	X	X
399512662	56092101	27	M	1	0	X	517506268
399512664	56092101	2	F	1	2	X	X
399512665	56092101	3	F	1	2	X	X
399512678	56091501	27	M	1	0	X	517662923
399512682	56094191	27	M	1	0	X	517423718
399512683	56094191	27	F	1	1	X	X
399512684	56094191	2	F	1	2	X	X
399512685	56094191	3	F	1	2	X	X
399512694	56089351	27	M	1	0	X	517663328
399681044	56090715	53	M	1	1	X	517506451
399681045	56090715	18	F	1	2	X	517506451
399681046	56090715	52	F	1	0	X	517506451
399681047	56092512	53	M	1	1	X	517432368
399681049	56092512	52	F	1	0	X	517432368
399982915	56092343	6	F	1	2	450088468	X
399982917	56092343	6	F	1	2	450066968	X
399982918	56092343	30	F	1	10	X	517506451
400431883	56090145	65	M	1	0	X	X
400863355	56093099	55	M	1	0	X	517432452
401059060	56091470	15	M	1	3	450091631	X
401059062	56091470	39	M	1	1	X	517506238
401059066	56092522	16	F	1	2	450097560	X
401059067	56092522	39	M	1	1	X	517432352
401138874	56093850	19	F	1	2	X	517423593
401138875	56093850	40	F	1	0	X	517414287
401138876	56093850	52	M	1	1	X	517423718
401138905	56089668	40	F	1	0	X	517506451
401138994	56091346	19	F	1	2	X	517506352
401138995	56091346	40	F	1	0	X	517506451
401388463	56091509	50	F	1	1	X	X
401471202	56091903	72	F	1	0	X	X
401489833	56093976	79	F	1	0	X	X
401489838	56093863	79	F	1	0	X	X
401524432	56091139	34	M	1	0	X	517506451
401657596	56094059	50	M	1	1	X	X
401657597	56094059	50	F	1	0	X	517423757
401657608	56094478	50	M	1	1	X	X
401657609	56094478	50	F	1	0	X	517423672
401657630	56088970	50	M	1	1	X	X
401657640	56094239	50	M	1	1	X	X
401657648	56094399	50	M	1	1	X	X
401667231	56089023	58	M	1	0	X	X
401667240	56088844	56	F	1	1	X	X
401667241	56088844	58	M	1	0	X	X
401667252	56088504	56	F	1	1	X	X
401667260	56090704	56	F	1	1	X	X
401667261	56090704	58	M	1	0	X	X
401804432	56090552	11	M	1	2	450101788	X
401804433	56090552	52	F	1	0	X	517506451
401804434	56090552	41	M	1	1	X	517507192
401804455	56089708	11	F	1	2	450093610	X
401804456	56089708	11	M	1	2	450093610	X
401804457	56089708	52	F	1	0	X	517508563
401804458	56089708	41	M	1	1	X	517506703
401993100	56093282	57	M	1	0	X	X
401993113	56094261	57	F	1	10	X	X
401993114	56094261	57	M	1	0	X	X
402449977	56087986	67	M	1	0	X	517508013
402449978	56087986	70	F	1	1	X	X
402449986	56092912	70	F	1	1	X	X
402621556	56091512	8	M	1	2	450088468	X
402621562	56092702	8	M	1	2	450097561	X
402621592	56090636	8	M	1	2	450088468	X
402621593	56090636	31	F	1	0	X	517506380
402701687	56088452	39	M	1	1	X	517507432
402701688	56088452	43	F	1	0	X	X
402701689	56088378	39	M	1	1	X	517506741
402859143	56094284	73	F	1	1	X	X
402859155	56091665	73	F	1	1	X	X
402859161	56092900	73	F	1	1	X	X
402859165	56091914	73	F	1	1	X	X
402859180	56090355	75	M	1	0	X	X
402865990	56087890	11	M	1	2	450093610	X
402883758	56089259	24	M	1	0	X	517506451
403013764	56094524	52	F	1	0	X	X
403013765	56094524	60	M	1	1	X	517423687
403021123	56089048	48	F	6	1	X	X
403021124	56089048	51	M	1	0	X	517507472
403124746	56092147	66	F	1	0	X	X
403124751	56092342	66	M	1	1	X	X
403124755	56088197	66	M	1	1	X	X
403124756	56088197	66	F	1	0	X	X
403124768	56092504	66	F	1	0	X	X
403124777	56091238	66	M	1	1	X	X
403124783	56093446	66	M	1	1	X	X
403124793	56091249	66	M	1	1	X	X
403124795	56092023	66	M	1	1	X	X
403124799	56088142	66	M	1	1	X	X
403124821	56090397	66	M	1	1	X	X
403242305	56089202	75	M	1	0	X	X
403242306	56089202	72	F	1	1	X	X
403242317	56088017	75	M	1	0	X	X
403242318	56088017	72	F	1	1	X	X
403242341	56091931	75	M	1	0	X	X
403242342	56091931	72	F	1	1	X	X
403501164	56089184	66	F	1	1	X	517507739
403501165	56089184	67	M	1	0	X	X
403527379	56089318	54	F	1	0	X	517506238
403564135	56092159	62	M	1	0	X	X
403564136	56092159	55	F	1	1	X	X
403564139	56089127	62	M	1	0	X	X
403564140	56089127	55	F	1	1	X	X
403572295	56091407	72	M	1	0	X	X
403603509	56093621	85	F	1	0	X	X
403623503	56092148	68	F	1	0	X	517506468
403623504	56092148	70	M	1	1	X	X
403623505	56092218	68	F	1	0	X	517506416
403623509	56094217	68	F	1	0	X	517423759
403623511	56089129	68	F	1	0	X	517507203
403623512	56089129	70	M	1	1	X	X
403623530	56090344	70	M	1	1	X	X
403623533	56090237	68	F	1	0	X	517506332
403623534	56090237	70	M	1	1	X	X
403623537	56094393	68	F	1	0	X	517423645
403623538	56094393	70	M	1	1	X	X
403897071	56093764	50	M	8	0	X	517423650
403897076	56093866	50	M	8	0	X	517423759
403897101	56089399	50	M	8	0	X	517506319
404116690	56089116	47	F	1	1	X	X
404116698	56090767	58	M	1	0	X	517506451
404116701	56090830	58	M	1	0	X	517507209
404116711	56092976	47	F	1	1	X	X
404116712	56092976	22	M	1	12	X	517432368
404376337	56092121	9	F	1	2	450101788	X
404376338	56092121	8	F	1	2	450101788	X
404376341	56092121	14	M	1	2	450101788	X
404376343	56092121	1	M	1	2	X	X
404376345	56089986	9	F	1	2	450093610	X
404376348	56089986	1	M	1	2	X	X
404376349	56089986	14	M	1	2	450093610	X
404376351	56089986	1	M	1	2	X	X
404376352	56089986	6	M	1	2	450066968	X
404520311	56088285	36	F	1	0	X	517508647
404533656	56089663	43	M	1	0	X	517662923
404533712	56092203	43	M	1	0	X	517506451
404641319	56093026	15	F	1	2	450097562	X
404641321	56093026	49	F	1	1	X	517423593
404641375	56088400	15	F	1	2	450091631	X
404641376	56088400	11	F	1	2	450093610	X
404710612	56092718	51	M	1	1	X	X
404710613	56092718	13	M	1	2	450097563	X
404710615	56092718	23	M	1	2	X	X
404710616	56092718	46	F	1	0	X	517432482
404710618	56091243	13	M	1	2	450101788	X
404710620	56091243	23	M	1	2	X	X
404710667	56090647	51	M	1	1	X	X
404710668	56090647	13	M	1	2	450101788	X
404710670	56090647	23	M	1	2	X	X
404710678	56089343	13	M	1	2	450093610	X
404710680	56089343	23	M	1	2	X	X
404710681	56089343	46	F	1	0	X	517507547
404730746	56088780	63	F	1	1	X	X
404730747	56088780	60	M	1	0	X	517507236
404836351	56090069	52	M	1	0	X	517506737
404836352	56090069	16	F	1	2	450091631	X
404836357	56093013	52	M	1	0	X	517423599
404836359	56093013	51	F	1	1	X	517432486
404836376	56092752	16	F	1	2	450097560	X
404836377	56092752	51	F	1	1	X	517432301
404836404	56089759	51	F	1	1	X	517506451
404836438	56094071	52	M	1	0	X	517423536
404836440	56094071	51	F	1	1	X	513088978
404836456	56090461	52	M	1	0	X	517506656
404836457	56090461	16	F	1	2	450091631	X
404836458	56090461	51	F	1	1	X	517506644
404836472	56089203	16	F	1	2	450091631	X
404836473	56089203	51	F	1	1	X	517506674
404836505	56089579	16	F	1	2	450091631	X
404836537	56092720	52	M	1	0	X	517423528
404836538	56092720	16	F	1	2	450097560	X
404836539	56092720	51	F	1	1	X	517423723
404836558	56093902	52	M	1	0	X	517423578
404836567	56089635	52	M	1	0	X	517506488
404836568	56089635	16	F	1	2	450091631	X
404836569	56089635	51	F	1	1	X	517506451
404836573	56093944	52	M	1	0	X	517423694
404836574	56093944	16	F	1	2	450097562	X
404836575	56093944	51	F	1	1	X	517423536
404836591	56090849	52	M	1	0	X	517506451
404836599	56089750	51	F	1	1	X	517507276
404836616	56088792	16	F	1	2	450091631	X
404836622	56091456	16	F	1	2	450091631	X
404836623	56091456	51	F	1	1	X	517506451
404836649	56094304	16	F	1	2	450097560	X
404836669	56091283	52	M	1	0	X	517506401
404836700	56090312	16	F	1	2	450091631	X
405000596	56093474	56	F	1	10	X	X
405000597	56093474	59	M	1	0	X	517423706
405047896	56093593	24	M	1	0	X	517423593
405047924	56093761	24	M	1	0	X	517423593
405077734	56088415	36	M	1	0	X	517506660
405077735	56088415	16	M	1	12	450091631	X
405198569	56090980	58	M	1	1	X	517506451
405245356	56092320	8	F	1	2	450101788	X
405245357	56092320	34	F	1	0	X	X
405358679	56089024	71	F	1	1	X	X
405358683	56092027	71	F	1	1	X	X
405358686	56094661	74	M	1	0	X	X
405403150	56090805	50	M	1	0	X	517339295
405403152	56090805	11	M	1	2	450101788	X
405403154	56090805	47	F	1	1	X	517506451
405770134	56094211	67	F	1	0	X	X
405770135	56094211	45	F	1	2	X	X
405770139	56089080	43	F	1	2	X	X
405770141	56089080	45	F	1	2	X	X
405770148	56087987	43	F	1	2	X	X
405770158	56088173	67	F	1	0	X	X
405770159	56088173	45	F	1	2	X	X
405770166	56089876	43	F	1	2	X	X
405770172	56091368	43	F	1	2	X	X
405770192	56089196	45	F	1	2	X	X
405936609	56093954	24	F	1	1	X	517423609
405936610	56093954	1	F	1	2	X	X
406090604	56093635	57	F	1	1	X	X
406090605	56093635	57	M	1	0	X	517423593
406090612	56090276	57	F	1	1	X	X
406090613	56090276	57	M	1	0	X	517506352
406090623	56090698	57	M	1	0	X	517506238
406090626	56091523	57	F	1	1	X	X
406090630	56092243	57	F	1	1	X	X
406090631	56092243	57	M	1	0	X	517506451
406090634	56092573	57	F	1	1	X	X
406090635	56092573	57	M	1	0	X	517432305
406090651	56089377	57	M	1	0	X	517508636
406490761	56088420	1	F	1	2	X	X
406490763	56088420	5	M	1	2	450066968	X
406490764	56088420	31	M	1	0	X	517506451
406490765	56088420	29	F	1	1	X	X
406490767	56090976	1	F	1	2	X	X
406490768	56090976	7	M	1	2	450088468	X
406490803	56090494	1	F	1	2	X	X
406490805	56090494	5	M	1	2	450066968	X
406490806	56090494	31	M	1	0	X	517506451
406490807	56090494	29	F	1	1	X	X
406490814	56091975	3	F	1	2	X	X
406490815	56091975	1	F	1	2	X	X
406490859	56091316	5	M	1	2	450066968	X
406490860	56091316	31	M	1	0	X	517506451
406714583	56088337	1	F	1	2	X	X
406714584	56088337	39	M	1	0	X	517508716
406878925	56092975	1	M	9	2	X	X
406878926	56092975	21	F	1	0	X	517423763
406878927	56092975	24	M	9	10	X	517432337
407020694	56091402	9	M	1	2	450088468	X
407020695	56091402	40	F	1	1	X	517506417
407020696	56091402	42	M	1	0	X	517506380
407020697	56091402	12	M	1	2	450101788	X
407020706	56089736	42	M	1	0	X	517506451
407020743	56093393	15	M	1	2	450097562	X
407020744	56093393	9	M	1	2	450097561	X
407220399	56094086	63	F	1	1	X	517423707
407220400	56094086	65	M	1	0	X	X
407220421	56093592	63	F	1	1	X	517423693
407231418	56091423	59	F	1	0	X	517506451
407248315	56091642	10	M	1	5	450101788	X
407542421	56093072	28	M	9	0	X	X
407742904	56088397	62	M	1	1	X	517507220
407768104	56089205	56	M	1	0	X	517508884
407768107	56087915	52	F	1	1	X	517507418
407768108	56087915	56	M	1	0	X	517506451
407856668	56087837	6	M	1	2	450093610	X
407856669	56087837	11	F	1	2	450093610	X
407856670	56087837	43	M	1	1	X	517506451
407856682	56090390	15	F	1	2	450097562	X
407856683	56090390	6	M	1	2	450093610	X
407856722	56088657	15	F	1	2	450091631	X
407856724	56088657	11	F	1	2	450093610	X
407856735	56091691	43	M	1	1	X	517507197
407989301	56089973	72	F	1	1	X	X
407989302	56089973	78	M	1	0	X	X
408051705	56090233	44	M	1	2	X	X
408051752	56091214	67	F	1	0	X	X
408051754	56093062	46	F	1	6	X	X
408051755	56093062	67	F	1	0	X	X
408051769	56090320	46	F	1	6	X	X
408051770	56090320	67	F	1	0	X	X
408051774	56088609	44	M	1	2	X	X
408051775	56088609	46	F	1	6	X	X
408051776	56088609	67	F	1	0	X	X
408051780	56090289	44	M	1	2	X	X
408051781	56090289	46	F	1	6	X	X
408051782	56090289	67	F	1	0	X	X
408284891	56090132	52	M	1	0	X	517508057
408284902	56089180	52	M	1	0	X	517507203
408284905	56093951	52	M	1	0	X	517423611
408857484	56091440	40	M	1	0	X	517506456
408857485	56091440	18	F	1	2	450091631	X
408857486	56091440	43	F	1	1	X	517506451
408931311	56093297	55	F	1	10	X	517423669
408987885	56088677	45	F	1	0	X	517506741
409335508	56090933	51	F	1	1	X	517506451
409855061	56092855	52	F	1	0	X	517389675
409855062	56092855	52	M	1	10	X	517432350
409855073	56089222	52	F	1	0	X	517507587
409855074	56089222	52	M	1	10	X	517506407
409855096	56089494	52	M	1	10	X	517663288
410675469	56092003	57	F	1	1	X	506926873
410936573	56093519	16	F	1	7	450097560	X
410936574	56093519	56	M	1	1	X	517423832
410936575	56093519	55	F	1	0	X	X
410936612	56092019	16	F	1	7	450091631	X
410936614	56092019	55	F	1	0	X	X
410936625	56092893	56	M	1	1	X	517432351
410936626	56092893	55	F	1	0	X	X
410936630	56088290	16	F	1	7	450091631	X
410936637	56088987	56	M	1	1	X	517507230
411294797	56091287	84	M	1	0	X	X
411294807	56090565	84	M	1	0	X	X
411315897	56088929	47	F	1	1	X	X
411315898	56088929	14	M	1	2	450091631	X
411396480	56094582	51	F	1	10	X	517423581
411396495	56088489	49	M	1	0	X	517508019
411396496	56088489	51	F	1	10	X	517506261
411396503	56092957	49	M	1	0	X	517432484
411576265	56088827	49	M	1	0	X	517506319
411576266	56088827	47	F	1	10	X	X
411576267	56090378	49	M	1	0	X	517506881
411576277	56094438	49	M	1	0	X	517423759
411647686	56092744	70	F	1	0	X	X
411647703	56092789	70	F	1	0	X	X
411715595	56089230	48	M	1	0	X	517508507
411715619	56094521	48	M	1	0	X	517423684
411869361	56089511	61	M	1	0	X	X
411869362	56089511	54	F	1	1	X	X
412232074	56088613	44	M	1	0	X	517506451
412232075	56088613	17	M	1	2	450091631	517507182
412232077	56088613	44	F	1	1	X	517507501
412232111	56089398	17	M	1	2	450091631	517506451
412232114	56090057	44	M	1	0	X	517506386
412232115	56090057	17	M	1	2	450091631	517507785
412232117	56090057	44	F	1	1	X	517507293
412248810	56092688	26	M	1	0	X	517423778
412248818	56093371	26	M	1	0	X	517423669
412248834	56092621	26	M	1	0	X	517423534
412248839	56091854	26	M	1	0	X	517506451
412276492	56092759	50	F	1	0	X	517432301
412276501	56088957	57	M	1	1	X	517507236
412276504	56089029	50	F	1	0	X	517506741
412387111	56088616	39	M	1	0	X	517506451
412387125	56089253	39	M	1	0	X	517508624
412387126	56088247	30	F	1	10	X	517508867
412387132	56093544	30	F	1	10	X	517423593
412387133	56093544	39	M	1	0	X	517423623
412387165	56090412	39	M	1	0	X	517506491
412387166	56088678	30	F	1	10	X	517507236
412387167	56088678	39	M	1	0	X	517506880
412387174	56093566	30	F	1	10	X	517423669
412387175	56093566	39	M	1	0	X	517423616
412623800	56090826	61	M	1	10	X	517506451
412623815	56089772	55	F	1	0	X	517506451
412628565	56091320	25	F	9	8	X	X
412628566	56091320	4	M	9	8	X	X
412628579	56091901	69	F	1	0	X	517506451
412628582	56091901	28	M	1	5	X	X
412628604	56088697	69	F	1	0	X	517506647
412628605	56088697	25	F	9	8	X	X
412628607	56088697	28	M	1	5	X	X
412628625	56089497	25	F	9	8	X	X
413076115	56092816	56	M	1	0	X	517432482
413076144	56093481	62	F	1	1	X	513096695
413231830	56090211	50	F	1	1	X	X
413231833	56089384	67	M	1	0	X	517506676
413231842	56092009	50	F	1	1	X	X
413231843	56092009	67	M	1	0	X	517506451
413231852	56088339	50	F	1	1	X	X
413993336	56091888	27	F	1	0	X	517506451
413993338	56091888	3	M	1	2	450066968	X
414168104	56093230	64	M	1	0	X	517423593
414168105	56093230	56	F	1	1	X	517423631
414168111	56093517	56	F	1	1	X	517423714
414168118	56088480	64	M	1	0	X	517507220
414168119	56088480	56	F	1	1	X	517507635
414168125	56092304	56	F	1	1	X	517506451
414168126	56088328	64	M	1	0	X	517508002
414168127	56088328	56	F	1	1	X	517506451
414168142	56091526	64	M	1	0	X	517506451
414168146	56089179	64	M	1	0	X	517507560
414168147	56089179	56	F	1	1	X	517508290
414257254	56089646	49	M	1	0	X	517508536
414526647	56090425	35	M	1	0	X	517506653
414526664	56094441	35	M	1	0	X	517423673
414713851	56088331	82	F	1	1	X	X
414713852	56088331	79	M	1	0	X	X
414713858	56087815	79	M	1	0	X	X
414827874	56088241	55	F	1	1	X	X
414917445	56088071	26	M	1	2	X	517508057
414957535	56090024	65	M	1	0	X	X
414957536	56090024	64	F	1	1	X	517508235
414957577	56090238	65	M	1	0	X	X
414957578	56090238	64	F	1	1	X	506983892
415115904	56090153	56	F	1	1	X	517506300
415115905	56090153	72	M	1	0	X	517506705
415115932	56094317	56	F	1	1	X	517423669
415115933	56094317	72	M	1	0	X	517423593
415115939	56092496	72	M	1	0	X	517432368
415536279	56088006	62	M	1	0	X	517507182
415536295	56088035	62	M	1	0	X	517506451
415536329	56089850	62	M	1	0	X	517508128
415536339	56094591	62	M	1	0	X	517423593
415627563	56092480	44	M	1	1	X	517432341
415627564	56092480	13	M	1	2	450091631	X
415627566	56093891	46	F	1	0	X	X
415627581	56088747	78	M	1	6	X	X
415627583	56088747	44	M	1	1	X	517506864
415627601	56089468	78	M	1	6	X	X
415627602	56089468	46	F	1	0	X	X
415627603	56089468	44	M	1	1	X	517506684
415627619	56090605	44	M	1	1	X	517506451
415627629	56090584	78	M	1	6	X	X
415627633	56092284	78	M	1	6	X	X
415627635	56092284	44	M	1	1	X	517423669
415627636	56092284	13	M	1	2	450101788	X
415627637	56092225	78	M	1	6	X	X
415627638	56092225	46	F	1	0	X	X
415627639	56092225	44	M	1	1	X	517423743
415627640	56092225	13	M	1	2	450101788	X
415627664	56090453	13	M	1	2	450093610	X
415847447	56092447	92	M	1	0	X	X
415925760	56090959	52	F	1	0	X	X
416060758	56094126	60	M	1	1	X	X
416060764	56088508	60	M	1	1	X	X
416060765	56088508	60	F	1	0	X	517506451
416105791	56093611	37	M	8	0	X	X
416105793	56093611	50	F	1	1	X	517423669
416222336	56088959	13	M	1	2	450093610	X
416222346	56091464	5	M	1	2	450088468	X
416241469	56094255	26	M	1	0	X	517423737
416241484	56094146	21	F	1	1	X	X
416241485	56094146	26	M	1	0	X	517423834
416241487	56092478	26	M	1	0	X	517432345
416241497	56094238	26	M	1	0	X	517423669
416266408	56089803	63	M	1	1	X	517508059
416266416	56092963	63	M	1	1	X	517423759
416366438	56090150	55	M	1	2	X	517662923
416366439	56090150	77	F	1	0	X	X
416366461	56088250	53	M	1	2	X	517507618
416366462	56088250	55	M	1	2	X	517506878
416366463	56088250	77	F	1	0	X	X
416366465	56093271	55	M	1	2	X	517423593
416366488	56093467	53	M	1	2	X	517423723
416366489	56093467	55	M	1	2	X	517423759
416418370	56091331	36	M	1	0	X	517506451
416448741	56088963	56	F	1	0	X	517507582
416448744	56089085	56	F	1	0	X	517506693
416448760	56089062	56	F	1	0	X	517506556
416631269	56091403	6	M	1	2	450088468	X
416631271	56091403	43	M	1	1	X	517506451
416631272	56091403	8	F	1	2	450088468	X
416631276	56090260	43	M	1	1	X	517507582
416631277	56090260	8	F	1	2	450093610	X
416631288	56092654	10	M	1	2	450097561	X
416631290	56092654	35	F	1	0	X	X
416631291	56092654	43	M	1	1	X	517389658
416631333	56088945	10	M	1	2	450093610	X
416631334	56088945	6	M	1	2	450088468	X
416631390	56088443	35	F	1	0	X	X
416631391	56088443	43	M	1	1	X	517508092
416750761	56093991	28	M	1	0	X	517423728
416750770	56088000	27	F	1	10	X	517507580
416750771	56088000	28	M	1	0	X	517508542
416750772	56091584	27	F	1	10	X	517423644
416750773	56091584	28	M	1	0	X	517506451
416750774	56093161	27	F	1	10	X	517432368
416750775	56093161	28	M	1	0	X	517432368
416750818	56092490	27	F	1	10	X	517432368
416750819	56092490	28	M	1	0	X	517423534
416750825	56091693	28	M	1	0	X	517506451
416961496	56090861	6	F	1	2	450088468	X
416961497	56090861	40	M	1	0	X	517506451
416967564	56093465	58	F	1	0	X	X
416967565	56093465	59	M	1	1	X	517423759
417051879	56093379	49	M	1	0	X	517423759
417051883	56093575	49	M	1	0	X	517423723
417127712	56091998	58	F	1	0	X	517506820
417127713	56091998	59	M	1	1	X	517506451
417130810	56091585	92	F	1	0	X	X
417130830	56092538	92	F	1	0	X	X
417130832	56094093	92	F	1	0	X	X
417222184	56093449	57	F	1	1	X	517423759
417253975	56092535	27	F	1	0	X	X
417253978	56092535	0	M	1	2	X	X
417526770	56094283	44	F	1	0	X	517423669
417526771	56094283	46	M	1	1	X	517423724
417526813	56094319	46	M	1	1	X	517423593
417526814	56094319	18	M	1	2	X	517423599
417526821	56094221	44	F	1	0	X	517423536
417526822	56094221	46	M	1	1	X	517423536
417599681	56088469	38	F	1	0	X	517506422
417599682	56088469	14	M	1	2	450091631	X
417599687	56089030	38	F	1	0	X	517506352
417696325	56089925	80	M	1	1	X	517507236
417696326	56091413	77	F	1	0	X	X
417696338	56092996	77	F	1	0	X	X
417938228	56090745	64	F	1	0	X	X
417938229	56090745	68	M	1	1	X	517506416
417970132	56090074	49	M	1	0	X	517508296
417970154	56090430	24	M	1	2	X	517506451
417970155	56090430	45	F	1	1	X	X
417970158	56091772	24	M	1	2	X	517506451
417970159	56091772	45	F	1	1	X	X
418043181	56090034	57	M	1	1	X	517507438
418095270	56093008	60	F	1	1	X	X
418095271	56093008	57	M	1	0	X	X
418095290	56091697	60	F	1	1	X	X
418095293	56094341	57	M	1	0	X	X
418095296	56089484	60	F	1	1	X	X
418095297	56089484	57	M	1	0	X	X
418095328	56091482	60	F	1	1	X	X
418095329	56091482	57	M	1	0	X	X
418095338	56089542	60	F	1	1	X	X
418095351	56094635	57	M	1	0	X	X
418095362	56092974	60	F	1	1	X	X
418095363	56092974	57	M	1	0	X	X
418095382	56091671	60	F	1	1	X	X
418095392	56093201	60	F	1	1	X	X
418095393	56093201	57	M	1	0	X	X
418095395	56090639	57	M	1	0	X	X
418147184	56091417	69	M	1	1	X	X
418147185	56091417	70	F	1	0	X	X
418147200	56091586	69	M	1	1	X	X
418147201	56091586	70	F	1	0	X	X
418147202	56092583	69	M	1	1	X	X
418147203	56092583	70	F	1	0	X	X
418147216	56090228	69	M	1	1	X	X
418147217	56090228	70	F	1	0	X	X
418147226	56091195	69	M	1	1	X	X
418147228	56092355	69	M	1	1	X	X
418147264	56089727	69	M	1	1	X	X
418147265	56089727	70	F	1	0	X	X
418147266	56090224	69	M	1	1	X	X
418353892	56090073	11	M	1	2	450093610	X
418353894	56090073	33	M	1	1	X	517506218
418353895	56090073	5	F	1	2	450088468	X
418353898	56092128	33	F	1	0	X	517506417
418353936	56093718	5	M	1	2	450097561	X
418353937	56093718	11	M	1	2	450097563	X
418414432	56088385	50	F	1	1	X	X
418470372	56088686	48	M	1	0	X	517506716
418470376	56090318	48	M	1	0	X	517506451
418543309	56087825	56	M	1	1	X	517506451
418578315	56093279	69	M	1	0	X	X
418578318	56088255	69	M	1	0	X	X
418578322	56091297	69	M	1	0	X	X
418839429	56091883	31	F	8	1	X	517506380
418839430	56091883	42	M	1	0	X	517506451
418839438	56088008	42	M	1	0	X	517508270
418839439	56089916	31	F	8	1	X	517508330
418839440	56089916	42	M	1	0	X	517507728
418839451	56090368	31	F	8	1	X	517507474
418839463	56091194	31	F	8	1	X	517506564
418839488	56094437	42	M	1	0	X	517423525
418839505	56092372	31	F	8	1	X	517506339
418839515	56091167	31	F	8	1	X	517506451
419121502	56088243	41	F	1	0	X	X
419121504	56088243	37	M	1	1	X	517663305
419121506	56090427	12	F	1	2	450093610	X
419121531	56091851	37	M	1	1	X	517506364
419233935	56088517	17	F	1	2	450091631	X
419233944	56094458	57	F	1	0	X	517423593
419233952	56088614	57	F	1	0	X	517507450
419234001	56091673	17	F	1	2	450091631	X
419234002	56091673	57	F	1	0	X	517506451
419326695	56089795	57	F	1	0	X	517506238
419369042	56090750	58	M	1	0	X	517506451
419370800	56093174	47	M	1	0	X	517432279
419380397	56093936	16	F	1	2	450097562	X
419380398	56093936	17	F	1	2	450097562	X
419380429	56092231	16	M	1	2	450091631	X
419380432	56092231	14	F	1	2	450091631	X
419380465	56089158	16	M	1	2	450091631	X
419380466	56089158	35	F	1	1	X	517506719
419380467	56089158	41	M	1	0	X	517506483
419380470	56089158	17	F	1	2	450091631	X
419380483	56093237	16	M	1	2	450097562	X
419380484	56093237	35	F	1	1	X	517423759
419380485	56093237	41	M	1	0	X	517423593
419380486	56093237	14	F	1	2	450097562	X
419380495	56092207	16	M	1	2	450091631	X
419380499	56092207	16	F	1	2	450091631	X
419380500	56092207	17	F	1	2	450091631	X
419380509	56092038	41	M	1	0	X	517506451
419380510	56092038	14	F	1	2	450091631	X
419380511	56092038	16	F	1	2	450091631	X
419408866	56088542	50	M	1	0	X	517508358
419523218	56090457	61	F	1	1	X	X
419523220	56090822	61	F	1	1	X	X
419523221	56090822	64	M	1	0	X	X
419523230	56088826	61	F	1	1	X	X
419523234	56090038	61	F	1	1	X	X
419523243	56092961	64	M	1	0	X	X
419523250	56093490	61	F	1	1	X	X
419523251	56093490	64	M	1	0	X	X
419523253	56094575	64	M	1	0	X	X
419523254	56093300	61	F	1	1	X	X
419523255	56093300	64	M	1	0	X	X
419523273	56094236	64	M	1	0	X	X
419523292	56090672	61	F	1	1	X	X
419523298	56090701	61	F	1	1	X	X
419523303	56090016	64	M	1	0	X	X
419552301	56090175	82	F	1	1	X	X
419552302	56090175	82	M	1	0	X	X
419552303	56088777	82	F	1	1	X	X
419552321	56089881	82	F	1	1	X	X
124262473	56094322	4	F	1	2	450066968	X
124262474	56094322	29	M	1	1	X	517423762
124299489	56094295	51	F	1	0	X	517423640
124299510	56094639	50	M	1	1	X	517423537
124419770	56093046	69	M	1	0	X	517432479
124419771	56093046	68	F	1	1	X	X
124419793	56092067	68	F	1	1	X	X
124477692	56091489	35	M	1	0	X	517506451
124477695	56088114	35	M	1	0	X	517506674
124477700	56088043	35	M	1	0	X	517506707
124477723	56091187	35	M	1	0	X	517506451
124477725	56091076	35	M	1	0	X	517506662
124556102	56090117	62	M	1	1	X	X
124556129	56091017	59	F	1	0	X	517377577
124556130	56091017	62	M	1	1	X	X
124785820	56088329	41	F	1	0	X	517508057
124785822	56088329	17	F	1	2	450091631	X
124894878	56089310	61	M	1	0	X	517508511
124894879	56089310	27	M	1	2	X	517508443
124894880	56089310	24	F	1	2	X	X
124894914	56093380	61	M	1	0	X	517423685
124894915	56093380	27	M	1	2	X	517423536
124894916	56093380	24	F	1	2	X	X
124894945	56092283	27	M	1	2	X	517506451
124894946	56092283	24	F	1	2	X	X
124894965	56093307	60	F	1	1	X	X
124894966	56093307	1	M	1	5	X	X
124894969	56093307	27	M	1	2	X	517423759
124894970	56093307	24	F	1	2	X	X
124922297	56093163	66	F	1	0	X	X
124922302	56092858	66	F	1	0	X	X
124922306	56091364	66	F	1	0	X	X
124922321	56093955	66	F	1	0	X	X
125132739	56093232	56	M	1	0	X	517423593
125132750	56092979	56	M	1	0	X	517432368
125588119	56092652	51	F	1	0	X	X
125588121	56092652	56	M	1	1	X	517432485
125588131	56089620	51	F	1	0	X	X
125588132	56089620	13	M	1	2	450093610	X
125588133	56089620	56	M	1	1	X	517507219
125960263	56091266	42	F	1	0	X	517506451
125960277	56088282	42	F	1	0	X	517508284
126110369	56093594	78	F	1	0	X	X
126110384	56089950	78	F	1	0	X	X
126110389	56090321	78	F	1	0	X	X
126355805	56092709	28	M	1	0	X	517432368
126355817	56094112	28	M	1	0	X	517423694
126355823	56094084	28	M	1	0	X	517423694
126355824	56094084	8	F	1	2	450097561	X
126355825	56094084	29	F	1	10	X	517423536
126355841	56090491	28	M	1	0	X	517506451
126355842	56090491	8	F	1	2	450088468	X
126355843	56090491	29	F	1	10	X	517506451
126355845	56092013	8	F	1	2	450101788	X
126355846	56092013	29	F	1	10	X	517506451
126355863	56092024	8	F	1	2	450101788	X
126355864	56092024	29	F	1	10	X	517506451
126355872	56088605	8	F	1	2	450093610	X
126711645	56092772	11	M	1	2	450097563	X
126711650	56094627	15	F	1	2	450097562	X
126711651	56094627	17	M	1	2	450097562	517423593
126711670	56092206	15	M	1	2	450091631	X
126716827	56093918	23	F	1	2	X	517423759
126716828	56093918	50	F	1	0	X	517423525
127060166	56093363	73	F	6	0	X	X
127171619	56092591	8	M	1	2	450097561	X
127171622	56092591	30	M	1	0	X	517432368
127171623	56092591	30	F	1	1	X	X
127171640	56092144	4	M	1	2	450094430	X
127171641	56092144	3	M	1	2	450094430	X
127171643	56092144	30	F	1	1	X	X
127386457	56092662	61	F	1	0	X	X
127386460	56093385	65	M	1	1	X	517423593
127386475	56094565	61	F	1	0	X	X
127386476	56094565	65	M	1	1	X	517423694
127529793	56092230	68	F	1	0	X	X
127529822	56089520	69	M	1	1	X	X
127529823	56089520	68	F	1	0	X	X
127733524	56094118	66	F	1	1	X	X
127733533	56092670	68	M	1	0	X	X
127798571	56087816	54	F	1	0	X	X
127798590	56091427	56	M	8	1	X	517341392
127812047	56093587	50	M	1	0	X	X
128386684	56090377	47	F	1	1	X	X
128386685	56090377	11	M	1	2	450093610	X
128386709	56092127	11	M	1	2	450101788	X
128386711	56092618	47	F	1	1	X	X
128386712	56092618	11	M	1	2	450097563	X
128386713	56092618	50	M	1	0	X	517379616
128386723	56090283	47	F	1	1	X	X
128386724	56090283	11	M	1	2	450093610	X
128386725	56090283	50	M	1	0	X	517506300
128386801	56090674	47	F	1	1	X	X
128386802	56090674	11	M	1	2	450101788	X
128398674	56087940	73	M	1	0	X	X
128482875	56089510	10	F	1	2	450101788	X
128482876	56089510	31	F	1	1	X	517507596
128482884	56088118	7	M	1	2	450093610	X
128482885	56088118	10	F	1	2	450093610	X
128482887	56088118	36	M	1	0	X	517507233
128482888	56091131	9	F	1	2	450088468	X
128482894	56088368	7	M	1	2	450093610	X
128482896	56088368	31	F	1	1	X	517507380
128482897	56088368	36	M	1	0	X	517506451
128482913	56087883	9	F	1	2	450093610	X
128482914	56087883	7	M	1	2	450093610	X
128482915	56087883	10	F	1	2	450093610	X
128482916	56087883	31	F	1	1	X	517508296
128482917	56087883	36	M	1	0	X	517507214
128488269	56090900	51	F	1	0	X	517506451
128488270	56090900	2	F	1	5	X	X
128488272	56090900	16	M	1	2	450091631	517506749
128488273	56090900	56	M	1	1	X	517506416
128488299	56092056	51	F	1	0	X	517662850
128488300	56092056	2	F	1	5	X	X
128488302	56092056	16	M	1	2	450091631	517506451
128488409	56090714	51	F	1	0	X	506926702
128488410	56090714	2	F	1	5	X	X
128488435	56090037	2	F	1	5	X	X
128488437	56090037	16	M	1	2	450091631	517506776
128488438	56090037	56	M	1	1	X	517506761
128488449	56093059	51	F	1	0	X	517432368
128488451	56093059	13	M	1	5	450097563	X
128488452	56093059	16	M	1	2	450097562	517432484
128488454	56092487	51	F	1	0	X	517423534
128488504	56094243	51	F	1	0	X	517423536
128488505	56094243	2	F	1	5	X	X
128488506	56094243	13	M	1	5	450097563	X
128488507	56094243	16	M	1	2	450097560	517423669
128488508	56094243	56	M	1	1	X	517423593
128488579	56090497	51	F	1	0	X	517506451
128488583	56090497	56	M	1	1	X	517341032
128488584	56090587	51	F	1	0	X	517506451
128488586	56090587	13	M	1	5	450101788	X
128488589	56090792	51	F	1	0	X	517506451
128488594	56090843	51	F	1	0	X	517506451
128488596	56090843	13	M	1	5	450101788	X
128488597	56090843	16	M	1	2	450091631	517341019
128488598	56090843	56	M	1	1	X	517506451
128488659	56090656	51	F	1	0	X	517506451
128488661	56090656	13	M	1	5	450101788	X
128488663	56090656	56	M	1	1	X	517506451
128488666	56090560	13	M	1	5	450101788	X
128488729	56090853	51	F	1	0	X	517506451
128488730	56090853	2	F	1	5	X	X
128488731	56090853	13	M	1	5	450101788	X
128488732	56090853	16	M	1	2	450091631	517423759
128488759	56093197	51	F	1	0	X	517432283
128488760	56093197	2	F	1	5	X	X
128488763	56093197	56	M	1	1	X	517432478
128488764	56089353	51	F	1	0	X	517506741
128488768	56089353	56	M	1	1	X	517506300
129049427	56089799	53	M	1	0	X	517507431
129049429	56089799	18	M	1	2	450091631	X
129049430	56089799	21	M	1	2	X	517508002
129049436	56088912	48	F	1	1	X	517508426
129049437	56088912	53	M	1	0	X	517507246
129049438	56088912	14	F	1	2	450093610	X
129049439	56088912	18	M	1	2	450091631	X
129049461	56089358	48	F	1	1	X	517507922
129049462	56089358	53	M	1	0	X	517508670
129049481	56090290	48	F	1	1	X	517506451
129049482	56090290	53	M	1	0	X	517508015
129049484	56090290	18	M	1	2	450091631	X
129049485	56090290	21	M	1	2	X	517506451
129112295	56087908	6	F	1	2	450088468	X
129112296	56087908	32	F	1	0	X	517506251
129112311	56094466	32	F	1	0	X	517423669
129112312	56094466	9	F	1	2	450097561	X
129221839	56089909	48	M	1	1	X	517507432
129221840	56089909	48	F	1	0	X	517508414
129221843	56089909	19	M	1	2	X	517508510
129221894	56092232	48	M	1	1	X	517506451
129221897	56092232	16	M	1	2	450091631	517506451
129221898	56092232	19	M	1	2	X	517506451
129221940	56093826	48	F	1	0	X	517423723
129221942	56093826	16	M	1	2	450097560	517423714
129221959	56089841	48	M	1	1	X	517506556
129221960	56089841	48	F	1	0	X	517506741
129221961	56089841	12	M	1	2	450093610	X
129221962	56089841	16	M	1	2	450091631	517506558
129327029	56092856	78	M	1	1	X	X
129327033	56094560	78	M	1	1	X	X
129327044	56090382	72	F	1	0	X	X
129677803	56093615	10	F	1	2	450097563	X
129677910	56094519	7	F	1	2	450097561	X
129677914	56094519	3	F	1	2	X	X
129677987	56093528	35	F	1	1	X	517423669
129677988	56093528	7	F	1	2	450097561	X
129677992	56093528	3	F	1	2	X	X
129677995	56093291	10	F	1	2	450097563	X
129677996	56093291	11	M	1	2	450097563	X
129677998	56093291	3	F	1	2	X	X
129678005	56093515	35	F	1	1	X	517423759
129678007	56093515	10	F	1	2	450097563	X
129678010	56093515	3	F	1	2	X	X
129678018	56094130	7	F	1	2	450097561	X
129678021	56094130	34	M	1	0	X	517423704
129703500	56093324	9	M	1	2	450097563	X
129703501	56093324	37	M	1	0	X	517423842
129703534	56088852	7	M	1	2	450093610	X
129703535	56088852	9	M	1	2	450093610	X
129703536	56088852	37	M	1	0	X	517507220
129703538	56088852	36	F	1	1	X	517508499
129745606	56091099	26	F	1	0	X	X
129745624	56091219	26	F	1	0	X	X
129745625	56091219	2	F	1	2	X	X
129749623	56089367	4	M	8	5	450094430	X
129749624	56089367	25	M	8	2	X	X
129749626	56089486	27	F	8	2	X	X
129749628	56089486	4	M	8	5	450094430	X
129749637	56089669	6	M	8	5	450088468	X
129749638	56089669	4	M	8	5	450094430	X
129824192	56091270	79	M	1	0	X	X
129824198	56091521	79	M	1	0	X	X
130311075	56091773	31	M	1	0	X	517506451
130345797	56091197	1	F	1	2	X	X
130346538	56092435	50	F	1	1	X	517506238
130346539	56092435	43	M	1	0	X	517506332
130346550	56091135	50	F	1	1	X	517506451
130673749	56088664	34	F	1	1	X	517508002
130673750	56088664	39	M	1	0	X	517506668
130673754	56094533	1	M	1	2	X	X
130673755	56094533	34	F	1	1	X	517423822
130673756	56094533	39	M	1	0	X	517423759
131095350	56093004	9	M	1	2	450097561	X
131095351	56093004	6	M	1	2	450097561	X
131095352	56093004	33	M	1	0	X	517432368
131095353	56093004	33	F	1	1	X	517432351
131271633	56090548	60	M	1	1	X	517506451
131271635	56090548	4	M	1	5	450094430	X
131271685	56088850	60	M	1	1	X	517507946
131271686	56088850	58	F	1	0	X	517508563
131314994	56090089	92	F	1	0	X	X
131984839	56089489	61	M	1	0	X	517506451
131984861	56094543	61	M	1	0	X	517423759
132010501	56093586	62	M	1	0	X	517423678
132031808	56093748	28	M	1	6	X	517423536
132031811	56093748	26	F	9	2	X	X
132031812	56093748	51	M	1	0	X	517423730
132031831	56093370	46	F	9	1	X	517423613
132031833	56093370	2	M	9	5	X	X
132031836	56093370	51	M	1	0	X	517423593
132031843	56090535	46	F	9	1	X	517506451
132031844	56090535	28	M	1	6	X	517506451
132031845	56090535	2	M	9	5	X	X
132031846	56090535	5	M	9	5	450088468	X
132031847	56090535	26	F	9	2	X	X
132031969	56090758	46	F	9	1	X	517506451
132031970	56090758	28	M	1	6	X	517339295
132196364	56093103	49	F	1	1	X	517432479
132196365	56093103	51	M	1	0	X	517432368
132203297	56091634	35	M	1	1	X	517507220
132203298	56091634	10	F	1	2	450101788	X
132203319	56088284	31	F	1	0	X	517507665
132203320	56088284	11	M	1	2	X	X
132203321	56088284	13	F	1	2	450093610	X
132203323	56088284	10	F	1	2	450093610	X
132203335	56088436	11	M	1	2	X	X
132203338	56088436	10	F	1	2	450093610	X
132349974	56091410	53	F	1	0	X	X
132349980	56088356	53	F	1	0	X	X
132349983	56094323	54	M	1	1	X	517423536
132349984	56094323	53	F	1	0	X	X
132349988	56092895	53	F	1	0	X	X
132350001	56089640	54	M	1	1	X	517508249
132350002	56089640	53	F	1	0	X	X
132350009	56091977	54	M	1	1	X	517506451
132350010	56091977	53	F	1	0	X	X
132584148	56089740	86	M	1	1	X	517507213
132584156	56094270	86	M	1	1	X	517423597
132698388	56088294	42	F	1	1	X	517506451
132698389	56088294	13	M	1	2	450093610	X
132698397	56093510	13	M	1	2	450097563	X
132698399	56093510	43	M	1	0	X	517423593
132731381	56089051	9	M	1	5	450093610	X
132731382	56089051	48	F	1	0	X	X
132731385	56089715	9	M	1	5	450093610	X
132731394	56093958	48	F	1	0	X	X
132731416	56088724	48	F	1	0	X	X
132767396	56093557	88	F	1	10	X	X
132767397	56093557	87	M	1	0	X	X
132767408	56090170	88	F	1	10	X	X
132809933	56091409	64	F	1	1	X	X
132809934	56091409	70	M	1	0	X	X
132859743	56089587	16	M	1	2	450091631	X
132897084	56093183	64	F	1	0	X	517409570
132897107	56093066	68	M	1	1	X	X
132897108	56093066	64	F	1	0	X	517432368
133423664	56089800	62	F	1	1	X	X
133719383	56093439	34	M	1	0	X	517423759
133719384	56093439	7	F	1	2	450097561	X
133719386	56093439	8	M	1	2	450097561	X
133719395	56094528	34	M	1	0	X	517423536
133719397	56094528	32	F	1	1	X	517423599
133719398	56094528	8	M	1	2	450097561	X
133719406	56093323	8	M	1	2	450097561	X
134186504	56089099	59	M	1	1	X	517508397
134186770	56091622	34	F	1	1	X	517423702
134186790	56093373	34	F	1	1	X	517423617
134186827	56088882	34	M	1	0	X	517506451
134186828	56088882	1	F	1	2	X	X
134186898	56094052	34	F	1	1	X	517423536
134186899	56094052	34	M	1	0	X	517423714
134186900	56094052	1	F	1	2	X	X
134186901	56094052	3	F	1	2	450066968	X
134457542	56090772	30	M	1	7	X	517506451
134628351	56088642	32	M	1	0	X	517506639
134628398	56091361	26	F	1	9	X	517506451
134628399	56091361	32	M	1	0	X	517506473
134628400	56091361	32	M	1	9	X	517506451
134628460	56093979	32	M	1	9	X	517423669
134628518	56090623	26	F	1	9	X	517506451
134628519	56090623	32	M	1	0	X	517506451
134628520	56090623	32	M	1	9	X	517506251
135617791	56092549	28	F	1	0	X	517432368
135700281	56091885	63	M	1	0	X	517506451
135700283	56091885	54	M	1	9	X	517506416
135700299	56093083	63	M	1	0	X	517432341
135700314	56090507	63	M	1	0	X	517506761
135700315	56090507	36	M	1	9	X	506146161
135706451	56088185	69	F	8	1	X	X
135706460	56090066	69	M	1	0	X	X
135706461	56090066	69	F	8	1	X	X
135998917	56094609	24	M	1	1	X	517423694
136147697	56091712	38	M	1	0	X	517506451
136147702	56093997	35	F	1	1	X	517423593
136147710	56092014	35	F	1	1	X	517506451
136147715	56088417	38	M	1	0	X	517506778
136147731	56087923	38	M	1	0	X	517506368
136147732	56087923	35	F	1	1	X	517507449
136147736	56093811	35	F	1	1	X	517423615
136222658	56089114	58	M	1	0	X	517506558
136222663	56094329	15	M	1	2	X	X
136222665	56094329	22	M	1	2	X	517423678
136222666	56094329	58	M	1	0	X	517423643
136222707	56093469	15	M	1	2	X	X
136222709	56093469	22	M	1	2	X	517423704
136222710	56093469	58	M	1	0	X	517423536
136279408	56091899	47	F	1	0	X	517506422
136279409	56091899	52	M	1	1	X	517506451
136279418	56088811	47	F	1	0	X	517507588
136386383	56092765	67	M	1	1	X	517432446
136386384	56092765	65	F	1	0	X	X
136386387	56088079	67	M	1	1	X	517506451
136386388	56088079	65	F	1	0	X	X
136525302	56091134	92	M	1	0	X	X
136543970	56090764	55	F	1	1	X	517506380
136543975	56092369	61	M	1	0	X	517506332
136543976	56092369	55	F	1	1	X	517506386
136543978	56094058	61	M	1	0	X	517423823
136544007	56091919	86	F	1	4	X	X
136544009	56091919	55	F	1	1	X	517506451
136544013	56089418	86	F	1	4	X	X
136544015	56089418	55	F	1	1	X	517508353
136544064	56088141	86	F	1	4	X	X
136544065	56088141	61	M	1	0	X	517506700
136544076	56089500	86	F	1	4	X	X
136544077	56089500	61	M	1	0	X	517508881
136544078	56089500	55	F	1	1	X	517506703
137040062	56092185	52	F	1	0	X	517506451
137040063	56092185	55	M	1	1	X	517506332
137040072	56089103	52	F	1	0	X	517508510
137040073	56089103	55	M	1	1	X	517506451
137107321	56093655	9	F	1	2	450097561	X
137107360	56093731	14	M	1	2	450097563	X
137107391	56094470	9	F	1	2	450097561	X
137279280	56090123	45	M	1	0	X	517508057
137279294	56090424	45	M	1	0	X	517507293
137279295	56090424	36	F	1	1	X	517506451
137876923	56091126	3	M	1	2	X	X
137876925	56091126	8	F	1	2	450088468	X
137876928	56091882	3	M	1	2	X	X
137876929	56091882	6	M	1	2	450088468	X
137876930	56091882	8	F	1	2	450088468	X
137876932	56091334	36	M	1	0	X	517506451
137876934	56091334	6	M	1	2	450088468	X
137876935	56091334	8	F	1	2	450088468	X
137876947	56090054	36	M	1	0	X	517507582
137876949	56090054	6	M	1	2	450088468	X
137876960	56091137	8	F	1	2	450101788	X
138396438	56092349	53	M	1	1	X	517506451
138396444	56088486	53	M	1	1	X	517506451
138396496	56090049	53	M	1	1	X	517506451
138396497	56090049	52	F	1	0	X	517508426
138396526	56089440	53	M	1	1	X	517506246
138396527	56089440	52	F	1	0	X	517506451
138396544	56090809	53	M	1	1	X	517506451
138520801	56090186	24	M	1	0	X	517506300
138520842	56090493	22	M	1	8	X	517506451
138520843	56090493	25	F	1	8	X	517506451
138520844	56090493	23	M	1	8	X	517506629
138520845	56090493	24	M	1	0	X	517506567
138520871	56089450	25	F	1	8	X	517508867
138520874	56089254	22	M	1	8	X	517506451
138520875	56089254	25	F	1	8	X	506983892
138520876	56089254	23	M	1	8	X	517507180
138619179	56094258	84	F	1	0	X	X
138625854	56090577	75	F	1	0	X	X
138625855	56089012	75	F	1	0	X	X
138826747	56088866	74	F	1	0	X	X
138826765	56091897	74	F	1	0	X	X
138826771	56092648	74	F	1	0	X	X
138876616	56091904	61	F	1	1	X	517506451
138876620	56091306	61	F	1	1	X	517506451
139040595	56091884	54	F	1	1	X	X
139040596	56091884	52	M	1	0	X	517506422
139040607	56089629	54	F	1	1	X	X
139040608	56089629	52	M	1	0	X	517508179
139040611	56088924	54	F	1	1	X	X
139040612	56088924	52	M	1	0	X	517506712
139196328	56090817	52	F	1	1	X	X
139196329	56090817	9	F	1	2	450066968	X
139196333	56090911	53	M	1	0	X	517506451
139196352	56088321	52	F	1	1	X	X
139196353	56088321	9	F	1	2	450066968	X
139289036	56089463	68	M	1	1	X	X
139289037	56088759	62	F	1	0	X	X
139289038	56088759	68	M	1	1	X	X
139289051	56089311	62	F	1	0	X	X
139289052	56089311	68	M	1	1	X	X
139289086	56088589	68	M	1	1	X	X
139729223	56088063	30	M	1	0	X	517507439
139729238	56094044	30	M	1	0	X	517423528
139764794	56089818	7	F	1	2	450093610	X
139764795	56089818	4	M	1	2	450094430	X
139764797	56089818	26	M	1	0	X	517506297
139857496	56089893	59	M	1	0	X	517508242
139857501	56088059	52	F	1	1	X	517506674
139857527	56094625	52	F	1	1	X	517423648
139857528	56094625	59	M	1	0	X	517423754
139928627	56094205	51	F	1	0	X	517423579
139928651	56093948	51	F	1	0	X	517423536
139975720	56089805	40	M	1	1	X	510787438
139975722	56089805	28	F	1	0	X	517507219
139975747	56089871	40	M	1	1	X	517507236
139975748	56089871	1	M	1	2	X	X
140010054	56092500	67	F	1	0	X	X
140319132	56090716	54	F	1	0	X	517506451
140351628	56091539	2	M	1	2	X	X
140367557	56090537	83	F	1	0	X	X
140402605	56092160	9	M	1	2	450101788	X
140402606	56092160	10	F	1	2	450101788	X
140402607	56092160	31	F	1	1	X	517506451
140402608	56092160	43	M	1	0	X	517506451
140402618	56092520	10	F	1	2	450091630	X
140402620	56092520	43	M	1	0	X	517432368
140402625	56091651	9	M	1	2	450088468	X
140402626	56091651	10	F	1	2	450088468	X
140402627	56091651	31	F	1	1	X	517506451
140402628	56091651	43	M	1	0	X	517506457
140402645	56088310	9	M	1	2	450093610	X
140402646	56088310	10	F	1	2	450093610	X
140402648	56088310	43	M	1	0	X	517508675
140437335	56092955	20	F	1	0	X	517432368
140437336	56092955	27	M	1	10	X	506643679
140437345	56089618	20	F	1	0	X	517506451
140437346	56089618	27	M	1	10	X	517507420
140437355	56089487	20	F	1	0	X	517507901
140437384	56093843	27	M	1	10	X	517423645
140563230	56087941	64	M	1	1	X	510785473
140888841	56091010	52	M	1	0	X	517506381
140888842	56091010	54	F	1	1	X	X
141497481	56094457	77	M	1	1	X	X
141497520	56093105	72	F	1	0	X	X
141497522	56090863	72	F	1	0	X	X
141497539	56088107	77	M	1	1	X	X
141497543	56094152	77	M	1	1	X	X
141924258	56093787	58	M	1	0	X	517423525
142266309	56093798	57	M	1	0	X	517423599
142266310	56093798	60	F	1	1	X	517423714
142266317	56091788	57	M	1	0	X	517506451
142266318	56091788	60	F	1	1	X	517506467
142266327	56091540	57	M	1	0	X	517506332
142353835	56093541	84	M	1	0	X	X
142353840	56088481	84	M	1	0	X	X
142353841	56089913	84	M	1	0	X	X
142353862	56093192	84	M	1	0	X	X
142353867	56093351	84	M	1	0	X	X
142359869	56093894	26	F	1	0	X	X
142359870	56093894	1	M	1	2	X	X
142359871	56093894	3	M	1	2	X	X
142359872	56093894	30	M	1	1	X	517423532
142359899	56092186	3	M	1	2	X	X
142359905	56090570	26	F	1	0	X	X
142359906	56090570	1	M	1	2	X	X
142359907	56090570	3	M	1	2	X	X
142359908	56090570	30	M	1	1	X	517506422
142587171	56089790	62	F	1	1	X	X
142664643	56090827	46	M	1	0	X	517506451
142664644	56090827	48	F	1	1	X	517506676
142664658	56089636	46	M	1	0	X	517506451
142664669	56088506	9	M	1	2	450093610	X
142664670	56088506	46	M	1	0	X	517506715
142664672	56093005	9	M	1	2	450097561	X
142664673	56093005	46	M	1	0	X	517432368
142985810	56087910	60	M	1	10	X	X
143302843	56094596	55	M	1	0	X	517506693
143302844	56094596	53	F	1	1	X	517423536
143302862	56091681	53	F	1	1	X	517506238
143302865	56087906	55	M	1	0	X	517507220
143836070	56094149	24	M	1	1	X	517423821
143836071	56094046	25	F	1	0	X	517423593
143836072	56094046	24	M	1	1	X	517423593
143867879	56091499	1	M	1	2	X	X
143867880	56091499	20	F	1	0	X	X
143867881	56093706	1	M	1	2	X	X
143867882	56093706	20	F	1	0	X	X
144014297	56088744	60	M	1	0	X	517507696
144014316	56090747	59	F	1	1	X	517506556
144014325	56094127	60	M	1	0	X	517423536
144014326	56094127	59	F	1	1	X	517423593
144014327	56088076	60	M	1	0	X	517506451
144014328	56088076	59	F	1	1	X	517507195
144017989	56090110	76	F	1	0	X	X
144017993	56094481	76	F	1	0	X	X
144018010	56089544	76	F	1	0	X	X
144451561	56092364	34	M	1	3	X	517506451
144451562	56092364	28	M	1	9	X	517506451
144451563	56092364	29	M	1	0	X	517379614
144451572	56088014	29	M	1	0	X	517506718
144451582	56088760	34	M	1	3	X	517508059
144451612	56091244	34	M	1	3	X	517506451
144451613	56091244	28	M	1	9	X	517506218
144451634	56093900	28	M	1	9	X	517423669
144451643	56094624	28	M	1	9	X	517423812
144451644	56094624	29	M	1	0	X	517423775
144451652	56091425	28	M	1	9	X	517506471
144533104	56089368	26	F	1	8	X	517508275
144533105	56089368	27	M	1	8	X	517506451
144533106	56089368	44	F	1	8	X	517508867
144533107	56089368	23	F	1	0	X	517508364
144533130	56090726	44	F	1	8	X	517506451
144533192	56089439	26	F	1	8	X	517507220
144533194	56089439	44	F	1	8	X	517508869
144533195	56089439	23	F	1	0	X	517506676
144533208	56093988	26	F	1	8	X	517423529
144594119	56092395	80	F	1	0	X	517506451
144594121	56092395	58	M	1	2	X	517506451
144594134	56089512	80	F	1	0	X	517506451
144594138	56092196	52	F	1	6	X	517506451
144594140	56092196	26	F	1	5	X	517506451
144594142	56092196	19	M	1	5	X	517506451
144594148	56092200	52	F	1	6	X	517506332
144594152	56092200	19	M	1	5	X	517506451
144594162	56088065	19	M	1	5	X	517506451
144594173	56088091	52	F	1	6	X	517507220
144594176	56088091	58	M	1	2	X	517507431
144594177	56088091	19	M	1	5	X	517506457
144594184	56090951	80	F	1	0	X	517506451
144594185	56090951	26	F	1	5	X	517506451
144594186	56090951	58	M	1	2	X	517506451
144594187	56090951	19	M	1	5	X	517506451
144767043	56088569	83	M	1	0	X	X
144767047	56094455	83	M	1	0	X	X
144767053	56093666	83	M	1	0	X	X
144767054	56093666	82	F	1	1	X	X
144767059	56090105	83	M	1	0	X	X
145221454	56092713	42	F	1	0	X	517432369
145455986	56091545	60	M	1	0	X	X
145455987	56091545	50	F	1	1	X	X
145829939	56091066	60	F	1	1	X	517506451
145829950	56091394	65	M	1	0	X	X
146450246	56090676	84	F	1	1	X	X
146450249	56091472	92	M	1	0	X	X
146450250	56091472	84	F	1	1	X	X
146513787	56091913	63	M	1	0	X	X
146513788	56091913	53	F	1	1	X	X
146513791	56094308	63	M	1	0	X	X
146513792	56094308	53	F	1	1	X	X
146513804	56093077	53	F	1	1	X	X
146513806	56092136	53	F	1	1	X	X
146663273	56088975	46	M	1	0	X	517507203
146663281	56092685	46	M	1	0	X	517432299
146663291	56088447	46	M	1	0	X	517506451
146667964	56094070	5	F	1	2	450097561	X
146667965	56094070	1	F	1	2	X	X
146667976	56093774	5	F	1	2	450097561	X
146667977	56093774	1	F	1	2	X	X
146684474	56090593	45	M	1	0	X	517506396
146684477	56090593	39	F	1	6	X	517508260
146684479	56090593	39	F	1	1	X	X
146684528	56092603	45	M	1	0	X	517432337
146684531	56092603	39	F	1	6	X	517432368
146684533	56092603	39	F	1	1	X	X
146921420	56091213	4	F	1	12	X	X
146921421	56091213	10	M	1	12	450101788	X
146921423	56091213	17	M	1	2	450091631	517506451
146921425	56091213	43	M	1	0	X	517506451
146921428	56091213	16	F	1	2	450091631	517506256
146921476	56091108	19	F	1	12	X	517506451
146921477	56091108	17	M	1	2	450091631	506926702
146921478	56091108	19	M	1	2	X	517506451
146921479	56091108	43	M	1	0	X	517506451
146921480	56091108	8	M	1	12	450088468	X
146921482	56091108	16	F	1	2	450091631	517506264
146921484	56088860	10	M	1	12	450093610	X
146921486	56088860	17	M	1	2	450091631	517507370
146921489	56088860	8	M	1	12	450093610	X
147112825	56092123	60	F	1	0	X	X
147187082	56092224	7	F	1	2	450101788	X
147187083	56092224	64	M	1	4	X	X
147187085	56092224	10	M	1	2	450101788	X
147187087	56092224	14	M	1	2	450101788	X
147187091	56092461	64	M	1	4	X	X
147187093	56092461	10	M	1	2	450101788	X
147187094	56092461	12	M	1	2	450101788	X
147187095	56092461	14	M	1	2	450101788	X
147187096	56092461	38	M	1	1	X	517506451
147187097	56092461	37	F	1	0	X	517506451
147187099	56091062	64	M	1	4	X	X
147187104	56091062	38	M	1	1	X	517507985
147372772	56091087	1	F	1	2	X	X
147372773	56091087	39	M	1	1	X	517506451
147372789	56087998	36	F	1	0	X	517506864
147686687	56094244	62	F	1	1	X	517423643
147686688	56094244	51	M	1	0	X	517423759
147686697	56091950	62	F	1	1	X	517506451
147686698	56091950	51	M	1	0	X	517506409
147807463	56093713	26	M	1	0	X	517423759
147807499	56091943	26	M	1	0	X	517506451
147807509	56092269	26	M	1	0	X	517506451
147807510	56092269	25	F	1	1	X	517506762
147807521	56089690	26	M	1	0	X	517508002
147807522	56089690	25	F	1	1	X	517506684
147807533	56091932	26	M	1	0	X	517506451
147807534	56091932	25	F	1	1	X	517423714
147807537	56094038	26	M	1	0	X	517423525
147807567	56090264	26	M	1	0	X	517507219
147807568	56090264	25	F	1	1	X	517506693
147905129	56091783	49	M	1	1	X	517506451
147905133	56087956	49	M	1	1	X	517506451
147905134	56087956	45	F	1	0	X	517508592
147905177	56089055	49	M	1	1	X	517506395
147905193	56092982	49	M	1	1	X	517432302
147905194	56092982	45	F	1	0	X	517432352
147946150	56091507	8	M	1	2	450088468	X
147946151	56091507	5	M	1	2	450088468	X
147946169	56089257	30	F	1	0	X	517508012
147946170	56089257	8	M	1	2	450088468	X
147946171	56089257	5	M	1	2	450088468	X
148235864	56093021	47	F	1	0	X	517423678
148518671	56089338	72	M	1	0	X	X
148791817	56090604	55	F	1	1	X	517506451
148846125	56090396	51	F	1	0	X	517506451
148846126	56090396	73	F	1	4	X	517506238
149546031	56092657	10	M	1	2	450097563	X
149546032	56092657	16	M	1	12	450097560	X
149546033	56092657	36	F	1	0	X	517432368
149546061	56091508	10	M	1	2	450101788	X
149546062	56091508	16	M	1	12	450091631	X
149546065	56091508	3	F	1	2	X	X
149546069	56089215	35	M	1	1	X	517506668
149546121	56089886	10	M	1	2	450093610	X
149546123	56089886	36	F	1	0	X	517506771
149546124	56089886	35	M	1	1	X	517507230
149546141	56089447	10	M	1	2	450093610	X
149546177	56094115	16	M	1	12	450097560	X
149546178	56094115	36	F	1	0	X	517423678
149546188	56091305	36	F	1	0	X	517506238
149546189	56091305	35	M	1	1	X	517506232
149546190	56091305	3	F	1	2	X	X
149546191	56089833	10	M	1	2	450093610	X
149568317	56093617	43	F	1	0	X	517423714
149597187	56091469	44	M	1	10	X	517506451
149758285	56092184	57	M	1	0	X	517506288
149758299	56089698	57	M	1	0	X	517508569
149863986	56089073	60	M	1	1	X	517662865
149863987	56089073	57	F	1	0	X	X
149863996	56089083	60	M	1	1	X	517507203
149864020	56089177	60	M	1	1	X	517508405
149864029	56092068	57	F	1	0	X	X
149950071	56092386	47	M	1	0	X	517506451
150023818	56089971	33	F	1	2	X	X
150023827	56092007	61	M	1	0	X	X
150023830	56093011	33	F	1	2	X	X
150023831	56093011	61	M	1	0	X	X
150211705	56090815	52	M	1	0	X	517506451
150756479	56089094	27	F	1	10	X	X
150756480	56089094	20	M	1	0	X	X
150797974	56094366	16	M	1	2	X	X
150797975	56094366	17	F	1	2	450097562	517423727
150797998	56092610	16	M	1	2	X	X
150797999	56092610	17	F	1	2	450097560	517432484
150798016	56093045	16	M	1	2	X	X
150798034	56093675	16	M	1	2	X	X
150798039	56088646	46	F	1	0	X	517507220
150798070	56089975	16	M	1	2	X	X
150798085	56088625	16	M	1	2	X	X
150798086	56088625	17	F	1	2	450091631	517506451
150798102	56089086	46	F	1	0	X	517507592
150798104	56089086	17	F	1	2	450091631	517508116
150798124	56089754	16	M	1	2	X	X
150798130	56094337	16	M	1	2	X	X
150798131	56094337	17	F	1	2	450097562	517423694
150798142	56094485	16	M	1	2	X	X
150798143	56094485	17	F	1	2	450097560	517423839
150798144	56088395	46	F	1	0	X	517507220
150798145	56088395	16	M	1	2	X	X
150798146	56088395	17	F	1	2	450091631	517507580
150798173	56090551	17	F	1	2	450091631	517506451
150798199	56091324	16	M	1	2	X	X
150798200	56091324	17	F	1	2	450091631	517506451
150798266	56089168	17	F	1	2	450091631	517507958
150798273	56090277	46	F	1	0	X	517508358
150798274	56090277	16	M	1	2	X	X
150798275	56090277	17	F	1	2	450091631	517507967
150798283	56089597	16	M	1	2	X	X
150798284	56089597	17	F	1	2	450091631	517506685
150833742	56089316	24	F	1	0	X	517508059
150833792	56091911	29	M	1	1	X	517506451
150833793	56091911	24	F	1	0	X	517423669
150833794	56091911	30	M	1	9	X	517506234
150853496	56093031	11	F	9	5	450097563	X
150853498	56093031	60	M	9	1	X	X
150854049	56094209	56	F	1	0	X	517423593
150894324	56089379	7	F	1	2	450093610	X
150894326	56089379	42	F	1	0	X	517507309
150894327	56089379	15	M	1	2	450091631	X
150894328	56088930	17	F	1	2	450091631	517506451
150894329	56088930	9	F	1	2	450093610	X
150894332	56088930	42	F	1	0	X	517507431
150894353	56091265	9	F	1	2	450088468	X
150894354	56091265	7	F	1	2	450088468	X
150894356	56091265	42	F	1	0	X	517341915
150894467	56091321	9	F	1	2	450088468	X
150894468	56091321	7	F	1	2	450088468	X
150894469	56091321	11	F	1	2	450101788	X
150894470	56091321	42	F	1	0	X	517506451
150894520	56088520	17	F	1	2	450097562	517506451
150894521	56088520	9	F	1	2	450093610	X
150894523	56088520	11	F	1	2	450093610	X
150894526	56091633	17	F	1	2	450091631	517506380
150894527	56091633	9	F	1	2	450088468	X
150894530	56091633	42	F	1	0	X	517506238
150894551	56088428	9	F	1	2	450093610	X
150894553	56088428	11	F	1	2	450093610	X
150894554	56088428	42	F	1	0	X	517508830
150894574	56088817	17	F	1	2	450097562	517507179
150894577	56088817	11	F	1	2	450093610	X
150894578	56088817	42	F	1	0	X	517506668
150894670	56090100	17	F	1	2	450097562	517506741
150894671	56090100	9	F	1	2	450093610	X
150894674	56090100	42	F	1	0	X	517506693
150894687	56090618	15	M	1	2	450097562	X
150894700	56093600	17	F	1	2	450097562	517423593
150894703	56093600	11	F	1	2	450097563	X
150894705	56093600	15	M	1	2	450097562	X
150894708	56089162	7	F	1	2	450093610	X
150894709	56089162	11	F	1	2	450093610	X
150894710	56089162	42	F	1	0	X	517506741
150894725	56088585	9	F	1	2	450093610	X
150894728	56088585	42	F	1	0	X	517507220
150894729	56088585	15	M	1	2	450097562	X
150894766	56088862	17	F	1	2	450097562	517508358
150894767	56088862	9	F	1	2	450093610	X
150894771	56088862	15	M	1	2	450097562	X
150926302	56088630	39	F	1	0	X	X
150926303	56088630	47	M	1	1	X	517506345
150926323	56093994	39	F	1	0	X	X
150926324	56093994	47	M	1	1	X	517423597
150926341	56091272	39	F	1	0	X	X
150926342	56091272	47	M	1	1	X	517506451
150926343	56091272	11	F	1	2	450101788	X
150926354	56092146	47	M	1	1	X	517506451
150926359	56092223	39	F	1	0	X	X
150926362	56088366	39	F	1	0	X	X
150926365	56091437	39	F	1	0	X	X
150926366	56091437	47	M	1	1	X	517506451
150926383	56089100	39	F	1	0	X	X
150926384	56089100	47	M	1	1	X	517506741
150956654	56089540	55	M	1	0	X	517506380
151061029	56091997	4	F	1	2	X	X
151061038	56092198	5	F	1	2	450066968	X
151061039	56092198	4	F	1	2	X	X
151061041	56091770	29	M	1	0	X	517506380
151061044	56091770	4	F	1	2	X	X
151061045	56091770	1	F	1	2	X	X
151061065	56091486	1	F	1	2	X	X
151413732	56093877	22	M	1	10	X	517423536
151413733	56093877	22	F	1	0	X	517423694
151495131	56087989	14	F	1	2	450093610	X
151495132	56087989	20	F	1	2	X	517662850
151495141	56088809	43	F	1	0	X	517508499
151495143	56088809	14	F	1	2	450093610	X
151495147	56088418	14	F	1	2	450093610	X
151495148	56088418	20	F	1	2	X	517508179
151495198	56089863	1	F	1	5	X	X
151495200	56089863	20	F	1	2	X	517506417
151495205	56092509	43	F	1	0	X	517432342
151495208	56092509	20	F	1	2	X	517432365
151495257	56089821	43	F	1	0	X	517506741
151495259	56089821	14	F	1	2	450093610	X
151495262	56089562	1	F	1	5	X	X
151495263	56089562	14	F	1	2	450093610	X
151495269	56090045	43	F	1	0	X	517508293
151495271	56090045	14	F	1	2	450093610	X
151495274	56088746	1	F	1	5	X	X
151495275	56088746	14	F	1	2	450093610	X
151495276	56088746	20	F	1	2	X	517506451
151495309	56092628	43	F	1	0	X	517423723
151495310	56092628	1	F	1	5	X	X
151495325	56088977	43	F	1	0	X	517507582
151495328	56088977	20	F	1	2	X	517507435
151495329	56088668	43	F	1	0	X	517508380
151495330	56088668	1	F	1	5	X	X
151495331	56088668	14	F	1	2	450093610	X
151495332	56088668	20	F	1	2	X	517508499
151495339	56094037	14	F	1	2	450097563	X
151495389	56088842	43	F	1	0	X	517506661
151495390	56088842	1	F	1	5	X	X
151495401	56089034	43	F	1	0	X	517663282
151495403	56089034	14	F	1	2	450093610	X
151495425	56088511	43	F	1	0	X	517506652
151495427	56088511	14	F	1	2	450093610	X
151495428	56088511	20	F	1	2	X	517506560
151495429	56088767	43	F	1	0	X	517507582
151495444	56088874	20	F	1	2	X	517506866
151495461	56094356	43	F	1	0	X	517423759
151495463	56094356	14	F	1	2	450097563	X
151495468	56088640	20	F	1	2	X	517506661
151495481	56088822	43	F	1	0	X	517507212
151495483	56088822	14	F	1	2	450093610	X
151495484	56088822	20	F	1	2	X	517508865
151631777	56090872	0	F	1	2	X	X
151631778	56090872	1	F	1	2	X	X
151631779	56090872	26	M	1	0	X	517506480
151631801	56092265	0	F	1	2	X	X
151631802	56092265	1	F	1	2	X	X
151631803	56092265	26	M	1	0	X	517506301
151631804	56092265	21	F	1	1	X	X
151631819	56092824	26	M	1	0	X	517432352
151631820	56092824	21	F	1	1	X	X
151631845	56092317	0	F	1	2	X	X
151631847	56092317	26	M	1	0	X	517506457
151631849	56091800	0	F	1	2	X	X
151631852	56091800	21	F	1	1	X	X
151631865	56092463	0	F	1	2	X	X
151631883	56090313	26	M	1	0	X	517506733
151898953	56093612	8	M	1	2	450097561	X
151898954	56093612	39	M	1	1	X	517423693
152022093	56089554	72	F	1	0	X	517507470
152369694	56091752	23	F	1	1	X	517506451
152791392	56094579	35	M	1	10	X	517423568
152791393	56094579	25	F	1	0	X	517423723
152791404	56091111	35	M	1	10	X	517506451
152791405	56091111	25	F	1	0	X	517506446
152791406	56091111	3	M	1	2	450094430	X
152791422	56089357	35	M	1	10	X	517506451
152791423	56089357	25	F	1	0	X	517506451
152796376	56087873	81	F	1	0	X	X
153114661	56089518	52	M	8	0	X	517506710
153411415	56093886	57	F	1	1	X	X
153411452	56089499	58	M	1	0	X	517506451
153411453	56089499	57	F	1	1	X	X
153693759	56088352	23	M	1	2	X	517507324
153693761	56088937	23	M	1	2	X	517507436
153693762	56088937	50	F	1	0	X	517506722
153693792	56092017	50	F	1	0	X	517506451
153693797	56093090	23	M	1	2	X	517432477
153693820	56089126	50	F	1	0	X	517508009
153768655	56092994	24	F	1	0	X	X
153768656	56092994	24	M	1	1	X	517432297
153900968	56090682	70	F	1	0	X	506926910
154292728	56089852	67	F	1	1	X	X
154825247	56092514	63	M	1	0	X	X
154910507	56094307	36	F	1	1	X	517423723
154910571	56087929	36	F	1	1	X	517506451
155067384	56094116	9	F	1	2	450097561	X
155067385	56094116	52	F	1	1	X	517423589
155701638	56093361	68	M	1	0	X	X
155701639	56093361	65	F	1	1	X	X
155973568	56091983	79	F	1	1	X	X
155973570	56089052	79	F	1	1	X	X
155973571	56088295	73	M	1	0	X	517506451
155973572	56088295	79	F	1	1	X	X
155973587	56093212	73	M	1	0	X	517432344
155973597	56090998	73	M	1	0	X	517339295
155973603	56092716	73	M	1	0	X	517432368
155973604	56092716	79	F	1	1	X	X
155973620	56094641	79	F	1	1	X	X
155973646	56090172	79	F	1	1	X	X
156258734	56090869	57	F	1	0	X	517506451
156359867	56091784	60	F	1	1	X	517506310
156359868	56091784	60	M	1	0	X	517506451
156359925	56092841	60	F	1	1	X	517432477
156753477	56094508	42	F	1	0	X	517423723
156753495	56094139	42	F	1	0	X	517423536
156753496	56094139	44	M	1	1	X	517423628
156835585	56087829	63	F	1	1	X	X
156835598	56092923	72	M	1	0	X	517432482
156870679	56088757	47	F	1	1	X	X
156870680	56088757	50	M	1	0	X	X
156931748	56092180	66	F	1	0	X	X
156931749	56091766	66	F	1	0	X	X
156931754	56089391	66	F	1	0	X	X
157145121	56088996	26	M	1	0	X	517506556
157145122	56088996	24	F	1	1	X	517507810
157271674	56090914	24	M	1	3	X	517506451
157271690	56090033	30	M	1	8	X	517508788
157271691	56090033	21	M	1	0	X	517506451
157389626	56091399	15	F	1	2	450097562	X
157389627	56091399	43	F	1	1	X	517506300
157389629	56091399	9	F	1	2	450088468	X
157389674	56093482	15	F	1	2	450097562	X
157389675	56093482	43	F	1	1	X	517423591
157389676	56093482	37	M	1	0	X	517423759
157389677	56093482	9	F	1	2	450097561	X
157389687	56091569	43	F	1	1	X	517506451
157389689	56091569	9	F	1	2	450088468	X
157395769	56093444	60	F	1	0	X	X
157395781	56094137	60	F	1	0	X	X
157431430	56092403	72	M	1	1	X	X
157578355	56090087	44	M	1	0	X	517506451
157578359	56093456	44	M	1	0	X	517423536
157601307	56089360	53	M	1	0	X	517508575
157968080	56090878	50	F	1	2	X	517506451
157968108	56092370	84	M	1	0	X	X
157968109	56092370	26	M	1	5	X	517506451
157968110	56092370	50	F	1	2	X	517506451
157968140	56090883	50	F	1	2	X	517506451
157968144	56090515	84	M	1	0	X	X
157968145	56090515	26	M	1	5	X	517506451
157968146	56090515	50	F	1	2	X	517506451
158280565	56092561	71	F	1	0	X	X
158280566	56091228	71	F	1	0	X	X
158280569	56092437	71	F	1	0	X	X
158280572	56090338	71	F	1	0	X	X
158306362	56094617	32	M	8	1	X	517423723
158306363	56094617	36	F	1	0	X	517423759
158306367	56088933	36	F	1	0	X	517506730
158306370	56094186	32	M	8	1	X	517423822
158306379	56088925	36	F	1	0	X	517506713
158306392	56091149	32	M	8	1	X	517506286
158306393	56091149	36	F	1	0	X	517506451
158429225	56090729	50	M	1	0	X	517506451
158429229	56089652	50	M	1	0	X	517507220
158429240	56089389	50	M	1	0	X	517508206
158825624	56091192	38	M	1	0	X	517506451
158825639	56093410	42	F	1	1	X	X
158825641	56093410	15	M	1	2	450097562	X
158882534	56094219	17	M	1	2	450063600	517423536
158882535	56094219	39	F	1	0	X	517423759
158882544	56088527	39	F	1	0	X	517506451
158882545	56088527	54	M	1	1	X	517507250
159293690	56087919	31	F	1	0	X	517506451
159293699	56089621	31	F	1	0	X	517507203
159293710	56091799	31	F	1	0	X	517506451
159322247	56090167	67	F	1	0	X	X
159453518	56093574	56	M	1	0	X	517423694
159453520	56091924	56	M	1	0	X	517506451
159453521	56091924	69	F	1	1	X	X
159453522	56090912	56	M	1	0	X	517506451
159453523	56090912	69	F	1	1	X	X
159453524	56093559	56	M	1	0	X	517423621
159453525	56093559	69	F	1	1	X	X
159453531	56089169	69	F	1	1	X	X
159461622	56090336	53	M	1	0	X	517507479
159461628	56093964	53	M	1	0	X	517423593
159461641	56091786	53	M	1	0	X	517506451
159461675	56091221	53	M	1	0	X	517423616
159562330	56090043	54	M	1	0	X	517508766
159683229	56088312	18	F	1	2	450097562	X
159683230	56088312	57	M	1	0	X	517506693
159683237	56090894	18	F	1	2	450097562	X
159683258	56091004	57	M	1	0	X	517506335
159683263	56094053	18	F	1	2	450097562	X
159683264	56094053	57	M	1	0	X	517423759
159748796	56093339	65	F	1	0	X	517423593
160131384	56093561	64	M	1	0	X	517423694
160131391	56091988	61	F	1	1	X	X
160131394	56091365	64	M	1	0	X	517506697
160203991	56088446	60	M	1	0	X	X
160284857	56093065	68	M	9	0	X	X
160284879	56092683	29	M	9	2	X	517432351
160284885	56089785	29	M	9	2	X	517507463
160284892	56092891	5	F	9	5	450097561	X
160284893	56092891	68	M	9	0	X	X
160321980	56088596	53	M	1	1	X	517506556
160321997	56089060	49	F	1	0	X	517506741
160442647	56091990	25	M	1	10	X	X
160550348	56093101	10	F	1	5	450097563	X
160550351	56090477	10	F	1	5	450093610	X
160791412	56089582	17	F	1	2	450097562	517508110
160791414	56089582	15	M	1	2	450097562	X
160791423	56094218	52	M	1	1	X	517415572
160935307	56094327	5	M	9	2	X	X
160935334	56091861	49	F	1	0	X	517506451
161312757	56088463	12	M	1	2	450093610	X
161312758	56088463	8	M	1	2	450093610	X
161312759	56088463	33	M	1	1	X	517508203
161312810	56091147	8	M	1	2	450088468	X
161312811	56091147	33	M	1	1	X	517339295
161312876	56088949	37	F	1	0	X	517508864
161312877	56088475	12	M	1	2	450093610	X
161312878	56088475	8	M	1	2	450093610	X
161312879	56088475	33	M	1	1	X	517506700
161312880	56088475	37	F	1	0	X	517508739
161356841	56094003	27	F	1	10	X	517423643
161356865	56093472	27	F	1	10	X	517423593
161356874	56087968	35	M	1	0	X	517508767
161376932	56091682	66	F	1	1	X	X
161376933	56091682	64	M	1	0	X	X
161460301	56093711	83	M	1	0	X	X
161606178	56094155	50	M	1	0	X	517423593
161606202	56090373	50	M	1	0	X	517506877
161652086	56090600	8	M	1	2	450088468	X
161652087	56090600	34	M	1	1	X	517506451
161703285	56093188	64	M	1	0	X	517432305
161922044	56093500	81	F	1	0	X	X
161922045	56093500	82	M	1	1	X	X
161922049	56088220	82	M	1	1	X	X
161922077	56089788	82	M	1	1	X	X
161922078	56087994	81	F	1	0	X	X
161947369	56093606	49	M	1	1	X	517423822
161947441	56088364	49	M	1	1	X	517507179
161947442	56088364	13	M	1	2	450093610	X
161947444	56088364	47	F	1	0	X	517506664
162106956	56090891	57	M	1	0	X	517506451
162106965	56093337	62	F	1	1	X	517423723
162106992	56089423	57	M	1	0	X	517662879
162106993	56089423	62	F	1	1	X	517507433
162107000	56089355	57	M	1	0	X	517507236
162107001	56089355	62	F	1	1	X	517506451
162110556	56087809	67	M	1	0	X	X
162110557	56087809	61	F	1	3	X	X
162110587	56092852	61	F	1	3	X	X
162110588	56092852	47	F	1	9	X	X
162110592	56093708	67	M	1	0	X	X
162110625	56091096	67	M	1	0	X	X
162110627	56091096	47	F	1	9	X	X
162110631	56092411	67	M	1	0	X	X
162110633	56092411	47	F	1	9	X	X
162110646	56092966	67	M	1	0	X	X
162110647	56092966	61	F	1	3	X	X
162110648	56092966	47	F	1	9	X	X
162110649	56092387	67	M	1	0	X	X
162110650	56092387	61	F	1	3	X	X
162110682	56090558	67	M	1	0	X	X
162110683	56090558	61	F	1	3	X	X
162110684	56090558	47	F	1	9	X	X
162110703	56088230	67	M	1	0	X	X
162110704	56088230	61	F	1	3	X	X
162110705	56088230	47	F	1	9	X	X
162120109	56092367	51	M	1	0	X	517506451
162120118	56092834	51	M	1	0	X	517432305
162304538	56089267	13	M	1	2	450093610	X
162304539	56089267	48	F	1	0	X	517506451
162304542	56088503	48	F	1	0	X	517662795
162307469	56087824	64	F	1	1	X	517506380
162320037	56093110	58	F	1	0	X	517423624
162320041	56090266	58	F	1	0	X	517506741
162320042	56090266	39	M	1	10	X	517507410
162569614	56089144	67	F	1	0	X	X
162750344	56088097	67	M	1	0	X	X
162868834	56091343	63	M	1	1	X	517506406
162868835	56091343	67	F	1	0	X	X
162868842	56090137	63	M	1	1	X	517508875
162868843	56090137	67	F	1	0	X	X
163140759	56094484	58	F	1	0	X	517423714
163140760	56094484	63	M	1	1	X	517423700
163140770	56088324	63	M	1	1	X	517508179
163140782	56091376	63	M	1	1	X	517506451
163154775	56093882	16	F	9	2	450097560	517423759
163154779	56093882	32	M	1	9	X	517423680
163154856	56091567	39	F	1	0	X	517506451
163154857	56091567	6	M	1	2	450088468	X
163154858	56091567	1	F	1	2	X	X
163154887	56088357	6	M	1	2	450093610	X
163154889	56088357	32	M	1	9	X	517508262
163154911	56088075	39	F	1	0	X	517507432
163154912	56088075	6	M	1	2	450093610	X
163154990	56094427	16	F	9	2	450097562	517423759
163154992	56094427	6	M	1	2	450097561	X
163154994	56094427	32	M	1	9	X	517423609
163155007	56093497	6	M	1	2	450097561	X
163338826	56092132	66	M	1	0	X	X
163338830	56094277	66	M	1	0	X	X
163479882	56090319	66	F	1	0	X	X
163479883	56093535	66	F	1	0	X	X
163550989	56092492	35	F	1	0	X	517423624
163550992	56092492	13	F	1	2	450091631	X
163550999	56090195	35	M	1	1	X	517508451
163551000	56090195	13	F	1	2	450093610	X
163551025	56089666	35	F	1	0	X	517508375
163551043	56089560	35	M	1	1	X	517508057
163551044	56089560	13	F	1	2	450101788	X
163551067	56090011	35	M	1	1	X	517662923
163655476	56090379	56	F	1	1	X	517507221
163905622	56090813	17	M	1	2	450097562	X
163905623	56090813	18	F	1	2	450097562	X
163905624	56090813	46	M	1	0	X	517506286
163977900	56093683	22	M	1	1	X	517423759
163977901	56093683	21	F	1	0	X	517423759
163977958	56094444	22	M	1	1	X	517423714
163977959	56094444	21	F	1	0	X	517423669
164172479	56089539	23	F	1	2	X	X
164172480	56090444	51	M	1	0	X	517506684
164172481	56090444	50	F	1	1	X	X
164172482	56090444	23	F	1	2	X	X
164172495	56090007	51	M	1	0	X	517506688
164172522	56089664	51	M	1	0	X	517508193
164172524	56089664	23	F	1	2	X	X
164172538	56091527	50	F	1	1	X	X
164172539	56091527	23	F	1	2	X	X
164355292	56089613	27	M	1	0	X	517506238
164355293	56089613	24	F	1	1	X	517508116
164645652	56088326	29	F	1	1	X	517507910
164645658	56090802	10	F	1	2	450088468	X
164645659	56090802	45	M	1	0	X	517506332
164645660	56090802	29	F	1	1	X	517506451
164645672	56088919	29	F	1	1	X	517508499
164645681	56090541	11	F	1	2	450101788	X
164645683	56090541	45	M	1	0	X	517506451
164645684	56090541	29	F	1	1	X	517662850
164645685	56089838	11	F	1	2	450093610	X
164645687	56089838	45	M	1	0	X	517506639
164739211	56090579	14	M	1	2	450101788	X
164739213	56090579	47	M	1	1	X	517506451
164935668	56091165	28	F	1	0	X	517506238
165080408	56093231	70	F	1	0	X	517423759
165080409	56094507	70	F	1	0	X	517423593
165080413	56093166	70	F	1	0	X	517375232
165080424	56091068	70	F	1	0	X	517662850
165080426	56092643	70	F	1	0	X	517423624
165529866	56091400	27	F	1	0	X	X
165529882	56089280	29	M	1	1	X	X
165529883	56089280	2	M	1	2	X	X
165529884	56089280	27	F	1	0	X	X
165600290	56093427	8	M	1	2	450097561	X
165600292	56093427	36	F	1	0	X	517423669
165600293	56093427	5	F	1	2	450097561	X
165600307	56089210	36	F	1	0	X	517663288
165600312	56091858	36	F	1	0	X	517506300
165600313	56091858	5	F	1	2	450088468	X
165669043	56093362	27	M	1	0	X	517423716
165669068	56093343	27	M	1	0	X	517423759
165707539	56093299	72	F	1	1	X	X
165804171	56094344	33	M	1	0	X	517423841
165804172	56094344	30	F	1	1	X	517423759
165804173	56094344	1	F	1	2	X	X
165831009	56088438	5	M	1	2	450094430	X
165831012	56088438	13	M	1	2	450093610	X
165831033	56087904	5	M	1	2	450094430	X
165852056	56091277	29	M	1	1	X	517506251
165852077	56091393	1	F	1	2	X	X
165982647	56093914	61	M	1	3	X	517423700
165982648	56093914	63	M	1	0	X	517423593
165982649	56093914	12	M	1	2	450067304	X
165982650	56093914	45	F	1	1	X	517423615
166042872	56093294	73	M	1	0	X	X
166042873	56093294	62	F	1	1	X	X
166278484	56091333	14	F	1	2	450097562	X
166278536	56091037	5	F	1	2	450066968	X
166278603	56088174	38	M	1	1	X	517507219
166278606	56087841	5	F	1	2	450066968	X
166278607	56087841	39	F	1	0	X	X
166278608	56087841	38	M	1	1	X	517508425
166278610	56087841	17	M	1	2	450097562	517506406
166278613	56092183	38	M	1	1	X	517506451
166278614	56092183	14	F	1	2	450097562	X
166278636	56091145	5	F	1	2	450066968	X
166278638	56091145	38	M	1	1	X	517506396
166278639	56091145	14	F	1	2	450097562	X
166278640	56091145	17	M	1	2	450097562	517506300
166278691	56089541	5	F	1	2	450066968	X
166278693	56089541	38	M	1	1	X	517507438
166278748	56090203	38	M	1	1	X	517506741
166278749	56090203	14	F	1	2	450097562	X
166278766	56091258	5	F	1	2	450066968	X
166278767	56091258	39	F	1	0	X	X
166278770	56091258	17	M	1	2	450097562	517506451
166302616	56091230	58	F	1	0	X	X
166302623	56090589	58	F	1	0	X	X
166674238	56093922	53	F	1	0	X	517423528
166674261	56092872	53	F	1	0	X	517432357
166744592	56089300	48	M	1	0	X	517508312
166744613	56088870	3	M	1	2	X	X
166744622	56092725	48	M	1	0	X	517432368
166744626	56088875	48	M	1	0	X	517508455
166744631	56092791	3	M	1	2	X	X
166788091	56093483	63	M	1	0	X	517423669
166788092	56093483	29	M	1	12	X	X
166788101	56090417	52	M	1	12	X	517506451
166788118	56093376	57	F	1	1	X	517423657
166788126	56093548	57	F	1	1	X	517423759
166788178	56091267	57	F	1	1	X	517506451
166788191	56090692	63	M	1	0	X	517506300
166788192	56090692	29	M	1	12	X	X
166788193	56090692	52	M	1	12	X	517506451
166788194	56090692	57	F	1	1	X	517506396
166788223	56093316	63	M	1	0	X	517423728
166788224	56093316	29	M	1	12	X	X
166788225	56093316	52	M	1	12	X	517423707
166788227	56093533	63	M	1	0	X	517423593
166788228	56093533	29	M	1	12	X	X
166788229	56093533	52	M	1	12	X	517423833
166788247	56090852	63	M	1	0	X	517506290
166788249	56090852	52	M	1	12	X	517506451
166788277	56094005	52	M	1	12	X	517423759
166788278	56094005	57	F	1	1	X	517423525
166788287	56089395	63	M	1	0	X	517506224
166788289	56089395	52	M	1	12	X	517507233
166788304	56091009	29	M	1	12	X	X
166788305	56091009	52	M	1	12	X	517339387
166994942	56090557	46	M	1	0	X	517506451
166994943	56090557	14	M	1	2	450097562	X
166994944	56090557	13	M	1	2	450101788	X
167252111	56092698	4	F	1	5	450094430	X
167252113	56092698	55	F	1	0	X	517423624
167343424	56088622	2	M	1	7	X	X
167343425	56088622	16	F	1	7	450097562	X
167343427	56088622	41	F	1	3	X	X
167343428	56088622	6	M	1	2	450088468	X
167343433	56088622	36	F	1	0	X	X
167343435	56091025	2	M	1	7	X	X
167343436	56091025	16	F	1	7	450097562	X
167343438	56091025	41	F	1	3	X	X
167343443	56091025	47	M	1	1	X	X
167343444	56091025	36	F	1	0	X	X
167343474	56091208	14	F	1	2	450101788	X
167343475	56091208	20	F	1	2	X	X
167343476	56091208	47	M	1	1	X	X
167343477	56091208	36	F	1	0	X	X
167343478	56091208	7	M	1	7	450088468	X
167343490	56090076	2	M	1	7	X	X
167343494	56090076	6	M	1	2	450088468	X
167343496	56090076	14	F	1	2	450093610	X
167343497	56090076	20	F	1	2	X	X
167343498	56090076	47	M	1	1	X	X
167343499	56090076	36	F	1	0	X	X
167343500	56090076	7	M	1	7	450088468	X
167343501	56091207	2	M	1	7	X	X
167343502	56091207	16	F	1	7	450097562	X
167343504	56091207	41	F	1	3	X	X
167343506	56091207	8	F	1	2	450088468	X
167343507	56091207	14	F	1	2	450101788	X
167343509	56091207	47	M	1	1	X	X
167343510	56091207	36	F	1	0	X	X
167343511	56091207	7	M	1	7	450088468	X
167343579	56091362	16	F	1	7	450097562	X
167343580	56091362	0	M	1	5	X	X
167343581	56091362	41	F	1	3	X	X
167343582	56091362	6	M	1	2	450088468	X
167343586	56091362	47	M	1	1	X	X
167343587	56091362	36	F	1	0	X	X
167343588	56091362	7	M	1	7	450088468	X
167343611	56091810	2	M	1	7	X	X
167343612	56091810	16	F	1	7	450097562	X
167343616	56091810	8	F	1	2	450088468	X
167343617	56091810	14	F	1	2	450101788	X
167343620	56091810	36	F	1	0	X	X
167343621	56091810	7	M	1	7	450088468	X
167343646	56090273	0	M	1	5	X	X
167343648	56090273	6	M	1	2	450088468	X
167343652	56090273	47	M	1	1	X	X
167343654	56090273	7	M	1	7	450088468	X
167343743	56089226	2	M	1	7	X	X
167343744	56089226	16	F	1	7	450097562	X
167343746	56089226	41	F	1	3	X	X
167343747	56089226	6	M	1	2	450088468	X
167343748	56089226	8	F	1	2	450093610	X
167343749	56089226	14	F	1	2	450093610	X
167343752	56089226	36	F	1	0	X	X
167343753	56089226	7	M	1	7	450088468	X
167343777	56093799	16	F	1	7	450097562	X
167343780	56093799	6	M	1	2	450097561	X
167343782	56093799	14	F	1	2	450097563	X
167343854	56092118	16	F	1	7	450097562	X
167343857	56092118	6	M	1	2	450088468	X
167343860	56092118	20	F	1	2	X	X
167343952	56093618	2	M	1	7	X	X
167343953	56093618	16	F	1	7	450097562	X
167343954	56093618	0	M	1	5	X	X
167343956	56093618	6	M	1	2	450097561	X
167343957	56093618	8	F	1	2	450097561	X
167343958	56093618	14	F	1	2	450097563	X
167343959	56093618	20	F	1	2	X	X
167343974	56088923	2	M	1	7	X	X
167343975	56088923	16	F	1	7	450097562	X
167343977	56088923	41	F	1	3	X	X
167343978	56088923	6	M	1	2	450088468	X
167343982	56088923	47	M	1	1	X	X
167343984	56088923	7	M	1	7	450088468	X
167344088	56092527	6	M	1	2	450091630	X
167344090	56092527	14	F	1	2	450091631	X
167344107	56090420	16	F	1	7	450097562	X
167344108	56090420	0	M	1	5	X	X
167344112	56090420	14	F	1	2	450093610	X
167344114	56090420	47	M	1	1	X	X
167344115	56090420	36	F	1	0	X	X
167344118	56088864	16	F	1	7	450097562	X
167344119	56088864	0	M	1	5	X	X
167344122	56088864	8	F	1	2	450093610	X
167344123	56088864	14	F	1	2	450093610	X
167344124	56088864	20	F	1	2	X	X
167344172	56092992	2	M	1	7	X	X
167344173	56092992	16	F	1	7	450097562	X
167344174	56092992	0	M	1	5	X	X
167344177	56092992	8	F	1	2	450097561	X
167344178	56092992	14	F	1	2	450097563	X
167344180	56092992	47	M	1	1	X	X
167344181	56092992	36	F	1	0	X	X
167344182	56092992	7	M	1	7	450097561	X
167344183	56091954	2	M	1	7	X	X
167344184	56091954	16	F	1	7	450097562	X
167344187	56091954	6	M	1	2	450088468	X
167344188	56091954	8	F	1	2	450088468	X
167344189	56091954	14	F	1	2	450101788	X
167344191	56091954	47	M	1	1	X	X
167344192	56091954	36	F	1	0	X	X
167344217	56093953	16	F	1	7	450097562	X
167344219	56093953	41	F	1	3	X	X
167344223	56093953	20	F	1	2	X	X
167344225	56093953	36	F	1	0	X	X
167344226	56093953	7	M	1	7	450097561	X
167408481	56089467	65	F	1	1	X	X
167494458	56088121	8	M	1	5	450093610	X
167494459	56088121	67	F	1	0	X	517507219
167494468	56090590	8	M	1	5	450088468	X
167511353	56090684	84	F	1	1	X	X
167628328	56091794	29	F	1	10	X	X
167628329	56091794	2	F	1	2	X	X
167628330	56091794	30	M	1	0	X	517506251
167628343	56090979	6	F	1	2	450088468	X
167628344	56090979	29	F	1	10	X	X
167628345	56090979	2	F	1	2	X	X
167628360	56091955	29	F	1	10	X	X
167628361	56091955	2	F	1	2	X	X
167886575	56090144	84	M	1	0	X	X
167886583	56094175	84	M	1	0	X	X
167886591	56092102	84	M	1	0	X	X
167886602	56092299	84	M	1	0	X	X
168164579	56087814	74	M	1	0	X	X
168164592	56089775	74	M	1	0	X	X
168169185	56090108	74	F	1	1	X	X
168169188	56092862	74	M	1	0	X	X
168374382	56091398	77	M	1	0	X	X
168555089	56091537	48	M	1	0	X	517506451
168555143	56089145	13	F	1	2	450093610	X
168555144	56089145	50	F	1	1	X	517508612
168555145	56089145	48	M	1	0	X	517506741
168555154	56090804	16	F	1	2	450097562	X
168555155	56090804	13	F	1	2	450101788	X
168555156	56090804	50	F	1	1	X	517506451
168555157	56090804	48	M	1	0	X	517506451
168651110	56090333	19	M	1	2	X	517507625
168651111	56090333	47	F	1	1	X	517663283
168651155	56091886	19	M	1	2	X	517506761
168651459	56094121	7	M	1	2	450097561	X
168754274	56090363	66	F	1	1	X	X
168973537	56094287	7	M	1	2	450097561	X
168973538	56094287	5	F	1	2	450094430	X
169377492	56091232	9	M	1	2	450088468	X
169377493	56091232	12	M	1	2	450101788	X
169578330	56093947	40	M	1	4	X	X
169578331	56093947	19	M	1	0	X	X
169685379	56094493	58	M	1	0	X	X
169685405	56090829	22	M	1	2	X	506926702
169685406	56090829	41	M	1	2	X	517506668
169685407	56090829	58	M	1	0	X	X
169685410	56087965	41	M	1	2	X	517506874
169685411	56087965	58	M	1	0	X	X
169685412	56087965	61	F	1	1	X	X
169685413	56089688	22	M	1	2	X	517507236
169685415	56089688	58	M	1	0	X	X
169685573	56088103	22	M	1	2	X	517508867
169685574	56088103	41	M	1	2	X	517507953
169685590	56094134	41	M	1	2	X	517423593
169685591	56094134	58	M	1	0	X	X
169685592	56094134	61	F	1	1	X	X
170096752	56094429	47	M	1	0	X	517423754
170096758	56088877	47	M	1	0	X	517506371
170096759	56088877	46	F	1	1	X	517507632
170096760	56094388	47	M	1	0	X	517423676
170096798	56088363	47	M	1	0	X	517508179
170096799	56088363	46	F	1	1	X	517507432
170096812	56094278	47	M	1	0	X	517423643
170110978	56093992	53	F	1	1	X	517423759
170110985	56089313	55	M	1	0	X	517507464
170110987	56092278	55	M	1	0	X	517506451
170390242	56091028	64	F	1	1	X	X
170390246	56091034	64	F	1	1	X	X
170390247	56091034	70	M	1	0	X	X
170390250	56091711	64	F	1	1	X	X
170390251	56091711	70	M	1	0	X	X
170390256	56093082	64	F	1	1	X	X
170390260	56090013	64	F	1	1	X	X
170390261	56090013	70	M	1	0	X	X
170390265	56087826	70	M	1	0	X	X
170390268	56089847	64	F	1	1	X	X
170562897	56091291	43	M	1	0	X	517506451
170562924	56093757	52	F	1	1	X	517423593
170562925	56093757	43	M	1	0	X	517423568
170603173	56089720	69	F	1	1	X	X
170706455	56091351	37	M	1	0	X	517506451
170706460	56087917	37	M	1	0	X	517506451
170709963	56089308	59	M	1	0	X	517508563
170709969	56089443	59	M	1	0	X	517507425
170709974	56090801	56	F	1	1	X	517506451
170709975	56090801	59	M	1	0	X	517506451
170709991	56088956	59	M	1	0	X	517506451
170709994	56090292	56	F	1	1	X	517506451
170760963	56090713	51	F	1	0	X	517506451
170760973	56089232	51	F	1	0	X	517508727
170760979	56090978	51	F	1	0	X	517506343
170760996	56091769	51	F	1	0	X	517506451
170761003	56090598	51	F	1	0	X	517423759
170761024	56089427	51	F	1	0	X	517508827
170761027	56090983	51	F	1	0	X	517378526
170761043	56089501	51	F	1	0	X	517508057
171002813	56090418	81	F	1	0	X	X
171066678	56092267	63	F	1	0	X	517341032
171066679	56092267	67	M	1	10	X	X
171066698	56091666	63	F	1	0	X	517506451
171066699	56091666	67	M	1	10	X	X
171104169	56094349	18	M	1	2	450097562	517423593
171104172	56088665	18	M	1	2	450097562	517507467
171104173	56088665	45	F	1	1	X	517508499
171104201	56091654	51	M	1	0	X	517506451
171104203	56091654	45	F	1	1	X	517506451
171489259	56090149	46	M	1	1	X	X
171489261	56090149	7	M	1	2	450093610	X
171489299	56090204	46	M	1	1	X	X
171489301	56090204	7	M	1	2	450093610	X
171584804	56090823	17	M	1	2	450097562	506926867
171584806	56090823	58	F	1	0	X	517506451
171584815	56089185	48	M	1	1	X	X
171584816	56089185	17	M	1	2	450097562	517506712
171584817	56089185	16	M	1	2	450097562	517507179
171584819	56092151	48	M	1	1	X	X
171584820	56092151	17	M	1	2	450097562	517506451
171584856	56091597	17	M	1	2	450097562	517506238
171584857	56091597	16	M	1	2	450097562	517506451
171584858	56091597	58	F	1	0	X	517342294
171584867	56090840	48	M	1	1	X	X
171584869	56090840	16	M	1	2	450097562	517506451
171584891	56089634	48	M	1	1	X	X
171584893	56089634	16	M	1	2	450097562	517507220
171584919	56091257	48	M	1	1	X	X
171584920	56091257	17	M	1	2	450097562	517506451
171584921	56091257	16	M	1	2	450097562	517506451
171620656	56089744	71	F	1	0	X	517507180
171862775	56089737	61	F	1	0	X	517507454
171911782	56091242	44	F	1	0	X	X
171911783	56091042	44	F	1	0	X	X
171911788	56091951	44	F	1	0	X	X
171911791	56088832	44	F	1	0	X	X
172035659	56094525	64	M	1	10	X	517423723
172146368	56090889	48	M	1	3	X	517506451
172146406	56093651	48	M	1	3	X	517423597
172146442	56090044	48	M	1	3	X	517507213
172146443	56090044	48	M	1	0	X	517506741
172146452	56093756	48	M	1	3	X	517423593
172146460	56094035	48	M	1	3	X	517423593
172146482	56090556	48	M	1	3	X	517506451
172146483	56090556	48	M	1	0	X	517506451
172146540	56089122	48	M	1	3	X	517508364
172146545	56090953	48	M	1	0	X	506926676
172160643	56093448	15	M	1	2	450097562	X
172160645	56093448	13	M	1	2	450097563	X
172333624	56089502	55	M	1	0	X	517508063
172422656	56089766	3	M	1	5	X	X
172422657	56089766	6	M	1	5	450088468	X
172422660	56089766	32	F	1	2	X	517508426
172422662	56089766	8	F	1	5	450093610	X
172422699	56092279	6	M	1	5	450088468	X
172422700	56092279	73	M	1	0	X	X
172422701	56092279	69	F	1	1	X	X
172422704	56092279	8	F	1	5	450101788	X
172560266	56093810	14	M	1	2	450097563	X
172560267	56093810	11	M	1	2	450097563	X
172560270	56093810	32	F	3	0	X	517423536
172633476	56093908	3	F	1	2	X	X
172633484	56091577	3	F	1	2	X	X
172633487	56091577	39	M	1	1	X	517506451
172903109	56088145	51	F	1	1	X	517506661
172903110	56088145	67	M	1	0	X	X
172903122	56088202	67	M	1	0	X	X
172903909	56090821	4	M	1	2	X	X
172903910	56090821	1	F	1	2	X	X
172903911	56090821	6	M	1	2	450088468	X
172903912	56090821	3	M	1	2	X	X
172903913	56090821	27	M	1	1	X	517506451
172903914	56090821	25	F	1	0	X	X
172903987	56090609	4	M	1	2	X	X
172903989	56090609	6	M	1	2	450088468	X
172903990	56090609	3	M	1	2	X	X
172903991	56090609	27	M	1	1	X	517506238
172910754	56091846	41	M	1	1	X	517506451
172910755	56091846	9	M	1	2	450088468	X
172910773	56087948	33	F	1	0	X	517506712
172910774	56087948	41	M	1	1	X	517507218
172910776	56087948	13	M	1	2	450093610	X
172910778	56091736	33	F	1	0	X	517506251
172910804	56093760	41	M	1	1	X	517423599
172910810	56091610	9	M	1	2	450088468	X
172910811	56091610	13	M	1	2	450101788	X
173035651	56092428	60	F	1	1	X	X
173035652	56092428	60	M	1	0	X	517506244
173130573	56089867	62	F	1	1	X	517506660
173130576	56092724	70	M	1	0	X	517432368
173537136	56090761	52	F	1	1	X	517506262
173537137	56090761	53	M	1	0	X	517506451
173537138	56090761	28	M	1	2	X	517506451
173537139	56090761	19	M	1	2	X	X
173537192	56093538	52	F	1	1	X	517423606
173537193	56093538	53	M	1	0	X	517423714
173537195	56093538	19	M	1	2	X	X
173537196	56089846	52	F	1	1	X	517508358
173537197	56089846	53	M	1	0	X	517508057
173537198	56089846	28	M	1	2	X	517507607
173649015	56093802	52	M	9	10	X	517423574
173649016	56093802	42	F	1	0	X	517423759
173649019	56089807	52	M	9	10	X	517506451
173649020	56089807	42	F	1	0	X	517508002
174310908	56090323	65	M	1	0	X	X
174310909	56090323	60	F	1	1	X	517506451
174320030	56091013	49	F	1	1	X	517377216
174380914	56090909	35	M	1	5	X	517506379
174380928	56090663	84	F	1	1	X	X
174380929	56090663	35	M	1	5	X	517506451
174380934	56093275	84	F	1	1	X	X
174380935	56093275	35	M	1	5	X	517423669
174462548	56090335	12	F	1	2	450093610	X
174462550	56090335	48	F	1	1	X	517506558
174462564	56090743	12	F	1	2	450101788	X
174462566	56090743	48	F	1	1	X	517506451
174462567	56090743	47	M	1	0	X	517506868
174462589	56094110	14	F	1	2	450097562	X
174462590	56094110	48	F	1	1	X	517423593
174462628	56093723	12	F	1	2	450097563	X
174462630	56093723	48	F	1	1	X	517423723
174462644	56089709	12	F	1	2	450093610	X
174473142	56090115	92	F	1	0	X	X
174473145	56093838	92	F	1	0	X	X
174473150	56091710	92	F	1	0	X	X
174493725	56094629	43	M	1	0	X	517423536
174493726	56094629	13	F	1	2	450097563	X
174493727	56094629	15	F	1	2	450097562	X
174497701	56088381	2	M	1	2	X	X
174497703	56088381	5	M	1	2	X	X
174497771	56091105	5	M	1	2	X	X
174510294	56088721	36	M	1	0	X	517507948
174510297	56091322	36	M	1	0	X	517506451
174510308	56091093	36	M	1	0	X	517662833
174510319	56094367	36	M	1	0	X	517423757
174510335	56094397	36	M	1	0	X	517423654
174603626	56087947	48	M	1	1	X	517507235
174603627	56087947	46	F	1	0	X	517506698
174603642	56088708	48	M	1	1	X	517506451
174603643	56088708	46	F	1	0	X	517508002
174772274	56088286	74	F	1	0	X	X
174772277	56088209	74	F	1	0	X	X
174865067	56089201	10	M	1	2	450093610	X
174865068	56089201	46	F	1	1	X	X
174865069	56089201	48	M	1	0	X	517506451
174865073	56092708	10	M	1	2	450097563	X
174865077	56089480	46	F	1	1	X	X
174865078	56089480	48	M	1	0	X	517506698
174865084	56093973	48	M	1	0	X	517423700
175111919	56093196	80	F	1	0	X	506643639
176074729	56089751	16	M	1	2	450097562	517508002
176074730	56089751	44	M	1	1	X	X
176216536	56089869	53	M	1	1	X	517506451
176216546	56093968	53	M	1	1	X	517423672
176216547	56093968	51	F	1	0	X	517423759
176216568	56088771	53	M	1	1	X	517506758
176268908	56088109	34	F	1	0	X	517506676
176268909	56088109	7	M	1	2	450093610	X
176496315	56091921	26	M	1	0	X	517506396
176587956	56088175	54	F	1	0	X	X
177014770	56092991	65	F	1	0	X	X
177036025	56090746	3	F	1	2	450094430	X
177036033	56093259	3	F	1	2	450094430	X
177101870	56094016	25	F	1	0	X	517423593
177101872	56092611	25	F	1	0	X	517423781
177669286	56094653	50	M	1	0	X	517423759
177669310	56089726	50	M	1	0	X	517506451
177669311	56089726	42	M	1	9	X	517508296
177809773	56087839	38	M	1	1	X	517508190
177809774	56087839	10	F	1	2	450093610	X
178018474	56088248	37	M	1	0	X	517506650
178018484	56093715	37	M	1	0	X	517423686
178018501	56091278	37	M	1	0	X	517662850
178116977	56090578	56	F	1	0	X	517506451
178116988	56089756	55	M	1	1	X	517506238
178234281	56088205	84	F	1	0	X	X
178234292	56088269	81	M	1	1	X	X
178627058	56089503	2	F	1	2	X	X
178676261	56091626	31	M	1	0	X	517423595
179007572	56092262	63	M	1	0	X	517506451
179007573	56092262	59	F	1	3	X	517506420
179007577	56090489	59	F	1	3	X	517506219
179007584	56094604	63	M	1	0	X	517423740
179007585	56094604	59	F	1	3	X	517423678
179007587	56090658	59	F	1	3	X	517508516
179007590	56089515	63	M	1	0	X	517506664
179007591	56089515	59	F	1	3	X	517507850
179073955	56094568	1	M	1	5	X	X
179073957	56094568	55	M	1	1	X	517423716
179073974	56093153	56	F	1	0	X	517432347
179073976	56093153	26	F	1	2	X	X
179074008	56088487	26	M	1	6	X	517508726
179074009	56088487	56	F	1	0	X	517507246
179074011	56088487	26	F	1	2	X	X
179074012	56088487	55	M	1	1	X	517508245
179074036	56092408	26	F	1	2	X	X
179074037	56092408	55	M	1	1	X	517506451
179074058	56092226	26	M	1	6	X	517506472
179074059	56092226	56	F	1	0	X	517506451
179074062	56092226	55	M	1	1	X	517506364
179074143	56092884	26	M	1	6	X	517423841
179074144	56092884	56	F	1	0	X	517432342
179074146	56092884	26	F	1	2	X	X
179074149	56090591	56	F	1	0	X	517506481
179074152	56090591	55	M	1	1	X	517506451
179074215	56094589	1	M	1	5	X	X
179074216	56094589	26	F	1	2	X	X
179074217	56094589	55	M	1	1	X	517423536
179182771	56091188	40	F	1	1	X	517506351
179182772	56091188	8	M	1	2	450088468	X
179182773	56091188	37	M	1	0	X	517506451
179182775	56092202	8	M	1	2	450101788	X
179182776	56092202	37	M	1	0	X	517506451
179257447	56090147	48	F	1	0	X	517506451
179257450	56088425	52	M	1	1	X	517507220
179343095	56089680	37	M	1	0	X	517506238
179343133	56093539	37	M	1	0	X	517423531
179343178	56088769	37	M	1	0	X	517506451
179436162	56093762	59	F	1	1	X	X
179436163	56093762	62	M	1	0	X	X
179436190	56093132	59	F	1	1	X	X
179436198	56090808	59	F	1	1	X	X
179436199	56090808	62	M	1	0	X	X
179491606	56089000	42	M	1	0	X	517507477
179491607	56089000	42	F	1	1	X	517506724
179634740	56091492	52	F	1	1	X	517506370
179634741	56091492	59	M	1	0	X	517506323
179634742	56089979	52	F	1	1	X	517506730
179814674	56089350	37	M	1	0	X	517507431
179814675	56089350	41	F	1	1	X	517506406
179814676	56089350	11	F	1	2	450093610	X
179814677	56089350	12	F	1	2	450093610	X
179833029	56088272	59	M	1	0	X	X
179833035	56088349	59	M	1	0	X	X
179833042	56092614	59	M	1	0	X	X
179833051	56093233	59	M	1	0	X	X
180359103	56093426	42	M	8	9	X	517423612
180359120	56088170	25	M	1	0	X	517507453
180907469	56088908	50	M	1	0	X	517507846
181024809	56088341	73	M	1	0	X	X
181033791	56093729	41	F	1	1	X	517423759
181118457	56089927	72	M	1	0	X	517508563
181118458	56089927	66	F	1	1	X	517506742
181118465	56094047	72	M	1	0	X	517423759
181165525	56087979	48	F	1	1	X	517508110
181165526	56087979	45	M	1	0	X	517507244
181392342	56094195	55	M	1	1	X	517423593
181392343	56094195	56	F	1	0	X	X
181392346	56094628	55	M	1	1	X	517423759
181392347	56094628	56	F	1	0	X	X
181542251	56090977	46	F	1	1	X	X
181542273	56092956	20	F	1	2	X	517432452
181542274	56092956	46	M	1	0	X	517432284
181542282	56090859	46	M	1	0	X	517506451
181542284	56090859	15	M	1	2	450097562	X
181542289	56093805	20	F	1	2	X	517423579
181542290	56093805	46	M	1	0	X	517507219
181542291	56093805	46	F	1	1	X	X
181581515	56094426	51	F	1	1	X	517423606
181581516	56094426	56	M	1	0	X	517423536
181590311	56092286	46	M	1	10	X	517506451
181590323	56088497	46	M	1	10	X	517507933
181712949	56094451	42	F	1	0	X	517423773
181712950	56094451	1	M	1	2	X	X
181712951	56094451	39	M	1	1	X	517423759
181712955	56088367	42	F	1	0	X	517506693
181712957	56088367	39	M	1	1	X	517508833
181712962	56088410	1	M	1	2	X	X
181712963	56088410	39	M	1	1	X	517506774
181712979	56090085	42	F	1	0	X	517506451
181712980	56090085	1	M	1	2	X	X
181712981	56090085	39	M	1	1	X	517507220
181712991	56091756	42	F	1	0	X	517506238
181712992	56091756	1	M	1	2	X	X
181712993	56091756	39	M	1	1	X	517506224
181713003	56093313	42	F	1	0	X	517423593
181713010	56088853	1	M	1	2	X	X
181713040	56091661	1	M	1	2	X	X
181713041	56091661	39	M	1	1	X	517506295
181713046	56091184	1	M	1	2	X	X
181713047	56091184	39	M	1	1	X	517506451
181954751	56089563	3	M	1	2	X	X
181954752	56089563	5	M	1	2	450066968	X
181954753	56089563	36	M	1	1	X	517507203
181954769	56090509	36	M	1	1	X	517423737
181954776	56091725	5	M	1	2	450066968	X
181954783	56092020	3	M	1	2	X	X
181954784	56092020	5	M	1	2	450066968	X
181954807	56089478	3	M	1	2	X	X
182034119	56089315	79	M	1	0	X	517507203
182034120	56091555	79	M	1	0	X	517506451
182034127	56091740	79	M	1	0	X	517506451
182034134	56090860	79	M	1	0	X	506926233
182124174	56093186	58	M	1	0	X	517432305
182124183	56093530	58	M	1	0	X	517423593
182163539	56089109	47	M	1	0	X	517507191
182163555	56089272	47	M	1	0	X	517506700
182163568	56089152	57	M	1	8	X	517506412
182163570	56091714	57	M	1	8	X	517662923
182163585	56092601	47	M	1	0	X	517432482
182163586	56092601	57	M	1	8	X	517432290
182217092	56088891	80	M	1	0	X	X
182217093	56088891	73	F	1	1	X	X
182217096	56090280	80	M	1	0	X	X
182217097	56090280	73	F	1	1	X	X
182217104	56088922	80	M	1	0	X	X
182217105	56088922	73	F	1	1	X	X
182316493	56090712	14	F	1	2	450101788	X
182316496	56090712	16	M	1	2	450097562	X
182316522	56090352	48	F	1	1	X	517507213
182316524	56090352	16	M	1	2	450097562	X
182316525	56088224	14	F	1	2	450093610	X
182316527	56088224	52	M	1	0	X	517508086
182316528	56088224	16	M	1	2	450097562	X
182316529	56089194	14	F	1	2	450093610	X
182316531	56089194	52	M	1	0	X	517506451
182316541	56089009	14	F	1	2	450093610	X
182489561	56092905	60	F	1	1	X	517432368
182489562	56092905	60	M	1	0	X	517432281
182489573	56092639	60	F	1	1	X	506643593
182489587	56090935	25	F	1	2	X	X
182489588	56088222	60	F	1	1	X	517663171
182489590	56088222	25	F	1	2	X	X
182533245	56090179	20	M	1	2	X	517506648
182533255	56089148	20	M	1	2	X	517508057
182533257	56088879	20	M	1	2	X	517508002
182533258	56088879	47	F	1	0	X	517507959
182537127	56092598	9	F	1	2	450097561	X
182537128	56092598	29	M	1	0	X	517432368
182537130	56092598	10	F	1	2	450097561	X
182537132	56092598	2	M	1	2	X	X
182537194	56088303	29	M	1	0	X	517506371
182537195	56088303	31	F	1	1	X	X
182537196	56088303	10	F	1	2	450093610	X
182537197	56088303	5	M	1	2	450094430	X
182537243	56092649	31	F	1	1	X	X
182537244	56092649	10	F	1	2	450097561	X
182537246	56092649	2	M	1	2	X	X
182537285	56090510	31	F	1	1	X	X
182537287	56090510	5	M	1	2	450094430	X
182537307	56092422	9	F	1	2	450101788	X
182537308	56092422	29	M	1	0	X	517506451
182549773	56093736	39	F	1	0	X	517423593
182549783	56089331	39	F	1	0	X	517507212
182549788	56091548	39	F	1	0	X	517506315
182549791	56094503	39	F	1	0	X	517423694
182717729	56092909	26	F	9	0	X	506643590
182717748	56092843	26	F	9	0	X	517432281
182788810	56092756	93	M	1	1	X	X
182788811	56092756	93	F	1	0	X	X
182788821	56092021	93	F	1	0	X	X
183198662	56089010	39	F	1	0	X	517507847
183198663	56089010	17	M	1	2	450097562	517507220
183198668	56089003	28	M	1	7	X	X
183198669	56089003	47	M	1	1	X	517507368
183198698	56088803	39	F	1	0	X	517506738
183198699	56088803	17	M	1	2	450097562	517506558
183198700	56088803	28	M	1	7	X	X
183198701	56088803	47	M	1	1	X	517506451
183703775	56093405	65	F	1	0	X	X
183985611	56090648	57	M	1	1	X	X
183985634	56093563	53	F	1	0	X	X
183985635	56089057	57	M	1	1	X	X
183985647	56090359	57	M	1	1	X	X
183985648	56090359	53	F	1	0	X	X
184224129	56093963	69	F	1	0	X	517423587
184224133	56091630	69	F	1	0	X	517506451
184389070	56092938	38	M	1	0	X	517432368
184389078	56094025	38	M	1	0	X	517423640
184389082	56094651	38	M	1	0	X	517423745
184389089	56094311	38	M	1	0	X	517423593
184389090	56090199	38	M	1	0	X	517507179
184464080	56094172	5	M	1	2	450066968	X
184464139	56092903	9	M	1	2	450097561	X
184464141	56092903	27	F	1	0	X	517432368
184464142	56092903	31	M	1	1	X	517432357
184464193	56087981	6	F	1	2	450093610	X
184464195	56087981	5	M	1	2	450066968	X
184464196	56087981	27	F	1	0	X	517506451
184464197	56087981	31	M	1	1	X	517507453
184472614	56094286	69	F	1	0	X	X
184472630	56093571	69	F	1	0	X	X
184472642	56093372	69	F	1	0	X	X
184472645	56093303	69	F	1	0	X	X
184472657	56092285	69	F	1	0	X	X
184472674	56089843	69	F	1	0	X	X
184472679	56093358	69	F	1	0	X	X
184709921	56088263	25	M	1	0	X	517506451
184709940	56093950	22	F	1	1	X	517423627
184755360	56092261	70	F	1	1	X	X
184755378	56093172	70	F	1	1	X	X
184755388	56090124	70	F	1	1	X	X
184755400	56089632	70	F	1	1	X	X
184755406	56091369	70	F	1	1	X	X
184755407	56091369	68	M	1	0	X	517506451
184755409	56094193	68	M	1	0	X	517423579
184755417	56092069	68	M	1	0	X	517506451
184843123	56094203	52	F	1	1	X	517423536
184843139	56093923	52	F	1	1	X	517423536
184843140	56093923	55	M	1	0	X	517423834
184843173	56092388	52	F	1	1	X	517506238
184843174	56092388	55	M	1	0	X	517506451
185222137	56088377	18	M	1	2	450097562	517663177
185222141	56093897	39	F	1	0	X	517423628
185222143	56093897	18	M	1	2	450097562	517423759
185222144	56087945	39	F	1	0	X	517507721
185222145	56087945	9	M	1	2	450093610	X
185222190	56092161	9	M	1	2	450101788	X
185222191	56092161	18	M	1	2	450091631	517506316
185222255	56092809	39	F	1	0	X	517432476
185244852	56094256	64	M	1	0	X	X
185295912	56092637	68	F	1	0	X	517432368
185295922	56089719	68	F	1	0	X	517508673
185295941	56094472	68	F	1	0	X	517423679
185295948	56087903	68	F	1	0	X	517507219
185325500	56092564	28	F	1	0	X	517432297
185325503	56093285	28	F	1	0	X	517423759
185325505	56091455	28	F	1	0	X	517506275
185325515	56093858	28	F	1	0	X	517423650
185325517	56091757	28	F	1	0	X	517423593
185345998	56094325	45	M	1	9	X	517423536
185346035	56090921	63	M	1	0	X	517506451
185346037	56090921	45	M	1	9	X	517506451
185346041	56090192	63	M	1	0	X	517507374
185346043	56090192	45	M	1	9	X	517506451
185346049	56089591	45	M	1	9	X	517508402
185346050	56094312	63	M	1	0	X	517423825
185346052	56094312	45	M	1	9	X	517423694
185346054	56093344	43	M	1	9	X	517423593
185346064	56090831	45	M	1	9	X	517506451
185346093	56090354	43	M	1	9	X	517506451
185346120	56092402	43	M	1	9	X	517506451
185346126	56094424	43	M	1	9	X	517423725
185346138	56094332	43	M	1	9	X	517423832
185346139	56094332	45	M	1	9	X	517423834
185526801	56092374	71	F	1	1	X	517506451
185526813	56088304	71	F	1	1	X	517508549
185526814	56088304	72	M	1	0	X	X
185526820	56092820	72	M	1	0	X	X
185584118	56093836	53	M	1	0	X	517423593
185584198	56089470	53	M	1	0	X	517506416
185584199	56089470	60	F	1	10	X	517508625
185584223	56089325	60	F	1	10	X	517506730
185584229	56087827	60	F	1	10	X	517507217
185640941	56089011	45	M	1	0	X	517662794
185640974	56094272	19	F	1	2	X	517423612
185640975	56094272	16	M	1	2	450097562	X
185640991	56090536	16	M	1	2	450091631	X
185640992	56090536	37	F	1	1	X	517506238
185640993	56090536	45	M	1	0	X	517506451
185672186	56089558	75	M	1	0	X	517506709
185898151	56093540	55	F	9	1	X	X
185898153	56093019	55	F	9	1	X	X
185898168	56088413	57	M	9	0	X	X
185898169	56088413	55	F	9	1	X	X
185920991	56092107	35	M	1	0	X	517506451
185921002	56091727	34	F	1	1	X	X
186088685	56088753	57	F	1	0	X	517508512
186298521	56092353	55	F	1	0	X	517506451
186472479	56092751	53	F	1	1	X	517432368
186472489	56089771	53	F	1	1	X	517507636
186472490	56089771	64	M	1	0	X	X
186566019	56090496	16	F	1	2	450091631	X
186566020	56090496	52	F	1	1	X	517662741
186566021	56090496	18	M	1	2	450091631	517506451
186566023	56090496	56	M	1	0	X	517284521
186566045	56092039	52	F	1	1	X	517506451
186566046	56092039	18	M	1	2	450091631	517506451
186566047	56092039	14	F	1	2	450101788	X
186566048	56092039	56	M	1	0	X	517506451
186566059	56088233	16	F	1	2	450091631	X
186566062	56088233	14	F	1	2	450093610	X
186566063	56088233	56	M	1	0	X	517508057
187192029	56089534	67	F	1	0	X	517508709
187192030	56089534	73	M	1	1	X	517508067
187192043	56092498	67	F	1	0	X	517432363
187192046	56093418	73	M	1	1	X	517423669
187300511	56093650	52	F	1	0	X	X
187300516	56088546	14	M	1	2	450091631	X
187300518	56088546	13	M	1	2	450093610	X
187300519	56088880	14	M	1	2	450091631	X
187300520	56088880	52	F	1	0	X	X
187300528	56091102	14	M	1	2	450091631	X
187300529	56091102	52	F	1	0	X	X
187300551	56090659	13	M	1	2	450101788	X
187317570	56090334	48	F	1	0	X	X
187317571	56090334	50	M	1	1	X	517662850
187317592	56090773	48	F	1	0	X	X
187357676	56089940	74	F	1	0	X	X
187445004	56089244	54	M	1	0	X	517507244
187445009	56093340	53	F	1	1	X	X
187497507	56094490	37	M	1	0	X	517423740
187497508	56094490	13	F	1	2	450097563	X
187544028	56092506	61	M	1	0	X	517432482
187685829	56090458	47	M	1	0	X	517663146
187685830	56090458	49	F	1	1	X	517508002
187685839	56094342	47	M	1	0	X	517423593
187731209	56094431	62	M	1	0	X	517423669
187731227	56089261	62	M	1	0	X	517507432
187855356	56090947	83	F	1	1	X	X
188024910	56093532	55	M	1	0	X	517423614
188064425	56092407	32	M	1	0	X	517506451
188064426	56091388	4	F	1	2	450066968	X
188064427	56091388	0	M	1	2	X	X
188800268	56094166	93	F	1	0	X	X
188816500	56093022	9	M	5	5	450097561	X
188816504	56093022	3	M	1	5	X	X
188947611	56094184	61	F	1	0	X	517423593
188947626	56088239	61	F	1	0	X	517507219
189722633	56088573	3	M	1	2	X	X
189722634	56088573	3	M	1	2	X	X
189722653	56093354	3	M	1	2	X	X
189722655	56093354	42	F	1	0	X	517423669
189722672	56088656	16	F	1	2	X	517506289
189810382	56094655	56	M	1	0	X	517423759
189810383	56094655	52	F	1	1	X	X
189810384	56094593	56	M	1	0	X	517423640
189810385	56094593	52	F	1	1	X	X
189810387	56088543	52	F	1	1	X	X
189810394	56088979	56	M	1	0	X	517506451
189810395	56088979	52	F	1	1	X	X
190054277	56091648	0	M	1	2	X	X
190054278	56091648	28	M	1	0	X	517506425
190054279	56091648	2	M	1	2	X	X
190054280	56091648	30	F	1	1	X	X
190054306	56091447	28	M	1	0	X	517506451
190275437	56088545	53	M	1	0	X	517506714
190275454	56094394	52	F	6	10	X	517423817
190275455	56094394	53	M	1	0	X	517423574
190292392	56091722	23	F	1	0	X	517506451
190439668	56088857	27	F	1	1	X	517506712
190439756	56092044	27	F	1	1	X	517506451
190439757	56092044	9	F	1	2	450101788	X
190439764	56088461	27	F	1	1	X	517507220
190439766	56088461	44	M	1	0	X	517507220
190439816	56091831	27	F	1	1	X	517662850
190439819	56091831	2	M	1	2	X	X
190439872	56093287	27	F	1	1	X	517423649
190439876	56088791	27	F	1	1	X	517506664
190439892	56089156	27	F	1	1	X	517508676
190439894	56089156	44	M	1	0	X	517662878
190439895	56089156	2	M	1	2	X	X
190439916	56094279	27	F	1	1	X	517423595
190439917	56094279	9	F	1	2	450097561	X
190439918	56094279	44	M	1	0	X	517423759
190439953	56093234	9	F	1	2	450097561	X
190439954	56093234	44	M	1	0	X	517423759
190439958	56091377	44	M	1	0	X	517506234
190724190	56089910	51	F	1	0	X	517508247
190724208	56092927	51	F	1	0	X	517432445
190762242	56090330	79	M	1	0	X	X
190762249	56088155	54	M	1	2	X	X
190762250	56088155	73	F	1	1	X	X
190762251	56088155	79	M	1	0	X	X
190770190	56093321	50	M	1	0	X	517423636
190932058	56091264	14	M	1	2	450101788	X
190932076	56091089	14	M	1	2	450101788	X
190932078	56091515	14	M	1	2	450101788	X
190932080	56091768	14	M	1	2	450101788	X
190932083	56087914	54	M	1	0	X	517663338
190932084	56087914	14	M	1	2	450093610	X
190932087	56090836	54	M	1	0	X	517506451
190932095	56090157	54	M	1	0	X	517507375
190932111	56089087	54	M	1	0	X	517506776
190932112	56089087	14	M	1	2	450093610	X
190932123	56091806	54	M	1	0	X	517506380
190932124	56091806	14	M	1	2	450101788	X
190932164	56090566	14	M	1	2	450101788	X
190932197	56091719	54	M	1	0	X	517506691
190932198	56091719	14	M	1	2	450101788	X
190932203	56089438	54	M	1	0	X	517507431
191237733	56089574	84	M	1	0	X	X
191237748	56092037	84	M	1	0	X	X
191273248	56089092	17	F	1	2	450091631	X
191273250	56089092	11	F	1	2	450093610	X
191273252	56089092	31	F	1	1	X	517507964
191273329	56093679	11	F	1	2	450097563	X
191273331	56093679	12	F	1	2	450097563	X
191273335	56093679	2	F	1	5	X	X
191273392	56088129	17	F	1	2	450091631	X
191273397	56088129	37	M	1	0	X	517507442
191273398	56088129	15	F	1	2	450091631	X
191273432	56094413	17	F	1	2	450097562	X
191273434	56094413	11	F	1	2	450097563	X
191273437	56094413	37	M	1	0	X	517423759
191273439	56094413	2	F	1	5	X	X
191273449	56093580	11	F	1	2	450097563	X
191273450	56093580	11	F	1	2	450097563	X
191273453	56093580	37	M	1	0	X	517423593
191703334	56088140	59	F	1	1	X	517507948
191703339	56090681	59	M	1	0	X	517506380
191703340	56090681	59	F	1	1	X	517506451
191703347	56091536	59	M	1	0	X	517506451
191703375	56093417	59	M	1	0	X	517423755
191703376	56093417	59	F	1	1	X	517423536
191922985	56089908	29	F	1	2	X	X
191922986	56089908	54	M	1	0	X	517507950
191922988	56093486	29	F	1	2	X	X
191922990	56093486	54	F	1	1	X	517423759
191923023	56089346	54	F	1	1	X	517507220
192263003	56092775	82	M	1	0	X	X
192263004	56091638	83	F	1	1	X	X
192552676	56093855	30	F	1	0	X	517423706
192552677	56093855	33	M	1	1	X	517423536
192552686	56091908	30	F	1	0	X	517506293
192754912	56090387	45	F	1	1	X	517506451
192754913	56090387	43	M	1	0	X	517507430
192754915	56090387	15	F	1	2	450091631	X
192938316	56092660	42	M	1	0	X	517432483
192938330	56091129	42	M	1	0	X	517506451
192938343	56092733	42	M	1	0	X	517423534
192938351	56088584	42	M	1	0	X	517507708
193112013	56089647	48	F	1	0	X	517506451
193112014	56089647	49	M	1	1	X	X
193251635	56092989	20	F	1	10	X	517432480
193276748	56088026	58	M	1	0	X	X
193276754	56090930	58	M	1	0	X	X
193276755	56090930	51	F	9	1	X	X
193276771	56087925	51	F	9	1	X	X
193388796	56090029	30	M	1	2	X	517508168
193388797	56090029	50	M	1	0	X	517506481
193388803	56091179	50	M	1	0	X	517506416
193388804	56091179	50	F	1	1	X	X
193388814	56088088	30	M	1	2	X	517507432
193388826	56092174	30	M	1	2	X	517506451
193388827	56092174	50	M	1	0	X	517506451
193388834	56088399	50	F	1	1	X	X
193388841	56089436	30	M	1	2	X	517507628
193388842	56089436	50	M	1	0	X	517506451
193394584	56093632	70	M	1	0	X	X
193394593	56090800	56	F	1	1	X	X
193394599	56092182	56	F	1	1	X	X
193394600	56092182	70	M	1	0	X	X
193394601	56090174	56	F	1	1	X	X
193394602	56090174	70	M	1	0	X	X
193394603	56093102	56	F	1	1	X	X
193394604	56093102	70	M	1	0	X	X
193394615	56088081	56	F	1	1	X	X
193599328	56089987	75	F	1	0	X	517506641
193662629	56093659	23	M	1	0	X	517423536
193725861	56094652	0	F	9	2	X	X
193725862	56094652	24	F	9	1	X	X
193725924	56089369	1	F	9	2	X	X
193725927	56089369	23	M	1	0	X	517507431
193754198	56092483	5	M	1	2	450066968	X
193754199	56092483	3	M	1	2	X	X
193754200	56092483	33	F	1	1	X	506643598
193754246	56090846	5	M	1	2	450066968	X
193754247	56090846	3	M	1	2	X	X
193754254	56093463	5	M	1	2	450066968	X
193754255	56093463	3	M	1	2	X	X
193754256	56093463	33	F	1	1	X	517423593
193754260	56091640	33	F	1	1	X	517506451
193781907	56093398	18	M	1	2	450063600	X
193781908	56093398	56	M	1	1	X	517423593
193781909	56093398	57	F	1	0	X	517423593
193781948	56094063	57	F	1	0	X	517423689
193781950	56089342	56	M	1	1	X	517507175
193781951	56089342	57	F	1	0	X	517508397
193781960	56090048	57	F	1	0	X	517507219
193794686	56093605	25	F	1	2	X	517423700
193794687	56093605	2	F	1	5	X	X
193794755	56089460	2	F	1	5	X	X
194154754	56092579	64	F	1	1	X	X
194154761	56092412	67	M	1	0	X	517506451
194154788	56093069	64	F	1	1	X	X
194283109	56093910	37	F	1	1	X	517423604
194283110	56093910	38	M	1	0	X	517423759
194283117	56091307	37	F	1	1	X	517506228
194340382	56090705	85	M	1	0	X	X
194340391	56088126	74	F	1	1	X	517508428
194375904	56094656	48	M	1	0	X	517423648
194375905	56094656	50	F	1	1	X	X
194447122	56088781	52	M	1	0	X	517507827
194517198	56088752	1	F	1	2	X	X
194517201	56088752	39	M	1	0	X	517507233
194595411	56094276	80	F	1	0	X	X
194638351	56093766	15	M	1	2	450097563	X
194638352	56093766	51	F	1	1	X	X
194671693	56093169	10	M	9	2	450097561	X
194671694	56093169	31	F	9	0	X	X
194671695	56093169	32	M	1	1	X	517432447
194671696	56093169	7	M	9	2	450097561	X
194671697	56093169	14	M	9	2	450097563	X
194722071	56088547	52	F	1	0	X	517506676
194722078	56089075	62	M	1	1	X	517506741
194722086	56088462	62	M	1	1	X	510787013
194722109	56094041	52	F	1	0	X	517414220
194722124	56087991	62	M	1	1	X	517507197
194722131	56093187	52	F	1	0	X	517432354
194722132	56093187	62	M	1	1	X	517432337
194722141	56094475	52	F	1	0	X	517423759
194875768	56094012	46	M	1	0	X	517423669
195150067	56092345	75	M	1	0	X	517506451
195150072	56089217	72	F	1	1	X	517507179
195150073	56089217	75	M	1	0	X	517507220
195150081	56088023	75	M	1	0	X	517508453
195276924	56089298	53	F	1	1	X	517508018
195276925	56089298	55	M	1	0	X	517506716
195276948	56094224	53	F	1	1	X	517423536
195394910	56092699	54	F	1	1	X	517432354
195394911	56092699	54	M	1	0	X	517432487
195394921	56088985	54	M	1	0	X	517508041
195394926	56089040	54	F	1	1	X	517508296
195394927	56089040	54	M	1	0	X	517506380
195398327	56089403	57	M	1	0	X	517508727
195398352	56094131	57	M	1	0	X	517423669
195550595	56093663	45	M	1	0	X	517423669
195550598	56088283	45	M	1	0	X	517506368
195659633	56094605	4	M	1	2	X	X
195659635	56094605	37	M	1	1	X	517423593
195659636	56094605	6	M	1	2	450097561	X
195659681	56091830	6	M	1	2	450088468	X
195760694	56089793	67	F	1	1	X	517506772
195760713	56087990	77	M	1	0	X	X
195984181	56093957	2	M	1	2	X	X
195984182	56093957	28	F	1	0	X	517423694
195984183	56093957	30	M	1	1	X	517423759
195984235	56090932	5	M	1	2	450088468	X
195984237	56090932	28	F	1	0	X	517506422
195984238	56090932	30	M	1	1	X	517506451
195984239	56092085	9	M	1	2	450101788	X
195984240	56092085	5	M	1	2	450088468	X
195984243	56092085	30	M	1	1	X	517506451
195984304	56093464	9	M	1	2	450097561	X
195984305	56093464	5	M	1	2	450097561	X
195984306	56093464	2	M	1	2	X	X
195984307	56093464	28	F	1	0	X	517423759
195984308	56093464	30	M	1	1	X	517423669
196055673	56088995	6	M	1	2	450088468	X
196055713	56093408	6	M	1	2	450097561	X
196055714	56093408	4	F	1	2	X	X
196055716	56093408	38	F	1	1	X	517423775
196055729	56089592	6	M	1	2	450088468	X
196055731	56089592	39	M	1	0	X	517506451
196055744	56088722	38	F	1	1	X	517506416
196055758	56090164	4	F	1	2	X	X
196055763	56089600	39	M	1	0	X	517508495
196055764	56089600	38	F	1	1	X	517507878
196055773	56091337	6	M	1	2	450088468	X
196082009	56088514	14	M	1	2	450091631	X
196082010	56088514	33	M	1	1	X	517507220
196086582	56094360	59	M	1	0	X	517423657
196086583	56094360	57	F	1	1	X	517423593
196086584	56092316	59	M	1	0	X	517506416
196086612	56092385	59	M	1	0	X	517506380
196086613	56092385	57	F	1	1	X	517506238
196108896	56090227	12	F	1	2	450093610	X
196108898	56090227	48	M	1	1	X	517506741
196108899	56090227	14	M	1	2	450091631	X
196138427	56093700	54	M	1	1	X	517423615
196138456	56089938	52	F	1	0	X	517506451
196138462	56088365	52	F	1	0	X	517507209
196724760	56090678	50	M	1	0	X	517506451
196724802	56092175	50	M	1	0	X	517506451
196727983	56087833	74	M	1	1	X	X
196727991	56091156	74	M	1	1	X	X
196728023	56090436	74	M	1	1	X	X
196728024	56090436	74	F	1	0	X	517506451
196728035	56090952	74	M	1	1	X	X
196728036	56090952	74	F	1	0	X	517506766
196733826	56093097	73	F	9	0	X	X
197314822	56093822	23	F	1	0	X	517423759
197424055	56091493	31	M	1	1	X	517506396
197424056	56091493	29	F	1	0	X	517506451
197424060	56090904	29	F	1	0	X	517506451
197424061	56090904	11	F	1	2	450101788	X
197424090	56091525	3	M	1	2	X	X
197424091	56091525	31	M	1	1	X	517506451
197424092	56091525	29	F	1	0	X	517506451
197468191	56094056	57	F	1	1	X	517423666
197468192	56094056	49	M	1	0	X	517423612
197468201	56092866	57	F	1	1	X	517432278
197628393	56090146	9	M	1	2	450088468	X
197628394	56090146	34	F	1	0	X	517508756
197901743	56094156	65	F	1	0	X	X
197901765	56092517	65	F	1	0	X	X
197912306	56090628	58	F	1	1	X	X
197912321	56089529	58	F	1	1	X	X
197912322	56089529	23	F	1	2	X	517508358
197912323	56089529	62	M	1	0	X	517507418
197912372	56089304	58	F	1	1	X	X
197912373	56089304	23	F	1	2	X	517506556
197912390	56090374	58	F	1	1	X	X
197912391	56090374	23	F	1	2	X	517507178
198127155	56092350	52	M	1	0	X	X
198127156	56088163	52	M	1	0	X	X
198169364	56092703	29	F	1	10	X	517432368
198169379	56090400	33	M	1	0	X	517506880
198771664	56090271	5	M	1	5	X	X
198771688	56090113	5	M	1	5	X	X
198771690	56090113	46	F	1	1	X	517506396
198771702	56088679	46	F	1	1	X	517507217
198816279	56093526	3	M	1	5	X	X
198816280	56093526	10	F	1	5	450097561	X
198816283	56093526	16	M	1	5	450097560	X
198816284	56093526	3	F	1	5	X	X
198816285	56093526	14	F	1	5	450097563	X
198816286	56093526	13	M	1	5	450097563	X
198816287	56093526	12	M	1	5	450097563	X
198816289	56093526	37	F	1	2	X	517423694
198816290	56093526	56	M	1	1	X	517423759
198816291	56093526	57	F	1	0	X	X
198816319	56090958	10	F	1	5	450088468	X
198816320	56090958	48	M	1	7	X	X
198816321	56090958	8	M	1	5	450088468	X
198816322	56090958	16	M	1	5	450091631	X
198816323	56090958	3	F	1	5	X	X
198816324	56090958	14	F	1	5	450101788	X
198816329	56090958	56	M	1	1	X	517506451
198816332	56093147	10	F	1	5	450097561	X
198816334	56093147	8	M	1	5	450097561	X
198816340	56093147	11	F	1	5	450097561	X
198816341	56093147	37	F	1	2	X	517423759
198816343	56093147	57	F	1	0	X	X
198816348	56094158	16	M	1	5	450097562	X
198816349	56094158	3	F	1	5	X	X
198816352	56094158	12	M	1	5	450097563	X
198816356	56094158	57	F	1	0	X	X
198816357	56090920	3	M	1	5	X	X
198816359	56090920	48	M	1	7	X	X
198816366	56090920	11	F	1	5	450088468	X
198816367	56090920	37	F	1	2	X	506926618
198816383	56093413	3	M	1	5	X	X
198816384	56093413	10	F	1	5	450097561	X
198816385	56093413	48	M	1	7	X	X
198816388	56093413	3	F	1	5	X	X
198816390	56093413	13	M	1	5	450097563	X
198816391	56093413	12	M	1	5	450097563	X
198816392	56093413	11	F	1	5	450097561	X
198816393	56093413	37	F	1	2	X	517414120
198816395	56093413	57	F	1	0	X	X
198816427	56093445	3	F	1	5	X	X
198816429	56093445	13	M	1	5	450097563	X
198816433	56093445	56	M	1	1	X	517423648
198816434	56093445	57	F	1	0	X	X
198816440	56090501	3	F	1	5	X	X
198816444	56090501	11	F	1	5	450088468	X
198816447	56090501	57	F	1	0	X	X
198816461	56090938	3	M	1	5	X	X
198816464	56090938	8	M	1	5	450088468	X
198816465	56090938	16	M	1	5	450091631	X
198816466	56090938	3	F	1	5	X	X
198816467	56090938	14	F	1	5	450101788	X
198816469	56090938	12	M	1	5	450101788	X
198816470	56090938	11	F	1	5	450088468	X
198926969	56088041	28	F	1	1	X	517506709
198926973	56092347	1	F	1	2	X	X
198926974	56092347	33	M	1	0	X	517506451
198926975	56092347	28	F	1	1	X	517506451
198936758	56092405	25	F	1	2	X	517506406
198936759	56092405	49	F	1	0	X	517506761
198936760	56092405	51	M	1	1	X	X
198936780	56090719	49	F	1	0	X	517506285
198936781	56090719	51	M	1	1	X	X
198936797	56092054	25	F	1	2	X	517506365
198936839	56091304	25	F	1	2	X	517506352
198936862	56089633	51	M	1	1	X	X
198936895	56089195	51	M	1	1	X	X
199030354	56088953	46	M	1	0	X	517508109
199059215	56092829	44	F	1	0	X	517432302
199158030	56090539	72	F	1	0	X	X
199158031	56091920	72	F	1	0	X	X
199454336	56091823	58	F	1	0	X	517506463
199454353	56088798	58	F	1	0	X	517507432
199454356	56091500	58	F	1	0	X	517506451
199523588	56094559	49	M	1	0	X	517423740
199604364	56093250	56	M	1	0	X	517423669
199761920	56087817	54	M	1	9	X	517506451
199761922	56087817	43	F	1	7	X	517507220
199761953	56092111	54	M	1	9	X	517369727
199761954	56092111	71	F	1	0	X	X
199762877	56093159	64	F	1	0	X	X
199762878	56093159	69	M	1	1	X	517432303
199762891	56088031	64	F	1	0	X	X
200429990	56088252	38	M	1	0	X	517506818
200430000	56091153	38	M	1	0	X	517506451
200430015	56092103	38	M	1	0	X	517506337
200430018	56088335	38	M	1	0	X	517507932
200430030	56088654	38	M	1	0	X	517506741
200430039	56088938	38	M	1	0	X	517506352
200430043	56093920	38	M	1	0	X	517423593
200430045	56091438	38	M	1	0	X	517506451
200430046	56093725	38	M	1	0	X	517423739
200430055	56094198	38	M	1	0	X	517423718
200430057	56088830	38	M	1	0	X	517506741
200471330	56089362	19	F	1	10	X	517508283
200471331	56089362	27	M	1	0	X	517507223
200491422	56091454	6	M	1	2	450088468	X
200491423	56091454	39	F	1	0	X	517506451
200590501	56093177	67	F	1	1	X	X
200654639	56089446	66	F	1	0	X	X
201236683	56093029	11	F	9	5	450097563	X
201254879	56094633	61	F	1	1	X	517423714
201254897	56088754	61	F	1	1	X	517506655
201451794	56092309	64	M	1	0	X	X
201451820	56091959	64	M	1	0	X	X
201451821	56091959	65	F	1	1	X	X
201663754	56088522	13	F	1	2	450093610	X
201663757	56088522	14	F	1	2	450093610	X
201663791	56089290	43	M	1	0	X	517506451
201672794	56093336	6	M	4	2	450066968	X
201672796	56093336	42	M	1	0	X	517423759
201672799	56091039	0	M	1	2	X	X
201672800	56091039	6	M	4	2	450066968	X
201672801	56091039	12	F	4	2	450067304	X
201672802	56091039	42	M	1	0	X	517506636
201672803	56091039	38	F	4	1	X	X
201672811	56092757	0	M	1	2	X	X
201672813	56092757	12	F	4	2	450067304	X
201672815	56092757	38	F	4	1	X	X
201672847	56093256	0	M	1	2	X	X
201672848	56093256	6	M	4	2	450066968	X
201672849	56093256	12	F	4	2	450067304	X
201672852	56093256	16	F	4	2	450063600	517423593
201672878	56092925	6	M	4	2	450066968	X
201783287	56090027	82	F	1	0	X	X
201869086	56093341	44	F	1	1	X	X
201869128	56087959	17	M	1	2	450063600	X
201869130	56087959	44	F	1	1	X	X
201869135	56092087	44	M	1	0	X	X
201869197	56092077	13	F	1	2	450101788	X
201869199	56092077	44	M	1	0	X	X
202090532	56088951	53	M	1	0	X	517506332
202272457	56091141	52	F	1	0	X	517506632
202272458	56091141	58	M	1	1	X	517506451
202272471	56092644	52	F	1	0	X	517432482
202272472	56092644	58	M	1	1	X	517432368
202272479	56089703	52	F	1	0	X	517506451
202272481	56089105	52	F	1	0	X	517506451
202272482	56089105	58	M	1	1	X	517662850
202578241	56092607	52	F	1	1	X	517432297
202578242	56092607	47	M	1	0	X	517432357
202578243	56089920	11	M	1	2	450093610	X
202578244	56089920	14	M	1	2	450091631	X
202578295	56094518	11	M	1	2	450097563	X
202578296	56094518	14	M	1	2	450097562	X
202578297	56094518	52	F	1	1	X	517423759
202578351	56091339	11	M	1	2	450101788	X
202578354	56091339	47	M	1	0	X	517506385
202578416	56092883	14	M	1	2	450097562	X
202578435	56088705	11	M	1	2	450093610	X
202901287	56094446	34	F	1	1	X	517423723
202901290	56093286	34	F	1	1	X	517423658
202901291	56093286	36	M	1	0	X	517423632
203130628	56091779	46	F	1	1	X	517506451
203130629	56091779	47	M	1	0	X	517506396
203585667	56091014	52	M	1	0	X	517506451
203585668	56091014	50	F	1	1	X	517506451
203585671	56090019	52	M	1	0	X	517507230
203585699	56092867	52	M	1	0	X	517389658
203585713	56091250	52	M	1	0	X	517506224
203599740	56093776	63	F	1	1	X	517423669
203599741	56093776	56	M	1	0	X	517423759
203599768	56088745	63	F	1	1	X	517506451
203599774	56088650	63	F	1	1	X	517506730
203599775	56088650	56	M	1	0	X	517507180
203599786	56093874	63	F	1	1	X	517423825
203599804	56093623	63	F	1	1	X	517423593
203599805	56093623	56	M	1	0	X	517423536
203943831	56093375	19	M	1	2	X	X
203943896	56090990	49	F	1	0	X	517506396
203943899	56092770	19	M	1	2	X	X
203943905	56088570	19	M	1	2	X	X
203943906	56088570	49	F	1	0	X	517507247
203943929	56092470	19	M	1	2	X	X
203943936	56092051	49	F	1	0	X	517506300
203943993	56092790	19	M	1	2	X	X
203943994	56092790	49	F	1	0	X	517432476
204030314	56091937	3	F	1	2	X	X
204030315	56091937	27	M	1	1	X	517506451
204030317	56091937	26	F	1	0	X	X
204030338	56089982	6	M	1	2	450088468	X
204030341	56089982	4	F	1	2	450094430	X
204030343	56091006	6	M	1	2	450088468	X
204030345	56091006	27	M	1	1	X	517506232
204030346	56091006	4	F	1	2	450094430	X
204030347	56091006	26	F	1	0	X	X
204750839	56089248	57	F	1	0	X	517508066
204775000	56089733	71	M	1	0	X	X
204775015	56087943	69	F	1	1	X	517507431
204775016	56087943	71	M	1	0	X	X
204775021	56094208	69	F	1	1	X	517423536
204775022	56094208	71	M	1	0	X	X
204775038	56092356	71	M	1	0	X	X
204916253	56089935	56	F	1	0	X	517506761
204916254	56088556	58	M	1	1	X	517506451
204916255	56088556	56	F	1	0	X	517507260
204916278	56092193	58	M	1	1	X	517506451
204916280	56089137	58	M	1	1	X	517508002
204916290	56094498	58	M	1	1	X	517423601
204916291	56094498	56	F	1	0	X	517423536
204916324	56089102	58	M	1	1	X	517506451
204916338	56093200	58	M	1	1	X	506643438
204916339	56093200	56	F	1	0	X	517423781
205043714	56090866	61	F	1	0	X	X
205043715	56091332	61	F	1	0	X	X
205043720	56091592	61	F	1	0	X	X
205043722	56088559	61	F	1	0	X	X
205659011	56094245	28	M	1	0	X	517423593
206021606	56093685	50	M	1	0	X	517423614
206034502	56088203	1	F	1	2	X	X
206103130	56090071	55	F	1	0	X	517508362
206103139	56088009	54	M	1	1	X	517506280
206103140	56088009	55	F	1	0	X	517506557
206103146	56091461	55	F	1	0	X	517506451
206528711	56088298	22	M	1	2	X	517507179
206528736	56089022	42	F	1	0	X	517507192
206528765	56088394	22	M	1	2	X	517507625
206528773	56088164	22	M	1	2	X	517508595
207025709	56090918	49	M	1	1	X	X
207025710	56089466	16	F	1	2	X	X
207025711	56089466	51	F	1	0	X	517507236
207025712	56089466	49	M	1	1	X	X
207060051	56090710	49	M	1	1	X	517423834
207060052	56090710	7	M	1	2	450088468	X
207060098	56094662	46	F	1	0	X	517423597
207060099	56094662	49	M	1	1	X	517423759
207060100	56094662	7	M	1	2	450097561	X
207275630	56090810	48	F	1	1	X	517506380
207275631	56090810	20	M	1	2	X	X
207450102	56092934	60	F	1	1	X	X
207535203	56089088	60	F	1	0	X	517506451
207535210	56092277	61	M	1	1	X	517506451
207535217	56088901	60	F	1	0	X	517508343
207594996	56091023	67	F	1	1	X	X
207594997	56091023	69	M	1	0	X	517506451
207595053	56094067	69	M	1	0	X	517423617
207595060	56091315	67	F	1	1	X	X
207722333	56093714	34	M	1	0	X	517423714
207947926	56087894	87	F	1	0	X	X
207947929	56088144	87	F	1	0	X	X
207947935	56092715	87	F	1	0	X	X
208050078	56090031	54	F	1	1	X	X
208050094	56093904	54	F	1	1	X	X
208676198	56089309	20	M	1	0	X	517507432
208676200	56089309	1	F	1	2	X	X
208676237	56090996	20	M	1	0	X	517506451
208676238	56090996	19	F	1	10	X	517506451
208676350	56091559	1	F	1	2	X	X
208676396	56090519	20	M	1	0	X	517506451
208712884	56092666	6	M	1	2	450097561	X
208712886	56092666	36	M	1	0	X	517432474
208712904	56092692	36	M	1	0	X	517432346
208712911	56091815	6	M	1	2	450088468	X
208712913	56091815	36	M	1	0	X	517506451
208712931	56091201	36	M	1	0	X	517506451
208712932	56093919	6	M	1	2	450097561	X
208722884	56091933	79	M	1	0	X	X
208722889	56090993	69	F	1	1	X	X
208722890	56090993	79	M	1	0	X	X
208722891	56090993	67	M	1	7	X	X
208722896	56092302	79	M	1	0	X	X
208722897	56092302	67	M	1	7	X	X
208722906	56091040	67	M	1	7	X	X
208722908	56088407	79	M	1	0	X	X
208722917	56090369	79	M	1	0	X	X
208722918	56090369	67	M	1	7	X	X
208722933	56088800	67	M	1	7	X	X
208722936	56091925	67	M	1	7	X	X
208722937	56092012	69	F	1	1	X	X
208722938	56092012	79	M	1	0	X	X
208722939	56092012	67	M	1	7	X	X
208722943	56090287	69	F	1	1	X	X
208722946	56093382	69	F	1	1	X	X
208722948	56093382	67	M	1	7	X	X
208722961	56091391	69	F	1	1	X	X
208722963	56091391	67	M	1	7	X	X
208722965	56092420	79	M	1	0	X	X
208803353	56088795	87	F	1	0	X	X
208839481	56093523	23	M	1	2	X	517423759
208839483	56093523	49	M	1	0	X	517423821
208840022	56093818	9	M	1	2	450097561	X
208840023	56093818	36	M	1	1	X	517423566
208840024	56093818	5	M	1	2	450094430	X
208840025	56093818	6	F	1	2	450097561	X
208840113	56093305	36	M	1	1	X	517423529
208840114	56093305	5	M	1	2	450094430	X
208980527	56088271	69	F	1	0	X	X
209244110	56093429	33	M	1	10	X	517423669
209244111	56093429	36	F	1	0	X	517423723
209244187	56088896	36	F	1	0	X	517507236
209244230	56094135	33	M	1	10	X	517423536
209244231	56094135	36	F	1	0	X	517423528
209339931	56088242	70	M	1	0	X	517506308
209339938	56094552	16	F	1	2	X	517423579
209339954	56089829	16	F	1	2	X	517506451
209339955	56089829	70	M	1	0	X	517506451
209339960	56093458	16	F	1	2	X	517423678
209339961	56093458	70	M	1	0	X	517423536
209339967	56087933	70	M	1	0	X	517508153
209339969	56090241	70	M	1	0	X	517506770
209339970	56089892	16	F	1	2	X	517508014
209339971	56089892	70	M	1	0	X	517506669
209339972	56091611	16	F	1	2	X	517506451
209339973	56091611	70	M	1	0	X	517506451
209339980	56088086	16	F	1	2	X	517506556
209339981	56088086	70	M	1	0	X	517507244
209339985	56090322	70	M	1	0	X	517508498
209412157	56091853	78	F	1	0	X	517506451
209412158	56091853	47	M	1	2	X	506146301
209479635	56092882	9	F	1	2	450097561	X
209479636	56092882	47	F	1	0	X	517432301
209876668	56094170	82	F	1	0	X	X
209978471	56093041	59	M	1	0	X	517432368
210295236	56091829	31	M	1	1	X	517506451
210414301	56093431	73	M	1	0	X	517423669
210414302	56093431	70	F	1	1	X	X
210433206	56092505	0	F	9	7	X	X
210495754	56091620	46	M	1	0	X	517423759
210495755	56088660	46	M	1	0	X	517506693
210619599	56090317	16	M	1	2	450091631	X
210619601	56090317	18	F	1	2	450091631	517507512
210619602	56090317	48	M	1	1	X	517507234
210619683	56089752	16	M	1	2	450091631	X
210619684	56089752	46	F	1	0	X	517508873
210619685	56089752	18	F	1	2	450091631	517508002
210619686	56089752	48	M	1	1	X	517508179
210789484	56088659	50	F	1	0	X	517508884
210789485	56088659	44	M	1	1	X	517508092
210789496	56088910	50	F	1	0	X	517508296
210789497	56088910	44	M	1	1	X	517506489
211013510	56094119	36	M	1	9	X	517423650
211013520	56088169	36	M	1	9	X	517507430
211013522	56094081	36	M	1	9	X	517423593
211121013	56089514	24	F	1	0	X	517507431
211129976	56089214	12	F	1	2	450093610	X
211129978	56089214	43	F	1	1	X	X
211129979	56089233	53	M	1	0	X	517508804
211129981	56089233	2	F	1	2	X	X
211129983	56089233	17	F	1	2	X	X
211130009	56092547	53	M	1	0	X	517432476
211130010	56092547	20	M	1	6	X	517432301
211130013	56092547	17	F	1	2	X	X
211130020	56092624	43	F	1	1	X	X
211130036	56092066	12	F	1	2	450101788	X
211130037	56092066	17	F	1	2	X	X
211190335	56092587	36	M	1	1	X	517432286
211190338	56092587	2	M	1	2	X	X
211190341	56092745	36	M	1	1	X	506643567
211190342	56092745	31	F	1	0	X	X
211190343	56092745	7	M	1	2	450097561	X
211190345	56092745	1	F	1	2	X	X
211190365	56092678	36	M	1	1	X	517432351
211190369	56092678	1	F	1	2	X	X
211190376	56090666	9	M	1	2	450088468	X
211190377	56090666	36	M	1	1	X	517506451
211190378	56090666	31	F	1	0	X	X
211190379	56090666	7	M	1	2	450088468	X
211190389	56092046	36	M	1	1	X	517506451
211190392	56092046	2	M	1	2	X	X
211190406	56093125	9	M	1	2	450097561	X
211190408	56093125	31	F	1	0	X	X
211190409	56093125	7	M	1	2	450097561	X
211190446	56091562	2	M	1	2	X	X
211190447	56091562	1	F	1	2	X	X
211190462	56092525	31	F	1	0	X	X
211190463	56092525	7	M	1	2	450091630	X
211190464	56092525	2	M	1	2	X	X
211190465	56092525	1	F	1	2	X	X
211407983	56088423	50	F	1	0	X	517506556
211407985	56088551	50	F	1	0	X	517507281
211408008	56094260	59	M	1	1	X	517423628
211408012	56092722	59	M	1	1	X	517432354
211408013	56092722	50	F	1	0	X	517432368
211533338	56094520	68	M	1	0	X	517423536
211533341	56091130	68	M	1	0	X	517506238
211533349	56094619	68	M	1	0	X	517423759
211533350	56094013	68	M	1	0	X	517423669
211533351	56090563	68	M	1	0	X	517506300
211779117	56087918	74	F	1	0	X	X
211779129	56088228	74	F	1	0	X	X
211913135	56093720	79	M	1	0	X	X
212111459	56090828	46	M	1	0	X	517506451
212111460	56090828	50	F	3	1	X	X
212122685	56091677	30	F	1	0	X	517506238
212122686	56089575	30	F	1	0	X	517507454
212122690	56091658	30	F	1	0	X	517506451
212392590	56088315	51	M	1	1	X	517506451
212392591	56088315	38	F	1	0	X	517508002
212392593	56088315	9	M	1	2	450088468	X
212392597	56094095	5	F	1	2	X	X
212392620	56092119	51	M	1	1	X	517284521
212392622	56092119	5	F	1	2	X	X
212462203	56091048	74	F	1	0	X	517506451
212462208	56092600	74	F	1	0	X	517432445
212783028	56091347	16	M	1	2	450091631	517423528
212783030	56091347	55	M	1	1	X	517506402
212800194	56093061	50	F	1	0	X	X
212800209	56088731	50	F	1	0	X	X
212800211	56092352	50	F	1	0	X	X
212800216	56093074	50	F	1	0	X	X
213024341	56089115	86	M	9	0	X	X
213024355	56093478	86	M	9	0	X	X
213024369	56090940	86	M	9	0	X	X
213024375	56090564	86	M	9	0	X	X
213024382	56093070	86	M	9	0	X	X
213054114	56089644	17	M	1	2	450091631	517508285
213054115	56089644	53	M	1	1	X	517506741
213073384	56093985	41	F	1	0	X	517423536
213073392	56093514	41	F	1	0	X	517423759
213073393	56093514	46	M	1	10	X	517423740
213073398	56087958	41	F	1	0	X	517507425
213073399	56087958	46	M	1	10	X	517507636
213365285	56090994	54	F	1	0	X	X
213365286	56090994	61	M	1	1	X	517339295
213975918	56088966	59	M	1	1	X	517506674
213975935	56093742	61	F	1	0	X	X
214029394	56091309	44	F	1	1	X	517506348
214029395	56091309	51	M	1	0	X	517506451
214131153	56090278	72	F	1	0	X	X
214193630	56093546	45	M	1	0	X	517423569
214193655	56094240	45	M	1	0	X	517423678
214193674	56093219	45	M	1	0	X	517423694
214193701	56094590	45	M	1	0	X	517423593
214240682	56094079	27	M	1	0	X	517432357
214405277	56090219	14	F	1	2	450091631	X
214405279	56090219	37	F	1	0	X	517508002
214405280	56090219	42	M	1	1	X	517508086
214505964	56088785	75	F	1	0	X	X
214505965	56090446	75	F	1	0	X	X
214505978	56092247	75	F	1	0	X	X
214505981	56088904	75	F	1	0	X	X
214661606	56087971	14	M	1	5	450091631	X
214661607	56087971	60	M	1	0	X	517506556
214935442	56093269	14	M	1	2	450097560	X
214935443	56093269	47	F	1	1	X	517423585
214935444	56093269	44	M	1	0	X	517423593
214935445	56093269	14	F	1	2	450097560	X
214935467	56094136	47	F	1	1	X	517423723
214935469	56094136	14	F	1	2	450097562	X
215242236	56088153	84	F	1	0	X	X
215489506	56091359	5	F	1	2	450088468	X
215489507	56091359	30	F	1	10	X	X
215606478	56093676	30	F	1	1	X	517423669
215606479	56093676	53	M	1	0	X	517423528
215606488	56091415	30	F	1	1	X	517506451
215606491	56089779	53	M	1	0	X	517508538
215706205	56088624	40	M	1	12	X	X
215706206	56088624	8	F	1	2	450088468	X
215706207	56088624	9	M	1	2	450088468	X
215706218	56091715	16	M	1	2	450091631	517506567
215706220	56091715	40	M	1	12	X	X
215706221	56091715	8	F	1	2	450101788	X
215865151	56088159	49	M	1	0	X	517507785
215865155	56092916	49	M	1	0	X	517423778
215961521	56091912	75	M	1	1	X	X
215961522	56091912	68	F	1	0	X	X
215997162	56094408	15	F	1	2	450097562	X
215997163	56094408	50	M	1	1	X	517423704
215997164	56094408	50	F	1	0	X	517423640
216008039	56089135	34	F	1	0	X	517508396
216008047	56092192	34	F	1	0	X	517506451
216008048	56092192	36	M	1	1	X	517506451
216008075	56094073	34	F	1	0	X	517423579
216008080	56094353	36	M	1	1	X	517507226
216008107	56089432	34	F	1	0	X	517507256
216008108	56089432	36	M	1	1	X	517506451
216008113	56092839	34	F	1	0	X	517432297
216008119	56090250	34	F	1	0	X	517507183
216008120	56090250	36	M	1	1	X	517508262
216021614	56090973	61	F	1	0	X	X
216021615	56089081	61	F	1	0	X	X
216189917	56091435	59	F	1	1	X	517339295
216189918	56091435	60	M	1	0	X	517506451
216189925	56092953	31	M	1	2	X	517432476
216189926	56092953	59	F	1	1	X	517432301
216496646	56091044	68	F	1	1	X	X
216496647	56091044	73	M	1	0	X	517506451
216496650	56089902	68	F	1	1	X	X
216496651	56089902	73	M	1	0	X	517506713
216710393	56092248	6	M	1	2	450088468	X
216710394	56092248	10	F	1	2	450101788	X
216710395	56092248	40	F	1	1	X	517506371
216710397	56092248	14	F	1	2	450091631	X
216760864	56088993	46	M	1	0	X	X
216760865	56088993	8	M	1	2	450088468	X
216760866	56088993	41	F	1	1	X	517506700
216760870	56090442	46	M	1	0	X	X
216760871	56090442	8	M	1	2	450088468	X
216760891	56093033	46	M	1	0	X	X
216760892	56093033	8	M	1	2	450097561	X
216760893	56093033	41	F	1	1	X	517432302
216845780	56088130	72	M	1	0	X	X
216914352	56090571	33	F	1	0	X	X
216914353	56090571	42	M	1	10	X	517506380
217435975	56088661	27	M	1	0	X	517506380
217435976	56088661	24	F	1	1	X	517506451
217435977	56088661	2	F	1	2	X	X
217435978	56091843	27	M	1	0	X	517506451
217435980	56091843	2	F	1	2	X	X
217435994	56091716	24	F	1	1	X	517506451
217566165	56094398	57	M	1	1	X	517423593
217566166	56094398	56	F	1	0	X	X
217566169	56093493	57	M	1	1	X	517423593
217566171	56092524	57	M	1	1	X	517374322
217566172	56092524	56	F	1	0	X	X
217613410	56091178	21	M	1	12	X	517506451
217613421	56092063	27	M	1	0	X	517506296
217613432	56087969	21	M	1	12	X	517507453
217628767	56094103	53	M	1	0	X	517423822
217760664	56094098	56	M	1	0	X	X
217760685	56089157	56	M	1	0	X	X
217760686	56090669	56	M	1	0	X	X
217986003	56093280	12	F	1	2	450097563	X
217986004	56093280	8	F	1	2	450097561	X
217986005	56093280	32	M	1	0	X	517423759
217986007	56093280	34	F	1	1	X	517423718
218095989	56089278	17	M	1	2	450091631	X
218095990	56089278	45	F	1	0	X	517662860
218095991	56089278	46	M	1	1	X	517506337
218095992	56089278	21	M	1	2	X	517508066
218096014	56090975	17	M	1	2	450091631	X
218096015	56090975	45	F	1	0	X	517506451
218096016	56090975	46	M	1	1	X	517507459
218096040	56090257	45	F	1	0	X	517507407
218096041	56090257	46	M	1	1	X	517506676
218096042	56090257	21	M	1	2	X	517507470
218096043	56090257	19	F	1	2	X	X
218096060	56088948	45	F	1	0	X	517508834
218096061	56088948	46	M	1	1	X	517506451
218096063	56088948	19	F	1	2	X	X
218096090	56089957	45	F	1	0	X	517506451
218096091	56089957	46	M	1	1	X	517507438
218096092	56089957	21	M	1	2	X	517506451
218364001	56087804	40	M	1	0	X	517508456
218364006	56092036	40	M	1	0	X	517506451
218387265	56091939	8	F	1	7	450088468	X
218387266	56091939	31	M	1	7	X	517506451
218387271	56091434	26	F	1	1	X	X
218387272	56091434	8	F	1	7	450088468	X
218387273	56091434	31	M	1	7	X	506926647
218387276	56091434	30	M	1	7	X	517506451
218387277	56091434	29	F	1	7	X	X
218387279	56088552	8	F	1	7	450088468	X
218387280	56088552	31	M	1	7	X	517508065
218387281	56088552	0	F	1	2	X	X
218387284	56088552	29	F	1	7	X	X
218387285	56088492	26	F	1	1	X	X
218387286	56088492	8	F	1	7	450088468	X
218387287	56088492	31	M	1	7	X	517506404
218387288	56088492	0	F	1	2	X	X
218387290	56088492	30	M	1	7	X	517506661
218387334	56094642	26	F	1	1	X	X
218387337	56094642	0	F	1	2	X	X
218387338	56094642	36	M	1	0	X	517423653
218387339	56094642	30	M	1	7	X	517507203
218387340	56094642	29	F	1	7	X	X
218508351	56088878	86	M	1	0	X	X
218508356	56088523	86	M	1	0	X	X
218508366	56089256	86	M	1	0	X	X
218508381	56088927	86	M	1	0	X	X
218508382	56090223	86	M	1	0	X	X
218536297	56088262	76	M	1	0	X	X
218536298	56088262	73	F	1	1	X	X
218666584	56093319	5	M	9	2	450097561	X
218666587	56093319	35	F	1	0	X	517423759
218747581	56092710	31	M	1	3	X	517423610
218993672	56088936	61	M	1	0	X	517508781
219135644	56093270	43	M	9	0	X	517423597
219208861	56092086	72	F	1	0	X	X
219658067	56089781	48	F	1	0	X	517662730
219658068	56089781	15	M	1	11	450091631	X
219658071	56090870	48	F	1	0	X	517507445
219658072	56090870	15	M	1	11	450091631	X
219755949	56093834	68	M	1	1	X	X
219755958	56091115	70	F	1	0	X	X
220224628	56092115	1	F	1	2	X	X
220224629	56092115	33	M	1	0	X	517506451
220392191	56089746	43	F	1	0	X	517506431
220392238	56093974	13	M	1	2	450097563	X
220392241	56091574	13	M	1	2	450101788	X
220392243	56091574	15	M	1	2	450101788	X
220454414	56093314	20	F	1	1	X	X
220454419	56092259	1	F	1	2	X	X
221095323	56093591	48	M	1	0	X	517423759
221170871	56093975	41	M	1	1	X	517423669
221170872	56093975	11	M	9	2	450097563	X
221170874	56093975	12	M	9	2	450097563	X
221215196	56092941	56	M	1	0	X	X
221215205	56089777	53	F	1	1	X	517506761
221273345	56090717	63	F	1	0	X	X
221315858	56089723	69	F	1	0	X	X
221315860	56091001	69	F	1	0	X	X
221461823	56090004	21	F	1	0	X	517506451
221461825	56090004	21	M	1	9	X	517508499
221461828	56091705	21	M	1	9	X	517506348
221637986	56088253	71	M	1	0	X	X
221637990	56092251	71	M	1	0	X	X
221637991	56092251	54	F	1	1	X	517506416
221637992	56089445	71	M	1	0	X	X
221637995	56088256	54	F	1	1	X	517506741
221638015	56087821	54	F	1	1	X	517508293
221638021	56091739	54	F	1	1	X	517506451
221638026	56088184	71	M	1	0	X	X
221786028	56092149	2	F	1	2	X	X
221786029	56092149	39	F	1	1	X	X
221786090	56088125	41	M	1	0	X	517506708
221786091	56088125	2	F	1	2	X	X
221786092	56088125	39	F	1	1	X	X
221786093	56093769	41	M	1	0	X	517423694
221786094	56093769	2	F	1	2	X	X
221786150	56087861	41	M	1	0	X	517506451
221786151	56087861	2	F	1	2	X	X
221786153	56091875	41	M	1	0	X	517506451
221786155	56091875	39	F	1	1	X	X
221886573	56093131	46	M	9	0	X	517432337
222133280	56088297	79	F	1	0	X	X
222133288	56093240	79	F	1	0	X	X
222133289	56093240	37	M	1	5	X	X
222133306	56090926	79	F	1	0	X	X
222133311	56091926	37	M	1	5	X	X
222133317	56093267	37	M	1	5	X	X
222142702	56090008	69	F	1	0	X	X
222213151	56092392	6	M	1	2	450088468	X
222213152	56092392	9	M	1	2	450101788	X
222398893	56088834	52	M	1	1	X	517508482
222398894	56088834	60	F	1	0	X	517506451
222398909	56089130	52	M	1	1	X	517663305
222398914	56094517	60	F	1	0	X	517423718
222398920	56090082	60	F	1	0	X	517507431
222398922	56089187	60	F	1	0	X	517508057
222398925	56088651	52	M	1	1	X	517507220
222398926	56088651	60	F	1	0	X	517507230
222398941	56094587	52	M	1	1	X	517423593
222398957	56087926	52	M	1	1	X	517508726
222398978	56089121	60	F	1	0	X	517506741
222398985	56092880	52	M	1	1	X	517432482
222398986	56092880	60	F	1	0	X	517432362
222398997	56090364	52	M	1	1	X	517506300
222398998	56090364	60	F	1	0	X	517663345
222399001	56092172	52	M	1	1	X	517506451
222439633	56088478	49	F	1	1	X	517507229
222439636	56093728	51	M	1	0	X	517423593
222439646	56093888	51	M	1	0	X	517423669
222439663	56092508	49	F	1	1	X	517432303
222512825	56088999	42	M	1	0	X	517506661
222512827	56088999	17	M	1	12	X	X
222530197	56092448	12	M	1	2	450101788	X
222530198	56092448	9	M	1	2	450101788	X
222530199	56092448	38	M	1	1	X	517506451
222530217	56093740	12	M	1	2	450097563	X
222530218	56093740	9	M	1	2	450097561	X
222530219	56093740	38	M	1	1	X	517423708
222613928	56091970	64	F	1	1	X	X
222663935	56087936	54	F	1	3	X	X
222663936	56087936	57	F	1	0	X	517663243
222663943	56092730	14	M	1	2	450097563	X
222663945	56092730	57	F	1	0	X	517380503
222663976	56088074	14	M	1	2	450093610	X
222663994	56092838	14	M	1	2	450097563	X
222663995	56092838	54	F	1	3	X	X
222767032	56091751	59	F	1	0	X	517506451
222767033	56090270	59	F	1	0	X	517506416
222915948	56090621	67	M	1	0	X	X
223133072	56092682	86	F	1	0	X	X
223133076	56092779	86	F	1	0	X	X
223133077	56092978	86	F	1	0	X	X
223207444	56093264	72	M	1	0	X	X
223207458	56094454	72	M	1	0	X	X
223309672	56091505	85	M	1	0	X	X
223309673	56091505	85	F	1	1	X	X
223309696	56090415	85	M	1	0	X	X
223309697	56090415	85	F	1	1	X	X
223309702	56090288	85	M	1	0	X	X
223309704	56093104	85	M	1	0	X	X
223309705	56093104	85	F	1	1	X	X
223309732	56089894	85	M	1	0	X	X
223309733	56089894	85	F	1	1	X	X
223309738	56088307	85	M	1	0	X	X
223309739	56088307	85	F	1	1	X	X
223518638	56094405	43	F	3	1	X	517423593
223518639	56094405	14	F	3	2	450097563	X
223518690	56091741	14	F	3	2	450101788	X
223518706	56092571	27	M	1	0	X	517432299
223518730	56088078	27	M	1	0	X	517508358
223518732	56088078	14	F	3	2	450093610	X
223894248	56091295	15	F	1	2	450091631	X
223894250	56088275	41	M	1	0	X	517506556
223894251	56088275	15	F	1	2	450091631	X
223894252	56088275	15	M	1	2	450091631	X
223894263	56092546	15	F	1	2	450097560	X
223894264	56092546	15	M	1	2	450097560	X
223894278	56094029	15	F	1	2	450097560	X
223894279	56094029	15	M	1	2	450097560	X
223894304	56089043	41	M	1	0	X	517506708
223894305	56089043	15	F	1	2	450091631	X
224282541	56088669	12	F	1	2	450093610	X
224282542	56088669	50	M	1	0	X	517507189
224282547	56089993	12	F	1	2	450093610	X
224445380	56092910	49	M	1	0	X	517423534
224445386	56087938	49	M	1	0	X	517506556
224445405	56094495	47	F	1	1	X	517423669
224445406	56094495	49	M	1	0	X	517423614
224445439	56088445	47	F	1	1	X	517508358
224504608	56092256	9	F	1	2	450101788	X
224504627	56090709	33	F	1	0	X	517506451
224504628	56090709	9	F	1	2	450088468	X
224504629	56090709	8	M	1	2	450088468	X
224504630	56090709	35	M	1	1	X	517506451
224504636	56091645	13	M	1	2	450101788	X
224504637	56091645	33	F	1	0	X	517506451
224504687	56090360	33	F	1	0	X	517507175
224504688	56090360	9	F	1	2	450088468	X
224504689	56090360	8	M	1	2	450088468	X
224506140	56090309	55	M	1	1	X	517506419
225258219	56089961	52	F	1	0	X	517506451
225258271	56093244	11	M	6	2	450067304	X
225258273	56093244	52	F	1	0	X	517423593
225258286	56090401	11	M	6	2	450067304	X
225258288	56090401	52	F	1	0	X	517508232
225523790	56092761	52	M	1	0	X	517432368
225523796	56089376	52	M	1	0	X	517508358
225523797	56089376	45	F	1	1	X	X
225523798	56089376	19	F	1	2	X	X
225523799	56092497	52	M	1	0	X	517432302
225523800	56092497	45	F	1	1	X	X
225523801	56092497	19	F	1	2	X	X
225577084	56092831	23	M	1	1	X	517432362
225577085	56092831	4	M	1	2	450057833	X
225577087	56092831	24	F	1	0	X	517432451
225811090	56092557	47	F	1	1	X	X
225811091	56092557	54	M	1	0	X	517432447
225836796	56094595	63	F	1	6	X	X
225836800	56094595	7	F	1	2	450097561	X
225836801	56093170	10	M	1	2	450097561	X
225836817	56091717	31	F	1	0	X	517506451
225836818	56091717	7	F	1	2	450088468	X
225836826	56090492	63	F	1	6	X	X
225836827	56090492	37	M	1	1	X	517506451
225836829	56090492	31	F	1	0	X	517506458
225836830	56090492	7	F	1	2	450088468	X
226263071	56089716	12	M	1	2	450093610	X
226263074	56089716	36	F	1	0	X	X
226263093	56088046	8	M	1	2	450088468	X
226263094	56088046	3	F	1	2	X	X
226263095	56088046	12	M	1	2	450093610	X
226263119	56088821	12	M	1	2	450093610	X
226263121	56088821	41	M	1	1	X	517507796
226263122	56088821	36	F	1	0	X	X
226371219	56091319	15	F	1	2	450091631	X
226371233	56093800	15	F	1	2	450097560	X
226371249	56088719	15	F	1	2	450091631	X
226371250	56088719	36	M	1	0	X	517663299
226371277	56089028	15	F	1	2	450091631	X
226371278	56089028	36	M	1	0	X	517506676
226371281	56094234	15	F	1	2	450097560	X
226371282	56094234	36	M	1	0	X	517423627
226371297	56088577	15	F	1	2	450091631	X
226371310	56088851	36	M	1	0	X	517508165
226371315	56088638	15	F	1	2	450091631	X
226371316	56088638	36	M	1	0	X	517508283
226471595	56088013	87	M	1	0	X	X
226746721	56088549	17	F	1	2	450091631	X
226746723	56091940	17	F	1	2	450091631	X
226746735	56088288	17	F	1	2	450091631	X
226746736	56093658	41	M	1	0	X	X
226746740	56088943	41	M	1	0	X	X
226746741	56088943	17	F	1	2	450091631	X
226746744	56088666	41	M	1	0	X	X
226746767	56091300	17	F	1	2	450091631	X
226746787	56088603	17	F	1	2	450091631	X
226746800	56088612	41	M	1	0	X	X
226746806	56091329	41	M	1	0	X	X
226746810	56088700	41	M	1	0	X	X
226746835	56088883	17	F	1	2	450091631	X
226802323	56090549	83	F	1	0	X	X
226802324	56090549	29	F	8	6	X	517506238
226802325	56090549	48	M	1	2	X	517423593
226802335	56092365	83	F	1	0	X	X
226802336	56092365	29	F	8	6	X	517506451
226802341	56091000	83	F	1	0	X	X
226839568	56093076	81	M	9	0	X	X
226839569	56093198	81	M	9	0	X	X
226915887	56091408	37	F	1	1	X	517506451
226915888	56091408	41	M	1	0	X	517506419
226915890	56091408	0	M	1	5	X	X
226915915	56093228	37	F	1	1	X	517423584
226915917	56093228	19	F	1	2	X	517423669
226916032	56092874	41	M	1	0	X	517432368
226916033	56092874	19	F	1	2	X	517432368
226916034	56092874	0	M	1	5	X	X
226916036	56093581	41	M	1	0	X	517423536
226916038	56093581	0	M	1	5	X	X
226916080	56093624	41	M	1	0	X	517423536
226916081	56093624	19	F	1	2	X	517423615
227065720	56088244	17	F	1	2	450091631	X
227065737	56089393	49	M	1	0	X	517508650
227065753	56090789	49	M	1	0	X	517506451
227065754	56090789	17	F	1	2	450091631	X
227065759	56088373	49	M	1	0	X	517508057
227094801	56088550	34	M	1	2	X	517507225
227094803	56089808	64	F	1	1	X	X
227094805	56089808	67	M	1	0	X	X
227094809	56090480	64	F	1	1	X	X
227094810	56090480	34	M	1	2	X	517506422
227094812	56088485	64	F	1	1	X	X
227094818	56092399	64	F	1	1	X	X
227094819	56092399	34	M	1	2	X	517506451
227094820	56092399	67	M	1	0	X	X
227094824	56088358	64	F	1	1	X	X
227094826	56088358	67	M	1	0	X	X
227094827	56089239	64	F	1	1	X	X
227094829	56089239	67	M	1	0	X	X
227094837	56091918	34	M	1	2	X	517506451
227094866	56088193	64	F	1	1	X	X
227094868	56088193	67	M	1	0	X	X
227094887	56092876	64	F	1	1	X	X
227094888	56092876	34	M	1	2	X	517432368
227094889	56092876	67	M	1	0	X	X
227094894	56091667	34	M	1	2	X	517423678
227094912	56092721	34	M	1	2	X	517432482
227094913	56092721	67	M	1	0	X	X
227094916	56091742	67	M	1	0	X	X
227094917	56092357	64	F	1	1	X	X
227094918	56092357	34	M	1	2	X	517506238
227094920	56092330	64	F	1	1	X	X
227094921	56092330	34	M	1	2	X	517506451
227094922	56092330	67	M	1	0	X	X
227094935	56090246	64	F	1	1	X	X
227094936	56090246	34	M	1	2	X	517508601
227094937	56090246	67	M	1	0	X	X
227094942	56091122	34	M	1	2	X	517506451
227178752	56089323	28	F	1	1	X	517663328
227178753	56089323	29	M	1	0	X	517506372
227227304	56089546	52	F	1	0	X	517507477
227227305	56089546	15	F	1	2	450091631	X
227227306	56089546	13	F	1	2	450093610	X
227227320	56091637	52	F	1	0	X	517506451
227227321	56091637	15	F	1	2	450091631	X
227230027	56094632	44	M	1	0	X	517423759
227230036	56088057	44	M	1	0	X	517507234
227340100	56089763	89	M	1	1	X	X
227423233	56088802	26	F	1	2	X	517507211
227531506	56094216	32	M	1	1	X	517423664
227531511	56094120	4	F	1	2	X	X
227531512	56094120	10	M	1	2	450097563	X
227835313	56090738	58	M	1	0	X	517506451
227835314	56093999	58	M	1	0	X	517423759
227835327	56089274	58	M	1	0	X	517663276
227835328	56089753	58	M	1	0	X	517506451
227992600	56089603	16	F	1	2	450091631	X
227992624	56090638	16	F	1	2	450091631	X
227992625	56090638	18	F	1	2	450091631	X
227992641	56093627	18	F	1	2	450097560	X
227992642	56093627	56	M	1	0	X	X
227992643	56089307	45	F	1	1	X	X
227992644	56089307	16	F	1	2	450091631	X
227992672	56093257	16	F	1	2	450097560	X
227992673	56093257	18	F	1	2	450097560	X
227992674	56093257	56	M	1	0	X	X
228052945	56092491	66	F	1	0	X	X
228336218	56089815	42	F	1	0	X	517506705
228336222	56089412	55	M	1	10	X	517662850
228336223	56089412	11	M	1	2	450093610	X
228336242	56090099	42	F	1	0	X	517506701
228336244	56090099	11	M	1	2	450093610	X
228336260	56088208	42	F	1	0	X	517507433
228336261	56088208	55	M	1	10	X	517507273
228336281	56092337	42	F	1	0	X	517342294
228336282	56092337	55	M	1	10	X	517506451
228451230	56089921	50	F	1	0	X	517506451
228451232	56092548	50	F	1	0	X	517432368
228451241	56088723	57	M	1	1	X	X
228564635	56093015	60	F	1	1	X	517432368
228564636	56093015	61	M	1	0	X	517410065
228578466	56091695	69	F	1	1	X	X
228578489	56088635	72	M	1	0	X	X
228578490	56088635	69	F	1	1	X	X
228614945	56094380	10	F	1	2	450097563	X
228614947	56094380	45	M	1	0	X	517423694
228614948	56094380	8	M	1	2	450097561	X
228615044	56092423	13	M	1	2	450101788	X
228615045	56092423	10	F	1	2	450101788	X
228615046	56092423	44	F	1	1	X	517506701
228615047	56092423	45	M	1	0	X	517506440
228615048	56092423	8	M	1	2	450101788	X
228714396	56091442	79	M	1	0	X	X
228714397	56091442	75	F	1	1	X	X
228714400	56093652	79	M	1	0	X	X
228714427	56090393	75	F	1	1	X	X
228714432	56090372	79	M	1	0	X	X
228714433	56090372	75	F	1	1	X	X
228714435	56090010	75	F	1	1	X	X
228714450	56090267	79	M	1	0	X	X
228714462	56088902	79	M	1	0	X	X
228714463	56088902	75	F	1	1	X	X
229192472	56093969	35	F	1	0	X	517423669
229192473	56093969	42	M	1	1	X	517423723
229192478	56092442	35	F	1	0	X	517423695
229192479	56092442	42	M	1	1	X	517506451
229192490	56091070	35	F	1	0	X	517506238
229192491	56091070	42	M	1	1	X	517369726
229300715	56087960	75	F	1	0	X	X
229714055	56091819	26	M	1	0	X	517506451
229714067	56091465	26	M	1	0	X	517506451
229714068	56091465	23	F	1	1	X	517506451
229714107	56088229	26	M	1	0	X	517506451
229714108	56088229	23	F	1	1	X	517508453
229751873	56090077	71	M	1	0	X	517507710
229751876	56092869	71	M	1	0	X	517432305
229751884	56093088	71	M	1	0	X	517381383
229751891	56088264	71	M	1	0	X	517506451
229808221	56090779	47	F	1	0	X	517506451
229885890	56088111	3	M	1	2	X	X
229885913	56092214	29	M	1	1	X	517506380
229885918	56092401	29	F	1	0	X	X
229885919	56092401	29	M	1	1	X	517376519
229885954	56093199	29	F	1	0	X	X
229885956	56093199	3	M	1	2	X	X
229885967	56088590	29	M	1	1	X	517506867
230425845	56090332	54	M	1	1	X	517507732
230425846	56090332	48	F	1	0	X	517507235
230740016	56090596	59	F	1	0	X	X
230740017	56090755	59	F	1	0	X	X
230740020	56094419	59	F	1	0	X	X
230740030	56087900	59	F	1	0	X	X
230776543	56090311	22	M	1	0	X	517507209
230776544	56090311	0	F	1	2	X	X
230807790	56093400	13	F	1	2	450097563	X
230807791	56093400	14	M	1	2	450097563	X
230807792	56093400	17	F	1	2	450097560	X
230807820	56088034	13	F	1	2	450093610	X
230807821	56088034	14	M	1	2	450093610	X
230807822	56088034	17	F	1	2	450091631	X
230807871	56093912	14	M	1	2	450097563	X
231112276	56091546	27	F	1	1	X	X
231112279	56091546	2	M	1	2	X	X
231185757	56091392	2	M	1	2	X	X
231185758	56091392	35	F	1	0	X	517506451
231185764	56089770	35	F	1	0	X	517507227
231185802	56087884	2	M	1	2	X	X
231185803	56087884	35	F	1	0	X	517506451
231185804	56087884	34	M	1	1	X	517508057
231187414	56093753	60	M	1	0	X	X
231187415	56093753	58	F	1	1	X	X
231187420	56090376	60	M	1	0	X	X
231187421	56090376	58	F	1	1	X	X
231187448	56088281	60	M	1	0	X	X
231187452	56089896	60	M	1	0	X	X
231273572	56093009	60	M	1	0	X	517423593
231273579	56093184	60	F	1	1	X	517432368
231273594	56093392	60	M	1	0	X	517423536
231273595	56093392	60	F	1	1	X	517423529
231279330	56092276	67	F	1	0	X	506926808
231279336	56093202	67	F	1	0	X	517432368
231279338	56090858	67	F	1	0	X	517506451
231979220	56089888	80	F	1	0	X	X
231979224	56088495	80	F	1	0	X	X
231979230	56090221	80	F	1	0	X	X
231979234	56092633	80	F	1	0	X	X
232067418	56092690	7	F	1	2	450097561	X
232067433	56088815	35	F	1	0	X	517507431
232067436	56088404	7	F	1	2	450088468	X
232067455	56091795	35	F	1	0	X	517662850
232067465	56091310	35	F	1	0	X	517506451
232067471	56088672	35	F	1	0	X	517506451
232067473	56093719	35	F	1	0	X	517423680
232067474	56093719	7	F	1	2	450097561	X
232067477	56092737	35	F	1	0	X	517432368
232096104	56092433	71	M	1	1	X	X
232096105	56092433	65	F	1	0	X	517506451
232096122	56089839	71	M	1	1	X	X
232096127	56089995	65	F	1	0	X	517506451
232497943	56090445	37	M	1	0	X	517508747
232497944	56090445	33	F	1	1	X	517506451
232497945	56090445	5	M	1	2	450088468	X
232497946	56090445	7	M	1	2	450088468	X
232497947	56090445	9	F	1	2	450088468	X
232497948	56090445	10	F	1	2	450093610	X
232497949	56090445	13	M	1	2	450093610	X
232497964	56091643	37	M	1	0	X	517506451
232497968	56091643	9	F	1	2	450088468	X
232497969	56091643	10	F	1	2	450101788	X
232497978	56090474	37	M	1	0	X	517506730
232497979	56090474	33	F	1	1	X	517506451
232497980	56090474	5	M	1	2	450088468	X
232497981	56090474	7	M	1	2	450088468	X
232497982	56090474	9	F	1	2	450088468	X
232497984	56090474	13	M	1	2	450093610	X
232497988	56088833	7	M	1	2	450088468	X
232497989	56088833	9	F	1	2	450088468	X
232497990	56088833	10	F	1	2	450093610	X
232497991	56088833	13	M	1	2	450093610	X
232498000	56092747	33	F	1	1	X	517432368
232498001	56092747	5	M	1	2	450097561	X
232498002	56092747	7	M	1	2	450097561	X
232498004	56092747	10	F	1	2	450097563	X
232498024	56093156	9	F	1	2	450097561	X
232498025	56093156	10	F	1	2	450097563	X
232498026	56093156	13	M	1	2	450097563	X
232498048	56092754	37	M	1	0	X	517432279
232498049	56092754	33	F	1	1	X	517423759
232498050	56092754	5	M	1	2	450097561	X
232498051	56092754	7	M	1	2	450097561	X
232498052	56092754	9	F	1	2	450097561	X
232498076	56090191	37	M	1	0	X	517508451
232498077	56090191	33	F	1	1	X	517508804
232498078	56090191	5	M	1	2	450088468	X
232498079	56090191	7	M	1	2	450088468	X
232498080	56090191	9	F	1	2	450088468	X
232498081	56090191	10	F	1	2	450093610	X
232498082	56090191	13	M	1	2	450093610	X
232498083	56094618	37	M	1	0	X	517423714
232498084	56094618	33	F	1	1	X	517423593
232498085	56094618	5	M	1	2	450097561	X
232498087	56094618	9	F	1	2	450097561	X
232498088	56094618	10	F	1	2	450097563	X
232498089	56094618	13	M	1	2	450097563	X
232498102	56089713	10	F	1	2	450093610	X
232498181	56088926	37	M	1	0	X	517506676
232498182	56088926	33	F	1	1	X	517506879
232498183	56088926	5	M	1	2	450088468	X
232498184	56088926	7	M	1	2	450088468	X
232498187	56088926	13	M	1	2	450093610	X
232498189	56094303	33	F	1	1	X	517423707
232498192	56094303	9	F	1	2	450097561	X
232498193	56094303	10	F	1	2	450097563	X
232498237	56089897	37	M	1	0	X	517509372
232498239	56089897	5	M	1	2	450088468	X
232498267	56091760	5	M	1	2	450088468	X
232498268	56091760	7	M	1	2	450088468	X
232498269	56091760	9	F	1	2	450088468	X
232498270	56091760	10	F	1	2	450101788	X
232499306	56092513	34	F	1	0	X	517432368
232499322	56094077	34	F	1	0	X	517423568
232499323	56094077	42	M	1	9	X	X
232499326	56093981	34	F	1	0	X	517423766
232499327	56093981	42	M	1	9	X	X
232499329	56090061	42	M	1	9	X	X
232499477	56093194	58	M	1	0	X	517432343
232584380	56090176	44	M	1	0	X	517506451
232584397	56088807	38	F	1	1	X	517508577
232584418	56094350	22	F	1	2	X	517423723
232584419	56094350	21	M	1	8	X	517423669
232584420	56094350	44	M	1	0	X	517423728
232584434	56088316	22	F	1	2	X	517663174
232584435	56088316	21	M	1	8	X	510785834
232584436	56088316	44	M	1	0	X	517507203
232584444	56091150	44	M	1	0	X	517506238
232584445	56091150	38	F	1	1	X	506146381
232584449	56091952	38	F	1	1	X	517506451
232584466	56091279	22	F	1	2	X	517506315
232584468	56091279	44	M	1	0	X	517506348
232584469	56091279	38	F	1	1	X	517506451
232584472	56088165	44	M	1	0	X	517507220
232584473	56088165	38	F	1	1	X	517506451
232584503	56093986	21	M	1	8	X	517423536
232584505	56093986	38	F	1	1	X	517423759
232842683	56094100	29	F	1	0	X	517423759
232961174	56094292	55	F	1	1	X	X
232961175	56090286	61	M	1	0	X	517506741
233143160	56088715	89	M	1	0	X	X
233143173	56089924	86	F	1	1	X	X
233143177	56093222	86	F	1	1	X	X
233143178	56088693	89	M	1	0	X	X
233143179	56088693	86	F	1	1	X	X
233143181	56094212	86	F	1	1	X	X
233219607	56090711	32	M	1	0	X	517506451
233219608	56090711	0	M	1	2	X	X
233219609	56090711	4	F	1	2	X	X
233219628	56093767	0	M	1	2	X	X
233219639	56092962	32	M	1	0	X	517432279
233219640	56092962	0	M	1	2	X	X
233219641	56092962	4	F	1	2	X	X
233219642	56092962	30	F	1	1	X	517432362
233219656	56091662	0	M	1	2	X	X
233219657	56091662	4	F	1	2	X	X
233219658	56091662	30	F	1	1	X	517506451
233219701	56089572	4	F	1	2	X	X
233231147	56094293	54	F	1	1	X	517423593
233231148	56094293	47	M	1	0	X	517423759
233231155	56092074	54	F	1	1	X	517506451
233231156	56092074	47	M	1	0	X	517507219
233274080	56094288	60	F	1	0	X	517423669
233274084	56089297	60	F	1	0	X	517506690
233630712	56088774	66	F	1	1	X	X
233630713	56088774	78	M	1	0	X	X
233630716	56089490	66	F	1	1	X	X
233657504	56088131	46	M	1	0	X	517506451
233657505	56088131	17	F	1	2	450091631	517508110
233657507	56088131	19	F	1	2	X	517506451
233657508	56088131	5	F	1	2	450088468	X
233657520	56089372	17	F	1	2	450091631	517508109
233657521	56089372	38	F	1	1	X	X
233657522	56089372	19	F	1	2	X	517507495
233657523	56089372	5	F	1	2	450088468	X
233657534	56093777	46	M	1	0	X	517423755
233657538	56093777	5	F	1	2	450097561	X
233657569	56089783	46	M	1	0	X	517508002
233657570	56089783	17	F	1	2	450091631	517507179
233657572	56089783	19	F	1	2	X	517507380
233657586	56089749	38	F	1	1	X	X
233657587	56089749	19	F	1	2	X	517507380
233657588	56089749	5	F	1	2	450088468	X
233797217	56091834	29	F	1	1	X	517506451
233797247	56093225	3	F	1	2	450094430	X
233797249	56093225	29	F	1	1	X	517423694
233917392	56091583	25	F	1	10	X	517423536
234110844	56094142	55	F	1	0	X	X
234110845	56094142	58	M	1	1	X	517423593
234110861	56091138	58	M	1	1	X	517506451
234503031	56088115	80	M	1	1	X	X
234503034	56088219	79	F	1	0	X	X
234503035	56088219	80	M	1	1	X	X
234503043	56090481	80	M	1	1	X	X
234503058	56090098	79	F	1	0	X	X
234587106	56092933	70	F	1	1	X	X
234587108	56094375	70	F	1	1	X	X
234587110	56089912	70	F	1	1	X	X
234587111	56089912	72	M	1	0	X	517507477
234587121	56088355	72	M	1	0	X	506984415
234587122	56092216	70	F	1	1	X	X
234672251	56090971	81	F	1	0	X	X
234768220	56088716	47	F	1	1	X	517507909
234768221	56088716	48	M	1	0	X	517508798
234768224	56094607	47	F	1	1	X	517423759
234896802	56094537	50	M	1	0	X	517423759
234896815	56091356	50	M	1	0	X	517506451
235180021	56092977	55	F	1	0	X	506643618
235252160	56092124	46	M	1	0	X	517506448
235252161	56092124	53	F	9	1	X	X
235252162	56092124	5	M	1	5	X	X
235252171	56090101	33	M	1	2	X	517506451
235252172	56090101	46	M	1	0	X	517506696
235252173	56090101	53	F	9	1	X	X
235252174	56090101	5	M	1	5	X	X
235252179	56089549	33	M	1	2	X	517508620
235252180	56089549	46	M	1	0	X	517508499
235252181	56089549	53	F	9	1	X	X
235252182	56089549	5	M	1	5	X	X
235257417	56089717	56	F	1	1	X	517506872
235257427	56093374	56	F	1	1	X	517423536
235673502	56093502	23	M	1	2	X	517423723
235673537	56089146	19	F	1	2	X	517508620
235673538	56089146	23	M	1	2	X	517507220
235673567	56088093	52	M	1	0	X	517508817
235843580	56090991	2	M	1	2	X	X
235843595	56089609	2	M	1	2	X	X
235843596	56089609	25	M	1	10	X	517507431
235843597	56089609	23	F	1	0	X	X
235843655	56093173	2	M	1	2	X	X
235843656	56093173	25	M	1	10	X	517409481
235843658	56093173	4	M	1	2	X	X
235843659	56093173	3	M	1	2	X	X
235843710	56092915	2	M	1	2	X	X
235843713	56092915	4	M	1	2	X	X
235843733	56089378	4	M	1	2	X	X
235988835	56092457	41	F	1	0	X	517506451
235988852	56091655	14	M	1	2	450091631	X
235988853	56091655	9	F	1	2	450088468	X
235988854	56091655	6	M	1	2	450088468	X
236016028	56091453	13	M	1	2	450101788	X
236016029	56091453	53	F	1	1	X	517506451
236185173	56094479	52	F	1	0	X	X
236185192	56088629	58	M	1	1	X	X
236185193	56088629	52	F	1	0	X	X
236185200	56094310	58	M	1	1	X	X
236185219	56088610	52	F	1	0	X	X
237362823	56088667	47	F	1	1	X	517507226
237362837	56093367	9	M	1	5	450097561	X
237362861	56088932	9	M	1	5	450088468	X
237362862	56088932	47	F	1	1	X	517506451
237362885	56089976	9	M	1	5	450088468	X
237362944	56091058	50	M	1	0	X	517506451
237362945	56091058	9	M	1	5	450088468	X
237362983	56094222	50	M	1	0	X	517423618
237468282	56094302	54	F	1	1	X	517423593
237687432	56089985	1	M	1	2	X	X
237687439	56092530	28	F	1	1	X	517432476
237687440	56092530	35	M	1	0	X	506643505
237687574	56088918	28	F	1	1	X	517506664
237687634	56089046	28	F	1	1	X	517507749
237687636	56089046	1	M	1	2	X	X
237687647	56090855	35	M	1	0	X	517506451
237687648	56090855	1	M	1	2	X	X
237687716	56092188	35	M	1	0	X	517506451
237712429	56090941	51	F	1	1	X	517506423
237712440	56088178	54	M	1	0	X	517506722
237862616	56093819	57	F	1	0	X	517423759
237862620	56090426	57	F	1	0	X	517507189
237862625	56088717	57	F	1	0	X	517506683
237862646	56089858	57	F	1	0	X	517508190
237862648	56088898	57	F	1	0	X	517507426
238013098	56090331	48	F	1	10	X	517507942
238013099	56090331	17	F	1	2	450091631	517506655
238013100	56090331	57	M	1	0	X	517506719
238252375	56093207	65	M	1	0	X	X
238297561	56089241	23	F	1	0	X	X
238297562	56089241	26	M	9	1	X	517506451
238297583	56094346	4	M	9	2	450066968	X
238518455	56088190	63	F	1	0	X	X
238607691	56088375	4	F	1	2	450066968	X
238607692	56088375	32	F	1	1	X	517507324
238607693	56088375	0	M	1	2	X	X
238607739	56093030	4	F	1	2	450066968	X
238607747	56094262	4	F	1	2	450066968	X
238607766	56089032	40	M	1	0	X	517508772
238607768	56089032	32	F	1	1	X	517507772
238607790	56092972	40	M	1	0	X	517432368
238607807	56092030	4	F	1	2	450066968	X
238607809	56092030	0	M	1	2	X	X
238607821	56091872	0	M	1	2	X	X
238747063	56093150	67	F	1	1	X	X
238989463	56091600	28	M	1	9	X	517663112
238989464	56087888	30	M	1	0	X	517508451
238989478	56094649	30	M	1	0	X	517506697
238989479	56094649	28	M	1	9	X	517423593
238989491	56091845	28	M	1	9	X	517506451
238989496	56091852	30	M	1	0	X	517506300
238989497	56091852	28	M	1	9	X	517506451
238989515	56094233	28	M	1	9	X	517423524
238989524	56093189	30	M	1	0	X	517432484
238989536	56094080	30	M	1	0	X	517423529
238989537	56094080	28	M	1	9	X	517432283
238989540	56089305	30	M	1	0	X	517508524
239278845	56087808	52	F	1	1	X	X
239278882	56088988	16	F	1	2	450091631	X
239278883	56088988	65	M	1	0	X	517507253
239386414	56093550	76	M	1	0	X	X
239386415	56093550	71	F	1	1	X	X
239942235	56094547	28	F	1	0	X	517423536
239942236	56094608	28	F	1	0	X	517423694
239942237	56092558	28	F	1	0	X	517432343
240098240	56090525	34	F	1	1	X	X
240098272	56093698	34	F	1	1	X	X
240098273	56093698	34	M	1	0	X	517423714
240098280	56091790	34	F	1	1	X	X
240098281	56091790	34	M	1	0	X	517506238
240098302	56092070	34	F	1	1	X	X
240098318	56088167	34	F	1	1	X	X
240113650	56088479	46	F	1	0	X	X
240113651	56088479	46	M	1	1	X	517507469
240113657	56090178	46	M	1	1	X	517506451
240113658	56088615	46	F	1	0	X	X
240113660	56088825	46	F	1	0	X	X
240113661	56088825	46	M	1	1	X	517506716
240113662	56089401	46	F	1	0	X	X
240113669	56090667	46	M	1	1	X	517506451
240113688	56090236	46	F	1	0	X	X
240113689	56090236	46	M	1	1	X	517507216
240113699	56088534	46	M	1	1	X	517508148
240113702	56089774	46	F	1	0	X	X
240113704	56090511	46	F	1	0	X	X
240113709	56090358	46	M	1	1	X	517507221
240113710	56089042	46	F	1	0	X	X
240396270	56089178	53	M	1	0	X	517506713
240431822	56088177	52	M	1	1	X	517507745
240454002	56088083	68	M	1	0	X	X
240614517	56093653	12	M	1	2	450097563	X
240614579	56091313	46	F	1	1	X	517506451
240614583	56090166	12	M	1	2	450093610	X
240614584	56090166	48	M	1	0	X	517506715
240812544	56093176	56	M	1	1	X	517432476
240812548	56092240	56	M	1	1	X	517506451
241134715	56091835	28	F	8	1	X	517506451
241518859	56089528	70	M	1	0	X	X
242412768	56089962	4	M	1	2	450094430	X
242481384	56090441	61	F	1	0	X	517506451
242481385	56090441	61	M	1	1	X	X
242481386	56090441	27	M	1	2	X	517508425
242481390	56091510	61	F	1	0	X	517506451
242481392	56091510	27	M	1	2	X	517506451
242481465	56091688	61	F	1	0	X	517506451
242481466	56091688	61	M	1	1	X	X
242481467	56091688	27	M	1	2	X	517506451
242481529	56089997	61	M	1	1	X	X
242670602	56092413	11	M	1	2	450101788	X
242670603	56092413	15	F	1	2	450091631	X
242670604	56092413	37	F	1	0	X	517506238
242670617	56089134	11	M	1	2	450093610	X
242670618	56089134	15	F	1	2	450091631	X
242670619	56089134	37	F	1	0	X	517506451
242670623	56091224	11	M	1	2	450101788	X
242670624	56091224	15	F	1	2	450091631	X
242670625	56091224	37	F	1	0	X	517506451
242670657	56092443	15	F	1	2	450091631	X
242670658	56092443	37	F	1	0	X	517506234
242670665	56093052	11	M	1	2	450097563	X
242670666	56093052	15	F	1	2	450097562	X
242670671	56090190	11	M	1	2	450093610	X
242670672	56090190	15	F	1	2	450091631	X
242670693	56088627	15	F	1	2	450091631	X
242670704	56094636	11	M	1	2	450097563	X
242670705	56094636	15	F	1	2	450097562	X
242670706	56094636	37	F	1	0	X	517423816
242778937	56090814	86	F	1	0	X	X
242778956	56093856	86	F	1	0	X	X
242778962	56091927	86	F	1	0	X	X
242778967	56088617	86	F	1	0	X	X
242807543	56091734	8	F	1	2	450088468	X
242807550	56093162	31	M	1	1	X	517432357
242807552	56093162	6	M	1	2	450097561	X
242807553	56093162	26	F	1	0	X	517432368
242807586	56088783	31	M	1	1	X	517506713
242807587	56088783	8	F	1	2	450088468	X
242807588	56088783	6	M	1	2	450088468	X
242807589	56088783	26	F	1	0	X	517506676
242807590	56092452	31	M	1	1	X	517506284
242807592	56092452	6	M	1	2	450101788	X
242807623	56088799	8	F	1	2	450088468	X
242807624	56088799	6	M	1	2	450088468	X
242807625	56088799	26	F	1	0	X	517507253
242924419	56088383	38	F	1	1	X	517507244
242924420	56088383	10	F	1	2	450093610	X
242924421	56088383	57	M	1	0	X	517508002
242924470	56090469	8	F	1	2	450088468	X
242924473	56090469	57	M	1	0	X	517508258
243221874	56091993	60	M	1	0	X	517506416
243221881	56091669	60	M	1	0	X	517506370
243253394	56090109	50	M	1	0	X	517507373
243253395	56089049	56	F	1	1	X	517662919
243253397	56089049	50	M	1	0	X	517508835
243253398	56091236	56	F	1	1	X	517506417
243253411	56090343	17	M	1	11	450091631	517663338
243271437	56094345	58	F	1	0	X	X
243271462	56090652	58	F	1	0	X	X
243298919	56088992	64	M	1	1	X	X
243298923	56092936	64	M	1	1	X	X
243298933	56087967	64	M	1	1	X	X
243298934	56087967	62	F	1	0	X	X
243353493	56091132	10	M	1	2	450088468	X
243353495	56091132	44	M	1	0	X	517506451
243353496	56091132	5	M	1	2	450088468	X
243799359	56088257	69	M	1	0	X	517506741
243799360	56088257	66	F	1	1	X	X
243799381	56092462	69	M	1	0	X	517506451
243799384	56088725	66	F	1	1	X	X
243799389	56088101	69	M	1	0	X	517506232
243799390	56088101	66	F	1	1	X	X
243808789	56088427	47	F	1	1	X	517506451
243808790	56088427	47	M	1	0	X	517507475
243808791	56088427	14	F	1	2	450091631	X
243857822	56094501	56	F	1	1	X	X
243857831	56091059	58	M	1	0	X	517506451
244125094	56089192	16	M	1	2	450091631	517506558
244125111	56092861	20	M	1	2	X	517432339
244125150	56091603	16	M	1	2	450091631	517506349
244125151	56091603	20	M	1	2	X	517506451
244125160	56088449	45	M	1	1	X	517508057
244125164	56093641	45	M	1	1	X	517423664
244125182	56092165	16	M	1	2	450091631	517507212
244125185	56092165	44	F	1	0	X	506146118
244125206	56092475	16	M	1	2	450091631	517506451
244125207	56092475	20	M	1	2	X	517506451
244125208	56092475	45	M	1	1	X	517506451
244280528	56091787	35	F	1	1	X	517506451
244280530	56091787	37	M	1	0	X	517506451
244280549	56089641	35	F	1	1	X	517507427
244280558	56094601	35	F	1	1	X	517506700
244280560	56094601	37	M	1	0	X	517423759
244280561	56090205	35	F	1	1	X	517507726
244292872	56094179	55	M	1	1	X	517423669
244292873	56094179	12	F	1	2	450097563	X
244293040	56090094	8	M	1	2	450088468	X
244293097	56088632	55	M	1	1	X	517662730
244293099	56088632	10	F	1	2	450088468	X
244293101	56088632	37	F	1	0	X	X
244293102	56089704	55	M	1	1	X	517507463
244293105	56089704	8	M	1	2	450088468	X
244293137	56090357	55	M	1	1	X	517508536
244293138	56090357	12	F	1	2	450093610	X
244293139	56090357	10	F	1	2	450088468	X
244311879	56088869	57	M	1	0	X	517507643
244311886	56089001	60	F	1	1	X	517508091
244311893	56091832	57	M	1	0	X	517506761
244311894	56091832	60	F	1	1	X	517506380
244311903	56093942	57	M	1	0	X	517423669
244311909	56088960	57	M	1	0	X	517508815
244311910	56088960	60	F	1	1	X	517507227
244311931	56091572	57	M	1	0	X	517506451
244311932	56091572	60	F	1	1	X	517506451
244311933	56089977	57	M	1	0	X	517508765
244311987	56091910	57	M	1	0	X	517506451
244311988	56091910	60	F	1	1	X	517506750
244511591	56092854	56	M	1	0	X	517432305
244759311	56094215	28	F	1	0	X	517423657
244759320	56089190	28	F	1	0	X	517508283
244759331	56091849	28	F	1	0	X	517506271
244759352	56089097	28	F	1	0	X	517508059
244759386	56091930	28	F	1	0	X	517662850
244885765	56093158	46	M	1	0	X	517432363
244885766	56093158	22	F	1	2	X	517376512
244885767	56093158	49	F	1	1	X	517432447
244885778	56090580	22	F	1	2	X	517506238
244885779	56090580	49	F	1	1	X	517506451
244885781	56090693	46	M	1	0	X	517506451
244885782	56090693	22	F	1	2	X	517506451
244885783	56090693	49	F	1	1	X	517506451
244885784	56090693	16	F	1	2	450091631	517506451
244885785	56090646	46	M	1	0	X	517506380
244885786	56090646	22	F	1	2	X	506926673
244885817	56088437	46	M	1	0	X	517509009
244885819	56088437	49	F	1	1	X	517506451
244885820	56088437	16	F	1	2	450091631	517506451
244968416	56088003	26	M	1	0	X	517506308
244968431	56091750	26	M	1	0	X	517506451
245054824	56089465	51	M	1	0	X	517506860
245054828	56093042	51	M	1	0	X	517409846
245054857	56093589	51	M	1	0	X	517423649
245101761	56093791	61	F	1	0	X	517423707
245103900	56091732	5	M	1	2	450094430	X
245103901	56091732	34	F	1	0	X	517506451
245103902	56091732	11	M	1	2	450101788	X
245103904	56091732	12	F	1	2	450101788	X
245103905	56091732	2	F	1	2	X	X
245103920	56092015	7	M	1	2	450101788	X
245103923	56092015	11	M	1	2	450101788	X
245103924	56092015	33	M	1	1	X	517506451
245103926	56092015	2	F	1	2	X	X
245103948	56092786	7	M	1	2	450097561	X
245103951	56092786	11	M	1	2	450097563	X
245103953	56092786	12	F	1	2	450097563	X
245103955	56092334	7	M	1	2	450101788	X
245103956	56092334	5	M	1	2	450094430	X
245103957	56092334	34	F	1	0	X	517506676
245103959	56092334	33	M	1	1	X	517506380
245324251	56091401	20	M	1	2	X	517506238
245324253	56091401	16	M	1	2	450091631	X
245324258	56088198	52	M	1	0	X	517506690
245324266	56089200	20	M	1	2	X	517508258
245324268	56089200	16	M	1	2	450091631	X
245324277	56092783	16	M	1	2	450097560	X
245377295	56094335	60	M	1	1	X	517423759
245377296	56094335	63	F	1	0	X	X
245378700	56093970	55	M	1	0	X	517423723
245378701	56093970	49	F	1	1	X	X
245443255	56094374	59	F	1	0	X	X
245443275	56090431	59	F	1	0	X	X
245443286	56094364	57	M	1	1	X	517423528
245443289	56091566	59	F	1	0	X	X
245443296	56093765	57	M	1	1	X	517423563
245443306	56091713	57	M	1	1	X	517506468
245443307	56091713	59	F	1	0	X	X
245443326	56089208	57	M	1	1	X	517506451
245443328	56087996	57	M	1	1	X	517508719
245509748	56091449	30	F	1	1	X	517506360
245509806	56092378	6	M	1	2	450091630	X
245509807	56092378	31	M	1	0	X	517507432
245509808	56092378	30	F	1	1	X	517506451
245509809	56092378	4	F	1	2	X	X
245509870	56093034	6	M	1	2	450097561	X
245509872	56093034	30	F	1	1	X	517423593
245509873	56093034	4	F	1	2	X	X
245509916	56093543	30	F	1	1	X	517423593
245509917	56093543	4	F	1	2	X	X
245509934	56087932	6	M	1	2	450091630	X
245509935	56087932	31	M	1	0	X	517507427
245509936	56087932	30	F	1	1	X	517506451
245509937	56087932	4	F	1	2	X	X
245509958	56091613	6	M	1	2	450091630	X
245509959	56091613	31	M	1	0	X	517506451
245509960	56091613	30	F	1	1	X	517506451
245509961	56091613	4	F	1	2	X	X
245603667	56093584	2	M	1	2	X	X
245603669	56093584	22	F	1	1	X	X
245603697	56089138	2	M	1	2	X	X
245603698	56089138	21	M	1	0	X	517507219
245603699	56089138	22	F	1	1	X	X
245603721	56090741	2	M	1	2	X	X
245603722	56090741	21	M	1	0	X	517506451
245603723	56090741	22	F	1	1	X	X
245603781	56090514	2	M	1	2	X	X
245603782	56090514	21	M	1	0	X	517506238
245603783	56090514	22	F	1	1	X	X
245671806	56093960	20	F	1	2	X	517423718
245671807	56093960	52	F	1	0	X	517423759
245715237	56091404	60	M	1	0	X	517506295
245715259	56090841	60	M	1	0	X	517506451
245715264	56093857	56	F	1	1	X	517423669
245715278	56089524	56	F	1	1	X	517507239
245715279	56089524	60	M	1	0	X	517507823
245790645	56089626	28	M	3	0	X	517507203
245790648	56089626	3	F	3	2	X	X
246046197	56091982	60	M	1	0	X	X
246046200	56093585	60	M	1	0	X	X
246046207	56091702	60	M	1	0	X	X
246311235	56089061	62	F	1	0	X	517506668
246373387	56088412	42	F	1	1	X	517507192
246373389	56088412	17	M	1	2	450091631	X
246401991	56092450	6	M	1	2	450091630	X
246401998	56092680	27	F	1	1	X	X
246402035	56094526	6	M	1	2	450097561	X
246402036	56094526	2	M	1	2	X	X
246621455	56088586	62	F	1	0	X	517508358
246960558	56088687	35	F	1	0	X	517506702
246960564	56092679	35	F	1	0	X	517432368
246960583	56088673	35	F	1	0	X	517508498
247122088	56093024	51	F	1	1	X	X
247122089	56093024	51	M	1	0	X	517432279
247122091	56093087	51	M	1	0	X	517432283
247122099	56094640	51	M	1	0	X	517423758
247122105	56091909	51	M	1	0	X	517506451
247122108	56091617	51	F	1	1	X	X
247122110	56090753	51	F	1	1	X	X
247206605	56090218	16	F	1	2	450091631	X
247206606	56090218	36	F	1	1	X	517506554
247206607	56090218	14	M	1	2	450091631	X
247206608	56090218	40	M	1	0	X	517508057
247206609	56090218	7	F	1	2	450088468	X
247206610	56090218	10	F	1	2	450093610	X
247372491	56088345	20	M	1	12	X	517506396
247372493	56088345	41	F	1	1	X	517507453
247372494	56088345	41	M	1	0	X	517507427
247506829	56089027	25	F	1	2	X	X
247506831	56089027	9	F	1	5	450088468	X
247506832	56089027	46	F	1	1	X	X
247506835	56088005	9	F	1	5	450088468	X
247506836	56088005	46	F	1	1	X	X
247506839	56089175	9	F	1	5	450088468	X
247506840	56089175	46	F	1	1	X	X
247506885	56093577	25	F	1	2	X	X
247506888	56093577	46	F	1	1	X	X
247506905	56090989	25	F	1	2	X	X
247506916	56093724	46	F	1	1	X	X
247753430	56091543	30	F	1	0	X	X
247753431	56091543	34	M	1	10	X	517506451
247753432	56092727	8	M	1	2	450097561	X
247753433	56092727	0	F	1	2	X	X
247753435	56092727	34	M	1	10	X	517432368
247753436	56092375	8	M	1	2	450101788	X
247753437	56092375	0	F	1	2	X	X
247753438	56092375	30	F	1	0	X	X
247753492	56090212	8	M	1	2	450088468	X
247753495	56090212	34	M	1	10	X	517506696
247753508	56087964	8	M	1	2	450088468	X
247753509	56087964	0	F	1	2	X	X
247753511	56087964	34	M	1	10	X	517507503
247753512	56090740	8	M	1	2	450088468	X
247753513	56090740	0	F	1	2	X	X
247753514	56090740	30	F	1	0	X	X
248116949	56089212	9	F	1	2	450088468	X
248116951	56089212	29	F	1	0	X	517663303
248116952	56089212	4	F	1	2	450066968	X
248200010	56090718	7	M	1	2	450088468	X
248200031	56089306	3	M	1	2	450094430	X
248200035	56089306	31	F	1	0	X	X
248288166	56089576	69	M	1	1	X	X
248288173	56090837	64	F	1	0	X	X
248288174	56090837	69	M	1	1	X	X
248288208	56090240	69	M	1	1	X	X
248362610	56088296	52	F	1	10	X	X
248362624	56091421	52	F	1	10	X	X
248362625	56091421	44	M	1	0	X	517423726
248362634	56089845	52	F	1	10	X	X
248362635	56089845	44	M	1	0	X	517506238
248419837	56094297	45	M	1	0	X	517423525
248419838	56093055	45	M	1	0	X	517432286
248600809	56094153	59	M	1	0	X	517423812
248604870	56087892	70	F	1	0	X	517507431
248895361	56093813	47	M	1	1	X	517423669
248895363	56093813	44	F	1	0	X	517423759
249157096	56094050	64	F	1	0	X	517423759
249280393	56091803	66	M	1	0	X	X
249280394	56091803	66	F	1	1	X	X
249515645	56088181	74	F	1	1	X	X
249608295	56088139	70	F	1	1	X	X
249608296	56088139	78	M	1	0	X	X
249608305	56090112	70	F	1	1	X	X
249608307	56090438	70	F	1	1	X	X
249608316	56090533	78	M	1	0	X	X
249608325	56091818	70	F	1	1	X	X
249608356	56094065	78	M	1	0	X	X
249608357	56091607	70	F	1	1	X	X
249608358	56091607	78	M	1	0	X	X
249608377	56087898	70	F	1	1	X	X
249608378	56087898	78	M	1	0	X	X
249608385	56091802	70	F	1	1	X	X
249608386	56091802	78	M	1	0	X	X
249608393	56090521	70	F	1	1	X	X
249608394	56090521	78	M	1	0	X	X
249740016	56091553	29	M	1	0	X	517506661
249803825	56091128	44	M	1	0	X	X
249803826	56091128	49	F	1	1	X	517506451
249803837	56091335	44	M	1	0	X	X
249803841	56093288	44	M	1	0	X	X
249803857	56094542	44	M	1	0	X	X
249803858	56094542	49	F	1	1	X	517423693
249803867	56089851	44	M	1	0	X	X
249892440	56094066	53	F	1	0	X	517423686
249892441	56094066	53	M	1	1	X	517423593
249948919	56093501	69	F	1	1	X	517423730
249948925	56087999	69	F	1	1	X	517507423
249948943	56088370	69	F	1	1	X	517663333
249948944	56088370	70	M	1	0	X	X
249948947	56087951	69	F	1	1	X	517506363
250036856	56090395	51	M	1	0	X	517506645
250036891	56088541	51	M	1	0	X	517508428
250147079	56088037	60	F	1	0	X	X
250328011	56093966	59	F	1	1	X	X
250445719	56091100	54	F	1	0	X	517506469
250445720	56091100	65	M	1	1	X	517506380
250445723	56088459	54	F	1	0	X	517508358
250445724	56088459	65	M	1	1	X	517508548
250733868	56092303	73	F	1	1	X	X
250733873	56092150	78	M	1	0	X	X
250733895	56091239	78	M	1	0	X	X
250733896	56091239	73	F	1	1	X	X
250736444	56091053	24	F	1	0	X	517506380
250736456	56089901	24	F	1	0	X	517508349
250834264	56094321	12	M	1	2	450097563	X
250834265	56094321	54	F	1	1	X	517423593
250969767	56093067	51	F	1	0	X	517423575
250971055	56091624	31	F	1	0	X	X
250971057	56091624	6	F	1	2	450088468	X
250971059	56091624	9	F	1	2	450088468	X
250971085	56090686	31	F	1	0	X	X
250971086	56090686	3	M	1	2	450066968	X
250971087	56090686	6	F	1	2	450088468	X
250971089	56090686	9	F	1	2	450088468	X
250971100	56089508	31	F	1	0	X	X
250971101	56089508	3	M	1	2	450066968	X
250971250	56094196	31	F	1	0	X	X
250971251	56094196	3	M	1	2	450066968	X
250971253	56094196	45	M	1	1	X	517423817
250971254	56094196	9	F	1	2	450097561	X
251442357	56091602	32	M	1	1	X	517506451
251442359	56091602	1	M	1	2	X	X
251442360	56089221	7	M	1	2	450088468	X
251442364	56089221	1	M	1	2	X	X
251504569	56094180	40	F	1	0	X	X
251504575	56088442	40	F	1	0	X	X
251702828	56093508	16	M	1	2	450097560	X
251702829	56093508	43	M	1	0	X	517423759
251702830	56093508	13	F	1	2	450097563	X
251702841	56090225	43	M	1	0	X	517507228
251702842	56090225	13	F	1	2	450093610	X
251702866	56088513	13	F	1	2	450093610	X
251702867	56088513	42	F	1	1	X	517508707
251943351	56092336	62	F	1	1	X	517506451
252377051	56088530	75	F	1	0	X	X
252377053	56090058	75	F	1	0	X	X
252596662	56088212	77	F	1	0	X	517506451
252759780	56093980	53	F	1	0	X	517423536
253256639	56094163	16	F	1	2	450097562	517423759
253256641	56094163	38	M	1	1	X	517423759
253256642	56094163	38	F	1	0	X	517423568
253276374	56090572	31	M	1	0	X	517506451
253276375	56090572	27	F	1	1	X	X
253474438	56087911	45	M	1	1	X	517507219
253673919	56094407	15	M	1	12	450097562	X
254300361	56092792	3	M	1	2	450094430	X
254300362	56092792	33	M	1	0	X	517409846
254300363	56092792	40	F	1	1	X	506643633
254300364	56092792	7	F	1	2	450097561	X
254300369	56092406	3	M	1	2	450094430	X
254732315	56094664	63	F	1	1	X	X
254732350	56094133	67	M	1	0	X	X
254732351	56094133	63	F	1	1	X	X
254801293	56092376	12	F	1	2	450101788	X
254801316	56094265	9	F	1	2	450097561	X
254801317	56094265	16	F	1	2	450097562	X
254801318	56094265	12	F	1	2	450097563	X
254801329	56088916	52	M	1	0	X	517506396
254801331	56088916	9	F	1	2	450088468	X
254801332	56088916	16	F	1	2	450091631	X
254801333	56088916	12	F	1	2	450093610	X
254801350	56093678	49	F	1	1	X	517423822
254801400	56090882	49	F	1	1	X	517506451
254801432	56092696	16	F	1	2	450097560	X
254801433	56092696	12	F	1	2	450097563	X
254801459	56089696	52	M	1	0	X	517507737
254801463	56089696	12	F	1	2	450093610	X
254813758	56094309	27	M	1	0	X	517423759
254813759	56094309	24	F	1	1	X	517423714
254919058	56092948	24	F	9	10	X	506643638
254919059	56092948	30	M	1	0	X	517432452
254919068	56091649	24	F	9	10	X	517506451
254919069	56091649	30	M	1	0	X	517506451
255122481	56092116	65	M	1	0	X	X
255122482	56092116	40	M	1	2	X	X
255122498	56088180	61	F	1	1	X	X
255197136	56088976	67	M	1	1	X	X
255197137	56088976	63	F	1	0	X	X
255197152	56093124	67	M	1	1	X	X
255197153	56093124	63	F	1	0	X	X
255197156	56088766	67	M	1	1	X	X
255197158	56089396	67	M	1	1	X	X
255199181	56088251	13	F	1	2	450093610	X
255199184	56088251	16	M	1	2	450091631	517508116
255199199	56093425	43	M	1	0	X	517423759
255199201	56089968	13	F	1	2	450101788	X
255199202	56089968	45	M	1	3	X	X
255199207	56092006	43	M	1	0	X	517339416
255199208	56092006	16	M	1	2	450091631	517506238
255199217	56092215	13	F	1	2	450101788	X
255199218	56092215	45	M	1	3	X	X
255199219	56092215	43	M	1	0	X	517423606
255199220	56092215	16	M	1	2	450091631	517506451
255199221	56092139	13	F	1	2	450101788	X
255199222	56092139	45	M	1	3	X	X
255199224	56092139	16	M	1	2	450091631	517506288
255199238	56089120	45	M	1	3	X	X
255199239	56089120	43	M	1	0	X	517508002
255199261	56090060	13	F	1	2	450101788	X
255199263	56090060	43	M	1	0	X	517663260
255205827	56093995	37	M	1	1	X	X
255205828	56093995	5	F	1	2	450094430	X
255205832	56093401	37	M	1	1	X	X
255205833	56093401	5	F	1	2	450094430	X
255205834	56093401	37	F	1	0	X	517432297
255484229	56092749	40	M	1	1	X	517432368
255484241	56088019	40	M	1	1	X	517506380
255484242	56088019	38	F	1	0	X	517506678
255484346	56092289	40	M	1	1	X	517506451
255484361	56089433	40	M	1	1	X	517508193
255484363	56089433	3	M	1	2	450066968	X
255579589	56088980	61	M	1	0	X	517506451
255667450	56087973	46	M	1	0	X	517506676
255667451	56087973	41	F	1	1	X	517506451
255667453	56087973	13	M	1	2	450101788	X
255667462	56089213	46	M	1	0	X	517507291
255667502	56093003	46	M	1	0	X	517432368
255667503	56093003	41	F	1	1	X	517432279
255667504	56093003	20	M	1	2	X	506643724
255667505	56093003	13	M	1	2	450097563	X
255667514	56090470	46	M	1	0	X	517507261
255667515	56090470	41	F	1	1	X	517508293
255667516	56090470	20	M	1	2	X	517506416
255825365	56091618	44	F	1	1	X	X
255825366	56091618	16	M	1	2	450091631	517506451
255825367	56091618	45	M	1	0	X	517339409
255825381	56090567	16	M	1	2	450091631	517506451
255825382	56090567	45	M	1	0	X	517423593
255906942	56089125	62	M	1	0	X	X
256082092	56090295	82	F	1	0	X	X
256082094	56090633	82	F	1	0	X	X
256082100	56092208	82	F	1	0	X	X
256446124	56089312	56	M	1	0	X	517507209
256515858	56094326	60	F	1	0	X	X
256939954	56091381	56	M	1	0	X	517423645
256939955	56091381	50	F	1	1	X	517506451
256939956	56092065	56	M	1	0	X	517506238
256939967	56090964	50	F	1	1	X	517506406
256940004	56089456	56	M	1	0	X	517508057
257017844	56093347	10	M	1	2	450097561	X
257017846	56093347	46	M	1	1	X	517423587
257017847	56093347	17	F	1	2	450097560	517423669
257017889	56094028	17	F	1	2	450097560	517423640
257017890	56094028	11	F	1	2	450097563	X
257017891	56094028	76	M	1	4	X	517423536
257166986	56092951	31	F	9	1	X	X
257166987	56092951	28	M	1	0	X	517423779
257166988	56092951	10	M	9	2	450097563	X
257167008	56090513	10	M	9	2	450101788	X
257167009	56090513	8	M	9	2	450088468	X
257167011	56093643	28	M	1	0	X	517423593
257167012	56093643	10	M	9	2	450097563	X
257215596	56090447	43	F	1	0	X	517506451
257215597	56090447	20	M	1	2	X	517507220
257215598	56090447	18	F	1	2	450091631	517506451
257215599	56090447	52	M	1	1	X	517507375
257215644	56093496	43	F	1	0	X	517423734
257215646	56093496	18	F	1	2	450097560	517423632
257272860	56091812	27	M	1	0	X	517507416
257553762	56088336	51	F	1	1	X	517506451
257553763	56088336	50	M	1	0	X	517506451
257553764	56088336	20	F	1	2	X	517507813
257573997	56088840	46	F	1	1	X	517507220
257573999	56088840	14	F	1	2	450091631	X
257574008	56094471	12	M	1	2	450097563	X
257640985	56090877	58	M	1	1	X	517506451
257640987	56090877	48	F	1	0	X	X
257640989	56091450	19	M	1	2	X	X
257640997	56093146	58	M	1	1	X	517432368
257640998	56093146	19	M	1	2	X	X
257827402	56093864	69	F	1	0	X	X
257827407	56094379	68	M	1	1	X	X
257827426	56094091	69	F	1	0	X	X
257827433	56089872	68	M	1	1	X	X
258026853	56094087	48	M	1	0	X	517423536
258127152	56088402	55	F	1	1	X	517507906
258127175	56092864	22	M	1	2	X	517423822
258127176	56092864	55	F	1	1	X	517432482
258127178	56094571	22	M	1	2	X	517423759
258127179	56094571	55	F	1	1	X	517423669
258127214	56089835	22	M	1	2	X	517507441
258211528	56093098	14	M	1	2	450097562	X
258211530	56093098	0	M	1	2	X	X
258211532	56092827	35	F	1	1	X	X
258211535	56092827	0	M	1	2	X	X
258211546	56089082	34	M	1	0	X	517507215
258211616	56091064	34	M	1	0	X	517423614
258211617	56091064	35	F	1	1	X	X
258211618	56091064	14	M	1	2	450091631	X
258211620	56091064	0	M	1	2	X	X
258211626	56090661	34	M	1	0	X	517506451
258211628	56090661	14	M	1	2	450091631	X
258211630	56090661	0	M	1	2	X	X
258211646	56092187	34	M	1	0	X	517506451
258211647	56092187	35	F	1	1	X	X
258211648	56092187	14	M	1	2	450091631	X
258211667	56088323	35	F	1	1	X	X
258211670	56088323	0	M	1	2	X	X
258306946	56092346	47	M	1	1	X	517506451
258310436	56090727	89	F	1	1	X	X
258310450	56090790	89	F	1	1	X	X
258320492	56093154	61	F	1	1	X	517432352
258320493	56093154	49	M	1	0	X	517432302
258320514	56091958	61	F	1	1	X	517506310
258351904	56090487	48	F	1	1	X	517506451
258351905	56090487	59	M	1	0	X	517339387
258683962	56090665	29	M	1	0	X	517506451
258683963	56090665	25	F	1	1	X	X
258683964	56090665	1	M	1	2	X	X
258684010	56091798	29	M	1	0	X	517506395
258684013	56091798	3	M	1	2	X	X
258918833	56094257	43	F	3	1	X	X
258918840	56088027	48	M	1	0	X	517506775
258918846	56089422	48	M	1	0	X	517507201
259040161	56088176	51	F	1	1	X	517506451
259040162	56088176	54	M	1	0	X	517506451
259145732	56092942	30	F	1	0	X	517432368
259145733	56092942	13	M	1	2	450097563	X
259211433	56088565	29	F	1	0	X	517506238
259248752	56092434	31	F	1	1	X	517506337
259248753	56092434	38	M	1	0	X	517506451
259248754	56092434	3	M	1	2	X	X
259248764	56089965	3	M	1	2	X	X
259248787	56093144	31	F	1	1	X	517381383
259248789	56093144	3	M	1	2	X	X
259248813	56092650	38	M	1	0	X	517432337
259248814	56092650	3	M	1	2	X	X
259248857	56093424	31	F	1	1	X	517423615
259248862	56091261	31	F	1	1	X	517341051
259248866	56091261	8	F	1	2	450088468	X
259248887	56094060	31	F	1	1	X	517423759
259248888	56094060	38	M	1	0	X	517423759
259248889	56094060	3	M	1	2	X	X
259248903	56092584	38	M	1	0	X	506643618
259248904	56092584	3	M	1	2	X	X
259248912	56092157	31	F	1	1	X	517506258
259248913	56092157	38	M	1	0	X	517506416
259248914	56092157	3	M	1	2	X	X
259248915	56092157	7	M	1	2	450101788	X
259248916	56092157	8	F	1	2	450101788	X
259248920	56089984	7	M	1	2	450088468	X
259248921	56089984	8	F	1	2	450088468	X
259248948	56089972	38	M	1	0	X	517662692
259248967	56088965	31	F	1	1	X	517508428
259248970	56088965	7	M	1	2	450088468	X
259248972	56093924	31	F	1	1	X	517423760
259248974	56093924	3	M	1	2	X	X
259248976	56093924	8	F	1	2	450097561	X
259248997	56088600	31	F	1	1	X	517507229
259248998	56088600	38	M	1	0	X	517507846
259249000	56088600	7	M	1	2	450088468	X
259249013	56089021	38	M	1	0	X	517507415
259249014	56089021	3	M	1	2	X	X
259249112	56093217	31	F	1	1	X	517423825
259249113	56093217	38	M	1	0	X	517423697
259249115	56093217	7	M	1	2	450097561	X
259249128	56091151	38	M	1	0	X	517506451
259249129	56091151	3	M	1	2	X	X
259249130	56091151	7	M	1	2	450088468	X
259249131	56091151	8	F	1	2	450088468	X
259249152	56089559	31	F	1	1	X	517506451
259249158	56093860	38	M	1	0	X	517423759
259249159	56093860	3	M	1	2	X	X
259249160	56093860	7	M	1	2	450097561	X
259249161	56093860	8	F	1	2	450097561	X
259302185	56089227	38	M	1	0	X	517506556
259302188	56092541	38	M	1	0	X	517432368
259302212	56091355	38	M	1	0	X	517506451
259341796	56090485	61	M	1	1	X	X
259341797	56090485	52	F	1	0	X	517508773
259358150	56092995	49	F	1	0	X	517432301
259358151	56092995	48	F	1	10	X	517432368
259373215	56089149	25	F	1	0	X	X
259373217	56089149	4	F	1	2	X	X
259373218	56089149	27	M	1	1	X	517507458
259501498	56093511	41	F	1	1	X	517423628
259501511	56088846	4	M	1	2	450094430	X
259501529	56092697	4	M	1	2	450094430	X
259501531	56092697	41	F	1	1	X	517432368
259517028	56088187	29	F	1	0	X	517432473
259517096	56094032	32	M	1	1	X	517423606
259517148	56093391	29	F	1	0	X	517423759
259517149	56093391	0	F	1	2	X	X
259517175	56092499	29	F	1	0	X	517432451
259517176	56092499	0	F	1	2	X	X
259687448	56089877	55	F	1	1	X	X
259687449	56088431	52	M	1	0	X	517507184
260183425	56090214	49	M	9	0	X	X
260224938	56089722	84	F	1	0	X	X
260224945	56090586	84	F	1	0	X	X
260334337	56088845	38	M	1	0	X	517507463
260334338	56094015	38	M	1	0	X	517423730
260334350	56088342	38	M	1	0	X	517506659
260347298	56088036	57	M	1	0	X	517507488
260347299	56093459	57	M	1	0	X	517423718
260442516	56089684	12	M	1	2	450101788	X
260442518	56089684	32	F	1	10	X	517507582
260442520	56089684	8	M	1	2	450088468	X
260442541	56091490	12	M	1	2	450101788	X
260442542	56091490	32	M	1	0	X	X
260442545	56091490	8	M	1	2	450088468	X
260442551	56089933	12	M	1	2	450101788	X
260442566	56092418	12	M	1	2	450101788	X
260442567	56092418	32	M	1	0	X	X
260442568	56092418	32	F	1	10	X	517506451
260442582	56090981	32	M	1	0	X	X
260442585	56090981	8	M	1	2	450088468	X
260442596	56092572	12	M	1	2	450091631	X
260442597	56092572	32	M	1	0	X	X
260442598	56092572	32	F	1	10	X	517432476
260442599	56092572	14	F	1	2	450091631	X
260442603	56092089	32	F	1	10	X	517506251
260442604	56092089	14	F	1	2	450091631	X
260442605	56092089	8	M	1	2	450088468	X
260442618	56091979	32	F	1	10	X	517506564
260442620	56091979	8	M	1	2	450088468	X
260442656	56092604	12	M	1	2	450097563	X
260442657	56092604	32	M	1	0	X	X
260629278	56088713	48	F	1	1	X	517506693
260629279	56088713	48	M	1	0	X	517507236
260629284	56093911	48	F	1	1	X	517423615
260717546	56090023	6	M	1	2	450091630	X
260717548	56090023	26	F	1	0	X	517506451
260717578	56093290	26	F	1	0	X	517423759
260890281	56092281	88	F	1	4	X	X
260890283	56092281	64	M	1	1	X	517506451
260890294	56089702	59	F	1	0	X	517506451
260890321	56093205	88	F	1	4	X	X
261030427	56091235	10	F	1	2	450088468	X
261030428	56091235	40	M	1	1	X	517506451
261030430	56091235	0	F	1	2	X	X
261030433	56094001	4	F	1	2	450066968	X
261030434	56094001	7	M	1	2	450097561	X
261030435	56094001	10	F	1	2	450097561	X
261030436	56094001	40	M	1	1	X	517423696
261030439	56094001	16	M	1	2	450097560	X
261030473	56092097	4	F	1	2	450066968	X
261030474	56092097	7	M	1	2	450101788	X
261030480	56092097	15	F	1	2	450091631	X
261203512	56088289	48	F	1	1	X	517507220
261203570	56088123	16	F	1	2	450091631	X
261203571	56088123	66	M	1	0	X	517508520
261203572	56088123	48	F	1	1	X	517508531
261203573	56088123	25	M	1	2	X	517506238
261203626	56092032	16	F	1	2	450091631	X
261203627	56092032	66	M	1	0	X	517506451
261203628	56092032	48	F	1	1	X	517506451
261203634	56091804	16	F	1	2	450091631	X
261203654	56092297	16	F	1	2	450091631	X
261203655	56092297	66	M	1	0	X	517506238
261385603	56092104	60	M	1	0	X	517506451
261385604	56092104	56	F	1	1	X	517506451
261459656	56089131	52	F	1	0	X	517507233
261459657	56089131	39	M	1	1	X	517507182
261459708	56092577	52	F	1	0	X	517432305
261459712	56088859	52	F	1	0	X	517508180
261459713	56088859	39	M	1	1	X	517507192
261671979	56091683	66	M	1	0	X	X
261671988	56092595	64	F	1	1	X	517432368
261671993	56087992	66	M	1	0	X	X
261671994	56087992	64	F	1	1	X	517506707
261671995	56091317	66	M	1	0	X	X
261671996	56091317	64	F	1	1	X	517506481
261672000	56091312	64	F	1	1	X	517506238
261776069	56091352	31	M	1	0	X	506146448
261776071	56091352	13	M	1	2	450067304	X
261776072	56091352	1	M	1	2	X	X
261776073	56091352	2	M	1	2	X	X
261776074	56091352	4	M	1	2	X	X
261776075	56091352	5	F	1	2	X	X
261776076	56091352	9	M	1	2	450088468	X
261776081	56091807	1	M	1	2	X	X
261776084	56091807	5	F	1	2	X	X
261776085	56091807	9	M	1	2	450088468	X
261776113	56090677	11	M	1	2	450067304	X
261776116	56090677	13	M	1	2	450067304	X
261776117	56090677	1	M	1	2	X	X
261776118	56090677	2	M	1	2	X	X
261776119	56090677	4	M	1	2	X	X
261776121	56090677	9	M	1	2	450088468	X
261776123	56091478	31	M	1	0	X	517506451
261776125	56091478	13	M	1	2	450067304	X
261776128	56091478	4	M	1	2	X	X
261776132	56090899	31	M	1	0	X	517506395
261776133	56090899	30	F	1	1	X	517506380
261776134	56090899	13	M	1	2	450067304	X
261776135	56090899	1	M	1	2	X	X
261776136	56090899	2	M	1	2	X	X
261776137	56090899	4	M	1	2	X	X
261776152	56091582	13	M	1	2	450067304	X
261776153	56091582	1	M	1	2	X	X
261776155	56091582	4	M	1	2	X	X
261776156	56091582	5	F	1	2	X	X
261776157	56091582	9	M	1	2	450088468	X
261776176	56090960	11	M	1	2	450067304	X
261776177	56090960	31	M	1	0	X	517423536
261776178	56090960	30	F	1	1	X	517506451
261776179	56090960	13	M	1	2	450067304	X
261776181	56090960	2	M	1	2	X	X
261776186	56092586	31	M	1	0	X	517423781
261776187	56092586	30	F	1	1	X	517423714
261776188	56092586	13	M	1	2	450067304	X
261776193	56092586	9	M	1	2	450091630	X
261776232	56090613	30	F	1	1	X	517506261
261776236	56090613	4	M	1	2	X	X
261776238	56090613	9	M	1	2	450088468	X
261776257	56091599	11	M	1	2	450067304	X
261776258	56091599	31	M	1	0	X	517506451
261776263	56091599	4	M	1	2	X	X
261776265	56091599	9	M	1	2	450088468	X
261776266	56091889	11	M	1	2	450067304	X
261776269	56091889	13	M	1	2	450067304	X
261776270	56091889	1	M	1	2	X	X
261776271	56091889	2	M	1	2	X	X
261776294	56092368	31	M	1	0	X	517506630
261776299	56092368	4	M	1	2	X	X
261776325	56090961	2	M	1	2	X	X
261776327	56090961	5	F	1	2	X	X
261776328	56090961	9	M	1	2	450088468	X
261776338	56090486	11	M	1	2	450067304	X
261776341	56090486	13	M	1	2	450067304	X
261776342	56090486	1	M	1	2	X	X
261776343	56090486	2	M	1	2	X	X
261776346	56090486	9	M	1	2	450088468	X
261776357	56093896	31	M	1	0	X	517423694
261776360	56093896	1	M	1	2	X	X
261776364	56093896	9	M	1	2	450091630	X
261776419	56091679	11	M	1	2	450067304	X
261776420	56091679	31	M	1	0	X	517506464
261776421	56091679	30	F	1	1	X	517506238
261776422	56091679	13	M	1	2	450067304	X
261776425	56091679	4	M	1	2	X	X
261776426	56091679	5	F	1	2	X	X
261776427	56091679	9	M	1	2	450088468	X
261776430	56093939	30	F	1	1	X	517423694
261776432	56093939	1	M	1	2	X	X
261776433	56093939	2	M	1	2	X	X
261776446	56090832	11	M	1	2	450067304	X
261776447	56090832	31	M	1	0	X	517506451
261776448	56090832	30	F	1	1	X	517506302
261776449	56090832	13	M	1	2	450067304	X
261776452	56090832	4	M	1	2	X	X
261776454	56090832	9	M	1	2	450088468	X
261776476	56091016	13	M	1	2	450067304	X
261776478	56091016	2	M	1	2	X	X
261776479	56091016	4	M	1	2	X	X
261776480	56091016	5	F	1	2	X	X
261776481	56091016	9	M	1	2	450088468	X
261776500	56092029	11	M	1	2	450067304	X
261776501	56092029	31	M	1	0	X	517506631
261776502	56092029	30	F	1	1	X	517506451
261776503	56092029	13	M	1	2	450067304	X
261776508	56092029	9	M	1	2	450101788	X
261776563	56092393	11	M	1	2	450067304	X
261776564	56092393	31	M	1	0	X	517506322
261776565	56092393	30	F	1	1	X	517507203
261776566	56092393	13	M	1	2	450067304	X
261776567	56092393	1	M	1	2	X	X
261776581	56091457	11	M	1	2	450067304	X
261776582	56091457	31	M	1	0	X	517506238
261776587	56091457	4	M	1	2	X	X
261776588	56091457	5	F	1	2	X	X
261776591	56092807	31	M	1	0	X	517432351
261776592	56092807	30	F	1	1	X	517432303
261776594	56092807	1	M	1	2	X	X
261776596	56092807	4	M	1	2	X	X
261776618	56091761	31	M	1	0	X	517506451
261776620	56091761	13	M	1	2	450067304	X
261776624	56091761	5	F	1	2	X	X
261776625	56091761	9	M	1	2	450088468	X
261776628	56091896	30	F	1	1	X	517506238
261776631	56091896	2	M	1	2	X	X
261776632	56091896	4	M	1	2	X	X
261776638	56092287	13	M	1	2	450067304	X
261776639	56092287	1	M	1	2	X	X
261776641	56092287	4	M	1	2	X	X
261776642	56092287	5	F	1	2	X	X
261776643	56092287	9	M	1	2	450101788	X
261776664	56090791	30	F	1	1	X	517506451
261776665	56090791	13	M	1	2	450067304	X
261776668	56090791	4	M	1	2	X	X
261776669	56090791	5	F	1	2	X	X
261776698	56090986	11	M	1	2	450067304	X
261776699	56090986	31	M	1	0	X	517506475
261776705	56090986	5	F	1	2	X	X
261776706	56090986	9	M	1	2	450088468	X
261776709	56090943	30	F	1	1	X	517339387
261776711	56090943	1	M	1	2	X	X
261776714	56090943	5	F	1	2	X	X
261776725	56089104	11	M	1	2	450067304	X
261776726	56089104	31	M	1	0	X	517508002
261776727	56089104	30	F	1	1	X	517507220
261776731	56089104	4	M	1	2	X	X
261776733	56089104	9	M	1	2	450088468	X
261776743	56090522	11	M	1	2	450067304	X
261776744	56090522	31	M	1	0	X	517506451
261776745	56090522	30	F	1	1	X	517423597
261776746	56090522	13	M	1	2	450067304	X
261776749	56090522	4	M	1	2	X	X
261776752	56090970	11	M	1	2	450067304	X
261776754	56090970	30	F	1	1	X	517506451
261776755	56090970	13	M	1	2	450067304	X
261884307	56090784	28	F	1	2	X	517506451
261884308	56090784	50	M	1	0	X	517506451
261884309	56090784	50	F	1	1	X	X
261884313	56092814	28	F	1	2	X	517432351
261884314	56092814	50	M	1	0	X	517423759
261884340	56089905	28	F	1	2	X	517506224
261884341	56089905	50	M	1	0	X	517506775
261884342	56089905	50	F	1	1	X	X
261884355	56089637	28	F	1	2	X	517508026
261884356	56089637	50	M	1	0	X	517506378
261884357	56089637	50	F	1	1	X	X
262288906	56090902	26	M	1	2	X	506926618
262288907	56090902	51	F	1	0	X	X
262288909	56090902	52	M	1	1	X	517506451
262288910	56090902	5	F	1	2	X	X
262288916	56089864	26	M	1	2	X	517507458
262288917	56089864	51	F	1	0	X	X
262288918	56089864	32	M	1	2	X	517506422
262288966	56091723	26	M	1	2	X	517506380
262288968	56091723	32	M	1	2	X	517662725
262419793	56092985	82	M	1	0	X	X
262565719	56088601	23	F	1	1	X	517506451
262578859	56089047	17	F	1	2	450091631	X
262578878	56089919	45	F	1	1	X	506983892
262578884	56093657	46	M	1	0	X	517423589
262578895	56088201	17	F	1	2	450091631	X
262578897	56088201	21	F	1	2	X	517506676
262955561	56089577	68	M	1	0	X	517507203
262955567	56091551	68	M	1	0	X	517506221
262955568	56091551	58	F	1	1	X	X
263094197	56093164	62	M	1	0	X	517432351
263094212	56089153	15	M	1	2	450091631	X
263209421	56091002	7	F	1	5	450088468	X
263209422	56091002	6	F	1	5	450091630	X
263209423	56091002	5	F	1	5	450094430	X
263209424	56091002	56	F	1	0	X	517662920
263209425	56091002	1	F	1	5	X	X
263209426	56091002	59	M	1	1	X	517506451
263209427	56091002	29	F	1	6	X	517506755
263209428	56090668	32	M	1	2	X	X
263209429	56090668	7	F	1	5	450088468	X
263209430	56090668	6	F	1	5	450091630	X
263209433	56090668	1	F	1	5	X	X
263209434	56090668	59	M	1	1	X	517507230
263209435	56090668	29	F	1	6	X	517506637
263209606	56090774	6	F	1	5	450091630	X
263209610	56090774	59	M	1	1	X	517506451
263209611	56090774	29	F	1	6	X	517376210
263417270	56090047	72	M	1	0	X	X
263417276	56089917	72	M	1	0	X	X
263417285	56089936	68	F	1	1	X	517662850
263417286	56089936	72	M	1	0	X	X
263417295	56094122	68	F	1	1	X	517423759
264084675	56094643	23	F	1	0	X	517423561
264101085	56093239	26	M	1	2	X	517423562
264133255	56090707	15	M	1	2	450091631	X
264133256	56090707	43	M	1	1	X	517506747
264133284	56094476	47	F	1	0	X	517423593
264302844	56092229	56	M	1	1	X	517506238
264302845	56092229	55	F	1	0	X	517506451
264302849	56091881	55	F	1	0	X	517507236
264302864	56089123	56	M	1	1	X	517507220
264397447	56090818	15	M	1	5	450091631	X
264397450	56092851	61	M	9	0	X	517432368
264397478	56093253	61	M	9	0	X	517423822
264397482	56093191	61	M	9	0	X	517423534
264397485	56093389	15	M	1	5	450097562	X
264397497	56090356	15	M	1	5	450091631	X
265005344	56091866	19	M	1	2	X	517506451
265035272	56090209	63	M	1	0	X	X
265035274	56090209	19	M	1	2	X	X
265035299	56088881	63	M	1	0	X	X
265035306	56090251	17	M	1	2	450091631	X
265035307	56090251	19	M	1	2	X	X
265090224	56088737	5	F	1	2	450091630	X
265090226	56088737	28	F	1	0	X	517507432
265090227	56088737	11	F	1	2	450101788	X
265090264	56092211	0	M	1	2	X	X
265090265	56092211	7	M	1	2	450101788	X
265090266	56092211	5	F	1	2	450091630	X
265090268	56092211	28	F	1	0	X	517507479
265090269	56092211	11	F	1	2	450101788	X
265090336	56092445	0	M	1	2	X	X
265090337	56092445	7	M	1	2	450101788	X
265090348	56090634	0	M	1	2	X	X
265090349	56090634	7	M	1	2	450088468	X
265090350	56090634	5	F	1	2	450091630	X
265090353	56090634	11	F	1	2	450101788	X
265090366	56091968	0	M	1	2	X	X
265090367	56091968	7	M	1	2	450088468	X
265090368	56091968	5	F	1	2	450091630	X
265090369	56091968	43	M	1	1	X	517506451
265090370	56091968	28	F	1	0	X	517506451
265090371	56091968	11	F	1	2	450101788	X
265090408	56092731	0	M	1	2	X	X
265090410	56092731	5	F	1	2	450097561	X
265090412	56092731	28	F	1	0	X	517432452
265090432	56092507	0	M	1	2	X	X
265090433	56092507	7	M	1	2	450091630	X
265090434	56092507	5	F	1	2	450091630	X
265090435	56092507	43	M	1	1	X	517432368
265090463	56089645	7	M	1	2	450088468	X
265090465	56089645	43	M	1	1	X	517507479
265090467	56089645	11	F	1	2	450101788	X
265090468	56092645	0	M	1	2	X	X
265090469	56092645	7	M	1	2	450091630	X
265090470	56092645	5	F	1	2	450097561	X
265090471	56092645	43	M	1	1	X	517432305
265090472	56092645	28	F	1	0	X	517423528
265090475	56090856	7	M	1	2	450088468	X
265090478	56090856	28	F	1	0	X	517506380
265090479	56090856	11	F	1	2	450101788	X
265090497	56089457	11	F	1	2	450101788	X
265094824	56091839	0	F	1	2	X	X
265094825	56091839	5	M	1	2	450097561	X
265094826	56091839	8	M	1	2	450088468	X
265094827	56091839	35	F	1	1	X	517506451
265094829	56091839	31	M	1	0	X	517506451
265094830	56091839	0	F	1	2	X	X
265094897	56091646	5	M	1	2	450097561	X
265094898	56091646	8	M	1	2	450088468	X
265094903	56091646	0	F	1	2	X	X
265201688	56092929	69	F	1	1	X	X
265201689	56092929	69	M	1	0	X	X
265201720	56093039	69	F	1	1	X	X
265201721	56093039	69	M	1	0	X	X
265640562	56092096	29	F	1	0	X	517339427
265788267	56092016	19	M	1	2	X	517506451
265788268	56092016	16	M	1	2	450091631	517506451
265788269	56092016	44	F	1	0	X	X
265788295	56093692	19	M	1	2	X	517423562
265788296	56093692	16	M	1	2	450097560	517423536
265788297	56093692	44	F	1	0	X	X
265788299	56088398	19	M	1	2	X	517507711
265788301	56088398	44	F	1	0	X	X
265788302	56088398	45	M	1	1	X	517507219
265788311	56087954	19	M	1	2	X	517506396
265788313	56087954	44	F	1	0	X	X
265788314	56087954	45	M	1	1	X	517663305
265879655	56093489	76	F	1	0	X	X
265879663	56094570	76	F	1	0	X	X
265879672	56090739	76	F	1	0	X	X
265916800	56091204	71	F	1	1	X	X
265916801	56091204	73	M	1	0	X	X
265916806	56089802	71	F	1	1	X	X
265916807	56089802	73	M	1	0	X	X
265916822	56094000	71	F	1	1	X	X
265916823	56094000	73	M	1	0	X	X
265916824	56094418	71	F	1	1	X	X
265916830	56093726	71	F	1	1	X	X
265916831	56093726	73	M	1	0	X	X
266313112	56090680	61	F	1	0	X	517506392
266313124	56090732	61	F	1	0	X	517506305
266313139	56094039	61	F	1	0	X	517423755
266313147	56093738	61	F	1	0	X	517423601
266534856	56088007	38	M	1	0	X	X
266534857	56088007	52	F	1	1	X	517508758
266534870	56091729	38	M	1	0	X	X
266534871	56091729	52	F	1	1	X	517506457
266534878	56089026	38	M	1	0	X	X
266676484	56093397	57	M	1	1	X	517423669
266772009	56091974	19	F	1	5	X	517506323
266772031	56091533	19	F	1	5	X	517506451
267359356	56091209	39	M	1	0	X	517506451
267359359	56091155	39	M	1	0	X	517506451
267359372	56088887	39	M	1	0	X	517507369
267359373	56088824	39	M	1	0	X	517508096
267359380	56092542	39	M	1	0	X	517432368
267359389	56089685	39	M	1	0	X	517508453
267359394	56088553	39	M	1	0	X	517507439
267359406	56093869	39	M	1	0	X	517423841
267359410	56091301	39	M	1	0	X	506146297
267359416	56093614	39	M	1	0	X	517423593
267359424	56091234	39	M	1	0	X	517506451
267359426	56088997	39	M	1	0	X	517508345
267359430	56091193	39	M	1	0	X	517506451
267359443	56088973	39	M	1	0	X	517507220
267359445	56091049	39	M	1	0	X	506926668
267359450	56091097	39	M	1	0	X	517506381
267359452	56093697	39	M	1	0	X	517423669
267359454	56093616	39	M	1	0	X	517423536
267359487	56088947	39	M	1	0	X	517507179
267359489	56089031	39	M	1	0	X	517506741
267359493	56088576	39	M	1	0	X	517508057
267359520	56088755	39	M	1	0	X	517506389
267507500	56088055	55	M	1	1	X	517507608
267507528	56088952	55	M	1	1	X	517507425
267507529	56088952	51	F	1	0	X	X
267507538	56088179	55	M	1	1	X	517507250
267682089	56092540	71	F	1	4	X	X
267682091	56092540	2	M	1	2	X	X
267682092	56092540	10	M	1	2	450091631	X
267682100	56092253	34	M	1	0	X	517506304
267682102	56092253	72	M	1	4	X	X
267682118	56091462	34	M	1	0	X	517506238
267682120	56091462	72	M	1	4	X	X
267682122	56091462	10	M	1	2	450101788	X
267682130	56092197	34	M	1	0	X	517506451
267682161	56091015	71	F	1	4	X	X
267682163	56091015	2	M	1	2	X	X
267682164	56091015	10	M	1	2	450101788	X
267682165	56091015	32	F	1	1	X	517506451
267682198	56092673	72	M	1	4	X	X
267682201	56092673	32	F	1	1	X	517432367
267882065	56088110	44	F	1	2	X	517506451
267882090	56087913	72	F	1	0	X	X
267894506	56089899	63	M	1	0	X	517506662
267967693	56091596	76	F	1	0	X	X
267967703	56092049	76	F	1	0	X	X
268053935	56089332	26	M	1	10	X	517508739
268053968	56090411	20	F	1	0	X	517506715
268143545	56090040	81	F	1	0	X	X
268255376	56093570	37	F	1	2	X	517423597
268255377	56093570	57	F	1	1	X	517423705
268255379	56093570	11	M	1	5	450097563	X
268255381	56093570	39	M	1	6	X	517423680
268255400	56087963	37	F	1	2	X	517506713
268255402	56087963	59	M	1	0	X	517508002
268255404	56087963	7	M	1	5	450088468	X
268255407	56087963	17	M	1	5	450091631	517506878
268279329	56093844	53	M	1	1	X	517423536
268279333	56087905	53	M	1	1	X	517506776
268279334	56087905	52	F	1	0	X	517506451
268521558	56091386	8	M	1	2	450088468	X
268521561	56091386	32	M	1	0	X	517507209
268521619	56092965	2	F	1	2	X	X
268542666	56094169	30	F	1	0	X	517423669
268542667	56094169	31	M	1	1	X	517423536
268553989	56088278	64	F	1	0	X	517507726
268553991	56089363	64	F	1	0	X	517506664
268554006	56092476	64	F	1	0	X	517376519
268554011	56092291	64	F	1	0	X	517506451
268645246	56088200	74	F	1	1	X	X
268645247	56088200	72	M	1	0	X	X
268645250	56087921	74	F	1	1	X	X
268645251	56087921	72	M	1	0	X	X
268645259	56090000	72	M	1	0	X	X
268711866	56091887	74	M	1	0	X	X
268714622	56092613	25	M	1	0	X	517432343
268714633	56091636	25	M	1	0	X	517506451
268993882	56088421	54	M	1	0	X	X
268993884	56092588	54	M	1	0	X	X
268993898	56092835	54	M	1	0	X	X
268993904	56090421	54	M	1	0	X	X
268993905	56090421	5	M	1	2	450097561	X
268993911	56090517	5	M	1	2	450097561	X
269044264	56091938	54	M	1	0	X	517506451
269068237	56088602	47	F	1	0	X	517508182
269068241	56094263	47	F	1	0	X	517423575
269068242	56094263	16	F	1	2	450097562	513096707
269068255	56090254	52	M	1	1	X	517508043
269068256	56090254	22	M	1	2	X	517507663
269068257	56091984	47	F	1	0	X	506926647
269068258	56091984	16	F	1	2	450091631	517506451
269068259	56091984	52	M	1	1	X	506926657
269068260	56091984	22	M	1	2	X	517506451
269068265	56091172	47	F	1	0	X	517506451
269068267	56091172	52	M	1	1	X	517506759
269068278	56089371	16	F	1	2	450091631	517508652
269068282	56092410	16	F	1	2	450091631	517506451
269068283	56092410	52	M	1	1	X	517506451
269068285	56088532	47	F	1	0	X	517507292
269068286	56088532	16	F	1	2	450091631	517508296
269068287	56088532	52	M	1	1	X	517506451
269068288	56088532	22	M	1	2	X	517506488
269068302	56091020	16	F	1	2	450097562	517506451
269068303	56091020	52	M	1	1	X	517506416
269068304	56091020	22	M	1	2	X	517506422
269068321	56089837	47	F	1	0	X	517507236
269068324	56089837	22	M	1	2	X	517507220
269068337	56093235	47	F	1	0	X	517423759
269068338	56093235	16	F	1	2	450097562	517423536
269180685	56089139	60	M	1	0	X	517506451
269180688	56094391	52	F	1	1	X	X
269180693	56089426	60	M	1	0	X	517507261
269266035	56087807	3	M	1	2	X	X
269266038	56087807	33	F	1	10	X	517507843
269266062	56088892	33	F	1	10	X	517508358
269266083	56093447	3	M	1	2	X	X
269266085	56093447	5	M	1	2	X	X
269266086	56093447	33	F	1	10	X	517423570
269266119	56091186	3	M	1	2	X	X
269266120	56091186	44	M	1	0	X	517506451
269266121	56091186	5	M	1	2	X	X
269266135	56090128	3	M	1	2	X	X
269266136	56090128	44	M	1	0	X	517506559
269266814	56091842	65	F	1	0	X	517506451
269266815	56092568	65	F	1	0	X	517432290
269266817	56093859	65	F	1	0	X	517423768
269280093	56088137	33	M	1	0	X	517506226
269280119	56091652	7	M	1	2	450097561	X
269280121	56091652	33	M	1	0	X	517506451
269280122	56091652	30	F	1	1	X	X
269280124	56093349	9	M	1	2	450091630	X
269280125	56093349	33	M	1	0	X	517423536
269337647	56092804	41	M	1	10	X	517432476
269347501	56087935	42	M	1	0	X	517508086
269347514	56092431	42	M	1	0	X	517506451
269347535	56094522	42	M	1	0	X	517423528
269347537	56089096	42	M	1	0	X	517506451
269347540	56092373	42	M	1	0	X	517506238
269347549	56093722	42	M	1	0	X	517423684
269347558	56092705	42	M	1	0	X	517423624
269728937	56088873	11	M	1	2	450101788	X
269728938	56088873	35	F	1	0	X	517507220
269728940	56088873	16	M	1	2	450091631	X
269855284	56092565	13	M	1	2	450097563	X
269855286	56092565	3	F	1	2	450066968	X
269855288	56092565	29	M	1	0	X	517423669
269855320	56092217	13	M	1	2	450101788	X
269855321	56092217	4	F	1	2	450066968	X
269855322	56092217	3	F	1	2	450066968	X
269855324	56092217	29	M	1	0	X	517506451
269855325	56092217	6	M	1	2	450097561	X
269855338	56092566	13	M	1	2	450097563	X
269855342	56092566	29	M	1	0	X	517432368
269855343	56092566	6	M	1	2	450097561	X
269855364	56092822	3	F	1	2	450066968	X
269855367	56092822	6	M	1	2	450097561	X
269855417	56092536	4	F	1	2	450066968	X
269855418	56092536	3	F	1	2	450066968	X
269855419	56092536	22	F	1	10	X	X
269855420	56092536	29	M	1	0	X	517432482
270069294	56094271	18	F	1	2	450097562	517423562
270069295	56094271	47	F	1	1	X	517423593
270069296	56094271	46	M	1	0	X	517423593
270069318	56088226	18	F	1	2	450091631	517506451
270069320	56088226	46	M	1	0	X	517507386
270133731	56093423	87	M	1	0	X	X
270460439	56093607	57	F	1	1	X	X
270460450	56089827	57	M	1	0	X	517508652
270665769	56089601	24	M	1	2	X	517508293
270665771	56089601	55	M	1	0	X	517508727
270665779	56088598	57	F	1	1	X	517506451
270665780	56088598	55	M	1	0	X	517507611
270665791	56094106	57	F	1	1	X	517423593
270665793	56088287	24	M	1	2	X	517506275
270665825	56093218	55	M	1	0	X	517423836
270665841	56092110	24	M	1	2	X	517506238
270665842	56092110	57	F	1	1	X	517506451
270665843	56092110	55	M	1	0	X	517506300
270695647	56088484	38	F	1	1	X	517508674
270695676	56092179	38	M	1	0	X	517506451
270695692	56089809	10	M	1	2	450088468	X
270695693	56089809	11	F	1	2	450101788	X
270695694	56089809	38	M	1	0	X	517507944
270695725	56090391	38	F	1	1	X	517508396
270695729	56090391	11	F	1	2	450101788	X
270695730	56090391	38	M	1	0	X	517506558
270695731	56090350	38	F	1	1	X	517506464
270695732	56090350	4	M	1	2	450094430	X
270695733	56090350	6	M	1	2	450088468	X
270695735	56090350	11	F	1	2	450101788	X
270695736	56090350	38	M	1	0	X	517506304
270695743	56091953	38	F	1	1	X	517506416
270695746	56091953	10	M	1	2	450088468	X
270695748	56091953	38	M	1	0	X	517506451
270695761	56092328	38	F	1	1	X	517506451
270695765	56092328	11	F	1	2	450101788	X
270695766	56092328	38	M	1	0	X	517506451
270817593	56088643	93	F	1	0	X	X
270817641	56093576	93	F	1	0	X	X
270817648	56094428	93	F	1	0	X	X
270817666	56089712	93	F	1	0	X	X
270891611	56090721	77	M	1	0	X	517506238
270891612	56090721	78	F	1	1	X	X
270928721	56089374	5	F	1	2	450097561	X
270928722	56089374	38	F	1	1	X	X
270928724	56089374	4	M	1	2	X	X
270928738	56094094	11	M	1	2	450097563	X
270928740	56094094	38	F	1	1	X	X
270928741	56094094	35	M	1	0	X	517423536
270928742	56094094	4	M	1	2	X	X
271047242	56090538	50	F	1	1	X	517506234
271060562	56093366	11	F	1	2	450097563	X
271060563	56093366	11	F	1	2	450097563	X
271060564	56093366	39	M	1	0	X	517423593
271060591	56094637	9	M	1	2	450091630	X
271370027	56087811	49	F	1	0	X	X
271416489	56093545	37	F	1	1	X	517423593
271416490	56093545	12	M	1	2	450091630	X
271416491	56093545	18	F	1	2	X	517423536
271416492	56093545	37	M	1	0	X	517423678
271416501	56091623	37	F	1	1	X	517506451
271416503	56091623	18	F	1	2	X	517379589
271416504	56091623	37	M	1	0	X	517423669
271416522	56088621	12	M	1	2	450088468	X
271416523	56088621	18	F	1	2	X	517508002
271416524	56088621	37	M	1	0	X	517663169
271416538	56091079	12	M	1	2	450088468	X
271416539	56091079	18	F	1	2	X	517423703
271416541	56087822	37	F	1	1	X	517507230
271416564	56088509	37	M	1	0	X	506983892
271416573	56088444	37	F	1	1	X	517506874
271416574	56088444	12	M	1	2	450088468	X
271416575	56088444	18	F	1	2	X	517506238
271416576	56088444	37	M	1	0	X	517506861
271594806	56089394	56	F	1	1	X	X
271594807	56088548	56	M	1	0	X	X
271594808	56088548	56	F	1	1	X	X
271594817	56093730	56	M	1	0	X	X
271594828	56088905	56	F	1	1	X	X
271594841	56093633	56	M	1	0	X	X
271594842	56093633	56	F	1	1	X	X
271594857	56088626	56	M	1	0	X	X
271594868	56093660	56	F	1	1	X	X
271594886	56091054	56	F	1	1	X	X
271594889	56088914	56	M	1	0	X	X
271594915	56090854	56	M	1	0	X	X
271594916	56090854	56	F	1	1	X	X
271594933	56091073	56	M	1	0	X	X
271594934	56091073	56	F	1	1	X	X
271599307	56092570	3	M	1	2	X	X
271599308	56092570	2	M	1	2	X	X
271599333	56092712	26	F	1	0	X	X
271599334	56092712	34	M	1	1	X	506643427
271599341	56089880	26	F	1	0	X	X
271599377	56094336	26	F	1	0	X	X
271599378	56094336	34	M	1	1	X	517423669
271599379	56094336	3	M	1	2	X	X
271639274	56094339	68	F	1	0	X	X
271639318	56093108	68	F	1	0	X	X
271639319	56090969	68	F	1	0	X	X
271657244	56094392	60	M	1	0	X	X
271788466	56091962	56	F	1	1	X	517506422
271788474	56094185	56	F	1	1	X	517423759
271853182	56090844	18	F	1	2	450091631	506926808
271853183	56090844	15	M	1	2	450091631	X
271853184	56090844	50	M	1	1	X	517506451
271853185	56090844	48	F	1	0	X	517506332
272757752	56089237	62	F	1	0	X	517508358
272757765	56087855	63	M	1	1	X	517507219
272757778	56089665	62	F	1	0	X	517507739
272757781	56092322	63	M	1	1	X	517506315
272917885	56090893	16	F	1	5	450091631	X
272917886	56090893	68	F	1	1	X	X
272917888	56093281	16	F	1	5	450097560	X
272917889	56093281	68	F	1	1	X	X
272917890	56093281	82	M	1	0	X	X
272917900	56090664	16	F	1	5	450091631	X
272917901	56090664	68	F	1	1	X	X
272938590	56090342	24	F	1	1	X	517506238
272938591	56090342	26	M	1	0	X	517508259
273057005	56087866	36	F	1	0	X	517506880
273057007	56088662	36	F	1	0	X	517507948
273075219	56094402	93	M	1	0	X	X
273075224	56094042	93	M	1	0	X	X
273110885	56094031	45	F	1	0	X	517423614
273110888	56094031	8	F	1	2	450091630	X
273110897	56088633	45	F	1	0	X	517508002
273110900	56088633	8	F	1	2	450088468	X
273110930	56090451	55	M	1	1	X	517508002
273110931	56090451	4	M	1	2	450066968	X
273110932	56090451	8	F	1	2	450088468	X
273110959	56093915	4	M	1	2	450066968	X
273110965	56092025	45	F	1	0	X	517506451
273110992	56090626	8	F	1	2	450088468	X
273111009	56094425	45	F	1	0	X	517423754
273111011	56094425	4	M	1	2	450066968	X
273129665	56092826	20	F	1	10	X	517409982
273129666	56092826	24	M	1	0	X	X
273675960	56089990	13	M	1	2	450101788	X
273675963	56089990	5	M	1	2	450094430	X
273958799	56089091	37	M	9	0	X	X
273958800	56089091	29	M	9	3	X	517506238
273994638	56092529	56	M	1	0	X	517423536
273994649	56088911	61	F	1	1	X	X
273994653	56088390	61	F	1	1	X	X
273994654	56088390	56	M	1	0	X	517508235
273994672	56089643	56	M	1	0	X	517507456
274123266	56094061	79	F	1	0	X	X
274123267	56090081	79	F	1	0	X	X
274123270	56091631	79	F	1	0	X	X
274358121	56088018	15	M	1	2	450091631	X
274358126	56093440	11	M	1	2	450097563	X
274358168	56089914	40	M	1	0	X	517507431
274358171	56089914	36	F	1	1	X	517508499
274358172	56088148	40	M	1	0	X	517508002
274358173	56088148	15	M	1	2	450091631	X
274358276	56089874	40	M	1	0	X	517508756
274358292	56091395	40	M	1	0	X	517506238
274358293	56091395	15	M	1	2	450091631	X
274358294	56091395	11	M	1	2	450101788	X
274358295	56091395	36	F	1	1	X	517506451
274536766	56091101	55	F	1	0	X	517506451
274536769	56092479	55	F	1	0	X	517432368
274805512	56088477	51	M	1	0	X	517506451
274805533	56090637	28	M	1	2	X	517506332
274805534	56090637	52	F	1	1	X	X
274805535	56090637	4	F	1	5	450066968	X
274805556	56088507	51	M	1	0	X	517506639
274805557	56088507	28	M	1	2	X	517507220
274805558	56088507	52	F	1	1	X	X
274805596	56094200	51	M	1	0	X	517423593
274805598	56094200	52	F	1	1	X	X
274887744	56090253	66	F	1	1	X	X
274887782	56092459	66	F	1	1	X	X
274887798	56091870	66	F	1	1	X	X
274887799	56091870	67	M	1	0	X	X
275011397	56090965	49	F	1	0	X	517423759
275011399	56090965	1	M	1	5	X	X
275011439	56091373	49	F	1	0	X	517506451
275011441	56091373	1	M	1	5	X	X
275011445	56088637	49	F	1	0	X	517507378
275011446	56088637	21	M	1	2	X	X
275011447	56088637	1	M	1	5	X	X
275103469	56094462	31	F	1	0	X	517423759
275103497	56089155	31	F	1	0	X	517508293
275180237	56093143	71	F	1	0	X	X
275180239	56093554	71	F	1	0	X	X
275180253	56090051	71	F	1	0	X	X
275180254	56092358	71	M	1	10	X	X
275190470	56094456	52	F	1	1	X	517423561
275190471	56094456	54	M	1	0	X	517423669
275190494	56090131	52	F	1	1	X	517506451
275355301	56088010	53	M	1	1	X	517508399
275355321	56087838	53	M	1	1	X	517508726
275355329	56089252	53	M	1	1	X	517508002
275355350	56090127	16	F	1	2	450091631	X
275824955	56094113	45	F	1	1	X	X
275828531	56091785	2	F	1	2	X	X
275828532	56091785	0	M	1	2	X	X
275828558	56088849	31	F	1	1	X	X
275828559	56088849	2	F	1	2	X	X
275828565	56090138	35	M	1	0	X	X
275828566	56090138	31	F	1	1	X	X
275828568	56090138	0	M	1	2	X	X
276337183	56090890	47	F	1	1	X	517506451
276337194	56092651	51	M	1	0	X	517432341
276337195	56092651	47	F	1	1	X	517423534
276337205	56090708	17	M	1	2	450091631	517506451
276337206	56090708	51	M	1	0	X	517506424
276337217	56093148	17	M	1	2	450097562	517432368
276337219	56093148	47	F	1	1	X	517432281
276337232	56091765	17	M	1	2	450091631	517506422
276337234	56091765	47	F	1	1	X	517506308
276337280	56094314	17	M	1	2	450097562	517423664
276337282	56094314	47	F	1	1	X	517423669
276337286	56089981	17	M	1	2	450091631	517508729
276337288	56089981	47	F	1	1	X	517506693
276337289	56091240	17	M	1	2	450091631	517506424
276337336	56091754	47	F	1	1	X	517506451
276337362	56089038	51	M	1	0	X	517506654
276337363	56089038	47	F	1	1	X	517506690
276337407	56093783	51	M	1	0	X	517423593
276899709	56088292	30	F	1	0	X	517507380
276899711	56088292	5	F	1	2	450094430	X
276899721	56092840	30	F	1	0	X	517432452
276899723	56092840	5	F	1	2	450094430	X
277070746	56092152	30	F	1	0	X	517507176
277070752	56091707	30	F	1	0	X	517506416
277070753	56091707	9	F	1	2	450088468	X
277070775	56088039	35	M	1	1	X	517506481
277070776	56088039	30	F	1	0	X	517506741
277070792	56091581	9	F	1	2	450088468	X
277070814	56092031	35	M	1	1	X	517506380
277070815	56092031	30	F	1	0	X	517506635
277070816	56092031	9	F	1	2	450101788	X
277194109	56089380	21	F	1	2	X	517506234
277194121	56091090	21	F	1	2	X	517506451
277194122	56091090	57	M	1	0	X	517506451
277194131	56093246	21	F	1	2	X	517423669
277194132	56093246	57	M	1	0	X	517423694
277194143	56093386	21	F	1	2	X	517423723
277194151	56088575	21	F	1	2	X	517506706
277194181	56088900	21	F	1	2	X	517508827
277223893	56092455	56	F	1	0	X	517506481
277480296	56090304	35	M	1	1	X	517506761
277957391	56092307	74	M	1	0	X	X
278227123	56088897	53	F	9	0	X	517507421
278485305	56091589	26	M	1	3	X	517506451
278485342	56090847	30	M	1	0	X	517506451
278485376	56092798	30	M	1	0	X	517432305
278622839	56089410	27	M	1	0	X	517506451
279579359	56094123	15	F	1	2	450097560	X
279579363	56094123	14	F	1	2	450097560	X
279602083	56093120	66	M	1	0	X	X
279731363	56092305	43	M	1	1	X	517506451
279731364	56092305	5	M	1	2	450066968	X
279731365	56092305	1	F	1	2	X	X
279731394	56089014	40	F	1	0	X	X
279731396	56089014	5	M	1	2	450066968	X
279731408	56088160	5	M	1	2	450066968	X
279731409	56088160	1	F	1	2	X	X
279731436	56088191	5	M	1	2	450066968	X
279952913	56087874	26	M	1	9	X	517507213
279952940	56089287	27	M	1	0	X	517506451
279952958	56088166	27	M	1	0	X	517508623
279952959	56088166	26	M	1	9	X	517508283
280185617	56087823	63	F	1	1	X	X
280185639	56088268	63	F	1	1	X	X
280185640	56088268	77	M	1	0	X	X
280201598	56092711	48	F	1	0	X	517409982
280201600	56092711	18	F	1	2	450097560	X
280365844	56092244	56	M	1	0	X	517506284
280434476	56088726	59	M	1	1	X	517662850
280434477	56088726	50	F	1	0	X	517506558
280510202	56094583	37	M	1	0	X	517423536
280510205	56094583	6	F	1	2	450091630	X
280510211	56091085	5	F	1	2	450094430	X
280510214	56091085	10	M	1	2	450088468	X
280510297	56092672	37	M	1	0	X	517432484
280510300	56092672	6	F	1	2	450091630	X
280510301	56091614	5	F	1	2	450094430	X
280510303	56091614	32	F	1	1	X	517506300
280510304	56091614	10	M	1	2	450088468	X
280510305	56091614	6	F	1	2	450088468	X
280675578	56090997	2	M	1	2	X	X
280675580	56089714	26	F	1	1	X	517506451
280675584	56093935	26	F	1	1	X	517423656
280675586	56093935	2	M	1	2	X	X
280795935	56093206	12	M	1	2	450097563	X
280795936	56093206	47	M	1	0	X	517432279
280844068	56090576	12	M	1	2	450101788	X
280844070	56090576	16	M	1	2	450091631	517506451
280844071	56090576	48	F	1	0	X	517506244
280844072	56090576	10	M	1	2	450088468	X
280844074	56091262	12	M	1	2	450101788	X
280844075	56091262	14	F	1	2	450101788	X
280844078	56091262	10	M	1	2	450088468	X
280844079	56091262	50	M	1	1	X	517506451
280844105	56093921	14	F	1	2	450097563	X
280844106	56093921	16	M	1	2	450097560	517423593
280844130	56092774	16	M	1	2	450097560	517432357
280844132	56092774	10	M	1	2	450091630	X
280950697	56093018	69	M	1	0	X	X
280950698	56093018	67	F	1	1	X	X
280950704	56090384	67	F	1	1	X	X
280950707	56092260	69	M	1	0	X	X
280950708	56092260	67	F	1	1	X	X
280950712	56090799	67	F	1	1	X	X
280950719	56087886	69	M	1	0	X	X
281114750	56091383	44	M	1	0	X	517506451
281114752	56091383	17	F	1	2	450091631	X
281219250	56089586	35	F	1	12	X	517506562
281219251	56089586	85	F	1	0	X	X
281782520	56092313	57	F	1	1	X	517506451
281782523	56093127	65	M	1	0	X	517423759
281898319	56090300	20	M	1	0	X	X
282201693	56089329	56	F	1	1	X	X
282201698	56091833	63	M	1	0	X	X
282201704	56092819	63	M	1	0	X	X
282201705	56092819	56	F	1	1	X	X
282201710	56092042	63	M	1	0	X	X
282201711	56092042	56	F	1	1	X	X
282270449	56089245	3	M	1	2	450066968	X
282270450	56089245	24	F	1	1	X	517506741
282270462	56092126	24	F	1	1	X	517506451
282270463	56094572	26	M	1	0	X	517423735
282270464	56094572	3	M	1	2	450066968	X
282270465	56094572	24	F	1	1	X	517423707
282274714	56093781	51	M	1	0	X	517423650
282379764	56090297	47	F	1	0	X	517506451
282379765	56090297	39	M	1	1	X	517507436
282379766	56090297	5	M	1	2	450066968	X
282497155	56093749	54	M	1	1	X	517423714
282497177	56090392	54	M	1	1	X	517507236
282497178	56090392	53	F	1	0	X	517508475
282497194	56088574	53	F	1	0	X	517507430
282497204	56089207	53	F	1	0	X	517506741
282497205	56094487	54	M	1	1	X	517423694
282756380	56093649	52	M	1	1	X	517423759
282756407	56094546	52	M	1	1	X	517423593
282756408	56094546	55	F	1	0	X	517423536
282756409	56094546	17	M	1	2	450097562	X
282842582	56094363	14	F	1	2	450097562	X
282842583	56094363	44	M	1	0	X	517423599
282842587	56092164	40	F	1	1	X	517506451
282993954	56090185	44	F	1	0	X	X
282993955	56090185	9	M	1	2	450088468	X
282993978	56090954	44	F	1	0	X	X
282993984	56088709	44	F	1	0	X	X
283231257	56094291	59	F	6	0	X	517423669
283231263	56093241	59	F	6	0	X	517423759
283427898	56090410	31	M	1	2	X	517506451
283497430	56093837	60	F	1	0	X	X
283497431	56093837	79	M	1	1	X	X
283497439	56089211	79	M	1	1	X	X
283497476	56093203	60	F	1	0	X	X
283497477	56093203	79	M	1	1	X	X
283655223	56090122	69	M	1	0	X	X
283819306	56088112	62	M	1	0	X	X
283819308	56092559	62	M	1	0	X	X
283819327	56089619	62	M	1	0	X	X
283819355	56093625	62	M	1	0	X	X
283819357	56091531	62	M	1	0	X	X
284052441	56091664	26	M	1	1	X	517506300
284078076	56089627	9	F	1	2	450066968	X
284078078	56089627	9	F	1	2	450066968	X
284078080	56094298	9	F	1	2	450066968	X
284078083	56094298	50	M	1	1	X	517423704
284078092	56090075	9	F	1	2	450066968	X
284078095	56090075	50	M	1	1	X	517507425
284078121	56088694	40	F	1	0	X	X
284078123	56088694	50	M	1	1	X	517507681
284078200	56094368	9	F	1	2	450066968	X
284078202	56094368	9	F	1	2	450066968	X
284078203	56094368	50	M	1	1	X	517423691
284193204	56092454	4	M	1	2	450094430	X
284193205	56092454	6	F	1	2	450097561	X
284193206	56092454	18	M	1	3	450091631	517506451
284312909	56090114	82	M	1	0	X	X
284411958	56092848	22	F	1	6	X	517432352
284411960	56092848	51	F	1	1	X	X
284411961	56092848	52	M	1	0	X	517432286
284411972	56089970	23	M	1	2	X	X
284411973	56089970	22	F	1	6	X	517507203
284412092	56094004	23	M	1	2	X	X
284412096	56094004	52	M	1	0	X	517423759
284412102	56094188	23	M	1	2	X	X
284412103	56094188	22	F	1	6	X	517423562
284412104	56094188	26	M	1	2	X	517423528
284412105	56094188	51	F	1	1	X	X
284412106	56094188	52	M	1	0	X	517423669
284412107	56094226	23	M	1	2	X	X
284412108	56094226	22	F	1	6	X	517423832
284412111	56094226	52	M	1	0	X	517423536
284412112	56088804	23	M	1	2	X	X
284412113	56088804	22	F	1	6	X	517508066
284412114	56088804	26	M	1	2	X	517506238
284412115	56088804	51	F	1	1	X	X
284412116	56088804	52	M	1	0	X	517507198
284429453	56088702	2	M	1	2	X	X
284429454	56088702	2	F	1	2	X	X
284429456	56088702	37	F	1	1	X	517508307
284429457	56088702	9	F	1	2	450088468	X
284429459	56089782	2	F	1	2	X	X
284429461	56089782	37	F	1	1	X	517507357
284429462	56089782	9	F	1	2	450088468	X
284482593	56092424	37	M	1	0	X	517506420
284482595	56092424	4	F	1	2	450094430	X
284482603	56091247	37	M	1	0	X	517506451
284482605	56091247	4	F	1	2	450094430	X
284482606	56091247	2	F	1	2	X	X
284482607	56091247	30	F	1	1	X	517506451
284482623	56089953	37	M	1	0	X	517507379
284482625	56089953	4	F	1	2	450094430	X
284554535	56088021	34	F	1	0	X	517507431
284554536	56088021	6	M	1	2	X	X
284554538	56088021	8	M	1	2	450101788	X
284554539	56088021	37	M	1	1	X	517508727
284554567	56091922	4	M	1	2	X	X
284554568	56091922	8	M	1	2	450101788	X
284554601	56092052	6	M	1	2	X	X
284554602	56092052	4	M	1	2	X	X
284554625	56090252	34	F	1	0	X	517508473
284554628	56090252	8	M	1	2	450101788	X
284554629	56090252	37	M	1	1	X	517508832
284719059	56089622	57	F	1	0	X	X
284813895	56088691	64	M	1	1	X	517507929
284813898	56088691	12	M	1	5	450101788	X
284891169	56093582	53	M	3	0	X	X
285377500	56094285	28	F	1	0	X	517423536
285377502	56094285	10	M	1	2	450091630	X
285377538	56089390	32	M	1	1	X	X
285377539	56089390	7	M	1	2	450101788	X
285377541	56089390	5	M	1	2	450088468	X
285377542	56089390	10	M	1	2	450101788	X
285377571	56092736	5	M	1	2	450097561	X
285377572	56092736	10	M	1	2	450091630	X
285570273	56091656	45	F	1	0	X	517339387
285570292	56089773	46	M	1	1	X	517508330
285583276	56092383	29	F	1	0	X	517506648
285583283	56093824	8	F	1	2	450091630	X
285583302	56090819	5	M	1	2	450066968	X
285583330	56091949	5	M	1	2	450066968	X
285583331	56091949	8	F	1	2	450101788	X
285583376	56092381	29	F	1	0	X	517506451
285583378	56092381	5	M	1	2	450066968	X
285583388	56092237	29	F	1	0	X	517506451
285583389	56092237	36	M	1	1	X	517506238
285583391	56092237	8	F	1	2	450101788	X
285583496	56091344	29	F	1	0	X	517506451
285583508	56089898	29	F	1	0	X	517506451
285583510	56089898	5	M	1	2	450066968	X
285583511	56089898	8	F	1	2	450101788	X
285583512	56089522	29	F	1	0	X	517507192
285583514	56089522	5	M	1	2	450066968	X
285637243	56088334	15	M	1	2	450091631	X
285637244	56088334	9	M	1	2	450101788	X
285637245	56088334	45	F	1	0	X	517662850
285637259	56090550	9	M	1	2	450101788	X
285637270	56090592	15	M	1	2	450091631	X
285637271	56090592	9	M	1	2	450101788	X
285637272	56090592	45	F	1	0	X	517506380
285687920	56090690	59	F	1	1	X	X
285687923	56092901	62	M	1	0	X	X
285687932	56090155	59	F	1	1	X	X
285734243	56087966	42	F	1	1	X	517506451
285734245	56087966	17	M	1	2	450091631	517507189
285734256	56091109	44	M	1	0	X	517506451
285734257	56091109	17	M	1	2	450091631	517506451
285824834	56092704	53	M	9	0	X	517432368
285824835	56092704	54	F	1	1	X	X
285824847	56089580	54	F	1	1	X	X
285824884	56092632	53	M	9	0	X	517379616
286119605	56089834	8	M	9	2	450101788	X
286119607	56089834	44	M	9	0	X	510788021
286119608	56089834	43	F	1	1	X	X
286119609	56089834	15	M	9	2	450091631	X
286119615	56093516	8	M	9	2	450091630	X
286119617	56093516	44	M	9	0	X	517423653
286119635	56093357	8	M	9	2	450091630	X
286119636	56093357	11	F	9	2	450097563	X
286812533	56092263	17	F	1	2	450091631	517506451
286812534	56092263	19	F	1	2	X	517506380
286812546	56093252	39	M	1	0	X	517423759
286812547	56093252	10	F	1	2	450091630	X
286812548	56093252	17	F	1	2	450097560	517423593
286812575	56088207	39	F	1	1	X	517506721
286812576	56088207	39	M	1	0	X	517507550
286812578	56088207	17	F	1	2	450091631	517506396
286812579	56088207	19	F	1	2	X	517508798
286812636	56088085	39	M	1	0	X	517507221
286900162	56090198	66	F	1	1	X	X
287364032	56089650	67	M	1	0	X	X
287364033	56089650	53	F	1	1	X	X
287364050	56091801	67	M	1	0	X	X
287364062	56089504	67	M	1	0	X	X
287364063	56089504	53	F	1	1	X	X
287364066	56090139	67	M	1	0	X	X
287440231	56093122	41	F	1	0	X	517432452
287440266	56093689	45	M	1	1	X	517423564
287440267	56093689	41	F	1	0	X	517423643
287459905	56088393	39	M	1	0	X	517663344
287491395	56087928	93	F	1	0	X	X
287519130	56093284	1	F	1	2	X	X
287886650	56090595	93	F	1	0	X	X
287886651	56090595	93	M	1	1	X	X
287886673	56090053	93	M	1	1	X	X
288249140	56093867	93	F	1	4	X	X
288249141	56093867	59	M	1	0	X	X
288249175	56089165	59	M	1	0	X	X
288297151	56088885	50	F	1	0	X	X
288297152	56088885	55	M	1	1	X	517507429
288355006	56092141	28	F	1	1	X	X
288355015	56093283	28	F	1	1	X	X
288355017	56093283	0	M	1	2	X	X
288355024	56091107	28	F	1	1	X	X
288694674	56090183	4	M	1	2	X	X
288694677	56090183	8	F	1	2	450091630	X
288694686	56091663	4	M	1	2	X	X
288694688	56091663	28	F	1	1	X	X
288694691	56091663	2	F	1	2	X	X
288694701	56089639	8	F	1	2	450091630	X
288694702	56089639	30	M	1	0	X	517506683
289091350	56090968	82	F	1	0	X	517506451
289091351	56091251	82	F	1	0	X	517506451
289091355	56088568	82	F	1	0	X	517506451
289091357	56088701	82	F	1	0	X	517506736
289115805	56093933	24	F	1	1	X	517423718
289115806	56093933	27	M	1	0	X	517423593
289171537	56088162	54	F	1	1	X	517663182
289342061	56091628	21	M	1	0	X	517506451
289342072	56089249	21	M	1	0	X	517507261
289342074	56091749	21	M	1	0	X	517506451
289576843	56092998	23	M	1	0	X	517432278
289576845	56092998	20	F	1	1	X	517432302
289665508	56088392	62	M	1	1	X	X
289665509	56088392	62	F	1	0	X	X
289665539	56093603	62	F	1	0	X	X
289961469	56090346	50	F	1	1	X	X
289961471	56090346	49	M	1	0	X	X
289961484	56093091	50	F	1	1	X	X
289961485	56093091	17	M	1	2	450097562	517432368
289961486	56093091	49	M	1	0	X	X
289961490	56094592	50	F	1	1	X	X
289961509	56090606	17	M	1	2	450091631	517506451
289961510	56090606	49	M	1	0	X	X
289997163	56088906	54	M	1	0	X	X
289997166	56089020	54	M	1	0	X	X
289997174	56092894	54	M	1	0	X	X
289997175	56089037	54	M	1	0	X	X
290114417	56092743	69	F	1	0	X	X
290137918	56090326	67	M	1	1	X	X
290137934	56088333	67	M	1	1	X	X
290137973	56089848	66	F	1	0	X	X
290137974	56089848	67	M	1	1	X	X
290137981	56090206	66	F	1	0	X	X
290214154	56092377	57	F	1	1	X	X
290214163	56090143	12	F	1	2	450101788	X
290214164	56090143	66	M	1	0	X	X
290214165	56090143	10	F	1	2	450101788	X
290214166	56090143	57	F	1	1	X	X
290214181	56090734	10	F	1	2	450101788	X
290214182	56090734	57	F	1	1	X	X
290214236	56093035	66	M	1	0	X	X
290214237	56093035	10	F	1	2	450097563	X
290214250	56092797	57	F	1	1	X	X
290214252	56092787	66	M	1	0	X	X
290214253	56092787	10	F	1	2	450091630	X
290253672	56091498	51	M	1	0	X	517506300
290253674	56091498	41	F	1	1	X	517506451
290253685	56093987	4	M	1	2	450066968	X
290253686	56093987	41	F	1	1	X	517423627
290318098	56093096	79	F	1	1	X	X
290318102	56087920	79	F	1	1	X	X
290318107	56094436	80	M	1	0	X	X
290431448	56089612	52	F	1	0	X	517507203
290607284	56092823	14	M	1	2	450091630	X
290607286	56092823	39	F	1	1	X	X
290621510	56090616	60	M	1	1	X	517423669
290621511	56090616	63	F	1	0	X	X
290621522	56091898	60	M	1	1	X	517506451
290621523	56091898	63	F	1	0	X	X
290631699	56093727	36	M	1	0	X	517423614
290631700	56093727	9	F	1	2	450091630	X
290631718	56094460	9	F	1	2	450091630	X
290989625	56088524	40	F	1	0	X	517507232
290989626	56088524	14	M	9	2	450091631	X
290989649	56089822	40	F	1	0	X	517508726
290989691	56091061	40	F	1	0	X	517506451
290989696	56093383	35	M	9	1	X	517423714
290989697	56093383	40	F	1	0	X	517423723
291016268	56093346	77	M	1	1	X	513096695
291016269	56089931	76	F	1	0	X	X
291016270	56089931	77	M	1	1	X	517507234
291423052	56088983	48	F	1	0	X	517507179
291423053	56088983	47	M	1	1	X	517506741
291445792	56090607	65	M	1	1	X	517423629
291682444	56090398	51	M	1	0	X	517506238
291755611	56088628	1	M	1	5	X	X
291755648	56089182	22	F	1	2	X	517507311
291755654	56093468	47	F	1	0	X	X
291774786	56088920	57	M	1	0	X	517507474
291774793	56093789	54	F	1	1	X	517423536
291774794	56093789	57	M	1	0	X	517423759
291774807	56092687	54	F	1	1	X	517432452
291774823	56093318	54	F	1	1	X	517423614
291774824	56093318	57	M	1	0	X	517423812
291774857	56090095	54	F	1	1	X	517506675
291774859	56092667	54	F	1	1	X	517432278
291774860	56092667	57	M	1	0	X	517432305
291774867	56089441	54	F	1	1	X	517506660
291774868	56089441	57	M	1	0	X	517507374
291774914	56094414	57	M	1	0	X	517423669
291845016	56089830	3	F	1	2	X	X
291845018	56089830	37	M	1	1	X	517507225
292284519	56089758	39	F	1	1	X	517507480
292284544	56090835	16	M	1	2	450091631	X
292284546	56090835	39	F	1	1	X	517506451
292284553	56091627	16	M	1	2	450091631	X
292321010	56089566	24	F	1	10	X	517508238
292321011	56089566	27	M	1	0	X	517662794
292347286	56094190	32	M	1	0	X	517423597
292349823	56092199	65	M	1	0	X	X
292349831	56092047	61	F	1	1	X	517506308
292349834	56094174	61	F	1	1	X	517423669
292349836	56094174	15	M	1	2	450097560	X
292349839	56088405	15	M	1	2	450091631	X
292349845	56087879	15	M	1	2	450091631	X
292357209	56091670	39	M	1	0	X	517506451
292357212	56091203	37	F	1	1	X	517506451
292357214	56093619	37	F	1	1	X	517423669
292357216	56091215	37	F	1	1	X	517506451
292357226	56092629	37	F	1	1	X	517432342
292535077	56090992	65	F	1	0	X	X
292535078	56090992	65	M	1	1	X	X
292535087	56093317	65	F	1	0	X	X
292535097	56089875	65	F	1	0	X	X
292535098	56089875	65	M	1	1	X	X
292535101	56092293	65	F	1	0	X	X
292818667	56091286	19	F	1	0	X	517506451
292818668	56091286	1	F	1	2	X	X
292818669	56089585	19	F	1	0	X	517507432
292818670	56089585	1	F	1	2	X	X
292818672	56091867	1	F	1	2	X	X
292818674	56093931	1	F	1	2	X	X
293408647	56088969	9	F	1	2	450091630	X
293620260	56093674	24	F	1	0	X	X
293796113	56090614	47	M	1	0	X	517506451
293796114	56090614	4	F	1	2	X	X
293796116	56090614	9	F	1	2	450091630	X
293796117	56090614	11	M	1	2	450101788	X
293796118	56090614	39	F	1	1	X	517506451
293796131	56092931	47	M	1	0	X	517432357
293796132	56092931	4	F	1	2	X	X
293796134	56092931	9	F	1	2	450091630	X
293796135	56092931	11	M	1	2	450091630	X
293796185	56090742	47	M	1	0	X	517506451
293796186	56090742	4	F	1	2	X	X
293796187	56090742	7	F	1	2	450091630	X
293796190	56090742	39	F	1	1	X	517506451
293796192	56089188	4	F	1	2	X	X
293796195	56089188	11	M	1	2	450101788	X
293796228	56092361	4	F	1	2	X	X
293796229	56092361	7	F	1	2	450091630	X
293796230	56092361	9	F	1	2	450091630	X
293796245	56092768	47	M	1	0	X	517432297
293796246	56092768	4	F	1	2	X	X
293796248	56092768	9	F	1	2	450091630	X
293796281	56094410	47	M	1	0	X	517423578
293796282	56094410	4	F	1	2	X	X
293796300	56090506	4	F	1	2	X	X
293796302	56090506	9	F	1	2	450091630	X
293796304	56090506	39	F	1	1	X	517506451
293796311	56092502	47	M	1	0	X	517432301
293796313	56092502	7	F	1	2	450091630	X
293796314	56092502	9	F	1	2	450091630	X
293796315	56092502	11	M	1	2	450091631	X
293796316	56092502	39	F	1	1	X	517423779
293796335	56089276	47	M	1	0	X	517506558
293796336	56089276	4	F	1	2	X	X
293796338	56089276	9	F	1	2	450091630	X
293796339	56089276	11	M	1	2	450101788	X
293796340	56089276	39	F	1	1	X	517506713
293796344	56088540	9	F	1	2	450091630	X
293796345	56088540	11	M	1	2	450101788	X
293796346	56088540	39	F	1	1	X	517506451
293796353	56090748	47	M	1	0	X	517506451
293796365	56092778	47	M	1	0	X	517432279
293796367	56092778	7	F	1	2	450091630	X
293796396	56089548	4	F	1	2	X	X
293796397	56089548	7	F	1	2	450091630	X
294202507	56091753	46	M	1	0	X	517506380
294455291	56089385	61	M	1	0	X	X
294455292	56092952	61	F	1	1	X	X
294455304	56094606	61	F	1	1	X	X
294455306	56088894	61	F	1	1	X	X
294455314	56090380	61	F	1	1	X	X
294455318	56090512	61	F	1	1	X	X
294455327	56088472	61	M	1	0	X	X
294595821	56094026	54	F	1	1	X	517423524
294595822	56094026	57	M	1	0	X	517423593
294662938	56090888	14	M	1	2	450101788	X
294662939	56090888	18	M	1	2	450091631	X
294662940	56090888	10	F	1	2	450091630	X
294662943	56090888	17	M	6	12	450091631	X
294662954	56092636	10	F	1	2	450091630	X
294662956	56092636	48	F	1	0	X	X
294662957	56092636	17	M	6	12	450097560	X
294662966	56090995	14	M	1	2	450091630	X
294662969	56090995	49	M	1	1	X	517506451
294662970	56090995	48	F	1	0	X	X
294662971	56090995	17	M	6	12	450091631	X
294662972	56090995	11	F	1	2	450091630	X
294662983	56090736	49	M	1	1	X	517506451
294663016	56089243	18	M	1	2	450091631	X
294663019	56089243	48	F	1	0	X	X
294663020	56089243	17	M	6	12	450091631	X
294663021	56089243	11	F	1	2	450091630	X
294663036	56092620	14	M	1	2	450091630	X
294663039	56092620	49	M	1	1	X	517432351
294663040	56092620	48	F	1	0	X	X
294663042	56092620	11	F	1	2	450091630	X
294663064	56090612	14	M	1	2	450091630	X
294663066	56090612	10	F	1	2	450091630	X
294663067	56090612	49	M	1	1	X	517423723
294663068	56090612	48	F	1	0	X	X
294663070	56090612	11	F	1	2	450091630	X
294663072	56092719	18	M	1	2	450097560	X
294663075	56092719	48	F	1	0	X	X
294663076	56092719	17	M	6	12	450097560	X
294663085	56090857	14	M	1	2	450091630	X
294663088	56090857	49	M	1	1	X	517506451
294663089	56090857	48	F	1	0	X	X
294663090	56090857	17	M	6	12	450091631	X
294663092	56091615	14	M	1	2	450091630	X
294663094	56091615	10	F	1	2	450088468	X
294663095	56091615	49	M	1	1	X	517506451
294663097	56091615	17	M	6	12	450091631	X
294663098	56091615	11	F	1	2	450091630	X
294663099	56090751	14	M	1	2	450091630	X
294663100	56090751	18	M	1	2	450091631	X
294663101	56090751	10	F	1	2	450088468	X
294663102	56090751	49	M	1	1	X	517506636
294663103	56090751	48	F	1	0	X	X
294708815	56089889	1	M	1	2	X	X
294708818	56089889	0	F	1	2	X	X
294708835	56089383	1	M	1	2	X	X
294708840	56092125	28	M	1	0	X	517506725
294708844	56091576	28	M	1	0	X	517506468
294708846	56091576	0	F	1	2	X	X
294708849	56089721	24	F	1	1	X	517508242
294708850	56089721	0	F	1	2	X	X
294708853	56091789	24	F	1	1	X	517506761
294708854	56091789	0	F	1	2	X	X
294708867	56090744	1	M	1	2	X	X
294708868	56090744	28	M	1	0	X	506926808
294708869	56090744	24	F	1	1	X	517506451
294708870	56090744	0	F	1	2	X	X
294708904	56092075	28	M	1	0	X	517506451
294708906	56092075	0	F	1	2	X	X
294708915	56090988	1	M	1	2	X	X
294708918	56090988	0	F	1	2	X	X
294872114	56094072	55	M	1	0	X	517423839
294917874	56089530	5	M	1	2	450088468	X
294917876	56089530	26	M	1	0	X	517506639
294917889	56091944	5	M	1	2	450088468	X
294917890	56091944	25	F	1	10	X	517339327
294917904	56092419	5	M	1	2	450088468	X
294917905	56092419	25	F	1	10	X	517506279
294917906	56092419	26	M	1	0	X	517506451
295063861	56089481	47	F	1	1	X	X
295384421	56088053	73	M	1	0	X	517506451
295384445	56090660	73	M	1	0	X	517506238
295384455	56090015	73	M	1	0	X	517662919
295577069	56090231	52	M	1	0	X	517508705
295577071	56094294	52	M	1	0	X	517423533
295863199	56093524	49	M	1	0	X	517423727
295863215	56094369	49	M	1	0	X	517423832
295930819	56090222	47	M	1	0	X	517506451
296040061	56089946	58	F	1	0	X	517506332
296099614	56092426	11	F	1	2	450091630	X
296099615	56092426	31	F	1	10	X	517506451
296099619	56092426	34	M	1	0	X	X
297075925	56092686	45	F	1	0	X	517432368
297075926	56092686	13	F	1	2	450091630	X
297075927	56092686	17	M	1	2	450097560	517423624
297075928	56088994	48	M	1	1	X	517508499
297075929	56088994	45	F	1	0	X	517507194
297075930	56088994	13	F	1	2	450091630	X
297075932	56090274	48	M	1	1	X	517506737
297075934	56090274	13	F	1	2	450091630	X
297075935	56090274	17	M	1	2	450091631	517507942
297080914	56090962	82	M	1	1	X	X
297080915	56090962	86	F	1	0	X	X
297158396	56093332	84	F	1	0	X	X
297158403	56088647	84	F	1	0	X	X
297438096	56089485	48	F	1	0	X	517507431
297438106	56090873	48	F	1	0	X	517506451
297438119	56088699	55	M	1	1	X	517506304
297438120	56094529	48	F	1	0	X	517423759
297464830	56092296	78	F	1	0	X	X
297801701	56093442	75	F	1	0	X	517423712
297917151	56093112	75	M	1	0	X	X
297917152	56093112	77	F	1	1	X	X
297917170	56092968	77	F	1	1	X	X
297982485	56094340	45	M	1	9	X	517423597
297982546	56090625	34	M	1	0	X	517506284
297982553	56094626	45	M	1	9	X	517423536
297982554	56094626	34	M	1	0	X	517423747
298077510	56089084	23	M	1	0	X	517506741
298103180	56094232	65	M	1	0	X	X
298697974	56088954	43	F	1	0	X	517506451
298697975	56088954	16	F	1	2	450091631	X
298697976	56088954	45	M	1	1	X	517506674
298752501	56093609	22	F	1	0	X	517423759
298752513	56093717	22	F	1	0	X	517423816
298801749	56090070	61	M	1	1	X	517506451
298801750	56090070	59	F	1	0	X	517506674
298841700	56090324	59	M	1	0	X	517507281
299229491	56093368	42	M	1	1	X	517423759
299454909	56089388	82	M	1	0	X	X
299500132	56089794	51	M	1	0	X	517507203
299550469	56092440	53	F	1	1	X	517506451
299550470	56094362	66	M	1	0	X	X
299550472	56094362	53	F	1	1	X	517423676
299550473	56094241	66	M	1	0	X	X
299550474	56094241	23	M	1	2	X	X
299550475	56094241	53	F	1	1	X	517423593
299566141	56093928	52	M	1	1	X	X
300215242	56091796	42	F	1	1	X	X
300215261	56093830	37	M	1	0	X	517423771
300215262	56093830	13	F	1	2	450091631	X
300215263	56093830	42	F	1	1	X	X
300661999	56092556	87	M	1	0	X	X
300893991	56090867	8	F	1	2	450088468	X
300893993	56090867	6	M	1	2	450088468	X
300893994	56090867	3	F	1	2	X	X
300894020	56090657	10	F	1	2	450088468	X
300894021	56090657	8	F	1	2	450088468	X
300894024	56090657	3	F	1	2	X	X
300894055	56090518	10	F	1	2	450088468	X
300894056	56090518	8	F	1	2	450088468	X
301040498	56089056	55	M	1	0	X	X
301040502	56088210	55	M	1	0	X	X
301364440	56091296	78	F	1	0	X	X
301364443	56092444	78	F	1	0	X	X
301364450	56093710	78	F	1	0	X	X
301364459	56092885	78	F	1	0	X	X
301488144	56093694	56	M	1	0	X	X
301488145	56094082	56	M	1	0	X	X
301508322	56087982	11	F	1	2	450091631	X
301508323	56087982	13	F	1	2	450091631	X
301508362	56092981	11	F	1	2	450091631	X
301508364	56092981	68	M	1	0	X	517423593
301508369	56090413	58	F	1	1	X	X
301508372	56090413	68	M	1	0	X	517508002
302125806	56088819	50	F	1	1	X	517506451
302432136	56094614	9	M	1	2	450097561	X
302432137	56094614	7	F	1	2	450097561	X
302432138	56094614	5	F	1	2	450097561	X
302432140	56094614	0	M	1	2	X	X
302432141	56094614	36	F	1	1	X	X
302432144	56094614	12	F	1	2	450091631	X
302534588	56094461	36	F	1	2	X	X
302534603	56089923	15	M	1	5	450091631	X
302534604	56089923	36	F	1	2	X	X
302534605	56089923	18	F	1	5	450091631	X
302534627	56089532	15	M	1	5	450091631	X
302534628	56089532	36	F	1	2	X	X
302534629	56089532	18	F	1	5	450091631	X
302534634	56093053	60	F	1	0	X	517423822
302534670	56092970	60	F	1	0	X	517432288
302534679	56093111	15	M	1	5	450097562	X
302534681	56093111	18	F	1	5	450097562	X
302534682	56093111	60	F	1	0	X	517432305
302534688	56090620	36	F	1	2	X	X
302534689	56090620	18	F	1	5	450091631	X
302534699	56090302	15	M	1	5	450091631	X
302534700	56090302	36	F	1	2	X	X
302534701	56090302	18	F	1	5	450091631	X
302534702	56090302	60	F	1	0	X	517506558
302534704	56092914	36	F	1	2	X	X
302534706	56092914	60	F	1	0	X	517423778
302534711	56090776	15	M	1	5	450091631	X
302534712	56090776	36	F	1	2	X	X
302534713	56090776	18	F	1	5	450091631	X
302534714	56090776	60	F	1	0	X	517506420
302534728	56092246	36	F	1	2	X	X
302534729	56092246	18	F	1	5	450091631	X
302534761	56092109	18	F	1	5	450091631	X
302534762	56092109	60	F	1	0	X	517285412
302534763	56093328	15	M	1	5	450097560	X
302534764	56093328	36	F	1	2	X	X
302534765	56093328	18	F	1	5	450097560	X
302534768	56089163	36	F	1	2	X	X
302660932	56094020	55	F	1	0	X	517423646
302660933	56094020	54	M	1	10	X	X
302660934	56090730	55	F	1	0	X	517506451
302660935	56090730	54	M	1	10	X	X
302694778	56087889	71	M	1	0	X	X
302694783	56092258	71	M	1	0	X	X
302694787	56092665	71	M	1	0	X	X
302694804	56092228	71	M	1	0	X	X
302694827	56093862	71	M	1	0	X	X
302976232	56090197	56	F	1	0	X	517506556
302976240	56087977	56	F	1	0	X	517506451
303059704	56090181	48	M	1	0	X	517506451
303059734	56092668	48	M	1	0	X	517432368
303059735	56092668	47	F	1	12	X	517432368
303059752	56089124	48	M	1	0	X	517506674
303059753	56089124	47	F	1	12	X	517507473
303598947	56090088	48	M	1	1	X	517507942
303598948	56090088	47	F	1	0	X	X
303967410	56092238	47	F	1	2	X	517506451
303967411	56092238	12	M	1	5	450091631	X
303967425	56088319	68	F	1	0	X	X
303967426	56088319	47	F	1	2	X	517508057
303967427	56088319	12	M	1	5	450091631	X
303967428	56092886	73	M	1	10	X	X
303967429	56092886	68	F	1	0	X	X
303967430	56092886	47	F	1	2	X	517432368
304203777	56088147	67	F	1	1	X	517662850
304203782	56092264	68	M	1	0	X	X
304203786	56092072	68	M	1	0	X	X
304234340	56090476	10	F	1	5	450091631	X
304234343	56089676	77	M	1	0	X	X
304234347	56089676	53	M	1	2	X	X
304450470	56092845	5	M	1	2	450066968	X
304450471	56092845	52	F	1	0	X	X
304450472	56092845	40	M	1	1	X	517432351
304450491	56092741	52	F	1	0	X	X
304450492	56092741	40	M	1	1	X	517432354
304450493	56092741	5	F	1	2	450066968	X
304450554	56091069	5	M	1	2	450066968	X
304450555	56091069	52	F	1	0	X	X
304450556	56091069	40	M	1	1	X	517506416
304450557	56091069	5	F	1	2	450066968	X
304450593	56090169	5	F	1	2	450066968	X
304673421	56090913	1	M	1	2	X	X
304673422	56090913	31	M	1	1	X	517507234
304673423	56090913	10	F	1	2	450088468	X
304673425	56091506	1	M	1	2	X	X
304673427	56091506	10	F	1	2	450088468	X
304673448	56091730	30	F	1	0	X	X
304673449	56091730	1	M	1	2	X	X
304673450	56091730	31	M	1	1	X	517506451
304673457	56094145	1	M	1	2	X	X
304673459	56094145	10	F	1	2	450097561	X
304673493	56094254	1	M	1	2	X	X
304673497	56090554	1	M	1	2	X	X
304673514	56091529	31	M	1	1	X	517506451
304673515	56091529	10	F	1	2	450101788	X
304673542	56092040	31	M	1	1	X	517506451
304673543	56092040	10	F	1	2	450101788	X
305009575	56089945	59	F	1	0	X	517506224
305060998	56092083	55	F	1	1	X	517506416
305061002	56090785	55	F	1	1	X	517506451
305332023	56091863	80	M	1	1	X	X
305332024	56091863	81	F	1	0	X	X
305335833	56090706	69	M	1	1	X	X
305335834	56090706	60	F	6	0	X	517506451
305335835	56090632	69	M	1	1	X	X
305410997	56092257	13	M	1	2	450091631	X
305410998	56092257	16	M	1	2	450091631	X
305410999	56092257	43	F	1	0	X	517341032
305411000	56092257	40	M	1	10	X	517506451
305411010	56092641	16	M	1	2	450097560	X
305411011	56092641	43	F	1	0	X	517432337
305543891	56094553	26	F	1	0	X	517423704
305543901	56089050	26	F	1	0	X	517507827
305543906	56091792	21	F	1	3	X	517506637
305652468	56089334	0	M	1	2	X	X
305652469	56089334	19	F	1	1	X	X
305652479	56091916	22	M	1	0	X	517506451
305652534	56089347	0	M	1	2	X	X
305652535	56089347	19	F	1	1	X	X
305652538	56092875	19	F	1	1	X	X
305652539	56092875	22	M	1	0	X	517432368
305740378	56091981	31	M	1	0	X	517506451
305740383	56091466	31	M	1	0	X	517506451
305740384	56091934	31	M	1	0	X	517506323
305740389	56092656	31	M	1	0	X	517423759
305740416	56091418	31	M	1	0	X	517423669
305740432	56092627	31	M	1	0	X	517423624
305937498	56094536	59	M	1	0	X	X
306088181	56090766	64	F	1	1	X	X
306088182	56090766	55	M	1	0	X	517506451
306116069	56087835	65	M	1	0	X	517506558
306116070	56087835	65	F	1	1	X	X
306116081	56088360	65	M	1	0	X	517508817
306116082	56088360	65	F	1	1	X	X
306116087	56087845	65	M	1	0	X	517506682
306116092	56087843	65	F	1	1	X	X
306421450	56089033	9	M	1	2	450093610	X
306421451	56089033	15	F	1	2	450091631	X
306627490	56089279	51	F	1	0	X	X
306627501	56094512	51	F	1	0	X	X
306708973	56090543	47	M	1	0	X	517506451
306758074	56094143	2	F	1	2	X	X
306852534	56092100	61	M	1	0	X	517506451
306991139	56090999	54	F	1	1	X	X
306991144	56092755	17	F	1	2	450091631	517432338
307068447	56094535	47	M	1	1	X	517423696
307068450	56089657	51	F	1	0	X	517507236
307068451	56089657	47	M	1	1	X	517507220
307069036	56090631	56	F	1	0	X	517506317
307093124	56092465	59	M	1	0	X	517506451
307093126	56092465	58	F	1	1	X	X
307093137	56094541	25	M	1	2	X	517423606
307093138	56094541	58	F	1	1	X	X
307157981	56090078	57	F	1	1	X	517508009
307157992	56092907	62	M	1	0	X	X
307158004	56090299	62	M	1	0	X	X
307158013	56089344	57	F	1	1	X	517508709
307158033	56092984	57	F	1	1	X	517423759
307158034	56092984	62	M	1	0	X	X
307158038	56089729	62	M	1	0	X	X
307223811	56091594	21	F	1	0	X	517506451
307223812	56093057	21	F	1	0	X	517432452
307236131	56093549	27	M	1	0	X	517423564
307236132	56093549	30	F	1	1	X	517423528
307236149	56090782	27	M	1	0	X	517506451
307236150	56090782	30	F	1	1	X	517506416
307236205	56091375	27	M	1	0	X	517506451
307552492	56093151	78	M	1	0	X	X
307552497	56090006	78	M	1	0	X	X
307730862	56092142	65	F	1	1	X	X
307730877	56092400	79	M	1	0	X	X
307730878	56092400	65	F	1	1	X	X
307730881	56092944	79	M	1	0	X	X
307730883	56092382	79	M	1	0	X	X
307730884	56092382	65	F	1	1	X	X
307730897	56092234	79	M	1	0	X	X
307730899	56088435	79	M	1	0	X	X
307730913	56092092	79	M	1	0	X	X
307730914	56092092	65	F	1	1	X	X
307778120	56088743	51	F	1	0	X	517507199
307782412	56088488	15	F	1	2	450091631	X
307782413	56088488	44	F	1	0	X	517506703
307782416	56094386	15	F	1	2	450097562	X
307811188	56094448	57	M	1	0	X	X
308117467	56090917	21	M	1	2	X	X
308160506	56089216	72	M	1	0	X	X
308160510	56091416	72	M	1	0	X	X
308160511	56091416	72	F	1	1	X	X
308160514	56091517	72	M	1	0	X	X
308160515	56091517	72	F	1	1	X	X
308160530	56092071	72	M	1	0	X	X
308160531	56092071	72	F	1	1	X	X
308502528	56090230	47	F	1	0	X	X
308502529	56090230	16	M	1	2	450091631	X
308502538	56092763	16	M	1	2	450097560	X
308970225	56090268	71	M	1	0	X	X
308970240	56091987	60	F	1	1	X	506926740
308970241	56091987	71	M	1	0	X	X
308970259	56093536	71	M	1	0	X	X
308970266	56092249	60	F	1	1	X	517506291
308970267	56092249	71	M	1	0	X	X
308970272	56093032	60	F	1	1	X	517432299
308970273	56093032	71	M	1	0	X	X
308970278	56093620	60	F	1	1	X	517423730
308970286	56088680	60	F	1	1	X	517508112
309003922	56087806	28	M	1	0	X	517506451
309003990	56090768	28	M	1	0	X	517506451
309003992	56090768	1	F	1	2	X	X
309004039	56094409	3	F	1	2	X	X
309004061	56094545	25	F	1	1	X	X
309004082	56090568	28	M	1	0	X	517506451
309035364	56089132	16	M	1	2	450091631	517508002
309035365	56089132	13	F	1	2	450091631	X
309035368	56089488	15	F	1	2	450091631	X
309035369	56089488	16	M	1	2	450091631	517662730
309035370	56089488	13	F	1	2	450091631	X
309035371	56089488	36	F	1	0	X	517506396
309035382	56091191	35	M	1	1	X	517506451
309035414	56094248	16	M	1	2	450097562	517423743
309035415	56094248	13	F	1	2	450091631	X
309035417	56094248	35	M	1	1	X	517423567
309035445	56093626	13	F	1	2	450091631	X
309035446	56093626	36	F	1	0	X	517423536
309035454	56091183	16	M	1	2	450091631	517506451
309035455	56091183	13	F	1	2	450091631	X
309035456	56091183	36	F	1	0	X	517506451
309035459	56091578	16	M	1	2	450091631	517506700
309035461	56091578	36	F	1	0	X	517506451
309035462	56091578	35	M	1	1	X	517506451
309543552	56094527	54	F	1	0	X	517423528
309860302	56089649	6	M	1	2	X	X
309860303	56089649	6	M	1	2	X	X
309860304	56089649	12	F	1	2	450091631	X
309860305	56089649	14	M	1	2	450091631	X
309860306	56089649	44	F	1	1	X	517507256
309860320	56092619	6	M	1	2	X	X
309860321	56092619	6	M	1	2	X	X
309860323	56092619	14	M	1	2	450091631	X
309860324	56092619	44	F	1	1	X	517432476
309860326	56089866	6	M	1	2	X	X
309860327	56089866	6	M	1	2	X	X
309860329	56089866	14	M	1	2	450091631	X
310158381	56093453	59	M	1	0	X	517423739
310158382	56093647	59	M	1	0	X	517423597
310463140	56089349	60	M	1	0	X	X
310613467	56089417	57	F	1	1	X	517508002
310613468	56089417	57	M	1	0	X	X
310775258	56089533	31	F	1	1	X	X
310775259	56089533	2	F	1	2	X	X
310775261	56089533	6	F	1	2	450093610	X
310775264	56093925	31	F	1	1	X	X
310775267	56093925	6	F	1	2	450097561	X
310915292	56091092	15	M	1	2	450091631	X
310915294	56091092	39	F	1	1	X	517506451
310915320	56088578	44	M	1	0	X	517506693
311148280	56093255	17	M	1	2	450097560	X
311148281	56093255	48	F	1	1	X	517423682
311380110	56093889	62	M	1	1	X	X
311560757	56089420	61	M	1	0	X	517507203
311987795	56091081	60	M	1	0	X	517506761
311987797	56091081	36	M	1	2	X	517506346
311987868	56092280	58	F	1	1	X	517506451
311987888	56090608	60	M	1	0	X	517506451
311987889	56090608	58	F	1	1	X	517506713
312003773	56089517	22	F	9	1	X	517507612
312148585	56090972	94	F	1	0	X	X
312377295	56094422	13	F	1	2	450091631	X
312377297	56094422	37	M	1	1	X	517423701
312377320	56091568	13	F	1	2	450101788	X
312377322	56091568	37	M	1	1	X	517506388
312377323	56091568	1	M	1	2	X	X
312377329	56092181	7	F	1	2	450101788	X
312377330	56092181	13	F	1	2	450101788	X
312377349	56091210	7	F	1	2	450088468	X
312377352	56091210	37	M	1	1	X	517506451
312377353	56091210	1	M	1	2	X	X
312377370	56094354	13	F	1	2	450097563	X
312377371	56094354	34	F	1	0	X	517423601
312377373	56094354	1	M	1	2	X	X
312377384	56092391	7	F	1	2	450101788	X
312377385	56092391	13	F	1	2	450101788	X
312377391	56092554	34	F	1	0	X	517432368
312377392	56092554	37	M	1	1	X	517409599
312573239	56088411	52	M	1	0	X	X
312573254	56093879	52	M	1	0	X	X
312573255	56093133	52	M	1	0	X	X
312935592	56089557	59	F	1	0	X	517507479
312935600	56094204	59	F	1	0	X	517423615
312935603	56092677	62	M	9	1	X	517432476
312935604	56092677	59	F	1	0	X	517432357
313076356	56090691	42	F	1	1	X	517506451
313076361	56092935	8	F	1	2	450097561	X
313076406	56089107	8	F	1	2	450093610	X
313156600	56093555	37	M	1	0	X	X
313156601	56093555	17	F	1	2	450097560	X
313156622	56091288	37	M	1	0	X	X
313156623	56091288	17	F	1	2	450091631	X
313156632	56091994	37	M	1	0	X	X
313156682	56093450	37	M	1	0	X	X
313156683	56093450	17	F	1	2	450097562	X
313156696	56090062	37	M	1	0	X	X
313156699	56093876	17	F	1	2	450097560	X
314062403	56093551	6	M	1	2	450097561	X
314062404	56093551	42	M	1	1	X	517423612
314062406	56093551	16	M	1	2	450097560	X
314062429	56088942	36	F	1	0	X	X
314062430	56088942	16	M	1	2	450091631	X
314062459	56094599	6	M	1	2	450097561	X
314062460	56094599	42	M	1	1	X	517423536
314062472	56088070	42	M	1	1	X	517506314
314062473	56088070	36	F	1	0	X	X
314062474	56088070	16	M	1	2	450091631	X
314062492	56090468	42	M	1	1	X	517506674
314062494	56090468	16	M	1	2	450091631	X
314308179	56093145	8	F	1	2	450066968	X
314308181	56093145	46	F	1	1	X	517432352
314308182	56093145	14	M	1	2	450097563	X
314308204	56094502	47	M	1	0	X	517423759
314308205	56094502	46	F	1	1	X	517423757
314308252	56089813	47	M	1	0	X	517508803
314308253	56089813	46	F	1	1	X	517508358
314308308	56088468	47	M	1	0	X	517507377
314308323	56094544	8	F	1	2	450066968	X
314308325	56094544	46	F	1	1	X	517423536
314430195	56092681	17	M	9	2	450097560	X
314660153	56090770	63	M	1	0	X	X
314660154	56090770	58	F	1	1	X	517506451
314892024	56094182	57	M	1	1	X	517423759
314892028	56088868	57	M	1	1	X	517507194
314925521	56092439	71	F	1	1	X	X
314925522	56092439	74	M	1	0	X	X
314925523	56090285	71	F	1	1	X	X
314925547	56089943	71	F	1	1	X	X
314925549	56092026	71	F	1	1	X	X
314925557	56088213	71	F	1	1	X	X
314925559	56088231	71	F	1	1	X	X
314925560	56088231	74	M	1	0	X	X
315011126	56088888	14	F	9	2	450091631	X
315011127	56088888	36	M	1	0	X	517507454
315011128	56088888	33	F	1	1	X	X
315011175	56093342	36	M	1	0	X	517423574
315011190	56091923	14	F	9	2	450091631	X
315011201	56088152	13	M	9	2	450093610	X
315011202	56090337	14	F	9	2	450091631	X
315011205	56090337	13	M	9	2	450093610	X
315011238	56090193	14	F	9	2	450091631	X
315011239	56090193	36	M	1	0	X	517506676
315011270	56091448	14	F	9	2	450091631	X
315011274	56088215	14	F	9	2	450091631	X
315011301	56090303	13	M	9	2	450093610	X
315884178	56092777	72	F	1	0	X	517432477
315994163	56089238	48	F	1	1	X	517507441
315994189	56092950	48	F	1	1	X	517389115
316073338	56093227	50	F	1	0	X	517423684
316173336	56089359	35	F	1	1	X	X
316173337	56089359	8	M	1	2	450093610	X
316173340	56089359	5	F	1	2	450066968	X
316173360	56092642	35	F	1	1	X	X
316173361	56092642	8	M	1	2	450097561	X
316173362	56092642	17	M	1	2	450097560	X
316173364	56092642	5	F	1	2	450066968	X
316173365	56092642	36	M	1	0	X	517432301
316173366	56088403	35	F	1	1	X	X
316173368	56088403	17	M	1	2	450091631	X
316173370	56088403	5	F	1	2	450066968	X
316173385	56091231	8	M	1	2	450088468	X
316173386	56091231	17	M	1	2	450091631	X
316173390	56089409	35	F	1	1	X	X
316173393	56089409	13	M	1	2	450093610	X
316173395	56089409	36	M	1	0	X	517506558
316173402	56091043	35	F	1	1	X	X
316173406	56091043	5	F	1	2	450066968	X
316173424	56091233	5	F	1	2	450066968	X
316173468	56091280	35	F	1	1	X	X
316173470	56091280	17	M	1	2	450091631	X
316173471	56091280	13	M	1	2	450101788	X
316173473	56091280	36	M	1	0	X	517506451
316173481	56087880	8	M	1	2	450093610	X
316173484	56087880	5	F	1	2	450066968	X
316173485	56087880	36	M	1	0	X	517507457
316173486	56091067	35	F	1	1	X	X
316173488	56091067	17	M	1	2	450091631	X
316173489	56091067	13	M	1	2	450101788	X
316173490	56091067	5	F	1	2	450066968	X
316173491	56091067	36	M	1	0	X	517506332
316173492	56091759	35	F	1	1	X	X
316173495	56091759	13	M	1	2	450101788	X
316173496	56091759	5	F	1	2	450066968	X
316173516	56092922	35	F	1	1	X	X
316173517	56092922	8	M	1	2	450097561	X
316173519	56092922	13	M	1	2	450097563	X
316173521	56092922	36	M	1	0	X	517432305
316333115	56091029	43	F	1	0	X	517506451
316333116	56091029	12	M	1	2	450101788	X
316333117	56091029	15	F	1	2	450091631	X
316333131	56093312	43	F	1	0	X	517423725
316333179	56089451	43	F	1	0	X	517507442
316333181	56089451	15	F	1	2	450091631	X
316333183	56089567	43	F	1	0	X	517508383
316333184	56089567	12	M	1	2	450093610	X
316333186	56089567	46	M	1	1	X	X
316333194	56092630	46	M	1	1	X	X
316333199	56091342	43	F	1	0	X	517506332
316333224	56093258	12	M	1	2	450097563	X
316408183	56089302	12	F	1	2	450093610	X
316408184	56089302	14	F	1	2	450093610	X
316408186	56089302	18	M	1	2	450091631	X
316408189	56089302	10	M	1	2	450093610	X
316408190	56089302	7	M	1	2	450093610	X
316427742	56092158	79	M	1	0	X	X
316427777	56091855	75	F	1	1	X	517506451
316427789	56090775	75	F	1	1	X	517506451
316514476	56091170	36	M	1	0	X	517506451
316514479	56091082	36	M	1	0	X	517369240
316514483	56091024	0	F	1	2	X	X
316514484	56091024	30	F	1	1	X	517506332
316514519	56091094	0	F	1	2	X	X
316514525	56090282	0	F	1	2	X	X
316514527	56090282	36	M	1	0	X	517507220
316514541	56088040	30	F	1	1	X	517508694
316514570	56087859	0	F	1	2	X	X
316514571	56087859	30	F	1	1	X	517508756
316514573	56091199	0	F	1	2	X	X
316514591	56090367	0	F	1	2	X	X
316514593	56090367	36	M	1	0	X	517508498
316514596	56088990	36	M	1	0	X	517507220
316514601	56094075	30	F	1	1	X	517423657
316514602	56094075	36	M	1	0	X	517423586
316514636	56090471	0	F	1	2	X	X
316514651	56089291	0	F	1	2	X	X
316514652	56089291	30	F	1	1	X	517508330
316514653	56089291	36	M	1	0	X	517507702
316557445	56093479	72	F	1	0	X	X
316680592	56088641	46	M	1	0	X	517508103
316680593	56088641	39	F	1	1	X	517507220
316680595	56088641	15	F	1	2	450091631	X
317085191	56094187	11	F	1	2	450097563	X
317085192	56094187	29	F	1	0	X	X
317085197	56090160	29	F	1	0	X	X
317085284	56092270	7	M	1	2	450101788	X
317085287	56092270	29	F	1	0	X	X
317085300	56092515	37	M	1	10	X	506643449
317085302	56092515	29	F	1	0	X	X
317085325	56088433	37	M	1	10	X	517506741
317085326	56088433	11	F	1	2	450093610	X
317085338	56092360	8	F	1	2	450101788	X
317085340	56092360	37	M	1	10	X	517506451
317085341	56092360	11	F	1	2	450101788	X
317085354	56088261	7	M	1	2	450093610	X
317085355	56088261	37	M	1	10	X	517507696
317085356	56088261	11	F	1	2	450093610	X
317085357	56088261	29	F	1	0	X	X
317085403	56092078	8	F	1	2	450101788	X
317085405	56092078	37	M	1	10	X	517506451
317085407	56092078	29	F	1	0	X	X
317632859	56091411	75	F	1	0	X	X
317632860	56091411	75	M	1	1	X	X
317632861	56091479	75	F	1	0	X	X
317632865	56089693	75	F	1	0	X	X
317632866	56089693	75	M	1	1	X	X
317632874	56090934	75	M	1	1	X	X
317632881	56094237	75	F	1	0	X	X
317632882	56094237	75	M	1	1	X	X
317690770	56093081	47	F	1	0	X	517432305
317690789	56094076	53	M	1	1	X	517423716
317690807	56089994	53	M	1	1	X	517508092
317690808	56089994	47	F	1	0	X	517507248
317690813	56088082	53	M	1	1	X	517508002
317690815	56090063	53	M	1	1	X	517506556
317716114	56090463	69	F	1	1	X	X
317716137	56088763	73	M	1	0	X	X
317716150	56089854	69	F	1	1	X	X
317725358	56093325	34	F	1	1	X	X
317725359	56093325	36	M	1	0	X	517423615
317750100	56090152	7	M	1	2	X	X
317750102	56090152	47	F	1	1	X	517507436
317750162	56089705	47	F	1	1	X	517506451
317750163	56089705	9	M	1	2	450093610	X
317750165	56089705	17	F	1	2	450091631	X
317791669	56093573	60	F	1	0	X	517423650
318131441	56093243	68	M	1	1	X	517423536
318131442	56093243	61	F	1	0	X	517423816
318131497	56092043	15	M	1	2	450091631	X
318131498	56092043	68	M	1	1	X	517506451
318131499	56092043	61	F	1	0	X	517506451
318131548	56091152	15	M	1	2	450091631	X
318131549	56091152	68	M	1	1	X	517506451
318131550	56091152	61	F	1	0	X	517506451
318131606	56093495	68	M	1	1	X	517423615
318131607	56093495	61	F	1	0	X	517423678
318191026	56091935	60	M	1	0	X	X
318191034	56087922	60	M	1	0	X	X
318349370	56093360	77	F	1	0	X	X
318418707	56093926	31	M	1	1	X	517423706
318418711	56094459	31	M	1	1	X	517423593
318418728	56092162	28	F	1	0	X	X
318535769	56091349	33	M	1	1	X	517376524
318535770	56091349	4	M	1	2	X	X
318535771	56091349	37	F	1	9	X	517506451
318535779	56093293	37	F	1	9	X	517423759
318535782	56094569	4	M	1	2	X	X
318535981	56094382	33	M	1	1	X	517423815
318535982	56094382	4	M	1	2	X	X
318535983	56094382	37	F	1	9	X	517423676
318535988	56094450	32	F	1	0	X	517423694
318535990	56094450	4	M	1	2	X	X
318536001	56090416	33	M	1	1	X	517506676
318536002	56090416	4	M	1	2	X	X
318536060	56088068	32	F	1	0	X	517662730
318536063	56088068	37	F	1	9	X	517508002
318536100	56087924	32	F	1	0	X	517506715
318536101	56087924	33	M	1	1	X	517506872
318536103	56087924	37	F	1	9	X	517506866
318603355	56091341	37	M	1	0	X	517506451
318603356	56091864	37	M	1	0	X	517506451
318682779	56092593	10	M	1	2	450097561	X
318682780	56092593	13	M	1	2	450097563	X
318719920	56088982	65	M	3	1	X	517509004
318740421	56091084	72	F	1	0	X	517506451
319256215	56090842	68	F	1	1	X	X
319256216	56090842	69	M	1	0	X	X
319258669	56088796	44	M	1	0	X	517508711
319258670	56088796	44	F	1	1	X	517507420
319458465	56089523	51	F	1	1	X	517508481
319663598	56088958	5	F	1	2	450066968	X
319663600	56088958	10	F	1	2	450093610	X
319825749	56093682	77	F	1	0	X	X
320067602	56092301	58	M	1	0	X	517506761
320067605	56089860	55	F	1	1	X	517507220
320071401	56090409	23	F	1	0	X	517506728
320071404	56094150	23	F	1	0	X	517423652
320071407	56093878	23	F	1	0	X	517423593
320075910	56094505	46	F	1	1	X	517423536
320264748	56088779	49	F	1	0	X	X
320264750	56088779	17	F	1	2	450091631	517508372
320264785	56090220	18	M	1	2	450091631	517506868
320264786	56090220	17	F	1	2	450091631	517507431
320442570	56089683	84	F	1	0	X	X
320588052	56087810	66	F	1	1	X	X
320588058	56092310	66	F	1	1	X	X
320588059	56092310	67	M	1	0	X	517506451
320588064	56088052	66	F	1	1	X	X
320588080	56089999	66	F	1	1	X	X
320588082	56092421	66	F	1	1	X	X
320588083	56092421	67	M	1	0	X	517506271
320644167	56093338	16	M	1	2	450063600	X
320644168	56093338	63	M	1	0	X	517423759
320644170	56093338	18	M	1	2	450063600	X
320645258	56087909	25	M	1	0	X	517508278
320724851	56092924	29	M	1	12	X	517432368
320802051	56091511	37	F	1	0	X	517506356
320924528	56091999	72	F	1	0	X	X
320924537	56087952	72	F	1	0	X	X
321134483	56091237	57	F	1	0	X	X
321134492	56088061	57	F	1	0	X	X
321134506	56088505	57	F	1	0	X	X
321134508	56088751	57	F	1	0	X	X
321134517	56090381	57	F	1	0	X	X
322217910	56087852	72	F	1	1	X	X
322328519	56092255	67	M	1	0	X	X
322328529	56090371	67	M	1	0	X	X
322582250	56091767	6	F	1	2	450088468	X
322582252	56091767	33	M	1	0	X	517506308
322582262	56091777	6	F	1	2	450088468	X
322582265	56091777	3	F	1	2	450066968	X
322582290	56091522	6	F	1	2	450088468	X
322582292	56091522	33	M	1	0	X	517506345
322582302	56092227	6	F	1	2	450088468	X
322582303	56092227	33	F	1	1	X	517506451
322582305	56092227	3	F	1	2	450066968	X
322865182	56087944	33	F	1	0	X	517508890
322865183	56087944	13	F	1	2	450093610	X
322865185	56087944	4	M	1	2	X	X
322865206	56091907	35	M	1	1	X	517506451
322865208	56091907	13	F	1	2	450101788	X
322865209	56091907	11	F	1	2	450101788	X
322872808	56089861	7	F	1	2	450093610	X
322872809	56089861	29	F	1	0	X	517508002
322872810	56089861	12	M	1	2	450093610	X
322872823	56091022	8	M	1	2	450088468	X
322872824	56091022	7	F	1	2	450088468	X
322872825	56091022	29	F	1	0	X	517506820
322872826	56091022	12	M	1	2	450101788	X
322872839	56091542	8	M	1	2	450088468	X
322872840	56091542	7	F	1	2	450088468	X
322872863	56090529	8	M	1	2	450088468	X
322872864	56090529	7	F	1	2	450088468	X
322872865	56090529	29	F	1	0	X	517506451
322872866	56090529	12	M	1	2	450101788	X
322872879	56088012	8	M	1	2	450093610	X
322872881	56088012	29	F	1	0	X	517506451
322872899	56094387	8	M	1	2	450097561	X
322872900	56094387	7	F	1	2	450097561	X
322872902	56094387	12	M	1	2	450097563	X
322872968	56092959	7	F	1	2	450097561	X
322872969	56092959	29	F	1	0	X	517432368
322872970	56092959	12	M	1	2	450097563	X
322872976	56090834	7	F	1	2	450088468	X
322872977	56090834	29	F	1	0	X	517506238
322872978	56090834	12	M	1	2	450101788	X
322872993	56092495	29	F	1	0	X	517423624
322872994	56092495	12	M	1	2	450091631	X
322873007	56090325	8	M	1	2	450093610	X
322873008	56090325	7	F	1	2	450093610	X
322873009	56090325	29	F	1	0	X	517508002
322873010	56090325	12	M	1	2	450093610	X
322873083	56091443	8	M	1	2	450088468	X
322873084	56091443	7	F	1	2	450088468	X
322873086	56091443	12	M	1	2	450101788	X
322873088	56091446	7	F	1	2	450088468	X
322873089	56091446	29	F	1	0	X	517506451
322873090	56091446	12	M	1	2	450101788	X
322873103	56092776	8	M	1	2	450091630	X
322873104	56092776	7	F	1	2	450091630	X
322873124	56092168	7	F	1	2	450101788	X
322873126	56092168	12	M	1	2	450101788	X
322873129	56092033	29	F	1	0	X	517506457
322873130	56092033	12	M	1	2	450101788	X
322873149	56092631	29	F	1	0	X	517432342
322873180	56089458	7	F	1	2	450088468	X
322873181	56089458	29	F	1	0	X	517507432
323024599	56090948	66	M	1	1	X	517506451
323024602	56092332	62	F	1	0	X	X
323135844	56090783	22	M	1	0	X	517506380
323135857	56093929	22	M	1	0	X	517423759
323216425	56092655	50	M	1	1	X	517432474
323216441	56091647	50	M	1	1	X	517506363
323216442	56091647	52	F	1	0	X	517423593
323216479	56091532	50	M	1	1	X	517506451
323524505	56088728	57	M	1	1	X	517507432
323524515	56094124	57	M	1	1	X	517423620
324396914	56094361	64	M	1	10	X	517423718
324396915	56094361	68	F	1	0	X	517423756
324396918	56092306	64	M	1	10	X	517506451
324568187	56093686	53	M	1	0	X	X
324692233	56089442	77	F	1	0	X	X
324692234	56088146	77	F	1	0	X	X
324692240	56090243	77	F	1	0	X	X
324692250	56094197	77	F	1	0	X	X
324759550	56089653	4	M	1	2	X	X
324759552	56089653	32	M	1	0	X	517508002
324759594	56090928	4	M	1	2	X	X
324759595	56090928	0	M	1	2	X	X
325007633	56093542	55	M	1	1	X	517423593
325183585	56093475	33	F	1	0	X	517423767
325183587	56093475	4	F	1	2	X	X
325183588	56093475	38	M	1	1	X	517423618
325293717	56094598	22	M	1	2	X	X
325329641	56089883	1	M	1	5	X	X
325329643	56089883	51	F	1	0	X	X
325381156	56093407	1	M	1	2	X	X
325381158	56093407	37	M	1	1	X	517423571
325381172	56091906	34	F	1	0	X	X
325381173	56091906	37	M	1	1	X	517506451
325476825	56091268	41	F	1	10	X	X
325541371	56092138	27	F	1	1	X	517506451
325603597	56089335	68	F	1	1	X	X
325603616	56094439	69	M	1	0	X	X
325603617	56094439	68	F	1	1	X	X
325603618	56092050	69	M	1	0	X	X
325603619	56092050	68	F	1	1	X	X
325603624	56088104	69	M	1	0	X	X
325809170	56090056	52	M	1	0	X	517506707
326112482	56094648	18	M	1	2	450097562	X
326112511	56093084	57	M	1	0	X	517432343
326112514	56093406	57	M	1	0	X	517423536
326112516	56093406	56	F	1	1	X	517423759
326112544	56092080	57	M	1	0	X	517506758
326112545	56092080	18	M	1	2	450091631	X
326112546	56092080	56	F	1	1	X	517506396
326112592	56093036	57	M	1	0	X	517432478
326112593	56093036	18	M	1	2	450097562	X
326112594	56093036	56	F	1	1	X	506643582
326112595	56093395	57	M	1	0	X	517423759
326112598	56089058	57	M	1	0	X	517508057
326112599	56089058	18	M	1	2	450091631	X
326212662	56089679	48	M	1	0	X	517507220
326212663	56089679	49	F	1	1	X	X
326212664	56089679	15	M	1	2	450091631	X
326212684	56088623	49	F	1	1	X	X
326212686	56090388	48	M	1	0	X	517506451
326212688	56090388	15	M	1	2	450091631	X
326212720	56088604	49	F	1	1	X	X
326212721	56088604	15	M	1	2	450091631	X
326212740	56093071	48	M	1	0	X	517432305
326212741	56093071	49	F	1	1	X	X
326222783	56092812	29	M	1	0	X	517423536
326342983	56091160	7	M	1	2	450088468	X
326343013	56088684	7	M	1	2	450093610	X
326343014	56088684	36	F	1	0	X	X
326343021	56091055	7	M	1	2	450088468	X
326343022	56091055	36	F	1	0	X	X
326549242	56088453	48	M	1	0	X	517506646
326549243	56092947	48	M	1	0	X	517432480
326549246	56091632	48	M	1	0	X	517506319
326549263	56092811	48	M	1	0	X	517432445
326619342	56093832	23	M	1	10	X	517423759
326654717	56093885	19	F	1	2	X	X
326654735	56093245	19	F	1	2	X	X
326654736	56093245	52	M	1	1	X	517423614
326654737	56093245	45	F	1	0	X	517423714
326654744	56089884	19	F	1	2	X	X
326654745	56089884	52	M	1	1	X	517508158
326654746	56089884	45	F	1	0	X	517508008
326654759	56091969	19	F	1	2	X	X
326654760	56091969	52	M	1	1	X	517506451
326654832	56089550	52	M	1	1	X	517506451
326654833	56089550	45	F	1	0	X	517506451
326654849	56088270	19	F	1	2	X	X
326654851	56088270	45	F	1	0	X	517507928
326654858	56089063	19	F	1	2	X	X
326654861	56090248	19	F	1	2	X	X
326654877	56093466	52	M	1	1	X	517423593
326654886	56091284	52	M	1	1	X	517509372
326662634	56088790	27	F	1	0	X	517506451
326701710	56088025	68	M	1	0	X	517508057
326701712	56087961	68	M	1	0	X	517506683
326701713	56087961	65	F	1	1	X	517506873
326745643	56092623	67	F	1	1	X	X
326745644	56092623	69	M	1	0	X	517432368
326745653	56092241	67	F	1	1	X	X
326769264	56088172	64	F	1	1	X	517508169
326769265	56088172	65	M	1	0	X	517507942
326769270	56088168	64	F	1	1	X	517506380
326769271	56088168	65	M	1	0	X	517508374
326899766	56092847	39	F	1	10	X	X
326899767	56092847	41	F	1	0	X	517432476
326899776	56094343	39	F	1	10	X	X
326899801	56094645	41	F	1	0	X	517423759
326949730	56093610	49	F	1	1	X	517423593
327044504	56094280	33	M	1	0	X	517423759
327044521	56088306	40	F	1	1	X	517507442
327063679	56091513	79	F	1	0	X	X
327063686	56091463	79	F	1	0	X	X
327063697	56091370	79	F	1	0	X	X
327281856	56090315	64	F	1	0	X	517506683
327281857	56090315	77	M	1	1	X	X
327281883	56088674	77	M	1	1	X	X
327281884	56090760	64	F	1	0	X	517506451
327281885	56090760	77	M	1	1	X	X
327281899	56090806	77	M	1	1	X	X
327300594	56090905	5	M	1	2	X	X
327300596	56090905	7	F	1	2	450088468	X
327300597	56090905	26	M	1	1	X	X
327300623	56089564	3	F	1	2	X	X
327300625	56089564	24	F	1	0	X	517508296
327300693	56089535	3	F	1	2	X	X
327300709	56094242	5	M	1	2	X	X
327300725	56094068	24	F	1	0	X	517423759
327300726	56094068	7	F	1	2	450097561	X
327300727	56094068	26	M	1	1	X	X
327346410	56092339	64	M	1	0	X	X
327346427	56088557	9	M	1	2	450093610	X
327346452	56093840	64	M	1	0	X	X
327481926	56091445	34	M	1	0	X	517506451
327766497	56091189	54	M	1	1	X	517506451
327766508	56092739	52	F	1	0	X	X
327766509	56092739	54	M	1	1	X	517432446
327895386	56089506	40	F	1	2	X	517507364
327895390	56089506	12	M	1	5	450067304	X
327895402	56092868	61	F	1	1	X	517432368
327895403	56092868	16	F	1	5	450097562	517432302
327895404	56092868	62	M	1	0	X	X
327917079	56089228	32	F	1	9	X	517506730
327917080	56089228	33	M	1	0	X	517506282
327917097	56091776	32	F	1	9	X	517506451
327917098	56091776	33	M	1	0	X	517506451
327917125	56089345	32	F	1	9	X	517507503
327917149	56091561	32	F	1	9	X	517506451
327926247	56090603	45	F	1	0	X	517506451
327926251	56093562	45	F	1	0	X	517423704
327933039	56091824	50	F	1	0	X	X
327933040	56091824	11	F	1	2	450101788	X
327933042	56091824	17	M	1	2	450091631	X
327933043	56091824	53	M	1	1	X	517506451
327933045	56089113	11	F	1	2	450093610	X
328129052	56093956	41	F	1	0	X	517423593
328129065	56088750	21	F	1	2	X	517507751
328129066	56088750	44	M	1	1	X	517506451
328191024	56089735	45	M	1	0	X	517506690
328191026	56089735	12	M	1	2	450093610	X
328191074	56092616	45	M	1	0	X	517365391
328191077	56092616	3	F	1	2	X	X
328191099	56089002	45	M	1	0	X	517506476
328191102	56089002	3	F	1	2	X	X
328191103	56089002	10	F	1	2	450093610	X
328191115	56092494	36	F	1	1	X	X
328191116	56092494	12	M	1	2	450091631	X
328191131	56090619	12	M	1	2	450101788	X
328191133	56090619	10	F	1	2	450101788	X
328191138	56090028	10	F	1	2	450093610	X
328191157	56092534	3	F	1	2	X	X
328191158	56092534	10	F	1	2	450091630	X
328327216	56091917	4	M	1	2	X	X
328327217	56091917	8	M	1	2	450088468	X
328327218	56091917	6	M	1	2	450088468	X
328327219	56091917	2	F	1	2	X	X
328327220	56091917	5	M	1	2	X	X
328327221	56091917	8	M	1	11	450088468	X
328327273	56090229	2	F	1	2	X	X
328327275	56090229	8	M	1	11	450093610	X
328327278	56090229	9	M	1	2	450093610	X
328327283	56092590	5	M	1	2	X	X
328327284	56092590	8	M	1	11	450091630	X
328327306	56092326	4	M	1	2	X	X
328327307	56092326	8	M	1	2	450101788	X
328327309	56092326	2	F	1	2	X	X
328327310	56092326	5	M	1	2	X	X
328327311	56092326	8	M	1	11	450101788	X
328327324	56088464	4	M	1	2	X	X
328327325	56088464	8	M	1	2	450093610	X
328327328	56088464	5	M	1	2	X	X
328327329	56088464	8	M	1	11	450093610	X
328327345	56091429	2	F	1	2	X	X
328327346	56091429	5	M	1	2	X	X
328327349	56091429	28	F	1	0	X	517506416
328327360	56092606	4	M	1	2	X	X
328327366	56092606	9	F	1	11	450097561	X
328327367	56092606	28	F	1	0	X	517432364
328327378	56088371	4	M	1	2	X	X
328327379	56088371	8	M	1	2	450093610	X
328327380	56088371	6	M	1	2	450088468	X
328327382	56088371	5	M	1	2	X	X
328327383	56088371	8	M	1	11	450093610	X
328327384	56088371	9	F	1	11	450093610	X
328381495	56091573	32	F	1	12	X	X
328381496	56091573	31	M	1	0	X	X
328475070	56089074	63	F	1	0	X	X
328475074	56089537	63	F	1	0	X	X
328475076	56093637	63	F	1	0	X	X
328475084	56093238	63	F	1	0	X	X
328482525	56090627	25	F	1	1	X	506146138
328482527	56090627	4	F	1	2	X	X
328505676	56090154	57	F	1	1	X	517506380
328505677	56090154	53	M	1	0	X	517506451
328505707	56094420	53	M	1	0	X	517423669
328697052	56092932	52	F	1	1	X	517432368
328697061	56090482	55	M	1	0	X	517506741
328697062	56090482	52	F	1	1	X	517506380
328697073	56089593	55	M	1	0	X	517507432
328697074	56089593	52	F	1	1	X	517508817
328697077	56089392	55	M	1	0	X	517507987
328697078	56089392	52	F	1	1	X	517506451
328697090	56093899	52	F	1	1	X	517423704
328697103	56089286	55	M	1	0	X	517507430
328697104	56089286	52	F	1	1	X	517506451
328697117	56090168	55	M	1	0	X	517506700
328697118	56090168	52	F	1	1	X	517506718
328697119	56090885	55	M	1	0	X	517506451
328744831	56088419	43	M	1	0	X	517506480
328744880	56088192	23	M	1	2	X	510787445
328744881	56088192	40	F	1	1	X	517507324
328744892	56094658	23	M	1	2	X	517423593
328744893	56094658	40	F	1	1	X	517423593
328744895	56088105	23	M	1	2	X	517506674
328744896	56088105	40	F	1	1	X	517507380
328782603	56094445	34	F	1	1	X	517423593
328782605	56094445	33	M	1	0	X	517423597
328782666	56094395	34	F	1	1	X	517423759
328879940	56094515	58	F	1	0	X	517423615
329013536	56093792	42	M	1	0	X	517423678
329079460	56094594	11	F	1	2	450097563	X
329501830	56092493	46	M	9	1	X	517432476
329501850	56093049	6	M	9	5	450097561	X
329501852	56093049	42	F	9	0	X	X
329501853	56093049	23	F	9	2	X	X
329501868	56093117	6	M	9	5	450097561	X
329501869	56093117	18	F	9	2	450097562	X
329501870	56093117	42	F	9	0	X	X
329501872	56093117	46	M	9	1	X	517432283
329501947	56092971	18	F	9	2	450097562	X
329501948	56092971	42	F	9	0	X	X
329501981	56093224	3	M	9	5	X	X
329501983	56093224	18	F	9	2	450097560	X
329501984	56093224	42	F	9	0	X	X
329501985	56093224	23	F	9	2	X	X
329501986	56093224	46	M	9	1	X	517423528
329501987	56092780	3	M	9	5	X	X
329501988	56092780	6	M	9	5	450097561	X
329501989	56092780	18	F	9	2	450097560	X
329501990	56092780	42	F	9	0	X	X
329501991	56092780	23	F	9	2	X	X
329501992	56092780	46	M	9	1	X	517423832
329501993	56092501	3	M	9	5	X	X
329501995	56092501	18	F	9	2	450091631	X
329501996	56092501	42	F	9	0	X	X
329501997	56092501	23	F	9	2	X	X
329825055	56090184	62	F	1	0	X	517506451
329993359	56089681	52	F	1	0	X	X
329993368	56088254	25	M	1	7	X	517507231
329993369	56088254	52	F	1	0	X	X
329993419	56090505	52	F	1	0	X	X
330127728	56088033	65	F	1	1	X	X
330127729	56088033	67	M	1	0	X	X
330127739	56091057	67	M	1	0	X	X
330127741	56092533	67	M	1	0	X	X
330127751	56092133	67	M	1	0	X	X
330169009	56089792	64	M	1	0	X	X
330169028	56089784	13	M	1	12	450093610	X
330169029	56089784	61	F	1	10	X	X
330169038	56090452	61	F	1	10	X	X
330169039	56090452	64	M	1	0	X	X
330169055	56089900	13	M	1	12	450093610	X
330169057	56089900	64	M	1	0	X	X
330778173	56094282	47	M	1	0	X	517423759
330778182	56094018	49	F	8	1	X	X
330778191	56090272	47	M	1	0	X	517507772
330778209	56088562	47	M	1	0	X	517506708
330778248	56088510	49	F	8	1	X	X
330911774	56094229	57	F	1	1	X	517423536
330911775	56094229	48	M	1	0	X	517423759
330990472	56090475	71	F	1	1	X	X
330990483	56091406	70	M	1	0	X	X
330990506	56093938	71	F	1	1	X	X
330990507	56093938	70	M	1	0	X	X
330990512	56094318	71	F	1	1	X	X
330990513	56094318	70	M	1	0	X	X
330990523	56088060	70	M	1	0	X	X
330990524	56088237	71	F	1	1	X	X
330990525	56088237	70	M	1	0	X	X
330990527	56090102	70	M	1	0	X	X
330990538	56090141	71	F	1	1	X	X
330990539	56090141	70	M	1	0	X	X
331231802	56090807	11	F	9	2	450101788	X
331231803	56090807	1	M	9	2	X	X
331231807	56090807	31	F	1	0	X	X
331245931	56091387	22	F	1	0	X	517506380
331245944	56093185	30	M	8	10	X	517432476
331245945	56093185	2	M	9	2	X	X
331299616	56088448	55	M	1	1	X	517508499
331399380	56091879	77	F	1	0	X	X
331399388	56094305	77	F	1	0	X	X
331519268	56091481	62	F	1	1	X	X
331519269	56091481	63	M	1	0	X	X
331598376	56093309	4	M	1	2	450094430	X
331598377	56093309	9	M	1	2	450097561	X
331598378	56093309	44	M	1	1	X	517423586
331598379	56093309	16	M	1	2	450097560	X
331598380	56093309	15	M	1	2	450097560	X
331598465	56091706	9	M	1	2	450088468	X
331598467	56091706	16	M	1	2	450091631	X
331598470	56091706	43	F	1	0	X	X
331598479	56089780	1	M	1	2	X	X
331598480	56089780	4	M	1	2	450094430	X
331598483	56089780	16	M	1	2	450091631	X
331598484	56089780	15	M	1	2	450091631	X
331598485	56089780	11	M	1	2	450093610	X
331598487	56091590	1	M	1	2	X	X
331598488	56091590	4	M	1	2	450094430	X
331598489	56091590	9	M	1	2	450088468	X
331598490	56091590	44	M	1	1	X	517506451
331598493	56091590	11	M	1	2	450101788	X
331598494	56091590	43	F	1	0	X	X
331598567	56092516	1	M	1	2	X	X
331598568	56092516	4	M	1	2	450094430	X
331598572	56092516	15	M	1	2	450091631	X
331598591	56093436	1	M	1	2	X	X
331598592	56093436	4	M	1	2	450094430	X
331598595	56093436	16	M	1	2	450097560	X
331598679	56088764	1	M	1	2	X	X
331598680	56088764	4	M	1	2	450094430	X
331598682	56088764	44	M	1	1	X	517508178
331598684	56088764	15	M	1	2	450091631	X
331598686	56088764	43	F	1	0	X	X
331598695	56089449	1	M	1	2	X	X
331598696	56089449	4	M	1	2	450094430	X
331598698	56089449	44	M	1	1	X	517508481
331598699	56089449	16	M	1	2	450091631	X
331598700	56089449	15	M	1	2	450091631	X
331598701	56089449	11	M	1	2	450093610	X
331598716	56089118	15	M	1	2	450091631	X
331598717	56089118	11	M	1	2	450093610	X
331598718	56089118	43	F	1	0	X	X
331598759	56093301	1	M	1	2	X	X
331598760	56093301	4	M	1	2	450094430	X
331598764	56093301	15	M	1	2	450097560	X
331598799	56094554	1	M	1	2	X	X
331598800	56094554	4	M	1	2	450094430	X
331598802	56094554	44	M	1	1	X	517423759
331598803	56094554	16	M	1	2	450097560	X
331598805	56094554	11	M	1	2	450097563	X
331598806	56094554	43	F	1	0	X	X
331598807	56091428	1	M	1	2	X	X
331598810	56091428	44	M	1	1	X	517506813
331598812	56091428	15	M	1	2	450091631	X
331598831	56090265	1	M	1	2	X	X
331598832	56090265	4	M	1	2	450094430	X
331598833	56090265	9	M	1	2	450093610	X
331598834	56090265	44	M	1	1	X	517508296
331598838	56090265	43	F	1	0	X	X
331703416	56092653	30	F	1	0	X	517432368
331703419	56092653	30	M	1	1	X	517432364
331703441	56090448	4	M	1	2	450066968	X
331703442	56090448	8	M	1	2	450093610	X
331703443	56090448	30	M	1	1	X	517507734
331703464	56092169	30	F	1	0	X	517506451
332014442	56088122	25	M	1	2	X	X
332014446	56088122	46	F	1	1	X	517507472
332050977	56093387	41	M	1	1	X	517423589
332050978	56093387	38	F	9	0	X	X
332050979	56093387	17	M	1	2	450097560	X
332270603	56094549	53	M	1	0	X	517423759
332270629	56092958	53	M	1	0	X	517432342
332270645	56089989	53	M	1	0	X	517507431
332270649	56087828	53	M	1	0	X	517506744
332270650	56087828	53	F	1	1	X	517508357
332270651	56088128	53	M	1	0	X	517506637
332270652	56088128	53	F	1	1	X	517507862
332317936	56092300	43	M	1	0	X	517506451
332317938	56092300	4	M	1	2	450066968	X
332722863	56089066	59	F	1	1	X	X
332722875	56093160	59	F	1	1	X	X
332722880	56093365	62	M	1	0	X	517423740
332722892	56091841	62	M	1	0	X	517506451
332722896	56092004	62	M	1	0	X	517506451
332722904	56088658	62	M	1	0	X	517506693
332722905	56088658	59	F	1	1	X	X
332722922	56094009	62	M	1	0	X	517423669
332722923	56094009	59	F	1	1	X	X
332722928	56093693	62	M	1	0	X	517423669
332722934	56089895	62	M	1	0	X	517506451
332722935	56089895	59	F	1	1	X	X
332931717	56093943	23	F	1	1	X	517423662
333051212	56093816	53	F	1	1	X	517423759
333051213	56093816	61	M	1	0	X	X
333051218	56093892	53	F	1	1	X	517423751
333051219	56093892	61	M	1	0	X	X
333051222	56093012	53	F	1	1	X	517432279
333051240	56091956	53	F	1	1	X	517506428
333051241	56091956	61	M	1	0	X	X
333183415	56092764	70	F	1	1	X	X
333357300	56093962	65	F	1	0	X	X
333357302	56092758	65	F	1	0	X	X
333685214	56090208	13	F	1	2	450093610	X
333685215	56090208	15	M	1	2	450091631	X
333685234	56092058	13	F	1	2	450101788	X
333685235	56092058	15	M	1	2	450091631	X
333685236	56092058	43	F	1	1	X	517506238
333685249	56094160	45	M	1	0	X	517423650
333685250	56094160	13	F	1	2	450097563	X
333685252	56094160	43	F	1	1	X	517423759
333772468	56091354	64	M	1	0	X	X
333772469	56091354	53	F	1	1	X	517506238
333772473	56089041	53	F	1	1	X	517506451
333820340	56092562	68	M	1	0	X	517432305
333820341	56092562	63	F	1	1	X	X
333820377	56091113	63	F	1	1	X	X
333820380	56092921	68	M	1	0	X	517432489
333820384	56094566	68	M	1	0	X	517423644
333848020	56088308	88	F	1	0	X	X
333880872	56089462	47	M	1	1	X	517508057
333880873	56089462	21	F	1	2	X	517507225
333880874	56089462	18	F	1	2	450091631	X
333880875	56089462	13	M	1	2	450093610	X
333880877	56089462	45	F	1	0	X	517507179
333880878	56089462	17	F	1	2	450091631	X
333880887	56089406	19	F	1	2	X	X
333880888	56089406	47	M	1	1	X	517507432
333880889	56089406	21	F	1	2	X	517507431
333880890	56089406	18	F	1	2	450091631	X
333880891	56089406	13	M	1	2	450093610	X
333880892	56089406	15	M	1	2	450091631	X
333880893	56089406	45	F	1	0	X	517507203
333880902	56090046	17	F	1	2	450091631	X
333880961	56089019	21	F	1	2	X	517507203
333880963	56089019	13	M	1	2	450093610	X
333880965	56089019	45	F	1	0	X	517506451
334078836	56092860	57	F	1	0	X	517410798
334484963	56090450	69	M	1	0	X	X
334719397	56089610	57	F	1	0	X	517507248
334719409	56090649	57	F	1	0	X	517506451
334719418	56091820	57	F	1	0	X	517506319
334805651	56088134	58	M	1	0	X	517506451
334805652	56088134	57	F	1	1	X	517506396
334805655	56094430	58	M	1	0	X	517423759
334805656	56094430	57	F	1	1	X	517423669
334805666	56089320	57	F	1	1	X	517507443
334805669	56088579	58	M	1	0	X	517508002
334805670	56088579	57	F	1	1	X	517508002
334870614	56090009	57	M	1	1	X	517506640
334870615	56090009	54	F	1	0	X	517506741
334870626	56090394	57	M	1	1	X	517506558
334870627	56090394	54	F	1	0	X	517508790
334870652	56088161	57	M	1	1	X	517508027
334870653	56088161	54	F	1	0	X	517507345
334870654	56090723	57	M	1	1	X	517506419
334870655	56090723	54	F	1	0	X	517506451
334870656	56089674	57	M	1	1	X	517508705
334870689	56087863	54	F	1	0	X	517507230
334870696	56089706	57	M	1	1	X	517663295
334870697	56089706	54	F	1	0	X	517507690
334921779	56090134	81	F	1	1	X	X
334921780	56090134	84	M	1	0	X	X
334921781	56088002	81	F	1	1	X	X
334921782	56088002	84	M	1	0	X	X
334921788	56091260	84	M	1	0	X	X
334921817	56094083	81	F	1	1	X	X
334921845	56093861	81	F	1	1	X	X
335108010	56090432	44	M	1	10	X	517506688
335108029	56089176	48	F	1	0	X	517506451
335108033	56091557	48	F	1	0	X	517506451
335108039	56090434	48	F	1	0	X	517506451
335135251	56089974	79	F	1	0	X	X
335135271	56090014	79	F	1	0	X	X
335138925	56093520	17	M	1	2	450097560	X
335138927	56093520	14	M	1	2	450097563	X
335138960	56094006	39	M	1	0	X	517423593
335138968	56091252	39	M	1	0	X	517506300
335138969	56091252	17	M	1	2	450091631	X
335138984	56091868	39	M	1	0	X	517506451
335138986	56091868	40	F	1	1	X	X
335138987	56091868	14	M	1	2	450101788	X
335138997	56091314	17	M	1	2	450091631	X
335138999	56091314	14	M	1	2	450101788	X
335246215	56093842	22	F	1	0	X	517423841
335246216	56093642	22	F	1	0	X	517423764
335260161	56092617	74	M	1	1	X	X
335260172	56094610	77	F	1	0	X	X
335260185	56088062	74	M	1	1	X	X
335260186	56088062	77	F	1	0	X	X
335260193	56091114	74	M	1	1	X	X
335260194	56091114	77	F	1	0	X	X
335260201	56088831	74	M	1	1	X	X
335276655	56092114	5	M	1	2	X	X
335276680	56091414	5	M	1	2	X	X
335276681	56091414	3	F	1	2	X	X
335313204	56093547	4	M	9	2	X	X
335321555	56088016	29	F	1	0	X	517506451
335321576	56087840	8	M	1	2	450093610	X
335321599	56091496	29	F	1	0	X	517507220
335661028	56089133	50	M	1	0	X	X
335661037	56089386	50	F	1	1	X	X
335860712	56092308	22	M	1	2	X	517340732
335860714	56092308	58	M	1	0	X	517506238
335860715	56092308	55	F	1	1	X	X
335860770	56093930	58	M	1	0	X	517423723
335860771	56093930	55	F	1	1	X	X
336052468	56088696	29	F	1	1	X	X
336052469	56088696	34	M	1	0	X	517506558
336052493	56092949	34	M	1	0	X	517432337
336052532	56092825	29	F	1	1	X	X
336052533	56092825	34	M	1	0	X	517432368
336052553	56088499	34	M	1	0	X	517507442
336052557	56090641	34	M	1	0	X	517506451
336052606	56091484	29	F	1	1	X	X
336052607	56091484	34	M	1	0	X	517506451
336088038	56093050	62	F	1	1	X	X
336088040	56090871	18	M	1	5	450091631	517506451
336088046	56090213	18	M	1	5	450091631	517506451
336088047	56090213	62	F	1	1	X	X
336088050	56089277	62	F	1	1	X	X
336088051	56089277	60	M	1	0	X	517508110
336088055	56089303	18	M	1	5	450091631	517507364
336088057	56089303	60	M	1	0	X	517508588
336392676	56094267	35	F	1	1	X	517507454
336392677	56094267	38	M	1	0	X	517423528
336419336	56091701	6	M	1	2	450088468	X
336419338	56091701	8	F	1	2	450088468	X
336419340	56091701	13	M	1	2	450101788	X
336419341	56091701	3	M	1	2	X	X
336419342	56091701	16	F	1	2	450091631	517506451
336419343	56091701	38	F	1	1	X	517506238
336634973	56091946	86	F	1	0	X	X
336634981	56090025	86	F	1	0	X	X
336812790	56091460	17	M	3	2	450091631	X
336812811	56088560	17	M	3	2	450091631	X
336925228	56089915	56	M	1	0	X	517508297
336925230	56089915	47	F	1	1	X	517506451
336925231	56093934	56	M	1	0	X	517423759
336979061	56089111	40	M	1	0	X	517506451
336979062	56089111	50	F	1	1	X	517507516
336979063	56089111	14	F	1	2	450091631	X
336994919	56088384	43	M	1	0	X	517508057
336994922	56093060	52	F	1	1	X	X
336994925	56088566	43	M	1	0	X	517507432
336994934	56093451	52	F	1	1	X	X
336994935	56093451	43	M	1	0	X	517423759
337048124	56091175	36	M	1	0	X	517506451
337048127	56091175	3	M	1	2	450094430	X
337048160	56089093	36	M	1	0	X	517508057
337048161	56089093	1	F	1	2	X	X
337048163	56089093	3	M	1	2	450094430	X
337048176	56091797	36	M	1	0	X	517506238
337048177	56091797	1	F	1	2	X	X
337048178	56091797	35	F	1	1	X	517506451
337587760	56093785	28	M	1	0	X	517423536
337634262	56089336	48	M	1	1	X	517508359
337892369	56090116	43	F	1	0	X	X
337892375	56088683	43	F	1	0	X	X
337896580	56094657	70	M	1	1	X	X
338165850	56092108	10	F	1	5	450101788	X
338165854	56092108	17	F	1	5	450091631	X
338165855	56092108	6	M	1	5	450094430	X
338272918	56092140	37	M	1	0	X	517506451
338272930	56094249	37	M	1	0	X	517423752
338297628	56094183	55	M	1	0	X	517423821
339135351	56093662	45	F	8	0	X	517423759
339361667	56094573	46	F	1	1	X	517423536
339361682	56088067	48	M	1	0	X	517508293
339361683	56088067	46	F	1	1	X	517507592
339361689	56094151	46	F	1	1	X	517423535
339588823	56087818	80	M	1	1	X	X
339588824	56087818	79	F	1	0	X	517507220
339588829	56092773	80	M	1	1	X	X
339588830	56092773	79	F	1	0	X	517432368
339724555	56093403	61	M	1	0	X	X
339724556	56093403	62	F	1	1	X	X
339846574	56088382	15	F	1	2	450091631	X
339846602	56090484	15	F	1	2	450091631	X
339846667	56090232	10	M	1	2	450093610	X
339846742	56092282	15	F	1	2	450091631	X
339846743	56092282	10	M	1	2	450101788	X
339976995	56092194	16	F	1	2	450063600	517506380
339976996	56092194	37	F	8	1	X	X
339976997	56092194	42	M	1	0	X	517506362
340116247	56090974	42	M	1	0	X	517506451
340334032	56090473	32	M	1	1	X	517507961
340334033	56090473	27	F	1	0	X	517508632
340394095	56090202	80	M	1	0	X	X
340421249	56091941	36	F	1	0	X	517506256
340421251	56088865	36	F	1	0	X	517506741
340421263	56091196	36	F	1	0	X	517506238
340421264	56088525	8	M	1	2	450093610	X
340490646	56093113	5	M	1	2	450097561	X
340490647	56093113	39	F	1	1	X	X
340490687	56090925	39	F	1	1	X	X
340490688	56090925	16	M	1	2	450091631	517506451
340490689	56090925	50	M	1	0	X	X
340490706	56092574	5	M	1	2	450097561	X
340490707	56092574	39	F	1	1	X	X
340490709	56092574	50	M	1	0	X	X
340490712	56090052	39	F	1	1	X	X
340490713	56090052	16	M	1	2	450091631	517506451
340490715	56090052	9	M	1	2	450093610	X
340490721	56091060	5	M	1	2	450088468	X
340490723	56091060	16	M	1	2	450091631	517506451
340490724	56091060	50	M	1	0	X	X
340490725	56091060	9	M	1	2	450088468	X
340490754	56090516	50	M	1	0	X	X
340490755	56090516	9	M	1	2	450088468	X
340490761	56089429	5	M	1	2	450088468	X
340490762	56089429	39	F	1	1	X	X
340490764	56089429	50	M	1	0	X	X
340571533	56090906	8	F	1	2	450088468	X
340571535	56090906	46	M	1	0	X	517506451
340571553	56092449	8	F	1	2	450101788	X
340571555	56092449	46	M	1	0	X	517423694
340571559	56088599	37	F	1	1	X	X
340571560	56088599	46	M	1	0	X	517506238
340571564	56092717	37	F	1	1	X	X
340571566	56092717	5	M	1	2	X	X
340571603	56090848	8	F	1	2	450088468	X
340571604	56090848	37	F	1	1	X	X
340657450	56091587	15	M	1	2	450091631	X
340657452	56091587	10	F	1	2	450101788	X
340657454	56091587	33	F	1	0	X	517506422
340657475	56092622	15	M	1	2	450097560	X
340657476	56092622	7	M	1	2	450097561	X
340657502	56092062	10	F	1	2	450101788	X
340657503	56092062	35	M	1	1	X	517506395
340657555	56092481	15	M	1	2	450097560	X
340657558	56092481	35	M	1	1	X	517410450
340657559	56092481	33	F	1	0	X	517432298
340657565	56090945	15	M	1	2	450091631	X
340657568	56090945	35	M	1	1	X	517506451
340657569	56090945	33	F	1	0	X	517506451
340875541	56090812	30	F	9	0	X	X
340875582	56090703	13	F	9	2	450101788	X
340947803	56088816	62	M	1	0	X	X
340947816	56094140	55	F	1	1	X	X
340947860	56088592	55	F	1	1	X	X
340947861	56088592	62	M	1	0	X	X
341002952	56090316	51	F	1	0	X	517506492
341002961	56088645	51	F	1	0	X	517507203
341002962	56091350	51	F	1	0	X	517506451
341002967	56089695	51	F	1	0	X	517507474
341272578	56094316	22	F	1	0	X	X
341272588	56093737	22	F	1	0	X	X
341368028	56089295	57	F	1	1	X	X
341368075	56089225	58	M	1	0	X	517507459
341645406	56090439	45	M	1	0	X	517508775
341645410	56089448	45	M	1	0	X	517508589
341645417	56092567	45	M	1	0	X	517432368
341645457	56090103	45	M	1	0	X	517507416
341645467	56089638	45	M	1	0	X	517507178
341645475	56094199	45	M	1	0	X	517423759
341645480	56091374	45	M	1	0	X	517506451
341716140	56090129	45	F	1	0	X	X
341716141	56090129	50	M	1	1	X	517506300
341716147	56090249	50	M	1	1	X	517508057
341928915	56088838	52	F	1	0	X	517507220
341928916	56088838	53	M	1	1	X	517508353
341952293	56093993	62	F	1	1	X	517423593
341952294	56093993	64	M	1	0	X	517423694
342183467	56093141	63	F	1	0	X	517432452
342183490	56091475	72	M	1	1	X	X
342420928	56092750	23	M	1	9	X	517432359
342420929	56092750	27	M	1	0	X	X
342420938	56093949	23	M	1	9	X	517423657
342420939	56093949	27	M	1	0	X	X
342420957	56091672	27	M	1	0	X	X
342466269	56094273	34	M	1	0	X	517423759
342466270	56094273	31	F	1	1	X	517423705
342466271	56094273	7	F	1	2	450097561	X
342466312	56093531	4	F	1	2	450066968	X
342466315	56093531	7	F	1	2	450097561	X
342587015	56089825	12	F	1	2	450093610	X
342587018	56090226	10	F	1	2	450093610	X
342587019	56090226	12	F	1	2	450093610	X
342587020	56090226	67	M	1	0	X	X
342587067	56089697	12	F	1	2	450093610	X
342587109	56092288	57	F	1	1	X	X
342587111	56092288	12	F	1	2	450101788	X
342587112	56092288	67	M	1	0	X	X
342690219	56093746	79	M	1	0	X	517423759
342690239	56089787	79	M	1	0	X	517506683
342716694	56091164	4	F	1	2	X	X
342854357	56089079	0	M	1	2	X	X
342854358	56089079	23	F	1	0	X	517506451
343072354	56089694	59	F	1	0	X	X
343072355	56089694	58	M	1	10	X	517508066
343072366	56090050	59	F	1	0	X	X
343072384	56093092	59	F	1	0	X	X
343072386	56088619	59	F	1	0	X	X
343216773	56092432	24	F	1	1	X	517506224
343216774	56092432	27	M	1	0	X	517506451
343216778	56092295	27	M	1	0	X	517507198
343338428	56092344	17	F	1	5	450091631	X
343338430	56092344	61	M	1	0	X	517506451
343338446	56090559	61	M	1	0	X	517506396
343338447	56090559	1	F	1	5	X	X
343338448	56091420	17	F	1	5	450091631	X
343338449	56091420	59	F	1	1	X	517506308
343338451	56091420	1	F	1	5	X	X
343338464	56088372	17	F	1	5	450091631	X
343338465	56088372	59	F	1	1	X	517506873
343338466	56088372	61	M	1	0	X	517508563
343338467	56088372	1	F	1	5	X	X
343385525	56091724	71	M	1	0	X	X
343404571	56092729	9	M	1	2	450097561	X
343404572	56092729	8	M	1	2	450097561	X
343404573	56092729	37	M	1	1	X	517432357
343404574	56092729	31	F	1	0	X	X
343404592	56090610	8	M	1	2	450088468	X
343404594	56090610	31	F	1	0	X	X
343404595	56090610	1	F	1	2	X	X
343649225	56091223	77	F	1	0	X	X
343707536	56090403	68	M	1	0	X	X
343707537	56090403	62	F	1	1	X	X
343707541	56092477	62	F	1	1	X	X
344198239	56089234	6	F	1	2	450088468	X
344198241	56089234	38	F	1	0	X	517506451
344198242	56089234	16	F	1	2	450091631	517507236
344198271	56092523	38	F	1	0	X	517432368
344209686	56087854	70	M	1	1	X	517507203
344209693	56091158	70	F	1	0	X	X
344325289	56090695	45	F	1	1	X	517506315
344325303	56093630	13	M	1	2	450097563	X
344325305	56093630	45	F	1	1	X	517423636
344325311	56090032	13	M	1	2	450093610	X
344325312	56090032	13	F	1	2	450093610	X
344325314	56090032	56	M	1	0	X	517508563
344325331	56093249	13	M	1	2	450097563	X
344325351	56093210	13	M	1	2	450097563	X
344325353	56093210	45	F	1	1	X	517432284
344325354	56093210	56	M	1	0	X	517432368
344325375	56089527	13	M	1	2	450093610	X
344325376	56089527	13	F	1	2	450093610	X
344416347	56089623	2	F	1	2	X	X
344416349	56089623	29	M	1	1	X	517506642
344416350	56089623	24	F	1	0	X	X
344418152	56093137	72	F	1	0	X	X
344418157	56092518	71	M	1	1	X	517423779
344497556	56090795	67	F	1	0	X	X
344966661	56089435	52	F	1	0	X	X
345113291	56089004	55	M	1	0	X	517508804
345113308	56089402	55	F	1	1	X	X
345113314	56087831	55	F	1	1	X	X
345193866	56088279	4	M	1	2	X	X
345193867	56088279	71	F	5	4	X	517506556
345193869	56088279	12	F	1	2	450093610	X
345193887	56092850	71	F	5	4	X	517432368
345193888	56092850	40	F	9	1	X	517432452
345193889	56092850	12	F	1	2	450097563	X
345303605	56090527	47	M	1	0	X	517506451
345303607	56090527	16	F	1	2	450091631	517506451
345303631	56089625	16	F	1	2	450091631	517506451
345303632	56091848	47	M	1	0	X	517506451
345303633	56091848	47	F	1	1	X	517506451
345303634	56091848	16	F	1	2	450091631	517506451
345303645	56088471	47	F	1	1	X	517506451
345647417	56090881	86	F	1	0	X	X
345741875	56088432	38	F	1	0	X	517506451
345741878	56088432	7	F	1	2	450093610	X
345741879	56088432	4	M	1	2	X	X
345741895	56088424	38	F	1	0	X	517506352
345741898	56088424	7	F	1	2	450093610	X
345741910	56090923	38	F	1	0	X	517506451
345741913	56090923	7	F	1	2	450088468	X
345741921	56091516	9	F	1	2	450088468	X
345741923	56091516	7	F	1	2	450088468	X
345741968	56087995	7	F	1	2	450093610	X
345741969	56087995	4	M	1	2	X	X
345741970	56089671	38	F	1	0	X	517508739
345741971	56089671	9	F	1	2	450093610	X
345741973	56089671	7	F	1	2	450093610	X
345741974	56089671	4	M	1	2	X	X
345741980	56091256	38	F	1	0	X	517506348
345741981	56091256	9	F	1	2	450088468	X
345780253	56092661	55	M	1	1	X	517423534
345780255	56089578	55	M	1	1	X	517507407
345780264	56089724	54	F	1	0	X	517506700
345780272	56092220	54	F	1	0	X	517506451
346047110	56090765	9	M	1	2	450088468	X
346047112	56090765	37	F	1	1	X	X
346047113	56090765	48	M	1	0	X	517506451
346047114	56090765	14	M	1	2	450101788	X
346047115	56090765	10	M	1	2	450101788	X
346047128	56092694	9	M	1	2	450097561	X
346047129	56092694	15	M	1	2	450097560	X
346047130	56092694	37	F	1	1	X	X
346047132	56092694	14	M	1	2	450097563	X
346047158	56088955	9	M	1	2	450093610	X
346047159	56088955	15	M	1	2	450091631	X
346047160	56088955	37	F	1	1	X	X
346047161	56088955	48	M	1	0	X	517507230
346047164	56089952	9	M	1	2	450093610	X
346491687	56092888	60	F	1	0	X	X
346563346	56091038	12	F	1	2	450101788	X
346563347	56091038	42	M	1	0	X	517506451
346563349	56090386	12	F	1	2	450093610	X
346563351	56088554	40	F	1	1	X	517508002
346563353	56088554	42	M	1	0	X	517506676
346563387	56088369	40	F	1	1	X	517507380
346767426	56088195	28	M	1	0	X	517508002
346767427	56088195	27	F	1	1	X	X
346767441	56090135	28	M	1	0	X	517508057
346767556	56091483	27	F	1	1	X	X
346771222	56091708	59	M	1	0	X	517506451
346771223	56091708	62	F	1	1	X	X
346837434	56094646	70	F	1	0	X	X
347001538	56092210	63	F	1	0	X	517506451
347191813	56093965	42	F	1	0	X	517423714
347271622	56092273	16	M	1	2	450091631	X
347271626	56092273	8	M	1	2	450101788	X
347304834	56091822	58	F	1	0	X	506926867
347304837	56092987	58	M	1	1	X	X
347369869	56094347	72	M	1	0	X	X
347369871	56094347	6	M	1	5	450097561	X
347369872	56094347	28	F	1	2	X	517423648
347381600	56093251	66	F	1	0	X	X
347381604	56090383	66	F	1	0	X	X
347381605	56090383	69	M	1	1	X	517508283
347462331	56089806	59	F	1	0	X	X
347462334	56091961	59	F	1	0	X	X
347523364	56091684	44	M	1	0	X	517506238
347523399	56088706	44	M	1	0	X	517506676
348020937	56091915	42	M	1	1	X	517423597
348020940	56090443	37	F	1	0	X	517506451
348020941	56090443	42	M	1	1	X	517506556
348020967	56093404	2	M	1	2	X	X
348021007	56094447	2	M	1	2	X	X
348021008	56094447	37	F	1	0	X	517423759
348021010	56094447	0	M	1	2	X	X
348809052	56090778	33	F	1	0	X	517506380
348809054	56090778	12	F	1	2	450101788	X
348809055	56090778	6	M	1	2	450088468	X
348809058	56091991	15	M	1	2	450091631	X
348809059	56091991	33	F	1	0	X	517506457
348809061	56091991	12	F	1	2	450101788	X
348809063	56091991	19	M	1	2	X	517506238
348809064	56091991	6	F	1	2	450088468	X
348809066	56092177	33	F	1	0	X	517507454
348809068	56092177	12	F	1	2	450101788	X
348809069	56092177	6	M	1	2	450088468	X
348809071	56092177	6	F	1	2	450088468	X
348809072	56093007	15	M	1	2	450097562	X
348809073	56093007	33	F	1	0	X	506643706
348809075	56093007	12	F	1	2	450097563	X
348809077	56093007	19	M	1	2	X	517423778
348809104	56090797	6	M	1	2	450088468	X
348809106	56090797	6	F	1	2	450088468	X
348809115	56091433	33	F	1	0	X	517506238
348809116	56091433	39	M	1	1	X	517506451
348809117	56091433	12	F	1	2	450101788	X
348809120	56091433	6	F	1	2	450088468	X
348809158	56091348	39	M	1	1	X	517506251
348809159	56091348	12	F	1	2	450101788	X
348809160	56091348	6	M	1	2	450088468	X
348809177	56092735	15	M	1	2	450097560	X
348809179	56092735	39	M	1	1	X	517432279
348809180	56092735	12	F	1	2	450097563	X
348809181	56092735	6	M	1	2	450097561	X
348809182	56092735	19	M	1	2	X	517432305
348809184	56091003	15	M	1	2	450091631	X
348809185	56091003	33	F	1	0	X	517423631
348809186	56091003	39	M	1	1	X	517506451
348809187	56091003	12	F	1	2	450101788	X
348809188	56091003	6	M	1	2	450088468	X
348809190	56091003	6	F	1	2	450088468	X
348809192	56091738	33	F	1	0	X	517506451
348809193	56091738	39	M	1	1	X	517506451
348809195	56091738	6	M	1	2	450088468	X
348809241	56091116	33	F	1	0	X	517506451
348809242	56091116	39	M	1	1	X	517506332
348809245	56091116	19	M	1	2	X	517506451
348809246	56091116	6	F	1	2	450088468	X
348809262	56092041	33	F	1	0	X	517506337
348809263	56092041	39	M	1	1	X	517506451
348809264	56092041	12	F	1	2	450101788	X
348809265	56092041	6	M	1	2	450088468	X
348809267	56092041	6	F	1	2	450088468	X
348809268	56092466	15	M	1	2	450091631	X
348809283	56091372	33	F	1	0	X	517506451
348809285	56091372	12	F	1	2	450101788	X
348809286	56091372	6	M	1	2	450088468	X
348809287	56091372	19	M	1	2	X	517506451
348809288	56091372	6	F	1	2	450088468	X
348809299	56092294	12	F	1	2	450101788	X
348809310	56093306	15	M	1	2	450097560	X
348809311	56093306	33	F	1	0	X	517423665
348809312	56093306	39	M	1	1	X	517423597
348809314	56093306	6	M	1	2	450097561	X
348809331	56092602	15	M	1	2	450097560	X
348809334	56092602	12	F	1	2	450097563	X
349517095	56093298	30	M	1	0	X	X
349517101	56094465	30	M	1	0	X	X
349517117	56094159	30	M	1	0	X	X
349517119	56093441	30	M	1	0	X	X
349587320	56090728	61	F	1	1	X	X
349746016	56093537	49	M	1	0	X	517423593
349746037	56092489	15	F	1	2	450091631	X
350180389	56089154	52	M	1	0	X	X
350180390	56089154	62	F	1	1	X	517507337
350398315	56090104	10	M	1	2	450093610	X
350398318	56090104	34	M	1	0	X	X
350398319	56090104	14	M	9	2	450091631	X
350398320	56090104	1	F	1	2	X	X
350681540	56091229	8	M	1	2	450088468	X
350681542	56091229	37	F	1	0	X	517506451
350681549	56091045	10	F	1	2	450101788	X
350701802	56088038	44	M	1	0	X	517506451
350714217	56089983	65	M	1	0	X	517508057
350714218	56089983	65	F	1	1	X	X
350922178	56091704	59	F	1	1	X	X
351172031	56088886	39	F	1	1	X	X
351172033	56088886	61	M	1	4	X	X
351172038	56091294	38	M	1	0	X	517506451
351172040	56091294	15	F	1	2	450091631	X
351172041	56091294	61	M	1	4	X	X
351172062	56094252	38	M	1	0	X	517423644
351172063	56094252	39	F	1	1	X	X
351172064	56094252	15	F	1	2	450097562	X
351172065	56094252	61	M	1	4	X	X
351172068	56089944	15	F	1	2	450091631	X
351484611	56093790	3	F	1	2	X	X
351484640	56090820	20	M	1	1	X	517506329
351484664	56093684	20	M	1	1	X	517423714
351484665	56093684	3	F	1	2	X	X
351484666	56093684	18	F	1	0	X	X
351484815	56093705	3	F	1	2	X	X
351555730	56093430	16	M	1	2	450097562	X
351555731	56093430	13	M	1	2	450097563	X
351555732	56093430	8	M	1	2	450097561	X
351596476	56091471	63	M	1	0	X	X
351723392	56093849	64	F	1	1	X	X
351723393	56093849	62	M	1	0	X	517423536
351723394	56088972	64	F	1	1	X	X
351723408	56094165	64	F	1	1	X	X
351723420	56089159	64	F	1	1	X	X
351723444	56091530	64	F	1	1	X	X
351723451	56093274	62	M	1	0	X	517423620
351747462	56088476	63	F	1	0	X	517507236
351747487	56091412	66	M	1	1	X	517506451
351747527	56089428	66	M	1	1	X	517508884
351764116	56089365	8	F	1	2	450093610	X
351764120	56089365	33	M	1	0	X	517506317
351764158	56091775	8	F	1	2	450088468	X
351764162	56091775	33	M	1	0	X	517506451
351764177	56092800	9	F	1	2	450097561	X
351764179	56092800	6	F	1	2	450097561	X
351764180	56092800	33	M	1	0	X	517432354
351829862	56089553	46	M	8	1	X	X
351829863	56089553	62	F	1	0	X	517506743
351829888	56093443	46	M	8	1	X	X
351829889	56093443	62	F	1	0	X	517423669
352351685	56092178	69	F	1	12	X	X
352351696	56087868	44	M	1	12	X	517506660
352351698	56087868	74	F	1	0	X	X
352351740	56090140	44	M	1	12	X	517508358
352351742	56090140	74	F	1	0	X	X
352351743	56090140	44	M	1	12	X	X
352558070	56087957	45	M	1	1	X	517508296
352558071	56087957	40	F	1	0	X	517507438
352558074	56087957	15	M	1	2	450091631	X
352676004	56090097	50	M	1	0	X	517507189
352676006	56094154	50	M	1	0	X	517423759
352676008	56093068	50	M	1	0	X	517432368
352763104	56093927	26	F	1	0	X	X
352763117	56093302	30	M	1	1	X	517423714
352777259	56087867	18	F	1	2	450091631	517508622
352777276	56088048	49	F	1	0	X	517506741
352777277	56091276	18	F	1	2	450091631	517506451
352777278	56091276	49	F	1	0	X	517506451
352784449	56091330	41	F	1	0	X	517506451
352784457	56088968	41	F	1	0	X	517507421
352784462	56091298	41	M	1	1	X	517506451
352784480	56094513	41	M	1	1	X	517423678
352784513	56088539	41	F	1	0	X	517506556
352784517	56091123	41	F	1	0	X	517506451
352830912	56089077	12	F	1	2	450093610	X
352830913	56089077	35	M	9	1	X	517506713
352830915	56089077	32	F	1	0	X	517507185
352830916	56089077	5	F	1	2	450088468	X
352830917	56089077	10	F	1	2	450093610	X
352831046	56092219	15	F	9	2	450091631	X
352831047	56092219	32	F	1	0	X	517506251
352831057	56092091	35	M	9	1	X	517506451
352831059	56092091	32	F	1	0	X	517506451
352831061	56092091	10	F	1	2	450101788	X
353048884	56092746	1	F	1	2	X	X
353048885	56092746	3	M	1	2	X	X
353048886	56092746	5	M	1	2	X	X
353048889	56092746	30	M	1	10	X	517432288
353048938	56090059	1	F	1	2	X	X
353048939	56090059	3	M	1	2	X	X
353048942	56090059	30	F	1	0	X	X
353048953	56092190	8	F	1	2	450101788	X
353048954	56092190	30	F	1	0	X	X
353048955	56092190	30	M	1	10	X	517506419
353060684	56091473	32	F	1	1	X	517506451
353060685	56091473	10	F	1	2	450088468	X
353060686	56091473	6	F	1	2	450088468	X
353060688	56091473	32	M	1	0	X	517506380
353572008	56091629	43	M	1	0	X	517506451
353572023	56090327	43	M	1	0	X	517507489
353572024	56090327	40	F	1	1	X	517506451
353572037	56087988	3	F	1	2	X	X
353572057	56088353	40	F	1	1	X	517506708
353572125	56091063	43	M	1	0	X	517506451
353572127	56091063	3	F	1	2	X	X
353572143	56088090	43	M	1	0	X	517508002
353572144	56088090	40	F	1	1	X	517507611
353572145	56088090	3	F	1	2	X	X
353572149	56093565	43	M	1	0	X	517423648
353731368	56093909	50	M	1	0	X	517423593
353731369	56093909	49	F	1	1	X	517423590
353796321	56090763	26	M	1	0	X	517506457
353796322	56090763	33	M	1	12	X	517506451
353882744	56087812	65	F	1	0	X	X
353882745	56087812	71	M	1	1	X	X
353882757	56088106	71	M	1	1	X	X
353890455	56091011	5	F	1	2	X	X
353890456	56091011	7	F	1	2	450066968	X
353890457	56091011	1	M	1	2	X	X
353890479	56090794	5	F	1	2	X	X
353890481	56090794	1	M	1	2	X	X
353890511	56090879	1	M	1	2	X	X
353890512	56090879	3	F	1	2	X	X
353890526	56092612	31	F	1	1	X	X
353890558	56090931	7	F	1	2	450066968	X
353890561	56090931	30	M	1	0	X	517506457
353890598	56088740	31	F	1	1	X	X
353890599	56088740	5	F	1	2	X	X
353890600	56088740	7	F	1	2	450066968	X
353890611	56091771	5	F	1	2	X	X
353890615	56091771	30	M	1	0	X	517506451
353890619	56093773	1	M	1	2	X	X
353890622	56092669	31	F	1	1	X	X
353890623	56092669	5	F	1	2	X	X
353890625	56092669	1	M	1	2	X	X
353890627	56092669	30	M	1	0	X	517423593
353890658	56092706	31	F	1	1	X	X
353890660	56092706	7	F	1	2	450066968	X
353890661	56092706	1	M	1	2	X	X
353890678	56092671	7	F	1	2	450066968	X
354152799	56088748	59	F	1	0	X	517507192
354575119	56093016	59	F	1	1	X	X
354575120	56093016	60	M	1	0	X	X
354697334	56093504	55	F	1	0	X	X
354697335	56093504	48	F	1	10	X	517423669
354697336	56093107	55	F	1	0	X	X
354962544	56092753	71	F	1	0	X	X
354962554	56092997	71	F	1	0	X	X
354962565	56089492	71	F	1	0	X	X
354962580	56092738	71	F	1	0	X	X
355188022	56088299	59	F	1	1	X	517508727
355188037	56092329	65	M	1	0	X	517506451
355188038	56092329	59	F	1	1	X	517284521
355351870	56093295	48	F	1	0	X	X
355351871	56093295	52	M	1	1	X	517423656
355356654	56089171	44	M	1	1	X	517507420
355356655	56089171	15	M	1	2	450091631	X
355356666	56088029	44	M	1	1	X	517508008
355356691	56093735	15	M	1	2	450097560	X
355356693	56091104	44	M	1	1	X	517506371
355696696	56090500	55	F	1	1	X	X
355696697	56090500	55	M	1	0	X	517506451
355696709	56090752	55	M	1	0	X	517506238
356011549	56089404	60	M	1	0	X	517508568
356011560	56093597	60	M	1	0	X	517423775
356011566	56094417	60	M	1	0	X	517423614
356214545	56088935	29	M	1	9	X	X
356214546	56088935	19	F	1	5	X	X
356214559	56093512	62	F	1	0	X	X
356214603	56088770	19	F	1	5	X	X
356214604	56088770	62	F	1	0	X	X
356276713	56087876	77	F	1	1	X	X
356276714	56087876	76	M	1	0	X	X
356276735	56093345	77	F	1	1	X	X
356276736	56093345	76	M	1	0	X	X
356276739	56090244	77	F	1	1	X	X
356276740	56090244	76	M	1	0	X	X
356276752	56090106	76	M	1	0	X	X
356295437	56088194	12	M	1	2	450093610	X
356295438	56088194	50	M	1	0	X	517506238
356295442	56093399	46	F	1	1	X	517423759
356295444	56093399	50	M	1	0	X	517423654
356295497	56088300	12	M	1	2	450093610	X
356295498	56088300	50	M	1	0	X	517507245
356295522	56092090	50	M	1	0	X	517506337
356295530	56089400	12	M	1	2	450093610	X
356295531	56089400	50	M	1	0	X	517508463
356295592	56094532	46	F	1	1	X	517423816
356295593	56094532	12	M	1	2	450097563	X
356295594	56094532	50	M	1	0	X	517423723
356295601	56088768	46	F	1	1	X	517506300
356295603	56088768	50	M	1	0	X	517508002
356295607	56089469	46	F	1	1	X	517506772
356295609	56089469	50	M	1	0	X	517508694
356461302	56094580	50	M	1	9	X	517423759
356461303	56094580	27	M	1	0	X	517423723
356461326	56091405	50	M	1	9	X	517506451
356461327	56091405	27	M	1	0	X	517506451
356461355	56091731	27	M	1	0	X	517506761
356461422	56094489	50	M	1	9	X	517423759
356461446	56087877	50	M	1	9	X	517506487
356461447	56087877	27	M	1	0	X	517507439
356461455	56089424	27	M	1	0	X	517507219
356461485	56092189	27	M	1	0	X	517506451
356461487	56092723	27	M	1	0	X	517432279
356695987	56092521	72	F	1	0	X	517432365
356695990	56091444	78	M	1	1	X	517506451
356695991	56091444	72	F	1	0	X	517506451
357240554	56093833	58	M	1	0	X	X
357376597	56092252	4	M	1	2	X	X
357376598	56092252	30	M	1	0	X	517506451
357376599	56092252	30	F	1	1	X	517506300
357376600	56092252	3	M	1	2	X	X
357376625	56089142	4	M	1	2	X	X
357376626	56089142	30	M	1	0	X	517507220
357376627	56089142	30	F	1	1	X	517507236
357376695	56091389	30	F	1	1	X	517506323
357376698	56090722	30	M	1	0	X	517506451
357578263	56093768	22	F	1	1	X	517423593
357578319	56091827	0	F	1	2	X	X
357578321	56091827	22	M	1	0	X	517506422
357578400	56090833	0	F	1	2	X	X
357578401	56090833	22	F	1	1	X	506926808
357578402	56090833	22	M	1	0	X	517506451
357578567	56089059	22	M	1	0	X	517507435
357578619	56094555	0	F	1	2	X	X
357578621	56094555	22	M	1	0	X	517423759
357894553	56092575	7	F	1	5	450097561	X
357965279	56089413	1	M	1	2	X	X
357965282	56089413	32	M	1	0	X	517506693
358112829	56090284	39	M	1	0	X	517506741
358209339	56090196	68	F	1	1	X	X
358209350	56087872	69	M	1	0	X	X
358209354	56087993	69	M	1	0	X	X
358209355	56087993	68	F	1	1	X	X
358252755	56088409	78	F	1	0	X	X
358412127	56090079	47	M	1	0	X	517507954
358412128	56090079	20	F	1	2	X	X
358412138	56089615	15	M	1	2	450091631	X
358412161	56092707	47	F	1	1	X	517423534
358412163	56092707	47	M	1	0	X	517432301
358412169	56092828	47	F	1	1	X	517432368
358412170	56092828	15	M	1	2	450097562	X
358412171	56092828	47	M	1	0	X	517432368
358629047	56088004	78	F	1	0	X	X
358629053	56092808	78	F	1	0	X	X
358676578	56092943	62	M	1	0	X	X
358676605	56090245	55	F	1	1	X	X
358676607	56088884	55	F	1	1	X	X
358676608	56088884	62	M	1	0	X	X
358676617	56090067	55	F	1	1	X	X
359191324	56089415	2	F	1	2	X	X
359191329	56092832	1	F	1	2	X	X
359224724	56094616	76	F	1	1	X	X
359224725	56094616	76	M	1	0	X	X
359289499	56090093	32	M	1	10	X	517507220
359289501	56090093	15	F	1	2	450091631	X
359289547	56089764	32	M	1	10	X	517508869
359289550	56090216	32	M	1	10	X	517506556
359289552	56090216	15	F	1	2	450091631	X
359289560	56090259	40	F	1	0	X	517506346
359289561	56090259	15	F	1	2	450091631	X
359289568	56094062	32	M	1	10	X	517423739
359289624	56094301	15	F	1	2	450097562	X
359289637	56088711	32	M	1	10	X	517663271
359289639	56088711	15	F	1	2	450091631	X
359289645	56088608	15	F	1	2	450091631	X
359455714	56093656	53	M	1	1	X	517423669
359455726	56089823	53	M	1	1	X	517507378
359481849	56093175	10	F	1	2	450097563	X
359590781	56091382	37	M	1	0	X	517506451
359590782	56091382	16	F	1	2	450091631	517506451
359590784	56091382	30	F	1	1	X	517506238
359590785	56091382	4	M	1	2	X	X
359590838	56094125	13	F	1	2	450097563	X
359590840	56094125	4	M	1	2	X	X
359731900	56088685	19	M	1	2	X	517663177
359731901	56088685	13	M	1	2	450093610	X
359731946	56091035	40	M	1	1	X	517506380
359731947	56091035	38	F	1	0	X	X
359731948	56091035	19	M	1	2	X	517506451
359731958	56088157	40	M	1	1	X	517507438
359731961	56088157	13	M	1	2	450093610	X
359731989	56091995	13	M	1	2	450101788	X
359732019	56087975	38	F	1	0	X	X
359732020	56087975	19	M	1	2	X	517506432
359732021	56087975	13	M	1	2	450093610	X
359732055	56092833	38	F	1	0	X	X
359732056	56092833	19	M	1	2	X	506643651
359732057	56092833	13	M	1	2	450097563	X
359732063	56088474	38	F	1	0	X	X
359732064	56088474	19	M	1	2	X	517506238
359732065	56088474	13	M	1	2	450093610	X
359732074	56093414	40	M	1	1	X	517423536
359732078	56088538	40	M	1	1	X	517508086
359732079	56088538	38	F	1	0	X	X
359732103	56092526	38	F	1	0	X	X
359926861	56094351	45	F	1	1	X	517423593
359926863	56094351	18	F	1	2	X	517423759
359984035	56088318	59	M	1	0	X	517508884
359984045	56090594	59	M	1	0	X	506926668
359984062	56088814	60	F	1	1	X	517508086
359984065	56093558	59	M	1	0	X	517423712
359984082	56092318	60	F	1	1	X	517506333
359984097	56093350	59	M	1	0	X	517423694
359984106	56090702	60	F	1	1	X	517506250
359984107	56090702	59	M	1	0	X	517506319
360046985	56093491	42	F	1	0	X	517423571
360046987	56093491	10	M	1	2	450097561	X
360046988	56093491	49	M	1	1	X	517423694
360063048	56089405	18	F	1	0	X	517506559
360088587	56089271	63	M	1	0	X	X
360100370	56094176	10	F	1	2	450097563	X
360100387	56087891	37	M	1	0	X	517506713
360100389	56087891	37	F	1	1	X	517506451
360102296	56093608	11	F	1	12	450097563	X
360102300	56093608	50	M	1	9	X	X
360102325	56090588	28	F	1	10	X	517506380
360102327	56090588	7	M	1	12	450088468	X
360102328	56090588	7	F	1	12	450088468	X
360102329	56090588	34	M	1	0	X	517506457
360218601	56090121	81	F	1	0	X	X
360218602	56090121	85	M	1	1	X	X
360218603	56090235	81	F	1	0	X	X
360390625	56092693	73	F	1	0	X	X
360436706	56090151	63	M	1	0	X	517507219
360436755	56092438	61	F	1	1	X	517506451
360436758	56092438	63	M	1	0	X	517506451
360436823	56092458	61	F	1	1	X	517506388
360436824	56092458	7	F	1	2	450101788	X
360436847	56089991	61	F	1	1	X	517507226
360436876	56088620	7	F	1	2	450093610	X
360436877	56088620	8	M	1	2	450093610	X
360436884	56092134	7	F	1	2	450101788	X
360436899	56091166	61	F	1	1	X	517506396
360436901	56091166	8	M	1	2	450088468	X
360436907	56090624	61	F	1	1	X	517506451
360523033	56088150	59	F	1	10	X	517506881
360523034	56091157	72	M	1	0	X	X
360523041	56089525	59	F	1	10	X	517507431
360523043	56090291	59	F	1	10	X	517506650
360692527	56094613	26	F	1	0	X	517423583
360692529	56094613	32	M	1	1	X	517423706
360692630	56093845	0	M	1	2	X	X
360692631	56093845	32	M	1	1	X	517416428
360905168	56092000	61	M	1	0	X	517506451
360905178	56090929	61	M	1	0	X	517506451
360905179	56090929	56	F	1	1	X	517506315
361359004	56088690	16	F	1	2	450091631	X
361359005	56088690	48	M	1	0	X	X
361359007	56088739	48	M	1	0	X	X
361359030	56091593	16	F	1	2	450091631	X
361359035	56090597	48	M	1	0	X	X
361359040	56089017	16	F	1	2	450091631	X
361359041	56089017	48	M	1	0	X	X
361359080	56089569	16	F	1	2	450091631	X
361359081	56089569	48	M	1	0	X	X
361359082	56088794	16	F	1	2	450091631	X
361359094	56088793	16	F	1	2	450091631	X
361359095	56088793	48	M	1	0	X	X
361359096	56088473	16	F	1	2	450091631	X
361359097	56088473	48	M	1	0	X	X
361359105	56088903	48	M	1	0	X	X
361571077	56091106	29	M	1	10	X	X
361571078	56091106	24	M	1	0	X	517506349
361941518	56088359	33	F	1	0	X	517506741
361941524	56093334	33	F	1	0	X	517432352
361941525	56093334	33	M	1	10	X	517423657
361941546	56092543	33	F	1	0	X	517432356
361941547	56092543	33	M	1	10	X	517432368
361941567	56093054	33	M	1	10	X	517432368
361941586	56091817	33	F	1	0	X	517506451
361941587	56091817	33	M	1	10	X	517506451
361941658	56094011	33	F	1	0	X	517423536
361941660	56091957	33	F	1	0	X	517506384
361970105	56091758	31	F	1	0	X	517506317
361970106	56091758	37	M	1	1	X	517506451
361970111	56094474	31	F	1	0	X	517423679
361970112	56094474	37	M	1	1	X	517423593
362051439	56090385	61	F	1	3	X	517508002
362051456	56092366	67	F	1	0	X	517506451
362051457	56092366	61	F	1	3	X	517339295
362139993	56089966	77	M	1	1	X	X
362140054	56090654	71	F	1	0	X	X
362140055	56090654	77	M	1	1	X	X
362140068	56089842	71	F	1	0	X	X
362140069	56089842	77	M	1	1	X	X
362140076	56089857	71	F	1	0	X	X
362140084	56087860	71	F	1	0	X	X
362199852	56093770	44	M	1	0	X	517423723
362199854	56088847	44	M	1	0	X	517508420
362207921	56089068	5	F	8	2	450088468	X
362207922	56089068	41	F	8	1	X	X
362207923	56089068	15	M	8	2	450091631	X
362207924	56089068	39	M	8	0	X	517508756
362208033	56089273	5	F	8	2	450088468	X
362208034	56089273	41	F	8	1	X	X
362777389	56091986	72	M	1	7	X	X
362839521	56091747	77	F	1	0	X	X
362839531	56092844	77	F	1	0	X	X
362918379	56091226	6	M	1	2	450088468	X
362918381	56091226	4	M	1	2	X	X
362918382	56091226	36	F	1	1	X	X
362918383	56091226	36	M	1	0	X	517506451
362918401	56090003	4	M	1	2	X	X
362918500	56089947	3	M	1	2	X	X
363119257	56092795	53	F	1	1	X	517432346
363119271	56090065	53	F	1	1	X	517507506
363346400	56089879	65	M	1	0	X	517506558
363346410	56092429	65	M	1	0	X	517506451
363346416	56091056	65	M	1	0	X	517506451
363346418	56088223	65	M	1	0	X	517508563
363346419	56088223	62	F	1	1	X	X
363346420	56092130	65	M	1	0	X	517506368
363346421	56092130	62	F	1	1	X	X
363346425	56092983	62	F	1	1	X	X
363561792	56093114	49	F	1	1	X	517432283
363561793	56093114	50	M	1	0	X	517432484
363561806	56088594	49	F	1	1	X	517506352
363617063	56092098	73	F	1	0	X	X
363617064	56092098	46	M	1	2	X	517506380
363617073	56092233	73	F	1	0	X	X
363617074	56092233	46	M	1	2	X	517506637
363617081	56090340	73	F	1	0	X	X
363617082	56090340	46	M	1	2	X	517507462
363617086	56094499	46	M	1	2	X	517423618
363617107	56092460	73	F	1	0	X	X
363617108	56092460	46	M	1	2	X	517506451
363617121	56089711	73	F	1	0	X	X
363688943	56093556	76	F	1	0	X	X
363688945	56091518	76	F	1	0	X	X
363688946	56089018	76	F	1	0	X	X
363688955	56094659	76	F	1	0	X	X
363713677	56089218	45	F	1	1	X	517508379
363713680	56089218	22	M	1	2	X	517507929
363713694	56089817	18	M	1	2	450091631	X
363713702	56092154	18	M	1	2	450091631	X
363713754	56092676	18	M	1	2	450097560	X
363713755	56092676	47	M	1	0	X	X
363713785	56089473	45	F	1	1	X	517507374
363713788	56089473	22	M	1	2	X	517507443
363764198	56089741	63	F	1	0	X	X
363764207	56093677	63	F	1	0	X	X
363764245	56090419	62	M	1	1	X	X
363764247	56090419	12	M	1	5	450093610	X
364079571	56094223	32	M	1	10	X	517423718
364079575	56089855	32	M	1	10	X	517506451
364320514	56089364	57	M	1	0	X	517506422
364320515	56089364	57	F	9	1	X	X
364320531	56088430	57	F	9	1	X	X
364320540	56093178	57	M	1	0	X	517432368
364320562	56094578	57	M	1	0	X	517423718
364320579	56092035	57	F	9	1	X	X
364361784	56089543	53	M	1	0	X	517506319
364478126	56089607	80	M	1	0	X	X
364478127	56089607	78	F	1	1	X	X
364478170	56091737	80	M	1	0	X	X
364478176	56092528	80	M	1	0	X	X
364478177	56092528	78	F	1	1	X	X
364478179	56091980	78	F	1	1	X	X
364478224	56091474	80	M	1	0	X	X
364478225	56091474	78	F	1	1	X	X
365005996	56089605	22	F	1	10	X	517506693
365080091	56091487	59	F	1	0	X	517506451
365080093	56093815	59	F	1	0	X	517423710
365141541	56090528	56	M	1	0	X	517506226
365141582	56092625	65	F	1	1	X	517423669
365141583	56092166	56	M	1	0	X	517506451
365974671	56088526	54	F	1	0	X	517506412
365974672	56088526	58	F	1	3	X	517507928
366260704	56088567	60	F	1	0	X	517507928
366260712	56091325	60	F	1	0	X	517506451
366260727	56091007	68	M	1	1	X	X
366260729	56091121	68	M	1	1	X	X
366274047	56088408	33	F	1	1	X	517507432
366274048	56088408	47	M	1	0	X	517506674
366274051	56091947	33	F	1	1	X	517506451
366274054	56091947	8	M	1	2	450088468	X
366586140	56091458	6	F	1	2	450088468	X
366586142	56091458	31	M	1	0	X	517506451
366586143	56091458	9	F	1	2	450088468	X
366648291	56094496	58	M	1	0	X	517423593
366648292	56094496	10	M	1	2	450097561	X
366843981	56091978	28	F	1	2	X	517506363
366843982	56091978	57	F	1	1	X	517506451
366860614	56088682	28	F	1	0	X	X
366862091	56091965	55	M	1	0	X	517506451
366862092	56091965	53	F	1	1	X	517506451
366862094	56094400	53	F	1	1	X	517423776
367194971	56094207	5	F	1	2	X	X
367194972	56094207	35	F	9	1	X	517423669
367194974	56094207	41	M	1	0	X	517423819
367194991	56088502	5	F	1	2	X	X
367194993	56088502	3	M	1	2	X	X
367194994	56088502	41	M	1	0	X	517507745
367194999	56089264	5	F	1	2	X	X
367195000	56089264	35	F	9	1	X	517506732
367195001	56089264	3	M	1	2	X	X
367195002	56089264	41	M	1	0	X	517507231
367216456	56094144	17	F	1	2	450097562	517423669
367216457	56094144	52	F	1	1	X	513096695
367229683	56091660	70	M	1	0	X	X
367398502	56093488	12	M	1	2	450097563	X
367398525	56088607	41	F	1	0	X	517508657
367398526	56088607	12	M	1	2	450093610	X
367605221	56091012	10	M	1	2	450088468	X
367605222	56091012	14	M	1	2	450101788	X
367605223	56091012	16	F	1	2	450091631	517506451
367605224	56091012	18	F	1	2	450091631	517506476
367605225	56091012	20	M	1	2	X	X
367605227	56091012	52	M	1	0	X	517506300
367605276	56091579	49	F	1	1	X	517506451
367605277	56091579	10	M	1	2	450088468	X
367605280	56091579	18	F	1	2	450091631	517506416
367605281	56091579	20	M	1	2	X	X
367605294	56093304	14	M	1	2	450097563	X
367615545	56090602	56	F	1	0	X	517506451
367615547	56091972	30	M	1	6	X	517506451
367615548	56091972	2	F	1	5	X	X
367615549	56091972	4	M	1	5	450066968	X
367615550	56091972	25	F	1	2	X	X
367615551	56091972	56	F	1	0	X	517506238
367787892	56092379	34	F	1	0	X	517506451
367787893	56092379	4	F	1	2	450094430	X
368031797	56089007	60	F	1	0	X	517506654
368031798	56089007	62	M	1	1	X	X
368031799	56091837	60	F	1	0	X	517506346
368031800	56091837	62	M	1	1	X	X
368031816	56090963	62	M	1	1	X	X
368031832	56089173	62	M	1	1	X	X
368031833	56088563	60	F	1	0	X	517507582
368031836	56092594	62	M	1	1	X	X
368031842	56093378	62	M	1	1	X	X
368031855	56090351	60	F	1	0	X	517507593
368031856	56090351	62	M	1	1	X	X
368031874	56090875	62	M	1	1	X	X
368046324	56091033	70	M	1	0	X	X
368046327	56089742	70	F	1	1	X	X
368046345	56093075	70	F	1	1	X	X
368306018	56091541	28	F	1	0	X	517506451
368306022	56088671	28	F	1	0	X	517508056
368306023	56088671	31	F	1	10	X	517507423
368306024	56088072	28	F	1	0	X	517507827
368306025	56088072	31	F	1	10	X	517508893
368306041	56088655	31	F	1	10	X	517508817
368306046	56088899	28	F	1	0	X	517506238
368306047	56088899	31	F	1	10	X	517508002
368524760	56092053	27	M	1	2	X	X
368524762	56092053	56	M	1	1	X	517506451
368524779	56094404	51	F	1	0	X	517423759
368524780	56094404	56	M	1	1	X	517423593
368524791	56094650	51	F	1	0	X	517423593
368524817	56091222	27	M	1	2	X	X
368524819	56091222	56	M	1	1	X	517369228
368524880	56088986	27	M	1	2	X	X
368524881	56088986	51	F	1	0	X	517506451
368772761	56090771	9	F	1	2	450088468	X
368772762	56090771	29	M	1	1	X	X
368772763	56090771	10	F	1	2	450101788	X
368772796	56088572	9	F	1	2	450093610	X
368772797	56088572	29	M	1	1	X	X
368772798	56088572	10	F	1	2	450093610	X
368772799	56088572	5	M	1	2	450088468	X
368772804	56088730	5	M	1	2	450088468	X
368772816	56093841	9	F	1	2	450097561	X
368772817	56093841	29	M	1	1	X	X
368772819	56093841	5	M	1	2	450097561	X
368787131	56088302	56	F	1	1	X	517506451
368787132	56088302	73	M	1	0	X	517507276
368787143	56092532	56	F	1	1	X	517432293
368787144	56092532	73	M	1	0	X	517432368
369038785	56092945	67	F	1	0	X	517432297
369038797	56094313	67	F	1	0	X	517423536
369038799	56090021	67	F	1	0	X	517506451
369088384	56089255	49	F	1	0	X	517506741
369215174	56089281	9	M	1	2	450093610	X
369215175	56089281	15	M	1	2	450093610	X
369215176	56089281	38	M	1	0	X	517508451
369215177	56089281	11	F	1	2	450093610	X
369215178	56089281	35	F	1	1	X	X
369603263	56094373	53	F	1	0	X	517423536
369603264	56094373	56	M	1	1	X	517423780
369603268	56088456	56	M	1	1	X	517508296
369913287	56090530	49	F	1	0	X	517506451
369993944	56088451	85	F	1	0	X	X
369993949	56091088	85	F	1	0	X	X
369993968	56091311	85	F	1	0	X	X
369993978	56091285	85	F	1	0	X	X
369997846	56089907	73	F	1	1	X	X
369997847	56089907	74	M	1	0	X	X
369997854	56090210	73	F	1	1	X	X
370028928	56088320	14	F	1	2	450093610	X
370028929	56088320	38	M	1	0	X	517507726
370028931	56088320	9	M	1	2	450093610	X
370028986	56088396	11	F	1	2	450093610	X
370028988	56088396	14	F	1	2	450093610	X
370028989	56088396	38	M	1	0	X	517508620
370029016	56093644	11	F	1	2	450097563	X
370029017	56093644	4	M	1	2	450094430	X
370029020	56093644	36	F	1	1	X	X
370168157	56094473	29	M	1	0	X	517423536
370168158	56094473	27	F	1	1	X	517423596
370458344	56093335	28	F	1	1	X	517423536
370458364	56093505	28	F	1	1	X	517423766
370458375	56092351	31	M	1	0	X	517506221
370458381	56094602	31	M	1	0	X	517423657
370458382	56094602	28	F	1	1	X	517423684
370668556	56088561	55	M	1	0	X	517506438
370668558	56088561	52	F	1	1	X	517507380
370842250	56089538	70	M	1	0	X	X
370988863	56088729	20	F	1	2	X	517507220
370988867	56088729	13	M	1	2	450093610	X
370988879	56090490	22	M	1	2	X	517662850
370988880	56090490	42	F	1	1	X	517506761
370988881	56090490	47	M	1	0	X	517506422
370988882	56090490	13	M	1	2	450101788	X
370989024	56089689	22	M	1	2	X	517506451
370989025	56089689	42	F	1	1	X	517508119
370989038	56090786	20	F	1	2	X	517506639
370989040	56090786	42	F	1	1	X	517506262
370989043	56092156	20	F	1	2	X	517506451
370989058	56094030	20	F	1	2	X	517423728
370989120	56090838	42	F	1	1	X	517506451
370989122	56090838	13	M	1	2	450101788	X
370989243	56090414	20	F	1	2	X	517506556
370989244	56090414	22	M	1	2	X	517506451
370989245	56090414	42	F	1	1	X	517508057
370989246	56090414	47	M	1	0	X	517507432
370989268	56088094	20	F	1	2	X	517506451
370989269	56088094	22	M	1	2	X	517506270
370989272	56088094	13	M	1	2	450093610	X
371190645	56093419	39	F	1	1	X	X
371190646	56093419	6	F	1	2	450097561	X
371190647	56093419	2	M	1	2	X	X
371190650	56093419	40	M	1	0	X	517423743
371190663	56091174	39	F	1	1	X	X
371190668	56091174	40	M	1	0	X	517506451
371190687	56094014	39	F	1	1	X	X
371190689	56094014	2	M	1	2	X	X
371190691	56094014	11	M	1	2	450097563	X
371190693	56093654	39	F	1	1	X	X
371190698	56093654	40	M	1	0	X	517423759
371190707	56090136	2	M	1	2	X	X
371190709	56090136	11	M	1	2	450093610	X
371190712	56089183	6	F	1	2	450093610	X
371190713	56089183	2	M	1	2	X	X
371190766	56087869	6	F	1	2	450093610	X
371190767	56087869	2	M	1	2	X	X
371190768	56087869	4	M	1	2	X	X
371190770	56087869	40	M	1	0	X	517508577
371190808	56093487	6	F	1	2	450097561	X
371190809	56093487	2	M	1	2	X	X
371190811	56093487	11	M	1	2	450097563	X
371190884	56091216	40	M	1	0	X	517506451
371190886	56090261	6	F	1	2	450093610	X
371190888	56090261	4	M	1	2	X	X
371190889	56090261	11	M	1	2	450093610	X
371190936	56093273	4	M	1	2	X	X
371191018	56089453	6	F	1	2	450088468	X
371191022	56089453	40	M	1	0	X	517507479
371191035	56088340	39	F	1	1	X	X
371191036	56088340	6	F	1	2	450093610	X
371191037	56088340	2	M	1	2	X	X
371191040	56088340	40	M	1	0	X	517507928
371191086	56089853	4	M	1	2	X	X
371388712	56092647	61	F	1	0	X	X
371388713	56092647	52	M	1	1	X	517432342
371388715	56090064	52	M	1	1	X	517506451
371392565	56091605	9	M	1	2	450088468	X
371392566	56091605	50	M	1	0	X	517506238
371797252	56087962	66	F	1	12	X	X
371797253	56087962	69	M	1	0	X	517507827
371825157	56093998	7	F	1	2	450097561	X
371825158	56093998	14	F	1	2	450097563	X
371825162	56093998	16	F	1	2	450097560	X
371825163	56092113	7	F	1	2	450101788	X
371825165	56092113	38	M	1	0	X	517506451
372049667	56093579	45	M	9	0	X	517423536
372049668	56093579	9	M	9	2	450097561	X
372049670	56093579	13	F	9	2	450097563	X
372238316	56089832	52	M	1	1	X	517507789
372238317	56089832	55	F	1	0	X	517506451
372238325	56088950	55	F	1	0	X	517507375
372387526	56090756	63	M	1	0	X	517506278
372387565	56088214	64	F	1	1	X	517508049
372387569	56089598	64	F	1	1	X	517507217
372614767	56088582	59	M	1	1	X	517507420
372614771	56090503	59	M	1	1	X	517507220
372625727	56089333	58	F	1	0	X	517506451
372628506	56094365	56	M	1	1	X	X
372628541	56094483	58	F	1	0	X	X
372628542	56094483	56	M	1	1	X	X
372628547	56093454	58	F	1	0	X	X
372628548	56093454	56	M	1	1	X	X
372659276	56092390	48	M	1	0	X	517506451
372676021	56089816	60	M	1	1	X	X
373392648	56091120	15	M	1	2	450091631	X
373392650	56091120	40	F	1	0	X	X
373468298	56094550	58	F	1	0	X	517423536
373468307	56094054	58	F	1	0	X	517423669
373639416	56089160	46	M	1	0	X	517507211
373824129	56093356	51	M	1	0	X	517423593
373977342	56089928	70	M	1	0	X	517506451
374131183	56089701	76	M	1	0	X	X
374414971	56093047	79	M	1	0	X	X
374414974	56090459	79	M	1	0	X	X
374414978	56093745	79	M	1	0	X	X
374414982	56091762	79	M	1	0	X	X
374568410	56093788	31	F	1	0	X	X
374568413	56093788	32	M	1	1	X	517423669
374568422	56091635	31	F	1	0	X	X
374568426	56092578	31	F	1	0	X	X
374568427	56092578	9	M	1	2	450101788	X
374568428	56092578	10	F	1	2	450101788	X
374568430	56090868	31	F	1	0	X	X
374568432	56090868	10	F	1	2	450101788	X
374568438	56089268	31	F	1	0	X	X
374568439	56089268	9	M	1	2	450093610	X
374578303	56090880	68	F	1	1	X	X
374578317	56093521	68	F	1	1	X	X
374578334	56088136	78	M	1	0	X	517508002
374578335	56088136	68	F	1	1	X	X
374578352	56088124	78	M	1	0	X	517506858
374578353	56088124	68	F	1	1	X	X
374578356	56091535	78	M	1	0	X	517506451
374578357	56091535	68	F	1	1	X	X
374823277	56093409	18	M	1	2	450097560	X
374823278	56093409	51	M	1	0	X	517415280
374823280	56088735	18	M	1	2	450091631	X
374823281	56088735	51	M	1	0	X	517508499
374823283	56088998	18	M	1	2	450091631	X
374823284	56088998	51	M	1	0	X	517506451
374823316	56093645	18	M	1	2	450097562	X
374823317	56093645	51	M	1	0	X	517423586
374897282	56089072	49	M	1	0	X	517508063
374897302	56087864	49	M	1	0	X	517506656
374897314	56089292	49	M	1	0	X	517507203
375365414	56088893	50	M	1	0	X	517508057
375400012	56091809	26	F	1	0	X	517506451
375400037	56093972	0	F	1	2	X	X
375400067	56094638	0	F	1	2	X	X
375725483	56094540	52	M	1	0	X	517423718
375725508	56093937	52	F	1	1	X	517423536
375725509	56093937	52	M	1	0	X	517423718
375821183	56092802	66	M	1	3	X	X
375821184	56092802	69	F	1	0	X	X
375821195	56093455	66	M	1	3	X	X
375821196	56093455	69	F	1	0	X	X
375852158	56093037	6	F	1	2	450097561	X
376220322	56088347	13	F	1	2	X	X
376220323	56088347	44	M	1	0	X	517508140
376220324	56088347	7	M	1	2	X	X
376220326	56090269	13	F	1	2	X	X
376220327	56090269	44	M	1	0	X	517507192
376220328	56090269	7	M	1	2	X	X
376389659	56091384	70	F	1	0	X	X
376389661	56091384	47	F	1	2	X	517506451
376389678	56088232	17	M	1	5	450091631	517508641
376389679	56088232	47	F	1	2	X	517506451
376389681	56087949	17	M	1	5	450091631	517663348
376389682	56087949	47	F	1	2	X	517507189
376513573	56093320	56	F	1	0	X	X
376609553	56093100	35	F	1	1	X	517432482
376609554	56093100	6	M	1	2	450097561	X
376609555	56093100	10	F	1	2	450097561	X
376609558	56091432	6	M	1	2	450088468	X
376609596	56088429	38	M	1	0	X	517508737
376857856	56093149	0	F	1	2	X	X
376857857	56093149	4	F	1	2	450094430	X
376857858	56093149	23	F	1	1	X	517432278
376857859	56093149	23	M	1	0	X	517432368
376923152	56090524	55	M	1	0	X	X
376923162	56093596	55	M	1	0	X	X
376923166	56093873	55	M	1	0	X	X
376923172	56093741	55	M	1	0	X	X
376923190	56094442	55	M	1	0	X	X
377097501	56089319	13	M	1	2	450093610	X
377097502	56089319	49	M	1	0	X	517507254
377097503	56089319	44	F	1	1	X	X
377097521	56088639	13	M	1	2	450093610	X
377097522	56088639	49	M	1	0	X	517508002
377097524	56091008	15	M	1	2	450091631	X
377097525	56091008	13	M	1	2	450101788	X
377143116	56091890	55	M	1	0	X	517507453
377174868	56090035	52	F	1	0	X	517506815
377174875	56088493	52	F	1	0	X	517508451
377572391	56092846	49	F	1	0	X	517432368
377572395	56089964	12	M	1	2	450093610	X
377572397	56089964	49	F	1	0	X	517506451
377572440	56089934	12	M	1	2	450093610	X
377572442	56089934	49	F	1	0	X	517506451
377572468	56092417	49	M	1	1	X	517506451
377572469	56092417	49	F	1	0	X	517506419
377572491	56092926	12	M	1	2	450097563	X
377572493	56092926	49	F	1	0	X	517432482
377707198	56093109	73	M	1	0	X	X
377984706	56092803	60	F	1	1	X	517432445
377984707	56092803	66	M	1	0	X	517423624
377984709	56090111	66	M	1	0	X	517508397
377984710	56092857	60	F	1	1	X	517432354
377984711	56092857	66	M	1	0	X	517409979
377984712	56092589	60	F	1	1	X	517432357
377984737	56087847	66	M	1	0	X	517506343
378006839	56090217	92	F	1	0	X	X
378006848	56090406	92	F	1	0	X	X
378063488	56091502	67	F	1	0	X	517507185
378063490	56091173	67	F	1	0	X	506146179
378063496	56093518	67	F	1	0	X	517423718
378063505	56092485	67	F	1	0	X	517423536
378063512	56093167	67	F	1	0	X	517432281
378063543	56091878	67	F	1	0	X	517506451
378063549	56091353	67	F	1	0	X	517506451
378063550	56088234	67	F	1	0	X	517506674
378063559	56094390	67	F	1	0	X	517423758
378063560	56092242	67	F	1	0	X	517506451
378063571	56089206	67	F	1	0	X	517508804
378063577	56092551	67	F	1	0	X	517432368
378063585	56090399	67	F	1	0	X	517506451
378063587	56087901	67	F	1	0	X	517506693
378092169	56092002	35	F	1	1	X	X
378092170	56092002	9	M	1	2	450101788	X
378092171	56092002	14	F	1	2	450091631	X
378092173	56092002	29	M	1	0	X	517506451
378092174	56092002	1	M	1	2	X	X
378092205	56093971	9	M	1	2	450097561	X
378092206	56093971	14	F	1	2	450097560	X
378092207	56093971	0	M	1	2	X	X
378092208	56093971	29	M	1	0	X	517423759
378092213	56091791	14	F	1	2	450091631	X
378092214	56091791	0	M	1	2	X	X
378092215	56091791	29	M	1	0	X	517506451
378092216	56091791	1	M	1	2	X	X
378092227	56092191	14	F	1	2	450091631	X
378092229	56092191	29	M	1	0	X	517506451
378092231	56092191	11	F	1	2	450101788	X
378092241	56091778	14	F	1	2	450091631	X
378092243	56091778	29	M	1	0	X	517506451
378092271	56092784	29	M	1	0	X	517432359
378092272	56092784	1	M	1	2	X	X
378092273	56092784	11	F	1	2	450097563	X
378274519	56091080	1	F	9	2	X	X
378274520	56091080	2	F	9	2	X	X
378274551	56089778	24	M	9	1	X	517508086
378274552	56089778	4	F	9	2	X	X
378274555	56089778	2	F	9	2	X	X
378274625	56093851	2	F	9	2	X	X
378274627	56091091	4	F	9	2	X	X
378274628	56091091	23	F	1	0	X	X
378274630	56091091	2	F	9	2	X	X
378274695	56091299	2	F	9	2	X	X
378274732	56089065	4	F	9	2	X	X
378274734	56089065	1	F	9	2	X	X
378274735	56089065	2	F	9	2	X	X
378274816	56091200	24	M	9	1	X	517506451
378274818	56091200	23	F	1	0	X	X
378274877	56091220	4	F	9	2	X	X
378274880	56091220	2	F	9	2	X	X
378550273	56089581	23	F	1	10	X	517506396
378782613	56091241	48	F	1	9	X	517423714
378782614	56091241	50	M	1	0	X	517506451
378782623	56089421	48	F	1	9	X	517506685
378782625	56091686	48	F	1	9	X	517506451
378782626	56091686	50	M	1	0	X	517506761
378782643	56088681	48	F	1	9	X	517507427
378856266	56094551	49	F	1	1	X	517423759
378856268	56088820	49	F	1	1	X	517506668
379225937	56093242	55	F	1	0	X	517423564
379255024	56088346	80	F	1	0	X	X
379304773	56091018	17	F	6	2	450063600	X
379304774	56091018	47	M	6	0	X	517339295
379304775	56091018	46	F	6	1	X	517506238
379367260	56094088	69	M	1	1	X	X
379367261	56094088	65	F	1	0	X	X
379367292	56088171	69	M	1	1	X	X
379367293	56088171	65	F	1	0	X	X
379367316	56090937	69	M	1	1	X	X
379367324	56087931	69	M	1	1	X	X
379367326	56087850	69	M	1	1	X	X
379367327	56087850	65	F	1	0	X	X
379407960	56091616	35	F	1	1	X	517506304
379407962	56091616	6	M	1	2	450088468	X
379407963	56091616	37	M	1	0	X	517506451
379520955	56090068	78	F	1	6	X	X
379521031	56093094	48	F	1	1	X	517432279
379521039	56093276	47	M	1	0	X	517423529
379521041	56093276	48	F	1	1	X	517423669
379521043	56093276	17	F	1	2	450097560	X
379756987	56091699	71	F	1	1	X	X
379756994	56092766	71	M	1	0	X	X
379756995	56092766	71	F	1	1	X	X
379820164	56091148	60	F	1	0	X	517506238
379820165	56091148	59	M	1	1	X	X
379820185	56091774	59	M	1	1	X	X
379835109	56087934	87	M	1	0	X	X
379835122	56088045	88	F	1	1	X	X
379835123	56088045	87	M	1	0	X	X
379835132	56092324	88	F	1	1	X	X
379835133	56092324	87	M	1	0	X	X
379835134	56088311	88	F	1	1	X	X
379835135	56088311	87	M	1	0	X	X
379858870	56094235	27	M	1	0	X	517423600
379858871	56094235	27	F	1	1	X	517423817
379858872	56087851	27	M	1	0	X	517508057
379858873	56087851	27	F	1	1	X	517508057
380023146	56092818	68	M	1	0	X	X
380023155	56092908	67	F	1	1	X	X
380023156	56092908	68	M	1	0	X	X
380052407	56092917	50	M	1	0	X	517432359
380464246	56088309	12	M	1	2	450093610	X
380559783	56092446	45	M	1	10	X	517506451
380559784	56092446	13	M	1	2	450101788	X
380753300	56090581	45	F	1	0	X	506926233
380753301	56090581	12	M	1	2	450101788	X
380753319	56088314	44	M	1	1	X	517506367
380753343	56091674	44	M	1	1	X	517506451
380753344	56091674	45	F	1	0	X	506926867
380753345	56091674	12	M	1	2	450101788	X
380753346	56091674	14	F	1	2	450101788	X
381063953	56091552	36	M	1	9	X	517506451
381064006	56091452	31	F	1	0	X	517506451
381064007	56091452	36	M	1	9	X	506146387
381064032	56091491	31	F	1	0	X	517506451
381064033	56091491	36	M	1	9	X	517506380
381064062	56093128	31	F	1	0	X	517432277
381064088	56089493	31	F	1	0	X	517508330
381064089	56089493	36	M	1	9	X	517506451
381064095	56093688	36	M	1	9	X	517423759
381064132	56091534	31	F	1	0	X	517506451
381064141	56089958	36	M	1	9	X	517507442
381064149	56090171	36	M	1	9	X	517506451
381064170	56091721	31	F	1	0	X	517506451
381064171	56091721	36	M	1	9	X	517506422
381455009	56090428	63	M	8	1	X	517506451
381455058	56089150	14	M	8	2	450091631	X
381455061	56091303	14	M	8	2	450091631	X
381455068	56091560	52	F	1	0	X	517506451
381455069	56091560	63	M	8	1	X	517506451
381649068	56094328	34	M	1	1	X	517423759
381649069	56094328	27	F	1	0	X	517423822
381707172	56091588	60	F	1	0	X	517506451
381707184	56093846	60	F	1	0	X	517423536
381707198	56094306	60	F	1	0	X	517423669
381707200	56089258	60	F	1	0	X	517507220
381888010	56094584	61	F	1	0	X	X
381888014	56094539	61	F	1	0	X	X
381888015	56094539	46	M	1	1	X	517423759
381888044	56089732	61	F	1	0	X	X
381888045	56089732	46	M	1	1	X	517506451
381888058	56089955	61	F	1	0	X	X
382036878	56091318	31	F	1	1	X	517506451
382036930	56089959	31	F	1	1	X	517507439
382036931	56089959	29	M	1	0	X	517506238
382036934	56092292	31	F	1	1	X	517506451
382036935	56092292	29	M	1	0	X	517507453
382036937	56092292	7	F	1	2	450101788	X
382036942	56091253	31	F	1	1	X	506146138
382036943	56091253	29	M	1	0	X	517506451
382036945	56091253	7	F	1	2	450088468	X
382225792	56094162	31	M	1	0	X	517423817
382352293	56088712	88	M	1	0	X	X
382454935	56092510	19	F	1	12	X	X
382454937	56092510	34	F	9	0	X	517432367
382454938	56092510	17	M	9	2	450091631	X
382454939	56092510	8	F	9	2	450091630	X
382454987	56092675	34	F	9	0	X	517432368
382573213	56094631	70	M	1	1	X	X
382573214	56094631	58	F	1	7	X	517423528
382573270	56087853	70	M	1	1	X	X
382573272	56087853	54	F	1	0	X	517507472
383251070	56089890	72	F	9	0	X	X
383623548	56091675	11	F	1	2	450101788	X
383623549	56091675	42	M	1	0	X	517506451
383623550	56091675	0	M	1	2	X	X
383623551	56091675	2	M	1	2	X	X
383623552	56091675	40	F	1	1	X	517506451
383623553	56091675	15	F	1	2	450091631	X
383623568	56092122	0	M	1	2	X	X
383623584	56092592	11	F	1	2	450101788	X
383623587	56092592	2	M	1	2	X	X
383623588	56092592	40	F	1	1	X	517432484
383623589	56092592	15	F	1	2	450091631	X
383623590	56091745	11	F	1	2	450101788	X
383623593	56091745	2	M	1	2	X	X
383623595	56091745	15	F	1	2	450091631	X
383623597	56092659	42	M	1	0	X	506643577
383623598	56092659	0	M	1	2	X	X
383623599	56092659	2	M	1	2	X	X
383623600	56092659	40	F	1	1	X	517432368
383623614	56094443	11	F	1	2	450097563	X
383623615	56094443	42	M	1	0	X	517423536
383623617	56094443	2	M	1	2	X	X
383623618	56094443	40	F	1	1	X	517423536
383623619	56094443	15	F	1	2	450097562	X
383623638	56092537	11	F	1	2	450091631	X
383623639	56092537	42	M	1	0	X	517432365
383623640	56092537	0	M	1	2	X	X
383623641	56092537	2	M	1	2	X	X
384187577	56093989	45	M	1	0	X	517506558
384251263	56093331	16	M	1	2	450097560	517423669
384251265	56093331	51	M	1	1	X	517423628
384251266	56093901	42	F	1	0	X	517423536
384251267	56093901	16	M	1	2	450097560	517423528
384352204	56089678	60	M	1	1	X	517506451
384352206	56088273	60	M	1	1	X	517507220
384352207	56088273	65	F	1	0	X	X
384352208	56089005	60	M	1	1	X	517507230
384352209	56089005	65	F	1	0	X	X
384352222	56093221	60	M	1	1	X	517423723
384352226	56093020	60	M	1	1	X	517432288
384352242	56088313	60	M	1	1	X	517506772
384352243	56088313	65	F	1	0	X	X
384689941	56090255	41	F	1	0	X	X
384689943	56090255	17	M	1	2	450091631	517507292
384689955	56094022	17	M	1	2	450097560	517423609
384690006	56093640	49	M	1	1	X	517423740
384750745	56093485	60	M	1	0	X	517423759
384750750	56089366	55	F	1	1	X	X
384750752	56093680	17	F	1	2	450097560	X
384750754	56093680	60	M	1	0	X	517423759
384750761	56092311	17	F	1	2	450091631	X
384750762	56092311	55	F	1	1	X	X
384750785	56092022	17	F	1	2	450091631	X
384750786	56092022	55	F	1	1	X	X
384750787	56092022	60	M	1	0	X	517506451
385472017	56089954	52	M	1	0	X	517432471
385472905	56093779	64	M	1	0	X	X
385472916	56089624	64	M	1	0	X	X
385472919	56092873	64	M	1	0	X	X
386125237	56087848	0	M	1	2	X	X
386125239	56087848	29	F	1	1	X	X
386125240	56087848	35	M	1	0	X	517506879
386382162	56090781	8	M	1	2	450088468	X
386382166	56090781	31	F	1	1	X	X
386382179	56092341	1	F	1	2	X	X
386382180	56092341	32	M	1	0	X	517506451
386382181	56092341	31	F	1	1	X	X
386382203	56091967	5	M	1	2	450094430	X
386382205	56091967	32	M	1	0	X	517506451
386382206	56091967	31	F	1	1	X	X
386382248	56091860	5	M	1	2	450094430	X
386382249	56091860	1	F	1	2	X	X
386457460	56088762	42	M	1	0	X	X
386501504	56091728	61	F	1	0	X	517506451
386546433	56092859	46	F	1	0	X	517379616
386546435	56092859	46	M	1	1	X	517432284
386546545	56093872	19	M	1	2	X	517423620
386546572	56092993	19	M	1	2	X	517432344
386546573	56092993	46	M	1	1	X	517432452
386546590	56094194	19	M	1	2	X	517423669
386546598	56089545	46	F	1	0	X	517506451
386546599	56089545	19	M	1	2	X	517506451
386546609	56089769	46	M	1	1	X	517508353
386546638	56088676	19	M	1	2	X	517507998
386594275	56092762	1	M	9	2	X	X
386594278	56092762	26	M	1	0	X	517432368
386594325	56089699	4	M	9	2	X	X
386594332	56089262	30	F	9	1	X	517506451
386594335	56092170	1	M	9	2	X	X
386594337	56092170	4	M	9	2	X	X
386853387	56092048	48	M	1	0	X	517506369
386853388	56092048	46	F	1	1	X	517506451
386853406	56093208	46	F	1	1	X	517423593
386868817	56091519	2	M	1	2	X	X
386868819	56091519	34	F	1	0	X	517506451
386868823	56090694	34	F	1	0	X	517506416
387123551	56091052	19	F	1	2	X	517506451
387123567	56092245	43	F	1	1	X	517662850
387158689	56093848	39	F	1	0	X	517423615
387158698	56088931	8	F	1	2	450093610	X
387158733	56088876	39	F	1	0	X	517508066
387158734	56088876	8	F	1	2	450093610	X
387158737	56089757	39	F	1	0	X	517508296
387158747	56091293	39	F	1	0	X	517506464
387158748	56091293	8	F	1	2	450088468	X
387158750	56091127	8	F	1	2	450088468	X
387158753	56088806	39	F	1	0	X	517506451
387158754	56088806	8	F	1	2	450093610	X
387158779	56088871	39	F	1	0	X	517506332
387158803	56088854	39	F	1	0	X	517506700
387158817	56088414	39	F	1	0	X	517506451
387158818	56088414	8	F	1	2	450093610	X
387158888	56088984	8	F	1	2	450093610	X
387158904	56089844	8	F	1	2	450093610	X
387158925	56089856	39	F	1	0	X	517507281
387218043	56089810	40	M	1	1	X	517507396
387218044	56089810	38	F	1	0	X	517508807
387218045	56089810	15	F	1	2	450091631	X
387279765	56089170	55	F	1	1	X	X
387279774	56088934	61	M	1	0	X	517507432
387279775	56088934	55	F	1	1	X	X
387279778	56089662	61	M	1	0	X	517506396
387279779	56089662	55	F	1	1	X	X
387279786	56087899	61	M	1	0	X	517507439
387482013	56088380	39	M	1	0	X	517508538
387482028	56091873	36	F	1	1	X	517506451
387482030	56091873	3	M	1	2	450094430	X
387482031	56091873	7	M	1	2	450088468	X
387556254	56090825	31	M	1	1	X	517506451
387556256	56090825	9	F	1	2	450088468	X
387556257	56090825	7	F	1	2	450088468	X
387556258	56090825	11	F	1	2	450101788	X
387556296	56088848	31	M	1	1	X	517506689
387556297	56088848	31	F	1	0	X	517508358
387556298	56088848	9	F	1	2	450093610	X
387556299	56088848	7	F	1	2	450093610	X
387556300	56088848	11	F	1	2	450093610	X
387556301	56088848	14	F	1	2	450093610	X
387556302	56088839	31	M	1	1	X	517506346
387556303	56088839	31	F	1	0	X	517506737
387556305	56088839	7	F	1	2	450093610	X
387556307	56088839	14	F	1	2	450093610	X
387556320	56089220	31	M	1	1	X	517507439
387556321	56089220	31	F	1	0	X	517508232
387556322	56089220	9	F	1	2	450093610	X
387556325	56089220	14	F	1	2	450093610	X
387556332	56090655	31	M	1	1	X	517506451
387556335	56090655	7	F	1	2	450088468	X
387556337	56090655	14	F	1	2	450101788	X
387556350	56091168	31	M	1	1	X	517506451
387556352	56091168	9	F	1	2	450088468	X
387556368	56090724	31	M	1	1	X	517341915
387556369	56090724	31	F	1	0	X	517506438
387556370	56090724	9	F	1	2	450088468	X
387588574	56088422	74	F	1	1	X	X
387588575	56088422	76	M	1	0	X	X
387588594	56088466	74	F	1	1	X	X
387588595	56088466	76	M	1	0	X	X
387603280	56088182	15	M	1	2	450091631	X
387603282	56088182	23	M	1	2	X	517506725
387873167	56090897	60	F	1	1	X	517506223
388039360	56092605	56	F	1	0	X	517432368
388039368	56092990	56	F	1	0	X	517365391
388208774	56093043	26	F	1	0	X	517432482
388208785	56094497	26	F	1	0	X	517423759
388472317	56088564	42	F	1	0	X	517508358
388472318	56088564	16	M	1	2	450091631	X
388472319	56088564	49	M	1	1	X	517506416
388472321	56094383	42	F	1	0	X	517423669
388472329	56091133	42	F	1	0	X	517506451
388472330	56091133	16	M	1	2	450091631	X
388472331	56091133	49	M	1	1	X	517506364
388472336	56093772	12	M	1	2	450097563	X
388614441	56094202	60	F	1	0	X	517423759
388649742	56090735	30	M	1	0	X	517506451
388649743	56090735	0	M	1	2	X	X
388649744	56090735	26	F	1	1	X	X
388649745	56090735	3	F	1	2	X	X
388649754	56093636	30	M	1	0	X	517423593
388649755	56093636	0	M	1	2	X	X
388796086	56088064	50	M	1	0	X	517508057
388796087	56088064	51	F	1	1	X	517506645
388796102	56089039	50	M	1	0	X	517508014
388796103	56089039	51	F	1	1	X	517507219
388833480	56092105	81	F	1	0	X	X
388833484	56093038	81	F	1	0	X	X
388996393	56090329	2	F	1	2	X	X
388996406	56087984	30	F	1	0	X	517508169
388996410	56091698	30	F	1	0	X	506926647
388996412	56089236	30	F	1	0	X	517432472
388996413	56094421	2	F	1	2	X	X
389122849	56092272	32	F	1	1	X	X
389122855	56090903	5	M	1	2	450066968	X
389122856	56090903	30	M	1	0	X	517506451
389122861	56094574	32	F	1	1	X	X
389339989	56091360	10	M	1	2	450088468	X
389339996	56088327	2	F	1	2	X	X
389340000	56088940	32	F	1	0	X	X
389340001	56088940	10	M	1	2	450093610	X
389340030	56091685	32	F	1	0	X	X
389340031	56091685	10	M	1	2	450088468	X
389340035	56091668	2	F	1	2	X	X
389340042	56091564	32	F	1	0	X	X
389340043	56091564	10	M	1	2	450088468	X
389430262	56092464	67	M	1	1	X	X
389439324	56088116	37	F	1	1	X	517508238
389439329	56091945	37	M	1	0	X	517506238
389439330	56091945	37	F	1	1	X	517506451
389439357	56093952	37	M	1	0	X	517423739
389739107	56092940	54	F	1	0	X	517432362
389739119	56093296	54	F	1	0	X	517423669
389739129	56089631	54	F	1	0	X	517507219
389739134	56089628	54	F	1	0	X	517508592
389739138	56093687	54	F	1	0	X	517423819
389739148	56089352	54	F	1	0	X	517506451
389739153	56089166	54	F	1	0	X	517507220
390293607	56087885	69	F	1	1	X	X
390293608	56087885	73	M	1	0	X	X
390374948	56089675	38	F	1	0	X	517506332
390374953	56088132	38	F	1	0	X	517507898
390521484	56090508	67	M	1	1	X	X
390521485	56090508	75	F	1	0	X	X
390521493	56090675	75	F	1	0	X	X
390580712	56088216	55	M	1	1	X	517508869
390580719	56090982	54	F	1	0	X	X
390580720	56090982	55	M	1	1	X	517506451
390807718	56088020	53	M	1	1	X	517506674
390807719	56088020	56	F	1	0	X	517507252
391009925	56093315	58	F	1	0	X	517423536
391009947	56093739	58	F	1	0	X	517423770
391009955	56091419	58	F	1	0	X	517506451
391118399	56091744	36	F	9	1	X	517506451
391118400	56091744	59	M	1	0	X	517506451
391118423	56088406	36	F	9	1	X	517506715
391118424	56088406	59	M	1	0	X	517507230
391118449	56092321	36	F	9	1	X	517506451
391118479	56089786	36	F	9	1	X	517506669
391185987	56088597	2	M	1	2	X	X
391185988	56088597	40	F	1	0	X	X
391185989	56088597	2	F	1	2	X	X
391186030	56092456	43	M	1	1	X	506926873
391186031	56092456	2	M	1	2	X	X
391186032	56092456	40	F	1	0	X	X
391186033	56092456	2	F	1	2	X	X
391186049	56088439	2	F	1	2	X	X
391186063	56088080	2	M	1	2	X	X
391186065	56088080	2	F	1	2	X	X
391261454	56093390	12	F	9	2	450097563	X
391261456	56093390	49	F	1	1	X	517507431
391415390	56091996	4	F	1	2	X	X
391415391	56092312	31	M	1	1	X	517506451
391415447	56089870	31	M	1	1	X	506982756
391415450	56089870	4	F	1	2	X	X
391596107	56088450	20	M	1	2	X	517506775
391596114	56090644	55	F	1	0	X	517506451
391596115	56090644	57	M	1	1	X	517506451
391596161	56090898	20	M	1	2	X	517506396
391596165	56092088	55	F	1	0	X	517506310
391596166	56092088	57	M	1	1	X	517506332
391596193	56093604	57	M	1	1	X	517423759
391596198	56092732	55	F	1	0	X	517432344
391596199	56092732	57	M	1	1	X	517432368
391596200	56092732	20	M	1	2	X	517432368
391596222	56092145	55	F	1	0	X	517506451
391596224	56092145	20	M	1	2	X	517423703
391596225	56092167	55	F	1	0	X	517506451
391596233	56089526	20	M	1	2	X	517507219
391596241	56089354	57	M	1	1	X	517507213
391977926	56089475	56	M	1	0	X	517506451
392033199	56094148	29	F	1	0	X	517423593
392033207	56091497	29	F	1	0	X	517506380
392033260	56093744	30	M	1	10	X	517423759
392403223	56088330	68	F	1	1	X	X
392583396	56094378	71	F	1	1	X	X
392583411	56091142	74	M	1	0	X	517506451
392583427	56091246	74	M	1	0	X	517506451
392583431	56093795	74	M	1	0	X	517423727
392779384	56089209	64	M	1	0	X	517508538
392987639	56093907	50	M	1	1	X	517423669
392987648	56087849	50	F	1	0	X	517507580
392987649	56087849	50	M	1	1	X	517506880
393297375	56093402	38	M	1	0	X	517423766
393297377	56093402	10	M	1	2	450097563	X
393297390	56089865	37	F	1	1	X	517506451
393297391	56089865	38	M	1	0	X	517508298
393297454	56093498	37	F	1	1	X	517423759
393297455	56093498	38	M	1	0	X	517423760
393297458	56093529	37	F	1	1	X	517423827
393297459	56093529	38	M	1	0	X	517423817
393397865	56094464	31	F	1	1	X	517423815
393397867	56094464	4	M	1	2	X	X
393397868	56094464	30	M	1	0	X	517423684
393397878	56093268	7	M	1	2	450097561	X
393397879	56093268	4	M	1	2	X	X
393397880	56093268	30	M	1	0	X	517423614
393397901	56093983	31	F	1	1	X	517423759
393397902	56093983	7	M	1	2	450097561	X
393397903	56093983	4	M	1	2	X	X
393397904	56093983	30	M	1	0	X	517423593
393530918	56092865	58	M	1	0	X	517432368
393530919	56092865	66	F	1	1	X	517432303
393561064	56089250	63	F	1	1	X	X
393734946	56091840	41	F	1	0	X	X
393758551	56089648	16	F	1	2	450091631	X
393758553	56089648	6	F	1	2	450088468	X
393758588	56090908	14	M	1	2	450101788	X
393758590	56090908	54	M	1	0	X	517506408
393758616	56092937	18	M	1	2	450097562	X
393758619	56092937	6	F	1	2	450097561	X
393758620	56092937	54	M	1	0	X	517423534
393758675	56090915	43	F	1	1	X	517506451
393758677	56090915	16	F	1	2	450091631	X
393758678	56090915	14	M	1	2	450101788	X
393758679	56090915	6	F	1	2	450088468	X
393758680	56090915	54	M	1	0	X	517506458
393758742	56093193	18	M	1	2	450097562	X
393758743	56093193	16	F	1	2	450097562	X
393758746	56093193	54	M	1	0	X	517432484
393758754	56092796	18	M	1	2	450097560	X
393758755	56092796	16	F	1	2	450097560	X
393758757	56092796	6	F	1	2	450097561	X
393758758	56092796	54	M	1	0	X	517432342
393758780	56088225	14	M	1	2	450093610	X
393758782	56088225	54	M	1	0	X	517507219
393758805	56090242	6	F	1	2	450088468	X
393758806	56090242	54	M	1	0	X	517507220
393758831	56094330	43	F	1	1	X	517423695
393758833	56094330	16	F	1	2	450097562	X
393758836	56094330	54	M	1	0	X	517423839
393758885	56090142	43	F	1	1	X	517507580
393758886	56090142	18	M	1	2	450091631	X
393758888	56090142	14	M	1	2	450093610	X
393758889	56090142	6	F	1	2	450088468	X
393758890	56090142	54	M	1	0	X	517506696
393758891	56092471	43	F	1	1	X	517506238
393758896	56092471	54	M	1	0	X	506145987
393758897	56090573	43	F	1	1	X	517506451
393758902	56090573	54	M	1	0	X	517506451
393972326	56094289	83	M	1	0	X	X
393972342	56088501	83	M	1	0	X	X
394523316	56092250	6	M	1	2	450088468	X
394745218	56087887	16	M	1	2	450091631	X
394745224	56093959	10	M	1	2	450097563	X
394745320	56090464	10	M	1	2	450093610	X
394745324	56088818	10	M	1	2	450093610	X
394745325	56088818	38	F	1	10	X	517506451
395024144	56090353	51	M	1	1	X	517508499
395024149	56090163	23	F	1	2	X	517508654
395024160	56088989	48	F	1	0	X	517506451
395111626	56088944	51	F	1	0	X	517507420
395111627	56088944	66	M	1	1	X	X
395111670	56092060	51	F	1	0	X	517506457
395111671	56092060	66	M	1	1	X	X
395111690	56093377	51	F	1	0	X	517423669
395111691	56093377	66	M	1	1	X	X
395111751	56093601	66	M	1	1	X	X
395289332	56090777	31	F	1	0	X	517506317
395289334	56092011	12	F	1	2	450101788	X
395289335	56092011	31	F	1	0	X	517506288
395289347	56091430	31	F	1	0	X	517506451
395289368	56092106	31	F	1	0	X	517506416
395289369	56092106	7	M	1	2	450101788	X
395289383	56091644	31	F	1	0	X	517506451
395289384	56091644	7	M	1	2	450088468	X
395289433	56090262	12	F	1	2	450093610	X
395289444	56091390	7	M	1	2	450088468	X
395289456	56093978	7	M	1	2	450097561	X
395289478	56091703	12	F	1	2	450101788	X
395289479	56091703	31	F	1	0	X	517506238
395289480	56091703	7	M	1	2	450088468	X
395289489	56093355	7	M	1	2	450097561	X
395289502	56087902	12	F	1	2	450093610	X
395458832	56090922	16	M	1	2	450063600	X
395458834	56090922	21	F	1	2	X	517506451
395458836	56090922	19	F	1	2	X	517506451
395458864	56090884	19	F	1	2	X	517506451
395458866	56090884	27	M	1	2	X	517506451
395458883	56092674	21	F	1	2	X	517432286
395458884	56092674	3	M	1	5	450094430	X
395458885	56092674	19	F	1	2	X	517432368
395684866	56088631	66	F	1	1	X	X
395684873	56088092	68	M	1	0	X	X
395716446	56090498	50	M	9	0	X	517506451
395716447	56090498	1	M	9	2	X	X
395763207	56092539	34	M	1	1	X	506643663
396199916	56094482	6	F	1	2	450097561	X
396199918	56094482	44	M	1	1	X	517423714
396199919	56094482	16	M	1	2	450097560	X
396199944	56091072	13	F	1	2	450101788	X
396199945	56091072	10	M	1	2	450101788	X
396384960	56093333	57	M	1	0	X	517423759
396384961	56093333	56	F	1	1	X	517423593
396384965	56091985	56	F	1	1	X	517506321
396384969	56090407	56	F	1	1	X	517507203
396384978	56091144	57	M	1	0	X	517506416
396384980	56091495	57	M	1	0	X	517506451
396384990	56094007	57	M	1	0	X	517423739
396384991	56094007	56	F	1	1	X	513096695
396384992	56093476	57	M	1	0	X	517423693
396659660	56090404	65	M	1	0	X	X
396659669	56090158	66	F	1	1	X	X
396659692	56093329	65	M	1	0	X	X
396799049	56092001	86	F	1	4	X	517506238
396799050	56092001	16	F	1	5	450091631	X
396799051	56092001	59	F	1	0	X	517506451
397022810	56089551	26	M	1	0	X	517506309
397022811	56089551	21	F	1	10	X	517506706
397067700	56091027	48	F	1	0	X	517506451
397067710	56090488	48	F	1	0	X	517506451
397162374	56087858	60	M	1	0	X	517507234
397162380	56090118	60	M	1	0	X	517506676
397162421	56090956	60	M	1	0	X	517506451
397162437	56093326	60	M	1	0	X	517423815
397162444	56094049	60	M	1	0	X	517423593
397719397	56089064	19	M	1	2	X	517506558
397719399	56089064	12	F	1	2	450093610	X
397745140	56091274	43	F	1	0	X	517506636
397745141	56091274	84	F	1	4	X	X
397745156	56091169	43	F	1	0	X	517506481
397745157	56091169	84	F	1	4	X	X
397745158	56091065	43	F	1	0	X	517423536
397745159	56091065	84	F	1	4	X	X
397745244	56092486	3	F	1	2	X	X
397745245	56092486	5	M	1	2	450091630	X
397745246	56092486	7	F	1	2	450091630	X
397745248	56092486	39	F	1	1	X	X
397745281	56090467	5	M	1	2	450088468	X
397929630	56092472	69	M	1	0	X	X
397983013	56093827	58	F	1	0	X	517423714
397983020	56089498	58	M	1	1	X	517506668
398012829	56088761	52	M	1	0	X	517506382
398012838	56089013	51	F	1	1	X	X
398012850	56094358	51	F	1	1	X	X
398169293	56090026	0	F	1	2	X	X
398169297	56090026	3	M	1	2	X	X
398301667	56092904	54	M	1	0	X	X
398301669	56089819	54	M	1	0	X	X
398301674	56092769	54	M	1	0	X	X
398304200	56090454	82	F	1	0	X	X
398419591	56092870	64	F	9	0	X	517432368
398771085	56092794	64	F	1	0	X	517432305
398771094	56091692	63	M	1	1	X	X
398771095	56091692	64	F	1	0	X	517506451
398771102	56089452	63	M	1	1	X	X
398771103	56089452	64	F	1	0	X	517508804
398889956	56090582	57	F	1	0	X	X
398889957	56090582	66	M	1	1	X	X
398889992	56091905	57	F	1	0	X	X
398890008	56092079	57	F	1	0	X	X
398890009	56092079	66	M	1	1	X	X
398890013	56093671	66	M	1	1	X	X
399133768	56094615	28	M	1	0	X	517423614
399133770	56091606	28	M	1	0	X	517506451
399237163	56087830	54	M	1	0	X	517506715
399319108	56088786	34	M	1	10	X	517506732
399319109	56088786	28	F	1	0	X	517507942
399319113	56092582	7	M	1	2	450097561	X
399319114	56092582	34	M	1	10	X	517432305
399319115	56092582	28	F	1	0	X	517432290
399319131	56088516	7	M	1	2	450093610	X
399319136	56092430	28	F	1	0	X	517506238
399319164	56091966	7	M	1	2	450088468	X
399319166	56091966	28	F	1	0	X	517506416
399319200	56091575	7	M	1	2	450088468	X
399319201	56091575	34	M	1	10	X	506926702
399319202	56091575	28	F	1	0	X	517506451
399319225	56092451	34	M	1	10	X	517506451
399319226	56092451	28	F	1	0	X	517506232
399319236	56088434	7	M	1	2	450093610	X
399319238	56088434	28	F	1	0	X	517508312
399319270	56094622	34	M	1	10	X	517423740
399319271	56094622	28	F	1	0	X	517423694
399319272	56091653	7	M	1	2	450088468	X
399319274	56091653	28	F	1	0	X	517506352
399319365	56089434	7	M	1	2	450093610	X
399319366	56089434	34	M	1	10	X	517506451
399319367	56089434	28	F	1	0	X	517508179
399512658	56091838	27	M	1	0	X	517506451
399512661	56091838	3	F	1	2	X	X
399512663	56092101	27	F	1	1	X	X
399512679	56091501	27	F	1	1	X	X
399512680	56091501	2	F	1	2	X	X
399512681	56091501	3	F	1	2	X	X
399512695	56089351	27	F	1	1	X	X
399512696	56089351	2	F	1	2	X	X
399512697	56089351	3	F	1	2	X	X
399681048	56092512	18	F	1	2	X	517432347
399982859	56088460	6	F	1	2	450088468	X
399982860	56088460	39	M	1	0	X	517508179
399982861	56088460	6	F	1	2	450066968	X
399982862	56088460	30	F	1	10	X	517506451
399982916	56092343	39	M	1	0	X	517506451
400431869	56092094	65	M	1	0	X	X
400431870	56092094	63	F	1	1	X	517423823
400431884	56090145	63	F	1	1	X	517507191
400431903	56089199	65	M	1	0	X	X
400431904	56089199	63	F	1	1	X	517508499
400863365	56094033	55	M	1	0	X	517423529
400863380	56093330	55	M	1	0	X	517423759
401059059	56091470	6	F	1	2	450088468	X
401059061	56091470	16	F	1	2	450091631	X
401059063	56091470	31	F	1	0	X	X
401059064	56092522	6	F	1	2	450097561	X
401059065	56092522	15	M	1	3	450097560	X
401059068	56092522	31	F	1	0	X	X
401138904	56089668	19	F	1	2	X	517507281
401138906	56089668	52	M	1	1	X	517507332
401138996	56091346	52	M	1	1	X	517506451
401388464	56091509	52	M	1	0	X	517506451
401471204	56092793	72	F	1	0	X	X
401471216	56089903	72	F	1	0	X	X
401524436	56092363	34	M	1	0	X	517339396
401657631	56088970	50	F	1	0	X	517507949
401657641	56094239	50	F	1	0	X	517423593
401657649	56094399	50	F	1	0	X	517423714
401657654	56093195	50	M	1	1	X	X
401657655	56093195	50	F	1	0	X	517432368
401667230	56089023	56	F	1	1	X	X
401667253	56088504	58	M	1	0	X	X
401804431	56090552	11	F	1	2	450101788	X
401993099	56093282	57	F	1	10	X	X
402449985	56092912	67	M	1	0	X	517432286
402621555	56091512	10	M	1	2	450101788	X
402621557	56091512	31	F	1	0	X	517506451
402621561	56092702	10	M	1	2	450097563	X
402621563	56092702	31	F	1	0	X	517423534
402621591	56090636	10	M	1	2	450101788	X
402621603	56092319	10	M	1	2	450101788	X
402621604	56092319	8	M	1	2	450101788	X
402621605	56092319	31	F	1	0	X	517423596
402701683	56088387	39	M	1	1	X	517507375
402701684	56088387	43	F	1	0	X	X
402701690	56088378	43	F	1	0	X	X
402701701	56089035	39	M	1	1	X	517507516
402701702	56089035	43	F	1	0	X	X
402859142	56094284	75	M	1	0	X	X
402859154	56091665	75	M	1	0	X	X
402859160	56092900	75	M	1	0	X	X
402859164	56091914	75	M	1	0	X	X
402859170	56088042	75	M	1	0	X	X
402859171	56088042	73	F	1	1	X	X
402859181	56090355	73	F	1	1	X	X
402859200	56090725	75	M	1	0	X	X
402859201	56090725	73	F	1	1	X	X
402865991	56087890	36	F	1	0	X	517506558
402865992	56087890	49	M	1	1	X	517506682
402883746	56089251	24	M	1	0	X	517508481
402883768	56089471	24	M	1	0	X	517507245
402944475	56090200	69	F	1	1	X	X
402944476	56090200	69	M	1	0	X	X
403013732	56088338	52	F	1	0	X	X
403013733	56088338	60	M	1	1	X	517507439
403013744	56087857	52	F	1	0	X	X
403013745	56087857	60	M	1	1	X	517507203
403021125	56089509	48	F	6	1	X	X
403021126	56089509	51	M	1	0	X	517663278
403124745	56092147	66	M	1	1	X	X
403124752	56092342	66	F	1	0	X	X
403124767	56092504	66	M	1	1	X	X
403124771	56090635	66	M	1	1	X	X
403124772	56090635	66	F	1	0	X	X
403124778	56091238	66	F	1	0	X	X
403124779	56087976	66	M	1	1	X	X
403124780	56087976	66	F	1	0	X	X
403124784	56093446	66	F	1	0	X	X
403124794	56091249	66	F	1	0	X	X
403124796	56092023	66	F	1	0	X	X
403124800	56088142	66	F	1	0	X	X
403124822	56090397	66	F	1	0	X	X
403124823	56091185	66	M	1	1	X	X
403124824	56091185	66	F	1	0	X	X
403623506	56092218	70	M	1	1	X	X
403623510	56094217	70	M	1	1	X	X
403623517	56094057	68	F	1	0	X	517423587
403623518	56094057	70	M	1	1	X	X
403623529	56090344	68	F	1	0	X	517508262
403897063	56089476	50	M	8	0	X	517506451
404046037	56094128	58	F	1	0	X	517423643
404046040	56093461	58	F	1	0	X	517423759
404116691	56089116	22	M	1	12	X	517508520
404116692	56089116	58	M	1	0	X	517508002
404116696	56090767	47	F	1	1	X	X
404116697	56090767	22	M	1	12	X	517506416
404116699	56090830	47	F	1	1	X	X
404116700	56090830	22	M	1	12	X	517506451
404116713	56092976	58	M	1	0	X	517432446
404376339	56092121	39	M	1	1	X	517506472
404376340	56092121	1	M	1	2	X	X
404376342	56092121	36	F	1	0	X	517506451
404376344	56092121	6	M	1	2	450066968	X
404376346	56089986	8	F	1	2	450093610	X
404376347	56089986	39	M	1	1	X	517507220
404376350	56089986	36	F	1	0	X	517506655
404520308	56094516	36	F	1	0	X	517423593
404520328	56093437	36	F	1	0	X	517423705
404520329	56094500	36	F	1	0	X	517423536
404520331	56088047	36	F	1	0	X	517507453
404520346	56089437	36	F	1	0	X	517506490
404531457	56093803	57	F	1	1	X	517415725
404531458	56093803	63	M	1	0	X	517423669
404533662	56093266	43	M	1	0	X	517423759
404533678	56092878	43	M	1	0	X	517432447
404533686	56093917	43	M	1	0	X	517423593
404533715	56093673	43	M	1	0	X	517423536
404641320	56093026	11	F	1	2	450097563	X
404641322	56093026	53	M	1	0	X	506643618
404641377	56088400	49	F	1	1	X	517507221
404641378	56088400	53	M	1	0	X	517508804
404710614	56092718	21	F	1	2	X	X
404710617	56091243	51	M	1	1	X	X
404710619	56091243	21	F	1	2	X	X
404710621	56091243	46	F	1	0	X	517506238
404710669	56090647	21	F	1	2	X	X
404710671	56090647	46	F	1	0	X	517506451
404710677	56089343	51	M	1	1	X	X
404710679	56089343	21	F	1	2	X	X
404782892	56088689	58	M	9	1	X	517508546
404782893	56088689	56	F	1	0	X	X
404836353	56090069	51	F	1	1	X	517507432
404836358	56093013	16	F	1	2	450097562	X
404836375	56092752	52	M	1	0	X	517432452
404836402	56089759	52	M	1	0	X	517506676
404836403	56089759	16	F	1	2	450091631	X
404836439	56094071	16	F	1	2	450097562	X
404836471	56089203	52	M	1	0	X	517506693
404836480	56092059	52	M	1	0	X	517506569
404836481	56092059	16	F	1	2	450091631	X
404836482	56092059	51	F	1	1	X	517506451
404836504	56089579	52	M	1	0	X	517506451
404836506	56089579	51	F	1	1	X	517508002
404836559	56093902	16	F	1	2	450097560	X
404836560	56093902	51	F	1	1	X	517423669
404836592	56090849	16	F	1	2	450091631	X
404836593	56090849	51	F	1	1	X	517506451
404836597	56089750	52	M	1	0	X	517663328
404836598	56089750	16	F	1	2	450091631	X
404836609	56094300	52	M	1	0	X	517423593
404836610	56094300	16	F	1	2	450097562	X
404836611	56094300	51	F	1	1	X	517423669
404836615	56088792	52	M	1	0	X	517507331
404836617	56088792	51	F	1	1	X	517506451
404836621	56091456	52	M	1	0	X	517506451
404836648	56094304	52	M	1	0	X	517423759
404836650	56094304	51	F	1	1	X	517423723
404836670	56091283	16	F	1	2	450091631	X
404836671	56091283	51	F	1	1	X	517506451
404836699	56090312	52	M	1	0	X	517506720
404836701	56090312	51	F	1	1	X	517506708
405047878	56093870	24	M	1	0	X	517423739
405047917	56093871	24	M	1	0	X	517423759
405047931	56094469	24	M	1	0	X	517423536
405077736	56088415	14	F	1	12	450093610	X
405077737	56088415	34	F	1	10	X	517507475
405198570	56090980	63	F	1	0	X	517507179
405198583	56092892	58	M	1	1	X	517432301
405198584	56092892	63	F	1	0	X	517432368
405245358	56092320	31	M	1	1	X	517506319
405245359	56092320	10	F	1	2	450101788	X
405358680	56089024	74	M	1	0	X	X
405358684	56092027	74	M	1	0	X	X
405358685	56094661	71	F	1	1	X	X
405358687	56094138	71	F	1	1	X	X
405358688	56094138	74	M	1	0	X	X
405403151	56090805	12	F	1	2	450101788	X
405403153	56090805	6	F	1	2	450088468	X
405770133	56094211	43	F	1	2	X	X
405770140	56089080	67	F	1	0	X	X
405770149	56087987	67	F	1	0	X	X
405770150	56087987	45	F	1	2	X	X
405770157	56088173	43	F	1	2	X	X
405770167	56089876	67	F	1	0	X	X
405770168	56089876	45	F	1	2	X	X
405770173	56091368	67	F	1	0	X	X
405770174	56091368	45	F	1	2	X	X
405770190	56089196	43	F	1	2	X	X
405770191	56089196	67	F	1	0	X	X
405936611	56093954	25	M	1	0	X	517423593
405945610	56088305	36	F	1	0	X	517506676
405945616	56093932	36	F	1	0	X	517423718
406090620	56090575	57	F	1	1	X	X
406090621	56090575	57	M	1	0	X	517506451
406090622	56090698	57	F	1	1	X	X
406090627	56091523	57	M	1	0	X	517506251
406090638	56090263	57	F	1	1	X	X
406090639	56090263	57	M	1	0	X	517507961
406090646	56090279	57	F	1	1	X	X
406090647	56090279	57	M	1	0	X	517508364
406090650	56089377	57	F	1	1	X	X
406490760	56088420	3	F	1	2	X	X
406490762	56088420	7	M	1	2	450093610	X
406490766	56090976	3	F	1	2	X	X
406490769	56090976	5	M	1	2	450066968	X
406490770	56090976	31	M	1	0	X	517506451
406490771	56090976	29	F	1	1	X	X
406490802	56090494	3	F	1	2	X	X
406490804	56090494	7	M	1	2	450088468	X
406490816	56091975	7	M	1	2	450088468	X
406490817	56091975	5	M	1	2	450066968	X
406490818	56091975	31	M	1	0	X	517506451
406490819	56091975	29	F	1	1	X	X
406490856	56091316	3	F	1	2	X	X
406490857	56091316	1	F	1	2	X	X
406490858	56091316	7	M	1	2	450088468	X
406490861	56091316	29	F	1	1	X	X
406714585	56088337	32	F	1	1	X	517506251
406714586	56088337	4	F	1	2	450066968	X
407020693	56091402	15	M	1	2	450091631	X
407020703	56089736	15	M	1	2	450091631	X
407020704	56089736	9	M	1	2	450093610	X
407020705	56089736	40	F	1	1	X	517506655
407020707	56089736	12	M	1	2	450093610	X
407020745	56093393	40	F	1	1	X	517423597
407020746	56093393	42	M	1	0	X	517423589
407020747	56093393	12	M	1	2	450097563	X
407220422	56093592	65	M	1	0	X	X
407231417	56091423	62	F	1	3	X	517506451
407248314	56091642	57	F	1	0	X	517506451
407542355	56092488	28	M	9	0	X	X
407545150	56088325	55	F	1	1	X	X
407545151	56088325	55	M	1	0	X	517506255
407742905	56088397	58	F	1	0	X	X
407768103	56089205	52	F	1	1	X	517508311
407856667	56087837	15	F	1	2	450091631	X
407856671	56087837	39	F	1	0	X	517506651
407856684	56090390	11	F	1	2	450093610	X
407856685	56090390	43	M	1	1	X	517506741
407856686	56090390	39	F	1	0	X	517508470
407856723	56088657	6	M	1	2	450093610	X
407856725	56088657	43	M	1	1	X	517506674
407856726	56088657	39	F	1	0	X	517506741
407856732	56091691	15	F	1	2	450091631	X
407856733	56091691	6	M	1	2	450101788	X
407856734	56091691	11	F	1	2	450101788	X
407856736	56091691	39	F	1	0	X	517506451
407898744	56088812	51	M	1	0	X	517506725
407898745	56088812	52	F	1	1	X	517506703
407989299	56089483	72	F	1	1	X	X
407989300	56089483	78	M	1	0	X	X
408051706	56090233	46	F	1	6	X	X
408051707	56090233	67	F	1	0	X	X
408051750	56091214	44	M	1	2	X	X
408051751	56091214	46	F	1	6	X	X
408051753	56093062	44	M	1	2	X	X
408051768	56090320	44	M	1	2	X	X
408284901	56091690	52	M	1	0	X	517423669
408931310	56093297	61	M	1	0	X	517423599
408987864	56088515	45	F	1	0	X	517508623
408987883	56088928	45	F	1	0	X	517508216
408987886	56093812	45	F	1	0	X	517423528
408987890	56093829	45	F	1	0	X	517423536
409335507	56090933	60	M	1	0	X	517506451
409855055	56094147	52	F	1	0	X	517423759
409855056	56094147	52	M	1	10	X	517423536
409855095	56089494	52	F	1	0	X	517507220
410675468	56092003	50	M	1	0	X	517423562
410899838	56093381	60	F	1	0	X	517423524
410899848	56090361	60	F	1	0	X	517506682
410936606	56089630	16	F	1	7	450091631	X
410936607	56089630	56	M	1	1	X	517506556
410936608	56089630	55	F	1	0	X	X
410936613	56092019	56	M	1	1	X	517506451
410936624	56092893	16	F	1	7	450097562	X
410936631	56088290	56	M	1	1	X	517506451
410936632	56088290	55	F	1	0	X	X
410936636	56088987	16	F	1	7	450091631	X
410936638	56088987	55	F	1	0	X	X
411122706	56092327	59	M	1	0	X	X
411122707	56092327	55	F	1	1	X	517506451
411294796	56091287	87	F	1	1	X	X
411294806	56090565	87	F	1	1	X	X
411315896	56088929	50	M	1	0	X	517506555
411315917	56089495	50	M	1	0	X	517508364
411315918	56089495	47	F	1	1	X	X
411315919	56089495	14	M	1	2	450091631	X
411396479	56094582	49	M	1	0	X	517423759
411396504	56092957	51	F	1	10	X	517432279
411527950	56090749	72	M	1	0	X	517506384
411576268	56090378	47	F	1	10	X	X
411576269	56088138	49	M	1	0	X	517507928
411576270	56088138	47	F	1	10	X	X
411576271	56092691	49	M	1	0	X	517432452
411576272	56092691	47	F	1	10	X	X
411576278	56094438	47	F	1	10	X	X
411715596	56089230	56	F	1	1	X	517508520
411715620	56094521	56	F	1	1	X	517423822
412232076	56088613	23	F	1	2	X	517508499
412232110	56089398	44	M	1	0	X	517508002
412232112	56089398	23	F	1	2	X	517506868
412232113	56089398	44	F	1	1	X	517508119
412232116	56090057	23	F	1	2	X	517508110
412248817	56091948	26	M	1	0	X	517506755
412248819	56094111	26	M	1	0	X	517423723
412248821	56091514	26	M	1	0	X	517506451
412248836	56094108	26	M	1	0	X	517423740
412248853	56094558	26	M	1	0	X	517423669
412248862	56090017	26	M	1	0	X	517507236
412276484	56090133	50	F	1	0	X	517506451
412276485	56090133	57	M	1	1	X	517506730
412276493	56092759	57	M	1	1	X	517432352
412276500	56088957	50	F	1	0	X	517508842
412276505	56089029	57	M	1	1	X	517506451
412387110	56088616	30	F	1	10	X	517506451
412387124	56089253	30	F	1	10	X	517506676
412387127	56088247	39	M	1	0	X	517506451
412387164	56090412	30	F	1	10	X	517508002
412623799	56090826	55	F	1	0	X	517506238
412623816	56089772	61	M	1	10	X	517507439
412623825	56092333	55	F	1	0	X	517506396
412623826	56092333	61	M	1	10	X	517507234
412628564	56091320	69	F	1	0	X	517423759
412628567	56091320	28	M	1	5	X	X
412628568	56091320	74	M	1	1	X	X
412628580	56091901	25	F	9	8	X	X
412628581	56091901	4	M	9	8	X	X
412628583	56091901	74	M	1	1	X	X
412628606	56088697	4	M	9	8	X	X
412628608	56088697	74	M	1	1	X	X
412628624	56089497	69	F	1	0	X	517506284
412628626	56089497	4	M	9	8	X	X
412628627	56089497	28	M	1	5	X	X
412628628	56089497	74	M	1	1	X	X
412628634	56091282	69	F	1	0	X	517506232
412628635	56091282	25	F	9	8	X	X
412628636	56091282	4	M	9	8	X	X
412628637	56091282	28	M	1	5	X	X
412628638	56091282	74	M	1	1	X	X
413076116	56092816	62	F	1	1	X	517432369
413076143	56093481	56	M	1	0	X	517423629
413096209	56089265	27	M	1	0	X	517507185
413231814	56089906	50	F	1	1	X	X
413231815	56089906	67	M	1	0	X	517506286
413231831	56090211	67	M	1	0	X	517508096
413231832	56089384	50	F	1	1	X	X
413231834	56093119	50	F	1	1	X	X
413231835	56093119	67	M	1	0	X	517432368
413231850	56091680	50	F	1	1	X	X
413231851	56091680	67	M	1	0	X	517506451
413231853	56088339	67	M	1	0	X	517506451
413993337	56091888	27	M	1	1	X	517506425
414168110	56093517	64	M	1	0	X	517423832
414168124	56092304	64	M	1	0	X	517506451
414168143	56091526	56	F	1	1	X	517376519
414713857	56087815	82	F	1	1	X	X
414827873	56088241	59	M	1	0	X	517506380
414917446	56088071	50	M	1	0	X	X
414917447	56088071	3	F	1	5	X	X
415000516	56092082	34	M	1	0	X	517506451
415000517	56092082	32	F	1	1	X	517423536
415115910	56088907	56	F	1	1	X	517507196
415115911	56088907	72	M	1	0	X	517507458
415115938	56092496	56	F	1	1	X	517432483
415536298	56089661	62	M	1	0	X	517507867
415536313	56091323	62	M	1	0	X	517506451
415536330	56088238	62	M	1	0	X	517506380
415627561	56092480	78	M	1	6	X	X
415627562	56092480	46	F	1	0	X	X
415627565	56093891	78	M	1	6	X	X
415627567	56093891	44	M	1	1	X	517423614
415627568	56093891	13	M	1	2	450097563	X
415627582	56088747	46	F	1	0	X	X
415627584	56088747	13	M	1	2	450093610	X
415627604	56089468	13	M	1	2	450093610	X
415627617	56090605	78	M	1	6	X	X
415627618	56090605	46	F	1	0	X	X
415627620	56090605	13	M	1	2	450101788	X
415627625	56092806	78	M	1	6	X	X
415627626	56092806	46	F	1	0	X	X
415627627	56092806	44	M	1	1	X	517423599
415627628	56092806	13	M	1	2	450091630	X
415627630	56090584	46	F	1	0	X	X
415627631	56090584	44	M	1	1	X	517506451
415627632	56090584	13	M	1	2	450101788	X
415627634	56092284	46	F	1	0	X	X
415627661	56090453	78	M	1	6	X	X
415627662	56090453	46	F	1	0	X	X
415627663	56090453	44	M	1	1	X	517506562
415925759	56090959	48	M	1	9	X	X
415925769	56089656	48	M	1	9	X	X
415925770	56089656	52	F	1	0	X	X
416060759	56094126	60	F	1	0	X	517423528
416105792	56093611	0	F	9	2	X	X
416222333	56088959	35	M	1	1	X	517506741
416222334	56088959	5	M	1	2	450088468	X
416222335	56088959	34	F	1	0	X	517508428
416222345	56091464	35	M	1	1	X	517506451
416222347	56091464	34	F	1	0	X	517506319
416222348	56091464	13	M	1	2	450101788	X
416241468	56094255	21	F	1	1	X	X
416241486	56092478	21	F	1	1	X	X
416241488	56088056	21	F	1	1	X	X
416241489	56088056	26	M	1	0	X	517508802
416241496	56094238	21	F	1	1	X	X
416266407	56089803	52	F	9	0	X	X
416266415	56092963	52	F	9	0	X	X
416366437	56090150	53	M	1	2	X	517508002
416366464	56093271	53	M	1	2	X	517423536
416366466	56093271	77	F	1	0	X	X
416366490	56093467	77	F	1	0	X	X
416418369	56091331	29	F	1	10	X	517506451
416631268	56091403	10	M	1	2	450088468	X
416631270	56091403	35	F	1	0	X	X
416631273	56090260	10	M	1	2	450093610	X
416631274	56090260	6	M	1	2	450088468	X
416631275	56090260	35	F	1	0	X	X
416631289	56092654	6	M	1	2	450097561	X
416631292	56092654	8	F	1	2	450097561	X
416631335	56088945	35	F	1	0	X	X
416631336	56088945	43	M	1	1	X	517506741
416631337	56088945	8	F	1	2	450093610	X
416631388	56088443	10	M	1	2	450093610	X
416631389	56088443	6	M	1	2	450088468	X
416631392	56088443	8	F	1	2	450093610	X
416750760	56093991	27	F	1	10	X	517423669
416750824	56091693	27	F	1	10	X	517506451
416961494	56090861	33	F	1	1	X	X
416961495	56090861	5	M	1	2	450066968	X
417051865	56093887	49	M	1	0	X	517423536
417051866	56093887	46	F	1	1	X	517423728
417051877	56093213	49	M	1	0	X	517432368
417051878	56093213	46	F	1	1	X	517410323
417051880	56093379	46	F	1	1	X	517423593
417051884	56093575	46	F	1	1	X	517423593
417051889	56092810	49	M	1	0	X	517432368
417051890	56092810	46	F	1	1	X	517432368
417051897	56093670	49	M	1	0	X	517423593
417051898	56093670	46	F	1	1	X	517423743
417130813	56089654	92	F	1	0	X	X
417130821	56089725	92	F	1	0	X	X
417222162	56089054	57	F	1	1	X	517506712
417222163	56089054	57	M	1	0	X	517506451
417222185	56093449	57	M	1	0	X	517423669
417253974	56092535	3	M	1	2	X	X
417253976	56092535	31	M	1	1	X	517423624
417253977	56092535	5	F	1	2	450094430	X
417526772	56094283	18	M	1	2	X	517416308
417526812	56094319	44	F	1	0	X	517423669
417526823	56094221	18	M	1	2	X	517423839
417599688	56089030	14	M	1	2	450091631	X
417696324	56089925	77	F	1	0	X	X
417696327	56091413	80	M	1	1	X	517506451
417696330	56093263	77	F	1	0	X	X
417696331	56093263	80	M	1	1	X	517423694
417696339	56092996	80	M	1	1	X	517432302
417696344	56090966	77	F	1	0	X	X
417696345	56090966	80	M	1	1	X	517506451
417696356	56090754	77	F	1	0	X	X
417696357	56090754	80	M	1	1	X	517506451
417696360	56090759	77	F	1	0	X	X
417696361	56090759	80	M	1	1	X	517506451
417970129	56090074	19	M	1	2	X	517507197
417970130	56090074	24	M	1	2	X	517508436
417970131	56090074	45	F	1	1	X	X
417970153	56090430	19	M	1	2	X	517506676
417970156	56090430	49	M	1	0	X	517506451
417970157	56091772	19	M	1	2	X	517506380
417970160	56091772	49	M	1	0	X	517423714
418043180	56090034	57	F	1	0	X	517508834
418095291	56091697	57	M	1	0	X	X
418095292	56094341	60	F	1	1	X	X
418095326	56093025	60	F	1	1	X	X
418095327	56093025	57	M	1	0	X	X
418095339	56089542	57	M	1	0	X	X
418095350	56094635	60	F	1	1	X	X
418095356	56088797	60	F	1	1	X	X
418095357	56088797	57	M	1	0	X	X
418095383	56091671	57	M	1	0	X	X
418095394	56090639	60	F	1	1	X	X
418095396	56093771	60	F	1	1	X	X
418095397	56093771	57	M	1	0	X	X
418095402	56093236	60	F	1	1	X	X
418095403	56093236	57	M	1	0	X	X
418147206	56092728	69	M	1	1	X	X
418147207	56092728	70	F	1	0	X	X
418147227	56091195	70	F	1	0	X	X
418147229	56092355	70	F	1	0	X	X
418147236	56092274	69	M	1	1	X	X
418147237	56092274	70	F	1	0	X	X
418147242	56090757	69	M	1	1	X	X
418147243	56090757	70	F	1	0	X	X
418147267	56090224	70	F	1	0	X	X
418147278	56088099	69	M	1	1	X	X
418147279	56088099	70	F	1	0	X	X
418353891	56090073	5	M	1	2	450088468	X
418353893	56090073	33	F	1	0	X	517508559
418353896	56092128	5	M	1	2	450088468	X
418353897	56092128	11	M	1	2	450101788	X
418353899	56092128	33	M	1	1	X	517506238
418353900	56092128	5	F	1	2	450088468	X
418353938	56093718	33	F	1	0	X	517423669
418353939	56093718	33	M	1	1	X	517423650
418353940	56093718	5	F	1	2	450097561	X
418414431	56088385	52	M	1	0	X	517508866
418470371	56088686	47	F	1	1	X	X
418470375	56090318	47	F	1	1	X	X
418543310	56087825	54	F	1	0	X	517508740
418578324	56087856	69	M	1	0	X	X
418839437	56088008	31	F	8	1	X	517506451
418839452	56090368	42	M	1	0	X	517507293
418839464	56091194	42	M	1	0	X	506926695
418839487	56094437	31	F	8	1	X	517423714
418839506	56092372	42	M	1	0	X	517506396
418839516	56091167	42	M	1	0	X	517507233
419121503	56088243	12	F	1	2	450093610	X
419121505	56090427	41	F	1	0	X	X
419121507	56090427	37	M	1	1	X	517507374
419121529	56091851	41	F	1	0	X	X
419121530	56091851	12	F	1	2	450101788	X
419121562	56094588	41	F	1	0	X	X
419121563	56094588	12	F	1	2	450097563	X
419121564	56094588	37	M	1	1	X	517423593
419233936	56088517	57	F	1	0	X	517508426
419233943	56094458	17	F	1	2	450097562	X
419233951	56088614	17	F	1	2	450091631	X
419233983	56089939	17	F	1	2	450091631	X
419233984	56089939	57	F	1	0	X	517506869
419233987	56090107	17	F	1	2	450091631	X
419233988	56090107	57	F	1	0	X	517507212
419324525	56091269	30	M	1	0	X	517506238
419324528	56089337	30	M	1	0	X	517508499
419324539	56093226	30	M	1	0	X	517423615
419326692	56089795	2	M	1	5	X	X
419326693	56089795	28	F	1	2	X	517506451
419326694	56089795	54	M	1	1	X	517507696
419370801	56093174	48	F	1	1	X	X
419380393	56093936	16	M	1	2	450097562	X
419380394	56093936	35	F	1	1	X	517423644
419380395	56093936	41	M	1	0	X	517423634
419380396	56093936	14	F	1	2	450097562	X
419380430	56092231	35	F	1	1	X	517507220
419380431	56092231	41	M	1	0	X	517506451
419380433	56092231	16	F	1	2	450091631	X
419380434	56092231	17	F	1	2	450091631	X
419380468	56089158	14	F	1	2	450091631	X
419380469	56089158	16	F	1	2	450091631	X
419380487	56093237	16	F	1	2	450097562	X
419380488	56093237	17	F	1	2	450097562	X
419380496	56092207	35	F	1	1	X	517506314
419380497	56092207	41	M	1	0	X	517506451
419380498	56092207	14	F	1	2	450091631	X
419380507	56092038	16	M	1	2	450091631	X
419380508	56092038	35	F	1	1	X	517506234
419380512	56092038	17	F	1	2	450091631	X
419408888	56093056	50	M	1	0	X	517432337
419408908	56089496	50	M	1	0	X	517508497
419408912	56093129	50	M	1	0	X	517432276
419523219	56090457	64	M	1	0	X	X
419523231	56088826	64	M	1	0	X	X
419523235	56090038	64	M	1	0	X	X
419523242	56092961	61	F	1	1	X	X
419523246	56091709	61	F	1	1	X	X
419523247	56091709	64	M	1	0	X	X
419523252	56094575	61	F	1	1	X	X
419523272	56094236	61	F	1	1	X	X
419523293	56090672	64	M	1	0	X	X
419523299	56090701	64	M	1	0	X	X
419523300	56092889	61	F	1	1	X	X
419523301	56092889	64	M	1	0	X	X
419523302	56090016	61	F	1	1	X	X
419552304	56088777	82	M	1	0	X	X
419552309	56092581	82	F	1	1	X	X
419552310	56092581	82	M	1	0	X	X
419552322	56089881	82	M	1	0	X	X
124213788	56090080	49	F	1	1	X	517508804
124213789	56090080	17	M	1	2	450091631	X
124213790	56090080	50	M	1	0	X	517507614
124262440	56091936	4	F	1	2	450066968	X
124262441	56091936	29	M	1	1	X	517506451
124262442	56091936	27	F	1	0	X	517662850
124262475	56094322	27	F	1	0	X	517423709
124299490	56094295	50	M	1	1	X	517423759
124299509	56094639	51	F	1	0	X	517414220
124299515	56089588	51	F	1	0	X	517506471
124299516	56089588	50	M	1	1	X	517507436
124309640	56092415	54	M	1	0	X	517506451
124309641	56092415	54	F	1	1	X	X
124358817	56091050	92	F	1	0	X	X
124419792	56092067	69	M	1	0	X	517506451
124477705	56092236	35	M	1	0	X	517506451
124477708	56091780	35	M	1	0	X	517506451
124477710	56089828	35	M	1	0	X	517507211
124477715	56093664	35	M	1	0	X	517423564
124477716	56088841	35	M	1	0	X	517507770
124477721	56088704	35	M	1	0	X	517508719
124531322	56089397	45	M	1	0	X	517506475
124531323	56089397	20	M	1	2	X	517506713
124556099	56091031	59	F	1	0	X	517506451
124556100	56091031	62	M	1	1	X	X
124556101	56090117	59	F	1	0	X	517508065
124785821	56088329	14	M	1	2	450093610	X
124894875	56089310	60	F	1	1	X	X
124894876	56089310	1	M	1	5	X	X
124894877	56089310	2	F	1	5	X	X
124894911	56093380	60	F	1	1	X	X
124894912	56093380	1	M	1	5	X	X
124894913	56093380	2	F	1	5	X	X
124894941	56092283	60	F	1	1	X	X
124894942	56092283	1	M	1	5	X	X
124894943	56092283	2	F	1	5	X	X
124894944	56092283	61	M	1	0	X	517506422
124894967	56093307	2	F	1	5	X	X
124894968	56093307	61	M	1	0	X	517423575
124922288	56092099	66	F	1	0	X	X
124922295	56092563	66	F	1	0	X	X
124922296	56092585	66	F	1	0	X	X
124922300	56093432	66	F	1	0	X	X
124922332	56092788	66	F	1	0	X	X
125132735	56093420	56	M	1	0	X	517423669
125132744	56094231	56	M	1	0	X	517423664
125274683	56093854	24	F	1	0	X	517423723
125274685	56093598	24	F	1	0	X	517423759
125588120	56092652	13	M	1	2	450097563	X
125960259	56093421	42	F	1	0	X	517423669
126110371	56088350	78	F	1	0	X	X
126355806	56092709	8	F	1	2	450097561	X
126355807	56092709	29	F	1	10	X	517432484
126355818	56094112	8	F	1	2	450097561	X
126355819	56094112	29	F	1	10	X	517423728
126355844	56092013	28	M	1	0	X	517662850
126355862	56092024	28	M	1	0	X	517506451
126355871	56088605	28	M	1	0	X	517507928
126355873	56088605	29	F	1	10	X	517507582
126355901	56091720	28	M	1	0	X	517506749
126355902	56091720	8	F	1	2	450088468	X
126355903	56091720	29	F	1	10	X	517506451
126711640	56092772	6	M	1	2	450097561	X
126711641	56092772	44	F	1	0	X	517423753
126711642	56092772	15	M	1	2	450097560	X
126711643	56092772	15	F	1	2	450097560	X
126711644	56092772	17	M	1	2	450097560	517432279
126711646	56092772	19	F	1	2	X	517432364
126711647	56094627	6	M	1	2	450097561	X
126711648	56094627	44	F	1	0	X	517423628
126711649	56094627	15	M	1	2	450097562	X
126711652	56094627	11	M	1	2	450097563	X
126711653	56094627	19	F	1	2	X	517423610
126711668	56092206	6	M	1	2	450101788	X
126711669	56092206	44	F	1	0	X	517506633
126711671	56092206	15	F	1	2	450091631	X
126711672	56092206	17	M	1	2	450091631	517506451
126711673	56092206	11	M	1	2	450101788	X
126711674	56092206	19	F	1	2	X	517506451
126716825	56093918	2	M	1	5	X	X
126716826	56093918	0	F	1	5	X	X
127171620	56092591	4	M	1	2	450094430	X
127171621	56092591	3	M	1	2	450094430	X
127171639	56092144	8	M	1	2	450101788	X
127171642	56092144	30	M	1	0	X	517506451
127386458	56092662	65	M	1	1	X	517410307
127386459	56093385	61	F	1	0	X	X
127529791	56092230	24	M	1	5	X	X
127529792	56092230	69	M	1	1	X	X
127529821	56089520	24	M	1	5	X	X
127733525	56094118	68	M	1	0	X	X
127733532	56092670	66	F	1	1	X	X
127798572	56087816	56	M	8	1	X	517508063
127798589	56091427	54	F	1	0	X	X
127812068	56090234	50	M	1	0	X	X
127812088	56089873	50	M	1	0	X	X
128386686	56090377	50	M	1	0	X	517506676
128386708	56092127	47	F	1	1	X	X
128386710	56092127	50	M	1	0	X	517423821
128386783	56092635	47	F	1	1	X	X
128386784	56092635	11	M	1	2	450097563	X
128386785	56092635	50	M	1	0	X	517432363
128386803	56090674	50	M	1	0	X	517506451
128398676	56088354	73	M	1	0	X	X
128398684	56087878	73	M	1	0	X	X
128482873	56089510	9	F	1	2	450088468	X
128482874	56089510	7	M	1	2	450088468	X
128482877	56089510	36	M	1	0	X	517506864
128482883	56088118	9	F	1	2	450093610	X
128482886	56088118	31	F	1	1	X	517506675
128482889	56091131	7	M	1	2	450088468	X
128482890	56091131	10	F	1	2	450101788	X
128482891	56091131	31	F	1	1	X	517506451
128482892	56091131	36	M	1	0	X	517506451
128482893	56088368	9	F	1	2	450093610	X
128482895	56088368	10	F	1	2	450093610	X
128487969	56090542	92	F	1	0	X	X
128487974	56093411	92	F	1	0	X	X
128488271	56090900	13	M	1	5	450101788	X
128488301	56092056	13	M	1	5	450101788	X
128488303	56092056	56	M	1	1	X	517506451
128488309	56089811	51	F	1	0	X	517507958
128488310	56089811	2	F	1	5	X	X
128488311	56089811	13	M	1	5	450093610	X
128488312	56089811	16	M	1	2	450091631	517506485
128488313	56089811	56	M	1	1	X	517506741
128488411	56090714	13	M	1	5	450101788	X
128488412	56090714	16	M	1	2	450091631	517506451
128488413	56090714	56	M	1	1	X	517506451
128488434	56090037	51	F	1	0	X	517662850
128488436	56090037	13	M	1	5	450093610	X
128488450	56093059	2	F	1	5	X	X
128488453	56093059	56	M	1	1	X	517432351
128488455	56092487	2	F	1	5	X	X
128488456	56092487	13	M	1	5	450091631	X
128488457	56092487	16	M	1	2	450091631	517432302
128488458	56092487	56	M	1	1	X	517432305
128488580	56090497	2	F	1	5	X	X
128488581	56090497	13	M	1	5	450101788	X
128488582	56090497	16	M	1	2	450091631	517506451
128488585	56090587	2	F	1	5	X	X
128488587	56090587	16	M	1	2	450091631	517506451
128488588	56090587	56	M	1	1	X	517506451
128488590	56090792	2	F	1	5	X	X
128488591	56090792	13	M	1	5	450101788	X
128488592	56090792	16	M	1	2	450091631	517506451
128488593	56090792	56	M	1	1	X	517506382
128488595	56090843	2	F	1	5	X	X
128488660	56090656	2	F	1	5	X	X
128488662	56090656	16	M	1	2	450091631	517506451
128488664	56090560	51	F	1	0	X	517506300
128488665	56090560	2	F	1	5	X	X
128488667	56090560	16	M	1	2	450091631	517506317
128488668	56090560	56	M	1	1	X	517506451
128488733	56090853	56	M	1	1	X	517423536
128488761	56093197	13	M	1	5	450097563	X
128488762	56093197	16	M	1	2	450097562	517423779
128488765	56089353	2	F	1	5	X	X
128488766	56089353	13	M	1	5	450093610	X
128488767	56089353	16	M	1	2	450091631	517508727
128546448	56089461	24	M	1	0	X	517507410
129049426	56089799	48	F	1	1	X	517506422
129049428	56089799	14	F	1	2	450093610	X
129049440	56088912	21	M	1	2	X	517507220
129049463	56089358	14	F	1	2	450093610	X
129049464	56089358	18	M	1	2	450091631	X
129049465	56089358	21	M	1	2	X	517508103
129049483	56090290	14	F	1	2	450093610	X
129112297	56087908	9	F	1	2	450093610	X
129112310	56094466	6	F	1	2	450097561	X
129221841	56089909	12	M	1	2	450093610	X
129221842	56089909	16	M	1	2	450091631	517506639
129221895	56092232	48	F	1	0	X	517506451
129221896	56092232	12	M	1	2	450101788	X
129221939	56093826	48	M	1	1	X	517423759
129221941	56093826	12	M	1	2	450097563	X
129221943	56093826	19	M	1	2	X	517423743
129221963	56089841	19	M	1	2	X	517507474
129327030	56092856	72	F	1	0	X	X
129327034	56094560	72	F	1	0	X	X
129327043	56090382	78	M	1	1	X	X
129677801	56093615	35	F	1	1	X	517423593
129677802	56093615	7	F	1	2	450097561	X
129677804	56093615	11	M	1	2	450097563	X
129677805	56093615	34	M	1	0	X	517423669
129677806	56093615	3	F	1	2	X	X
129677909	56094519	35	F	1	1	X	517423599
129677911	56094519	10	F	1	2	450097563	X
129677912	56094519	11	M	1	2	450097563	X
129677913	56094519	34	M	1	0	X	517423536
129677989	56093528	10	F	1	2	450097563	X
129677990	56093528	11	M	1	2	450097563	X
129677991	56093528	34	M	1	0	X	517423723
129677993	56093291	35	F	1	1	X	517423593
129677994	56093291	7	F	1	2	450097561	X
129677997	56093291	34	M	1	0	X	517423716
129678006	56093515	7	F	1	2	450097561	X
129678008	56093515	11	M	1	2	450097563	X
129678009	56093515	34	M	1	0	X	517423593
129678017	56094130	35	F	1	1	X	517423563
129678019	56094130	10	F	1	2	450097563	X
129678020	56094130	11	M	1	2	450097563	X
129678022	56094130	3	F	1	2	X	X
129703499	56093324	7	M	1	2	450097561	X
129703502	56093324	4	M	1	2	450094430	X
129703503	56093324	36	F	1	1	X	517423817
129703537	56088852	4	M	1	2	450094430	X
129745607	56091099	2	F	1	2	X	X
129749621	56089367	27	F	8	2	X	X
129749622	56089367	6	M	8	5	450088468	X
129749625	56089367	64	M	8	0	X	517508397
129749627	56089486	6	M	8	5	450088468	X
129749629	56089486	25	M	8	2	X	X
129749630	56089486	64	M	8	0	X	517506708
129749636	56089669	27	F	8	2	X	X
129749639	56089669	25	M	8	2	X	X
129749640	56089669	64	M	8	0	X	517506639
129824186	56089755	79	M	1	0	X	X
129824194	56094385	79	M	1	0	X	X
130345798	56091197	22	F	1	0	X	517506238
130346551	56091135	43	M	1	0	X	517506760
130633323	56091110	62	M	1	1	X	X
130633324	56091110	66	F	1	0	X	X
130673748	56088664	1	M	1	2	X	X
131271634	56090548	58	F	1	0	X	517506228
131271636	56090548	34	M	1	2	X	517663171
131271687	56088850	4	M	1	5	450094430	X
131271688	56088850	34	M	1	2	X	517507175
131984853	56090345	61	M	1	0	X	517507220
131984858	56091338	61	M	1	0	X	517506767
132010502	56093586	62	F	1	1	X	X
132010503	56093586	40	F	1	2	X	517423821
132031807	56093748	46	F	9	1	X	517423842
132031809	56093748	2	M	9	5	X	X
132031810	56093748	5	M	9	5	450097561	X
132031832	56093370	28	M	1	6	X	517423759
132031834	56093370	5	M	9	5	450097561	X
132031835	56093370	26	F	9	2	X	X
132031848	56090535	51	M	1	0	X	517506880
132031971	56090758	2	M	9	5	X	X
132031972	56090758	5	M	9	5	450088468	X
132031973	56090758	26	F	9	2	X	X
132031974	56090758	51	M	1	0	X	517506451
132196363	56093103	15	F	1	2	450097562	X
132203294	56091634	31	F	1	0	X	517506451
132203295	56091634	11	M	1	2	X	X
132203296	56091634	13	F	1	2	450101788	X
132203322	56088284	35	M	1	1	X	517506730
132203334	56088436	31	F	1	0	X	517507580
132203336	56088436	13	F	1	2	450093610	X
132203337	56088436	35	M	1	1	X	517507372
132349973	56091410	54	M	1	1	X	517506332
132349979	56088356	54	M	1	1	X	517508128
132349987	56092895	54	M	1	1	X	517391152
132349991	56092830	54	M	1	1	X	517432451
132349992	56092830	53	F	1	0	X	X
132349995	56088895	54	M	1	1	X	517506741
132349996	56088895	53	F	1	0	X	X
132584147	56089740	86	F	1	0	X	X
132584155	56094270	86	F	1	0	X	X
132596632	56091963	37	M	1	0	X	517506373
132666324	56093364	34	M	1	0	X	517423749
132666327	56088317	34	M	1	0	X	517508757
132698390	56088294	15	F	1	2	450091631	X
132698391	56088294	43	M	1	0	X	517508047
132698396	56093510	42	F	1	1	X	517423759
132698398	56093510	15	F	1	2	450097562	X
132731386	56089715	48	F	1	0	X	X
132731393	56093958	9	M	1	5	450097561	X
132731415	56088724	9	M	1	5	450093610	X
132767409	56090170	87	M	1	0	X	X
132859742	56089587	37	M	1	1	X	517507236
132859744	56089587	34	F	1	0	X	517507374
132897083	56093183	68	M	1	1	X	X
132897093	56091755	68	M	1	1	X	X
132897094	56091755	64	F	1	0	X	517506300
132897105	56092468	68	M	1	1	X	X
132897106	56092468	64	F	1	0	X	517506238
132985149	56089191	59	M	1	1	X	517506451
132985150	56089191	54	F	1	0	X	517506741
132985151	56088784	59	M	1	1	X	517507479
132985152	56088784	54	F	1	0	X	517507420
133423663	56089800	64	M	1	0	X	X
133719385	56093439	32	F	1	1	X	517423593
133719396	56094528	7	F	1	2	450097561	X
133719403	56093323	34	M	1	0	X	517423535
133719404	56093323	7	F	1	2	450097561	X
133719405	56093323	32	F	1	1	X	517423536
133927071	56089718	79	M	1	0	X	X
133927072	56089718	80	F	1	1	X	X
133927087	56089743	79	M	1	0	X	X
133927088	56089743	80	F	1	1	X	X
134186505	56089099	55	F	1	0	X	517508002
134186771	56091622	34	M	1	0	X	517506238
134186772	56091622	1	F	1	2	X	X
134186773	56091622	3	F	1	2	450066968	X
134186791	56093373	34	M	1	0	X	517432368
134186792	56093373	1	F	1	2	X	X
134186793	56093373	3	F	1	2	450066968	X
134186826	56088882	34	F	1	1	X	517506451
134186829	56088882	3	F	1	2	450066968	X
134457503	56092404	31	M	1	0	X	517506302
134457504	56092404	30	M	1	7	X	517506451
134457527	56094107	31	M	1	0	X	517423727
134457528	56094107	30	M	1	7	X	517423697
134457541	56090772	31	M	1	0	X	517506451
134457557	56094078	31	M	1	0	X	517423678
134457558	56094078	30	M	1	7	X	517423759
134457569	56088580	31	M	1	0	X	517506556
134457570	56088580	30	M	1	7	X	517506301
134457583	56089849	31	M	1	0	X	517506645
134457584	56089849	30	M	1	7	X	517506718
134628347	56091619	26	F	1	9	X	517506451
134628348	56091619	32	M	1	0	X	506926795
134628349	56091619	32	M	1	9	X	517506451
134628350	56088642	26	F	1	9	X	506983892
134628352	56088642	32	M	1	9	X	517508525
134628458	56093979	26	F	1	9	X	517423593
134628459	56093979	32	M	1	0	X	517423593
134628521	56091639	26	F	1	9	X	517506432
134628522	56091639	32	M	1	0	X	517506354
134628523	56091639	32	M	1	9	X	517506451
135617792	56091538	28	F	1	0	X	517506416
135700282	56091885	36	M	1	9	X	517506451
135700300	56093083	36	M	1	9	X	517432484
135700301	56093083	54	M	1	9	X	517432368
135700316	56090507	54	M	1	9	X	517506451
135706450	56088185	69	M	1	0	X	X
135998916	56094609	24	F	1	0	X	517423694
135998918	56094609	3	F	1	2	X	X
136147698	56091712	35	F	1	1	X	517506451
136147701	56093997	38	M	1	0	X	517423614
136147709	56092014	38	M	1	0	X	517662850
136147716	56088417	35	F	1	1	X	517506705
136147735	56093811	38	M	1	0	X	517423703
136222655	56089114	15	M	1	2	X	X
136222656	56089114	50	F	1	1	X	X
136222657	56089114	22	M	1	2	X	517507431
136222664	56094329	50	F	1	1	X	X
136222708	56093469	50	F	1	1	X	X
136279419	56088811	52	M	1	1	X	517506422
136384568	56090499	47	F	1	0	X	517506238
136525301	56093248	92	M	1	0	X	X
136543968	56090764	86	F	1	4	X	X
136543969	56090764	61	M	1	0	X	517506451
136543974	56092369	86	F	1	4	X	X
136543977	56094058	86	F	1	4	X	X
136543979	56094058	55	F	1	1	X	517423832
136544008	56091919	61	M	1	0	X	517506314
136544014	56089418	61	M	1	0	X	517507462
136544034	56090018	86	F	1	4	X	X
136544035	56090018	61	M	1	0	X	517507608
136544036	56090018	55	F	1	1	X	517506659
136544046	56090306	86	F	1	4	X	X
136544047	56090306	61	M	1	0	X	517508086
136544048	56090306	55	F	1	1	X	517506392
136544066	56088141	55	F	1	1	X	517508056
136833337	56088440	92	F	1	0	X	X
137040012	56094576	52	F	1	0	X	517423593
137040013	56094576	55	M	1	1	X	517423616
137040024	56088749	52	F	1	0	X	517507439
137040025	56088749	55	M	1	1	X	517506490
137040040	56088649	52	F	1	0	X	517508176
137040041	56088649	55	M	1	1	X	517507909
137107322	56093655	41	M	1	0	X	517423759
137107323	56093655	37	F	1	1	X	517423694
137107324	56093655	16	M	1	2	450097562	X
137107325	56093655	14	M	1	2	450097563	X
137107356	56093731	9	F	1	2	450097561	X
137107357	56093731	41	M	1	0	X	517423593
137107358	56093731	37	F	1	1	X	517423669
137107359	56093731	16	M	1	2	450097560	X
137107392	56094470	41	M	1	0	X	517423536
137107393	56094470	37	F	1	1	X	517423593
137107394	56094470	16	M	1	2	450097560	X
137107395	56094470	14	M	1	2	450097563	X
137279281	56090123	36	F	1	1	X	517507476
137876922	56091126	36	M	1	0	X	517506451
137876924	56091126	6	M	1	2	450088468	X
137876926	56091126	36	F	1	1	X	517506451
137876927	56091882	36	M	1	0	X	517506396
137876931	56091882	36	F	1	1	X	517506423
137876933	56091334	3	M	1	2	X	X
137876936	56091334	36	F	1	1	X	517506451
137876948	56090054	3	M	1	2	X	X
137876950	56090054	8	F	1	2	450093610	X
137876951	56090054	36	F	1	1	X	517507425
137876957	56091137	36	M	1	0	X	517506451
137876958	56091137	3	M	1	2	X	X
137876959	56091137	6	M	1	2	450088468	X
137876961	56091137	36	F	1	1	X	517506451
137945279	56093695	63	M	1	0	X	X
138396439	56092349	52	F	1	0	X	517506451
138396445	56088486	52	F	1	0	X	517506700
138396486	56088536	53	M	1	1	X	517506451
138396487	56088536	52	F	1	0	X	517507219
138396532	56087927	53	M	1	1	X	517506708
138396533	56087927	52	F	1	0	X	510785036
138396545	56090809	52	F	1	0	X	517506451
138520798	56090186	22	M	1	8	X	517506451
138520799	56090186	25	F	1	8	X	517506417
138520800	56090186	23	M	1	8	X	517506451
138520870	56089450	22	M	1	8	X	517506872
138520872	56089450	23	M	1	8	X	517507214
138520873	56089450	24	M	1	0	X	517506451
138520877	56089254	24	M	1	0	X	517506557
138619176	56093868	84	F	1	0	X	X
138625856	56089765	75	F	1	0	X	X
138625859	56090347	75	F	1	0	X	X
138625860	56094085	75	F	1	0	X	X
138826742	56092503	74	F	1	0	X	X
138826751	56093157	74	F	1	0	X	X
138826758	56087897	74	F	1	0	X	X
138826772	56088537	74	F	1	0	X	X
138876617	56091904	57	M	1	0	X	517506451
138876621	56091306	57	M	1	0	X	517506451
138952360	56093629	50	F	1	0	X	517423759
138983488	56089519	24	F	1	0	X	517507592
138983489	56089519	30	M	1	1	X	517506872
139000616	56090685	25	F	1	0	X	517507461
139058303	56094434	65	M	1	0	X	X
139058304	56094434	66	F	1	1	X	X
139058305	56088028	65	M	1	0	X	X
139058306	56088028	66	F	1	1	X	X
139196260	56089606	49	M	1	0	X	517508516
139196261	56089606	46	F	1	1	X	517508258
139196330	56090817	53	M	1	0	X	517506232
139196331	56090911	52	F	1	1	X	X
139196332	56090911	9	F	1	2	450066968	X
139196354	56088321	53	M	1	0	X	517506451
139289035	56089463	62	F	1	0	X	X
139289071	56093277	62	F	1	0	X	X
139289072	56093277	68	M	1	1	X	X
139289085	56088589	62	F	1	0	X	X
139729222	56088063	3	F	1	2	450066968	X
139729224	56088063	31	F	1	1	X	517662850
139729237	56094044	3	F	1	2	450066968	X
139729239	56094044	31	F	1	1	X	517423759
139764796	56089818	0	M	1	2	X	X
139857495	56089893	52	F	1	1	X	517507243
139857502	56088059	59	M	1	0	X	517506451
139857505	56090125	52	F	1	1	X	517507236
139857506	56090125	59	M	1	0	X	517506865
139857507	56094634	52	F	1	1	X	517423759
139857508	56094634	59	M	1	0	X	517423694
139928618	56094630	62	M	1	1	X	X
139928619	56094630	51	F	1	0	X	517423643
139928626	56094205	62	M	1	1	X	X
139928650	56093948	62	M	1	1	X	X
139928658	56093831	62	M	1	1	X	X
139928659	56093831	51	F	1	0	X	517423669
139975721	56089805	1	M	1	2	X	X
139975749	56089871	28	F	1	0	X	517507248
140010042	56089868	67	F	1	0	X	X
140010043	56090679	67	F	1	0	X	X
140010050	56087970	67	F	1	0	X	X
140010053	56093064	67	F	1	0	X	X
140319122	56089299	54	F	1	0	X	517663166
140319123	56089299	49	M	1	1	X	517507948
140319133	56090716	49	M	1	1	X	517506321
140319140	56091892	54	F	1	0	X	506146316
140319141	56091892	49	M	1	1	X	517506451
140351629	56091539	34	M	1	1	X	517506238
140351630	56091539	2	M	1	2	X	X
140351631	56091539	29	F	1	0	X	X
140351632	56091539	0	F	1	2	X	X
140402617	56092520	9	M	1	2	450091630	X
140402619	56092520	31	F	1	1	X	517410944
140402647	56088310	31	F	1	1	X	517506558
140437356	56089487	27	M	1	10	X	517506858
140437383	56093843	20	F	1	0	X	517423714
140563229	56087941	65	F	1	0	X	517508358
140563233	56088917	65	F	1	0	X	517508187
140563234	56088917	64	M	1	1	X	517508057
141497482	56094457	72	F	1	0	X	X
141497517	56092354	77	M	1	1	X	X
141497518	56092354	72	F	1	0	X	X
141497519	56093105	77	M	1	1	X	X
141497521	56090863	77	M	1	1	X	X
141497540	56088107	72	F	1	0	X	X
141497544	56094152	72	F	1	0	X	X
141924257	56093787	58	F	1	1	X	517423739
142266328	56091540	60	F	1	1	X	517506451
142353838	56088544	84	M	1	0	X	X
142353879	56091874	84	M	1	0	X	X
142359897	56092186	26	F	1	0	X	X
142359898	56092186	1	M	1	2	X	X
142359900	56092186	30	M	1	1	X	517506451
142437328	56090002	76	F	1	1	X	X
142437329	56090002	79	M	1	0	X	X
142587172	56089790	67	M	1	0	X	517506872
142664624	56089071	9	M	1	2	450093610	X
142664625	56089071	46	M	1	0	X	517506451
142664626	56089071	48	F	1	1	X	517507895
142664642	56090827	9	M	1	2	450088468	X
142664657	56089636	9	M	1	2	450093610	X
142664659	56089636	48	F	1	1	X	517507212
142664671	56088506	48	F	1	1	X	517507178
142664674	56093005	48	F	1	1	X	517432301
142985808	56089482	60	M	1	10	X	X
142985809	56089482	59	M	1	0	X	X
142985811	56087910	59	M	1	0	X	X
143302841	56090892	55	M	1	0	X	517506380
143302842	56090892	53	F	1	1	X	517506233
143302861	56091681	55	M	1	0	X	517506451
143302866	56087906	53	F	1	1	X	517506676
143836069	56094149	25	F	1	0	X	517423571
144014298	56088744	59	F	1	1	X	517508379
144014315	56090747	60	M	1	0	X	517506354
144014333	56091254	60	M	1	0	X	517506451
144014334	56091254	59	F	1	1	X	517506451
144017988	56094141	76	F	1	0	X	X
144018015	56093646	76	F	1	0	X	X
144095923	56090531	41	F	1	2	X	X
144095924	56090531	77	F	1	0	X	X
144451570	56088014	34	M	1	3	X	517507462
144451571	56088014	28	M	1	9	X	517507192
144451583	56088760	28	M	1	9	X	517507236
144451584	56088760	29	M	1	0	X	517506674
144451614	56091244	29	M	1	0	X	517506451
144451633	56093900	34	M	1	3	X	517423536
144451635	56093900	29	M	1	0	X	517423609
144451642	56094624	34	M	1	3	X	517423759
144451651	56091425	34	M	1	3	X	517423759
144451653	56091425	29	M	1	0	X	517506451
144533128	56090726	26	F	1	8	X	517506451
144533129	56090726	27	M	1	8	X	517506451
144533131	56090726	23	F	1	0	X	517506340
144533193	56089439	27	M	1	8	X	517506451
144533209	56093988	27	M	1	8	X	517423593
144533210	56093988	44	F	1	8	X	517423575
144533211	56093988	23	F	1	0	X	517423669
144594118	56092395	52	F	1	6	X	517506451
144594120	56092395	26	F	1	5	X	517506451
144594122	56092395	19	M	1	5	X	517506238
144594133	56089512	52	F	1	6	X	517506451
144594135	56089512	26	F	1	5	X	517506777
144594136	56089512	58	M	1	2	X	517507928
144594137	56089512	19	M	1	5	X	517508713
144594139	56092196	80	F	1	0	X	517506315
144594141	56092196	58	M	1	2	X	517506451
144594149	56092200	80	F	1	0	X	517506639
144594150	56092200	26	F	1	5	X	517506451
144594151	56092200	58	M	1	2	X	517506451
144594158	56088065	52	F	1	6	X	517508623
144594159	56088065	80	F	1	0	X	517507454
144594160	56088065	26	F	1	5	X	517508792
144594161	56088065	58	M	1	2	X	517507715
144594174	56088091	80	F	1	0	X	517508002
144594175	56088091	26	F	1	5	X	517506725
144594183	56090951	52	F	1	6	X	517506451
144767044	56088569	82	F	1	1	X	X
144767048	56094455	82	F	1	1	X	X
144767051	56088529	83	M	1	0	X	X
144767052	56088529	82	F	1	1	X	X
144767060	56090105	82	F	1	1	X	X
145829940	56091066	65	M	1	0	X	X
145829949	56091394	60	F	1	1	X	517506388
146450245	56090676	92	M	1	0	X	X
146513803	56093077	63	M	1	0	X	X
146513805	56092136	63	M	1	0	X	X
146663284	56093786	46	M	1	0	X	517423636
146667963	56094070	25	F	1	1	X	517423609
146667966	56094070	24	M	1	0	X	517423759
146667975	56093774	25	F	1	1	X	517423536
146667978	56093774	24	M	1	0	X	517423694
146684475	56090593	16	M	1	7	450091631	X
146684476	56090593	18	M	1	7	450091631	X
146684478	56090593	16	M	1	2	450091631	X
146684529	56092603	16	M	1	7	450097560	X
146684530	56092603	18	M	1	7	450097560	X
146684532	56092603	16	M	1	2	450097560	X
146921422	56091213	19	F	1	12	X	517506303
146921424	56091213	19	M	1	2	X	506926647
146921426	56091213	8	M	1	12	450088468	X
146921427	56091213	36	F	1	10	X	517506451
146921474	56091108	4	F	1	12	X	X
146921475	56091108	10	M	1	12	450101788	X
146921481	56091108	36	F	1	10	X	517506451
146921483	56088860	4	F	1	12	X	X
146921485	56088860	19	F	1	12	X	517508396
146921487	56088860	19	M	1	2	X	517506451
146921488	56088860	43	M	1	0	X	517507189
146921490	56088860	36	F	1	10	X	517508297
146921491	56088860	16	F	1	2	450091631	517506708
147187084	56092224	6	M	1	2	450088468	X
147187086	56092224	12	M	1	2	450101788	X
147187088	56092224	38	M	1	1	X	517506451
147187089	56092224	37	F	1	0	X	517506451
147187090	56092461	7	F	1	2	450101788	X
147187092	56092461	6	M	1	2	450088468	X
147187098	56091062	7	F	1	2	450088468	X
147187100	56091062	6	M	1	2	450088468	X
147187101	56091062	10	M	1	2	450101788	X
147187102	56091062	12	M	1	2	450101788	X
147187103	56091062	14	M	1	2	450101788	X
147187105	56091062	37	F	1	0	X	517506375
147372774	56091087	36	F	1	0	X	517506451
147372787	56087998	1	F	1	2	X	X
147372788	56087998	39	M	1	1	X	517506637
147807464	56093713	25	F	1	1	X	517423740
147807483	56093835	26	M	1	0	X	517432368
147807484	56093835	25	F	1	1	X	517423682
147807500	56091943	25	F	1	1	X	517506355
147807538	56094038	25	F	1	1	X	517423596
147905130	56091783	45	F	1	0	X	517506238
147905178	56089055	45	F	1	0	X	517507219
147905179	56092552	49	M	1	1	X	517423593
147905180	56092552	45	F	1	0	X	517432368
147905187	56089948	49	M	1	1	X	517508804
147905188	56089948	45	F	1	0	X	517507247
147946149	56091507	30	F	1	0	X	517507229
147946152	56091507	3	F	1	2	X	X
147946153	56091507	35	M	1	1	X	517506451
147946172	56089257	3	F	1	2	X	X
147946173	56089257	35	M	1	1	X	517506371
148235850	56092964	47	F	1	0	X	517432302
148235879	56093093	47	F	1	0	X	517432486
148518662	56090348	72	M	1	0	X	X
148518676	56092061	72	M	1	0	X	X
148791818	56090604	58	M	1	0	X	517506458
148846124	56090396	12	F	1	2	450093610	X
149546034	56092657	35	M	1	1	X	517423528
149546035	56092657	3	F	1	2	X	X
149546063	56091508	36	F	1	0	X	517506451
149546064	56091508	35	M	1	1	X	517506422
149546066	56089215	10	M	1	2	450093610	X
149546067	56089215	16	M	1	12	450091631	X
149546068	56089215	36	F	1	0	X	517507461
149546070	56089215	3	F	1	2	X	X
149546122	56089886	16	M	1	12	450091631	X
149546125	56089886	3	F	1	2	X	X
149546142	56089447	16	M	1	12	450091631	X
149546143	56089447	36	F	1	0	X	517508347
149546144	56089447	35	M	1	1	X	517507245
149546145	56089447	3	F	1	2	X	X
149546176	56094115	10	M	1	2	450097563	X
149546179	56094115	35	M	1	1	X	513096695
149546180	56094115	3	F	1	2	X	X
149546186	56091305	10	M	1	2	450101788	X
149546187	56091305	16	M	1	12	450091631	X
149546192	56089833	16	M	1	12	450091631	X
149546193	56089833	36	F	1	0	X	517508785
149546194	56089833	35	M	1	1	X	517506451
149546195	56089833	3	F	1	2	X	X
149546241	56091718	10	M	1	2	450101788	X
149546242	56091718	16	M	1	12	450091631	X
149546243	56091718	36	F	1	0	X	517506220
149546244	56091718	35	M	1	1	X	517506451
149546245	56091718	3	F	1	2	X	X
149568315	56089387	43	F	1	0	X	517508262
149597188	56091469	44	F	1	0	X	517506451
149758283	56089911	57	M	1	0	X	517507220
149758284	56089911	53	F	1	1	X	X
149758286	56092184	53	F	1	1	X	X
149758295	56093806	57	M	1	0	X	517423751
149758296	56093806	53	F	1	1	X	X
149758300	56089698	53	F	1	1	X	X
149863997	56089083	57	F	1	0	X	X
149863998	56090796	60	M	1	1	X	517506384
149863999	56090796	57	F	1	0	X	X
149864004	56090281	60	M	1	1	X	517506658
149864005	56090281	57	F	1	0	X	X
149864021	56089177	57	F	1	0	X	X
149864028	56092068	60	M	1	1	X	517506417
149864040	56090851	60	M	1	1	X	517506451
149864041	56090851	57	F	1	0	X	X
149864048	56087997	60	M	1	1	X	517508002
149864049	56087997	57	F	1	0	X	X
149950070	56092386	47	F	1	1	X	517506451
149950072	56088772	47	F	1	1	X	517506346
149950073	56088772	47	M	1	0	X	517506451
150023819	56089971	61	M	1	0	X	X
150023826	56092007	33	F	1	2	X	X
150797973	56094366	46	F	1	0	X	517423621
150797997	56092610	46	F	1	0	X	517432452
150798015	56093045	46	F	1	0	X	517423817
150798017	56093045	17	F	1	2	450097562	517432476
150798033	56093675	46	F	1	0	X	517423597
150798035	56093675	17	F	1	2	450097560	517507219
150798040	56088646	16	M	1	2	X	X
150798041	56088646	17	F	1	2	450091631	517508315
150798069	56089975	46	F	1	0	X	517508520
150798071	56089975	17	F	1	2	450091631	517506380
150798072	56088458	46	F	1	0	X	517506556
150798073	56088458	16	M	1	2	X	X
150798074	56088458	17	F	1	2	450091631	517506707
150798084	56088625	46	F	1	0	X	517506874
150798103	56089086	16	M	1	2	X	X
150798123	56089754	46	F	1	0	X	517507197
150798125	56089754	17	F	1	2	450091631	517507234
150798129	56094337	46	F	1	0	X	517423694
150798141	56094485	46	F	1	0	X	517423776
150798171	56090551	46	F	1	0	X	517506315
150798172	56090551	16	M	1	2	X	X
150798198	56091324	46	F	1	0	X	517506451
150798264	56089168	46	F	1	0	X	517506490
150798265	56089168	16	M	1	2	X	X
150798276	56087862	46	F	1	0	X	517508097
150798277	56087862	16	M	1	2	X	X
150798278	56087862	17	F	1	2	450091631	517508014
150798282	56089597	46	F	1	0	X	517508307
150833705	56092902	29	M	1	1	X	517432368
150833706	56092902	24	F	1	0	X	517423534
150833707	56092902	30	M	1	9	X	517432483
150833741	56089316	29	M	1	1	X	517507198
150833743	56089316	30	M	1	9	X	517506238
150833777	56090803	29	M	1	1	X	517506251
150833778	56090803	24	F	1	0	X	517506323
150833779	56090803	30	M	1	9	X	517506451
150835158	56089416	62	F	1	1	X	X
150835159	56089416	61	M	1	0	X	517507324
150853497	56093031	60	F	9	0	X	X
150854052	56089589	56	F	1	0	X	517507234
150854054	56093945	56	F	1	0	X	517423740
150854056	56093665	56	F	1	0	X	517423759
150854061	56088096	56	F	1	0	X	517508002
150894322	56089379	17	F	1	2	450091631	517506724
150894323	56089379	9	F	1	2	450093610	X
150894325	56089379	11	F	1	2	450093610	X
150894330	56088930	7	F	1	2	450093610	X
150894331	56088930	11	F	1	2	450093610	X
150894333	56088930	15	M	1	2	450097560	X
150894352	56091265	17	F	1	2	450097562	517506396
150894355	56091265	11	F	1	2	450101788	X
150894357	56091265	15	M	1	2	450097562	X
150894466	56091321	17	F	1	2	450097562	517506286
150894471	56091321	15	M	1	2	450097562	X
150894522	56088520	7	F	1	2	450093610	X
150894524	56088520	42	F	1	0	X	517506642
150894525	56088520	15	M	1	2	450091631	X
150894528	56091633	7	F	1	2	450088468	X
150894529	56091633	11	F	1	2	450101788	X
150894531	56091633	15	M	1	2	450097562	X
150894550	56088428	17	F	1	2	450097562	517506451
150894552	56088428	7	F	1	2	450093610	X
150894555	56088428	15	M	1	2	450097562	X
150894575	56088817	9	F	1	2	450093610	X
150894576	56088817	7	F	1	2	450093610	X
150894579	56088817	15	M	1	2	450097562	X
150894672	56090100	7	F	1	2	450093610	X
150894673	56090100	11	F	1	2	450093610	X
150894675	56090100	15	M	1	2	450097562	X
150894682	56090618	17	F	1	2	450097562	517506451
150894683	56090618	9	F	1	2	450088468	X
150894684	56090618	7	F	1	2	450088468	X
150894685	56090618	11	F	1	2	450101788	X
150894686	56090618	42	F	1	0	X	517506422
150894701	56093600	9	F	1	2	450097561	X
150894702	56093600	7	F	1	2	450097561	X
150894704	56093600	42	F	1	0	X	517423529
150894706	56089162	17	F	1	2	450097562	517507220
150894707	56089162	9	F	1	2	450093610	X
150894711	56089162	15	M	1	2	450097562	X
150894724	56088585	17	F	1	2	450097562	517507495
150894726	56088585	7	F	1	2	450093610	X
150894727	56088585	11	F	1	2	450093610	X
150894768	56088862	7	F	1	2	450093610	X
150894769	56088862	11	F	1	2	450093610	X
150894770	56088862	42	F	1	0	X	517507418
150926304	56088630	11	F	1	2	450093610	X
150926314	56093223	39	F	1	0	X	X
150926315	56093223	47	M	1	1	X	517423536
150926316	56093223	11	F	1	2	450097563	X
150926325	56093994	11	F	1	2	450097563	X
150926353	56092146	39	F	1	0	X	X
150926355	56092146	11	F	1	2	450101788	X
150926360	56092223	47	M	1	1	X	517506451
150926361	56092223	11	F	1	2	450101788	X
150926363	56088366	47	M	1	1	X	517506451
150926364	56088366	11	F	1	2	450093610	X
150926367	56091437	11	F	1	2	450101788	X
150926385	56089100	11	F	1	2	450093610	X
150956653	56092131	55	M	1	0	X	517506451
150956659	56092171	55	M	1	0	X	517506457
151061026	56091997	29	M	1	0	X	517506451
151061027	56091997	27	F	1	1	X	X
151061028	56091997	5	F	1	2	450066968	X
151061030	56091997	1	F	1	2	X	X
151061036	56092198	29	M	1	0	X	517506451
151061037	56092198	27	F	1	1	X	X
151061040	56092198	1	F	1	2	X	X
151061042	56091770	27	F	1	1	X	X
151061043	56091770	5	F	1	2	450066968	X
151061061	56091486	29	M	1	0	X	517662850
151061062	56091486	27	F	1	1	X	X
151061063	56091486	5	F	1	2	450066968	X
151061064	56091486	4	F	1	2	X	X
151413730	56089568	22	M	1	10	X	517662682
151413731	56089568	22	F	1	0	X	517506724
151495129	56087989	43	F	1	0	X	517508077
151495130	56087989	1	F	1	5	X	X
151495142	56088809	1	F	1	5	X	X
151495144	56088809	20	F	1	2	X	517506451
151495145	56088418	43	F	1	0	X	517508648
151495146	56088418	1	F	1	5	X	X
151495197	56089863	43	F	1	0	X	517508153
151495199	56089863	14	F	1	2	450093610	X
151495206	56092509	1	F	1	5	X	X
151495207	56092509	14	F	1	2	450091631	X
151495258	56089821	1	F	1	5	X	X
151495260	56089821	20	F	1	2	X	517506332
151495261	56089562	43	F	1	0	X	517506700
151495264	56089562	20	F	1	2	X	517507527
151495270	56090045	1	F	1	5	X	X
151495272	56090045	20	F	1	2	X	517507220
151495273	56088746	43	F	1	0	X	517508884
151495311	56092628	14	F	1	2	450097563	X
151495312	56092628	20	F	1	2	X	517432368
151495326	56088977	1	F	1	5	X	X
151495327	56088977	14	F	1	2	450093610	X
151495337	56094037	43	F	1	0	X	517423589
151495338	56094037	1	F	1	5	X	X
151495340	56094037	20	F	1	2	X	517423593
151495391	56088842	14	F	1	2	450093610	X
151495392	56088842	20	F	1	2	X	517506451
151495402	56089034	1	F	1	5	X	X
151495404	56089034	20	F	1	2	X	517662830
151495426	56088511	1	F	1	5	X	X
151495430	56088767	1	F	1	5	X	X
151495431	56088767	14	F	1	2	450093610	X
151495432	56088767	20	F	1	2	X	517508069
151495441	56088874	43	F	1	0	X	517506451
151495442	56088874	1	F	1	5	X	X
151495443	56088874	14	F	1	2	450093610	X
151495462	56094356	1	F	1	5	X	X
151495464	56094356	20	F	1	2	X	517423816
151495465	56088640	43	F	1	0	X	517506238
151495466	56088640	1	F	1	5	X	X
151495467	56088640	14	F	1	2	450093610	X
151495482	56088822	1	F	1	5	X	X
151594595	56093014	55	M	1	0	X	X
151594608	56089536	55	M	1	0	X	X
151594617	56092695	55	M	1	0	X	X
151631780	56090872	21	F	1	1	X	X
151631817	56092824	0	F	1	2	X	X
151631818	56092824	1	F	1	2	X	X
151631846	56092317	1	F	1	2	X	X
151631848	56092317	21	F	1	1	X	X
151631850	56091800	1	F	1	2	X	X
151631851	56091800	26	M	1	0	X	517506451
151631866	56092463	1	F	1	2	X	X
151631867	56092463	26	M	1	0	X	517506451
151631868	56092463	21	F	1	1	X	X
151631881	56090313	0	F	1	2	X	X
151631882	56090313	1	F	1	2	X	X
151631884	56090313	21	F	1	1	X	X
151898951	56093612	36	F	1	0	X	517423606
151898952	56093612	11	M	1	2	450097563	X
152022095	56094586	72	F	1	0	X	517423694
152366952	56094024	53	M	1	0	X	517423581
152366953	56094024	53	F	1	1	X	517423593
152369692	56091752	26	M	1	0	X	517506451
152369693	56091752	4	F	1	2	450066968	X
152791394	56094579	3	M	1	2	450094430	X
152791424	56089357	3	M	1	2	450094430	X
152796367	56089862	81	F	1	0	X	X
152796370	56088258	81	F	1	0	X	X
152796371	56090119	81	F	1	0	X	X
153114660	56089518	47	F	1	1	X	517507374
153411414	56093886	58	M	1	0	X	517423669
153411422	56093804	58	M	1	0	X	517423759
153411423	56093804	57	F	1	1	X	X
153411434	56089288	58	M	1	0	X	517506451
153411435	56089288	57	F	1	1	X	X
153693745	56092701	23	M	1	2	X	517423534
153693746	56092701	50	F	1	0	X	517432302
153693760	56088352	50	F	1	0	X	517508242
153693791	56092017	23	M	1	2	X	517506451
153693798	56093090	50	F	1	0	X	517423620
153693805	56094299	23	M	1	2	X	517423593
153693806	56094299	50	F	1	0	X	517423669
153693819	56089126	23	M	1	2	X	517507220
153900958	56087813	70	F	1	0	X	517506713
154292727	56089852	77	M	1	0	X	X
154910505	56094307	39	M	1	0	X	517423669
154910506	56094307	8	F	1	2	450097561	X
154910508	56094307	5	F	1	2	450066968	X
154910569	56087929	39	M	1	0	X	517507592
154910570	56087929	8	F	1	2	450093610	X
154910572	56087929	5	F	1	2	450066968	X
155067386	56094116	51	M	1	0	X	517416086
155701656	56092338	68	M	1	0	X	X
155701657	56092338	65	F	1	1	X	X
155701662	56092325	68	M	1	0	X	X
155701663	56092325	65	F	1	1	X	X
155896602	56094548	56	F	6	1	X	X
155896603	56094548	63	M	1	0	X	517423593
155973567	56091983	73	M	1	0	X	517506451
155973569	56089052	73	M	1	0	X	517508002
155973581	56092896	73	M	1	0	X	517423778
155973582	56092896	79	F	1	1	X	X
155973588	56093212	79	F	1	1	X	X
155973598	56090998	79	F	1	1	X	X
155973619	56094641	73	M	1	0	X	517423536
155973645	56090172	73	M	1	0	X	517507577
156258738	56089584	57	F	1	0	X	517508598
156258740	56089136	57	F	1	0	X	517508428
156346032	56091781	61	F	1	1	X	X
156346033	56091781	61	M	1	0	X	X
156359887	56090258	60	F	1	1	X	517507363
156359888	56090258	60	M	1	0	X	517507986
156359926	56092841	60	M	1	0	X	517432368
156753478	56094508	44	M	1	1	X	517423759
156753497	56087846	42	F	1	0	X	517506741
156753498	56087846	44	M	1	1	X	517506451
156835584	56087829	72	M	1	0	X	517506777
156835599	56092923	63	F	1	1	X	X
157145141	56094045	26	M	1	0	X	517423724
157145142	56094045	24	F	1	1	X	517423593
157271672	56090914	30	M	1	8	X	517506451
157271673	56090914	21	M	1	0	X	517506451
157271692	56090033	24	M	1	3	X	517506451
157271756	56089949	30	M	1	8	X	517508802
157271757	56089949	21	M	1	0	X	517508086
157271758	56089949	24	M	1	3	X	517507415
157389628	56091399	37	M	1	0	X	517506238
157389662	56089798	15	F	1	2	450097562	X
157389663	56089798	43	F	1	1	X	517508197
157389664	56089798	37	M	1	0	X	517506451
157389665	56089798	9	F	1	2	450093610	X
157389686	56091569	15	F	1	2	450097562	X
157389688	56091569	37	M	1	0	X	517506767
157389698	56088267	15	F	1	2	450097562	X
157389699	56088267	43	F	1	1	X	517507477
157389700	56088267	37	M	1	0	X	517508629
157389701	56088267	9	F	1	2	450093610	X
157395768	56088531	60	F	1	0	X	X
157395772	56093000	60	F	1	0	X	X
157395774	56088703	60	F	1	0	X	X
157431427	56088058	72	F	1	0	X	X
157431428	56088058	72	M	1	1	X	X
157431429	56092403	72	F	1	0	X	X
157578354	56090087	43	F	1	1	X	517507928
157578358	56093456	43	F	1	1	X	517423536
157968078	56090878	84	M	1	0	X	X
157968079	56090878	26	M	1	5	X	517506451
157968093	56094452	84	M	1	0	X	X
157968094	56094452	26	M	1	5	X	517423581
157968095	56094452	50	F	1	2	X	517423740
157968105	56090096	84	M	1	0	X	X
157968106	56090096	26	M	1	5	X	517506451
157968107	56090096	50	F	1	2	X	517508002
157968132	56091019	84	M	1	0	X	X
157968133	56091019	26	M	1	5	X	517506451
157968134	56091019	50	F	1	2	X	517506451
157968138	56090883	84	M	1	0	X	X
157968139	56090883	26	M	1	5	X	517506451
158057497	56090601	80	M	1	0	X	X
158139706	56088120	88	F	1	0	X	X
158280567	56093712	71	F	1	0	X	X
158280570	56092093	71	F	1	0	X	X
158306366	56088933	32	M	8	1	X	517507220
158306371	56094186	36	F	1	0	X	517423593
158306378	56088925	32	M	8	1	X	517507220
158429239	56090984	50	M	1	0	X	517506451
158763156	56092201	82	M	1	0	X	X
158825623	56091192	42	F	1	1	X	X
158825625	56091192	15	M	1	2	450097562	X
158825626	56091192	14	F	1	2	450097562	X
158825640	56093410	38	M	1	0	X	517423776
158825642	56093410	14	F	1	2	450097562	X
158882536	56094219	54	M	1	1	X	517423759
158882543	56088527	17	M	1	2	450063600	517506451
158882576	56093690	17	M	1	2	450063600	517423593
158882577	56093690	39	F	1	0	X	517423593
158882578	56093690	54	M	1	1	X	517423723
159322241	56091862	67	F	1	0	X	X
159322242	56091862	74	M	1	1	X	X
159322243	56093492	67	F	1	0	X	X
159322244	56093492	74	M	1	1	X	X
159322248	56090167	74	M	1	1	X	X
159453519	56093574	69	F	1	1	X	X
159453530	56089169	56	M	1	0	X	517507220
159453534	56089036	56	M	1	0	X	517506451
159453535	56089036	69	F	1	1	X	X
159461639	56089655	53	M	1	0	X	517506741
159461653	56091095	53	M	1	0	X	517506451
159461655	56094433	53	M	1	0	X	517423714
159461667	56092919	53	M	1	0	X	517432368
159461671	56089667	53	M	1	0	X	517508451
159562329	56090043	47	F	1	1	X	517507220
159683238	56090894	57	M	1	0	X	517506451
159683257	56091004	18	F	1	2	450097562	X
159683269	56092473	18	F	1	2	450097562	X
159683270	56092473	57	M	1	0	X	517506256
159748795	56093339	44	M	1	2	X	517423593
160131385	56093561	61	F	1	1	X	X
160131386	56089373	64	M	1	0	X	517506713
160131387	56089373	61	F	1	1	X	X
160131390	56091988	64	M	1	0	X	517506451
160131395	56091365	61	F	1	1	X	X
160131410	56089110	64	M	1	0	X	517508520
160131411	56089110	61	F	1	1	X	X
160203982	56090769	60	M	1	0	X	X
160284850	56092906	5	F	9	5	450097561	X
160284851	56092906	68	M	9	0	X	X
160284852	56092906	29	M	9	2	X	506643557
160284856	56093065	5	F	9	5	450097561	X
160284858	56093065	29	M	9	2	X	517432301
160284877	56092683	5	F	9	5	450097561	X
160284878	56092683	68	M	9	0	X	X
160284883	56089785	5	F	9	5	450093610	X
160284884	56089785	68	M	9	0	X	X
160284894	56092891	29	M	9	2	X	517423599
160321978	56088596	49	M	1	7	X	517506451
160321979	56088596	49	F	1	0	X	517508726
160321987	56090561	49	M	1	7	X	517506451
160321988	56090561	49	F	1	0	X	517506451
160321989	56090561	53	M	1	1	X	517506451
160321996	56089060	49	M	1	7	X	517663324
160321998	56089060	53	M	1	1	X	517508394
160322017	56088593	49	M	1	7	X	517506461
160322018	56088593	49	F	1	0	X	517506451
160322019	56088593	53	M	1	1	X	517506675
160442646	56091990	26	F	1	0	X	517506451
160550346	56093101	61	F	1	1	X	517432277
160550347	56093101	65	M	1	0	X	517432305
160550349	56090477	61	F	1	1	X	517507220
160550350	56090477	65	M	1	0	X	517508864
160791396	56089739	17	F	1	2	450097562	517508353
160791397	56089739	50	F	1	0	X	517508802
160791398	56089739	15	M	1	2	450097562	X
160791399	56089739	52	M	1	1	X	517507220
160791413	56089582	50	F	1	0	X	517507454
160791415	56089582	52	M	1	1	X	517506238
160791420	56094218	17	F	1	2	450097562	517423599
160791421	56094218	50	F	1	0	X	517423528
160791422	56094218	15	M	1	2	450097560	X
160921193	56093639	80	M	1	0	X	X
160935308	56094327	49	F	1	0	X	517423601
160935327	56093089	5	M	9	2	X	X
160935328	56093089	49	F	1	0	X	517432368
160935333	56091861	5	M	9	2	X	X
161312760	56088463	37	F	1	0	X	517506220
161312809	56091147	12	M	1	2	450101788	X
161312812	56091147	37	F	1	0	X	517506451
161312873	56088949	12	M	1	2	450093610	X
161312874	56088949	8	M	1	2	450093610	X
161312875	56088949	33	M	1	1	X	517506725
161312981	56091255	12	M	1	2	450101788	X
161312982	56091255	8	M	1	2	450088468	X
161312983	56091255	33	M	1	1	X	517506451
161312984	56091255	37	F	1	0	X	517506768
161356842	56094003	35	M	1	0	X	517423724
161356866	56093472	35	M	1	0	X	517423723
161356873	56087968	27	F	1	10	X	517506345
161606179	56094155	51	F	1	1	X	517423593
161606194	56094189	50	M	1	0	X	517423597
161606195	56094189	51	F	1	1	X	517423593
161606203	56090373	51	F	1	1	X	517506741
161652088	56090600	28	F	1	0	X	517506234
161703286	56093188	58	F	1	1	X	517432339
161802066	56093578	70	F	1	1	X	X
161802067	56093578	71	M	1	0	X	X
161922048	56088220	81	F	1	0	X	X
161922054	56090182	81	F	1	0	X	X
161922055	56090182	82	M	1	1	X	X
161922076	56089788	81	F	1	0	X	X
161922079	56087994	82	M	1	1	X	X
161947370	56093606	13	M	1	2	450097563	X
161947371	56093606	11	F	1	2	450097563	X
161947372	56093606	47	F	1	0	X	517423536
161947381	56090629	49	M	1	1	X	517506451
161947382	56090629	13	M	1	2	450101788	X
161947383	56090629	11	F	1	2	450101788	X
161947384	56090629	47	F	1	0	X	517506451
161947443	56088364	11	F	1	2	450093610	X
162044766	56089260	40	F	1	0	X	517507244
162106957	56090891	62	F	1	1	X	517506451
162106964	56093337	57	M	1	0	X	517423669
162106972	56088156	57	M	1	0	X	517506878
162106973	56088156	62	F	1	1	X	517506650
162110558	56087809	47	F	1	9	X	X
162110586	56092852	67	M	1	0	X	X
162110593	56093708	61	F	1	3	X	X
162110594	56093708	47	F	1	9	X	X
162110619	56092441	67	M	1	0	X	X
162110620	56092441	61	F	1	3	X	X
162110621	56092441	47	F	1	9	X	X
162110626	56091096	61	F	1	3	X	X
162110632	56092411	61	F	1	3	X	X
162110651	56092387	47	F	1	9	X	X
162120121	56088512	51	M	1	0	X	517507420
162304540	56089267	16	M	1	2	450097562	X
162304541	56088503	13	M	1	2	450093610	X
162304543	56088503	16	M	1	2	450097562	X
162307468	56087824	77	M	1	0	X	517507614
162320019	56089980	58	F	1	0	X	517506700
162320020	56089980	39	M	1	10	X	517506451
162320038	56093110	39	M	1	10	X	517432476
162320039	56089673	58	F	1	0	X	517507207
162320040	56089673	39	M	1	10	X	517506556
162320049	56092331	58	F	1	0	X	517506451
162320050	56092331	39	M	1	10	X	517506451
162535482	56092913	19	F	1	0	X	517432305
162535483	56092913	22	M	1	9	X	517432280
162569609	56093821	67	F	1	0	X	X
162569613	56091733	67	F	1	0	X	X
162569630	56091426	67	F	1	0	X	X
162700212	56094577	19	M	1	10	X	517423669
162700213	56094577	23	F	1	0	X	X
162750343	56088097	66	F	1	1	X	X
162868812	56087870	63	M	1	1	X	517508274
162868813	56087870	67	F	1	0	X	X
163140769	56088324	58	F	1	0	X	517507431
163140781	56091376	58	F	1	0	X	517506451
163154776	56093882	39	F	1	0	X	517423728
163154777	56093882	6	M	1	2	450097561	X
163154778	56093882	1	F	1	2	X	X
163154855	56091567	16	F	9	2	450097562	517506226
163154859	56091567	32	M	1	9	X	517506451
163154885	56088357	16	F	9	2	450097562	517508057
163154886	56088357	39	F	1	0	X	517508313
163154888	56088357	1	F	1	2	X	X
163154910	56088075	16	F	9	2	450097562	517506722
163154913	56088075	1	F	1	2	X	X
163154914	56088075	32	M	1	9	X	517508309
163154991	56094427	39	F	1	0	X	517423593
163154993	56094427	1	F	1	2	X	X
163155005	56093497	16	F	9	2	450097562	517423656
163155006	56093497	39	F	1	0	X	517423685
163155008	56093497	1	F	1	2	X	X
163155009	56093497	32	M	1	9	X	517423727
163528306	56089887	14	M	1	2	450093610	X
163528307	56089887	46	F	1	1	X	517507220
163528308	56089887	16	F	1	2	450097562	517507193
163528309	56089887	46	M	1	0	X	517506451
163550990	56092492	15	F	1	2	450097562	X
163550991	56092492	35	M	1	1	X	517432297
163550997	56090195	35	F	1	0	X	517508014
163550998	56090195	15	F	1	2	450097562	X
163551026	56089666	15	F	1	2	450097562	X
163551027	56089666	35	M	1	1	X	517507932
163551028	56089666	13	F	1	2	450093610	X
163551041	56089560	35	F	1	0	X	517506451
163551042	56089560	15	F	1	2	450097562	X
163551065	56090011	35	F	1	0	X	517507464
163551066	56090011	15	F	1	2	450097562	X
163551068	56090011	13	F	1	2	450093610	X
163655477	56090379	59	M	1	0	X	517507582
163851629	56093534	28	M	1	1	X	517423593
163851630	56093534	29	F	1	0	X	517423646
163905625	56090813	44	F	1	1	X	X
163905642	56088787	17	M	1	2	450097562	X
163905643	56088787	18	F	1	2	450097562	X
163905644	56088787	46	M	1	0	X	517508096
163905645	56088787	44	F	1	1	X	X
