sp_id	stcotrbg	hh_race	hh_income	latitude	longitude
56600040	560159577001	1	15500	42.2097770	-104.5279632
56600041	560159577001	1	41750	42.2357645	-104.6029936
56600042	560159577001	1	370	42.2105855	-104.5309791
56600043	560159577001	1	40500	42.2126613	-104.5151871
56600044	560159577001	1	52500	42.2163765	-104.5157537
56600045	560159577001	1	131900	42.2359620	-104.6049438
56600046	560159577001	1	45860	42.2244830	-104.5282201
56600047	560159577001	1	18700	42.2093013	-104.5207396
56600048	560159577001	1	24600	42.2323395	-104.5619967
56600049	560159577001	1	11300	42.5394577	-104.1640306
56600050	560159577001	1	37200	42.2088526	-104.5269630
56600051	560159577001	1	49050	42.2089923	-104.5265224
56600052	560159577001	1	85500	42.2107315	-104.5295740
56600053	560159577001	1	36000	42.2300168	-104.5351531
56600054	560159577001	1	11500	42.2344897	-104.6036916
56600055	560159577001	1	48000	42.2351331	-104.6046982
56600056	560159577001	1	75000	42.2351310	-104.6034242
56600057	560159577001	1	40100	42.2307886	-104.5352856
56600058	560159577001	1	45000	42.2345255	-104.6022228
56600059	560159577001	1	27000	42.2319220	-104.5343672
56600060	560159577001	1	500	42.2108160	-104.5288455
56600061	560159577001	1	28600	42.2280311	-104.5340252
56600062	560159577001	1	16300	42.2293905	-104.5345408
56600063	560159577001	1	35000	42.2295197	-104.5352192
56600064	560159577001	1	13700	42.2273659	-104.5337995
56600065	560159577001	1	38000	42.2282022	-104.5353242
56600066	560159577001	1	18800	42.2275858	-104.5355522
56600067	560159577001	1	30000	42.2300451	-104.5390799
56600068	560159577001	1	54000	42.2096926	-104.5305923
56600069	560159577001	1	52400	42.2078555	-104.5273216
56600070	560159577001	1	24000	42.2077746	-104.5262543
56600071	560159577001	1	38840	42.2098292	-104.5291605
56600072	560159577001	1	26000	42.2092360	-104.5290505
56600073	560159577001	1	13800	42.1605286	-104.3310029
56600074	560159577001	1	2800	42.3749785	-104.6515627
56600075	560159577001	1	23000	42.1959302	-104.5898425
56600076	560159577001	1	96000	42.4872044	-104.5475998
56600077	560159577001	1	35000	42.2264424	-104.5344622
56600078	560159577001	1	112000	42.2324620	-104.5498866
56600079	560159577001	1	27000	42.2329158	-104.5347057
56600080	560159577001	1	82200	42.1314146	-104.2899290
56600081	560159577001	1	65200	42.2129369	-104.5180387
56600082	560159577001	1	40000	42.2127679	-104.5178593
56600083	560159577001	1	70000	42.2140037	-104.5184615
56600084	560159577001	1	22000	42.2132790	-104.5177004
56600085	560159577001	1	35200	42.2118257	-104.5150523
56600086	560159577001	1	38000	42.2139035	-104.5181005
56600087	560159577001	1	67100	42.2115988	-104.5154939
56600088	560159577001	1	0	42.2119987	-104.5150820
56600089	560159577001	1	103000	42.2140818	-104.5169958
56600090	560159577001	1	43000	42.2119778	-104.5155591
56600091	560159577001	1	91000	42.2115106	-104.5148925
56600092	560159577001	1	41400	42.2118021	-104.5147198
56600093	560159577001	1	42500	42.2118974	-104.5158843
56600094	560159577001	1	36600	42.2115178	-104.5149976
56600095	560159577001	1	84000	42.2119656	-104.5156173
56600096	560159577001	1	56000	42.2118229	-104.5149949
56600097	560159577001	1	32000	42.2143213	-104.5165516
56600098	560159577001	1	40100	42.2142565	-104.5163043
56600099	560159577001	1	81000	42.2139659	-104.5166782
56600100	560159577001	1	87000	42.2140630	-104.5169791
56600101	560159577001	1	82700	42.2144160	-104.5170314
56600102	560159577001	1	56000	42.2146260	-104.5165436
56600103	560159577001	1	1400	42.2143718	-104.5173147
56600104	560159577001	1	30400	42.2134032	-104.5179684
56600105	560159577001	1	30400	42.2134028	-104.5173530
56600106	560159577001	1	30000	42.2141494	-104.5183839
56600107	560159577001	1	41280	42.2135847	-104.5176252
56600108	560159577001	1	71900	42.2141912	-104.5175601
56600109	560159577001	1	28180	42.2144430	-104.5184247
56600110	560159577001	1	19200	42.2140729	-104.5176026
56600111	560159577001	1	49900	42.2141325	-104.5174159
56600112	560159577001	1	43000	42.2132732	-104.5178401
56600113	560159577001	1	48000	42.2159129	-104.5157509
56600114	560159577001	1	54300	42.2101630	-104.5156457
56600115	560159577001	1	10500	42.2152741	-104.5167020
56600116	560159577001	1	9600	42.2123738	-104.5169188
56600117	560159577001	1	18000	42.2120737	-104.5161421
56600118	560159577001	1	24000	42.2126649	-104.5160036
56600119	560159577001	1	115100	42.2123926	-104.5164073
56600120	560159577001	1	53500	42.2121078	-104.5151594
56600121	560159577001	1	80000	42.2120707	-104.5165247
56600122	560159577001	1	77000	42.2125480	-104.5151860
56600123	560159577001	1	82300	42.2122078	-104.5153115
56600124	560159577001	1	30900	42.2123587	-104.5151231
56600125	560159577001	1	41400	42.2125868	-104.5167664
56600126	560159577001	1	75000	42.2128293	-104.5148742
56600127	560159577001	1	88300	42.2127517	-104.5170322
56600128	560159577001	1	95000	42.2101001	-104.5156810
56600129	560159577001	1	11900	42.2095875	-104.5152769
56600130	560159577001	1	49000	42.2111571	-104.5162924
56600131	560159577001	1	38000	42.2102141	-104.5152684
56600132	560159577001	1	66000	42.2162725	-104.5163469
56600133	560159577001	1	75000	42.2115899	-104.5168967
56600134	560159577001	1	16000	42.2151520	-104.5166000
56600135	560159577001	1	130000	42.2146711	-104.5168317
56600136	560159577001	1	37000	42.2148249	-104.5163413
56600137	560159577001	1	40500	42.2111245	-104.5158490
56600138	560159577001	1	22400	42.2152804	-104.5172071
56600139	560159577001	1	42400	42.2153182	-104.5171312
56600140	560159577001	1	40400	42.2100706	-104.5156176
56600141	560159577001	1	28500	42.2117533	-104.5165055
56600142	560159577001	1	43700	42.2117937	-104.5170668
56600143	560159577001	1	87000	42.2094631	-104.5155937
56600144	560159577001	1	12400	42.2115569	-104.5164545
56600145	560159577001	1	10000	42.2160515	-104.5162131
56600146	560159577001	1	74800	42.2111296	-104.5197185
56600147	560159577001	1	20000	42.1962073	-104.5587026
56600148	560159577001	1	383000	42.2133380	-104.5156896
56600149	560159577001	1	25000	42.2133674	-104.5158619
56600150	560159577001	1	21500	42.2159183	-104.5152770
56600151	560159577001	1	70000	42.1958811	-104.5585402
56600152	560159577001	1	28800	42.2135238	-104.5155670
56600153	560159577001	1	21000	42.1963816	-104.5584016
56600154	560159577001	1	97000	42.2154027	-104.5210899
56600155	560159577001	1	41280	42.2155571	-104.5172836
56600156	560159577001	1	78000	42.2131849	-104.5169357
56600157	560159577001	1	57600	42.2133969	-104.5160246
56600158	560159577001	1	42000	42.2136758	-104.5154386
56600159	560159577001	1	23000	42.2135293	-104.5168429
56600160	560159577001	1	116000	42.2128996	-104.5172339
56600161	560159577001	1	64100	42.2131037	-104.5167560
56600162	560159577001	1	12300	42.2159357	-104.5168537
56600163	560159577001	1	95000	42.2145792	-104.5160590
56600164	560159577001	1	8500	42.2141192	-104.5153562
56600165	560159577001	1	85500	42.2144707	-104.5157780
56600166	560159577001	1	17100	42.2161175	-104.5173085
56600167	560159577001	1	83200	42.2144220	-104.5160665
56600168	560159577001	1	90000	42.2157932	-104.5166532
56600169	560159577001	1	18200	42.2148571	-104.5211417
56600170	560159577001	1	85000	42.2093197	-104.5161637
56600171	560159577001	1	65000	42.2108805	-104.5140436
56600172	560159577001	1	31500	42.2108052	-104.5143550
56600173	560159577001	1	84250	42.2109767	-104.5138717
56600174	560159577001	1	11600	42.2144549	-104.5214194
56600175	560159577001	1	65000	42.2146771	-104.5219912
56600176	560159577001	1	24000	42.2149784	-104.5214892
56600177	560159577001	1	74500	42.2143963	-104.5207023
56600178	560159577001	1	47000	42.2152140	-104.5151236
56600179	560159577001	1	141400	42.2094676	-104.5161389
56600180	560159577001	1	25000	42.2100994	-104.5164378
56600181	560159577001	1	38001	42.2148584	-104.5206787
56600182	560159577001	1	66000	42.2148146	-104.5152374
56600183	560159577001	1	32000	42.2152364	-104.5159919
56600184	560159577001	1	53000	42.2135197	-104.5191686
56600185	560159577001	1	12000	42.3003754	-104.2972588
56600186	560159577001	1	103300	42.2140037	-104.5195428
56600187	560159577001	1	78000	42.2158196	-104.5201652
56600188	560159577001	1	17000	42.2158588	-104.5210997
56600189	560159577001	1	9600	42.2159282	-104.5213289
56600190	560159577001	1	38000	42.2153785	-104.5220525
56600191	560159577001	1	17400	42.2152249	-104.5224009
56600192	560159577001	1	8200	42.3003535	-104.2968369
56600193	560159577001	1	30000	42.2107342	-104.5172886
56600194	560159577001	1	47000	42.2143200	-104.5188484
56600195	560159577001	1	56000	42.2137926	-104.5189206
56600196	560159577001	1	33400	42.3000097	-104.2972460
56600197	560159577001	1	27800	42.2106414	-104.5172548
56600198	560159577001	1	19300	42.2101493	-104.5171492
56600199	560159577001	1	50000	42.2135471	-104.5185994
56600200	560159577001	1	50000	42.2147671	-104.5197427
56600201	560159577001	1	66900	42.2130747	-104.5186213
56600202	560159577001	1	52000	42.2150768	-104.5198762
56600203	560159577001	1	130000	42.2147636	-104.5189362
56600204	560159577001	1	20000	42.2355564	-104.5655602
56600205	560159577001	1	30400	42.2331740	-104.5512509
56600206	560159577001	1	11300	42.2088980	-104.5227576
56600207	560159577001	1	79300	42.1318752	-104.0532961
56600208	560159577001	1	75000	42.2113729	-104.5196279
56600209	560159577001	1	323800	42.2114951	-104.5196173
56600210	560159577001	1	35100	42.1312357	-104.0534625
56600211	560159577001	1	37000	42.2101627	-104.5185867
56600212	560159577001	1	77800	42.1194867	-104.1949298
56600213	560159577001	1	148000	42.2102547	-104.5182231
56600214	560159577001	1	42000	42.1194699	-104.1949169
56600215	560159577001	1	103300	42.2139760	-104.5209814
56600216	560159577001	1	44700	42.2170977	-104.5158259
56600217	560159577001	1	24500	42.2102062	-104.5184693
56600218	560159577001	1	63000	42.2173083	-104.5155074
56600219	560159577001	1	70000	42.2138062	-104.5209353
56600220	560159577001	1	62900	42.2097675	-104.5178289
56600221	560159577001	1	16000	42.2092985	-104.5175184
56600222	560159577001	1	37500	42.2055288	-104.5638816
56600223	560159577001	1	57000	42.1190016	-104.1925890
56600224	560159577001	1	22150	42.2119542	-104.5175413
56600225	560159577001	1	42700	42.1198133	-104.1914255
56600226	560159577001	1	10000	42.2159061	-104.5232861
56600227	560159577001	1	65000	42.2152386	-104.5236397
56600228	560159577001	1	30800	42.2150689	-104.5183282
56600229	560159577001	1	132200	42.1191773	-104.1906824
56600230	560159577001	1	57000	42.2149305	-104.5179183
56600231	560159577001	1	102600	42.1185044	-104.1906228
56600232	560159577001	1	20500	42.2119505	-104.5192979
56600233	560159577001	1	25700	42.2123770	-104.5174115
56600234	560159577001	1	42000	42.2121919	-104.5184095
56600235	560159577001	1	55000	42.1182860	-104.1938995
56600236	560159577001	1	30700	42.2167182	-104.5212909
56600237	560159577001	1	56004	42.2160613	-104.5245756
56600238	560159577001	1	45600	42.2112345	-104.5193337
56600239	560159577001	1	93600	42.2184525	-104.5195020
56600240	560159577001	1	48400	42.1193319	-104.1938604
56600241	560159577001	1	75600	42.1185369	-104.1924962
56600242	560159577001	1	10000	42.2161932	-104.5237531
56600243	560159577001	1	70000	42.2453960	-104.6255058
56600244	560159577001	1	16900	42.2132547	-104.5209723
56600245	560159577001	1	16700	42.2148173	-104.5230242
56600246	560159577001	1	51000	42.2363428	-104.5536480
56600247	560159577001	1	52700	42.2136293	-104.5210291
56600248	560159577001	1	64100	42.2448923	-104.6264185
56600249	560159577001	1	14000	42.2153707	-104.5247375
56600250	560159577001	1	32400	42.2133210	-104.5211298
56600251	560159577001	1	13100	42.2116806	-104.5173170
56600252	560159577001	1	62500	42.2133715	-104.5226663
56600253	560159577001	1	8000	42.2355520	-104.5642311
56600254	560159577001	1	47700	42.4040364	-104.6252492
56600255	560159577001	1	37200	42.4609302	-104.3675080
56600256	560159577001	1	27000	42.4546712	-104.3644881
56600257	560159577001	1	82000	42.4567176	-104.3687002
56600258	560159577001	1	77000	42.2350450	-104.5546864
56600259	560159577001	1	54300	42.1302482	-104.0536018
56600260	560159577001	1	71090	42.4561435	-104.3642673
56600261	560159577001	1	8200	42.4562268	-104.3663190
56600262	560159577001	1	39000	42.4572947	-104.3663536
56600263	560159577001	1	36000	42.4561933	-104.3671738
56600264	560159577001	1	18400	42.4557381	-104.3656672
56600265	560159577001	1	58300	42.4564782	-104.3652849
56600266	560159577001	1	45000	42.4553814	-104.3670123
56600267	560159577001	1	23000	42.4016168	-104.6263563
56600268	560159577001	1	9600	42.4531369	-104.3616698
56600269	560159577001	1	53200	42.4583349	-104.3664226
56600270	560159577001	1	42800	42.2119261	-104.5200559
56600271	560159577001	1	26920	42.1255698	-104.0529285
56600272	560159577001	1	67500	42.2069769	-104.5630875
56600273	560159577001	1	23900	42.4549981	-104.3639558
56600274	560159577001	1	65000	42.4009893	-104.6247975
56600275	560159577001	1	115000	42.2132954	-104.5224359
56600276	560159577001	1	87150	42.4570024	-104.3669770
56600277	560159577001	1	15100	42.4535177	-104.3630938
56600278	560159577001	1	10000	42.4016755	-104.6246556
56600279	560159577001	1	25800	42.4577639	-104.3650251
56600280	560159577001	1	33240	42.4541074	-104.3616305
56600281	560159577001	1	34200	42.4598674	-104.3684388
56600282	560159577001	1	21710	42.4043406	-104.6257207
56600283	560159577001	1	40000	42.4529861	-104.3654453
56600284	560159577001	1	22800	42.4043418	-104.6250472
56600285	560159577001	1	122300	42.4031271	-104.6257342
56600286	560159577001	1	65000	42.4035225	-104.6254188
56600287	560159577001	1	61000	42.4544615	-104.3631283
56600288	560159577001	1	67200	42.4596514	-104.3659708
56600289	560159577001	1	14600	42.4024663	-104.6246873
56600290	560159577001	1	52000	42.4533676	-104.3643707
56600291	560159577001	1	58300	42.4609223	-104.3694733
56600292	560159577001	1	70700	42.4556513	-104.3689543
56600293	560159577001	1	20200	42.4566596	-104.3631699
56600294	560159577001	1	55000	42.4553905	-104.3635087
56600295	560159577001	1	61200	42.4549965	-104.3652318
56600296	560159577001	1	40750	42.4603683	-104.3664235
56600297	560159577001	1	45300	42.4524906	-104.3615236
56600298	560159577001	1	24000	42.4589784	-104.3652231
56600299	560159577001	1	44490	42.4605632	-104.3670531
56600300	560159577001	1	45000	42.4585783	-104.3647588
56600301	560159577001	1	89000	42.4551984	-104.3619489
56600302	560159577001	1	45000	42.4518812	-104.3648158
56600303	560159577001	1	45000	42.4579620	-104.3631537
56600304	560159577001	1	122300	42.4538889	-104.3646399
56600305	560159577001	1	70000	42.2058803	-104.5165996
56600306	560159577001	1	80000	42.2118491	-104.5285042
56600307	560159577001	1	24400	42.2327534	-104.5606471
56600308	560159577001	1	23000	42.3298115	-104.4761848
56600309	560159577001	1	70050	42.2360974	-104.5648854
56600310	560159577001	1	76500	42.4548927	-104.3676591
56600311	560159577001	1	45234	42.2363317	-104.5655520
56600312	560159577001	9	17250	42.3312251	-104.4747697
56600313	560159577001	1	85000	42.2333567	-104.5614129
56600314	560159577001	1	51000	42.2360918	-104.6031605
56600315	560159577001	1	37900	42.4585448	-104.3679901
56600316	560159577001	1	26000	42.2083364	-104.5174249
56600317	560159577001	1	106970	42.2333459	-104.5590621
56600318	560159577001	1	50600	42.3280492	-104.4749587
56600319	560159577001	1	24000	42.2113645	-104.5300256
56600320	560159577001	1	57500	42.2114173	-104.5271400
56600321	560159577001	1	82000	42.3286920	-104.4755858
56600322	560159577001	1	91400	42.3294939	-104.4773460
56600323	560159577001	1	26500	42.3300646	-104.4743750
56600324	560159577001	1	38900	42.2361908	-104.5676281
56600325	560159577001	1	1100	42.3292392	-104.4746900
56600326	560159577001	1	20000	42.1738446	-104.3146886
56600327	560159577001	1	52900	42.2343811	-104.5633247
56600328	560159577001	1	30300	42.4538988	-104.3663561
56600329	560159577001	1	17800	42.4574864	-104.3680734
56600330	560159577001	1	35000	42.4549818	-104.3687048
56600331	560159577001	1	60000	42.1969317	-104.5737366
56600332	560159577001	1	73100	42.4538823	-104.3650911
56600333	560159577001	1	32400	42.4526262	-104.3669339
56600334	560159577001	1	120010	42.1982256	-104.5741047
56600335	560159577001	1	5050	42.2107946	-104.5324720
56600336	560159577001	1	25000	42.2360337	-104.6021009
56600337	560159577001	1	20000	42.2112348	-104.5309009
56600338	560159577001	1	13100	42.2069240	-104.5170241
56600339	560159577001	1	130000	42.2367135	-104.5695856
56600340	560159577001	1	13500	42.2076350	-104.5234605
56600341	560159577001	1	33200	42.2074690	-104.5200321
56600342	560159577001	1	96700	42.2073520	-104.5213960
56600343	560159577001	1	88000	42.1975587	-104.5723345
56600344	560159577001	1	37000	42.3718248	-104.6516337
56600345	560159577001	1	75900	42.2088034	-104.5235588
56600346	560159577001	1	84250	42.2108695	-104.5276496
56600347	560159577001	1	124020	42.2081914	-104.5172200
56600348	560159577001	1	11600	42.3729874	-104.6504583
56600349	560159577001	1	114000	42.3752754	-104.6509478
56600350	560159577001	1	0	42.3730813	-104.6527580
56600351	560159577001	1	31000	42.2088207	-104.5198438
56600352	560159577001	1	33400	42.2081510	-104.5187423
56600353	560159577001	1	18000	42.3718899	-104.6521792
56600354	560159577001	1	32800	42.1971388	-104.5749236
56600355	560159577001	1	104900	42.1976680	-104.5741650
56600356	560159577001	1	363500	42.3735189	-104.6535910
56600357	560159577001	1	75600	42.3738640	-104.6507143
56600358	560159577001	1	11400	42.3744906	-104.6545104
56600359	560159577001	1	30000	42.1963340	-104.5781154
56600360	560159577001	1	81600	42.4902695	-104.5499092
56600361	560159577001	1	74600	42.2160305	-104.5403595
56600362	560159577001	1	90000	42.2087615	-104.5247885
56600363	560159577001	1	74000	42.2364668	-104.6046185
56600364	560159577001	1	37100	42.2074321	-104.5254537
56600365	560159577001	1	716000	42.2060905	-104.5211949
56600366	560159577001	1	10000	42.2092101	-104.5294706
56600367	560159577001	1	22700	42.2067003	-104.5236886
56600368	560159577001	1	259000	42.3729736	-104.6510797
56600369	560159577001	1	85000	42.3742598	-104.6524747
56600370	560159577001	1	80000	42.2082435	-104.5190261
56600371	560159577001	1	92530	42.2346224	-104.5536675
56600372	560159577001	1	36000	42.2086622	-104.5231587
56600373	560159577001	1	18000	42.2078752	-104.5243500
56600374	560159577001	1	104000	42.2070542	-104.5242166
56600375	560159577001	1	55000	42.2086015	-104.5214616
56600376	560159577001	1	18000	42.2082008	-104.5219307
56600377	560159577001	1	161500	42.2070559	-104.5187517
56600378	560159577001	1	94000	42.2071442	-104.5193047
56600379	560159577001	1	17100	42.2343861	-104.6001923
56600380	560159577001	1	40270	42.2076194	-104.5222274
56600381	560159577001	1	36000	42.2346334	-104.6014406
56600382	560159577001	1	10900	42.2064390	-104.5212224
56600383	560159577001	1	32400	42.2356859	-104.5999266
56600384	560159577001	1	249930	42.2067471	-104.5216729
56600385	560159577001	1	35000	42.2354314	-104.6009824
56600386	560159577001	1	15780	42.2362375	-104.6004452
56600387	560159577001	1	32700	42.1315127	-104.2896075
56600388	560159577001	1	28000	42.1970574	-104.5725988
56600389	560159577001	9	22004	42.2062279	-104.5184525
56600390	560159577001	1	90000	42.2056970	-104.5194842
56600391	560159577002	1	41000	42.1366065	-104.3489643
56600392	560159577002	1	32100	42.1430131	-104.3464230
56600393	560159577002	1	41600	42.1348309	-104.3445639
56600394	560159577002	1	35960	42.1347364	-104.3438994
56600395	560159577002	1	43000	42.1430240	-104.3467830
56600396	560159577002	1	32000	42.1355026	-104.3430383
56600397	560159577002	1	115000	42.1372362	-104.3488219
56600398	560159577002	1	80000	42.1350211	-104.3441530
56600399	560159577002	1	27400	42.1371608	-104.3480482
56600400	560159577002	1	78000	42.1349865	-104.3426580
56600401	560159577002	1	47304	42.1348827	-104.3429191
56600402	560159577002	1	26000	42.1350719	-104.3434052
56600403	560159577002	1	58300	42.1351042	-104.3428345
56600404	560159577002	1	79600	42.1344572	-104.3427712
56600405	560159577002	1	73000	42.1347866	-104.3429050
56600406	560159577002	1	28400	42.1347053	-104.3431779
56600407	560159577002	1	95000	42.1348394	-104.3437579
56600408	560159577002	1	42400	42.1350827	-104.3431579
56600409	560159577002	1	84500	42.1351731	-104.3436825
56600410	560159577002	1	16440	42.1348616	-104.3434680
56600411	560159577002	1	30000	42.1351081	-104.3436854
56600412	560159577002	1	24000	42.1344326	-104.3435134
56600413	560159577002	1	67600	42.1351263	-104.3449571
56600414	560159577002	1	75400	42.1351441	-104.3449231
56600415	560159577002	1	115600	42.1372388	-104.3486578
56600416	560159577002	1	49000	42.1367580	-104.3481913
56600417	560159577002	1	43300	42.1375041	-104.3489019
56600418	560159577002	1	33240	42.1368096	-104.3485425
56600419	560159577002	1	28800	42.1369066	-104.3488654
56600420	560159577002	1	23600	42.1348988	-104.3445712
56600421	560159577002	1	28800	42.1374635	-104.3485512
56600422	560159577002	1	52000	42.1373301	-104.3482391
56600423	560159577002	1	26360	42.1369875	-104.3482301
56600424	560159577002	1	24500	42.1348366	-104.3446574
56600425	560159577002	1	35700	42.1371680	-104.3488141
56600426	560159577002	1	76800	42.1370416	-104.3485702
56600427	560159577002	1	43000	42.1351406	-104.3441642
56600428	560159577002	1	29200	42.1351247	-104.3441218
56600429	560159577002	1	43300	42.1349571	-104.3444280
56600430	560159577002	1	23900	42.1351281	-104.3450825
56600431	560159577002	1	36700	42.1344838	-104.3445343
56600432	560159577002	1	75200	42.1373597	-104.3466492
56600433	560159577002	1	145000	42.1369992	-104.3469196
56600434	560159577002	1	39000	42.1418139	-104.3474035
56600435	560159577002	1	34200	42.1351418	-104.3419732
56600436	560159577002	1	90400	42.1398723	-104.3485749
56600437	560159577002	1	84000	42.1429246	-104.3468450
56600438	560159577002	1	22800	42.1428470	-104.3469826
56600439	560159577002	1	93000	42.1402781	-104.3487807
56600440	560159577002	1	96000	42.1369442	-104.3498745
56600441	560159577002	1	23200	42.1428032	-104.3460687
56600442	560159577002	1	23900	42.1426132	-104.3464693
56600443	560159577002	1	9600	42.1428204	-104.3467897
56600444	560159577002	1	39200	42.1427226	-104.3467943
56600445	560159577002	1	268000	42.1426153	-104.3462956
56600446	560159577002	1	46500	42.1422838	-104.3465703
56600447	560159577002	1	34500	42.1423079	-104.3464541
56600448	560159577002	1	20250	42.1370876	-104.3501213
56600449	560159577002	1	38700	42.1371395	-104.3491662
56600450	560159577002	1	29000	42.1367431	-104.3498531
56600451	560159577002	1	83000	42.1367255	-104.3495393
56600452	560159577002	1	13100	42.1370913	-104.3500515
56600453	560159577002	1	135000	42.1369420	-104.3496043
56600454	560159577002	1	60000	42.1368245	-104.3500946
56600455	560159577002	1	30500	42.1402912	-104.3484815
56600456	560159577002	1	13970	42.1400695	-104.3493816
56600457	560159577002	1	62470	42.1371958	-104.3499809
56600458	560159577002	1	28200	42.1372437	-104.3500028
56600459	560159577002	1	40000	42.1372256	-104.3490482
56600460	560159577002	1	80000	42.1397498	-104.3495808
56600461	560159577002	1	62100	42.1400342	-104.3493851
56600462	560159577002	1	16440	42.1398868	-104.3497658
56600463	560159577002	1	24600	42.1395850	-104.3484977
56600464	560159577002	1	49100	42.1400142	-104.3501672
56600465	560159577002	1	36500	42.1395519	-104.3505091
56600466	560159577002	1	26170	42.1398707	-104.3494926
56600467	560159577002	1	87000	42.1395990	-104.3492304
56600468	560159577002	1	25700	42.1400673	-104.3505205
56600469	560159577002	1	45000	42.1394488	-104.3504217
56600470	560159577002	1	43000	42.1348036	-104.3419352
56600471	560159577002	1	96900	42.1337125	-104.3415237
56600472	560159577002	1	12300	42.1338151	-104.3426253
56600473	560159577002	1	75000	42.1376975	-104.3485618
56600474	560159577002	1	42100	42.1401261	-104.3486453
56600475	560159577002	1	30000	42.1401890	-104.3487130
56600476	560159577002	1	11500	42.1398734	-104.3492046
56600477	560159577002	1	30500	42.1378344	-104.3488788
56600478	560159577002	1	61000	42.1397521	-104.3491543
56600479	560159577002	1	46300	42.1377463	-104.3488217
56600480	560159577002	1	39050	42.1338722	-104.3429062
56600481	560159577002	1	120000	42.1384816	-104.3483988
56600482	560159577002	1	27880	42.1383584	-104.3481713
56600483	560159577002	1	46000	42.1384506	-104.3481419
56600484	560159577002	1	20000	42.1343629	-104.3427055
56600485	560159577002	1	42400	42.1382407	-104.3490983
56600486	560159577002	1	73700	42.1341136	-104.3435481
56600487	560159577002	1	41900	42.1347914	-104.3411412
56600488	560159577002	1	58700	42.1391827	-104.3488973
56600489	560159577002	1	52908	42.1341646	-104.3437605
56600490	560159577002	1	43100	42.1339419	-104.3426396
56600491	560159577002	1	37000	42.1335003	-104.3434682
56600492	560159577002	1	45000	42.1388628	-104.3488423
56600493	560159577002	1	38000	42.1387000	-104.3482061
56600494	560159577002	1	33800	42.1385482	-104.3489444
56600495	560159577002	1	59000	42.1349566	-104.3409468
56600496	560159577002	1	40000	42.1346718	-104.3413780
56600497	560159577002	1	29200	42.1386353	-104.3486265
56600498	560159577002	1	15800	42.1388195	-104.3485648
56600499	560159577002	1	26500	42.1352857	-104.3405042
56600500	560159577002	1	26500	42.1345808	-104.3410567
56600501	560159577002	1	60000	42.1349773	-104.3403175
56600502	560159577002	1	36000	42.1349807	-104.3417324
56600503	560159577002	1	25500	42.1419224	-104.3463979
56600504	560159577002	1	87000	42.1334170	-104.3424218
56600505	560159577002	1	239000	42.1344781	-104.3416315
56600506	560159577002	1	80000	42.1344766	-104.3416493
56600507	560159577002	1	59300	42.1342494	-104.3423639
56600508	560159577002	1	145200	42.1329874	-104.3419376
56600509	560159577002	1	44000	42.1344939	-104.3414239
56600510	560159577002	1	36000	42.1337862	-104.3424562
56600511	560159577002	1	13000	42.1420153	-104.3461553
56600512	560159577002	1	101020	42.1331159	-104.3414886
56600513	560159577002	1	36600	42.1331977	-104.3418535
56600514	560159577002	1	59000	42.1330991	-104.3421910
56600515	560159577002	1	59000	42.1416316	-104.3465159
56600516	560159577002	1	100000	42.1332951	-104.3417670
56600517	560159577002	1	42000	42.1416982	-104.3460063
56600518	560159577002	1	165010	42.1346373	-104.3417438
56600519	560159577002	1	48700	42.1338203	-104.3444647
56600520	560159577002	1	43000	42.1337554	-104.3447286
56600521	560159577002	1	154100	42.1417306	-104.3460973
56600522	560159577002	1	37400	42.1413747	-104.3463306
56600523	560159577002	1	17500	42.1341191	-104.3444777
56600524	560159577002	1	36900	42.1335047	-104.3449157
56600525	560159577002	1	67000	42.1334546	-104.3444225
56600526	560159577002	1	32200	42.1345787	-104.3419260
56600527	560159577002	1	29150	42.1333213	-104.3432095
56600528	560159577002	1	31400	42.1342187	-104.3441972
56600529	560159577002	1	103400	42.1333331	-104.3436255
56600530	560159577002	1	124000	42.1334744	-104.3433338
56600531	560159577002	1	96670	42.1334316	-104.3432956
56600532	560159577002	1	39000	42.1328194	-104.3430063
56600533	560159577002	1	32800	42.1368460	-104.3461649
56600534	560159577002	1	85000	42.1414769	-104.3472240
56600535	560159577002	1	64200	42.1418946	-104.3458285
56600536	560159577002	1	35100	42.1369362	-104.3466287
56600537	560159577002	1	49000	42.1374849	-104.3465932
56600538	560159577002	1	47500	42.1372980	-104.3461590
56600539	560159577002	1	96000	42.1376726	-104.3499971
56600540	560159577002	1	43300	42.1418797	-104.3474082
56600541	560159577002	1	62100	42.1415750	-104.3475621
56600542	560159577002	1	63000	42.1413487	-104.3470997
56600543	560159577002	1	28180	42.1383143	-104.3495939
56600544	560159577002	1	29300	42.1383319	-104.3492579
56600545	560159577002	1	71100	42.1378347	-104.3497045
56600546	560159577002	1	20000	42.1368148	-104.3455579
56600547	560159577002	1	38001	42.1359006	-104.3481727
56600548	560159577002	1	38900	42.1418463	-104.3449235
56600549	560159577002	1	130500	42.1419740	-104.3457557
56600550	560159577002	1	82300	42.1422137	-104.3451331
56600551	560159577002	1	85000	42.1363608	-104.3487545
56600552	560159577002	1	42000	42.1361934	-104.3483977
56600553	560159577002	1	11500	42.1367641	-104.3479857
56600554	560159577002	1	95000	42.1367042	-104.3455581
56600555	560159577002	1	32800	42.1405104	-104.3479003
56600556	560159577002	1	66300	42.1405953	-104.3472471
56600557	560159577002	1	43700	42.1410732	-104.3478191
56600558	560159577002	1	33400	42.1365106	-104.3471240
56600559	560159577002	1	160000	42.1360874	-104.3471407
56600560	560159577002	1	67000	42.1368200	-104.3465445
56600561	560159577002	1	57000	42.1369501	-104.3454845
56600562	560159577002	1	32700	42.1361915	-104.3419256
56600563	560159577002	1	45200	42.1392010	-104.3494545
56600564	560159577002	1	32400	42.1354439	-104.3453767
56600565	560159577002	1	32000	42.1360065	-104.3458118
56600566	560159577002	1	46000	42.1392050	-104.3502055
56600567	560159577002	1	55000	42.1353288	-104.3458338
56600568	560159577002	1	57900	42.1386861	-104.3495451
56600569	560159577002	1	32400	42.1358803	-104.3426216
56600570	560159577002	1	98000	42.1363336	-104.3447317
56600571	560159577002	1	45000	42.1366982	-104.3441767
56600572	560159577002	1	59000	42.1363164	-104.3452248
56600573	560159577002	1	14000	42.1360776	-104.3442170
56600574	560159577002	1	25000	42.1359728	-104.3446529
56600575	560159577002	1	40500	42.1356065	-104.3446076
56600576	560159577002	1	77400	42.1353790	-104.3420868
56600577	560159577002	1	56000	42.1352464	-104.3486555
56600578	560159577002	1	26800	42.1356553	-104.3482099
56600579	560159577002	1	45000	42.1363261	-104.3499195
56600580	560159577002	1	30480	42.1355295	-104.3484526
56600581	560159577002	1	137500	42.1357770	-104.3498264
56600582	560159577002	1	35780	42.1438855	-104.3506010
56600583	560159577002	1	31400	42.1247416	-104.3471059
56600584	560159577002	1	29700	42.1032449	-104.2649229
56600585	560159577002	1	27200	42.1243426	-104.3466151
56600586	560159577002	1	62000	42.1386453	-104.3457099
56600587	560159577002	1	23900	42.1383527	-104.3467750
56600588	560159577002	1	45000	42.1354633	-104.3409000
56600589	560159577002	1	28900	42.1357169	-104.3427683
56600590	560159577002	1	53400	42.1358362	-104.3413428
56600591	560159577002	1	41800	42.1383532	-104.3467663
56600592	560159577002	1	72000	42.1341037	-104.3407062
56600593	560159577002	1	80000	42.1344440	-104.3404677
56600594	560159577002	1	43000	42.1407697	-104.3484670
56600595	560159577002	1	24900	42.1411407	-104.3458606
56600596	560159577002	1	85000	42.1402674	-104.3495365
56600597	560159577002	1	33200	42.1385367	-104.3464522
56600598	560159577002	1	26360	42.1406586	-104.3496696
56600599	560159577002	1	30600	42.1411991	-104.3458695
56600600	560159577002	1	58700	42.1412674	-104.3506172
56600601	560159577002	1	32700	42.1416901	-104.3499815
56600602	560159577002	1	57900	42.1410180	-104.3487197
56600603	560159577002	1	38500	42.1384499	-104.3449694
56600604	560159577002	1	33400	42.1394222	-104.3480537
56600605	560159577002	1	76500	42.1387355	-104.3477836
56600606	560159577002	1	9600	42.1334827	-104.3451324
56600607	560159577002	1	84100	42.1386979	-104.3452826
56600608	560159577002	1	10500	42.1341592	-104.3460215
56600609	560159577002	1	27000	42.1377134	-104.3384475
56600610	560159577002	1	80000	42.1326003	-104.3450499
56600611	560159577002	1	33900	42.1395926	-104.3450440
56600612	560159577002	1	46100	42.1383605	-104.3514340
56600613	560159577002	1	49000	42.1425650	-104.3502287
56600614	560159577002	1	102000	42.1422287	-104.3502304
56600615	560159577002	1	178000	42.1385354	-104.3516372
56600616	560159577002	1	122000	42.1378495	-104.3620119
56600617	560159577002	1	25800	42.1380251	-104.3622778
56600618	560159577002	1	65100	42.1333262	-104.3470811
56600619	560159577002	1	60000	42.1345595	-104.3462924
56600620	560159577002	1	41000	42.1353062	-104.3473449
56600621	560159577002	1	144200	42.1355902	-104.3473718
56600622	560159577002	1	25200	42.1342145	-104.3458817
56600623	560159577002	1	67500	42.1342910	-104.3467282
56600624	560159577002	1	15300	42.1345991	-104.3458232
56600625	560159577002	1	26010	42.1438549	-104.3461826
56600626	560159577002	1	93900	42.1388239	-104.3458290
56600627	560159577002	1	67700	42.1394841	-104.3479623
56600628	560159577002	1	16000	42.1368999	-104.3439125
56600629	560159577002	1	47210	42.1411406	-104.3452590
56600630	560159577002	1	37400	42.1373912	-104.3417413
56600631	560159577002	1	20700	42.1374534	-104.3450334
56600632	560159577002	1	40200	42.1416635	-104.3492739
56600633	560159577002	1	28700	42.1438136	-104.3482785
56600634	560159577002	1	14800	42.1384328	-104.3423077
56600635	560159577002	1	61700	42.1374386	-104.3511794
56600636	560159577002	1	55000	42.1425823	-104.3478924
56600637	560159577002	1	43200	42.1370434	-104.3421038
56600638	560159577002	1	28300	42.1377067	-104.3504518
56600639	560159577002	1	17500	42.0888902	-104.3425119
56600640	560159577002	1	35000	42.0971031	-104.2694597
56600641	560159577002	1	43300	42.1328702	-104.3437211
56600642	560159577002	1	37000	42.1396504	-104.3598488
56600643	560159577002	1	67700	42.0757235	-104.2802102
56600644	560159577002	1	28300	42.1390991	-104.3436120
56600645	560159577002	1	39000	42.0885056	-104.3409694
56600646	560159577002	1	38000	42.1437936	-104.3427369
56600647	560159577002	1	30800	42.0769177	-104.2816143
56600648	560159577002	1	42300	42.0775013	-104.2824249
56600649	560159577002	1	97000	42.1402394	-104.3582898
56600650	560159577002	1	89300	42.1399399	-104.3465436
56600651	560159577002	1	37500	42.0762351	-104.2825674
56600652	560159577002	1	39050	42.1389930	-104.3559262
56600653	560159577002	1	75000	42.1401371	-104.3508680
56600654	560159577002	1	39600	42.1378442	-104.3438830
56600655	560159577002	1	63450	42.0755844	-104.2797228
56600656	560159577002	1	27800	42.0973956	-104.2681240
56600657	560159577002	1	222080	42.1424736	-104.3454290
56600658	560159577002	1	65200	42.1415346	-104.3510767
56600659	560159577002	1	29200	42.0753563	-104.2806724
56600660	560159577002	1	57300	42.0757015	-104.2817150
56600661	560159577002	1	55000	42.1419449	-104.3534353
56600662	560159577002	1	32300	42.1406497	-104.3511475
56600663	560159577002	1	20800	42.1383251	-104.3435197
56600664	560159577002	1	55000	42.0971770	-104.2656285
56600665	560159577002	1	16000	42.1729112	-104.3145748
56600666	560159577002	1	10550	42.1410802	-104.3610033
56600667	560159577002	1	87000	42.1427012	-104.3434853
56600668	560159577002	1	91900	42.1421648	-104.3556355
56600669	560159577002	1	37000	42.1438811	-104.3556453
56600670	560159577002	1	95100	42.1435464	-104.3539013
56600671	560159577002	1	27000	42.0668056	-104.3062301
56600672	560159577002	1	57000	42.1415300	-104.3537464
56600673	560159577002	1	23900	42.1722321	-104.3164084
56600674	560159577002	1	27800	42.1035716	-104.2794056
56600675	560159577002	1	37000	42.1027693	-104.2733455
56600676	560159577002	1	46300	42.1412957	-104.3551625
56600677	560159577002	1	33400	42.0998373	-104.2732888
56600678	560159577002	1	40270	42.1421113	-104.3566176
56600679	560159577002	1	82300	42.0993690	-104.2718934
56600680	560159577002	1	122300	42.1425883	-104.3552169
56600681	560159577002	1	36000	42.1438367	-104.3496342
56600682	560159577002	1	109000	42.1435677	-104.3456866
56600683	560159577002	1	84000	42.0822660	-104.3125172
56600684	560159577002	1	96700	42.1395937	-104.3538505
56600685	560159577002	1	25000	42.1407439	-104.3542814
56600686	560159577002	1	84000	42.1417492	-104.3525804
56600687	560159577002	1	79700	42.1405381	-104.3553933
56600688	560159577002	1	32200	42.1403903	-104.3561891
56600689	560159577002	1	26500	42.1407667	-104.3523006
56600690	560159577002	1	96900	42.1408631	-104.3565026
56600691	560159577002	1	65000	42.0982049	-104.2696330
56600692	560159577002	1	20200	42.0881713	-104.3426046
56600693	560159577002	1	56900	42.1395654	-104.3543678
56600694	560159577002	1	67400	42.1394073	-104.3527868
56600695	560159577002	1	32700	42.1381952	-104.3527927
56600696	560159577002	1	24701	42.1388564	-104.3519445
56600697	560159577002	1	43000	42.1383374	-104.3534949
56600698	560159577002	1	41280	42.1048822	-104.2768404
56600699	560159577002	1	60800	42.1029029	-104.2783391
56600700	560159577002	1	22800	42.1367231	-104.3384540
56600701	560159577002	1	71000	42.0878312	-104.3398904
56600702	560159577002	1	98000	42.1033255	-104.2735669
56600703	560159577002	1	27400	42.1027739	-104.2718505
56600704	560159577002	1	61000	42.1032797	-104.2751286
56600705	560159577002	1	40700	42.1042162	-104.2764998
56600706	560159577002	1	94600	42.1033660	-104.2759149
56600707	560159577002	1	30000	42.1045834	-104.2754296
56600708	560159577002	1	52300	42.0887140	-104.3402080
56600709	560159577002	1	153800	42.1032337	-104.2770418
56600710	560159577002	1	23900	42.1027629	-104.2762413
56600711	560159577002	1	71500	42.1044634	-104.2777937
56600712	560159577002	1	50000	42.1046824	-104.2756542
56600713	560159577002	1	66300	42.1060968	-104.2805105
56600714	560159577002	1	25000	42.1058248	-104.2789500
56600715	560159577002	1	36000	42.1069457	-104.2788977
56600716	560159577002	1	53200	42.1064806	-104.2769167
56600717	560159577002	1	101500	42.1066494	-104.2805589
56600718	560159577002	1	15300	42.1060197	-104.2777399
56600719	560159577002	1	46000	42.1044538	-104.2783880
56600720	560159577002	1	33000	42.1052208	-104.2792405
56600721	560159577002	1	55000	42.1005410	-104.2648593
56600722	560159577002	1	50600	42.1110235	-104.2943380
56600723	560159577002	1	81600	42.1076616	-104.2799050
56600724	560159577002	1	12400	42.1042181	-104.2786775
56600725	560159577002	1	153800	42.1056554	-104.2811467
56600726	560159577002	1	46500	42.1067788	-104.2812019
56600727	560159577002	1	54600	42.0568967	-104.2770489
56600728	560159577002	1	86470	42.1061399	-104.2826051
56600729	560159577002	1	56440	42.1075444	-104.2809138
56600730	560159577002	1	125000	42.1080771	-104.2794757
56600731	560159577002	1	60200	42.1055263	-104.2819556
56600732	560159577002	1	117600	42.1085916	-104.2812019
56600733	560159577002	1	78000	42.1047643	-104.2827818
56600734	560159577002	1	19410	42.1082314	-104.2800159
56600735	560159577002	1	55000	42.1051139	-104.2807962
56600736	560159577002	1	18000	42.1081958	-104.2883210
56600737	560159577002	1	36000	42.1076531	-104.2820460
56600738	560159577002	1	72000	42.1077550	-104.2879947
56600739	560159577002	1	42800	42.1080631	-104.2860344
56600740	560159577002	1	43300	42.1070256	-104.2863768
56600741	560159577002	1	32000	42.1081357	-104.2824080
56600742	560159577002	1	12500	42.1071923	-104.2878375
56600743	560159577002	1	40000	42.1082023	-104.2907762
56600744	560159577002	1	32400	42.1082791	-104.2888968
56600745	560159577002	1	50500	42.1092402	-104.2928412
56600746	560159577002	1	40000	42.1435069	-104.3416979
56600747	560159577002	1	24800	42.1098882	-104.2930021
56600748	560159577002	1	34000	42.1114238	-104.2948828
56600749	560159577002	1	38000	42.0863405	-104.3400342
56600750	560159577002	1	323800	42.1089529	-104.2903912
56600751	560159577002	1	26200	42.1078369	-104.2894268
56600752	560159577002	1	41900	42.1021913	-104.2745235
56600753	560159577002	1	43100	42.1059700	-104.2855643
56600754	560159577002	1	71000	42.1036695	-104.2805438
56600755	560159577002	1	49100	42.1055788	-104.2839259
56600756	560159577002	1	73410	42.1433272	-104.3498542
56600757	560159577002	1	33400	42.0740377	-104.3056193
56600758	560159577002	1	51000	42.1091079	-104.2876637
56600759	560159577002	1	20000	42.1071944	-104.2788286
56600760	560159577002	1	96000	42.1096651	-104.2913677
56600761	560159577002	1	134000	42.1730960	-104.3152738
56600762	560159577002	1	29000	42.1105109	-104.2933466
56600763	560159577002	1	39000	42.1039100	-104.2660700
56600764	560159577002	1	87000	42.1755688	-104.3083128
56600765	560159577002	1	59050	42.0997523	-104.2736955
56600766	560159577002	1	18200	42.1063692	-104.2763151
56600767	560159577002	1	96000	42.1716076	-104.3156895
56600768	560159577002	1	37500	42.1067932	-104.2768799
56600769	560159577002	1	81000	42.1024910	-104.2766416
56600770	560159577002	1	42800	42.0818257	-104.3225936
56600771	560159577002	1	89000	42.1119773	-104.3997257
56600772	560159577002	1	24701	42.1089995	-104.2851868
56600773	560159577002	1	28000	42.1749044	-104.3095801
56600774	560159577002	1	38400	42.0820431	-104.3151870
56600775	560159577002	1	32000	42.0816100	-104.3132806
56600776	560159577002	1	58300	42.1070391	-104.2844252
56600777	560159577002	1	48000	42.1416188	-104.3439371
56600778	560159577002	1	51000	42.1043265	-104.2733979
56600779	560159577002	1	100000	42.1084385	-104.2838632
56600780	560159577002	1	20000	42.1080852	-104.2856305
56600781	560159577002	1	37500	42.1445154	-104.3491928
56600782	560159577002	1	39500	42.1054027	-104.2752283
56600783	560159577002	1	26360	42.0866544	-104.3431864
56600784	560159577002	1	70000	42.1092590	-104.2789833
56600785	560159577002	1	34500	42.1095026	-104.2899622
56600786	560159577002	1	51000	42.1090512	-104.2801946
56600787	560159577002	1	46100	42.1428631	-104.3445779
56600788	560159577002	1	33000	42.1433942	-104.3437292
56600789	560159577002	1	61460	42.0860152	-104.3426363
56600790	560159577002	1	26360	42.1091499	-104.2828162
56600791	560159577002	1	38900	42.0871660	-104.3425559
56600792	560159577002	1	66770	42.1423776	-104.3485734
56600793	560159577002	1	131500	42.0870896	-104.3411962
56600794	560159577002	1	40000	42.0862324	-104.3406266
56600795	560159577002	1	36000	42.0873698	-104.3433927
56600796	560159577002	1	30500	42.0878246	-104.3436838
56600797	560159577002	1	28300	42.1702242	-104.4348035
56600798	560159577002	1	26000	42.1091611	-104.2810392
56600799	560159577002	1	84500	42.1054217	-104.2849036
56600800	560159577002	1	80430	42.0578270	-104.2771298
56600801	560159577002	1	72000	42.0749081	-104.3005227
56600802	560159577002	1	110200	42.1061527	-104.2835257
56600803	560159577002	1	32800	42.1035800	-104.2719942
56600804	560159577002	1	60000	42.1118776	-104.2986190
56600805	560159577002	1	46100	42.1028603	-104.2711514
56600806	560159577002	1	21500	42.1426993	-104.3423580
56600807	560159577002	1	30000	42.1088505	-104.2859385
56600808	560159577002	1	83000	42.0742821	-104.3006002
56600809	560159577002	1	37000	42.1033282	-104.2699988
56600810	560159577002	1	23300	42.0990336	-104.2703989
56600811	560159577002	1	35200	42.1244479	-104.3260523
56600812	560159577002	1	59000	42.1079411	-104.2773824
56600813	560159577002	1	54600	42.1131022	-104.3017972
56600814	560159577002	1	37000	42.1084089	-104.2783016
56600815	560159578001	1	14000	42.0625192	-104.1836954
56600816	560159578001	1	29000	42.0689870	-104.1882696
56600817	560159578001	1	120000	42.0634060	-104.1834219
56600818	560159578001	1	11300	42.0638483	-104.1832841
56600819	560159578001	1	20200	42.0633314	-104.1846430
56600820	560159578001	1	103300	42.0685621	-104.1856691
56600821	560159578001	1	90000	42.0629633	-104.1840875
56600822	560159578001	1	53000	42.0653341	-104.1861642
56600823	560159578001	1	40000	42.0705196	-104.1869633
56600824	560159578001	1	76000	42.0694390	-104.1847749
56600825	560159578001	1	18000	42.0661023	-104.1834915
56600826	560159578001	1	40000	42.0659321	-104.1839930
56600827	560159578001	1	63840	42.0658360	-104.1832197
56600828	560159578001	1	18000	42.0657219	-104.1837120
56600829	560159578001	1	102400	42.0656883	-104.1840391
56600830	560159578001	1	33200	42.0665329	-104.1830530
56600831	560159578001	1	11300	42.0692901	-104.1857367
56600832	560159578001	1	0	42.0696553	-104.1851123
56600833	560159578001	1	9600	42.0658320	-104.1834898
56600834	560159578001	1	23000	42.0699725	-104.1852511
56600835	560159578001	1	47100	42.0699181	-104.1847443
56600836	560159578001	1	26500	42.0693681	-104.1851214
56600837	560159578001	1	14600	42.0691850	-104.1847942
56600838	560159578001	1	21710	42.0702680	-104.1868483
56600839	560159578001	1	18400	42.0664860	-104.1885288
56600840	560159578001	1	12000	42.0693976	-104.1871336
56600841	560159578001	1	62100	42.0647075	-104.1859295
56600842	560159578001	1	19300	42.0646655	-104.1855403
56600843	560159578001	1	8590	42.0653454	-104.1864594
56600844	560159578001	1	22800	42.0651930	-104.1858872
56600845	560159578001	1	58100	42.0649828	-104.1852851
56600846	560159578001	1	153200	42.0648588	-104.1863413
56600847	560159578001	1	35000	42.0669970	-104.1884032
56600848	560159578001	1	38000	42.0692770	-104.1878883
56600849	560159578001	1	6500	42.0691828	-104.1870099
56600850	560159578001	1	376500	42.0696006	-104.1878808
56600851	560159578001	1	12800	42.0719177	-104.1852479
56600852	560159578001	1	98000	42.0696025	-104.1874993
56600853	560159578001	1	13980	42.0695087	-104.1876207
56600854	560159578001	1	80000	42.0706181	-104.1859489
56600855	560159578001	1	89000	42.0659213	-104.1848771
56600856	560159578001	1	18000	42.0660078	-104.1863214
56600857	560159578001	1	102600	42.0658796	-104.1856600
56600858	560159578001	1	16300	42.0655767	-104.1854240
56600859	560159578001	1	60000	42.0660825	-104.1847437
56600860	560159578001	1	106100	42.0658267	-104.1862513
56600861	560159578001	1	32100	42.0663253	-104.1862591
56600862	560159578001	1	75000	42.0654534	-104.1878944
56600863	560159578001	1	19000	42.0663292	-104.1847686
56600864	560159578001	1	78000	42.0660223	-104.1848175
56600865	560159578001	1	36500	42.0655912	-104.1842250
56600866	560159578001	1	24900	42.0657344	-104.1882517
56600867	560159578001	1	20100	42.0660034	-104.1884218
56600868	560159578001	1	89600	42.0659772	-104.1887454
56600869	560159578001	1	81000	42.0699630	-104.1880717
56600870	560159578001	1	9700	42.0682246	-104.1858826
56600871	560159578001	1	18000	42.0666429	-104.1840761
56600872	560159578001	1	60000	42.0668700	-104.1878827
56600873	560159578001	1	44000	42.0703670	-104.1862762
56600874	560159578001	1	19200	42.0700219	-104.1859500
56600875	560159578001	1	14000	42.0663874	-104.1874141
56600876	560159578001	1	27800	42.0669250	-104.1870571
56600877	560159578001	1	55000	42.0665179	-104.1874354
56600878	560159578001	1	67400	42.0666513	-104.1831080
56600879	560159578001	1	24000	42.0679261	-104.1832203
56600880	560159578001	1	67100	42.0664725	-104.1877200
56600881	560159578001	1	21030	42.0675125	-104.1839604
56600882	560159578001	1	36000	42.0673199	-104.1841100
56600883	560159578001	1	100500	42.0675149	-104.1837012
56600884	560159578001	1	15000	42.0678020	-104.1841050
56600885	560159578001	1	12000	42.0683372	-104.1859391
56600886	560159578001	1	50060	42.0707463	-104.1845107
56600887	560159578001	1	70000	42.0659426	-104.1869299
56600888	560159578001	1	31000	42.0666038	-104.1840421
56600889	560159578001	1	101600	42.0662802	-104.1870704
56600890	560159578001	1	12400	42.0706917	-104.1838355
56600891	560159578001	1	68800	42.0658252	-104.1869792
56600892	560159578001	1	116200	42.0654374	-104.1874263
56600893	560159578001	1	16700	42.0684630	-104.1862884
56600894	560159578001	1	13200	42.0683906	-104.1876810
56600895	560159578001	1	23100	42.0703564	-104.1842543
56600896	560159578001	1	9700	42.0706424	-104.1847104
56600897	560159578001	1	19600	42.0682499	-104.1873464
56600898	560159578001	1	23100	42.0685036	-104.1876828
56600899	560159578001	1	16500	42.0685465	-104.1874791
56600900	560159578001	1	20000	42.0702396	-104.1874119
56600901	560159578001	1	65000	42.0677252	-104.1856048
56600902	560159578001	1	14000	42.0712186	-104.1869890
56600903	560159578001	1	20000	42.0701729	-104.1886684
56600904	560159578001	1	40000	42.0686097	-104.1866185
56600905	560159578001	1	7400	42.0708522	-104.1863351
56600906	560159578001	1	77800	42.0700752	-104.1886276
56600907	560159578001	1	24100	42.0699634	-104.1886200
56600908	560159578001	1	21000	42.0713409	-104.1836386
56600909	560159578001	1	20000	42.0699444	-104.1858562
56600910	560159578001	1	30900	42.0701453	-104.1831874
56600911	560159578001	1	197400	42.0694645	-104.1860341
56600912	560159578001	1	16000	42.0716125	-104.1846145
56600913	560159578001	1	35000	42.0693986	-104.1860207
56600914	560159578001	1	37100	42.0717712	-104.1847903
56600915	560159578001	1	57000	42.0709587	-104.1883625
56600916	560159578001	1	60000	42.0668012	-104.1842770
56600917	560159578001	1	64300	42.0671796	-104.1866296
56600918	560159578001	1	54000	42.0675560	-104.1858463
56600919	560159578001	8	74030	42.0673490	-104.1853299
56600920	560159578001	1	21400	42.0671666	-104.1863038
56600921	560159578001	1	26000	42.0674254	-104.1843454
56600922	560159578001	1	85000	42.0714405	-104.1882553
56600923	560159578001	1	71500	42.0653412	-104.1880884
56600924	560159578001	1	40000	42.0673042	-104.1845865
56600925	560159578001	1	9900	42.0713086	-104.1887716
56600926	560159578001	1	22700	42.0691709	-104.1883224
56600927	560159578001	1	20000	42.0674433	-104.1868401
56600928	560159578001	1	14400	42.0679956	-104.1877928
56600929	560159578001	1	18200	42.0649907	-104.1872123
56600930	560159578001	1	118300	42.0625905	-104.1837892
56600931	560159578001	1	14000	42.0652339	-104.1876538
56600932	560159578001	1	80000	42.0674062	-104.1885783
56600933	560159578001	1	92000	42.0672796	-104.1886807
56600934	560159578001	1	20200	42.0678474	-104.1880912
56600935	560159578001	1	24000	42.0635818	-104.1856241
56600936	560159578001	1	78000	42.0701015	-104.1849732
56600937	560159578001	1	13000	42.0716045	-104.1851027
56600938	560159578001	1	17000	42.0679364	-104.1883346
56600939	560159578001	1	16800	42.0672426	-104.1885959
56600940	560159578001	1	14000	42.0674501	-104.1881206
56600941	560159578001	1	6200	42.0674520	-104.1883647
56600942	560159578001	1	32100	42.0674507	-104.1883591
56600943	560159578001	1	13500	42.0674760	-104.1883847
56600944	560159578001	1	95900	42.0674084	-104.1887311
56600945	560159578001	1	35001	42.0674957	-104.1884978
56600946	560159578001	1	20000	42.0678374	-104.1882341
56600947	560159578001	1	39600	42.0671444	-104.1881480
56600948	560159578001	1	15120	42.0681875	-104.1881311
56600949	560159578001	1	18000	42.0685657	-104.1883917
56600950	560159578001	1	24000	42.0676029	-104.1885675
56600951	560159578001	1	7810	42.0686873	-104.1887634
56600952	560159578001	1	41500	42.0686565	-104.1886066
56600953	560159578001	1	40700	42.0681102	-104.1882604
56600954	560159578001	1	27600	42.0684005	-104.1881960
56600955	560159578001	1	17000	42.0676135	-104.1869310
56600956	560159578001	1	30900	42.0645681	-104.1872603
56600957	560159578001	1	20800	42.0647479	-104.1876533
56600958	560159578001	1	23000	42.0649226	-104.1876567
56600959	560159578001	1	77800	42.0650595	-104.1870307
56600960	560159578001	1	18700	42.0646938	-104.1867942
56600961	560159578001	1	44100	42.0645804	-104.1874508
56600962	560159578001	1	162000	42.0677593	-104.1869635
56600963	560159578001	1	17800	42.0678793	-104.1875212
56600964	560159578001	1	60430	42.0645426	-104.1876155
56600965	560159578001	1	141400	42.0677679	-104.1879667
56600966	560159578001	1	42960	42.0651211	-104.1866302
56600967	560159578001	1	370	42.0674900	-104.1875661
56600968	560159578001	1	13000	42.0679542	-104.1868680
56600969	560159578001	1	23000	42.0646653	-104.1874703
56600970	560159578001	1	22150	42.0651295	-104.1867301
56600971	560159578001	1	21500	42.0676746	-104.1868771
56600972	560159578001	1	47304	42.0678717	-104.1873880
56600973	560159578001	1	22600	42.0676349	-104.1874890
56600974	560159578001	1	20200	42.0691502	-104.1887208
56600975	560159578001	1	15300	42.0661072	-104.1839574
56600976	560159578001	1	50000	42.0682729	-104.1852957
56600977	560159578001	1	147200	42.0693209	-104.1885382
56600978	560159578001	1	18600	42.0689352	-104.1846387
56600979	560159578001	1	21710	42.0699953	-104.1845341
56600980	560159578001	1	50000	42.0690092	-104.1842867
56600981	560159578001	1	27800	42.0688360	-104.1838448
56600982	560159578001	1	50000	42.0690721	-104.1884364
56600983	560159578001	1	20000	42.0690370	-104.1887626
56600984	560159578001	1	52320	42.0685580	-104.1837479
56600985	560159578001	1	1800	42.0692018	-104.1834946
56600986	560159578001	1	13530	42.0689574	-104.1840511
56600987	560159578001	1	109000	42.0694442	-104.1837230
56600988	560159578001	1	17000	42.0691369	-104.1845362
56600989	560159578001	1	64500	42.0684132	-104.1841920
56600990	560159578001	1	13970	42.0686803	-104.1843968
56600991	560159578001	1	9300	42.0699190	-104.1837935
56600992	560159578001	1	29000	42.0691542	-104.1836326
56600993	560159578001	1	34400	42.0693660	-104.1845002
56600994	560159578001	8	24000	42.0685491	-104.1855369
56600995	560159578001	1	100000	42.0693384	-104.1833361
56600996	560159578001	1	18800	42.0697454	-104.1845426
56600997	560159578001	1	25600	42.0699700	-104.1842937
56600998	560159578001	1	45600	42.0698896	-104.1844846
56600999	560159578001	8	74030	42.0694886	-104.1833039
56601000	560159578001	1	45800	42.0700046	-104.1841429
56601001	560159578001	1	14400	42.0700010	-104.1833359
56601002	560159578001	1	117600	42.0691382	-104.1845566
56601003	560159578001	1	95100	42.0686326	-104.1845428
56601004	560159578001	1	76000	42.0696744	-104.1832629
56601005	560159578001	1	157000	42.0688022	-104.1848433
56601006	560159578001	1	17100	42.0686775	-104.1845763
56601007	560159578001	1	24000	42.0682884	-104.1845730
56601008	560159578001	1	35300	42.0683687	-104.1852403
56601009	560159578001	1	18600	42.0651423	-104.1855941
56601010	560159578001	1	10000	42.0694660	-104.1845795
56601011	560159578001	1	106300	42.0658544	-104.1839685
56601012	560159578001	1	13000	42.0656548	-104.1836196
56601013	560159578001	1	11100	42.0660108	-104.1835162
56601014	560159578001	1	18200	42.0695435	-104.1853204
56601015	560159578001	1	28400	42.0658474	-104.1836276
56601016	560159578001	1	40000	42.0659829	-104.1832307
56601017	560159578001	1	38000	42.0651546	-104.1857643
56601018	560159578001	1	14000	42.0693595	-104.1857110
56601019	560159578001	1	38000	42.0699409	-104.1847508
56601020	560159578001	1	11750	42.0693369	-104.1853151
56601021	560159578001	1	66800	42.0647522	-104.1859263
56601022	560159578001	1	17600	42.0691776	-104.1848788
56601023	560159578001	1	120400	42.0698608	-104.1854900
56601024	560159578001	1	20000	42.0692730	-104.1870474
56601025	560159578001	1	13604	42.0652949	-104.1858061
56601026	560159578001	1	74200	42.0647678	-104.1853923
56601027	560159578001	1	51000	42.0649699	-104.1857165
56601028	560159578001	1	45000	42.0697233	-104.1874248
56601029	560159578001	1	90000	42.0646229	-104.1855980
56601030	560159578001	1	58000	42.0696402	-104.1877814
56601031	560159578001	1	17600	42.0690793	-104.1853548
56601032	560159578001	1	101600	42.0690698	-104.1856699
56601033	560159578001	1	80000	42.0687879	-104.1851033
56601034	560159578001	1	72500	42.0649289	-104.1872111
56601035	560159578001	1	20200	42.0684189	-104.1848254
56601036	560159578001	1	89000	42.0675107	-104.1881755
56601037	560159578001	1	20700	42.0651900	-104.1875944
56601038	560159578001	1	77800	42.0675210	-104.1882692
56601039	560159578001	1	11500	42.0678550	-104.1886429
56601040	560159578001	1	35100	42.0677073	-104.1880556
56601041	560159578001	1	40800	42.0677390	-104.1884466
56601042	560159578001	1	167200	42.0652670	-104.1870811
56601043	560159578001	1	30000	42.0676433	-104.1884789
56601044	560159578001	1	7800	42.0674862	-104.1880324
56601045	560159578001	1	24000	42.0672687	-104.1880100
56601046	560159578001	1	17000	42.0675599	-104.1880766
56601047	560159578001	1	9600	42.0679170	-104.1885367
56601048	560159578001	1	20000	42.0677166	-104.1885190
56601049	560159578001	1	16800	42.0679562	-104.1881970
56601050	560159578001	1	19200	42.0645843	-104.1866654
56601051	560159578001	1	36600	42.0649075	-104.1874528
56601052	560159578001	1	12400	42.0685511	-104.1883610
56601053	560159578001	1	22800	42.0681918	-104.1884446
56601054	560159578001	1	13500	42.0653115	-104.1869921
56601055	560159578001	1	23100	42.0646081	-104.1871007
56601056	560159578001	1	18000	42.0651581	-104.1867078
56601057	560159578001	1	89300	42.0687172	-104.1855901
56601058	560159578001	1	69000	42.0691432	-104.1836851
56601059	560159578001	1	78400	42.0677015	-104.1868607
56601060	560159578001	1	8000	42.0650237	-104.1873083
56601061	560159578001	1	71000	42.0680628	-104.1875137
56601062	560159578001	1	15780	42.0648930	-104.1873616
56601063	560159578001	1	100000	42.0650941	-104.1875202
56601064	560159578001	8	20000	42.0653668	-104.1874707
56601065	560159578001	1	21000	42.0679272	-104.1868436
56601066	560159578001	1	15500	42.0673558	-104.1870081
56601067	560159578001	1	44000	42.0677086	-104.1872406
56601068	560159578001	1	17040	42.0679251	-104.1868871
56601069	560159578001	1	72000	42.0680248	-104.1868848
56601070	560159578001	1	21100	42.0674083	-104.1876753
56601071	560159578001	1	11860	42.0672611	-104.1876388
56601072	560159578001	1	56000	42.0687772	-104.1841462
56601073	560159578001	1	21000	42.0694060	-104.1885167
56601074	560159578001	1	15300	42.0695460	-104.1886934
56601075	560159578001	1	27000	42.0672639	-104.1872019
56601076	560159578001	1	40000	42.0672117	-104.1875619
56601077	560159578001	1	18000	42.0694362	-104.1885405
56601078	560159578001	1	18000	42.0694748	-104.1885932
56601079	560159578001	1	57500	42.0697652	-104.1887239
56601080	560159578001	1	40700	42.0683620	-104.1832369
56601081	560159578001	1	20000	42.0689947	-104.1843480
56601082	560159578001	1	51000	42.0689383	-104.1884683
56601083	560159578001	1	66900	42.0683698	-104.1834304
56601084	560159578001	1	32000	42.0685315	-104.1836337
56601085	560159578001	1	60000	42.0684628	-104.1832988
56601086	560159578001	1	19300	42.0691237	-104.1838045
56601087	560159578001	1	22500	42.0685402	-104.1851791
56601088	560159578001	1	80050	42.0696262	-104.1831630
56601089	560159578001	1	12830	42.0683412	-104.1841055
56601090	560159578001	1	65000	42.0699822	-104.1845171
56601091	560159578001	8	61000	42.0694693	-104.1843751
56601092	560159578001	1	22800	42.0701009	-104.1836750
56601093	560159578001	1	30000	42.0693209	-104.1837019
56601094	560159578001	1	25100	42.0697732	-104.1832121
56601095	560159578001	1	30600	42.0695046	-104.1834782
56601096	560159578001	1	15600	42.0700015	-104.1835015
56601097	560159578001	1	66600	42.0698134	-104.1840335
56601098	560159578001	1	55000	42.0698892	-104.1831776
56601099	560159578001	1	16600	42.0692551	-104.1836463
56601100	560159578001	1	47500	42.0698597	-104.1832559
56601101	560159578002	1	169300	42.0658035	-104.1901920
56601102	560159578002	1	75000	42.0707335	-104.1901757
56601103	560159578002	1	10000	42.0692640	-104.1899016
56601104	560159578002	1	43200	42.0707826	-104.1903001
56601105	560159578002	1	40100	42.0776411	-104.2155434
56601106	560159578002	1	80000	42.0879961	-104.2125535
56601107	560159578002	1	100500	42.0739417	-104.2012857
56601108	560159578002	1	64100	42.0724680	-104.1896470
56601109	560159578002	1	52000	42.0726919	-104.1896748
56601110	560159578002	1	80000	42.0732848	-104.1895918
56601111	560159578002	1	38000	42.0732414	-104.1892046
56601112	560159578002	1	74120	42.0726718	-104.1898144
56601113	560159578002	1	12000	42.0726594	-104.1888321
56601114	560159578002	1	178720	42.0689140	-104.1901194
56601115	560159578002	1	70000	42.0864959	-104.1948692
56601116	560159578002	1	18400	42.0754151	-104.1889164
56601117	560159578002	1	38200	42.0711088	-104.1901621
56601118	560159578002	1	13800	42.0666068	-104.1915160
56601119	560159578002	1	121800	42.0707074	-104.1898736
56601120	560159578002	1	32100	42.0778066	-104.1888968
56601121	560159578002	1	66800	42.0660491	-104.1902518
56601122	560159578002	1	150000	42.0660792	-104.1890762
56601123	560159578002	1	96500	42.0656635	-104.1891345
56601124	560159578002	1	56004	42.0770024	-104.1889078
56601125	560159578002	9	54700	42.0659672	-104.1897998
56601126	560159578002	1	95001	42.0653259	-104.1898466
56601127	560159578002	1	18800	42.0866157	-104.1944052
56601128	560159578002	1	37700	42.0864876	-104.1930312
56601129	560159578002	1	27400	42.0705145	-104.1890392
56601130	560159578002	1	12000	42.0756246	-104.1887500
56601131	560159578002	1	23100	42.0699532	-104.1889777
56601132	560159578002	1	25200	42.0864964	-104.1931181
56601133	560159578002	1	18000	42.0703957	-104.1895470
56601134	560159578002	1	10000	42.0859219	-104.1938377
56601135	560159578002	1	55000	42.0697270	-104.1898482
56601136	560159578002	1	15120	42.0701823	-104.1903826
56601137	560159578002	1	52500	42.0860291	-104.1927809
56601138	560159578002	1	108200	42.0863081	-104.1929630
56601139	560159578002	1	115000	42.0698145	-104.1897059
56601140	560159578002	9	21600	42.0702041	-104.1899433
56601141	560159578002	1	41200	42.0703222	-104.1901793
56601142	560159578002	1	56004	42.0662101	-104.1907426
56601143	560159578002	1	13970	42.0856400	-104.1925109
56601144	560159578002	1	16800	42.0735559	-104.2090343
56601145	560159578002	1	69000	42.0873173	-104.1942630
56601146	560159578002	1	31800	42.0867169	-104.1939515
56601147	560159578002	1	30100	42.0731755	-104.2083186
56601148	560159578002	1	49100	42.0869801	-104.1946547
56601149	560159578002	1	12400	42.0733911	-104.2088380
56601150	560159578002	1	53000	42.0853641	-104.1925378
56601151	560159578002	1	28800	42.0729276	-104.2083256
56601152	560159578002	1	27800	42.0731873	-104.2093487
56601153	560159578002	1	40000	42.0737040	-104.2094754
56601154	560159578002	1	38200	42.0766138	-104.1889448
56601155	560159578002	1	9900	42.0769130	-104.1888736
56601156	560159578002	1	21710	42.0764529	-104.1888363
56601157	560159578002	1	36000	42.0664008	-104.1914925
56601158	560159578002	1	53000	42.0692693	-104.1948656
56601159	560159578002	1	20100	42.0856207	-104.1918877
56601160	560159578002	1	114900	42.0852501	-104.1915756
56601161	560159578002	1	42800	42.0687674	-104.1946850
56601162	560159578002	1	56410	42.0690837	-104.1943289
56601163	560159578002	1	45900	42.0693655	-104.1948886
56601164	560159578002	1	42000	42.0662214	-104.1912367
56601165	560159578002	1	50000	42.0725625	-104.2035671
56601166	560159578002	1	53400	42.0730531	-104.2034908
56601167	560159578002	1	52900	42.0798951	-104.1890123
56601168	560159578002	1	35000	42.0769958	-104.2109743
56601169	560159578002	1	10970	42.0719341	-104.2041152
56601170	560159578002	1	116000	42.0725176	-104.2041913
56601171	560159578002	2	157500	42.0750255	-104.2095868
56601172	560159578002	1	103600	42.0770160	-104.2103766
56601173	560159578002	1	23000	42.0748467	-104.2084492
56601174	560159578002	1	33000	42.0752345	-104.2110838
56601175	560159578002	1	13000	42.0711127	-104.2043162
56601176	560159578002	1	25600	42.0733754	-104.2036646
56601177	560159578002	1	39600	42.0726075	-104.2038692
56601178	560159578002	1	101020	42.0738013	-104.2043083
56601179	560159578002	1	13970	42.0736439	-104.2043913
56601180	560159578002	1	43200	42.0739514	-104.2042317
56601181	560159578002	1	26500	42.0754743	-104.2110511
56601182	560159578002	1	25800	42.0709043	-104.2030967
56601183	560159578002	1	70050	42.0713370	-104.2041591
56601184	560159578002	1	13300	42.0712706	-104.2033300
56601185	560159578002	1	38001	42.0751883	-104.2116202
56601186	560159578002	1	46000	42.0713129	-104.2032293
56601187	560159578002	1	65000	42.0753011	-104.2116407
56601188	560159578002	1	38000	42.0721864	-104.2038779
56601189	560159578002	1	30000	42.0846117	-104.1917346
56601190	560159578002	1	47000	42.0664881	-104.1891200
56601191	560159578002	1	18000	42.0850523	-104.1896616
56601192	560159578002	1	102800	42.0754451	-104.2086219
56601193	560159578002	1	43200	42.0750882	-104.2087240
56601194	560159578002	1	48000	42.0854988	-104.1889923
56601195	560159578002	1	169000	42.0857970	-104.1893933
56601196	560159578002	1	67600	42.0850625	-104.1897170
56601197	560159578002	1	39600	42.0664119	-104.1898649
56601198	560159578002	1	67600	42.0690152	-104.1962252
56601199	560159578002	1	18400	42.0685538	-104.1962610
56601200	560159578002	1	41750	42.0687317	-104.1957727
56601201	560159578002	1	94600	42.0664385	-104.1897613
56601202	560159578002	1	71000	42.0691244	-104.1966919
56601203	560159578002	1	80700	42.0665414	-104.1898071
56601204	560159578002	1	101000	42.0840885	-104.1923156
56601205	560159578002	1	41300	42.0767713	-104.2112312
56601206	560159578002	1	32100	42.0722165	-104.2070828
56601207	560159578002	1	99010	42.0723089	-104.2073057
56601208	560159578002	1	24000	42.0726697	-104.2077002
56601209	560159578002	1	31000	42.0764067	-104.2118650
56601210	560159578002	1	88000	42.0741358	-104.2111920
56601211	560159578002	1	71200	42.0766028	-104.2115618
56601212	560159578002	1	81000	42.0842762	-104.1898711
56601213	560159578002	1	96000	42.0737954	-104.2100480
56601214	560159578002	1	572000	42.0767169	-104.2112764
56601215	560159578002	1	82300	42.0735134	-104.2099419
56601216	560159578002	1	35000	42.0849650	-104.1891069
56601217	560159578002	1	115000	42.0843252	-104.1891237
56601218	560159578002	1	115000	42.0841511	-104.1898448
56601219	560159578002	1	98500	42.0732840	-104.2067950
56601220	560159578002	1	109640	42.0860019	-104.1905527
56601221	560159578002	1	8400	42.0840038	-104.1916285
56601222	560159578002	1	33100	42.0732981	-104.2048459
56601223	560159578002	1	40750	42.0732321	-104.2051858
56601224	560159578002	1	59000	42.0841679	-104.1915120
56601225	560159578002	1	28300	42.0733274	-104.2053302
56601226	560159578002	1	18000	42.0759760	-104.2122897
56601227	560159578002	2	38100	42.0762595	-104.2124301
56601228	560159578002	1	28700	42.0736968	-104.2046419
56601229	560159578002	1	110000	42.0758899	-104.2124159
56601230	560159578002	1	15300	42.0735198	-104.2059475
56601231	560159578002	1	12000	42.0862540	-104.1950856
56601232	560159578002	1	27400	42.0866550	-104.1907138
56601233	560159578002	1	84500	42.0858632	-104.1909771
56601234	560159578002	1	24000	42.0737630	-104.2065814
56601235	560159578002	1	98000	42.0859192	-104.1946343
56601236	560159578002	1	29200	42.0863605	-104.1939914
56601237	560159578002	1	41000	42.0806111	-104.2257439
56601238	560159578002	1	42960	42.0910682	-104.2486464
56601239	560159578002	9	22004	42.0740247	-104.2092520
56601240	560159578002	1	25800	42.0862173	-104.1970861
56601241	560159578002	1	42100	42.0766053	-104.2142133
56601242	560159578002	1	65000	42.0719931	-104.2039205
56601243	560159578002	1	36600	42.0764874	-104.2140143
56601244	560159578002	1	35960	42.0859636	-104.1968262
56601245	560159578002	1	1000	42.0765938	-104.2138321
56601246	560159578002	1	10600	42.0858492	-104.1963155
56601247	560159578002	1	29700	42.0739381	-104.2083907
56601248	560159578002	1	13000	42.0752760	-104.2099567
56601249	560159578002	1	37800	42.0750599	-104.2100637
56601250	560159578002	1	35780	42.0747388	-104.2099925
56601251	560159578002	1	40750	42.0761123	-104.2091064
56601252	560159578002	1	100000	42.0758582	-104.2087021
56601253	560159578002	1	51000	42.0763314	-104.2094301
56601254	560159578002	1	13700	42.0905891	-104.2486354
56601255	560159578002	1	39500	42.0834989	-104.1910584
56601256	560159578002	1	11100	42.0756655	-104.2110776
56601257	560159578002	1	30000	42.0744620	-104.2089835
56601258	560159578002	1	130000	42.0755991	-104.2113046
56601259	560159578002	1	38000	42.0831558	-104.1909855
56601260	560159578002	1	51000	42.0760810	-104.2116431
56601261	560159578002	1	69800	42.0835350	-104.1905118
56601262	560159578002	1	32000	42.0710274	-104.1892623
56601263	560159578002	1	11600	42.0736389	-104.2073695
56601264	560159578002	1	24000	42.0737498	-104.2071187
56601265	560159578002	1	34640	42.0736862	-104.2072656
56601266	560159578002	1	65000	42.0835156	-104.1894495
56601267	560159578002	1	27400	42.0837372	-104.1895819
56601268	560159578002	1	11800	42.0837636	-104.1889564
56601269	560159578002	1	56000	42.0889730	-104.2458678
56601270	560159578002	1	100040	42.0808326	-104.1892666
56601271	560159578002	1	17200	42.0852688	-104.1936294
56601272	560159578002	1	47000	42.0907926	-104.2502572
56601273	560159578002	1	115000	42.0903142	-104.2484176
56601274	560159578002	1	22500	42.0907809	-104.2495949
56601275	560159578002	1	45000	42.0738583	-104.2102333
56601276	560159578002	1	53000	42.0906656	-104.2498930
56601277	560159578002	1	340500	42.0738573	-104.2105066
56601278	560159578002	1	27000	42.0789115	-104.1888692
56601279	560159578002	1	123800	42.0730529	-104.2068201
56601280	560159578002	1	16000	42.0852949	-104.1931416
56601281	560159578002	1	43000	42.0706454	-104.2030753
56601282	560159578002	1	97000	42.0726333	-104.2049809
56601283	560159578002	1	91700	42.0730729	-104.2060237
56601284	560159578002	1	15600	42.0728560	-104.2057031
56601285	560159578002	1	40000	42.0847349	-104.1932925
56601286	560159578002	1	110000	42.0767792	-104.2097079
56601287	560159578002	1	41500	42.0869833	-104.1969347
56601288	560159578002	1	57600	42.0813601	-104.1888478
56601289	560159578002	1	77500	42.0868776	-104.1968467
56601290	560159578002	1	42500	42.0771403	-104.2098419
56601291	560159578002	1	32800	42.0756455	-104.2106882
56601292	560159578002	1	46500	42.0757463	-104.2105551
56601293	560159578002	2	12000	42.0847143	-104.1927687
56601294	560159578002	1	78000	42.0763406	-104.2128576
56601295	560159578002	1	56004	42.0719177	-104.1892735
56601296	560159578002	1	79200	42.0719963	-104.1896400
56601297	560159578002	1	33000	42.0719639	-104.2052079
56601298	560159578002	1	28900	42.0771494	-104.2127384
56601299	560159578002	1	26000	42.0716109	-104.2044208
56601300	560159578002	1	172700	42.0731070	-104.2017594
56601301	560159578002	1	26000	42.0872080	-104.1890893
56601302	560159578002	1	43000	42.0852340	-104.2021325
56601303	560159578002	1	259000	42.0913874	-104.2480348
56601304	560159578002	1	51000	42.0747801	-104.1935992
56601305	560159578002	1	40000	42.0754950	-104.1929288
56601306	560159578002	1	114530	42.0777266	-104.2156891
56601307	560159578002	1	30550	42.0912019	-104.2494179
56601308	560159578002	1	23700	42.0774536	-104.2172054
56601309	560159578002	1	100000	42.0695006	-104.2005395
56601310	560159578002	1	47500	42.0731290	-104.2029121
56601311	560159578002	1	33100	42.0725382	-104.2025422
56601312	560159578002	1	101000	42.0774071	-104.2161024
56601313	560159578002	1	186000	42.0701424	-104.2010832
56601314	560159578002	1	122300	42.0706950	-104.2016047
56601315	560159578002	1	59000	42.0758642	-104.1933375
56601316	560159578002	1	143000	42.0841981	-104.1939182
56601317	560159578002	1	46700	42.0797355	-104.2244308
56601318	560159578002	1	76000	42.0912789	-104.2496498
56601319	560159578002	1	115000	42.0927177	-104.2490698
56601320	560159578002	1	57900	42.0903282	-104.2470162
56601321	560159578002	1	177000	42.0773435	-104.2147836
56601322	560159578002	1	298800	42.0921278	-104.2503935
56601323	560159578002	1	12000	42.0722000	-104.2020908
56601324	560159578002	1	8200	42.0733914	-104.2007755
56601325	560159578002	1	25800	42.0925838	-104.2463129
56601326	560159578002	1	13200	42.0921988	-104.2479593
56601327	560159578002	1	85600	42.0816071	-104.1897448
56601328	560159578002	1	-4199	42.0803367	-104.2249087
56601329	560159578002	1	18000	42.0886115	-104.2436197
56601330	560159578002	1	17600	42.0781961	-104.1901216
56601331	560159578002	1	44300	42.0752201	-104.1943126
56601332	560159578002	1	31500	42.0910277	-104.2460152
56601333	560159578002	1	21000	42.0868916	-104.1981093
56601334	560159578002	1	29700	42.0787959	-104.2223660
56601335	560159578002	1	225000	42.0856114	-104.1977318
56601336	560159578002	1	46100	42.0916787	-104.2469380
56601337	560159578002	1	12000	42.0849515	-104.1943211
56601338	560159578002	1	175000	42.0899922	-104.2466520
56601339	560159578002	1	51300	42.0852797	-104.1951722
56601340	560159578002	1	172700	42.0778137	-104.2128903
56601341	560159578002	1	107800	42.0821313	-104.1887244
56601342	560159578002	1	43200	42.0845879	-104.1950479
56601343	560159578002	1	161000	42.0710238	-104.2019401
56601344	560159578002	1	73000	42.0740546	-104.2029909
56601345	560159578002	1	37880	42.0711571	-104.2014465
56601346	560159578002	1	101000	42.0768563	-104.1938902
56601347	560159578002	1	37000	42.0741740	-104.1938321
56601348	560159578002	1	23600	42.0769891	-104.1944701
56601349	560159578002	1	28300	42.0867526	-104.2023542
56601350	560159578002	1	61200	42.0765418	-104.1945124
56601351	560159578002	1	40500	42.0873857	-104.2112817
56601352	560159578002	1	30000	42.0696242	-104.1906560
56601353	560159578002	1	106300	42.0693127	-104.1897320
56601354	560159578002	1	57100	42.0800666	-104.2056646
56601355	560159578002	1	156000	42.0691487	-104.1897684
56601356	560159578002	1	26600	42.0669545	-104.1889187
56601357	560159578002	1	37800	42.0782140	-104.2039940
56601358	560159578002	1	156000	42.0866836	-104.2362060
56601359	560159578002	1	37000	42.0719908	-104.2011573
56601360	560159578002	1	50000	42.0691400	-104.1896776
56601361	560159578002	1	28000	42.0679774	-104.1889475
56601362	560159578002	1	39400	42.0784190	-104.1887882
56601363	560159578002	1	71500	42.0677429	-104.1889628
56601364	560159578002	1	153200	42.0675509	-104.1890158
56601365	560159578002	1	63440	42.0674166	-104.1892210
56601366	560159578002	1	45000	42.0675041	-104.1888274
56601367	560159578002	1	38400	42.0676112	-104.1888946
56601368	560159578002	1	32000	42.0675027	-104.1891965
56601369	560159578002	1	55000	42.0679336	-104.1891041
56601370	560159578002	1	60000	42.0677194	-104.1890685
56601371	560159578002	1	18000	42.0782583	-104.1892667
56601372	560159578002	1	100000	42.0867566	-104.1917540
56601373	560159578002	1	76500	42.0683187	-104.1891988
56601374	560159578002	1	50070	42.0687477	-104.1890577
56601375	560159578002	1	18000	42.0682375	-104.1890373
56601376	560159578002	1	50000	42.0683178	-104.1890934
56601377	560159578002	1	74300	42.0681720	-104.1891249
56601378	560159578002	1	12000	42.0681263	-104.1887941
56601379	560159578002	1	46500	42.0683295	-104.1890461
56601380	560159578002	1	172700	42.0690716	-104.1890905
56601381	560159578002	1	50000	42.0689960	-104.1893053
56601382	560159578002	1	64800	42.0684882	-104.1888661
56601383	560159578002	1	45000	42.0691618	-104.1891583
56601384	560159578002	1	20000	42.0691918	-104.1892407
56601385	560159578002	1	35000	42.0695448	-104.1891314
56601386	560159578002	1	10600	42.0693206	-104.1891776
56601387	560159578002	1	36900	42.0781355	-104.1887756
56601388	560159578002	9	15900	42.0872646	-104.1922482
56601389	560159578002	1	18000	42.0871736	-104.1919172
56601390	560159578002	1	40000	42.0871855	-104.1923850
56601391	560159578002	1	42960	42.0866839	-104.1918938
56601392	560159578002	1	13200	42.0872058	-104.1916189
56601393	560159578002	1	45000	42.0871331	-104.1926961
56601394	560159578002	1	65000	42.0868712	-104.1920834
56601395	560159578002	1	18900	42.0786129	-104.1888606
56601396	560159578002	1	67000	42.0871719	-104.1924928
56601397	560159578002	1	47500	42.0872468	-104.1923611
56601398	560159578002	1	41280	42.0871211	-104.1921711
56601399	560159578002	1	97000	42.0785787	-104.1889769
56601400	560159578002	1	42800	42.0875159	-104.1916689
56601401	560159578002	1	27000	42.0872794	-104.1916792
56601402	560159578002	1	28400	42.0769322	-104.1896610
56601403	560159578002	1	28200	42.0829984	-104.1938176
56601404	560159578002	1	74120	42.0870955	-104.1936540
56601405	560159578002	1	22700	42.0847631	-104.1908537
56601406	560159578002	1	25000	42.0653364	-104.1889566
56601407	560159578002	1	53000	42.0689238	-104.1900809
56601408	560159578002	1	52300	42.0665654	-104.1890562
56601409	560159578002	1	36000	42.0689720	-104.1908201
56601410	560159578002	1	85000	42.0842369	-104.1901553
56601411	560159578002	1	46780	42.0847949	-104.1911771
56601412	560159578002	1	73100	42.0657987	-104.1888088
56601413	560159578002	1	13530	42.0846896	-104.1910292
56601414	560159578002	1	45000	42.0847721	-104.1902737
56601415	560159578002	1	28800	42.0842829	-104.1904759
56601416	560159578002	1	38700	42.0844249	-104.1903019
56601417	560159578002	1	48000	42.0872476	-104.1933072
56601418	560159578002	1	0	42.0854614	-104.1906841
56601419	560159578002	1	23300	42.0850464	-104.1902938
56601420	560159578002	1	45000	42.0855700	-104.1912709
56601421	560159578002	1	130100	42.0855589	-104.1912368
56601422	560159578002	1	53700	42.0851305	-104.1907899
56601423	560159578002	2	38100	42.0855818	-104.1903707
56601424	560159578002	1	155800	42.0850740	-104.1906514
56601425	560159578002	1	12790	42.0861103	-104.1920968
56601426	560159578002	1	154000	42.0859823	-104.1919530
56601427	560159578002	9	94000	42.0864538	-104.1917001
56601428	560159578002	1	96000	42.0865904	-104.1924516
56601429	560159578002	1	38100	42.0860615	-104.1919373
56601430	560159578002	1	100000	42.0858960	-104.1915358
56601431	560159578002	1	249930	42.0863062	-104.1919909
56601432	560159578002	1	19410	42.0826118	-104.1928866
56601433	560159578002	1	23900	42.0695708	-104.1912766
56601434	560159578002	2	157500	42.0690573	-104.1912878
56601435	560159578002	1	25200	42.0741304	-104.1897030
56601436	560159578002	1	110000	42.0868667	-104.1934782
56601437	560159578002	1	58000	42.0868751	-104.1932839
56601438	560159578002	1	11600	42.0869889	-104.1935176
56601439	560159578002	1	85500	42.0867211	-104.1933505
56601440	560159578002	1	85000	42.0865231	-104.1938080
56601441	560159578002	1	71000	42.0743552	-104.1887873
56601442	560159578002	1	60800	42.0735218	-104.1898849
56601443	560159578002	1	46010	42.0733612	-104.1897839
56601444	560159578002	1	78600	42.0736353	-104.1891091
56601445	560159578002	1	20700	42.0742052	-104.1893252
56601446	560159578002	1	73000	42.0741758	-104.1892964
56601447	560159578002	1	90000	42.0734585	-104.1894529
56601448	560159578002	1	249930	42.0862693	-104.2002166
56601449	560159578002	1	31000	42.0838538	-104.2012086
56601450	560159578002	1	95600	42.0694299	-104.1907846
56601451	560159578002	1	25000	42.0696256	-104.1908726
56601452	560159578002	1	50300	42.0688577	-104.1917841
56601453	560159578002	1	44000	42.0831496	-104.2003160
56601454	560159578002	1	52000	42.0689505	-104.1913772
56601455	560159578002	1	41500	42.0871119	-104.2001298
56601456	560159578002	1	21500	42.1065453	-104.2468620
56601457	560159578002	1	27400	42.0827307	-104.2014906
56601458	560159578002	1	56500	42.1074864	-104.2457260
56601459	560159578002	1	43000	42.0774987	-104.2085099
56601460	560159578002	1	121500	42.1072694	-104.2458711
56601461	560159578002	1	100500	42.0779428	-104.1951558
56601462	560159578002	1	37000	42.0875014	-104.2023388
56601463	560159578002	1	75500	42.0777545	-104.2061256
56601464	560159578002	1	70900	42.0828448	-104.1939213
56601465	560159578002	1	47100	42.0693470	-104.2000872
56601466	560159578002	1	135200	42.0756291	-104.1952569
56601467	560159578002	1	77400	42.0834888	-104.2004413
56601468	560159578002	1	64000	42.0743894	-104.2023361
56601469	560159578002	1	45500	42.0830134	-104.1934069
56601470	560159578002	1	10600	42.0682982	-104.1973619
56601471	560159578002	1	48700	42.0777028	-104.1959933
56601472	560159578002	1	110000	42.0683715	-104.1975281
56601473	560159578002	1	116000	42.1022082	-104.2523227
56601474	560159578002	1	49000	42.0743495	-104.2043706
56601475	560159578002	1	13000	42.0837474	-104.2073867
56601476	560159578002	1	113400	42.0747355	-104.2003711
56601477	560159578002	1	45000	42.0789685	-104.2042915
56601478	560159578002	1	51000	42.0809255	-104.2007415
56601479	560159578002	1	16600	42.0866225	-104.1993377
56601480	560159578002	1	110000	42.0800205	-104.2015690
56601481	560159578002	1	48000	42.0837504	-104.2058641
56601482	560159578002	1	47500	42.0829712	-104.2057479
56601483	560159578002	1	48700	42.0848811	-104.2002757
56601484	560159578002	1	38000	42.0836816	-104.2052308
56601485	560159578002	1	36400	42.0776412	-104.1981119
56601486	560159578002	1	45000	42.0830816	-104.2054407
56601487	560159578002	1	45000	42.0818974	-104.1973858
56601488	560159578002	1	45000	42.0805740	-104.1972964
56601489	560159578002	1	56900	42.0838237	-104.2022959
56601490	560159578002	1	90120	42.0797046	-104.1991770
56601491	560159578002	1	28800	42.0804853	-104.2000155
56601492	560159578002	1	45234	42.0787590	-104.1988207
56601493	560159578002	1	49500	42.0825454	-104.2033398
56601494	560159578002	1	30000	42.0795133	-104.1970700
56601495	560159578002	1	77500	42.0838300	-104.2033849
56601496	560159578002	1	31900	42.1027286	-104.2578885
56601497	560159578002	1	51000	42.1029251	-104.2550894
56601498	560159578002	1	23200	42.0756175	-104.1972233
56601499	560159578002	1	28000	42.0754945	-104.1970043
56601500	560159578002	1	80300	42.1026491	-104.2559929
56601501	560159578002	1	33000	42.0851289	-104.2011476
56601502	560159578002	1	11100	42.0797375	-104.2000901
56601503	560159578002	1	395900	42.1035226	-104.2577115
56601504	560159578002	1	38200	42.0843876	-104.2069204
56601505	560159578002	1	138000	42.0839246	-104.2074333
56601506	560159578002	1	31500	42.0807076	-104.1989225
56601507	560159578002	1	20000	42.0759460	-104.1959190
56601508	560159578002	1	21000	42.0844495	-104.2056993
56601509	560159578002	1	67000	42.0814354	-104.1984441
56601510	560159578002	1	376500	42.0813840	-104.1997034
56601511	560159578002	1	176000	42.0843476	-104.2044653
56601512	560159578002	1	60000	42.1022549	-104.2634160
56601513	560159578002	1	41300	42.1015089	-104.2635098
56601514	560159578002	1	85000	42.0785809	-104.1976252
56601515	560159578002	1	21000	42.1036076	-104.2570193
56601516	560159578002	1	60800	42.0826950	-104.2028425
56601517	560159578002	1	40270	42.0796872	-104.1956990
56601518	560159578002	1	40000	42.0810313	-104.2078208
56601519	560159578002	1	22200	42.0861841	-104.2064681
56601520	560159578002	1	10400	42.0817144	-104.2031082
56601521	560159578002	1	12100	42.0819117	-104.1968778
56601522	560159578002	1	28250	42.0777617	-104.1929222
56601523	560159578002	1	93900	42.0773084	-104.1992505
56601524	560159578002	1	27600	42.0858673	-104.1996859
56601525	560159578002	1	29300	42.0772079	-104.2062839
56601526	560159578002	1	33200	42.0813732	-104.2024093
56601527	560159578002	1	335000	42.0859507	-104.2011108
56601528	560159578002	1	44000	42.0765056	-104.1894560
56601529	560159578002	1	23900	42.0784600	-104.1938039
56601530	560159578002	1	20000	42.0802247	-104.2019504
56601531	560159578002	1	97000	42.0833068	-104.1918683
56601532	560159578002	1	35000	42.0785977	-104.1947319
56601533	560159578002	1	147000	42.0864769	-104.2031241
56601534	560159578002	1	71500	42.0882415	-104.1943854
56601535	560159578002	1	35000	42.0852536	-104.2024290
56601536	560159578002	1	39400	42.0686258	-104.1918652
56601537	560159578002	1	45000	42.0862140	-104.1901875
56601538	560159578002	1	51000	42.0769349	-104.1966306
56601539	560159578002	1	28800	42.1029571	-104.2503980
56601540	560159578002	1	33100	42.1027501	-104.2535195
56601541	560159578002	1	33940	42.0876287	-104.1898382
56601542	560159578002	1	83910	42.0821244	-104.2050526
56601543	560159578002	1	44100	42.0788025	-104.1900578
56601544	560159578002	1	76000	42.0668270	-104.1918410
56601545	560159578002	1	239000	42.1034773	-104.2586842
56601546	560159578002	1	70000	42.0873664	-104.1999449
56601547	560159578002	1	81600	42.0862736	-104.2357897
56601548	560159578002	1	28000	42.0777052	-104.2043459
56601549	560159578002	2	12000	42.0813144	-104.1966273
56601550	560159578002	1	42960	42.0756333	-104.1981596
56601551	560159578002	1	153200	42.0794633	-104.1950119
56601552	560159578002	1	51000	42.1042249	-104.2537446
56601553	560159578002	1	44100	42.0768801	-104.1981045
56601554	560159578002	1	33200	42.0848802	-104.2067722
56601555	560159578002	1	51000	42.0795683	-104.2013192
56601556	560159578002	1	853500	42.0781069	-104.2006912
56601557	560159578002	1	74600	42.1008775	-104.2617418
56601558	560159578002	1	47304	42.1033541	-104.2496327
56601559	560159578002	2	152000	42.1029030	-104.2529820
56601560	560159578002	1	15000	42.1034495	-104.2548955
56601561	560159578002	1	268000	42.0770213	-104.1956415
56601562	560159578002	1	71000	42.0775708	-104.1970862
56601563	560159578002	1	43000	42.0785307	-104.2038720
56601564	560159578002	1	370	42.0742073	-104.1958843
56601565	560159578002	1	18000	42.1013638	-104.2604237
56601566	560159578002	1	105000	42.1034111	-104.2637434
56601567	560159578002	1	40000	42.0772009	-104.2035300
56601568	560159578002	2	12000	42.0814409	-104.1975190
56601569	560159578002	1	65604	42.0786868	-104.2058446
56601570	560159578002	9	38400	42.1039718	-104.2631751
56601571	560159578002	1	110000	42.0852120	-104.2046209
56601572	560159578002	1	19000	42.0785170	-104.1991156
56601573	560159578002	1	100000	42.0874212	-104.2037418
56601574	560159578002	1	115300	42.0828255	-104.1915330
56601575	560159578002	1	10400	42.0762897	-104.2054501
56601576	560159578002	1	34700	42.0756031	-104.2037273
56601577	560159578002	1	260100	42.0776565	-104.2074897
56601578	560159578002	1	65200	42.1006213	-104.2555992
56601579	560159578002	1	33400	42.0760125	-104.2040278
56601580	560159578002	1	58300	42.0822226	-104.2035974
56601581	560159578002	1	47500	42.0822059	-104.2070605
56601582	560159578002	1	20400	42.0741869	-104.2064857
56601583	560159578002	1	42000	42.0781454	-104.2086010
56601584	560159578002	1	74800	42.0869057	-104.2047458
56601585	560159578002	1	35960	42.0763856	-104.2025352
56601586	560159578002	1	43000	42.0779672	-104.1906104
56601587	560159578002	1	87400	42.0742713	-104.2052462
56601588	560159578002	1	132200	42.1017624	-104.2584431
56601589	560159578002	1	16130	42.1025480	-104.2624464
56601590	560159578002	1	28800	42.1028643	-104.2589990
56601591	560159578002	1	43000	42.0795162	-104.2032124
56601592	560159578002	1	21500	42.0844557	-104.2028063
56601593	560159578002	1	27400	42.0746058	-104.2074281
56601594	560159578002	1	74200	42.0758187	-104.2050520
56601595	560159578002	1	79500	42.1038816	-104.2523206
56601596	560159578002	1	27800	42.0760366	-104.2025450
56601597	560159578002	1	24000	42.0787493	-104.1958772
56601598	560159578002	1	90100	42.0814504	-104.2058808
56601599	560159578002	1	12000	42.1003093	-104.2629211
56601600	560159578002	1	46540	42.0852481	-104.2056990
56601601	560159578002	1	32300	42.0920340	-104.2516276
56601602	560159578002	1	40500	42.0802021	-104.2043211
56601603	560159578002	1	153800	42.0808919	-104.2050059
56601604	560159578002	1	111000	42.1018845	-104.2562466
56601605	560159578002	1	51000	42.0914874	-104.2509708
56601606	560159578002	1	8000	42.0762614	-104.1925785
56601607	560159578002	1	122300	42.0809044	-104.1967786
56601608	560159578002	1	22400	42.0797084	-104.2033911
56601609	560159578002	1	31400	42.0806086	-104.2031222
56601610	560159578002	1	20000	42.0971338	-104.2632089
56601611	560159578002	1	39000	42.0863019	-104.2043462
56601612	560159578002	1	27460	42.1027872	-104.2514770
56601613	560159578002	1	74000	42.1013137	-104.2596979
56601614	560159578002	1	26170	42.0750239	-104.2078025
56601615	560159578002	1	169000	42.0668976	-104.1931501
56601616	560159578002	1	83020	42.1040088	-104.2622281
56601617	560159578002	1	20000	42.0751650	-104.1891576
56601618	560159578002	1	79680	42.0818017	-104.1909250
56601619	560159578002	1	60800	42.0817856	-104.2016032
56601620	560159578002	1	34200	42.0774474	-104.2057148
56601621	560159578002	1	45000	42.1053588	-104.2488196
56601622	560159578002	1	45000	42.0745407	-104.1894373
56601623	560159578002	1	35000	42.1018776	-104.2643368
56601624	560159578002	1	39500	42.0676101	-104.1956628
56601625	560159578002	1	14730	42.0791318	-104.2026712
56601626	560159578002	1	11800	42.1025332	-104.2322367
56601627	560159578002	1	16000	42.0817728	-104.2005131
56601628	560159578002	1	104200	42.1024442	-104.2516614
56601629	560159578002	1	52500	42.1019262	-104.2494621
56601630	560159578002	1	23700	42.0865907	-104.2052200
56601631	560159578002	1	162000	42.1016109	-104.2621847
56601632	560159578002	1	99000	42.0811666	-104.2059378
56601633	560159578002	1	22300	42.0806688	-104.2086008
56601634	560159578002	1	91550	42.0765178	-104.1999230
56601635	560159578002	1	40000	42.0869975	-104.2055723
56601636	560159578002	1	132400	42.0774614	-104.2009521
56601637	560159578002	1	11200	42.0759658	-104.2070185
56601638	560159578002	9	38400	42.0988627	-104.2567304
56601639	560159578002	1	34000	42.0747705	-104.1991892
56601640	560159578002	1	78000	42.0745698	-104.2011231
56601641	560159578002	1	64000	42.0799546	-104.1938197
56601642	560159578002	1	28500	42.0787147	-104.2066542
56601643	560159578002	1	42000	42.1049306	-104.2524852
56601644	560159578002	1	36000	42.1042428	-104.2491731
56601645	560159578002	1	43200	42.0881541	-104.1938848
56601646	560159578002	1	66700	42.0786163	-104.2076911
56601647	560159578002	1	268000	42.0873012	-104.2104583
56601648	560159578002	2	12000	42.0875741	-104.2088460
56601649	560159578002	1	82410	42.0882750	-104.2080340
56601650	560159578002	1	33200	42.0953113	-104.2469064
56601651	560159578002	1	70000	42.0928958	-104.2504924
56601652	560159578002	1	17100	42.0758415	-104.2081141
56601653	560159578002	1	12900	42.0751391	-104.2061942
56601654	560159578002	1	44000	42.1021433	-104.2603783
56601655	560159578002	1	85000	42.0947184	-104.2467067
56601656	560159578002	1	96000	42.0762228	-104.1989099
56601657	560159578002	1	14000	42.0792742	-104.1913344
56601658	560159578002	1	41000	42.1010431	-104.2596208
56601659	560159578002	1	35001	42.0762826	-104.1909481
56601660	560159578002	1	118000	42.0931875	-104.2470939
56601661	560159578002	1	85000	42.0974485	-104.2458930
56601662	560159578002	1	59000	42.1029730	-104.2619363
56601663	560159578002	1	47500	42.1020482	-104.2607029
56601664	560159578002	2	157500	42.0817065	-104.2089662
56601665	560159578002	1	11900	42.0867695	-104.2085830
56601666	560159578002	1	247500	42.0862956	-104.2143872
56601667	560159578002	1	22700	42.0770484	-104.2019732
56601668	560159578002	1	141000	42.0752702	-104.1911246
56601669	560159578002	9	17250	42.0767183	-104.2018121
56601670	560159578002	1	13200	42.0757366	-104.2023281
56601671	560159578002	1	365700	42.0927513	-104.2520275
56601672	560159578002	1	44000	42.0855376	-104.2109052
56601673	560159578002	1	13000	42.0931834	-104.2491072
56601674	560159578002	9	17250	42.0858143	-104.2133201
56601675	560159578002	1	54000	42.0860434	-104.2106576
56601676	560159578002	1	33000	42.0981984	-104.2568076
56601677	560159578002	1	47000	42.0849826	-104.2110640
56601678	560159578002	1	30000	42.0847169	-104.2096001
56601679	560159578002	1	13700	42.0798066	-104.2089551
56601680	560159578002	2	12000	42.0678240	-104.1933393
56601681	560159578002	1	35001	42.0787718	-104.2161305
56601682	560159578002	1	65900	42.0848856	-104.2092302
56601683	560159578002	1	28300	42.0956691	-104.2473928
56601684	560159578002	1	41000	42.0860527	-104.2093261
56601685	560159578002	1	35800	42.0978941	-104.2460598
56601686	560159578002	1	67720	42.0865403	-104.2094327
56601687	560159578002	1	11300	42.0970735	-104.2621371
56601688	560159578002	1	64500	42.0865277	-104.2118609
56601689	560159578002	1	74600	42.0784256	-104.2019550
56601690	560159578002	1	68600	42.0799978	-104.2068856
56601691	560159578002	1	18000	42.0868643	-104.2124272
56601692	560159578002	1	101000	42.0997992	-104.2554088
56601693	560159578002	1	25000	42.0760699	-104.2004058
56601694	560159578002	1	80000	42.0767786	-104.2011779
56601695	560159578002	1	56004	42.0924416	-104.2527755
56601696	560159578002	1	45000	42.1006541	-104.2571285
56601697	560159578002	1	27400	42.0869585	-104.1909660
56601698	560159578002	1	13500	42.0866994	-104.2109180
56601699	560159578003	1	35960	42.0568688	-104.1878747
56601700	560159578003	1	29500	42.0601569	-104.1862471
56601701	560159578003	1	36000	42.0598020	-104.1968727
56601702	560159578003	1	14000	42.0641753	-104.2004563
56601703	560159578003	1	20000	42.0695619	-104.2029565
56601704	560159578003	1	145000	42.0576536	-104.1891058
56601705	560159578003	1	35000	42.0742791	-104.2293456
56601706	560159578003	1	35000	42.0728599	-104.2090773
56601707	560159578003	1	110000	42.0580009	-104.1882622
56601708	560159578003	1	21500	42.0577413	-104.1892027
56601709	560159578003	1	52900	42.0596208	-104.1964960
56601710	560159578003	1	26000	42.0576768	-104.1883240
56601711	560159578003	1	23000	42.0573694	-104.1888469
56601712	560159578003	1	12550	42.0574944	-104.1889268
56601713	560159578003	1	46100	42.0578241	-104.1888266
56601714	560159578003	1	27000	42.0578374	-104.1890933
56601715	560159578003	1	37000	42.0573444	-104.1887103
56601716	560159578003	1	73000	42.0573494	-104.1887534
56601717	560159578003	1	39000	42.0575159	-104.1880975
56601718	560159578003	1	40000	42.0574378	-104.1891163
56601719	560159578003	1	22200	42.0574444	-104.1885369
56601720	560159578003	8	40000	42.0578012	-104.1885864
56601721	560159578003	1	80000	42.0574014	-104.1888334
56601722	560159578003	1	18000	42.0604732	-104.1867363
56601723	560159578003	1	27700	42.0602257	-104.1859399
56601724	560159578003	1	36500	42.0598541	-104.1961948
56601725	560159578003	1	33000	42.0600102	-104.1968745
56601726	560159578003	1	55000	42.0603119	-104.1865831
56601727	560159578003	1	18000	42.0598725	-104.1968124
56601728	560159578003	1	27000	42.0595353	-104.1959585
56601729	560159578003	1	22400	42.0600209	-104.1966187
56601730	560159578003	1	112600	42.0596659	-104.1968276
56601731	560159578003	1	46100	42.0600816	-104.1966661
56601732	560159578003	1	100400	42.0595632	-104.1966424
56601733	560159578003	1	27000	42.0601107	-104.1968219
56601734	560159578003	1	37800	42.0598279	-104.1963514
56601735	560159578003	1	20200	42.0594594	-104.1963039
56601736	560159578003	1	51000	42.0597382	-104.1958822
56601737	560159578003	1	36000	42.0607622	-104.1869080
56601738	560159578003	1	61800	42.0607703	-104.1865284
56601739	560159578003	1	42000	42.0601797	-104.1863990
56601740	560159578003	1	28600	42.0725875	-104.2086264
56601741	560159578003	1	31900	42.0612374	-104.1869470
56601742	560159578003	1	37880	42.0583318	-104.1891476
56601743	560159578003	8	38500	42.0617336	-104.1869055
56601744	560159578003	1	37900	42.0617713	-104.1872289
56601745	560159578003	1	24000	42.0606863	-104.1860619
56601746	560159578003	1	89500	42.0608950	-104.1860379
56601747	560159578003	1	70000	42.0604612	-104.1861160
56601748	560159578003	1	38300	42.0604205	-104.1866438
56601749	560159578003	1	44900	42.0604395	-104.1863065
56601750	560159578003	1	11400	42.0601786	-104.1867342
56601751	560159578003	1	24100	42.0587106	-104.1892898
56601752	560159578003	1	84000	42.0616005	-104.1873287
56601753	560159578003	1	37800	42.0624641	-104.1893311
56601754	560159578003	1	19410	42.0616876	-104.1861895
56601755	560159578003	1	5750	42.0612576	-104.1870022
56601756	560159578003	1	1100	42.0615762	-104.1872618
56601757	560159578003	1	42400	42.0613232	-104.1865097
56601758	560159578003	1	37700	42.0613560	-104.1861653
56601759	560159578003	1	51000	42.0616523	-104.1867093
56601760	560159578003	1	18000	42.0610270	-104.1870447
56601761	560159578003	1	150000	42.0623883	-104.1891036
56601762	560159578003	1	23100	42.0609647	-104.1868477
56601763	560159578003	1	25000	42.0617860	-104.1863073
56601764	560159578003	1	63000	42.0614619	-104.1864534
56601765	560159578003	1	23900	42.0621579	-104.1892992
56601766	560159578003	1	16000	42.0623786	-104.1889816
56601767	560159578003	1	56440	42.0622610	-104.1892889
56601768	560159578003	1	25460	42.0613349	-104.1877129
56601769	560159578003	1	37200	42.0620946	-104.1889322
56601770	560159578003	1	48400	42.0624731	-104.1887779
56601771	560159578003	1	38000	42.0620804	-104.1896611
56601772	560159578003	1	18000	42.0623723	-104.1890844
56601773	560159578003	1	20200	42.0621870	-104.1892065
56601774	560159578003	1	10000	42.0620041	-104.1896433
56601775	560159578003	1	15800	42.0619644	-104.1890161
56601776	560159578003	1	95000	42.0609347	-104.1883692
56601777	560159578003	1	58000	42.0614449	-104.1883597
56601778	560159578003	1	116	42.0621810	-104.1893908
56601779	560159578003	1	40800	42.0609055	-104.1880251
56601780	560159578003	1	57900	42.0616444	-104.1879381
56601781	560159578003	1	33040	42.0615899	-104.1884308
56601782	560159578003	1	43700	42.0613433	-104.1879727
56601783	560159578003	1	16800	42.0586915	-104.1891312
56601784	560159578003	1	32000	42.0607146	-104.1880726
56601785	560159578003	1	40000	42.0599904	-104.1880849
56601786	560159578003	1	24300	42.0614679	-104.1879483
56601787	560159578003	8	20000	42.0614581	-104.1873175
56601788	560159578003	1	41020	42.0616519	-104.1878859
56601789	560159578003	1	73410	42.0606179	-104.1875944
56601790	560159578003	8	61000	42.0609543	-104.1881385
56601791	560159578003	1	77000	42.0607063	-104.1872415
56601792	560159578003	1	13200	42.0601902	-104.1873322
56601793	560159578003	1	39500	42.0601171	-104.1880622
56601794	560159578003	1	40000	42.0604698	-104.1880739
56601795	560159578003	1	8900	42.0603070	-104.1882778
56601796	560159578003	1	17400	42.0606852	-104.1877525
56601797	560159578003	1	51030	42.0605711	-104.1881160
56601798	560159578003	1	192900	42.0606576	-104.1875573
56601799	560159578003	1	24800	42.0588689	-104.1886089
56601800	560159578003	1	44100	42.0619275	-104.1911726
56601801	560159578003	1	360	42.0623335	-104.1920967
56601802	560159578003	1	15120	42.0602684	-104.1871806
56601803	560159578003	1	14800	42.0619931	-104.1916852
56601804	560159578003	9	15900	42.0621526	-104.1920261
56601805	560159578003	3	92200	42.0618829	-104.1919948
56601806	560159578003	1	101000	42.0616493	-104.1921511
56601807	560159578003	1	84900	42.0584722	-104.1887476
56601808	560159578003	1	30000	42.0617400	-104.1915474
56601809	560159578003	1	31400	42.0616805	-104.1912811
56601810	560159578003	1	37000	42.0623253	-104.1910855
56601811	560159578003	1	57000	42.0585457	-104.1887418
56601812	560159578003	1	28300	42.0622031	-104.1922396
56601813	560159578003	1	45300	42.0622214	-104.1911546
56601814	560159578003	1	17500	42.0725545	-104.2091095
56601815	560159578003	1	100660	42.0618219	-104.1899871
56601816	560159578003	1	45000	42.0568728	-104.1890115
56601817	560159578003	1	30400	42.0592816	-104.1879648
56601818	560159578003	1	4900	42.0752727	-104.2334121
56601819	560159578003	1	81000	42.0587359	-104.1885854
56601820	560159578003	8	18300	42.0584727	-104.1886257
56601821	560159578003	1	38300	42.0751440	-104.2337394
56601822	560159578003	1	96000	42.0589122	-104.1887638
56601823	560159578003	1	32400	42.0584976	-104.1889074
56601824	560159578003	1	47800	42.0750676	-104.2339326
56601825	560159578003	1	21500	42.0754323	-104.2330082
56601826	560159578003	1	85000	42.0750916	-104.2340813
56601827	560159578003	1	6200	42.0750524	-104.2334651
56601828	560159578003	1	24000	42.0755631	-104.2331075
56601829	560159578003	1	41400	42.0754504	-104.2331861
56601830	560159578003	9	400	42.0753213	-104.2330194
56601831	560159578003	1	30000	42.0566576	-104.1881501
56601832	560159578003	8	77100	42.0594412	-104.1874933
56601833	560159578003	1	6800	42.0592805	-104.1872682
56601834	560159578003	1	16700	42.0594967	-104.1873319
56601835	560159578003	1	15000	42.0594571	-104.1876737
56601836	560159578003	1	62500	42.0594404	-104.1873015
56601837	560159578003	1	45000	42.0593900	-104.1881719
56601838	560159578003	1	21000	42.0594894	-104.1882035
56601839	560159578003	1	42960	42.0571263	-104.1891353
56601840	560159578003	1	70000	42.0567416	-104.1883336
56601841	560159578003	1	25000	42.0596886	-104.1875203
56601842	560159578003	1	115000	42.0564856	-104.1885356
56601843	560159578003	1	46500	42.0570321	-104.1882610
56601844	560159578003	1	45000	42.0567745	-104.1884678
56601845	560159578003	1	43000	42.0568132	-104.1881013
56601846	560159578003	1	36000	42.0616260	-104.1902719
56601847	560159578003	1	21000	42.0580247	-104.1898291
56601848	560159578003	1	68640	42.0615233	-104.1908013
56601849	560159578003	1	96300	42.0608579	-104.1898587
56601850	560159578003	1	69500	42.0569473	-104.1882838
56601851	560159578003	1	36530	42.0611956	-104.1908827
56601852	560159578003	1	79000	42.0609352	-104.1905519
56601853	560159578003	1	104400	42.0615694	-104.1898152
56601854	560159578003	1	19000	42.0613993	-104.1902051
56601855	560159578003	1	43000	42.0576905	-104.1895299
56601856	560159578003	1	32000	42.0613020	-104.1908435
56601857	560159578003	8	18000	42.0613278	-104.1898197
56601858	560159578003	1	58100	42.0612420	-104.1908165
56601859	560159578003	1	51000	42.0574134	-104.1895929
56601860	560159578003	1	90800	42.0579969	-104.1904292
56601861	560159578003	1	30600	42.0579247	-104.1903156
56601862	560159578003	1	48400	42.0620543	-104.1900450
56601863	560159578003	1	39290	42.0784464	-104.2329603
56601864	560159578003	1	45000	42.0576118	-104.1893672
56601865	560159578003	1	0	42.0574511	-104.1902439
56601866	560159578003	1	43100	42.0573821	-104.1897167
56601867	560159578003	8	18000	42.0783850	-104.2324750
56601868	560159578003	1	23900	42.0579358	-104.1900926
56601869	560159578003	1	88400	42.0786397	-104.2328111
56601870	560159578003	1	9200	42.0621825	-104.1899791
56601871	560159578003	1	14600	42.0782517	-104.2322660
56601872	560159578003	1	69000	42.0779345	-104.2324534
56601873	560159578003	1	77500	42.0784020	-104.2327340
56601874	560159578003	1	65000	42.0618388	-104.1900300
56601875	560159578003	1	83000	42.0785686	-104.2327803
56601876	560159578003	1	100000	42.0783042	-104.2326432
56601877	560159578003	1	26920	42.0722022	-104.2277235
56601878	560159578003	1	18800	42.0592424	-104.1864221
56601879	560159578003	1	285000	42.0605876	-104.1890563
56601880	560159578003	1	12400	42.0611073	-104.1895873
56601881	560159578003	1	28300	42.0621866	-104.1902084
56601882	560159578003	1	225000	42.0622767	-104.1907433
56601883	560159578003	1	33000	42.0615974	-104.1888221
56601884	560159578003	1	32200	42.0616948	-104.1901837
56601885	560159578003	1	23000	42.0610771	-104.1889351
56601886	560159578003	1	17500	42.0604074	-104.1893901
56601887	560159578003	1	70250	42.0612233	-104.1896558
56601888	560159578003	1	24000	42.0612308	-104.1896441
56601889	560159578003	1	32100	42.0615321	-104.1896199
56601890	560159578003	1	32800	42.0599271	-104.1886061
56601891	560159578003	1	167300	42.0613036	-104.1887814
56601892	560159578003	1	30000	42.0603853	-104.1894622
56601893	560159578003	1	32300	42.0598241	-104.1868972
56601894	560159578003	1	49100	42.0594385	-104.1886849
56601895	560159578003	1	48380	42.0604697	-104.1895212
56601896	560159578003	1	18200	42.0601903	-104.1888516
56601897	560159578003	1	86300	42.0607126	-104.1884545
56601898	560159578003	1	40100	42.0590495	-104.1891225
56601899	560159578003	1	38000	42.0596403	-104.1888671
56601900	560159578003	1	38200	42.0595906	-104.1891840
56601901	560159578003	1	80000	42.0595028	-104.1861422
56601902	560159578003	1	75400	42.0592038	-104.1889108
56601903	560159578003	1	162000	42.0591580	-104.1886722
56601904	560159578003	1	26100	42.0592261	-104.1891934
56601905	560159578003	1	22600	42.0597278	-104.1867316
56601906	560159578003	1	73400	42.0596282	-104.1869253
56601907	560159578003	1	15100	42.0597600	-104.1860129
56601908	560159578003	1	93600	42.0722262	-104.2286815
56601909	560159578003	1	51000	42.0720462	-104.2280456
56601910	560159578003	1	65900	42.0710633	-104.2277167
56601911	560159578003	1	6000	42.0715179	-104.2284006
56601912	560159578003	1	64800	42.0710407	-104.2281642
56601913	560159578003	1	23300	42.0715209	-104.2286590
56601914	560159578003	1	60000	42.0714815	-104.2276670
56601915	560159578003	1	41280	42.0722761	-104.2286663
56601916	560159578003	1	43500	42.0725501	-104.2286595
56601917	560159578003	1	78000	42.0717343	-104.2285033
56601918	560159578003	1	23000	42.0721272	-104.2286889
56601919	560159578003	1	88900	42.0739050	-104.2291741
56601920	560159578003	1	27500	42.0740382	-104.2292322
56601921	560159578003	1	25700	42.0736441	-104.2295681
56601922	560159578003	1	20000	42.0595580	-104.1847873
56601923	560159578003	1	21710	42.0739810	-104.2299123
56601924	560159578003	1	31400	42.0593831	-104.1856855
56601925	560159578003	1	21710	42.0595975	-104.1855528
56601926	560159578003	1	12000	42.0597345	-104.1855547
56601927	560159578003	1	23100	42.0725303	-104.2087318
56601928	560159578003	8	24000	42.0727158	-104.2084413
56601929	560159578003	1	22000	42.0729095	-104.2295997
56601930	560159578003	1	17500	42.0588166	-104.1849705
56601931	560159578003	1	40700	42.0733469	-104.2300736
56601932	560159578003	1	10400	42.0584484	-104.1857201
56601933	560159578003	1	43000	42.0598843	-104.1848093
56601934	560159578003	1	41280	42.0595734	-104.1850111
56601935	560159578003	1	11100	42.0733858	-104.2294559
56601936	560159578003	1	67700	42.0588107	-104.1854718
56601937	560159578003	1	42000	42.0590063	-104.1849187
56601938	560159578003	1	18700	42.0592101	-104.1846839
56601939	560159578003	1	9300	42.0727709	-104.2289559
56601940	560159578003	1	84000	42.0588035	-104.1852108
56601941	560159578003	1	36500	42.0734368	-104.2297452
56601942	560159578003	1	26000	42.0648257	-104.2065797
56601943	560159578003	8	18300	42.0695900	-104.2030644
56601944	560159578003	1	43000	42.0775319	-104.2345224
56601945	560159578003	1	25000	42.0693323	-104.2030289
56601946	560159578003	1	15510	42.0694945	-104.2029770
56601947	560159578003	1	47500	42.0643306	-104.2043710
56601948	560159578003	1	20000	42.0660646	-104.1976982
56601949	560159578003	1	22600	42.0731774	-104.2279873
56601950	560159578003	1	25500	42.0728980	-104.2285064
56601951	560159578003	1	40100	42.0659861	-104.1974473
56601952	560159578003	1	42000	42.0730637	-104.2284379
56601953	560159578003	1	32000	42.0753122	-104.2352404
56601954	560159578003	1	19410	42.0794241	-104.2333401
56601955	560159578003	1	30800	42.0734974	-104.2280057
56601956	560159578003	1	41000	42.0729181	-104.2278118
56601957	560159578003	1	84400	42.0639626	-104.2062124
56601958	560159578003	1	24000	42.0639321	-104.2051471
56601959	560159578003	1	9200	42.0642796	-104.2035749
56601960	560159578003	1	2760	42.0644540	-104.2054298
56601961	560159578003	1	31500	42.0639050	-104.2024919
56601962	560159578003	1	36500	42.0816342	-104.2337691
56601963	560159578003	1	18000	42.0599850	-104.1915592
56601964	560159578003	1	24300	42.0574969	-104.1879266
56601965	560159578003	1	15120	42.0737003	-104.2282632
56601966	560159578003	1	78000	42.0695332	-104.2036343
56601967	560159578003	1	22700	42.0644759	-104.2017348
56601968	560159578003	1	52000	42.0652026	-104.2001069
56601969	560159578003	1	125000	42.0641952	-104.2022011
56601970	560159578003	1	58100	42.0634872	-104.2082057
56601971	560159578003	1	43200	42.0599781	-104.1936756
56601972	560159578003	1	18800	42.0573031	-104.1870244
56601973	560159578003	1	59800	42.0629318	-104.2093114
56601974	560159578003	1	27400	42.0670026	-104.1945443
56601975	560159578003	1	37280	42.0759257	-104.2343859
56601976	560159578003	1	85500	42.0645195	-104.2073475
56601977	560159578003	1	17000	42.0655675	-104.1955569
56601978	560159578003	1	76000	42.0647435	-104.1992238
56601979	560159578003	1	39000	42.0771753	-104.2367617
56601980	560159578003	1	88500	42.0646764	-104.1980626
56601981	560159578003	1	26000	42.0808710	-104.2326531
56601982	560159578003	1	24000	42.0774239	-104.2213807
56601983	560159578003	1	41280	42.0655387	-104.1977104
56601984	560159578003	1	35810	42.0640894	-104.1994135
56601985	560159578003	1	22000	42.0762399	-104.2159166
56601986	560159578003	1	26600	42.0617765	-104.2056772
56601987	560159578003	1	30000	42.0761951	-104.2156088
56601988	560159578003	1	39000	42.0629170	-104.2031562
56601989	560159578003	1	86470	42.0626602	-104.2035885
56601990	560159578003	1	13000	42.0785243	-104.2347169
56601991	560159578003	7	126000	42.0643621	-104.1958658
56601992	560159578003	1	96000	42.0650743	-104.1965642
56601993	560159578003	1	0	42.0624409	-104.2026353
56601994	560159578003	1	19910	42.0639444	-104.1964476
56601995	560159578003	1	77400	42.0635703	-104.2004545
56601996	560159578003	1	76300	42.0606370	-104.2059973
56601997	560159578003	1	72000	42.0626284	-104.2017677
56601998	560159578003	1	23900	42.0628429	-104.2015568
56601999	560159578003	1	127000	42.0628542	-104.2048439
56602000	560159578003	1	26000	42.0623719	-104.2067340
56602001	560159578003	1	45000	42.0577307	-104.1876253
56602002	560159578003	1	8000	42.0735544	-104.2287396
56602003	560159578003	1	16900	42.0739269	-104.2282939
56602004	560159578003	1	13000	42.0579569	-104.1875045
56602005	560159578003	1	33800	42.0586715	-104.1877662
56602006	560159578003	1	46780	42.0735674	-104.2285973
56602007	560159578003	1	30000	42.0576726	-104.1864049
56602008	560159578003	1	17800	42.0581762	-104.1868002
56602009	560159578003	1	40000	42.0709427	-104.2045393
56602010	560159578003	1	13174	42.0740359	-104.2309527
56602011	560159578003	1	58000	42.0737592	-104.2280248
56602012	560159578003	1	64000	42.0741119	-104.2304430
56602013	560159578003	1	40000	42.0738846	-104.2309381
56602014	560159578003	1	73700	42.0742131	-104.2307000
56602015	560159578003	1	28300	42.0738216	-104.2312657
56602016	560159578003	1	32100	42.0591035	-104.1868704
56602017	560159578003	1	98500	42.0587909	-104.1868476
56602018	560159578003	1	15450	42.0711415	-104.2052436
56602019	560159578003	1	22730	42.0706929	-104.2043713
56602020	560159578003	1	86000	42.0587513	-104.1863797
56602021	560159578003	1	24000	42.0588290	-104.1858703
56602022	560159578003	1	22800	42.0588095	-104.1865733
56602023	560159578003	1	37000	42.0590327	-104.1872164
56602024	560159578003	1	25000	42.0564199	-104.1846277
56602025	560159578003	1	31000	42.0583475	-104.1848973
56602026	560159578003	1	17600	42.0576461	-104.1866646
56602027	560159578003	1	80000	42.0576425	-104.1861168
56602028	560159578003	1	18000	42.0574476	-104.1862781
56602029	560159578003	7	126000	42.0578181	-104.1848205
56602030	560159578003	3	98300	42.0582076	-104.1845354
56602031	560159578003	1	52000	42.0583702	-104.1846943
56602032	560159578003	1	48000	42.0565375	-104.1849591
56602033	560159578003	1	24900	42.0556771	-104.1854031
56602034	560159578003	1	106970	42.0577879	-104.1852972
56602035	560159578003	1	24000	42.0559318	-104.1865022
56602036	560159578003	1	43000	42.0563264	-104.1856307
56602037	560159578003	1	49000	42.0559419	-104.1854463
56602038	560159578003	1	60000	42.0560436	-104.1858654
56602039	560159578003	1	23900	42.0585241	-104.1874351
56602040	560159578003	1	28400	42.0573634	-104.1864525
56602041	560159578003	1	38000	42.0558920	-104.1849593
56602042	560159578003	1	14000	42.0559376	-104.1850611
56602043	560159578003	1	33900	42.0563204	-104.1853605
56602044	560159578003	1	17600	42.0571288	-104.1863951
56602045	560159578003	1	134000	42.0567582	-104.1866529
56602046	560159578003	1	17600	42.0572741	-104.1867510
56602047	560159578003	1	74000	42.0582576	-104.1881068
56602048	560159578003	1	76000	42.0574699	-104.1845469
56602049	560159578003	1	22000	42.0570334	-104.1859151
56602050	560159578003	1	38000	42.0573013	-104.1851284
56602051	560159578003	1	32100	42.0587807	-104.1881342
56602052	560159578003	1	22500	42.0570552	-104.1846890
56602053	560159578003	1	32100	42.0570919	-104.1850057
56602054	560159578003	1	14000	42.0564794	-104.1874357
56602055	560159578003	1	4290	42.0581505	-104.1871898
56602056	560159578003	1	125000	42.0580361	-104.1875533
56602057	560159578003	1	14400	42.0568022	-104.1869652
56602058	560159578003	1	63900	42.0724374	-104.2100431
56602059	560159578003	1	78000	42.0738206	-104.2113207
56602060	560159578003	1	81200	42.0739869	-104.2112815
56602061	560159578003	1	0	42.0725229	-104.2080175
56602062	560159578003	1	29200	42.0722764	-104.2079521
56602063	560159578003	1	31000	42.0567979	-104.1875413
56602064	560159578003	1	17600	42.0765845	-104.2146081
56602065	560159578003	1	157400	42.0731849	-104.2100540
56602066	560159578003	1	22700	42.0800290	-104.2345306
56602067	560159578003	1	23100	42.0878065	-104.2446661
56602068	560159578003	1	30500	42.0736942	-104.2107028
56602069	560159578003	1	29500	42.0636856	-104.1898147
56602070	560159578003	1	10000	42.0767092	-104.2147035
56602071	560159578003	1	90800	42.0643024	-104.1899013
56602072	560159578003	1	30480	42.0641541	-104.1890007
56602073	560159578003	1	40200	42.0640834	-104.1895789
56602074	560159578003	1	8590	42.0719283	-104.2068099
56602075	560159578003	1	12500	42.0718657	-104.2068231
56602076	560159578003	1	172000	42.0719438	-104.2067249
56602077	560159578003	1	17200	42.0628989	-104.1852402
56602078	560159578003	1	53800	42.0632337	-104.1905306
56602079	560159578003	1	32000	42.0631688	-104.1903353
56602080	560159578003	1	33200	42.0603619	-104.2039271
56602081	560159578003	1	21000	42.0631211	-104.1902946
56602082	560159578003	1	60000	42.0631919	-104.1910446
56602083	560159578003	1	52300	42.0772406	-104.2336242
56602084	560159578003	1	14600	42.0630927	-104.1872203
56602085	560159578003	1	56010	42.0630306	-104.1898832
56602086	560159578003	1	19300	42.0630856	-104.1888815
56602087	560159578003	1	40000	42.0630917	-104.1895328
56602088	560159578003	1	15000	42.0767182	-104.2337248
56602089	560159578003	1	117300	42.0718591	-104.2084198
56602090	560159578003	1	144800	42.0903904	-104.2502386
56602091	560159578003	1	37000	42.0717768	-104.2071760
56602092	560159578003	1	20000	42.0601659	-104.2033398
56602093	560159578003	1	71500	42.0605888	-104.2041412
56602094	560159578003	1	45000	42.0903553	-104.2499021
56602095	560159578003	1	18300	42.0718442	-104.2070660
56602096	560159578003	1	74000	42.0717211	-104.2076732
56602097	560159578003	1	75400	42.0714204	-104.2090359
56602098	560159578003	1	25600	42.0606501	-104.1906983
56602099	560159578003	1	18800	42.0603280	-104.1906941
56602100	560159578003	1	39050	42.0607259	-104.1897545
56602101	560159578003	1	43400	42.0623890	-104.1849165
56602102	560159578003	1	20200	42.0623636	-104.1848328
56602103	560159578003	1	55000	42.0627904	-104.1847975
56602104	560159578003	1	0	42.0764479	-104.2337743
56602105	560159578003	1	3300	42.0712441	-104.2062819
56602106	560159578003	1	100000	42.0711763	-104.2085033
56602107	560159578003	1	36000	42.0720892	-104.2086790
56602108	560159578003	1	16000	42.0708525	-104.2091338
56602109	560159578003	1	37000	42.0708387	-104.2065591
56602110	560159578003	1	19900	42.0709715	-104.2084411
56602111	560159578003	1	22500	42.0706299	-104.2055938
56602112	560159578003	1	64170	42.0766138	-104.2331682
56602113	560159578003	1	107300	42.0700590	-104.2036596
56602114	560159578003	1	50500	42.0701653	-104.2040927
56602115	560159578003	1	40100	42.0699677	-104.2037902
56602116	560159578003	1	29700	42.0690596	-104.2021224
56602117	560159578003	1	35000	42.0697107	-104.2020071
56602118	560159578003	1	1100	42.0690122	-104.2019528
56602119	560159578003	1	28300	42.0631580	-104.1874303
56602120	560159578003	1	28250	42.0678538	-104.2069327
56602121	560159578003	1	95000	42.0611723	-104.2003999
56602122	560159578003	1	62400	42.0703059	-104.2071941
56602123	560159578003	1	23900	42.0700012	-104.2043223
56602124	560159578003	1	18000	42.0769523	-104.2336490
56602125	560159578003	1	17100	42.0697980	-104.2048453
56602126	560159578003	1	106000	42.0700440	-104.2076894
56602127	560159578003	1	27000	42.0609007	-104.1995861
56602128	560159578003	1	20700	42.0602581	-104.2003541
56602129	560159578003	1	110000	42.0612678	-104.1997488
56602130	560159578003	1	24000	42.0631085	-104.1930752
56602131	560159578003	1	30000	42.0636482	-104.1906320
56602132	560159578003	1	130000	42.0634936	-104.1900342
56602133	560159578003	1	81000	42.0704893	-104.2070004
56602134	560159578003	1	23100	42.0631046	-104.1925779
56602135	560159578003	1	13350	42.0706678	-104.2073368
56602136	560159578003	1	45000	42.0682256	-104.2064358
56602137	560159578003	1	37800	42.0643356	-104.1924057
56602138	560159578003	1	75900	42.0771910	-104.2182811
56602139	560159578003	1	8590	42.0695473	-104.2084782
56602140	560159578003	1	18400	42.0700858	-104.2083840
56602141	560159578003	1	17900	42.0656338	-104.1936202
56602142	560159578003	1	45200	42.0769373	-104.2179336
56602143	560159578003	1	16500	42.0657111	-104.1936206
56602144	560159578003	1	88000	42.0694604	-104.2054063
56602145	560159578003	1	10000	42.0692374	-104.2048834
56602146	560159578003	1	15500	42.0646943	-104.1915940
56602147	560159578003	1	83000	42.0693052	-104.2052611
56602148	560159578003	1	9600	42.0694488	-104.2060985
56602149	560159578003	1	46780	42.0625357	-104.1911742
56602150	560159578003	1	20700	42.0630702	-104.1916341
56602151	560159578003	1	17000	42.0804909	-104.2280486
56602152	560159578003	1	24000	42.0615362	-104.2031634
56602153	560159578003	1	201800	42.0770380	-104.2185227
56602154	560159578003	1	18000	42.0677506	-104.1983512
56602155	560159578003	1	24600	42.0685290	-104.2078468
56602156	560159578003	1	18800	42.0676882	-104.2085861
56602157	560159578003	1	21100	42.0666903	-104.1995066
56602158	560159578003	1	51000	42.0680781	-104.1985712
56602159	560159578003	1	18000	42.0669567	-104.1998974
56602160	560159578003	1	51500	42.0692207	-104.2085873
56602161	560159578003	1	75600	42.0775510	-104.2221126
56602162	560159578003	1	41000	42.0665564	-104.1973250
56602163	560159578003	1	50300	42.0671612	-104.1970208
56602164	560159578003	1	94004	42.0688894	-104.2082525
56602165	560159578003	1	16800	42.0601148	-104.2018348
56602166	560159578003	1	5200	42.0604512	-104.2018692
56602167	560159578003	1	69600	42.0799338	-104.2276245
56602168	560159578003	1	40000	42.0802056	-104.2297899
56602169	560159578003	9	15900	42.0698442	-104.2016499
56602170	560159578003	1	60800	42.0615519	-104.2030817
56602171	560159578003	1	56000	42.0694499	-104.2015309
56602172	560159578003	1	19300	42.0804949	-104.2291746
56602173	560159578003	1	18000	42.0774314	-104.2171922
56602174	560159578003	1	40100	42.0771152	-104.2162314
56602175	560159578003	1	98000	42.0688528	-104.2027723
56602176	560159578003	1	69000	42.0603385	-104.2013647
56602177	560159578003	1	74200	42.0642308	-104.1913536
56602178	560159578003	1	70000	42.0637292	-104.1923952
56602179	560159578003	1	6500	42.0688935	-104.2023411
56602180	560159578003	1	16500	42.0603566	-104.2014796
56602181	560159578003	1	17000	42.0795539	-104.2243707
56602182	560159578003	1	75000	42.0812837	-104.2288164
56602183	560159578003	1	26100	42.0634464	-104.1934683
56602184	560159578003	1	24800	42.0662091	-104.2004479
56602185	560159578003	1	36400	42.0664116	-104.2023949
56602186	560159578003	1	75130	42.0655655	-104.2071451
56602187	560159578003	1	0	42.0809735	-104.2295973
56602188	560159578003	1	42400	42.0767317	-104.2179520
56602189	560159578003	1	22800	42.0681648	-104.2000371
56602190	560159578003	1	51000	42.0676184	-104.2000810
56602191	560159578003	1	79790	42.0616064	-104.2040114
56602192	560159578003	1	41400	42.0803269	-104.2317139
56602193	560159578003	1	74600	42.0814445	-104.2316720
56602194	560159578003	1	36000	42.0776818	-104.2209304
56602195	560159578003	1	75000	42.0608543	-104.2035865
56602196	560159578003	1	79500	42.0660699	-104.1958344
56602197	560159578003	1	20200	42.0816493	-104.2302831
56602198	560159578003	1	18400	42.0818387	-104.2318162
56602199	560159578003	1	101000	42.0787482	-104.2228195
56602200	560159578003	1	20000	42.0803761	-104.2310200
56602201	560159578003	1	70000	42.0687147	-104.2009150
56602202	560159578003	1	100000	42.0813368	-104.2300991
56602203	560159578003	1	-4199	42.0623266	-104.1999810
56602204	560159578003	1	20500	42.0654061	-104.1941359
56602205	560159578003	1	68640	42.0673422	-104.1989690
56602206	560159578003	8	38500	42.0616456	-104.2017020
56602207	560159578003	1	12790	42.0783770	-104.2334104
56602208	560159578003	1	100000	42.0689622	-104.2073523
56602209	560159578003	1	25100	42.0672169	-104.2080683
56602210	560159578003	1	76800	42.0812344	-104.2314699
56602211	560159578003	1	10800	42.0673392	-104.2011063
56602212	560159578003	1	42000	42.0610560	-104.1852745
56602213	560159578003	1	103650	42.0685728	-104.2035664
56602214	560159578003	1	95000	42.0700827	-104.2061587
56602215	560159578003	1	15000	42.0661997	-104.2065836
56602216	560159578003	1	22800	42.0606207	-104.1849010
56602217	560159578003	1	17000	42.0602169	-104.1956242
56602218	560159578003	1	18000	42.0603749	-104.1932096
56602219	560159578003	1	93200	42.0671408	-104.2029704
56602220	560159578003	1	53300	42.0622787	-104.1946860
56602221	560159578003	1	14800	42.0612894	-104.2044597
56602222	560159578003	1	24400	42.0669386	-104.2065498
56602223	560159578003	1	74700	42.0624869	-104.2046415
56602224	560159578003	1	39400	42.0619190	-104.2044004
56602225	560159578003	1	67700	42.0603717	-104.1984348
56602226	560159578003	1	83000	42.0674089	-104.2053525
56602227	560159578003	1	113400	42.0671555	-104.2047314
56602228	560159578003	1	35400	42.0606824	-104.2046880
56602229	560159578003	1	29700	42.0681708	-104.2059928
56602230	560159578003	1	60000	42.0679014	-104.2044025
56602231	560159578003	1	54000	42.0664940	-104.2079466
56602232	560159578003	1	89000	42.0658984	-104.2040594
56602233	560159578003	8	77100	42.0658382	-104.2051498
56602234	560159578003	1	13000	42.0651858	-104.2082032
56602235	560159578003	1	32000	42.0653582	-104.2030571
56602236	560159578003	1	75000	42.0748498	-104.2123535
56602237	560159578003	1	17600	42.0661944	-104.2034006
56602238	560159578003	1	40500	42.0666380	-104.2054169
56602239	560159578003	1	36000	42.0660332	-104.2013019
56602240	560159578003	1	68400	42.0814400	-104.2335952
56602241	560159578003	1	49200	42.0679827	-104.2018381
56602242	560159578003	1	14800	42.0664688	-104.2006813
56602243	560159578003	1	72000	42.0669609	-104.2047647
56602244	560159578003	9	44920	42.0734721	-104.2114693
56602245	560159578003	1	77800	42.0633158	-104.1942995
56602246	560159578003	1	23000	42.0648286	-104.1929868
56602247	560159578003	1	27000	42.0644668	-104.1937982
56602248	560159578003	1	17200	42.0648130	-104.2030019
56602249	560159578003	1	43600	42.0755585	-104.2143747
56602250	560159578003	1	30000	42.0655337	-104.1995169
56602251	560159578003	1	24000	42.0754265	-104.2149017
56602252	560159578003	1	101020	42.0804480	-104.2325914
56602253	560159579001	1	108000	42.0751325	-104.1840856
56602254	560159579001	1	40000	42.0789899	-104.1740905
56602255	560159579001	1	32400	42.0727043	-104.1876482
56602256	560159579001	1	55000	42.0756904	-104.1833825
56602257	560159579001	1	37100	42.0728293	-104.1844863
56602258	560159579001	1	26000	42.0749571	-104.1848607
56602259	560159579001	1	114000	42.0738525	-104.1868613
56602260	560159579001	1	124020	42.0758969	-104.1839682
56602261	560159579001	1	85200	42.0736441	-104.1873229
56602262	560159579001	1	66600	42.0735526	-104.1872811
56602263	560159579001	1	15100	42.0760628	-104.1835075
56602264	560159579001	1	65340	42.0730563	-104.1865593
56602265	560159579001	1	197400	42.0741537	-104.1869359
56602266	560159579001	1	46700	42.0737394	-104.1863909
56602267	560159579001	1	47000	42.0739121	-104.1869540
56602268	560159579001	1	77500	42.0742683	-104.1870728
56602269	560159579001	1	8200	42.0741443	-104.1874907
56602270	560159579001	1	95930	42.0738291	-104.1875100
56602271	560159579001	1	38400	42.0739325	-104.1865434
56602272	560159579001	1	108000	42.0727580	-104.1862635
56602273	560159579001	1	57000	42.0738030	-104.1871745
56602274	560159579001	1	65000	42.0739955	-104.1863553
56602275	560159579001	1	41300	42.0736055	-104.1864758
56602276	560159579001	1	55000	42.0731078	-104.1862501
56602277	560159579001	1	63000	42.0735497	-104.1870308
56602278	560159579001	1	95900	42.0733424	-104.1870552
56602279	560159579001	1	3601	42.0762871	-104.1840484
56602280	560159579001	1	7800	42.0727021	-104.1864475
56602281	560159579001	1	109000	42.0733615	-104.1873783
56602282	560159579001	1	95900	42.0727892	-104.1867590
56602283	560159579001	1	15000	42.0734881	-104.1863204
56602284	560159579001	1	27400	42.0729385	-104.1867374
56602285	560159579001	1	110020	42.0726699	-104.1871623
56602286	560159579001	1	102000	42.0725999	-104.1870164
56602287	560159579001	1	132000	42.0755016	-104.1838353
56602288	560159579001	1	154100	42.0734322	-104.1864403
56602289	560159579001	1	3900	42.0732514	-104.1873318
56602290	560159579001	1	144800	42.0734615	-104.1867473
56602291	560159579001	1	70700	42.0763238	-104.1840588
56602292	560159579001	1	133100	42.0757075	-104.1837004
56602293	560159579001	1	54000	42.0761338	-104.1829525
56602294	560159579001	1	151500	42.0733322	-104.1877410
56602295	560159579001	1	42000	42.0725079	-104.1856253
56602296	560159579001	1	81800	42.0745524	-104.1823127
56602297	560159579001	1	107300	42.0752228	-104.1834057
56602298	560159579001	1	23300	42.0747470	-104.1838567
56602299	560159579001	1	98000	42.0763008	-104.1832032
56602300	560159579001	1	30000	42.0761812	-104.1837072
56602301	560159579001	1	6200	42.0760825	-104.1837659
56602302	560159579001	1	144200	42.0751033	-104.1836217
56602303	560159579001	3	8000	42.0759727	-104.1840786
56602304	560159579001	1	344200	42.0756698	-104.1829199
56602305	560159579001	1	35600	42.0748529	-104.1838639
56602306	560159579001	1	185700	42.0750367	-104.1839114
56602307	560159579001	1	32100	42.0749847	-104.1834400
56602308	560159579001	1	81000	42.0749972	-104.1834887
56602309	560159579001	1	22730	42.0746285	-104.1837400
56602310	560159579001	1	208790	42.0748480	-104.1835140
56602311	560159579001	1	32800	42.0750444	-104.1833639
56602312	560159579001	1	27230	42.0738363	-104.1818323
56602313	560159579001	1	20200	42.0719755	-104.1792723
56602314	560159579001	1	161500	42.0748268	-104.1833306
56602315	560159579001	1	134000	42.0753929	-104.1834412
56602316	560159579001	1	2100	42.0753266	-104.1834947
56602317	560159579001	1	109600	42.0719853	-104.1797595
56602318	560159579001	1	716000	42.0718626	-104.1789996
56602319	560159579001	1	42000	42.0714098	-104.1790460
56602320	560159579001	1	115000	42.0739833	-104.1822902
56602321	560159579001	1	9500	42.0743281	-104.1818059
56602322	560159579001	1	63500	42.0720026	-104.1788259
56602323	560159579001	1	38200	42.0713577	-104.1789234
56602324	560159579001	1	75000	42.0738345	-104.1821326
56602325	560159579001	8	31000	42.0739462	-104.1824193
56602326	560159579001	1	61000	42.0744471	-104.1822647
56602327	560159579001	1	32200	42.0786351	-104.1876863
56602328	560159579001	1	115000	42.0738162	-104.1816777
56602329	560159579001	1	30800	42.0731084	-104.1816569
56602330	560159579001	1	9600	42.0743202	-104.1822416
56602331	560159579001	1	8500	42.0744067	-104.1816902
56602332	560159579001	1	123800	42.0738671	-104.1820334
56602333	560159579001	1	135000	42.0729211	-104.1820664
56602334	560159579001	1	112000	42.0743443	-104.1822348
56602335	560159579001	1	112800	42.0737448	-104.1825558
56602336	560159579001	1	110000	42.0733390	-104.1818002
56602337	560159579001	1	1100	42.0735478	-104.1821480
56602338	560159579001	1	23900	42.0736014	-104.1825261
56602339	560159579001	1	36400	42.0736392	-104.1819825
56602340	560159579001	1	4900	42.0736186	-104.1816470
56602341	560159579001	1	9600	42.0735458	-104.1826100
56602342	560159579001	1	25000	42.0732877	-104.1820215
56602343	560159579001	1	28600	42.0787961	-104.1871905
56602344	560159579001	1	102100	42.0779214	-104.1878946
56602345	560159579001	1	48750	42.0783944	-104.1882701
56602346	560159579001	1	29300	42.0782344	-104.1886842
56602347	560159579001	1	67110	42.0787305	-104.1884035
56602348	560159579001	1	85000	42.0785968	-104.1881701
56602349	560159579001	1	80000	42.0783176	-104.1884133
56602350	560159579001	1	6000	42.0781817	-104.1886869
56602351	560159579001	1	170700	42.0786866	-104.1878377
56602352	560159579001	1	15000	42.0783134	-104.1878146
56602353	560159579001	1	74200	42.0785153	-104.1870991
56602354	560159579001	1	73400	42.0780046	-104.1870289
56602355	560159579001	1	66770	42.0780885	-104.1880128
56602356	560159579001	1	135000	42.0785113	-104.1871147
56602357	560159579001	1	26010	42.0781884	-104.1875082
56602358	560159579001	1	31400	42.0732622	-104.1879096
56602359	560159579001	1	84000	42.0780048	-104.1865879
56602360	560159579001	1	15000	42.0764039	-104.1852473
56602361	560159579001	1	112800	42.0722256	-104.1853764
56602362	560159579001	1	31200	42.0721385	-104.1849811
56602363	560159579001	1	106400	42.0722721	-104.1859614
56602364	560159579001	1	71070	42.0721076	-104.1849762
56602365	560159579001	1	17200	42.0725501	-104.1853235
56602366	560159579001	1	67500	42.0723573	-104.1856992
56602367	560159579001	1	103650	42.0719561	-104.1853148
56602368	560159579001	1	58100	42.0770756	-104.1846398
56602369	560159579001	1	28000	42.0766045	-104.1845801
56602370	560159579001	1	61000	42.0720549	-104.1809103
56602371	560159579001	1	80000	42.0720361	-104.1806457
56602372	560159579001	1	298800	42.0768681	-104.1851783
56602373	560159579001	1	225000	42.0763379	-104.1851324
56602374	560159579001	1	59800	42.0771063	-104.1843118
56602375	560159579001	1	130400	42.0787977	-104.1867485
56602376	560159579001	1	363500	42.0771689	-104.1856302
56602377	560159579001	1	6800	42.0771551	-104.1844442
56602378	560159579001	1	41400	42.0771291	-104.1843978
56602379	560159579001	1	39300	42.0764490	-104.1846778
56602380	560159579001	1	42000	42.0771285	-104.1865856
56602381	560159579001	8	53000	42.0769644	-104.1852782
56602382	560159579001	1	30900	42.0779805	-104.1861135
56602383	560159579001	1	8600	42.0771990	-104.1857541
56602384	560159579001	1	19410	42.0771392	-104.1863149
56602385	560159579001	1	28300	42.0772477	-104.1861957
56602386	560159579001	1	6000	42.0779095	-104.1863804
56602387	560159579001	1	9600	42.0773803	-104.1862809
56602388	560159579001	1	116500	42.0775762	-104.1865224
56602389	560159579001	1	63810	42.0772267	-104.1866291
56602390	560159579001	1	23300	42.0731426	-104.1882613
56602391	560159579001	1	130800	42.0720599	-104.1864027
56602392	560159579001	1	106970	42.0786371	-104.1862914
56602393	560159579001	1	138000	42.0782973	-104.1860144
56602394	560159579001	1	95000	42.0787283	-104.1859401
56602395	560159579001	1	31200	42.0785542	-104.1866929
56602396	560159579001	1	37500	42.0781101	-104.1864915
56602397	560159579001	1	74000	42.0782254	-104.1863655
56602398	560159579001	1	132400	42.0784256	-104.1865635
56602399	560159579001	1	7800	42.0718603	-104.1860949
56602400	560159579001	1	33200	42.0711749	-104.1776481
56602401	560159579001	1	97000	42.0787327	-104.1865821
56602402	560159579001	1	96000	42.0709802	-104.1779477
56602403	560159579001	1	103000	42.0710847	-104.1779449
56602404	560159579001	1	27400	42.0712449	-104.1785694
56602405	560159579001	1	53200	42.0710568	-104.1784210
56602406	560159579001	1	125100	42.0726231	-104.1876069
56602407	560159579001	1	93200	42.0717401	-104.1864916
56602408	560159579001	1	75000	42.0719680	-104.1871821
56602409	560159579001	1	65000	42.0725855	-104.1869481
56602410	560159579001	1	70000	42.0722953	-104.1863262
56602411	560159579001	1	104000	42.0726146	-104.1862588
56602412	560159579001	1	45450	42.0720185	-104.1869367
56602413	560159579001	1	8800	42.0724764	-104.1872069
56602414	560159579001	1	4600	42.0745876	-104.1883205
56602415	560159579001	1	26000	42.0746879	-104.1877259
56602416	560159579001	1	37280	42.0751188	-104.1886126
56602417	560159579001	1	104800	42.0748463	-104.1882039
56602418	560159579001	1	354000	42.0750549	-104.1884185
56602419	560159579001	1	208790	42.0743168	-104.1885371
56602420	560159579001	1	100400	42.0748047	-104.1880016
56602421	560159579001	1	107300	42.0761559	-104.1806218
56602422	560159579001	1	123800	42.0730250	-104.1843521
56602423	560159579001	1	106000	42.0741777	-104.1847853
56602424	560159579001	1	91370	42.0743758	-104.1847174
56602425	560159579001	1	51000	42.0732240	-104.1732931
56602426	560159579001	1	115000	42.0739644	-104.1847148
56602427	560159579001	3	72000	42.0743901	-104.1862733
56602428	560159579001	1	2400	42.0710812	-104.1787143
56602429	560159579001	1	130000	42.0769650	-104.1720849
56602430	560159579001	1	73900	42.0709946	-104.1786542
56602431	560159579001	1	83000	42.0729567	-104.1877851
56602432	560159579001	1	96000	42.0733603	-104.1876163
56602433	560159579001	1	41060	42.0740564	-104.1844552
56602434	560159579001	1	67000	42.0733336	-104.1858838
56602435	560159579001	1	15100	42.0735857	-104.1856844
56602436	560159579001	1	122000	42.0741910	-104.1853426
56602437	560159579001	1	31600	42.0743469	-104.1863487
56602438	560159579001	3	72000	42.0743744	-104.1856894
56602439	560159579001	1	1100	42.0743884	-104.1857112
56602440	560159579001	1	88500	42.0741116	-104.1851972
56602441	560159579001	1	49200	42.0739632	-104.1846555
56602442	560159579001	1	716000	42.0727223	-104.1858268
56602443	560159579001	1	106700	42.0734490	-104.1859661
56602444	560159579001	1	105000	42.0734869	-104.1858230
56602445	560159579001	1	33200	42.0732136	-104.1858771
56602446	560159579001	1	32400	42.0730717	-104.1850926
56602447	560159579001	1	16700	42.0733392	-104.1857652
56602448	560159579001	1	40000	42.0716557	-104.1758918
56602449	560159579001	1	55000	42.0815834	-104.1830418
56602450	560159579001	1	1100	42.0767544	-104.1830218
56602451	560159579001	1	110100	42.0710347	-104.1769476
56602452	560159579001	1	72000	42.0739224	-104.1849516
56602453	560159579001	1	51000	42.0767246	-104.1833330
56602454	560159579001	1	111000	42.0713638	-104.1769454
56602455	560159579001	1	51000	42.0765649	-104.1833992
56602456	560159579001	1	67900	42.0815781	-104.1825618
56602457	560159579001	1	145000	42.0768639	-104.1825226
56602458	560159579001	1	25700	42.0770636	-104.1826271
56602459	560159579001	1	14730	42.0766815	-104.1824986
56602460	560159579001	1	402000	42.0795027	-104.1832140
56602461	560159579001	1	71000	42.0798304	-104.1830936
56602462	560159579001	1	69200	42.0799024	-104.1833561
56602463	560159579001	1	53000	42.0717390	-104.1752861
56602464	560159579001	1	82000	42.0720249	-104.1744288
56602465	560159579001	1	168000	42.0781877	-104.1830091
56602466	560159579001	1	375800	42.0813929	-104.1833115
56602467	560159579001	1	7800	42.0776710	-104.1823219
56602468	560159579001	1	152600	42.0716332	-104.1744423
56602469	560159579001	1	104000	42.0785551	-104.1825208
56602470	560159579001	1	20200	42.0784264	-104.1827855
56602471	560159579001	1	69060	42.0797508	-104.1870411
56602472	560159579001	1	21400	42.0722419	-104.1884199
56602473	560159579001	1	124000	42.0716533	-104.1770821
56602474	560159579001	1	120000	42.0717996	-104.1772419
56602475	560159579001	1	77400	42.0791080	-104.1871073
56602476	560159579001	1	70900	42.0721895	-104.1880536
56602477	560159579001	1	85000	42.0805384	-104.1886146
56602478	560159579001	1	69000	42.0751525	-104.1815298
56602479	560159579001	1	55000	42.0715336	-104.1712068
56602480	560159579001	1	70000	42.0791500	-104.1819818
56602481	560159579001	1	30000	42.0713808	-104.1751776
56602482	560159579001	1	157000	42.0728906	-104.1736339
56602483	560159579001	1	31500	42.0754022	-104.1732511
56602484	560159579001	3	30600	42.0734400	-104.1717110
56602485	560159579001	1	48380	42.0715083	-104.1716051
56602486	560159579001	1	39600	42.0729105	-104.1706363
56602487	560159579001	1	185700	42.0740532	-104.1725292
56602488	560159579001	1	95000	42.0817628	-104.1885695
56602489	560159579001	1	35300	42.0780435	-104.1813145
56602490	560159579001	1	116200	42.0785042	-104.1764556
56602491	560159579001	1	38200	42.0748041	-104.1719493
56602492	560159579001	1	76000	42.0821699	-104.1878399
56602493	560159579001	1	73700	42.0735746	-104.1762006
56602494	560159579001	1	115000	42.0794671	-104.1845028
56602495	560159579001	1	70900	42.0750407	-104.1743086
56602496	560159579001	1	100000	42.0724669	-104.1788036
56602497	560159579001	1	33600	42.0763087	-104.1796444
56602498	560159579001	1	50000	42.0725262	-104.1736682
56602499	560159579001	1	49000	42.0741223	-104.1749974
56602500	560159579001	1	7520	42.0789454	-104.1866162
56602501	560159579001	1	149100	42.0798760	-104.1809249
56602502	560159579001	1	7500	42.0805823	-104.1876448
56602503	560159579001	1	29300	42.0723239	-104.1706080
56602504	560159579001	1	60000	42.0741020	-104.1709192
56602505	560159579001	1	33700	42.0729162	-104.1744002
56602506	560159579001	1	93300	42.0770829	-104.1764277
56602507	560159579001	1	27500	42.0791324	-104.1846990
56602508	560159579001	1	51300	42.0736468	-104.1781990
56602509	560159579001	1	55000	42.0725134	-104.1759834
56602510	560159579001	1	40000	42.0726705	-104.1765775
56602511	560159579001	1	32100	42.0738562	-104.1739348
56602512	560159579001	1	115000	42.0740142	-104.1765883
56602513	560159579001	1	30400	42.0752299	-104.1735978
56602514	560159579001	1	6350	42.0761226	-104.1768028
56602515	560159579001	1	137500	42.0768266	-104.1807755
56602516	560159579001	1	100400	42.0726466	-104.1700762
56602517	560159579001	1	70000	42.0713221	-104.1749784
56602518	560159579001	1	1400	42.0765624	-104.1745111
56602519	560159579001	1	32100	42.0732123	-104.1693915
56602520	560159579001	1	26300	42.0773699	-104.1747192
56602521	560159579001	1	395900	42.0748469	-104.1714042
56602522	560159579001	1	79000	42.0771365	-104.1734346
56602523	560159579001	1	127000	42.0754402	-104.1728943
56602524	560159579001	1	90000	42.0833895	-104.1874757
56602525	560159579001	1	23000	42.0711347	-104.1732964
56602526	560159579001	1	354000	42.0823900	-104.1884301
56602527	560159579001	1	133100	42.0766503	-104.1780928
56602528	560159579001	1	108000	42.0820723	-104.1862122
56602529	560159579001	1	78000	42.0806737	-104.1870372
56602530	560159579001	1	172700	42.0758602	-104.1755819
56602531	560159579001	1	36000	42.0857524	-104.0533023
56602532	560159579001	1	121780	42.0802937	-104.1812521
56602533	560159579001	1	97600	42.0811740	-104.1872743
56602534	560159579001	1	23700	42.0743252	-104.1699544
56602535	560159579001	1	108000	42.0776126	-104.1779947
56602536	560159579001	1	259000	42.0843690	-104.1877479
56602537	560159579001	1	26500	42.0800247	-104.1862269
56602538	560159579001	1	0	42.0822865	-104.1830896
56602539	560159579001	1	27800	42.0830512	-104.1864823
56602540	560159579001	1	7200	42.0840740	-104.1861241
56602541	560159579001	1	27500	42.0844515	-104.1868022
56602542	560159579001	1	56000	42.0764233	-104.1792050
56602543	560159579001	1	122000	42.0759146	-104.1754410
56602544	560159579001	1	106000	42.0824589	-104.1851247
56602545	560159579001	1	57300	42.0742822	-104.1758491
56602546	560159579001	1	40270	42.0772867	-104.1784261
56602547	560159579001	1	44900	42.0765513	-104.1738860
56602548	560159579001	1	34004	42.0813411	-104.1849676
56602549	560159579001	1	1100	42.0835720	-104.1826216
56602550	560159579001	1	137000	42.0781383	-104.1734958
56602551	560159579001	1	80000	42.0786058	-104.1754414
56602552	560159579001	1	115000	42.0750930	-104.1693696
56602553	560159579001	1	7800	42.0809242	-104.1844086
56602554	560159579001	1	8400	42.0757549	-104.1768874
56602555	560159579001	1	33400	42.0806336	-104.1841327
56602556	560159579001	1	32700	42.0755574	-104.1787256
56602557	560159579001	1	156000	42.0746013	-104.1787042
56602558	560159579001	1	36000	42.0744224	-104.1775014
56602559	560159579001	1	101020	42.0827320	-104.1847304
56602560	560159579001	1	24600	42.0800627	-104.1853494
56602561	560159579001	1	17600	42.0782190	-104.1792409
56602562	560159579001	1	28800	42.0759675	-104.1713906
56602563	560159579001	1	43300	42.0821708	-104.1846254
56602564	560159579001	1	162000	42.0828022	-104.1857900
56602565	560159579001	1	4600	42.0839438	-104.1869620
56602566	560159579001	1	97000	42.0733126	-104.1837681
56602567	560159579001	1	37800	42.0753765	-104.1845512
56602568	560159579001	1	107000	42.0819028	-104.1808009
56602569	560159579001	1	98400	42.0748513	-104.1847341
56602570	560159579001	1	9600	42.0772162	-104.1722712
56602571	560159579001	1	49200	42.0768923	-104.1710103
56602572	560159579001	1	54000	42.0747749	-104.1845804
56602573	560159579001	1	27000	42.0752516	-104.1846182
56602574	560159579001	1	100000	42.0734176	-104.1834784
56602575	560159579001	1	65000	42.0778252	-104.1773849
56602576	560159579001	1	82300	42.0733588	-104.1847972
56602577	560159579001	1	45000	42.0730702	-104.1834463
56602578	560159579001	1	500	42.0735281	-104.1846169
56602579	560159579001	1	113700	42.0731769	-104.1839877
56602580	560159579001	1	28500	42.0729491	-104.1842706
56602581	560159579001	1	42300	42.0802682	-104.1801399
56602582	560159579001	1	43000	42.0752476	-104.1883377
56602583	560159579001	1	45200	42.0775193	-104.1870626
56602584	560159579001	1	8200	42.0745898	-104.1832329
56602585	560159579001	1	155220	42.0736098	-104.1826919
56602586	560159579001	1	25300	42.0731765	-104.1834379
56602587	560159579001	1	35150	42.0741670	-104.1831705
56602588	560159579001	1	81000	42.0730965	-104.1827357
56602589	560159579001	1	25600	42.0745755	-104.1837082
56602590	560159579001	1	56004	42.0771285	-104.1884802
56602591	560159579001	1	113000	42.0741093	-104.1836439
56602592	560159579001	1	100400	42.0738191	-104.1834809
56602593	560159579001	1	53100	42.0743440	-104.1836105
56602594	560159579001	1	17400	42.0774846	-104.1881068
56602595	560159579001	1	158020	42.0770199	-104.1886198
56602596	560159579001	1	58300	42.0770147	-104.1880318
56602597	560159579001	1	69000	42.0795345	-104.1725312
56602598	560159579001	8	74030	42.0753394	-104.1879592
56602599	560159579001	1	93200	42.0755023	-104.1883219
56602600	560159579001	1	34800	42.0777888	-104.1875945
56602601	560159579001	1	36500	42.0777027	-104.1867937
56602602	560159579001	1	8200	42.0773866	-104.1879242
56602603	560159579001	1	134400	42.0775678	-104.1868155
56602604	560159579001	1	60000	42.0775733	-104.1869757
56602605	560159579001	1	98000	42.0772223	-104.1692709
56602606	560159579001	1	64000	42.0757483	-104.1684395
56602607	560159579001	1	8400	42.0758932	-104.1883463
56602608	560159579001	1	366400	42.0755997	-104.1886774
56602609	560159579001	1	37000	42.0786126	-104.1725111
56602610	560159579001	1	30100	42.0782930	-104.1693367
56602611	560159579001	1	59000	42.0780040	-104.1690857
56602612	560159579001	1	146200	42.0821115	-104.1818068
56602613	560159579001	1	97000	42.0824563	-104.1807918
56602614	560159579001	1	8000	42.0872739	-104.1869300
56602615	560159579001	1	106200	42.0786467	-104.1774973
56602616	560159579001	1	45600	42.0780433	-104.1719489
56602617	560159579001	1	9200	42.0757743	-104.1699085
56602618	560159579001	1	65000	42.0798059	-104.1802815
56602619	560159579001	1	9200	42.0790191	-104.1786158
56602620	560159579001	1	50000	42.0775182	-104.1697833
56602621	560159579001	1	42000	42.0788149	-104.1699262
56602622	560159579001	1	45800	42.0776857	-104.1715522
56602623	560159579001	1	58100	42.0795467	-104.1762186
56602624	560159579001	1	17400	42.0769949	-104.1699458
56602625	560159579001	1	27000	42.0787433	-104.1753027
56602626	560159579001	1	52020	42.0795096	-104.1787120
56602627	560159579001	1	46010	42.0800615	-104.1754606
56602628	560159579001	1	78510	42.0797869	-104.1772879
56602629	560159579001	1	25600	42.0804715	-104.1787596
56602630	560159579001	1	174000	42.0796923	-104.1762567
56602631	560159579001	1	201800	42.0809021	-104.1778796
56602632	560159579001	1	52500	42.1038633	-104.1812111
56602633	560159579001	1	1100	42.0811867	-104.1812740
56602634	560159579001	1	33200	42.1059411	-104.1804579
56602635	560159579001	1	40200	42.1042671	-104.1761846
56602636	560159579001	1	105000	42.0867117	-104.1882263
56602637	560159579001	1	24800	42.1050448	-104.1756920
56602638	560159579001	1	114900	42.1043992	-104.1771410
56602639	560159579001	1	22000	42.1032367	-104.1760022
56602640	560159579001	1	43000	42.1044924	-104.1717017
56602641	560159579001	1	71000	42.1054567	-104.1743135
56602642	560159579001	1	137500	42.1048717	-104.1766591
56602643	560159579001	1	95700	42.1056299	-104.1794711
56602644	560159579001	1	45900	42.1043158	-104.1747738
56602645	560159579001	1	100000	42.1071787	-104.1791879
56602646	560159579001	1	64500	42.1039454	-104.1778275
56602647	560159579001	1	50000	42.1044800	-104.1736674
56602648	560159579001	1	43200	42.1052142	-104.1785855
56602649	560159579001	1	27400	42.0854214	-104.1863818
56602650	560159579001	1	44100	42.1034597	-104.1715109
56602651	560159579001	1	127000	42.1027704	-104.1697144
56602652	560159579001	1	149000	42.1048427	-104.1793324
56602653	560159579001	3	102000	42.1037160	-104.1768057
56602654	560159579001	3	72000	42.1059186	-104.1781992
56602655	560159579001	1	225000	42.0872441	-104.0535802
56602656	560159579001	1	144200	42.1063191	-104.1802009
56602657	560159579001	1	15200	42.1034133	-104.1798007
56602658	560159579001	1	58000	42.1037581	-104.1742764
56602659	560159579001	1	85500	42.1035360	-104.1801082
56602660	560159579001	1	35000	42.1049076	-104.1810146
56602661	560159579001	1	8500	42.1065066	-104.1807444
56602662	560159579001	1	73410	42.0886725	-104.0585803
56602663	560159579001	1	28200	42.0882008	-104.0581710
56602664	560159579001	1	57600	42.0730036	-104.1800468
56602665	560159579001	1	71600	42.0728448	-104.1789736
56602666	560159579001	1	363500	42.0723238	-104.1802851
56602667	560159579001	1	90000	42.0722218	-104.1791595
56602668	560159579001	1	26100	42.0770277	-104.1862927
56602669	560159579001	1	40200	42.0736155	-104.1804554
56602670	560159579001	1	24900	42.0730578	-104.1811520
56602671	560159579001	1	201800	42.0763426	-104.1864083
56602672	560159579001	1	45234	42.0766453	-104.1885636
56602673	560159579001	1	25000	42.0771059	-104.1860227
56602674	560159579001	1	122300	42.0764046	-104.1860670
56602675	560159579001	1	32000	42.0764334	-104.1882279
56602676	560159579001	1	26500	42.0766242	-104.1870261
56602677	560159579001	1	86900	42.0767794	-104.1857534
56602678	560159579001	1	70000	42.0763212	-104.1859631
56602679	560159579001	1	63400	42.0766107	-104.1877288
56602680	560159579001	1	60400	42.0770602	-104.1868991
56602681	560159579001	1	56004	42.0766907	-104.1878030
56602682	560159579001	1	66000	42.0764415	-104.1867490
56602683	560159579001	1	41400	42.0764559	-104.1885369
56602684	560159579001	1	31500	42.0761744	-104.1867193
56602685	560159579001	1	21030	42.0737650	-104.1812125
56602686	560159579001	1	25000	42.0754218	-104.1870774
56602687	560159579001	1	55000	42.0767970	-104.1878839
56602688	560159579001	1	15200	42.0736206	-104.1807265
56602689	560159579001	1	51500	42.0759932	-104.1852929
56602690	560159579001	1	2100	42.0758843	-104.1871274
56602691	560159579001	1	6350	42.0756598	-104.1873238
56602692	560159579001	1	134000	42.0760873	-104.1866514
56602693	560159579001	1	50600	42.0761475	-104.1841563
56602694	560159579001	1	25800	42.0757471	-104.1847606
56602695	560159579001	1	51100	42.0758953	-104.1845320
56602696	560159579001	1	155530	42.0731844	-104.1803573
56602697	560159579001	1	21500	42.0734250	-104.1882749
56602698	560159579001	1	38000	42.0762451	-104.1850540
56602699	560159579001	1	50070	42.0740696	-104.1876256
56602700	560159579001	1	85000	42.0737782	-104.1879343
56602701	560159579001	1	25200	42.0734597	-104.1879369
56602702	560159579001	1	197400	42.0734640	-104.1882330
56602703	560159579001	1	280800	42.0746957	-104.1870145
56602704	560159579001	1	57650	42.0773314	-104.1830961
56602705	560159579001	1	101000	42.0724592	-104.1812147
56602706	560159579001	1	51000	42.0739477	-104.1794344
56602707	560159579001	8	24000	42.0783302	-104.1833476
56602708	560159579001	1	61000	42.0737922	-104.1793449
56602709	560159579001	1	155530	42.0778871	-104.1837901
56602710	560159579001	1	366400	42.0725340	-104.1804164
56602711	560159579001	1	107800	42.0721421	-104.1803255
56602712	560159579001	1	97600	42.0727714	-104.1810454
56602713	560159579001	1	62200	42.0715412	-104.1862101
56602714	560159579001	1	53000	42.0714180	-104.1863724
56602715	560159579001	1	6000	42.0715488	-104.1864448
56602716	560159579001	1	120400	42.0760673	-104.1860448
56602717	560159579001	1	112600	42.0758397	-104.1826069
56602718	560159579001	1	77000	42.0778779	-104.1840420
56602719	560159579001	1	105000	42.0774027	-104.1838216
56602720	560159579001	1	25800	42.0777945	-104.1832242
56602721	560159579001	1	66600	42.0758922	-104.1821091
56602722	560159579001	1	3900	42.0764592	-104.1824250
56602723	560159579001	1	64000	42.0756949	-104.1826621
56602724	560159579001	1	85500	42.0757784	-104.1858163
56602725	560159579001	1	25200	42.0788121	-104.1855389
56602726	560159579001	1	16130	42.0783730	-104.1854582
56602727	560159579001	1	145000	42.0789824	-104.1852372
56602728	560159579001	1	84500	42.0759988	-104.1862960
56602729	560159579001	1	8540	42.0781886	-104.1847765
56602730	560159579001	1	97600	42.0754318	-104.1854746
56602731	560159579001	1	28000	42.0781853	-104.1837036
56602732	560159579001	1	165000	42.0754832	-104.1821034
56602733	560159579001	1	51030	42.0721417	-104.1845351
56602734	560159579001	1	100000	42.0747889	-104.1868066
56602735	560159579001	1	80700	42.0752354	-104.1876194
56602736	560159579001	1	27700	42.0746597	-104.1876288
56602737	560159579001	1	90000	42.0725721	-104.1847103
56602738	560159579001	1	110000	42.0726162	-104.1845317
56602739	560159579001	1	113000	42.0727471	-104.1842407
56602740	560159579001	1	61000	42.0751522	-104.1819199
56602741	560159579001	1	73900	42.0748934	-104.1863847
56602742	560159579001	1	63440	42.0749383	-104.1863649
56602743	560159579001	1	116000	42.0750154	-104.1863418
56602744	560159579001	1	4600	42.0749171	-104.1825262
56602745	560159579001	1	30000	42.0749501	-104.1858753
56602746	560159579001	1	72000	42.0754661	-104.1827337
56602747	560159579001	1	188000	42.0716358	-104.1784279
56602748	560159579001	1	115600	42.0721380	-104.1816919
56602749	560159579001	1	67100	42.0724201	-104.1825612
56602750	560159579001	1	95000	42.0727476	-104.1835399
56602751	560159579001	1	38000	42.0725091	-104.1835349
56602752	560159579001	1	354000	42.0721334	-104.1816472
56602753	560159579001	1	94000	42.0727952	-104.1837407
56602754	560159579001	1	24600	42.0720725	-104.1823555
56602755	560159579001	1	130000	42.0721691	-104.1777014
56602756	560159579001	1	77000	42.0747027	-104.1810484
56602757	560159579001	1	35000	42.0724719	-104.1816762
56602758	560159579001	1	77500	42.0719939	-104.1817186
56602759	560159579001	1	57000	42.0719922	-104.1781491
56602760	560159579001	1	81600	42.0738536	-104.1814102
56602761	560159579001	1	73000	42.0744510	-104.1814307
56602762	560159579001	1	28000	42.0788081	-104.1832741
56602763	560159579001	1	27700	42.0734076	-104.1789736
56602764	560159579002	1	37100	42.0621103	-104.1608314
56602765	560159579002	1	134000	42.0674048	-104.1716661
56602766	560159579002	1	7570	42.0610018	-104.1599006
56602767	560159579002	1	52000	42.0655370	-104.1720731
56602768	560159579002	1	13500	42.0678263	-104.1716551
56602769	560159579002	1	35960	42.0644527	-104.1754867
56602770	560159579002	1	37100	42.0706298	-104.1774913
56602771	560159579002	1	25300	42.0701134	-104.1802719
56602772	560159579002	1	67600	42.0650544	-104.1729261
56602773	560159579002	1	31400	42.0675433	-104.1720982
56602774	560159579002	1	65000	42.0651120	-104.1726584
56602775	560159579002	1	27460	42.0652609	-104.1737199
56602776	560159579002	1	7800	42.0685006	-104.1724357
56602777	560159579002	9	56020	42.0646932	-104.1739538
56602778	560159579002	1	39400	42.0648803	-104.1732014
56602779	560159579002	1	17000	42.0649898	-104.1736779
56602780	560159579002	1	81490	42.0649066	-104.1732947
56602781	560159579002	1	6200	42.0650199	-104.1739128
56602782	560159579002	1	46010	42.0688764	-104.1733136
56602783	560159579002	1	4700	42.0642193	-104.1739138
56602784	560159579002	1	26500	42.0638192	-104.1738482
56602785	560159579002	8	38500	42.0647738	-104.1740953
56602786	560159579002	1	33400	42.0651699	-104.1741548
56602787	560159579002	1	17600	42.0641847	-104.1737871
56602788	560159579002	1	81600	42.0638003	-104.1731548
56602789	560159579002	1	44490	42.0636698	-104.1737150
56602790	560159579002	1	67000	42.0683997	-104.1772098
56602791	560159579002	1	53100	42.0641090	-104.1731934
56602792	560159579002	1	102000	42.0641597	-104.1736457
56602793	560159579002	1	78000	42.0638785	-104.1737446
56602794	560159579002	1	134000	42.0682583	-104.1780269
56602795	560159579002	1	143400	42.0683489	-104.1775647
56602796	560159579002	1	55000	42.0686000	-104.1783157
56602797	560159579002	1	26500	42.0648283	-104.1721263
56602798	560159579002	1	71100	42.0629760	-104.1734817
56602799	560159579002	1	5000	42.0682709	-104.1744407
56602800	560159579002	1	60500	42.0685912	-104.1729980
56602801	560159579002	1	197400	42.0684381	-104.1729345
56602802	560159579002	1	69160	42.0684714	-104.1728133
56602803	560159579002	1	80000	42.0682171	-104.1729105
56602804	560159579002	4	9000	42.0688128	-104.1728806
56602805	560159579002	1	41500	42.0685165	-104.1726261
56602806	560159579002	1	12400	42.0685728	-104.1741136
56602807	560159579002	1	32000	42.0683904	-104.1745151
56602808	560159579002	1	25000	42.0681007	-104.1735394
56602809	560159579002	1	33900	42.0683683	-104.1740738
56602810	560159579002	1	18600	42.0685282	-104.1741519
56602811	560159579002	1	80000	42.0688031	-104.1743632
56602812	560159579002	1	14400	42.0685552	-104.1738269
56602813	560159579002	1	8000	42.0649801	-104.1728413
56602814	560159579002	1	77000	42.0631212	-104.1729046
56602815	560159579002	1	24000	42.0627664	-104.1736476
56602816	560159579002	1	85000	42.0634462	-104.1740666
56602817	560159579002	1	2400	42.0632036	-104.1732030
56602818	560159579002	1	17000	42.0629661	-104.1737185
56602819	560159579002	1	43600	42.0633858	-104.1739461
56602820	560159579002	1	84900	42.0634414	-104.1729966
56602821	560159579002	1	59200	42.0650895	-104.1728116
56602822	560159579002	1	112600	42.0622785	-104.1732655
56602823	560159579002	1	50000	42.0625657	-104.1732189
56602824	560159579002	1	15900	42.0623393	-104.1736794
56602825	560159579002	1	65000	42.0651205	-104.1719437
56602826	560159579002	1	11600	42.0626279	-104.1738671
56602827	560159579002	1	35200	42.0623503	-104.1729293
56602828	560159579002	1	52500	42.0633965	-104.1685279
56602829	560159579002	1	13300	42.0633358	-104.1712911
56602830	560159579002	1	30000	42.0680791	-104.1793491
56602831	560159579002	1	4600	42.0643025	-104.1728546
56602832	560159579002	1	40000	42.0684180	-104.1821441
56602833	560159579002	1	17000	42.0681489	-104.1823469
56602834	560159579002	1	24200	42.0646377	-104.1718087
56602835	560159579002	1	48000	42.0680227	-104.1820615
56602836	560159579002	1	71000	42.0687030	-104.1822969
56602837	560159579002	1	60000	42.0682236	-104.1824496
56602838	560159579002	1	45000	42.0686218	-104.1827580
56602839	560159579002	1	8600	42.0640366	-104.1729462
56602840	560159579002	1	13000	42.0691456	-104.1828650
56602841	560159579002	1	2800	42.0684806	-104.1820482
56602842	560159579002	1	11500	42.0690298	-104.1826600
56602843	560159579002	1	13000	42.0641368	-104.1722841
56602844	560159579002	1	60600	42.0688065	-104.1828141
56602845	560159579002	1	64700	42.0639811	-104.1723578
56602846	560159579002	1	123800	42.0682306	-104.1788923
56602847	560159579002	1	8200	42.0629112	-104.1681505
56602848	560159579002	1	27400	42.0642598	-104.1729457
56602849	560159579002	1	45000	42.0639299	-104.1721590
56602850	560159579002	1	56800	42.0639205	-104.1728118
56602851	560159579002	1	62000	42.0629659	-104.1686665
56602852	560159579002	1	12000	42.0602003	-104.1700602
56602853	560159579002	1	172700	42.0597851	-104.1700560
56602854	560159579002	1	0	42.0686249	-104.1784359
56602855	560159579002	1	24900	42.0625966	-104.1680764
56602856	560159579002	8	24000	42.0624233	-104.1686648
56602857	560159579002	1	57100	42.0624111	-104.1685768
56602858	560159579002	1	72500	42.0685058	-104.1785710
56602859	560159579002	1	18800	42.0625063	-104.1689572
56602860	560159579002	1	8400	42.0623240	-104.1680722
56602861	560159579002	1	47700	42.0629899	-104.1704510
56602862	560159579002	1	93200	42.0672159	-104.1756849
56602863	560159579002	1	35500	42.0686734	-104.1752068
56602864	560159579002	1	20910	42.0680524	-104.1749432
56602865	560159579002	1	58490	42.0680798	-104.1791558
56602866	560159579002	1	18800	42.0687726	-104.1751075
56602867	560159579002	1	40000	42.0683418	-104.1747358
56602868	560159579002	1	93000	42.0684925	-104.1748311
56602869	560159579002	1	8800	42.0682018	-104.1746891
56602870	560159579002	1	32200	42.0672490	-104.1748490
56602871	560159579002	1	58000	42.0671995	-104.1746117
56602872	560159579002	1	23900	42.0686242	-104.1747970
56602873	560159579002	1	76000	42.0677185	-104.1754672
56602874	560159579002	1	16440	42.0675880	-104.1757571
56602875	560159579002	1	130000	42.0678623	-104.1750946
56602876	560159579002	1	35000	42.0671923	-104.1756456
56602877	560159579002	1	56300	42.0636772	-104.1707220
56602878	560159579002	1	53000	42.0661727	-104.1750317
56602879	560159579002	1	12600	42.0664962	-104.1753403
56602880	560159579002	1	43000	42.0664887	-104.1752594
56602881	560159579002	1	74000	42.0662080	-104.1748737
56602882	560159579002	1	51500	42.0669743	-104.1752399
56602883	560159579002	1	45450	42.0662881	-104.1755043
56602884	560159579002	1	20400	42.0662937	-104.1744831
56602885	560159579002	1	45234	42.0659584	-104.1745756
56602886	560159579002	1	67500	42.0658474	-104.1753781
56602887	560159579002	1	43300	42.0656763	-104.1747113
56602888	560159579002	1	62000	42.0653018	-104.1746573
56602889	560159579002	1	42000	42.0658490	-104.1744082
56602890	560159579002	1	42100	42.0659590	-104.1754643
56602891	560159579002	1	366400	42.0654796	-104.1748810
56602892	560159579002	1	116500	42.0631981	-104.1690482
56602893	560159579002	1	23900	42.0686208	-104.1809405
56602894	560159579002	1	25500	42.0708403	-104.1791991
56602895	560159579002	1	65000	42.0702613	-104.1793980
56602896	560159579002	1	66900	42.0636791	-104.1707887
56602897	560159579002	1	37000	42.0633181	-104.1714418
56602898	560159579002	1	81400	42.0631305	-104.1704442
56602899	560159579002	1	38450	42.0699662	-104.1795740
56602900	560159579002	1	9900	42.0629545	-104.1711253
56602901	560159579002	1	55600	42.0703203	-104.1787707
56602902	560159579002	1	17500	42.0710886	-104.1792297
56602903	560159579002	1	19400	42.0695674	-104.1793391
56602904	560159579002	1	44800	42.0699544	-104.1790676
56602905	560159579002	1	55400	42.0701138	-104.1791165
56602906	560159579002	1	27400	42.0712627	-104.1791551
56602907	560159579002	1	60600	42.0697813	-104.1786245
56602908	560159579002	8	37600	42.0707821	-104.1798331
56602909	560159579002	1	124020	42.0659955	-104.1763063
56602910	560159579002	1	137500	42.0681893	-104.1766989
56602911	560159579002	1	45900	42.0681721	-104.1763326
56602912	560159579002	1	55000	42.0706010	-104.1797427
56602913	560159579002	1	73000	42.0676104	-104.1761146
56602914	560159579002	1	67100	42.0683663	-104.1763301
56602915	560159579002	1	47700	42.0684865	-104.1764837
56602916	560159579002	1	135450	42.0684184	-104.1761595
56602917	560159579002	8	51000	42.0660792	-104.1762303
56602918	560159579002	1	67000	42.0665386	-104.1758208
56602919	560159579002	1	88000	42.0683495	-104.1767534
56602920	560159579002	1	71100	42.0666810	-104.1759551
56602921	560159579002	1	10500	42.0659678	-104.1760708
56602922	560159579002	1	32700	42.0665530	-104.1762856
56602923	560159579002	1	36900	42.0661536	-104.1758953
56602924	560159579002	1	0	42.0637131	-104.1691526
56602925	560159579002	1	48000	42.0634200	-104.1752711
56602926	560159579002	8	40000	42.0684712	-104.1808412
56602927	560159579002	1	13600	42.0685824	-104.1815377
56602928	560159579002	1	33800	42.0689918	-104.1811920
56602929	560159579002	1	120400	42.0692686	-104.1816776
56602930	560159579002	1	58900	42.0680736	-104.1817466
56602931	560159579002	1	18800	42.0691006	-104.1814101
56602932	560159579002	1	37800	42.0688244	-104.1819544
56602933	560159579002	1	55000	42.0688782	-104.1791430
56602934	560159579002	1	52020	42.0690600	-104.1784411
56602935	560159579002	1	46540	42.0681376	-104.1819623
56602936	560159579002	1	17400	42.0691019	-104.1785468
56602937	560159579002	1	116000	42.0694027	-104.1788683
56602938	560159579002	1	11500	42.0686551	-104.1793124
56602939	560159579002	1	61800	42.0690149	-104.1785283
56602940	560159579002	1	67200	42.0636159	-104.1690214
56602941	560159579002	1	73000	42.0624495	-104.1745687
56602942	560159579002	1	72500	42.0632513	-104.1749512
56602943	560159579002	1	13700	42.0626602	-104.1745234
56602944	560159579002	1	81600	42.0633356	-104.1745327
56602945	560159579002	1	50070	42.0622235	-104.1741616
56602946	560159579002	1	45000	42.0630563	-104.1746115
56602947	560159579002	1	14300	42.0627494	-104.1748887
56602948	560159579002	1	86000	42.0631857	-104.1682820
56602949	560159579002	1	43000	42.0601715	-104.1688448
56602950	560159579002	1	33100	42.0622549	-104.1740993
56602951	560159579002	8	30000	42.0600387	-104.1697814
56602952	560159579002	1	85000	42.0600217	-104.1696248
56602953	560159579002	1	2400	42.0597057	-104.1691787
56602954	560159579002	1	40600	42.0599604	-104.1697987
56602955	560159579002	1	82600	42.0681325	-104.1713205
56602956	560159579002	1	65000	42.0615717	-104.1695683
56602957	560159579002	1	93200	42.0696697	-104.1397332
56602958	560159579002	1	24900	42.0718763	-104.1430401
56602959	560159579002	1	31000	42.0718400	-104.1418588
56602960	560159579002	1	45000	42.0675627	-104.1426050
56602961	560159579002	1	27300	42.0670501	-104.1727398
56602962	560159579002	1	21000	42.0664720	-104.1722745
56602963	560159579002	1	58800	42.0664884	-104.1730510
56602964	560159579002	1	101500	42.0700496	-104.1461372
56602965	560159579002	1	0	42.0669562	-104.1727280
56602966	560159579002	1	6500	42.0614784	-104.1701252
56602967	560159579002	1	57100	42.0672854	-104.1719347
56602968	560159579002	1	80000	42.0663740	-104.1698597
56602969	560159579002	1	77400	42.0663483	-104.1723867
56602970	560159579002	3	30600	42.0655585	-104.1706451
56602971	560159579002	1	35000	42.0661840	-104.1703797
56602972	560159579002	1	60000	42.0621229	-104.1710248
56602973	560159579002	1	58000	42.0626430	-104.1708018
56602974	560159579002	1	75000	42.0658326	-104.1696669
56602975	560159579002	1	225000	42.0663059	-104.1707348
56602976	560159579002	1	17000	42.0625062	-104.1707565
56602977	560159579002	1	37900	42.0626246	-104.1715044
56602978	560159579002	1	32000	42.0620581	-104.1708831
56602979	560159579002	1	87100	42.0441677	-104.1403518
56602980	560159579002	1	44490	42.0713728	-104.1472214
56602981	560159579002	1	7400	42.0722009	-104.1462885
56602982	560159579002	1	239000	42.0618462	-104.1692339
56602983	560159579002	1	83000	42.0619037	-104.1702150
56602984	560159579002	1	40500	42.0618204	-104.1694776
56602985	560159579002	1	109000	42.0721610	-104.1482498
56602986	560159579002	1	16000	42.0681268	-104.1433810
56602987	560159579002	1	42000	42.0673804	-104.1443812
56602988	560159579002	1	7200	42.0667214	-104.1421913
56602989	560159579002	1	74200	42.0714775	-104.1469112
56602990	560159579002	1	32800	42.0709036	-104.1450511
56602991	560159579002	1	13200	42.0732546	-104.1468735
56602992	560159579002	1	10000	42.0685239	-104.1418217
56602993	560159579002	1	9600	42.0689159	-104.1449308
56602994	560159579002	1	93600	42.0689595	-104.1437772
56602995	560159579002	1	36000	42.0690502	-104.1398774
56602996	560159579002	1	58490	42.0689506	-104.1481510
56602997	560159579002	1	6350	42.0728540	-104.1473629
56602998	560159579002	1	55000	42.0669856	-104.1409636
56602999	560159579002	1	39000	42.0596782	-104.1500757
56603000	560159579002	1	45000	42.0670221	-104.1396052
56603001	560159579002	1	52000	42.0693169	-104.1451448
56603002	560159579002	1	95420	42.0725255	-104.1453053
56603003	560159579002	1	64000	42.0692005	-104.1406266
56603004	560159579002	1	78300	42.0678360	-104.1401876
56603005	560159579002	1	8800	42.0699375	-104.1478117
56603006	560159579002	1	69000	42.0702010	-104.1451344
56603007	560159579002	1	76000	42.0727729	-104.1452616
56603008	560159579002	1	64000	42.0732159	-104.1431033
56603009	560159579002	1	10000	42.0732090	-104.1442965
56603010	560159579002	1	91000	42.0711380	-104.1407816
56603011	560159579002	1	20200	42.0693669	-104.1410626
56603012	560159579002	1	77000	42.0582247	-104.1446615
56603013	560159579002	1	53800	42.0699571	-104.1439599
56603014	560159579002	1	60000	42.0714712	-104.1432367
56603015	560159579002	1	52000	42.0717697	-104.1440071
56603016	560159579002	1	29250	42.0691300	-104.1429626
56603017	560159579002	1	31900	42.0693441	-104.1435233
56603018	560159579002	1	12400	42.0721024	-104.1415074
56603019	560159579002	1	79000	42.0711178	-104.1442757
56603020	560159579002	1	247500	42.0705873	-104.1428976
56603021	560159579002	1	15900	42.0575205	-104.1569107
56603022	560159579002	1	43600	42.0576834	-104.1441127
56603023	560159579002	1	14730	42.0679519	-104.1412120
56603024	560159579002	1	42500	42.0579337	-104.1428731
56603025	560159579002	1	65340	42.0723717	-104.1402591
56603026	560159579002	1	11000	42.0699841	-104.1803252
56603027	560159579002	1	40400	42.0645693	-104.1762480
56603028	560159579002	1	12700	42.0645766	-104.1763212
56603029	560159579002	1	156000	42.0634908	-104.1759909
56603030	560159579002	1	57500	42.0695633	-104.1806529
56603031	560159579002	1	76000	42.0635485	-104.1753617
56603032	560159579002	1	61460	42.0639363	-104.1756528
56603033	560159579002	1	43500	42.0641904	-104.1761089
56603034	560159579002	1	27000	42.0639636	-104.1756691
56603035	560159579002	1	45010	42.0637110	-104.1761747
56603036	560159579002	1	26100	42.0641931	-104.1757215
56603037	560159579002	1	72300	42.0634244	-104.1759270
56603038	560159579002	1	43000	42.0643055	-104.1758907
56603039	560159579002	1	81000	42.0637126	-104.1761992
56603040	560159579002	1	36000	42.0643716	-104.1758068
56603041	560159579002	1	7200	42.0635173	-104.1761549
56603042	560159579002	9	94000	42.0646691	-104.1761170
56603043	560159579002	1	500	42.0669581	-104.1705648
56603044	560159579002	1	56400	42.0649934	-104.1757491
56603045	560159579002	1	61100	42.0645698	-104.1760796
56603046	560159579002	1	55000	42.0641345	-104.1754237
56603047	560159579002	1	60000	42.0640119	-104.1757769
56603048	560159579002	1	52300	42.0637969	-104.1757571
56603049	560159579002	1	41400	42.0637105	-104.1761806
56603050	560159579002	1	24300	42.0641158	-104.1754081
56603051	560159579002	1	70000	42.0643124	-104.1758711
56603052	560159579002	1	19100	42.0635801	-104.1753465
56603053	560159579002	1	15120	42.0643539	-104.1762878
56603054	560159579002	1	41500	42.0639470	-104.1760581
56603055	560159579002	1	47800	42.0642717	-104.1762643
56603056	560159579002	1	81200	42.0641063	-104.1757639
56603057	560159579002	1	25500	42.0638846	-104.1753804
56603058	560159579002	1	30100	42.0637162	-104.1759187
56603059	560159579002	1	145000	42.0638317	-104.1758790
56603060	560159579002	1	70000	42.0634661	-104.1757508
56603061	560159579002	1	54600	42.0649554	-104.1762767
56603062	560159579002	1	38000	42.0639657	-104.1760932
56603063	560159579002	1	172700	42.0641432	-104.1754055
56603064	560159579002	1	50000	42.0634808	-104.1754034
56603065	560159579002	1	75000	42.0644581	-104.1761617
56603066	560159579002	1	71100	42.0634810	-104.1757190
56603067	560159579002	1	48000	42.0640271	-104.1758678
56603068	560159579002	1	8000	42.0668330	-104.1703443
56603069	560159579002	1	40900	42.0677533	-104.1736983
56603070	560159579002	1	9600	42.0647193	-104.1754968
56603071	560159579002	1	75000	42.0644476	-104.1756837
56603072	560159579002	1	51500	42.0650235	-104.1760642
56603073	560159579002	1	64500	42.0648281	-104.1756682
56603074	560159579002	1	61000	42.0651929	-104.1755994
56603075	560159579002	1	80000	42.0645188	-104.1761998
56603076	560159579002	1	8600	42.0645883	-104.1762159
56603077	560159579002	1	22200	42.0658207	-104.1724210
56603078	560159579002	1	241500	42.0645464	-104.1759606
56603079	560159579002	1	97000	42.0647850	-104.1757616
56603080	560159579002	1	53400	42.0643555	-104.1758886
56603081	560159579002	1	131000	42.0658739	-104.1731222
56603082	560159579002	1	20100	42.0662411	-104.1726145
56603083	560159579002	4	9000	42.0663420	-104.1721362
56603084	560159579002	1	39400	42.0673336	-104.1702153
56603085	560159579002	1	22800	42.0665029	-104.1741481
56603086	560159579002	1	67000	42.0678179	-104.1743919
56603087	560159579002	1	16000	42.0674096	-104.1735244
56603088	560159579002	1	95000	42.0679014	-104.1744264
56603089	560159579002	1	172700	42.0662431	-104.1742377
56603090	560159579002	1	26100	42.0671610	-104.1737446
56603091	560159579002	1	65000	42.0666392	-104.1737858
56603092	560159579002	1	82700	42.0659843	-104.1741382
56603093	560159579002	1	8400	42.0655309	-104.1735490
56603094	560159579002	1	50100	42.0670620	-104.1742301
56603095	560159579002	1	29100	42.0668593	-104.1741084
56603096	560159579002	8	37600	42.0654410	-104.1741807
56603097	560159579002	3	30600	42.0655011	-104.1733773
56603098	560159579002	1	41500	42.0659278	-104.1742786
56603099	560159579002	1	25000	42.0631880	-104.1724091
56603100	560159579002	1	148700	42.0633611	-104.1723789
56603101	560159579002	1	56410	42.0668308	-104.1704730
56603102	560159579002	1	21000	42.0629926	-104.1717365
56603103	560159579002	1	13200	42.0632813	-104.1720989
56603104	560159579002	1	52530	42.0631911	-104.1724034
56603105	560159579002	1	52020	42.0695482	-104.1814433
56603106	560159579002	1	29000	42.0701627	-104.1816925
56603107	560159579002	1	25000	42.0673074	-104.1704562
56603108	560159579002	1	2700	42.0695468	-104.1810505
56603109	560159579002	1	60000	42.0698615	-104.1817167
56603110	560159579002	1	83600	42.0699492	-104.1810356
56603111	560159579002	1	36600	42.0665773	-104.1647522
56603112	560159579002	1	59000	42.0504395	-104.1381712
56603113	560159579002	1	15200	42.0579807	-104.1582047
56603114	560159579002	1	28300	42.0575657	-104.1595566
56603115	560159579002	1	42000	42.0537716	-104.1373669
56603116	560159579002	1	10970	42.0561169	-104.1422495
56603117	560159579002	1	5204	42.0695394	-104.1696617
56603118	560159579002	1	61100	42.0691220	-104.1716673
56603119	560159579002	1	46010	42.0609017	-104.1685615
56603120	560159579002	1	48000	42.0707675	-104.1814369
56603121	560159579002	1	90000	42.0710389	-104.1816321
56603122	560159579002	1	65000	42.0622134	-104.1724944
56603123	560159579002	1	26000	42.0620543	-104.1721485
56603124	560159579002	8	24000	42.0598276	-104.1680133
56603125	560159579002	1	79700	42.0624385	-104.1717487
56603126	560159579002	1	75700	42.0698853	-104.1807426
56603127	560159579002	1	86900	42.0705533	-104.1781563
56603128	560159579002	1	7520	42.0701887	-104.1807685
56603129	560159579002	1	15100	42.0711210	-104.1813778
56603130	560159579002	1	43500	42.0708854	-104.1817417
56603131	560159579002	1	3601	42.0619793	-104.1716736
56603132	560159579002	1	13500	42.0685226	-104.1805863
56603133	560159579002	1	52320	42.0691818	-104.1800882
56603134	560159579002	1	52900	42.0622528	-104.1720055
56603135	560159579002	1	39000	42.0689601	-104.1804737
56603136	560159579002	1	76000	42.0703779	-104.1828292
56603137	560159579002	1	30480	42.0692773	-104.1802723
56603138	560159579002	1	8600	42.0689916	-104.1806022
56603139	560159579002	1	110000	42.0709019	-104.1825545
56603140	560159579002	1	50000	42.0706678	-104.1828954
56603141	560159579002	1	53200	42.0698926	-104.1721978
56603142	560159579002	1	73000	42.0696971	-104.1829364
56603143	560159579002	1	87150	42.0608341	-104.1680971
56603144	560159579002	1	19200	42.0478368	-104.1477798
56603145	560159579002	1	40000	42.0696706	-104.1716592
56603146	560159579002	1	35150	42.0696868	-104.1717304
56603147	560159579002	1	96700	42.0693037	-104.1747356
56603148	560159579002	1	50000	42.0707039	-104.1725384
56603149	560159579002	1	110000	42.0700395	-104.1700366
56603150	560159579002	1	100400	42.0648208	-104.1757136
56603151	560159579002	1	48000	42.0694822	-104.1706116
56603152	560159579002	1	85000	42.0698106	-104.1701891
56603153	560159579002	1	124020	42.0648470	-104.1762486
56603154	560159579002	1	85000	42.0699308	-104.1708384
56603155	560159579002	1	44790	42.0695068	-104.1704716
56603156	560159579002	1	9200	42.0697484	-104.1708296
56603157	560159579002	1	109000	42.0696503	-104.1700063
56603158	560159579002	1	8000	42.0698426	-104.1707957
56603159	560159579002	1	25100	42.0698345	-104.1699669
56603160	560159579002	1	59000	42.0699989	-104.1708194
56603161	560159579002	1	4700	42.0696127	-104.1701886
56603162	560159579002	1	11300	42.0705736	-104.1733413
56603163	560159579002	1	288600	42.0700339	-104.1725463
56603164	560159579002	1	38001	42.0697946	-104.1705942
56603165	560159579002	1	135200	42.0694210	-104.1704422
56603166	560159579002	1	94610	42.0697855	-104.1706272
56603167	560159579002	1	65000	42.0707119	-104.1728852
56603168	560159579002	1	57500	42.0698898	-104.1701000
56603169	560159579002	1	64800	42.0692871	-104.1710059
56603170	560159579002	1	65000	42.0699258	-104.1726302
56603171	560159579002	9	109400	42.0707347	-104.1729415
56603172	560159579002	1	60000	42.0706316	-104.1733682
56603173	560159579002	1	34700	42.0704428	-104.1729002
56603174	560159579002	1	32000	42.0706931	-104.1731658
56603175	560159579002	1	68000	42.0707319	-104.1733639
56603176	560159579002	1	78000	42.0700065	-104.1725379
56603177	560159579002	1	43000	42.0691922	-104.1746022
56603178	560159579002	1	74500	42.0694236	-104.1734755
56603179	560159579002	1	19410	42.0693767	-104.1733397
56603180	560159579002	1	55800	42.0702976	-104.1734915
56603181	560159579002	1	47700	42.0702379	-104.1735688
56603182	560159579002	1	50600	42.0704011	-104.1729678
56603183	560159579002	1	25000	42.0694934	-104.1733891
56603184	560159579002	1	17200	42.0701015	-104.1732112
56603185	560159579002	1	31600	42.0690644	-104.1727063
56603186	560159579002	1	73400	42.0698145	-104.1729683
56603187	560159579002	1	112000	42.0693475	-104.1726085
56603188	560159579002	1	99800	42.0697471	-104.1730774
56603189	560159579002	1	10100	42.0690453	-104.1734555
56603190	560159579002	8	51000	42.0692689	-104.1728190
56603191	560159579002	1	12000	42.0695847	-104.1735264
56603192	560159579002	1	50400	42.0694586	-104.1730106
56603193	560159579002	1	58000	42.0695760	-104.1746933
56603194	560159579002	1	65000	42.0693758	-104.1737410
56603195	560159579002	1	7200	42.0691076	-104.1726337
56603196	560159579002	1	36000	42.0691739	-104.1725826
56603197	560159579002	1	15900	42.0693771	-104.1724188
56603198	560159579002	1	46010	42.0695639	-104.1744454
56603199	560159579002	1	60000	42.0691259	-104.1724692
56603200	560159579002	1	47700	42.0691769	-104.1743063
56603201	560159579002	1	54700	42.0692178	-104.1740600
56603202	560159579002	1	58000	42.0689900	-104.1740022
56603203	560159579002	1	64000	42.0689157	-104.1744202
56603204	560159579002	1	150000	42.0691611	-104.1737316
56603205	560159579002	1	36400	42.0695849	-104.1747547
56603206	560159579002	1	8400	42.0691727	-104.1744229
56603207	560159579002	1	87400	42.0695114	-104.1747168
56603208	560159579002	1	80000	42.0472863	-104.1478484
56603209	560159579002	1	90000	42.0489420	-104.1458928
56603210	560159579002	1	24000	42.0616694	-104.1646814
56603211	560159579002	1	20200	42.0622205	-104.1645651
56603212	560159579002	1	69900	42.0610592	-104.1686072
56603213	560159579002	1	7400	42.0642011	-104.1750893
56603214	560159579002	1	22800	42.0701460	-104.1823692
56603215	560159579002	1	95700	42.0652220	-104.1749033
56603216	560159579002	1	44000	42.0610311	-104.1686862
56603217	560159579002	1	57900	42.0694031	-104.1825166
56603218	560159579002	1	12790	42.0699893	-104.1825027
56603219	560159579002	1	61100	42.0649351	-104.1752423
56603220	560159579002	1	78000	42.0697797	-104.1829286
56603221	560159579002	1	7500	42.0693921	-104.1827738
56603222	560159579002	1	20000	42.0695939	-104.1821903
56603223	560159579002	1	24000	42.0700986	-104.1829793
56603224	560159579002	1	20250	42.0698576	-104.1829230
56603225	560159579002	3	30600	42.0697208	-104.1823055
56603226	560159579002	1	37800	42.0637976	-104.1753482
56603227	560159579002	1	85000	42.0644216	-104.1743859
56603228	560159579002	1	41500	42.0649454	-104.1751662
56603229	560159579002	1	247500	42.0652572	-104.1745605
56603230	560159579002	1	21000	42.0649097	-104.1754275
56603231	560159579002	1	27000	42.0649846	-104.1754237
56603232	560159579002	1	34300	42.0648882	-104.1744897
56603233	560159579002	1	22400	42.0652560	-104.1749302
56603234	560159579002	1	6000	42.0638176	-104.1743093
56603235	560159579002	1	49100	42.0646409	-104.1749196
56603236	560159579002	1	57900	42.0648608	-104.1747302
56603237	560159579002	1	82750	42.0649495	-104.1744835
56603238	560159579002	1	61100	42.0638003	-104.1752182
56603239	560159579002	1	32000	42.0637728	-104.1748290
56603240	560159579002	1	38000	42.0636820	-104.1747256
56603241	560159579002	1	8200	42.0617576	-104.1710881
56603242	560159579002	1	13000	42.0609039	-104.1679857
56603243	560159579002	1	15600	42.0680735	-104.1806278
56603244	560159579002	1	59000	42.0635528	-104.1751317
56603245	560159579002	1	96000	42.0640281	-104.1748595
56603246	560159579002	1	13900	42.0637674	-104.1749576
56603247	560159579002	1	80000	42.0636553	-104.1750654
56603248	560159579002	1	100000	42.0637603	-104.1741823
56603249	560159579002	1	18000	42.0638780	-104.1752073
56603250	560159579002	1	69250	42.0685379	-104.1801223
56603251	560159579002	1	38001	42.0716846	-104.1799151
56603252	560159579002	1	12200	42.0713265	-104.1791641
56603253	560159579002	1	88000	42.0713250	-104.1794356
56603254	560159579002	1	45000	42.0716950	-104.1794649
56603255	560159579002	1	78800	42.0713397	-104.1795757
56603256	560159579002	1	25200	42.0717870	-104.1799216
56603257	560159579002	1	38001	42.0616247	-104.1712521
56603258	560159579002	1	73000	42.0605551	-104.1688185
56603259	560159579002	1	28300	42.0682946	-104.1796144
56603260	560159579002	1	24800	42.0684978	-104.1799602
56603261	560159579002	1	39000	42.0682127	-104.1807393
56603262	560159579002	8	58900	42.0680123	-104.1802009
56603263	560159579002	1	43000	42.0681156	-104.1805852
56603264	560159579002	1	42000	42.0684835	-104.1801686
56603265	560159579002	1	98000	42.0617872	-104.1708225
56603266	560159579002	1	49400	42.0622457	-104.1662752
56603267	560159579002	1	62000	42.0616726	-104.1644247
56603268	560159579002	1	31900	42.0617246	-104.1643359
56603269	560159579002	1	12500	42.0628404	-104.1659974
56603270	560159579002	1	77800	42.0630269	-104.1664304
56603271	560159579002	1	69900	42.0629631	-104.1658953
56603272	560159579002	1	13500	42.0707405	-104.1742415
56603273	560159579002	1	25600	42.0715254	-104.1811708
56603274	560159579002	1	266000	42.0659733	-104.1719397
56603275	560159579002	8	37600	42.0650579	-104.1710747
56603276	560159579002	1	39000	42.0486096	-104.1462268
56603277	560159579002	1	12000	42.0490093	-104.1459803
56603278	560159579002	1	38800	42.0489235	-104.1458927
56603279	560159579002	1	63100	42.0650279	-104.1716139
56603280	560159579002	1	22800	42.0654697	-104.1711789
56603281	560159579002	1	88000	42.0649340	-104.1710333
56603282	560159579002	1	7570	42.0664020	-104.1708140
56603283	560159579002	1	73000	42.0645867	-104.1709907
56603284	560159579002	1	78000	42.0645062	-104.1711773
56603285	560159579002	1	9300	42.0638688	-104.1712528
56603286	560159579002	1	53200	42.0660588	-104.1712860
56603287	560159579002	1	18000	42.0639147	-104.1707098
56603288	560159579002	1	13300	42.0657619	-104.1708272
56603289	560159579002	5	77000	42.0715347	-104.1822029
56603290	560159579002	1	16100	42.0487873	-104.1468580
56603291	560159579002	3	77000	42.0487893	-104.1453328
56603292	560159579002	1	7000	42.0489632	-104.1444310
56603293	560159579002	1	6230	42.0484558	-104.1443784
56603294	560159579002	1	12400	42.0482698	-104.1469010
56603295	560159579002	1	52530	42.0489228	-104.1448280
56603296	560159579002	1	37500	42.0490269	-104.1474879
56603297	560159579002	1	31900	42.0714014	-104.1823490
56603298	560159579002	1	80600	42.0632670	-104.1754646
56603299	560159579002	1	36000	42.0487667	-104.1476539
56603300	560159579002	1	80000	42.0632607	-104.1754397
56603301	560159579002	1	78000	42.0743478	-104.1517979
56603302	560159579002	1	103600	42.0632128	-104.1759600
56603303	560159579002	1	72000	42.0745123	-104.1511009
56603304	560159579002	1	0	42.0482233	-104.1454985
56603305	560159579002	1	85000	42.0681970	-104.1718251
56603306	560159579002	1	35000	42.0621767	-104.1756652
56603307	560159579002	1	17500	42.0621482	-104.1700482
56603308	560159579002	1	24000	42.0713747	-104.1828923
56603309	560159579002	1	101000	42.0718513	-104.1829474
56603310	560159579002	1	8300	42.0623919	-104.1756781
56603311	560159579002	1	7600	42.0620483	-104.1701190
56603312	560159579002	1	38000	42.0625770	-104.1691594
56603313	560159579002	1	31200	42.0630386	-104.1697819
56603314	560159579002	1	7500	42.0708545	-104.1770376
56603315	560159579002	1	5050	42.0707385	-104.1772254
56603316	560159579002	1	98600	42.0707784	-104.1769164
56603317	560159579002	1	41200	42.0633916	-104.1700901
56603318	560159579002	1	27000	42.0623274	-104.1668241
56603319	560159579002	1	61000	42.0621944	-104.1675785
56603320	560159579002	1	33000	42.0469800	-104.1456243
56603321	560159579002	1	56000	42.0713019	-104.1696957
56603322	560159579002	1	1100	42.0681719	-104.1703424
56603323	560159579002	1	41600	42.0685780	-104.1712943
56603324	560159579002	1	40000	42.0677823	-104.1705883
56603325	560159579002	1	77400	42.0713895	-104.1697933
56603326	560159579002	1	32000	42.0683592	-104.1706232
56603327	560159579002	1	42000	42.0687552	-104.1704547
56603328	560159579002	1	110000	42.0474447	-104.1450531
56603329	560159579002	1	46200	42.0672203	-104.1711561
56603330	560159579002	1	56410	42.0676771	-104.1725458
56603331	560159579002	1	17900	42.0672915	-104.1726108
56603332	560159579002	1	17000	42.0472568	-104.1473701
56603333	560159579002	1	37800	42.0669529	-104.1715298
56603334	560159579002	1	76500	42.0460656	-104.1458663
56603335	560159579002	1	98500	42.0689071	-104.1691770
56603336	560159579002	1	58700	42.0531043	-104.1398008
56603337	560159579002	1	70000	42.0673314	-104.1690210
56603338	560159579002	1	6200	42.0603577	-104.1684172
56603339	560159579002	1	97100	42.0544589	-104.1368784
56603340	560159579002	1	111000	42.0567067	-104.1395538
56603341	560159579002	1	35000	42.0553511	-104.1368812
56603342	560159579002	1	36400	42.0483753	-104.1494878
56603343	560159579002	1	35960	42.0493183	-104.1458895
56603344	560159579002	1	85000	42.0653360	-104.1670864
56603345	560159579002	1	40270	42.0473580	-104.1445289
56603346	560159579002	1	15300	42.0462104	-104.1448049
56603347	560159579002	1	132400	42.0483539	-104.1481095
56603348	560159579002	1	34000	42.0710189	-104.1690889
56603349	560159579002	1	112600	42.0497575	-104.1491035
56603350	560159579002	1	13500	42.0560304	-104.1444916
56603351	560159579002	9	27000	42.0632895	-104.1662967
56603352	560159579002	1	77000	42.0675474	-104.1685782
56603353	560159579002	1	58300	42.0640587	-104.1678095
56603354	560159579002	1	75000	42.0499131	-104.1470437
56603355	560159579002	1	119920	42.0661680	-104.1693389
56603356	560159579002	8	38500	42.0666129	-104.1640302
56603357	560159579002	1	716000	42.0530249	-104.1384109
56603358	560159579002	1	155000	42.0452175	-104.1429322
56603359	560159579002	1	45700	42.0616959	-104.1661770
56603360	560159579002	1	55050	42.0552658	-104.1668239
56603361	560159579002	1	9900	42.0639250	-104.1669152
56603362	560159579002	1	77500	42.0565513	-104.1677728
56603363	560159579002	1	47700	42.0446621	-104.1423184
56603364	560159579002	1	39400	42.0550879	-104.1670940
56603365	560159579002	1	26360	42.0596233	-104.1671198
56603366	560159579002	1	19300	42.0646761	-104.1663658
56603367	560159579002	1	51000	42.0655787	-104.1685150
56603368	560159579002	1	90750	42.0639836	-104.1652220
56603369	560159579002	1	12790	42.0598186	-104.1478248
56603370	560159579002	1	130000	42.0572897	-104.1666015
56603371	560159579002	1	97600	42.0615836	-104.1526674
56603372	560159579002	3	92200	42.0565874	-104.1659834
56603373	560159579002	1	75000	42.0496038	-104.1378791
56603374	560159579002	1	15450	42.0552466	-104.1431484
56603375	560159579002	1	65340	42.0569084	-104.1679207
56603376	560159579002	1	117200	42.0605131	-104.1657772
56603377	560159579002	1	103000	42.0584356	-104.1675849
56603378	560159579002	1	41500	42.0541206	-104.1434503
56603379	560159579002	1	98000	42.0605759	-104.1670359
56603380	560159579002	1	64700	42.0481336	-104.1435315
56603381	560159579002	1	45000	42.0551010	-104.1425160
56603382	560159579002	8	18000	42.0537306	-104.1412179
56603383	560159579002	1	45200	42.0499026	-104.1387424
56603384	560159579002	1	8300	42.0536515	-104.1409564
56603385	560159579002	1	78100	42.0551660	-104.1403591
56603386	560159579002	1	40270	42.0543624	-104.1410965
56603387	560159579002	1	33940	42.0547438	-104.1419695
56603388	560159579002	1	33000	42.0562872	-104.1389180
56603389	560159579002	1	58700	42.0533135	-104.1366985
56603390	560159579002	1	21000	42.0494790	-104.1363764
56603391	560159579002	1	81000	42.0552474	-104.1383367
56603392	560159579002	1	80000	42.0556859	-104.1401792
56603393	560159579002	1	11000	42.0579722	-104.1462138
56603394	560159579002	1	58490	42.0580376	-104.1450234
56603395	560159579002	1	7200	42.0495513	-104.1350984
56603396	560159579002	1	56000	42.0563690	-104.1459442
56603397	560159579002	1	77300	42.0572031	-104.1474729
56603398	560159579002	1	31400	42.0572269	-104.1442820
56603399	560159579002	1	49700	42.0535082	-104.1377361
56603400	560159579002	1	54950	42.0544014	-104.1394436
56603401	560159579002	1	27000	42.0513515	-104.1350978
56603402	560159579002	1	12000	42.0575247	-104.1520903
56603403	560159579002	1	85000	42.0575412	-104.1492303
56603404	560159579002	1	13200	42.0534211	-104.1392289
56603405	560159579002	1	20200	42.0549018	-104.1388606
56603406	560159579002	1	46010	42.0520110	-104.1367050
56603407	560159579002	1	52300	42.0564015	-104.1407148
56603408	560159579002	1	100000	42.0577883	-104.1511802
56603409	560159579002	1	25000	42.0570590	-104.1435963
56603410	560159579002	1	21000	42.0521700	-104.1351623
56603411	560159579002	1	50000	42.0573525	-104.1484982
56603412	560159579002	1	52500	42.0609350	-104.1681012
56603413	560159579002	1	13700	42.0609270	-104.1684711
56603414	560159579002	1	42000	42.0610822	-104.1682347
56603415	560159579002	1	51900	42.0705445	-104.1782166
56603416	560159579002	1	12000	42.0600923	-104.1686515
56603417	560159579002	8	31000	42.0573613	-104.1383654
56603418	560159579002	1	8200	42.0583993	-104.1383423
56603419	560159579002	8	40000	42.0582813	-104.1539759
56603420	560159579002	1	4600	42.0585170	-104.1516255
56603421	560159579002	1	39000	42.0600230	-104.1584410
56603422	560159579002	1	174000	42.0595849	-104.1590879
56603423	560159579002	1	94250	42.0565506	-104.1365355
56603424	560159579002	1	85000	42.0560981	-104.1377272
56603425	560159579002	1	52700	42.0582436	-104.1502639
56603426	560159579002	1	69000	42.0592909	-104.1664536
56603427	560159579002	1	71100	42.0579475	-104.1505468
56603428	560159579002	1	75600	42.0569631	-104.1542262
56603429	560159579002	1	28400	42.0555059	-104.1459145
56603430	560159579002	1	70500	42.0557623	-104.1427906
56603431	560159579002	1	8200	42.0579989	-104.1394981
56603432	560159579002	1	37800	42.0611116	-104.1397811
56603433	560159579002	1	34300	42.0592407	-104.1391629
56603434	560159579002	9	38400	42.0642701	-104.1383506
56603435	560159579002	1	80000	42.0604520	-104.1579920
56603436	560159579002	1	46000	42.0482662	-104.1315582
56603437	560159579002	1	14200	42.0570276	-104.1374130
56603438	560159579002	1	60000	42.0599479	-104.1401346
56603439	560159579002	9	17250	42.0597656	-104.1389319
56603440	560159579002	1	11300	42.0527530	-104.1413359
56603441	560159579002	8	52000	42.0584923	-104.1561491
56603442	560159579002	1	27300	42.0612661	-104.1625998
56603443	560159579002	1	88400	42.0550490	-104.1438229
56603444	560159579002	1	172700	42.0664409	-104.1674839
56603445	560159579002	1	53100	42.0609391	-104.1391445
56603446	560159579002	1	40500	42.0595937	-104.1381595
56603447	560159579002	1	13530	42.0585412	-104.1584052
56603448	560159579002	1	63500	42.0590384	-104.1571041
56603449	560159579002	1	55000	42.0620965	-104.1390725
56603450	560159579002	1	8400	42.0716932	-104.1679814
56603451	560159579002	1	37800	42.0607920	-104.1635980
56603452	560159579002	8	85500	42.0588644	-104.1612929
56603453	560159579002	1	35600	42.0635805	-104.1389133
56603454	560159579002	1	25000	42.0583058	-104.1596848
56603455	560159579002	1	71000	42.0640140	-104.1398652
56603456	560159579002	9	9600	42.0588450	-104.1625607
56603457	560159579002	1	53000	42.0615895	-104.1375818
56603458	560159579002	1	55000	42.0630085	-104.1389636
56603459	560159579002	1	38900	42.0592344	-104.1632346
56603460	560159579002	1	62470	42.0503969	-104.1349137
56603461	560159579002	1	64400	42.0609414	-104.1361511
56603462	560159579002	1	69600	42.0611921	-104.1377737
56603463	560159579002	1	36000	42.0589041	-104.1625096
56603464	560159579002	9	48500	42.0601197	-104.1628401
56603465	560159579002	1	35400	42.0629602	-104.1648562
56603466	560159579002	1	8400	42.0608237	-104.1611845
56603467	560159579002	1	37100	42.0515134	-104.1346487
56603468	560159579002	1	50000	42.0636854	-104.1342425
56603469	560159579002	1	43000	42.0599951	-104.1617553
56603470	560159579002	1	2100	42.0594396	-104.1607374
56603471	560159579002	1	79300	42.0510495	-104.1366987
56603472	560159579002	1	35000	42.0645708	-104.1365362
56603473	560159579002	1	88000	42.0604187	-104.1609970
56603474	560159579002	1	50100	42.0570388	-104.1537973
56603475	560159579002	1	12100	42.0637882	-104.1384529
56603476	560159579002	1	46500	42.0627474	-104.1638357
56603477	560159579002	1	9500	42.0640098	-104.1364005
56603478	560159579002	1	0	42.0577469	-104.1553204
56603479	560159579002	1	52900	42.0624207	-104.1367745
56603480	560159579002	1	4400	42.0630919	-104.1384418
56603481	560159579002	1	12000	42.0686225	-104.1385628
56603482	560159579002	1	42500	42.0640559	-104.1356717
56603483	560159579002	1	38000	42.0628217	-104.1358024
56603484	560159579002	1	47700	42.0482136	-104.1331658
56603485	560159579002	1	10000	42.0656549	-104.1389244
56603486	560159579002	1	62000	42.0656661	-104.1375166
56603487	560159579002	1	14900	42.0627048	-104.1346473
56603488	560159579002	1	69000	42.0643813	-104.1351882
56603489	560159579002	1	10400	42.0649193	-104.1344125
56603490	560159579002	1	86900	42.0587042	-104.1518483
56603491	560159579002	1	20000	42.0570930	-104.1412875
56603492	560159579002	1	35000	42.0625806	-104.1326521
56603493	560159579002	1	44700	42.0673936	-104.1383828
56603494	560159579002	1	31400	42.0681763	-104.1380999
56603495	560159579002	1	64300	42.0668878	-104.1367090
56603496	560159579002	1	90000	42.0691510	-104.1369136
56603497	560159579002	1	27400	42.0663526	-104.1386306
56603498	560159579002	1	35400	42.0667226	-104.1377153
56603499	560159579002	8	31000	42.0672831	-104.1362772
56603500	560159579002	1	50000	42.0651280	-104.1363546
56603501	560159579002	1	26800	42.0529725	-104.1429336
56603502	560159579002	1	35100	42.0681998	-104.1370301
56603503	560159579002	1	28100	42.0712601	-104.1384845
56603504	560159579002	1	57600	42.0482030	-104.1428997
56603505	560159579002	9	70140	42.0660182	-104.1354946
56603506	560159579002	1	52700	42.0568051	-104.1392498
56603507	560159579002	1	23130	42.0681728	-104.1358053
56603508	560159579002	8	77100	42.0701053	-104.1378809
56603509	560159579002	1	61100	42.0567453	-104.1423818
56603510	560159579002	1	54180	42.0695838	-104.1392314
56603511	560159579002	1	11500	42.0706210	-104.1387810
56603512	560159579002	1	85200	42.0665467	-104.1353067
56603513	560159579002	1	61000	42.0513872	-104.1416636
56603514	560159579002	1	107000	42.0586601	-104.1458093
56603515	560159579002	1	29500	42.0588696	-104.1487155
56603516	560159579002	1	42300	42.0723219	-104.1392082
56603517	560159579002	1	402000	42.0592606	-104.1505091
56603518	560159579002	1	35960	42.0583973	-104.1474891
56603519	560159579002	1	60200	42.0589668	-104.1500273
56603520	560159579002	1	27500	42.0581246	-104.1489867
56603521	560159579002	1	52530	42.0597118	-104.1571184
56603522	560159579002	1	81490	42.0566235	-104.1468885
56603523	560159579002	3	14000	42.0560449	-104.1511422
56603524	560159579002	1	65340	42.0604248	-104.1594627
56603525	560159579002	1	52500	42.0579364	-104.1665091
56603526	560159579002	1	15450	42.0424395	-104.1369563
56603527	560159579002	1	18400	42.0615457	-104.1368500
56603528	560159579002	1	97000	42.0582192	-104.1535985
56603529	560159579002	1	107000	42.0562685	-104.1479010
56603530	560159579002	1	27000	42.0563785	-104.1492045
56603531	560159579002	1	35000	42.0504083	-104.1361285
56603532	560159579002	1	88610	42.0591606	-104.1530355
56603533	560159579002	1	34400	42.0586109	-104.1544380
56603534	560159579002	1	14400	42.0599539	-104.1557515
56603535	560159579002	1	79680	42.0606343	-104.1541351
56603536	560159579002	1	50000	42.0599439	-104.1528391
56603537	560159579002	1	133000	42.0605146	-104.1508869
56603538	560159579002	1	71100	42.0651715	-104.1660089
56603539	560159579002	1	46820	42.0588399	-104.1405405
56603540	560159579002	1	38000	42.0611922	-104.1523899
56603541	560159579002	1	99000	42.0604633	-104.1577849
56603542	560159579002	9	56000	42.0605713	-104.1545485
56603543	560159579002	1	52000	42.0600175	-104.1547115
56603544	560159579002	1	73650	42.0615494	-104.1353095
56603545	560159579002	1	94300	42.0598748	-104.1532105
56603546	560159579002	1	45000	42.0705424	-104.1773957
56603547	560159579002	8	38500	42.0712333	-104.1808741
56603548	560159579002	1	48000	42.0598388	-104.1679153
56603549	560159579002	1	23000	42.0613442	-104.1721656
56603550	560159579002	1	18400	42.0600506	-104.1675989
56603551	560159579002	1	0	42.0599925	-104.1687192
56603552	560159579002	1	125000	42.0617222	-104.1722010
56603553	560159579002	1	36530	42.0602646	-104.1676519
56603554	560159579002	1	66300	42.0703047	-104.1744228
56603555	560159579002	1	13200	42.0699876	-104.1743426
56603556	560159579002	1	97600	42.0703183	-104.1738715
56603557	560159579002	1	45200	42.0597395	-104.1687452
56603558	560159579002	1	37700	42.0596061	-104.1678395
56603559	560159579002	1	102600	42.0594703	-104.1678652
56603560	560159579002	1	32100	42.0704395	-104.1747104
56603561	560159579002	9	26000	42.0701031	-104.1741574
56603562	560159579002	1	6000	42.0699276	-104.1747839
56603563	560159579002	1	7900	42.0704079	-104.1738847
56603564	560159579002	1	24000	42.0698779	-104.1741253
56603565	560159579002	1	84400	42.0704783	-104.1741402
56603566	560159579002	1	13000	42.0612650	-104.1724785
56603567	560159579002	1	60000	42.0701971	-104.1747892
56603568	560159579002	1	9600	42.0611750	-104.1718865
56603569	560159579002	1	58500	42.0611547	-104.1723226
56603570	560159579002	1	132000	42.0617673	-104.1725027
56603571	560159579002	1	29100	42.0716180	-104.1806081
56603572	560159579002	1	46500	42.0618302	-104.1726478
56603573	560159579002	1	71900	42.0618284	-104.1724032
56603574	560159579002	1	52900	42.0612635	-104.1717172
56603575	560159579002	1	69300	42.0715684	-104.1801901
56603576	560159579002	1	49000	42.0604734	-104.1689998
56603577	560159579002	1	163000	42.0713754	-104.1805410
56603578	560159579002	1	50400	42.0608264	-104.1701056
56603579	560159579002	1	22730	42.0717525	-104.1800266
56603580	560159579002	1	360	42.0610738	-104.1690125
56603581	560159579002	1	32000	42.0713818	-104.1803303
56603582	560159579002	1	50300	42.0604338	-104.1697371
56603583	560159579002	1	77400	42.0602895	-104.1690426
56603584	560159579002	1	26600	42.0706355	-104.1799955
56603585	560159579002	1	20000	42.0712220	-104.1801938
56603586	560159579002	1	11800	42.0714586	-104.1801771
56603587	560159579002	1	13600	42.0710241	-104.1803495
56603588	560159579002	1	48000	42.0704065	-104.1806671
56603589	560159579002	1	9900	42.0711782	-104.1808633
56603590	560159579002	1	9700	42.0711970	-104.1799300
56603591	560159579002	1	65200	42.0602444	-104.1697818
56603592	560159579002	1	11100	42.0705988	-104.1805851
56603593	560159579002	1	83000	42.0705732	-104.1809022
56603594	560159579002	1	19600	42.0706223	-104.1800806
56603595	560159579002	1	86050	42.0608156	-104.1696843
56603596	560159579002	1	89000	42.0603703	-104.1698746
56603597	560159579002	1	89500	42.0608409	-104.1692656
56603598	560159579003	1	16800	42.0446354	-104.1454609
56603599	560159579003	1	40000	42.0538061	-104.1768343
56603600	560159579003	1	35000	42.0429547	-104.1402080
56603601	560159579003	1	50900	42.0593544	-104.1741444
56603602	560159579003	1	9300	42.0399824	-104.1324282
56603603	560159579003	1	13100	42.0593757	-104.1737705
56603604	560159579003	1	40100	42.0607359	-104.1729465
56603605	560159579003	1	12300	42.0592672	-104.1741768
56603606	560159579003	1	11800	42.0600611	-104.1727822
56603607	560159579003	1	128000	42.0603412	-104.1726675
56603608	560159579003	1	12000	42.0603465	-104.1733314
56603609	560159579003	1	20000	42.0595695	-104.1742010
56603610	560159579003	1	38840	42.0604351	-104.1732832
56603611	560159579003	1	18800	42.0604917	-104.1731892
56603612	560159579003	1	21700	42.0602878	-104.1728734
56603613	560159579003	1	39000	42.0603227	-104.1727536
56603614	560159579003	1	13000	42.0605295	-104.1726367
56603615	560159579003	1	41500	42.0606256	-104.1728697
56603616	560159579003	1	39000	42.0602417	-104.1730846
56603617	560159579003	1	35000	42.0597324	-104.1737861
56603618	560159579003	1	61000	42.0602727	-104.1734279
56603619	560159579003	1	20600	42.0604713	-104.1737426
56603620	560159579003	1	17500	42.0604467	-104.1733106
56603621	560159579003	1	95001	42.0605040	-104.1725546
56603622	560159579003	1	37900	42.0605184	-104.1734763
56603623	560159579003	1	42960	42.0605230	-104.1729819
56603624	560159579003	1	44500	42.0439975	-104.1432074
56603625	560159579003	1	97100	42.0594268	-104.1755954
56603626	560159579003	1	22700	42.0619829	-104.1790094
56603627	560159579003	1	33400	42.0599214	-104.1737446
56603628	560159579003	1	71000	42.0613423	-104.1808089
56603629	560159579003	1	1000	42.0598782	-104.1742128
56603630	560159579003	1	45000	42.0593482	-104.1737635
56603631	560159579003	1	17600	42.0593691	-104.1748290
56603632	560159579003	1	23000	42.0615216	-104.1803670
56603633	560159579003	1	15900	42.0597105	-104.1743193
56603634	560159579003	1	5050	42.0598935	-104.1743955
56603635	560159579003	1	42100	42.0597360	-104.1742698
56603636	560159579003	1	80430	42.0593176	-104.1745253
56603637	560159579003	1	23000	42.0596295	-104.1747615
56603638	560159579003	1	10500	42.0596804	-104.1744594
56603639	560159579003	1	83000	42.0619283	-104.1792184
56603640	560159579003	1	20000	42.0613272	-104.1811411
56603641	560159579003	1	59000	42.0617271	-104.1803492
56603642	560159579003	1	40000	42.0618640	-104.1801120
56603643	560159579003	1	71000	42.0614684	-104.1807593
56603644	560159579003	1	37400	42.0618047	-104.1802576
56603645	560159579003	1	10500	42.0617781	-104.1800702
56603646	560159579003	1	50000	42.0613854	-104.1804648
56603647	560159579003	1	9600	42.0618049	-104.1789751
56603648	560159579003	1	23200	42.0617300	-104.1795855
56603649	560159579003	1	45700	42.0617542	-104.1797354
56603650	560159579003	1	16000	42.0617230	-104.1796756
56603651	560159579003	1	72000	42.0618178	-104.1799461
56603652	560159579003	1	39000	42.0614708	-104.1787723
56603653	560159579003	1	179600	42.0616723	-104.1793004
56603654	560159579003	1	99100	42.0594988	-104.1758355
56603655	560159579003	1	18200	42.0594214	-104.1685027
56603656	560159579003	1	12000	42.0599732	-104.1714409
56603657	560159579003	1	16150	42.0599239	-104.1718618
56603658	560159579003	3	92200	42.0597288	-104.1722772
56603659	560159579003	1	127600	42.0600501	-104.1724167
56603660	560159579003	1	14000	42.0597523	-104.1720669
56603661	560159579003	1	20000	42.0595755	-104.1715472
56603662	560159579003	1	18000	42.0618471	-104.1779470
56603663	560159579003	1	23000	42.0615645	-104.1777435
56603664	560159579003	1	63400	42.0594566	-104.1720973
56603665	560159579003	1	11500	42.0598953	-104.1722171
56603666	560159579003	1	64500	42.0617596	-104.1782282
56603667	560159579003	1	60400	42.0616561	-104.1780652
56603668	560159579003	1	10600	42.0616436	-104.1785435
56603669	560159579003	1	42960	42.0591096	-104.1753229
56603670	560159579003	1	23000	42.0604635	-104.1769361
56603671	560159579003	1	40700	42.0606239	-104.1770296
56603672	560159579003	1	75200	42.0603473	-104.1770784
56603673	560159579003	1	57300	42.0601413	-104.1773329
56603674	560159579003	1	72000	42.0605791	-104.1773724
56603675	560159579003	1	67500	42.0598597	-104.1763731
56603676	560159579003	1	62000	42.0609229	-104.1733425
56603677	560159579003	1	8700	42.0614275	-104.1734378
56603678	560159579003	1	43200	42.0612700	-104.1727502
56603679	560159579003	1	23000	42.0615772	-104.1734490
56603680	560159579003	1	17600	42.0610762	-104.1728340
56603681	560159579003	1	95000	42.0401048	-104.1357532
56603682	560159579003	1	35000	42.0603421	-104.1751926
56603683	560159579003	1	116000	42.0602167	-104.1782300
56603684	560159579003	8	24000	42.0595050	-104.1700417
56603685	560159579003	1	86000	42.0598242	-104.1756845
56603686	560159579003	1	175000	42.0592141	-104.1753632
56603687	560159579003	1	39000	42.0598139	-104.1708376
56603688	560159579003	1	10000	42.0592218	-104.1748451
56603689	560159579003	1	13100	42.0599896	-104.1702627
56603690	560159579003	1	147000	42.0605405	-104.1781739
56603691	560159579003	1	51000	42.0619829	-104.1749668
56603692	560159579003	1	57000	42.0594985	-104.1711952
56603693	560159579003	1	45610	42.0598185	-104.1702270
56603694	560159579003	1	14000	42.0599568	-104.1779648
56603695	560159579003	1	12500	42.0620047	-104.1750788
56603696	560159579003	1	21960	42.0604153	-104.1780687
56603697	560159579003	1	9600	42.0609434	-104.1704530
56603698	560159579003	1	12060	42.0614366	-104.1762591
56603699	560159579003	1	18000	42.0607045	-104.1777295
56603700	560159579003	1	12790	42.0613820	-104.1777817
56603701	560159579003	1	11700	42.0613843	-104.1783057
56603702	560159579003	1	42000	42.0609133	-104.1757416
56603703	560159579003	1	15900	42.0614485	-104.1775366
56603704	560159579003	1	61100	42.0611405	-104.1753836
56603705	560159579003	1	12500	42.0604079	-104.1708051
56603706	560159579003	1	-4199	42.0605914	-104.1714245
56603707	560159579003	1	43600	42.0601236	-104.1716129
56603708	560159579003	1	20200	42.0607419	-104.1718536
56603709	560159579003	1	40270	42.0615775	-104.1743119
56603710	560159579003	1	35300	42.0609102	-104.1738086
56603711	560159579003	1	12000	42.0612271	-104.1747206
56603712	560159579003	1	77900	42.0571635	-104.1697983
56603713	560159579003	1	15000	42.0446612	-104.1465137
56603714	560159579003	1	20200	42.0612498	-104.1791654
56603715	560159579003	1	61700	42.0619353	-104.1753668
56603716	560159579003	1	36000	42.0603017	-104.1759022
56603717	560159579003	1	37000	42.0609129	-104.1772359
56603718	560159579003	1	45000	42.0616303	-104.1759836
56603719	560159579003	1	23001	42.0614738	-104.1763138
56603720	560159579003	1	37400	42.0614780	-104.1814026
56603721	560159579003	1	150200	42.0448989	-104.1457299
56603722	560159579003	1	22400	42.0607782	-104.1790696
56603723	560159579003	1	52320	42.0622851	-104.1840439
56603724	560159579003	1	17100	42.0592785	-104.1771998
56603725	560159579003	1	18300	42.0440677	-104.1443162
56603726	560159579003	1	58490	42.0349269	-104.1374509
56603727	560159579003	1	81200	42.0565759	-104.1699220
56603728	560159579003	1	12000	42.0466696	-104.1494788
56603729	560159579003	1	12700	42.0412062	-104.1362288
56603730	560159579003	1	49100	42.0402100	-104.1366373
56603731	560159579003	1	175000	42.0402952	-104.1343996
56603732	560159579003	1	16800	42.0422847	-104.1419754
56603733	560159579003	1	15000	42.0434518	-104.1473159
56603734	560159579003	1	22700	42.0409722	-104.1373583
56603735	560159579003	1	18700	42.0575373	-104.1702678
56603736	560159579003	1	79900	42.0441512	-104.1476907
56603737	560159579003	1	178720	42.0421883	-104.1469676
56603738	560159579003	1	22400	42.0455493	-104.1504511
56603739	560159579003	1	22500	42.0468509	-104.1503613
56603740	560159579003	1	12000	42.0458554	-104.1481565
56603741	560159579003	1	40000	42.0448806	-104.1441780
56603742	560159579003	1	63000	42.0420622	-104.1392499
56603743	560159579003	1	12200	42.0439887	-104.1500269
56603744	560159579003	1	23000	42.0438037	-104.1519879
56603745	560159579003	1	47000	42.0474146	-104.1530729
56603746	560159579003	1	13970	42.0452807	-104.1497393
56603747	560159579003	1	40400	42.0458385	-104.1499352
56603748	560159579003	1	46780	42.0433629	-104.1482219
56603749	560159579003	1	365700	42.0447364	-104.1500254
56603750	560159579003	1	108000	42.0423513	-104.1483452
56603751	560159579003	1	12700	42.0419246	-104.1486281
56603752	560159579003	1	71000	42.0463835	-104.1519311
56603753	560159579003	1	66300	42.0453745	-104.1527579
56603754	560159579003	1	15450	42.0466363	-104.1530899
56603755	560159579003	1	276000	42.0431091	-104.1494126
56603756	560159579003	1	107300	42.0452387	-104.1514736
56603757	560159579003	1	22400	42.0445662	-104.1524339
56603758	560159579003	1	35400	42.0454592	-104.1476476
56603759	560159579003	1	16000	42.0432256	-104.1521033
56603760	560159579003	1	74000	42.0448047	-104.1511787
56603761	560159579003	1	11750	42.0433447	-104.1529348
56603762	560159579003	1	115800	42.0455160	-104.1542400
56603763	560159579003	1	292000	42.0461217	-104.1542707
56603764	560159579003	1	13174	42.0472757	-104.1545669
56603765	560159579003	1	10600	42.0439963	-104.1473973
56603766	560159579003	1	24400	42.0432979	-104.1529804
56603767	560159579003	1	36000	42.0437996	-104.1422399
56603768	560159579003	1	54600	42.0439391	-104.1494957
56603769	560159579003	1	22400	42.0592004	-104.1711436
56603770	560159579003	1	61000	42.0474730	-104.1519109
56603771	560159579003	1	15000	42.0442437	-104.1538228
56603772	560159579003	1	46100	42.0417433	-104.1501393
56603773	560159579003	1	49100	42.0418167	-104.1473259
56603774	560159579003	1	15510	42.0427185	-104.1499233
56603775	560159579003	1	53200	42.0431949	-104.1452526
56603776	560159579003	1	7100	42.0475676	-104.1563108
56603777	560159579003	1	10600	42.0436497	-104.1426422
56603778	560159579003	1	11900	42.0417152	-104.1483817
56603779	560159579003	1	51000	42.0435762	-104.1446092
56603780	560159579003	1	38000	42.0492514	-104.1563716
56603781	560159579003	1	8200	42.0477068	-104.1548406
56603782	560159579003	1	47700	42.0611695	-104.1823316
56603783	560159579003	1	10400	42.0416706	-104.1466952
56603784	560159579003	1	74600	42.0528928	-104.1630900
56603785	560159579003	1	15900	42.0587111	-104.1720955
56603786	560159579003	1	35960	42.0610696	-104.1831628
56603787	560159579003	1	12300	42.0396239	-104.1341204
56603788	560159579003	1	23000	42.0496443	-104.1584743
56603789	560159579003	1	21710	42.0414606	-104.1401318
56603790	560159579003	1	17800	42.0602741	-104.1803520
56603791	560159579003	1	24000	42.0497466	-104.1712433
56603792	560159579003	1	18900	42.0399019	-104.1375843
56603793	560159579003	1	37000	42.0479189	-104.1597050
56603794	560159579003	1	62000	42.0508479	-104.1718605
56603795	560159579003	1	71090	42.0486277	-104.1578772
56603796	560159579003	1	12200	42.0516410	-104.1724262
56603797	560159579003	1	22800	42.0437241	-104.1545670
56603798	560159579003	1	5000	42.0589277	-104.1783136
56603799	560159579003	1	9700	42.0417593	-104.1517904
56603800	560159579003	1	47500	42.0505592	-104.1713085
56603801	560159579003	1	16000	42.0420648	-104.1385718
56603802	560159579003	1	22700	42.0477495	-104.1575142
56603803	560159579003	1	14400	42.0589215	-104.1819657
56603804	560159579003	1	12200	42.0597722	-104.1818930
56603805	560159579003	1	96000	42.0392042	-104.1368972
56603806	560159579003	1	20200	42.0483802	-104.1563931
56603807	560159579003	1	19200	42.0590647	-104.1838916
56603808	560159579003	1	18700	42.0601084	-104.1841617
56603809	560159579003	1	17100	42.0595116	-104.1833383
56603810	560159579003	1	35000	42.0366197	-104.1379869
56603811	560159579003	1	13000	42.0369394	-104.1427897
56603812	560159579003	1	16440	42.0405499	-104.1389014
56603813	560159579003	1	86000	42.0412448	-104.1431941
56603814	560159579003	1	35600	42.0421487	-104.1422818
56603815	560159579003	1	87100	42.0406529	-104.1410025
56603816	560159579003	1	68090	42.0399201	-104.1416268
56603817	560159579003	1	10800	42.0409913	-104.1396954
56603818	560159579003	1	65050	42.0400621	-104.1404304
56603819	560159579003	1	37200	42.0396298	-104.1406248
56603820	560159579003	1	137000	42.0374599	-104.1448479
56603821	560159579003	1	21000	42.0402680	-104.1431813
56603822	560159579003	1	38400	42.0422600	-104.1448351
56603823	560159579003	1	71700	42.0392426	-104.1440227
56603824	560159579003	1	42100	42.0394140	-104.1421576
56603825	560159579003	1	20000	42.0388742	-104.1449025
56603826	560159579003	1	20000	42.0398832	-104.1455297
56603827	560159579003	1	45000	42.0384140	-104.1433329
56603828	560159579003	1	68640	42.0381459	-104.1406089
56603829	560159579003	1	13300	42.0389003	-104.1383589
56603830	560159579003	1	51000	42.0378043	-104.1426291
56603831	560159579003	1	24000	42.0379853	-104.1445849
56603832	560159579003	1	24000	42.0382615	-104.1387302
56603833	560159579003	1	19800	42.0375800	-104.1432224
56603834	560159579003	1	13500	42.0430679	-104.1427710
56603835	560159579003	1	18700	42.0395467	-104.1352389
56603836	560159579003	1	41000	42.0395649	-104.1379320
56603837	560159579003	1	127500	42.0385641	-104.1381495
56603838	560159579003	1	10400	42.0364969	-104.1332480
56603839	560159579003	1	42300	42.0359990	-104.1423262
56603840	560159579003	1	33200	42.0365234	-104.1430456
56603841	560159579003	1	20200	42.0346960	-104.1332308
56603842	560159579003	1	45000	42.0408543	-104.1441633
56603843	560159579003	1	85000	42.0355403	-104.1345360
56603844	560159579003	1	108200	42.0587841	-104.1823439
56603845	560159579003	1	21500	42.0352299	-104.1306074
56603846	560159579003	1	11900	42.0587115	-104.1806485
56603847	560159579003	1	12400	42.0356151	-104.1329268
56603848	560159579003	1	21200	42.0417490	-104.1427296
56603849	560159579003	1	8060	42.0388856	-104.1418893
56603850	560159579003	1	22200	42.0346964	-104.1320897
56603851	560159579003	1	16800	42.0358188	-104.1367566
56603852	560159579003	1	18000	42.0409952	-104.1402072
56603853	560159579003	1	49000	42.0355600	-104.1384865
56603854	560159579004	1	18800	42.0662479	-104.1819503
56603855	560159579004	1	56300	42.0675765	-104.1810138
56603856	560159579004	1	16200	42.0621402	-104.1792524
56603857	560159579004	1	16200	42.0670495	-104.1813984
56603858	560159579004	1	36000	42.0622223	-104.1793781
56603859	560159579004	1	16200	42.0656400	-104.1798111
56603860	560159579004	1	24000	42.0652258	-104.1797780
56603861	560159579004	1	56600	42.0654255	-104.1800139
56603862	560159579004	1	79900	42.0655646	-104.1801939
56603863	560159579004	1	19400	42.0657552	-104.1796345
56603864	560159579004	1	17300	42.0621970	-104.1791202
56603865	560159579004	1	47000	42.0653119	-104.1800471
56603866	560159579004	1	24000	42.0652186	-104.1804016
56603867	560159579004	1	50000	42.0652612	-104.1793517
56603868	560159579004	1	11300	42.0651693	-104.1800460
56603869	560159579004	1	79000	42.0652773	-104.1801613
56603870	560159579004	1	10400	42.0651412	-104.1801565
56603871	560159579004	1	25600	42.0621688	-104.1777063
56603872	560159579004	1	70700	42.0626978	-104.1787573
56603873	560159579004	1	33900	42.0652005	-104.1814658
56603874	560159579004	1	51300	42.0656040	-104.1814684
56603875	560159579004	1	51000	42.0621875	-104.1795467
56603876	560159579004	1	58000	42.0651582	-104.1810015
56603877	560159579004	1	30600	42.0653396	-104.1809121
56603878	560159579004	1	55000	42.0652553	-104.1807936
56603879	560159579004	1	38000	42.0656709	-104.1814539
56603880	560159579004	1	28000	42.0626446	-104.1782517
56603881	560159579004	1	15600	42.0649582	-104.1813297
56603882	560159579004	1	49000	42.0653154	-104.1812169
56603883	560159579004	1	22800	42.0654422	-104.1810108
56603884	560159579004	1	9900	42.0632580	-104.1781973
56603885	560159579004	1	16800	42.0631077	-104.1783105
56603886	560159579004	1	45800	42.0625099	-104.1786418
56603887	560159579004	1	81000	42.0620874	-104.1778902
56603888	560159579004	1	15400	42.0674068	-104.1775987
56603889	560159579004	1	11300	42.0628030	-104.1778967
56603890	560159579004	1	42500	42.0628522	-104.1783132
56603891	560159579004	1	42000	42.0623660	-104.1785219
56603892	560159579004	1	14600	42.0672963	-104.1777011
56603893	560159579004	1	42000	42.0673986	-104.1772117
56603894	560159579004	1	65000	42.0669556	-104.1771516
56603895	560159579004	1	68800	42.0623208	-104.1781125
56603896	560159579004	1	18000	42.0671474	-104.1776109
56603897	560159579004	1	116500	42.0677056	-104.1772643
56603898	560159579004	1	37000	42.0671861	-104.1781479
56603899	560159579004	1	9600	42.0622541	-104.1787123
56603900	560159579004	1	21000	42.0669047	-104.1776231
56603901	560159579004	1	19300	42.0620872	-104.1780640
56603902	560159579004	1	31000	42.0659099	-104.1829387
56603903	560159579004	1	24000	42.0643397	-104.1795334
56603904	560159579004	1	22400	42.0644616	-104.1816979
56603905	560159579004	1	65340	42.0628994	-104.1799981
56603906	560159579004	1	53000	42.0671891	-104.1805273
56603907	560159579004	1	36500	42.0675453	-104.1815812
56603908	560159579004	1	13900	42.0673211	-104.1817195
56603909	560159579004	1	57000	42.0669004	-104.1809477
56603910	560159579004	1	100000	42.0672906	-104.1817034
56603911	560159579004	1	23100	42.0673881	-104.1811499
56603912	560159579004	1	18400	42.0670302	-104.1817315
56603913	560159579004	1	14600	42.0672522	-104.1794695
56603914	560159579004	1	85000	42.0668924	-104.1804455
56603915	560159579004	1	42100	42.0669580	-104.1796821
56603916	560159579004	1	42000	42.0670805	-104.1801191
56603917	560159579004	1	20000	42.0673386	-104.1804821
56603918	560159579004	1	70000	42.0670891	-104.1806010
56603919	560159579004	1	13200	42.0675967	-104.1801611
56603920	560159579004	1	22000	42.0639242	-104.1826501
56603921	560159579004	1	50000	42.0628199	-104.1800720
56603922	560159579004	1	67160	42.0629499	-104.1795558
56603923	560159579004	1	106100	42.0625254	-104.1794749
56603924	560159579004	1	20000	42.0625073	-104.1795318
56603925	560159579004	1	84250	42.0628951	-104.1795006
56603926	560159579004	1	26900	42.0623613	-104.1797953
56603927	560159579004	1	40500	42.0625944	-104.1794693
56603928	560159579004	1	79000	42.0646485	-104.1818099
56603929	560159579004	1	39200	42.0678045	-104.1795875
56603930	560159579004	1	43200	42.0678633	-104.1797471
56603931	560159579004	1	22200	42.0678470	-104.1802531
56603932	560159579004	1	42400	42.0641906	-104.1823727
56603933	560159579004	1	38000	42.0639329	-104.1826394
56603934	560159579004	1	56004	42.0644582	-104.1817294
56603935	560159579004	1	50000	42.0637766	-104.1796572
56603936	560159579004	1	10900	42.0672624	-104.1765465
56603937	560159579004	1	16000	42.0678394	-104.1787080
56603938	560159579004	1	60200	42.0676121	-104.1829790
56603939	560159579004	1	10100	42.0642751	-104.1823002
56603940	560159579004	1	17040	42.0679954	-104.1775069
56603941	560159579004	1	14000	42.0679111	-104.1790147
56603942	560159579004	1	18600	42.0676188	-104.1829762
56603943	560159579004	1	13200	42.0674768	-104.1828720
56603944	560159579004	1	73000	42.0671718	-104.1763096
56603945	560159579004	1	58300	42.0625628	-104.1770546
56603946	560159579004	1	52000	42.0679698	-104.1791669
56603947	560159579004	1	16900	42.0624813	-104.1767808
56603948	560159579004	1	20100	42.0632921	-104.1769327
56603949	560159579004	1	59500	42.0631171	-104.1766001
56603950	560159579004	1	44250	42.0632209	-104.1768346
56603951	560159579004	1	21000	42.0638364	-104.1795259
56603952	560159579004	1	22000	42.0661323	-104.1792020
56603953	560159579004	1	23000	42.0644487	-104.1810813
56603954	560159579004	1	15500	42.0647897	-104.1815070
56603955	560159579004	1	45600	42.0642972	-104.1805552
56603956	560159579004	1	46000	42.0662784	-104.1786020
56603957	560159579004	1	22400	42.0647711	-104.1811961
56603958	560159579004	1	14410	42.0661627	-104.1785311
56603959	560159579004	1	42000	42.0633183	-104.1797609
56603960	560159579004	1	56100	42.0638049	-104.1812217
56603961	560159579004	1	20000	42.0661518	-104.1789353
56603962	560159579004	1	16130	42.0635013	-104.1803887
56603963	560159579004	1	57600	42.0634917	-104.1796895
56603964	560159579004	1	72500	42.0633409	-104.1803086
56603965	560159579004	1	16400	42.0635225	-104.1807825
56603966	560159579004	1	23000	42.0659070	-104.1821912
56603967	560159579004	1	12700	42.0643007	-104.1790715
56603968	560159579004	1	16800	42.0648788	-104.1769246
56603969	560159579004	1	144200	42.0672817	-104.1786664
56603970	560159579004	1	52900	42.0644875	-104.1792357
56603971	560159579004	1	21000	42.0641326	-104.1791103
56603972	560159579004	1	37900	42.0643538	-104.1793503
56603973	560159579004	1	12790	42.0679133	-104.1808076
56603974	560159579004	1	80430	42.0660147	-104.1764983
56603975	560159579004	1	89500	42.0677455	-104.1815959
56603976	560159579004	1	95700	42.0653239	-104.1776182
56603977	560159579004	1	57200	42.0671230	-104.1783891
56603978	560159579004	1	20200	42.0672104	-104.1787026
56603979	560159579004	1	25300	42.0672871	-104.1784866
56603980	560159579004	1	38000	42.0658224	-104.1771436
56603981	560159579004	1	36000	42.0657303	-104.1768457
56603982	560159579004	1	11300	42.0657866	-104.1769366
56603983	560159579004	1	22700	42.0636801	-104.1771182
56603984	560159579004	1	86900	42.0627262	-104.1822574
56603985	560159579004	1	44100	42.0650635	-104.1769507
56603986	560159579004	1	33400	42.0643436	-104.1770752
56603987	560159579004	1	17000	42.0647053	-104.1771471
56603988	560159579004	1	28300	42.0632745	-104.1825770
56603989	560159579004	1	38000	42.0636703	-104.1817744
56603990	560159579004	1	52500	42.0636595	-104.1817282
56603991	560159579004	1	25000	42.0636291	-104.1771176
56603992	560159579004	8	66400	42.0640872	-104.1786514
56603993	560159579004	1	13800	42.0629222	-104.1816068
56603994	560159579004	1	17000	42.0626323	-104.1824403
56603995	560159579004	1	32100	42.0635837	-104.1777615
56603996	560159579004	1	11300	42.0635702	-104.1779237
56603997	560159579004	8	48000	42.0639716	-104.1783464
56603998	560159579004	1	21000	42.0662639	-104.1827213
56603999	560159579004	1	16000	42.0663481	-104.1819063
56604000	560159579004	1	63400	42.0621316	-104.1832492
56604001	560159579004	1	51280	42.0654604	-104.1785602
56604002	560159579004	1	11500	42.0647253	-104.1785461
56604003	560159579004	1	47000	42.0644464	-104.1782230
56604004	560159579004	1	36000	42.0622599	-104.1773407
56604005	560159579004	1	12700	42.0653690	-104.1779944
56604006	560159579004	1	37000	42.0650556	-104.1790096
56604007	560159579004	1	18000	42.0664398	-104.1818496
56604008	560159579004	1	77300	42.0663471	-104.1821106
56604009	560159579004	1	66300	42.0621884	-104.1826721
56604010	560159579004	1	69000	42.0660544	-104.1822687
56604011	560159579004	1	16000	42.0660132	-104.1820069
56604012	560159579004	1	11700	42.0660096	-104.1824340
56604013	560159579004	1	50500	42.0657980	-104.1828214
56604014	560159579004	1	27400	42.0664995	-104.1818191
56604015	560159579004	1	52300	42.0665346	-104.1827012
56604016	560159579004	1	102000	42.0662803	-104.1821796
56604017	560159579004	8	77100	42.0664027	-104.1821727
56604018	560159579004	1	50000	42.0659831	-104.1829463
56604019	560159579004	1	72000	42.0658464	-104.1828237
56604020	560159579004	1	22700	42.0664861	-104.1823033
56604021	560159579004	1	53000	42.0658867	-104.1819493
56604022	560159579004	1	46500	42.0662133	-104.1818027
56604023	560159579004	1	84700	42.0657362	-104.1828887
56604024	560159579004	1	13200	42.0662636	-104.1826212
56604025	560159579004	1	38000	42.0664602	-104.1825738
56604026	560159579004	1	18000	42.0658845	-104.1822225
56604027	560159579004	1	11800	42.0661112	-104.1822846
56604028	560159579004	1	56000	42.0662727	-104.1824718
56604029	560159579004	1	60000	42.0650508	-104.1797240
56604030	560159579004	1	35600	42.0625519	-104.1808892
56604031	560159579004	1	50000	42.0658036	-104.1827144
56604032	560159579004	1	35000	42.0644226	-104.1764769
56604033	560159579004	1	66000	42.0657389	-104.1818918
56604034	560159579004	1	60000	42.0662595	-104.1828136
56604035	560159579004	1	49000	42.0659276	-104.1820250
56604036	560159579004	1	58470	42.0644507	-104.1763804
56604037	560159579004	1	44000	42.0662035	-104.1822430
56604038	560159579004	1	21000	42.0661877	-104.1821824
56604039	560159579004	1	35200	42.0663436	-104.1817781
56604040	560159579004	1	18800	42.0644204	-104.1764060
56604041	560159579004	1	13000	42.0642957	-104.1764986
56604042	560159579004	1	21710	42.0649131	-104.1764858
56604043	560159579004	1	16500	42.0627735	-104.1809117
56604044	560159579004	1	20910	42.0640473	-104.1764225
56604045	560159579004	1	15100	42.0650009	-104.1765737
56604046	560159579004	1	50000	42.0651723	-104.1764553
56604047	560159579004	1	12000	42.0646520	-104.1764890
56604048	560159579004	8	20000	42.0633929	-104.1763833
56604049	560159579004	1	16700	42.0649707	-104.1763573
56604050	560159579004	1	48300	42.0647442	-104.1766945
56604051	560159579004	1	15800	42.0637297	-104.1765428
56604052	560159579004	1	23100	42.0638271	-104.1765590
56604053	560159579004	1	12200	42.0637396	-104.1764004
56604054	560159579004	1	11900	42.0634656	-104.1763938
56604055	560159579004	1	22150	42.0640612	-104.1764838
56604056	560159579004	1	89300	42.0641561	-104.1765940
56604057	560159579004	1	53500	42.0642734	-104.1766138
56604058	560159579004	1	91000	42.0650588	-104.1792370
56604059	560159579004	1	16130	42.0671953	-104.1828049
56604060	560159579004	1	10700	42.0624436	-104.1806570
56604061	560159579004	1	60000	42.0625783	-104.1811420
56604062	560159579004	1	71100	42.0624469	-104.1811537
56604063	560159579004	1	14000	42.0623540	-104.1808021
56604064	560159579004	1	9600	42.0623315	-104.1812799
56604065	560159579004	1	14600	42.0628947	-104.1811744
56604066	560159579004	1	20480	42.0628847	-104.1812936
56604067	560159579004	1	16700	42.0666601	-104.1826156
56604068	560159579004	1	72000	42.0625518	-104.1802787
56604069	560159579004	1	46600	42.0627445	-104.1804084
56604070	560159579004	1	11200	42.0623256	-104.1805231
56604071	560159579004	1	77500	42.0671526	-104.1822004
56604072	560159579004	1	66500	42.0627071	-104.1806250
56604073	560159579004	1	20200	42.0667092	-104.1828257
56604074	560159579004	1	38700	42.0651505	-104.1802689
56604075	560159579004	8	18000	42.0674830	-104.1824839
56604076	560159579004	3	46200	42.0667143	-104.1824007
56604077	560159579004	1	80000	42.0669190	-104.1824893
56604078	560159579004	1	32100	42.0674133	-104.1819227
56604079	560159579004	1	18000	42.0674213	-104.1825607
56604080	560159579004	1	17500	42.0671834	-104.1827185
56604081	560159579004	1	13350	42.0669508	-104.1819466
56604082	560159579004	1	19200	42.0658004	-104.1803751
56604083	560159579004	1	82300	42.0621800	-104.1811018
56604084	560159579004	1	43100	42.0668337	-104.1828366
56604085	560159579004	1	42300	42.0673213	-104.1824286
56604086	560159579004	1	19000	42.0656038	-104.1797646
56604087	560159579004	1	27700	42.0651890	-104.1802777
56604088	560159579004	1	21400	42.0651961	-104.1802290
56604089	560159579004	1	10000	42.0657260	-104.1816093
56604090	560159579004	1	18800	42.0621582	-104.1798267
56604091	560159579004	1	84000	42.0654059	-104.1797564
56604092	560159579004	1	36000	42.0654055	-104.1795460
56604093	560159579004	1	20400	42.0657057	-104.1794166
56604094	560159579004	1	91700	42.0656241	-104.1797073
56604095	560159579004	1	75500	42.0651045	-104.1795453
56604096	560159579004	1	17400	42.0654733	-104.1813378
56604097	560159579004	1	69000	42.0621492	-104.1789762
56604098	560159579004	1	21400	42.0622333	-104.1796774
56604099	560159579004	1	68640	42.0621282	-104.1791858
56604100	560159579004	1	51000	42.0651703	-104.1815686
56604101	560159579004	1	42000	42.0623159	-104.1791509
56604102	560159579004	1	51000	42.0656169	-104.1807175
56604103	560159579004	1	45200	42.0657512	-104.1807196
56604104	560159579004	1	32800	42.0666553	-104.1826823
56604105	560159579004	1	20000	42.0657421	-104.1796839
56604106	560159579004	1	20200	42.0666695	-104.1822483
56604107	560159579004	1	15400	42.0665820	-104.1824488
56604108	560159579004	1	288800	42.0664911	-104.1819552
56604109	560159579004	1	75400	42.0665418	-104.1818932
56604110	560159579004	1	61000	42.0665070	-104.1824085
56604111	560159579004	1	18000	42.0663428	-104.1825135
56604112	560159579004	1	10400	42.0662736	-104.1828650
56604113	560159579004	1	52800	42.0657930	-104.1819901
56604114	560159579004	1	86300	42.0659783	-104.1828248
56604115	560159579004	1	19300	42.0662457	-104.1818420
56604116	560159579004	1	64400	42.0664958	-104.1818401
56604117	560159579004	1	55000	42.0658332	-104.1823076
56604118	560159579004	1	15900	42.0666102	-104.1820070
56604119	560159579004	1	11710	42.0664368	-104.1828514
56604120	560159579004	1	34600	42.0664934	-104.1818390
56604121	560159579004	1	10400	42.0661531	-104.1822588
56604122	560159579004	1	80430	42.0664428	-104.1826804
56604123	560159579004	1	37400	42.0663823	-104.1823528
56604124	560159579004	1	55000	42.0658114	-104.1826368
56604125	560159579004	1	19200	42.0657859	-104.1824397
56604126	560159579004	1	75000	42.0663948	-104.1822275
56604127	560159579004	1	53000	42.0657720	-104.1827304
56604128	560159579004	1	20000	42.0665259	-104.1825141
56604129	560159579004	1	50600	42.0645538	-104.1765922
56604130	560159579004	1	13000	42.0662043	-104.1819649
56604131	560159579004	1	37880	42.0660256	-104.1827042
56604132	560159579004	1	12000	42.0674059	-104.1828787
56604133	560159579004	1	14600	42.0661002	-104.1821086
56604134	560159579004	1	18200	42.0673178	-104.1823031
56604135	560159579004	1	55200	42.0658208	-104.1819497
56604136	560159579004	1	87000	42.0665671	-104.1819580
56604137	560159579004	1	22500	42.0658194	-104.1820694
56604138	560159579004	1	42300	42.0663666	-104.1818329
56604139	560159579004	1	19200	42.0658152	-104.1820966
56604140	560159579004	1	9600	42.0665158	-104.1829234
56604141	560159579004	1	110000	42.0651447	-104.1766065
56604142	560159579004	1	75000	42.0646003	-104.1764116
56604143	560159579004	1	23000	42.0665803	-104.1824630
56604144	560159579004	8	42000	42.0665786	-104.1822934
56604145	560159579004	1	12700	42.0624314	-104.1812972
56604146	560159579004	1	10000	42.0626743	-104.1801806
56604147	560159579004	1	24000	42.0639205	-104.1765099
56604148	560159579004	8	38400	42.0667342	-104.1822344
56604149	560159579004	1	21000	42.0635680	-104.1764995
56604150	560159579004	1	13700	42.0645393	-104.1766368
56604151	560159579004	1	10000	42.0629343	-104.1808268
56604152	560159579004	1	10000	42.0637293	-104.1764201
56604153	560159579004	1	88000	42.0642382	-104.1766055
56604154	560159579004	1	18600	42.0640292	-104.1765582
56604155	560159579004	1	57350	42.0625623	-104.1802574
56604156	560159579004	1	67700	42.0634414	-104.1763754
56604157	560159579004	1	13970	42.0629578	-104.1810337
56604158	560159579004	1	73400	42.0630141	-104.1807640
56604159	560159579004	1	18000	42.0622731	-104.1801880
56604160	560159579004	1	18000	42.0623817	-104.1809563
56604161	560159579004	1	136700	42.0629930	-104.1804428
56604162	560159579004	1	48400	42.0629468	-104.1812236
56604163	560159579004	1	18400	42.0623588	-104.1810396
56604164	560159579004	1	40000	42.0623701	-104.1807897
56604165	560159579004	1	69800	42.0625044	-104.1802863
56604166	560159579004	1	16440	42.0621533	-104.1806370
56604167	560159579004	1	46500	42.0621971	-104.1809375
56604168	560159579004	1	60000	42.0621211	-104.1812696
56604169	560159579004	1	13300	42.0674125	-104.1829258
56604170	560159579004	1	56800	42.0668905	-104.1829339
56604171	560159579004	1	12000	42.0667143	-104.1824729
56604172	560159579004	3	58200	42.0668793	-104.1820360
56604173	560159579004	1	40500	42.0671684	-104.1824139
56604174	560159579004	1	87850	42.0668320	-104.1819830
56604175	560159580001	1	41500	42.0513926	-104.1843860
56604176	560159580001	1	35000	42.0487225	-104.1752881
56604177	560159580001	1	63400	42.0494404	-104.1766444
56604178	560159580001	1	30000	42.0493427	-104.1772787
56604179	560159580001	3	30600	42.0479183	-104.1800623
56604180	560159580001	3	30600	42.0519367	-104.1845340
56604181	560159580001	1	1400	42.0485941	-104.1836698
56604182	560159580001	1	39000	42.0487303	-104.1841000
56604183	560159580001	1	1000	42.0488451	-104.1815498
56604184	560159580001	1	8500	42.0452081	-104.1790733
56604185	560159580001	1	43000	42.0487956	-104.1819161
56604186	560159580001	1	67740	42.0451799	-104.1781146
56604187	560159580001	1	3700	42.0451953	-104.1791207
56604188	560159580001	1	32300	42.0519619	-104.1846603
56604189	560159580001	1	54600	42.0477510	-104.1842969
56604190	560159580001	1	29200	42.0466761	-104.1840009
56604191	560159580001	1	47000	42.0473838	-104.1823377
56604192	560159580001	8	77100	42.0472138	-104.1819837
56604193	560159580001	1	49000	42.0471271	-104.1819995
56604194	560159580001	1	1100	42.0486360	-104.1823959
56604195	560159580001	1	58200	42.0481123	-104.1825239
56604196	560159580001	1	32400	42.0484540	-104.1823058
56604197	560159580001	1	71100	42.0479348	-104.1833256
56604198	560159580001	1	55000	42.0470712	-104.1842541
56604199	560159580001	1	49200	42.0467017	-104.1842571
56604200	560159580001	1	56000	42.0464483	-104.1831560
56604201	560159580001	1	25500	42.0479285	-104.1841140
56604202	560159580001	1	63200	42.0472051	-104.1834397
56604203	560159580001	1	43000	42.0467830	-104.1841366
56604204	560159580001	1	60850	42.0481971	-104.1765168
56604205	560159580001	1	28000	42.0485772	-104.1750473
56604206	560159580001	1	35100	42.0460664	-104.1827748
56604207	560159580001	1	86300	42.0486700	-104.1768770
56604208	560159580001	1	25200	42.0461519	-104.1830195
56604209	560159580001	1	45000	42.0501378	-104.1813339
56604210	560159580001	8	24000	42.0486189	-104.1801702
56604211	560159580001	3	30600	42.0503437	-104.1812392
56604212	560159580001	1	82000	42.0479357	-104.1783185
56604213	560159580001	1	27000	42.0503024	-104.1813339
56604214	560159580001	1	68600	42.0499145	-104.1811592
56604215	560159580001	1	31600	42.0441494	-104.1801518
56604216	560159580001	1	31900	42.0442797	-104.1799012
56604217	560159580001	1	13970	42.0502584	-104.1799162
56604218	560159580001	1	60400	42.0504638	-104.1811275
56604219	560159580001	1	52500	42.0499272	-104.1801824
56604220	560159580001	1	71200	42.0525438	-104.1826843
56604221	560159580001	4	9000	42.0525649	-104.1827943
56604222	560159580001	1	8300	42.0530084	-104.1837798
56604223	560159580001	8	31000	42.0527680	-104.1834430
56604224	560159580001	8	37600	42.0523192	-104.1827900
56604225	560159580001	1	29300	42.0526258	-104.1837686
56604226	560159580001	1	44800	42.0501889	-104.1805691
56604227	560159580001	1	38450	42.0522249	-104.1831569
56604228	560159580001	1	37000	42.0530556	-104.1834247
56604229	560159580001	1	25000	42.0523672	-104.1826431
56604230	560159580001	1	42000	42.0503612	-104.1804875
56604231	560159580001	3	8500	42.0527196	-104.1830252
56604232	560159580001	1	83000	42.0500496	-104.1810701
56604233	560159580001	1	29500	42.0485061	-104.1773178
56604234	560159580001	1	7600	42.0490064	-104.1823562
56604235	560159580001	1	148700	42.0471365	-104.1781473
56604236	560159580001	8	31000	42.0502211	-104.1811102
56604237	560159580001	1	8600	42.0502077	-104.1809777
56604238	560159580001	1	41500	42.0495993	-104.1818892
56604239	560159580001	3	30600	42.0502228	-104.1807189
56604240	560159580001	1	6000	42.0503460	-104.1809558
56604241	560159580001	1	60000	42.0498443	-104.1801640
56604242	560159580001	1	52700	42.0491933	-104.1823983
56604243	560159580001	1	55660	42.0451188	-104.1763647
56604244	560159580001	1	49000	42.0508498	-104.1797321
56604245	560159580001	1	114000	42.0509444	-104.1797907
56604246	560159580001	1	8300	42.0464647	-104.1808922
56604247	560159580001	1	73000	42.0452597	-104.1762118
56604248	560159580001	1	125000	42.0462933	-104.1808282
56604249	560159580001	1	500	42.0482930	-104.1774530
56604250	560159580001	1	41060	42.0506013	-104.1794640
56604251	560159580001	1	63450	42.0491509	-104.1780222
56604252	560159580001	1	28600	42.0437488	-104.1770660
56604253	560159580001	1	28000	42.0441919	-104.1779223
56604254	560159580001	4	9000	42.0501385	-104.1776129
56604255	560159580001	8	30200	42.0490019	-104.1774656
56604256	560159580001	1	70000	42.0502216	-104.1783346
56604257	560159580001	1	36000	42.0484431	-104.1791805
56604258	560159580001	1	4290	42.0468411	-104.1771335
56604259	560159580001	1	53000	42.0502302	-104.1794771
56604260	560159580001	1	45200	42.0466603	-104.1779631
56604261	560159580001	1	63000	42.0481615	-104.1787740
56604262	560159580001	1	9600	42.0509315	-104.1810562
56604263	560159580001	1	45000	42.0513979	-104.1807579
56604264	560159580001	1	37000	42.0437066	-104.1702828
56604265	560159580001	1	28000	42.0479170	-104.1733486
56604266	560159580001	1	26360	42.0459046	-104.1770240
56604267	560159580001	8	30000	42.0440677	-104.1747965
56604268	560159580001	1	74300	42.0475578	-104.1813851
56604269	560159580001	1	40000	42.0442723	-104.1813798
56604270	560159580001	1	39000	42.0446901	-104.1806143
56604271	560159580001	8	44200	42.0446177	-104.1738064
56604272	560159580001	1	24100	42.0477323	-104.1810786
56604273	560159580001	1	7810	42.0439292	-104.1734329
56604274	560159580001	1	25100	42.0484022	-104.1816548
56604275	560159580001	3	102000	42.0441267	-104.1759700
56604276	560159580001	1	31000	42.0443449	-104.1749066
56604277	560159580001	1	37500	42.0444914	-104.1757873
56604278	560159580001	1	8000	42.0486633	-104.1818162
56604279	560159580001	1	78000	42.0490706	-104.1759657
56604280	560159580001	1	22000	42.0498498	-104.1761195
56604281	560159580001	1	71910	42.0490415	-104.1724885
56604282	560159580001	1	35000	42.0443592	-104.1796393
56604283	560159580001	1	25000	42.0483829	-104.1740751
56604284	560159580001	1	41500	42.0465229	-104.1751796
56604285	560159580001	1	6800	42.0464356	-104.1799148
56604286	560159580001	1	26000	42.0438917	-104.1785810
56604287	560159580001	1	41300	42.0449161	-104.1755148
56604288	560159580001	1	71100	42.0454068	-104.1732156
56604289	560159580001	4	9000	42.0507073	-104.1784156
56604290	560159580001	1	41200	42.0476168	-104.1721507
56604291	560159580001	4	9000	42.0444282	-104.1722490
56604292	560159580001	1	4290	42.0465767	-104.1769693
56604293	560159580001	8	77100	42.0476170	-104.1758000
56604294	560159580001	1	8800	42.0456962	-104.1740777
56604295	560159580001	1	80000	42.0474774	-104.1807600
56604296	560159580001	1	116	42.0444884	-104.1657461
56604297	560159580001	1	31200	42.0472301	-104.1741828
56604298	560159580001	1	25000	42.0456499	-104.1761080
56604299	560159580001	1	7200	42.0402170	-104.1688768
56604300	560159580001	3	28500	42.0497592	-104.1748317
56604301	560159580001	1	8200	42.0460569	-104.1688239
56604302	560159580001	1	8200	42.0465909	-104.1702691
56604303	560159580001	1	7800	42.0471244	-104.1711097
56604304	560159580001	1	24600	42.0475028	-104.1794734
56604305	560159580001	1	50000	42.0458109	-104.1723869
56604306	560159580001	1	22700	42.0457805	-104.1686133
56604307	560159580001	1	46010	42.0413954	-104.1648976
56604308	560159580001	1	38840	42.0411660	-104.1659799
56604309	560159580001	1	87200	42.0460773	-104.1754959
56604310	560159580001	1	32000	42.0404848	-104.1669959
56604311	560159580001	8	27600	42.0507537	-104.1733453
56604312	560159580001	1	84500	42.0465847	-104.1713286
56604313	560159580001	4	9000	42.0510829	-104.1765493
56604314	560159580001	1	153800	42.0467144	-104.1787192
56604315	560159580001	1	40700	42.0469976	-104.1725793
56604316	560159580001	1	72000	42.0475195	-104.1764666
56604317	560159580001	1	82840	42.0504774	-104.1762385
56604318	560159580001	1	45700	42.0478610	-104.1735408
56604319	560159580001	1	25300	42.0500535	-104.1748756
56604320	560159580001	1	32300	42.0441813	-104.1617729
56604321	560159580001	1	28000	42.0451262	-104.1729972
56604322	560159580001	1	30000	42.0518811	-104.1784514
56604323	560159580001	1	30000	42.0516662	-104.1790785
56604324	560159580001	8	30000	42.0449888	-104.1668261
56604325	560159580001	1	0	42.0442954	-104.1597282
56604326	560159580001	1	110	42.0407240	-104.1676426
56604327	560159580001	1	40000	42.0434819	-104.1642249
56604328	560159580001	1	26360	42.0430729	-104.1587061
56604329	560159580001	1	46700	42.0437927	-104.1625595
56604330	560159580001	1	78000	42.0440701	-104.1715575
56604331	560159580001	5	25000	42.0494373	-104.1727474
56604332	560159580001	3	24600	42.0516712	-104.1750108
56604333	560159580001	1	75000	42.0411891	-104.1600257
56604334	560159580001	8	38500	42.0509548	-104.1757617
56604335	560159580001	1	2400	42.0408101	-104.1680561
56604336	560159580001	1	54000	42.0434742	-104.1603482
56604337	560159580001	5	25000	42.0438418	-104.1690510
56604338	560159580001	1	52500	42.0416402	-104.1615008
56604339	560159580001	1	17100	42.0450943	-104.1700091
56604340	560159580001	1	54400	42.0421642	-104.1576375
56604341	560159580001	1	116	42.0420636	-104.1651462
56604342	560159580001	4	9000	42.0319485	-104.1844290
56604343	560159580001	7	120340	42.0427184	-104.1666771
56604344	560159580001	1	35960	42.0418711	-104.1621011
56604345	560159580001	1	33400	42.0424521	-104.1583274
56604346	560159580001	1	8200	42.0419023	-104.1583108
56604347	560159580001	1	32100	42.0421080	-104.1594503
56604348	560159580001	1	8400	42.0411549	-104.1619852
56604349	560159580001	1	45700	42.0433156	-104.1629711
56604350	560159580001	1	39400	42.0433323	-104.1611972
56604351	560159580001	4	9000	42.0433830	-104.1673243
56604352	560159580001	1	39050	42.0429451	-104.1655426
56604353	560159580001	1	135200	42.0452080	-104.1708482
56604354	560159580001	1	35000	42.0420416	-104.1616187
56604355	560159580001	3	30600	42.0437832	-104.1660368
56604356	560159580001	1	136600	42.0440486	-104.1637641
56604357	560159580001	1	42000	42.0440444	-104.1645288
56604358	560159580001	1	40400	42.0443312	-104.1687913
56604359	560159580001	1	0	42.0415343	-104.1690250
56604360	560159580001	1	46100	42.0448714	-104.1706524
56604361	560159580001	1	45000	42.0443526	-104.1674220
56604362	560159580001	1	116000	42.0506281	-104.1817252
56604363	560159580001	1	38001	42.0498883	-104.1764975
56604364	560159580001	1	26600	42.0493127	-104.1761187
56604365	560159580001	1	5750	42.0505384	-104.1815280
56604366	560159580001	8	27600	42.0505423	-104.1821997
56604367	560159580001	1	64000	42.0452498	-104.1802668
56604368	560159580001	1	31500	42.0433699	-104.1826507
56604369	560159580001	1	32100	42.0450146	-104.1822990
56604370	560159580001	1	57500	42.0499868	-104.1766188
56604371	560159580001	1	24600	42.0496172	-104.1831453
56604372	560159580001	1	63650	42.0500352	-104.1767927
56604373	560159580001	1	34100	42.0495339	-104.1834190
56604374	560159580001	1	8000	42.0498141	-104.1762802
56604375	560159580001	1	45200	42.0495978	-104.1764511
56604376	560159580001	1	39000	42.0500872	-104.1772932
56604377	560159580001	1	38900	42.0496279	-104.1832108
56604378	560159580001	1	28900	42.0500301	-104.1826778
56604379	560159580001	8	20000	42.0500959	-104.1833450
56604380	560159580001	1	8200	42.0505215	-104.1770500
56604381	560159580001	1	37900	42.0495515	-104.1827229
56604382	560159580001	1	6800	42.0504027	-104.1763473
56604383	560159580001	4	9000	42.0443855	-104.1820404
56604384	560159580001	3	57600	42.0453480	-104.1827073
56604385	560159580001	1	77000	42.0456870	-104.1806103
56604386	560159580001	1	2100	42.0453207	-104.1822374
56604387	560159580001	1	22800	42.0504799	-104.1767124
56604388	560159580001	3	57600	42.0453701	-104.1825171
56604389	560159580001	8	91000	42.0454762	-104.1809527
56604390	560159580001	4	9000	42.0452131	-104.1824705
56604391	560159580001	1	15000	42.0453166	-104.1818536
56604392	560159580001	1	9300	42.0459998	-104.1809007
56604393	560159580001	1	7400	42.0451290	-104.1824873
56604394	560159580001	1	46000	42.0456233	-104.1808906
56604395	560159580001	1	55000	42.0443515	-104.1824351
56604396	560159580001	1	75130	42.0517192	-104.1823808
56604397	560159580001	1	32700	42.0520780	-104.1818727
56604398	560159580001	1	33200	42.0454461	-104.1806820
56604399	560159580001	1	8200	42.0460026	-104.1814886
56604400	560159580001	8	49960	42.0516079	-104.1814767
56604401	560159580001	1	29000	42.0515184	-104.1823152
56604402	560159580001	4	9000	42.0520685	-104.1814865
56604403	560159580001	1	47900	42.0442447	-104.1825347
56604404	560159580001	1	85000	42.0514384	-104.1830128
56604405	560159580001	1	79700	42.0515742	-104.1830828
56604406	560159580001	1	101500	42.0516891	-104.1827891
56604407	560159580001	1	77000	42.0450467	-104.1823986
56604408	560159580001	1	18400	42.0521277	-104.1830503
56604409	560159580001	1	40000	42.0515578	-104.1834182
56604410	560159580001	1	41500	42.0439421	-104.1804421
56604411	560159580001	1	2400	42.0436367	-104.1809552
56604412	560159580001	1	41900	42.0436231	-104.1820166
56604413	560159580001	1	51000	42.0453898	-104.1795467
56604414	560159580001	1	8060	42.0452481	-104.1804271
56604415	560159580001	1	32000	42.0455309	-104.1796685
56604416	560159580001	1	110	42.0457160	-104.1802689
56604417	560159580001	5	25000	42.0436242	-104.1810727
56604418	560159580001	1	39000	42.0441145	-104.1822535
56604419	560159580001	1	32100	42.0433927	-104.1806375
56604420	560159580001	3	30600	42.0435725	-104.1809676
56604421	560159580001	3	58200	42.0440590	-104.1820904
56604422	560159580001	1	90000	42.0492766	-104.1808007
56604423	560159580001	1	135000	42.0508375	-104.1834378
56604424	560159580001	1	2400	42.0507206	-104.1834212
56604425	560159580001	1	110700	42.0445255	-104.1775071
56604426	560159580001	1	84000	42.0490658	-104.1808765
56604427	560159580001	1	30400	42.0446725	-104.1771855
56604428	560159580001	1	42000	42.0494969	-104.1802310
56604429	560159580001	8	44200	42.0491971	-104.1791732
56604430	560159580001	1	39000	42.0495858	-104.1801908
56604431	560159580001	3	30600	42.0492786	-104.1786506
56604432	560159580001	1	8500	42.0490466	-104.1785776
56604433	560159580001	1	37800	42.0495197	-104.1793484
56604434	560159580001	1	23600	42.0506251	-104.1844557
56604435	560159580001	1	26500	42.0506573	-104.1827397
56604436	560159580001	1	40800	42.0503445	-104.1845393
56604437	560159580001	8	38500	42.0454748	-104.1781356
56604438	560159580001	1	14600	42.0455451	-104.1784815
56604439	560159580001	1	33000	42.0447737	-104.1774069
56604440	560159580001	1	6000	42.0454095	-104.1784967
56604441	560159580001	1	40000	42.0506622	-104.1840556
56604442	560159580002	1	74000	41.9158944	-104.0565165
56604443	560159580002	1	81000	41.9718656	-104.3800287
56604444	560159580002	1	48000	41.9139399	-104.1234321
56604445	560159580002	1	81400	41.9589053	-104.1671382
56604446	560159580002	1	150000	41.9286597	-104.1227348
56604447	560159580002	1	97000	41.9587584	-104.3906501
56604448	560159580002	1	43000	41.9319909	-104.2414530
56604449	560159580002	1	36500	42.0259484	-104.2938103
56604450	560159580002	1	67700	42.0223756	-104.3096245
56604451	560159580002	1	26500	42.0241369	-104.1805691
56604452	560159580002	1	112600	41.9584299	-104.1497089
56604453	560159580002	1	40000	41.9320780	-104.2449564
56604454	560159580002	1	85500	42.0301048	-104.2044658
56604455	560159580002	1	90000	42.0228157	-104.2859945
56604456	560159580002	1	16900	41.9424011	-104.1507108
56604457	560159580002	1	75130	41.9806362	-104.1730470
56604458	560159580002	1	22500	42.0089336	-104.3130840
56604459	560159580002	1	104900	42.0021342	-104.3439891
56604460	560159580002	1	88000	42.0113295	-104.3055209
56604461	560159580002	1	78000	42.0097726	-104.3065130
56604462	560159580002	1	37700	42.0248281	-104.2902462
56604463	560159580002	1	80000	42.0262719	-104.2097034
56604464	560159580002	1	123800	42.0091167	-104.3143153
56604465	560159580002	1	12830	41.9687908	-104.2075266
56604466	560159580002	1	124020	41.9588888	-104.3874421
56604467	560159580002	1	49000	41.9404929	-104.1509445
56604468	560159580002	1	52000	41.9736801	-104.1727924
56604469	560159580002	1	60000	41.9746688	-104.1710888
56604470	560159580002	1	101000	41.9237450	-104.1316555
56604471	560159580002	1	28200	42.0199529	-104.2276644
56604472	560159580002	1	60000	41.9732181	-104.1742456
56604473	560159580002	1	93200	41.9737026	-104.1705319
56604474	560159580002	1	32800	41.9740284	-104.1740329
56604475	560159580002	1	80000	42.0271746	-104.2098591
56604476	560159580002	1	208790	42.0284550	-104.2110023
56604477	560159580002	1	12000	41.9414725	-104.1503648
56604478	560159580002	1	70000	41.9611934	-104.3874560
56604479	560159580002	1	28300	42.0027242	-104.3264901
56604480	560159580002	1	115900	41.9742470	-104.1729717
56604481	560159580002	1	80000	42.0014618	-104.3407390
56604482	560159580002	1	84500	42.0296282	-104.2860992
56604483	560159580002	1	95000	41.9809346	-104.1727795
56604484	560159580002	1	64700	41.9745669	-104.1755146
56604485	560159580002	1	117200	41.9354309	-104.1525197
56604486	560159580002	1	71090	41.9348953	-104.1529521
56604487	560159580002	1	231600	41.9254427	-104.1354288
56604488	560159580002	1	25000	41.9163077	-104.0725416
56604489	560159580002	1	20800	41.9181739	-104.1294141
56604490	560159580002	1	93000	41.9171432	-104.1183522
56604491	560159580002	1	165010	41.9350083	-104.1549472
56604492	560159580002	1	121000	41.9142873	-104.0668359
56604493	560159580002	1	172500	42.0161943	-104.2864808
56604494	560159580002	1	78000	41.9373489	-104.1542953
56604495	560159580002	1	108200	41.9143180	-104.1285974
56604496	560159580002	1	105970	41.9404762	-104.1499370
56604497	560159580002	1	22500	42.0158034	-104.2903510
56604498	560159580002	1	12100	41.9148381	-104.1269762
56604499	560159580002	1	32000	41.9730988	-104.1718990
56604500	560159580002	1	122000	41.9166957	-104.0689543
56604501	560159580002	1	79600	41.9318629	-104.1273036
56604502	560159580002	1	130000	41.9796457	-104.1309085
56604503	560159580002	1	89000	42.0246184	-104.2101640
56604504	560159580002	1	27230	41.9163287	-104.0714637
56604505	560159580002	1	76000	41.9714089	-104.1310338
56604506	560159580002	1	105530	41.9154280	-104.1180429
56604507	560159580002	1	27200	41.9157853	-104.0671453
56604508	560159580002	1	117200	41.9715676	-104.1487371
56604509	560159580002	1	31200	41.9325427	-104.2372355
56604510	560159580002	1	18200	41.9794288	-104.1725495
56604511	560159580002	1	75400	41.9328040	-104.2389859
56604512	560159580002	1	38000	42.0178957	-104.2859623
56604513	560159580002	1	84000	42.0219193	-104.2950776
56604514	560159580002	1	268000	41.9809575	-104.1691957
56604515	560159580002	1	21000	42.0169804	-104.2869006
56604516	560159580002	1	152130	41.9322330	-104.2393019
56604517	560159580002	1	23100	41.9237649	-104.1350158
56604518	560159580002	1	83000	41.9308258	-104.2457475
56604519	560159580002	1	51200	42.0273362	-104.2890679
56604520	560159580002	1	103000	41.9149466	-104.1290470
56604521	560159580002	1	56440	41.9166722	-104.1290804
56604522	560159580002	1	112600	41.9231965	-104.1353986
56604523	560159580002	1	30000	42.0204224	-104.2179416
56604524	560159580002	1	47700	42.0192884	-104.2863963
56604525	560159580002	1	24000	42.0195836	-104.2870825
56604526	560159580002	1	41280	41.9157812	-104.1299378
56604527	560159580002	1	32000	41.9074209	-104.0844177
56604528	560159580002	1	14800	41.9430045	-104.1428533
56604529	560159580002	1	126200	42.0022444	-104.3433739
56604530	560159580002	1	58300	41.9434718	-104.1409178
56604531	560159580002	1	21710	41.8486781	-104.0537334
56604532	560159580002	1	268000	42.0161229	-104.2889200
56604533	560159580002	1	101600	42.0158501	-104.2826276
56604534	560159580002	1	152130	42.0152131	-104.2849737
56604535	560159580002	1	65000	42.0154197	-104.2835726
56604536	560159580002	1	85000	41.9264583	-104.1308840
56604537	560159580002	1	69000	41.9999005	-104.3417664
56604538	560159580002	1	25800	42.0019336	-104.3420663
56604539	560159580002	1	100000	42.0019870	-104.3403617
56604540	560159580002	1	135000	42.0110530	-104.3068195
56604541	560159580002	1	38900	41.9613978	-104.3885697
56604542	560159580002	1	25700	41.9144329	-104.1209941
56604543	560159580002	1	15510	42.0093306	-104.3160953
56604544	560159580002	1	57800	41.9223498	-104.1323085
56604545	560159580002	1	27000	41.9247421	-104.1302834
56604546	560159580002	1	33000	41.9256679	-104.1308415
56604547	560159580002	1	55000	41.9431092	-104.1435080
56604548	560159580002	1	31500	42.0284293	-104.2147850
56604549	560159580002	1	50100	42.0290153	-104.2109849
56604550	560159580002	1	76800	41.9216791	-104.1352492
56604551	560159580002	1	117600	41.9715193	-104.1698489
56604552	560159580002	1	56500	42.0256342	-104.2130628
56604553	560159580002	1	85000	42.0262198	-104.2130201
56604554	560159580002	1	69600	41.9220843	-104.1319071
56604555	560159580002	1	61000	42.0234594	-104.2855413
56604556	560159580002	1	85000	41.8565232	-104.0531878
56604557	560159580002	1	20000	42.0210257	-104.2874502
56604558	560159580002	1	39000	41.9161386	-104.1181174
56604559	560159580002	1	17600	42.0184350	-104.3154530
56604560	560159580002	1	17600	42.0255548	-104.2858931
56604561	560159580002	1	25460	42.0265676	-104.2865052
56604562	560159580002	1	32700	42.0220986	-104.2879199
56604563	560159580002	1	78700	42.0247606	-104.1781632
56604564	560159580002	1	74000	42.0246913	-104.2862654
56604565	560159580002	1	26360	41.8849777	-104.0560488
56604566	560159580002	1	47500	41.9146262	-104.0651888
56604567	560159580002	1	65900	41.9718876	-104.1520384
56604568	560159580002	1	12400	41.9321795	-104.2460852
56604569	560159580002	1	14000	41.9171009	-104.1215228
56604570	560159580002	1	99100	41.9235007	-104.1316221
56604571	560159580002	1	33440	42.0214373	-104.1879114
56604572	560159580002	1	23900	42.0223405	-104.1743569
56604573	560159580002	1	22300	41.9581931	-104.1685879
56604574	560159580002	1	42700	41.9643647	-104.3764939
56604575	560159580002	1	27800	42.0161627	-104.2906764
56604576	560159580002	1	102000	42.0149260	-104.1652798
56604577	560159580002	1	27480	41.9636515	-104.3747097
56604578	560159580002	1	28200	41.9632418	-104.3760280
56604579	560159580002	1	109000	41.9632673	-104.3749995
56604580	560159580002	1	76500	41.9638785	-104.3779646
56604581	560159580002	1	18000	42.0309525	-104.2085800
56604582	560159580002	1	21000	41.9635724	-104.3789418
56604583	560159580002	1	24500	41.9635429	-104.3786991
56604584	560159580002	1	25100	41.9325619	-104.1445224
56604585	560159580002	1	20200	41.9280133	-104.1462410
56604586	560159580002	1	39400	41.9638221	-104.3776358
56604587	560159580002	1	145000	41.9270956	-104.1470468
56604588	560159580002	1	83200	41.9320709	-104.1449321
56604589	560159580002	1	109400	41.9445310	-104.3959400
56604590	560159580002	1	56400	41.9449067	-104.3956091
56604591	560159580002	1	145000	42.0154966	-104.2962849
56604592	560159580002	1	60000	41.9276332	-104.1472862
56604593	560159580002	1	22400	41.8871404	-104.0531928
56604594	560159580002	1	49500	41.9331890	-104.1458537
56604595	560159580002	1	57300	41.8855677	-104.0529847
56604596	560159580002	1	25200	41.9271027	-104.1495468
56604597	560159580002	1	28250	41.9324149	-104.1457568
56604598	560159580002	1	41600	41.9319563	-104.1465300
56604599	560159580002	1	138100	42.0307745	-104.1847018
56604600	560159580002	1	84900	41.9270984	-104.1507733
56604601	560159580002	1	102000	41.9642215	-104.3798112
56604602	560159580002	1	20000	41.9656272	-104.3801271
56604603	560159580002	1	21700	42.0158213	-104.2947366
56604604	560159580002	1	32400	41.9280659	-104.1485423
56604605	560159580002	1	56800	41.9870521	-104.0554579
56604606	560159580002	1	84900	41.9159197	-104.0538504
56604607	560159580002	1	91700	41.9715101	-104.1511110
56604608	560159580002	1	208790	41.8405043	-104.0793443
56604609	560159580002	1	20700	41.9647427	-104.3785585
56604610	560159580002	1	78900	42.0156575	-104.3009708
56604611	560159580002	1	33940	42.0150267	-104.1613659
56604612	560159580002	1	28500	42.0311236	-104.2104380
56604613	560159580002	1	24000	41.9629936	-104.3772005
56604614	560159580002	1	33900	41.9625168	-104.3761638
56604615	560159580002	1	366400	41.9861794	-104.0565686
56604616	560159580002	1	23900	41.9153626	-104.0546261
56604617	560159580002	1	42100	41.9598287	-104.3756512
56604618	560159580002	1	189500	41.8412948	-104.0780200
56604619	560159580002	1	61000	42.0157556	-104.2933566
56604620	560159580002	1	175360	42.0304004	-104.2073846
56604621	560159580002	1	37000	41.8406332	-104.0839582
56604622	560159580002	1	86000	42.0223385	-104.1735416
56604623	560159580002	1	26010	42.0306713	-104.2083283
56604624	560159580002	1	63200	41.9659447	-104.3794389
56604625	560159580002	1	79300	41.9601036	-104.3786462
56604626	560159580002	1	100000	41.9595328	-104.3784514
56604627	560159580002	1	85000	42.0278536	-104.1857696
56604628	560159580002	1	101600	41.9155061	-104.0557927
56604629	560159580002	1	65000	41.9613844	-104.3790848
56604630	560159580002	1	90720	41.9635752	-104.3795974
56604631	560159580002	1	22800	41.9630912	-104.3788029
56604632	560159580002	1	100660	42.0298327	-104.1974922
56604633	560159580002	1	32400	41.9791295	-104.1712817
56604634	560159580002	1	46500	41.9661888	-104.3765304
56604635	560159580002	1	96200	41.8409248	-104.0805756
56604636	560159580002	1	75400	41.9714327	-104.1691408
56604637	560159580002	1	85000	41.8412155	-104.0820297
56604638	560159580002	1	49330	41.9734929	-104.2055677
56604639	560159580002	1	26000	42.0155114	-104.1672469
56604640	560159580002	1	21600	42.0275727	-104.1865942
56604641	560159580002	1	115000	41.8413568	-104.0794048
56604642	560159580002	1	96000	41.9621548	-104.3752971
56604643	560159580002	1	52300	41.9649942	-104.3752571
56604644	560159580002	1	88000	41.9616454	-104.3788699
56604645	560159580002	1	15500	42.0150744	-104.1629670
56604646	560159580002	1	35100	41.8402099	-104.0823333
56604647	560159580002	1	145200	41.8419726	-104.0839373
56604648	560159580002	1	111000	41.9660418	-104.3784142
56604649	560159580002	1	53600	41.9725977	-104.1690564
56604650	560159580002	1	78000	41.9148466	-104.0568059
56604651	560159580002	1	135000	42.0159799	-104.1692326
56604652	560159580002	1	26000	41.9661731	-104.3797482
56604653	560159580002	1	46500	41.9790606	-104.1695508
56604654	560159580002	1	174000	41.8403997	-104.0820222
56604655	560159580002	1	185700	41.9317883	-104.2354986
56604656	560159580002	1	29700	42.0300459	-104.1983339
56604657	560159580002	1	114060	41.9150564	-104.0534100
56604658	560159580002	1	95600	42.0257214	-104.2886439
56604659	560159580002	1	50000	41.9147197	-104.0588920
56604660	560159580002	1	24500	41.9860317	-104.0577322
56604661	560159580002	1	20200	41.9316122	-104.2345319
56604662	560159580002	1	63810	42.0146723	-104.1692995
56604663	560159580002	1	40000	41.9610149	-104.3831444
56604664	560159580002	1	17600	41.9599082	-104.3776279
56604665	560159580002	1	137100	42.0160134	-104.2981639
56604666	560159580002	1	10000	41.9622936	-104.3794436
56604667	560159580002	1	29000	41.9621079	-104.3776618
56604668	560159580002	1	81000	41.9632957	-104.3795515
56604669	560159580002	1	12000	41.9683648	-104.3803492
56604670	560159580002	1	24000	41.9596443	-104.3771420
56604671	560159580002	1	30400	41.9396505	-104.1476174
56604672	560159580002	1	48000	41.9722503	-104.3801978
56604673	560159580002	1	31900	41.9602028	-104.3812688
56604674	560159580002	1	47100	41.9606868	-104.3805214
56604675	560159580002	1	52300	41.9612056	-104.3792924
56604676	560159580002	1	24500	41.9595737	-104.3791135
56604677	560159580002	1	122300	41.9601370	-104.3791758
56604678	560159580002	1	18600	41.9595439	-104.3803627
56604679	560159580002	1	21600	41.9610728	-104.3751735
56604680	560159580002	1	133100	42.0170075	-104.3255938
56604681	560159580002	1	17600	42.0155279	-104.1675089
56604682	560159580002	1	15120	42.0159786	-104.2977603
56604683	560159580002	1	50000	42.0156428	-104.2921381
56604684	560159580002	1	130800	41.9761289	-104.1698564
56604685	560159580002	1	73000	42.0154318	-104.2995922
56604686	560159580002	1	18000	42.0160845	-104.3042796
56604687	560159580002	1	208790	41.9609494	-104.3760983
56604688	560159580002	1	22600	41.9157302	-104.0689565
56604689	560159580002	1	74800	42.0153972	-104.1640787
56604690	560159580002	1	100000	41.9647263	-104.3783956
56604691	560159580002	1	19300	41.9611432	-104.3779471
56604692	560159580002	1	60000	41.9652722	-104.3767824
56604693	560159580002	1	29000	41.9976135	-104.3436762
56604694	560159580002	1	51000	41.9631009	-104.3823845
56604695	560159580002	1	80000	41.9755638	-104.1694101
56604696	560159580002	1	23100	41.9139306	-104.1210805
56604697	560159580002	1	21000	41.9395008	-104.1493356
56604698	560159580002	1	177000	41.9323237	-104.2437844
56604699	560159580002	1	130000	41.9695947	-104.3788846
56604700	560159580002	1	106970	42.0271922	-104.1782659
56604701	560159580002	1	24900	41.9769716	-104.1693873
56604702	560159580002	1	18000	41.9356425	-104.1501791
56604703	560159580002	1	32800	42.0141375	-104.1643608
56604704	560159580002	1	20200	41.9617356	-104.3862167
56604705	560159580002	1	52000	41.9614870	-104.3838995
56604706	560159580002	1	100400	41.9701528	-104.1506531
56604707	560159580002	1	31500	42.0145296	-104.1632742
56604708	560159580002	1	55000	42.0295662	-104.2125360
56604709	560159580002	1	114000	41.9703820	-104.3779740
56604710	560159580002	1	78900	42.0014358	-104.3389092
56604711	560159580002	1	64000	41.9730851	-104.1766570
56604712	560159580002	1	10100	41.9164193	-104.0553437
56604713	560159580002	1	87100	41.8720266	-104.0539459
56604714	560159580002	1	38000	41.9743223	-104.1688925
56604715	560159580002	1	22800	42.0156628	-104.3035340
56604716	560159580002	1	35001	41.9165744	-104.0673814
56604717	560159580002	1	20000	41.9589467	-104.3883660
56604718	560159580002	1	186000	41.9314535	-104.2367119
56604719	560159580002	1	27000	42.0192603	-104.2258711
56604720	560159580002	1	49000	41.8879353	-104.0532938
56604721	560159580002	1	63900	41.8409474	-104.0773801
56604722	560159580002	1	55000	41.9611607	-104.3823096
56604723	560159580002	1	99100	42.0150124	-104.3021509
56604724	560159580002	1	25600	42.0208528	-104.1708395
56604725	560159580002	1	102600	42.0150847	-104.1675997
56604726	560159580002	1	11100	41.9598098	-104.1507278
56604727	560159580002	1	41750	42.0158109	-104.3038961
56604728	560159580002	1	26010	42.0195257	-104.2268816
56604729	560159580002	1	28600	41.9627071	-104.3852846
56604730	560159580002	1	71090	42.0253934	-104.2117450
56604731	560159580002	1	60000	41.9166668	-104.0529623
56604732	560159580002	1	100040	42.0266876	-104.2122388
56604733	560159580002	1	50000	41.9620943	-104.3820513
56604734	560159580002	1	25100	42.0224331	-104.2892166
56604735	560159580002	1	37500	41.9615970	-104.3904653
56604736	560159580002	1	55800	42.0170090	-104.3244311
56604737	560159580002	1	86040	41.9782340	-104.1694973
56604738	560159580002	1	105970	41.9711527	-104.3794160
56604739	560159580002	1	54600	41.8846253	-104.0533104
56604740	560159580002	1	41400	41.8413745	-104.0758400
56604741	560159580002	1	33900	41.9392722	-104.1504031
56604742	560159580002	1	65640	41.9243852	-104.1308018
56604743	560159580002	1	82400	42.0333044	-104.1305760
56604744	560159580002	1	28000	41.8419492	-104.0828624
56604745	560159580002	1	67500	42.0299371	-104.1968943
56604746	560159580002	1	100000	42.0151845	-104.2928529
56604747	560159580002	1	28300	41.9624213	-104.3914472
56604748	560159580002	1	32100	42.0273454	-104.1799851
56604749	560159580002	1	113700	41.8406938	-104.0829235
56604750	560159580002	1	28800	41.9145245	-104.1177575
56604751	560159580002	1	60000	42.0268102	-104.2099212
56604752	560159580002	1	24000	41.8402457	-104.0800485
56604753	560159580002	1	29300	41.8404638	-104.0781774
56604754	560159580002	1	26500	42.0250074	-104.2882044
56604755	560159580002	1	11700	42.0317262	-104.2817876
56604756	560159580002	1	16600	41.9141722	-104.0684801
56604757	560159580002	1	31400	41.9283126	-104.1497678
56604758	560159580002	1	74500	41.9588003	-104.3897230
56604759	560159580002	1	30000	41.9589256	-104.3835855
56604760	560159580002	1	28300	42.0192905	-104.1722293
56604761	560159580002	1	46500	42.0197925	-104.1717234
56604762	560159580002	1	18000	42.0251707	-104.1761148
56604763	560159580002	1	65900	42.0143570	-104.2981638
56604764	560159580002	1	47000	41.9140450	-104.0712295
56604765	560159580002	1	41200	42.0258101	-104.2896572
56604766	560159580002	1	63200	42.0253527	-104.2109847
56604767	560159580002	1	21000	41.8470500	-104.0534379
56604768	560159580002	1	29300	41.9142237	-104.1294687
56604769	560159580002	1	175360	42.0191695	-104.2277613
56604770	560159580002	1	43300	41.9138667	-104.1218825
56604771	560159580002	1	15120	41.9612406	-104.3845672
56604772	560159580002	1	122000	41.8479862	-104.0538557
56604773	560159580002	1	27500	41.9594588	-104.3836855
56604774	560159580002	1	23900	41.9221793	-104.1298305
56604775	560159580002	1	107000	42.0195475	-104.1712596
56604776	560159580002	1	109000	42.0150368	-104.2974625
56604777	560159580002	1	23600	41.9701253	-104.3814159
56604778	560159580002	1	29100	42.0149335	-104.2932917
56604779	560159580002	1	119000	42.0145951	-104.2957116
56604780	560159580002	1	116000	42.0154410	-104.2941942
56604781	560159580002	1	60000	42.0148600	-104.3001274
56604782	560159580002	1	86040	41.9691552	-104.3792901
56604783	560159580002	1	106200	41.9698844	-104.3796549
56604784	560159580002	1	119500	41.9688120	-104.3811062
56604785	560159580002	1	84000	42.0206442	-104.1720034
56604786	560159580002	1	32000	42.0217475	-104.1722786
56604787	560159580002	1	32800	42.0145915	-104.3019175
56604788	560159580002	1	18000	42.0144342	-104.3043888
56604789	560159580002	1	49200	41.9408965	-104.1468284
56604790	560159580002	1	63810	42.0230219	-104.2882214
56604791	560159580002	1	30800	42.0148553	-104.3003230
56604792	560159580002	1	155800	42.0140587	-104.3033943
56604793	560159580002	1	50070	42.0140214	-104.3026488
56604794	560159580002	1	27000	42.0135533	-104.3047104
56604795	560159580002	1	84500	41.9412563	-104.1476984
56604796	560159580002	1	31000	42.0148512	-104.3042909
56604797	560159580002	1	79500	42.0133809	-104.3009081
56604798	560159580002	1	157000	42.0138777	-104.3021448
56604799	560159580002	1	27400	41.9358848	-104.1498368
56604800	560159580002	1	84000	42.0146495	-104.2758885
56604801	560159580002	1	21000	41.8408201	-104.0758503
56604802	560159580002	1	100000	42.0129937	-104.3040244
56604803	560159580002	1	73650	41.9624918	-104.3839300
56604804	560159580002	1	55000	41.9136829	-104.1197686
56604805	560159580002	1	181000	41.9394683	-104.1505069
56604806	560159580002	1	19500	41.9781157	-104.1708798
56604807	560159580002	1	140000	42.0306378	-104.2109529
56604808	560159580002	1	27700	41.9171731	-104.1199234
56604809	560159580002	1	70500	42.0195442	-104.2250571
56604810	560159580002	1	25700	41.9697999	-104.1503180
56604811	560159580002	1	14400	42.0296967	-104.2069881
56604812	560159580002	1	48000	41.9717756	-104.1500412
56604813	560159580002	1	60000	41.9320312	-104.2416335
56604814	560159580002	1	32800	41.9144395	-104.0689805
56604815	560159580002	1	31000	41.9228195	-104.1305084
56604816	560159580002	1	12500	42.0236412	-104.1746195
56604817	560159580002	1	41500	41.9729588	-104.1754245
56604818	560159580002	1	45234	42.0204536	-104.1704380
56604819	560159580002	1	18000	41.9198029	-104.1302094
56604820	560159580002	1	37880	41.9205095	-104.1297192
56604821	560159580002	1	55000	41.9283607	-104.1354707
56604822	560159580002	1	28800	42.0272157	-104.2112747
56604823	560159580002	1	70500	41.9744028	-104.1701961
56604824	560159580002	1	48000	41.8396168	-104.0767782
56604825	560159580002	1	70000	41.9190402	-104.1303186
56604826	560159580002	1	25200	41.8406864	-104.0769084
56604827	560159580002	1	108000	41.8393603	-104.0775163
56604828	560159580002	1	106900	41.9794151	-104.1715357
56604829	560159580003	1	52000	41.6339165	-104.1686420
56604830	560159580003	1	88000	41.6262901	-104.4929229
56604831	560159580003	1	15120	41.6420898	-104.1626038
56604832	560159580003	1	40000	41.7212874	-104.1851418
56604833	560159580003	1	36000	41.7868644	-104.2646725
56604834	560159580003	1	22800	41.6346318	-104.1692941
56604835	560159580003	1	14200	42.0740102	-104.5185425
56604836	560159580003	1	47000	41.6351487	-104.1697305
56604837	560159580003	1	34400	41.7836906	-104.2604715
56604838	560159580003	1	25800	41.6371993	-104.1651124
56604839	560159580003	1	95001	41.6361093	-104.1674048
56604840	560159580003	3	30600	41.6329695	-104.1653414
56604841	560159580003	1	100000	41.6378172	-104.1655771
56604842	560159580003	1	72000	41.6337367	-104.1661556
56604843	560159580003	1	21030	41.6354796	-104.1706086
56604844	560159580003	1	70000	41.6266015	-104.4914591
56604845	560159580003	1	11200	41.7863755	-104.2658226
56604846	560159580003	1	32000	41.6271859	-104.4916715
56604847	560159580003	1	40270	41.7203022	-104.1932195
56604848	560159580003	1	45200	41.7212885	-104.1834503
56604849	560159580003	1	13000	41.7827219	-104.2650195
56604850	560159580003	1	42000	41.7226244	-104.1864113
56604851	560159580003	1	33900	41.6204410	-104.1286691
56604852	560159580003	1	24100	42.0732445	-104.5174697
56604853	560159580003	1	43200	41.7850995	-104.2665251
56604854	560159580003	1	88400	41.7925930	-104.2671949
56604855	560159580003	1	33200	41.9155094	-104.3069640
56604856	560159580003	1	25000	42.0731342	-104.5170498
56604857	560159580003	1	94200	41.6209233	-104.1289706
56604858	560159580003	1	37000	41.7875483	-104.2661640
56604859	560159580003	1	43000	41.9164321	-104.3059643
56604860	560159580003	1	29300	41.6203704	-104.1307171
56604861	560159580003	1	22700	42.0735956	-104.5159522
56604862	560159580003	1	77400	41.6325956	-104.1683313
56604863	560159580003	1	33000	41.6335681	-104.1664877
56604864	560159580003	1	100000	41.6203206	-104.1282769
56604865	560159580003	1	35000	41.7831556	-104.2641451
56604866	560159580003	1	81800	41.6332711	-104.1699014
56604867	560159580003	1	54400	41.6329274	-104.1692198
56604868	560159580003	1	43000	41.7839728	-104.2630096
56604869	560159580003	1	36000	41.7846985	-104.2620468
56604870	560159580003	1	37700	42.0725802	-104.5165223
56604871	560159580003	1	28000	41.7843966	-104.2604328
56604872	560159580003	1	12200	41.6188258	-104.0540677
56604873	560159580003	1	12800	41.7860031	-104.2642851
56604874	560159580003	1	9200	41.6362767	-104.1667740
56604875	560159580003	1	8000	41.7860233	-104.2640723
56604876	560159580003	1	35600	41.6365481	-104.1641621
56604877	560159580003	1	10800	41.9157747	-104.2969520
56604878	560159580003	1	2400	41.6363362	-104.1637227
56604879	560159580003	1	23000	41.6373507	-104.1633493
56604880	560159580003	1	28250	41.6374944	-104.1643054
56604881	560159580003	1	52800	41.6371873	-104.1637637
56604882	560159580003	1	59000	41.6379521	-104.1635076
56604883	560159580003	1	23900	41.6373324	-104.1641398
56604884	560159580003	2	157500	41.9180816	-104.2932229
56604885	560159580003	3	30600	41.9184326	-104.2934418
56604886	560159580003	1	8000	41.6375641	-104.1634583
56604887	560159580003	2	152000	41.9179234	-104.2926904
56604888	560159580003	1	37900	41.9184834	-104.2928784
56604889	560159580003	1	8800	41.9182518	-104.2929225
56604890	560159580003	1	49000	41.9179526	-104.2926790
56604891	560159580003	1	25900	41.9165746	-104.2964057
56604892	560159580003	1	28500	41.7858997	-104.2643572
56604893	560159580003	1	76000	41.6412067	-104.1686629
56604894	560159580003	1	74500	41.6366284	-104.1634621
56604895	560159580003	1	38200	41.6367501	-104.1641578
56604896	560159580003	1	18000	41.6363512	-104.1636655
56604897	560159580003	1	10800	41.6410236	-104.1697084
56604898	560159580003	1	2400	41.6371904	-104.1632822
56604899	560159580003	1	62000	41.6408614	-104.1689920
56604900	560159580003	1	39000	41.7854490	-104.2634534
56604901	560159580003	1	83200	41.6409151	-104.1692410
56604902	560159580003	1	19300	41.6409283	-104.1695416
56604903	560159580003	1	8400	41.6406359	-104.1696616
56604904	560159580003	1	57000	41.7851334	-104.2633053
56604905	560159580003	1	63440	41.7851800	-104.2634085
56604906	560159580003	1	13000	41.7854701	-104.2635274
56604907	560159580003	1	363500	41.9163377	-104.2968112
56604908	560159580003	1	0	41.9175551	-104.2922893
56604909	560159580003	1	70000	41.6357089	-104.1625652
56604910	560159580003	1	60000	41.7853466	-104.2635255
56604911	560159580003	1	82000	41.6357331	-104.1623788
56604912	560159580003	1	4600	41.6357532	-104.1620407
56604913	560159580003	1	44800	41.6357725	-104.1622183
56604914	560159580003	1	1400	41.6356888	-104.1626939
56604915	560159580003	1	16000	41.9159231	-104.3011554
56604916	560159580003	1	7100	41.9175878	-104.2917634
56604917	560159580003	1	37800	41.9170521	-104.2920401
56604918	560159580003	1	41000	41.9170911	-104.2918311
56604919	560159580003	1	14600	41.9161231	-104.3009953
56604920	560159580003	1	23900	41.9156953	-104.3009107
56604921	560159580003	1	21700	41.9159166	-104.3008241
56604922	560159580003	1	19410	41.7862415	-104.2644303
56604923	560159580003	1	40700	41.6394834	-104.1662464
56604924	560159580003	1	45300	41.9159100	-104.2953627
56604925	560159580003	1	70000	41.9160759	-104.2967049
56604926	560159580003	2	157500	41.9150668	-104.2957044
56604927	560159580003	1	40500	41.9153311	-104.2966617
56604928	560159580003	1	8590	41.9156625	-104.2964923
56604929	560159580003	1	33000	41.9154542	-104.2960237
56604930	560159580003	1	45000	41.9159622	-104.2946110
56604931	560159580003	1	81400	41.9167374	-104.2918400
56604932	560159580003	1	35000	41.9161413	-104.2917714
56604933	560159580003	1	43200	41.9165975	-104.2917548
56604934	560159580003	1	25600	41.9165165	-104.2951533
56604935	560159580003	1	32200	41.9160772	-104.2916935
56604936	560159580003	1	13604	41.9159530	-104.2956886
56604937	560159580003	1	12600	41.6390569	-104.1665707
56604938	560159580003	1	55000	41.6357662	-104.1631132
56604939	560159580003	1	28000	41.9166685	-104.2933518
56604940	560159580003	1	46500	41.9167578	-104.2924248
56604941	560159580003	1	370	41.6361972	-104.1640739
56604942	560159580003	1	65000	41.9162588	-104.2922285
56604943	560159580003	1	23000	41.9162173	-104.2930951
56604944	560159580003	1	33200	41.6395884	-104.1671143
56604945	560159580003	1	11100	41.6360946	-104.1635816
56604946	560159580003	1	31400	41.6361862	-104.1636990
56604947	560159580003	1	4700	41.6384863	-104.1641469
56604948	560159580003	1	27800	41.6394705	-104.1667032
56604949	560159580003	2	38100	41.6396971	-104.1647863
56604950	560159580003	1	50500	41.6382757	-104.1634063
56604951	560159580003	1	5204	41.7854714	-104.2645344
56604952	560159580003	1	85000	41.6395630	-104.1659175
56604953	560159580003	1	32000	41.6396598	-104.1652582
56604954	560159580003	1	17700	41.6396057	-104.1659075
56604955	560159580003	1	40100	41.7857189	-104.2653146
56604956	560159580003	1	42000	41.7850319	-104.2647485
56604957	560159580003	1	35001	41.7855612	-104.2649083
56604958	560159580003	1	12400	41.6384448	-104.1642511
56604959	560159580003	1	8600	41.6399984	-104.1686518
56604960	560159580003	1	80000	41.6403377	-104.1686875
56604961	560159580003	1	68090	41.6398231	-104.1684824
56604962	560159580003	1	9600	41.6388322	-104.1681204
56604963	560159580003	1	105000	41.6394003	-104.1682164
56604964	560159580003	1	20100	41.6391586	-104.1677591
56604965	560159580003	1	85000	41.6269120	-104.4881581
56604966	560159580003	1	86470	41.7938009	-104.2705620
56604967	560159580003	1	40900	41.6146627	-104.0534423
56604968	560159580003	1	26100	41.6371834	-104.1611289
56604969	560159580003	1	44800	41.6360226	-104.1653294
56604970	560159580003	1	92000	41.6371719	-104.1676098
56604971	560159580003	1	42000	41.6363810	-104.1678951
56604972	560159580003	1	13500	41.9158919	-104.2921928
56604973	560159580003	1	79300	41.9157544	-104.2922463
56604974	560159580003	1	24800	41.6376635	-104.1679257
56604975	560159580003	2	12000	41.6409591	-104.1673113
56604976	560159580003	1	88500	41.6357395	-104.1645752
56604977	560159580003	1	26170	41.6359239	-104.1646596
56604978	560159580003	2	157500	41.6377003	-104.1676369
56604979	560159580003	1	45000	41.6412993	-104.1678620
56604980	560159580003	1	22800	41.6408316	-104.1675479
56604981	560159580003	1	26600	41.6429203	-104.1677489
56604982	560159580003	1	9600	41.6399704	-104.1648353
56604983	560159580003	1	10000	41.9151252	-104.2933959
56604984	560159580003	1	54950	41.9155460	-104.2944675
56604985	560159580003	1	76000	41.9158881	-104.2936270
56604986	560159580003	1	112000	41.9164575	-104.2945278
56604987	560159580003	1	25500	41.9167497	-104.2940664
56604988	560159580003	1	35960	41.9166443	-104.2940501
56604989	560159580003	1	40000	41.6426495	-104.1683156
56604990	560159580003	1	26000	41.6378899	-104.1616563
56604991	560159580003	1	77500	41.6403542	-104.1654027
56604992	560159580003	1	22300	41.6399377	-104.1651476
56604993	560159580003	1	8000	41.6431145	-104.1684288
56604994	560159580003	1	102000	41.6381448	-104.1612980
56604995	560159580003	1	114050	41.6377208	-104.1613851
56604996	560159580003	1	15780	41.6154538	-104.0532774
56604997	560159580003	1	-4199	41.6278418	-104.4870363
56604998	560159580003	1	56000	41.9154477	-104.2926223
56604999	560159580003	1	33000	41.6387257	-104.1686324
56605000	560159580003	1	8500	41.6368218	-104.1615414
56605001	560159580003	1	26300	41.9176856	-104.2970586
56605002	560159580003	1	26360	41.9175215	-104.2969714
56605003	560159580003	1	24000	41.6366258	-104.1609665
56605004	560159580003	1	18600	41.9177644	-104.2965119
56605005	560159580003	1	18000	41.7875406	-104.2645991
56605006	560159580003	1	35000	41.6393512	-104.1692074
56605007	560159580003	2	152000	41.6374020	-104.1627320
56605008	560159580003	1	36600	41.6372824	-104.1623886
56605009	560159580003	1	42000	41.7832307	-104.2559298
56605010	560159580003	1	18000	41.6388552	-104.1688690
56605011	560159580003	2	38100	41.6373339	-104.1623762
56605012	560159580003	1	84000	41.6162030	-104.0549074
56605013	560159580003	1	7900	41.7191025	-104.1931612
56605014	560159580003	1	370	41.6276445	-104.4890796
56605015	560159580003	1	43000	41.6263624	-104.4941473
56605016	560159580003	1	24000	41.6265895	-104.4972756
56605017	560159580003	1	14000	41.9148450	-104.3056124
56605018	560159580003	1	63400	41.6211143	-104.1309290
56605019	560159580003	1	17600	41.6281282	-104.4864073
56605020	560159580003	1	8300	41.7212565	-104.1904683
56605021	560159580003	1	24900	41.7840595	-104.2616582
56605022	560159580003	1	55500	41.9177097	-104.2985244
56605023	560159580003	1	22800	41.6166154	-104.0535238
56605024	560159580003	1	42500	41.6146943	-104.0546309
56605025	560159580003	1	26480	41.6180199	-104.0541826
56605026	560159580003	1	7200	41.7859843	-104.2606721
56605027	560159580003	2	0	41.7925280	-104.2682251
56605028	560159580003	1	39000	41.7923338	-104.2697546
56605029	560159580003	1	43000	41.6156695	-104.0561060
56605030	560159580003	1	43400	41.7934383	-104.2698092
56605031	560159580003	1	46500	41.6202685	-104.0530606
56605032	560159580003	1	43200	41.6139573	-104.0538207
56605033	560159580003	1	58700	41.6169128	-104.0545107
56605034	560159580003	1	15300	41.7820383	-104.2637876
56605035	560159580003	1	11000	41.7930422	-104.2705152
56605036	560159580003	1	2300	41.6420115	-104.1640037
56605037	560159580003	1	22700	41.6425517	-104.1609843
56605038	560159580003	1	9510	41.7203921	-104.1911646
56605039	560159580003	1	82300	41.6420576	-104.1625608
56605040	560159580003	1	37700	41.6139267	-104.0554996
56605041	560159580003	1	19600	41.7217902	-104.1862596
56605042	560159580003	1	40000	41.7216515	-104.1889240
56605043	560159580003	1	13200	41.7854562	-104.2618436
56605044	560159580003	1	74500	41.6278517	-104.4938324
56605045	560159580003	1	12500	41.6176862	-104.0546673
56605046	560159580003	1	103000	41.6192207	-104.0536368
56605047	560159580003	1	7600	41.6219931	-104.1306459
56605048	560159580003	1	13000	41.6258778	-104.4978707
56605049	560159580003	1	14200	41.7834635	-104.2579216
56605050	560159580003	1	55000	41.6273857	-104.4931546
56605051	560159580003	1	31000	41.7829388	-104.2553106
56605052	560159580003	1	28500	42.0586170	-104.2829112
56605053	560159580003	1	37800	41.9156628	-104.3060395
56605054	560159580003	1	24000	41.7950503	-104.2727787
56605055	560159580003	1	51900	41.7808621	-104.2624143
56605056	560159580003	1	30000	41.7910331	-104.2699667
56605057	560159580003	1	42800	41.6388190	-104.1602545
56605058	560159580003	1	42000	41.7838961	-104.2679031
56605059	560159580003	1	18000	41.7824107	-104.2575134
56605060	560159580003	2	157500	41.6428392	-104.1673752
56605061	560159580003	1	81000	41.6430033	-104.1612412
56605062	560159580003	2	0	41.6429863	-104.1648176
56605063	560159580003	1	42000	41.6426126	-104.1628253
56605064	560159580003	1	26000	41.6424985	-104.1655933
56605065	560159580003	1	43000	42.0739299	-104.5166825
56605066	560159580003	1	58500	41.7856066	-104.2623718
56605067	560159580003	1	34000	41.6427542	-104.1620098
56605068	560159580003	1	88400	41.6454901	-104.2894727
56605069	560159580003	1	43100	41.6444886	-104.2848620
56605070	560159580003	1	26200	41.6410703	-104.1602653
56605071	560159580003	2	0	41.6455484	-104.2862399
56605072	560159580003	1	26500	41.6418425	-104.1661663
56605073	560159580003	1	35700	41.6406085	-104.1596889
56605074	560159580003	1	45200	41.6413529	-104.1637111
56605075	560159580003	1	49000	41.6453345	-104.2869340
56605076	560159580003	1	18700	41.6249383	-104.4949832
56605077	560159580003	1	22400	41.7886505	-104.2703105
56605078	560159580003	1	40400	41.6278456	-104.4918032
56605079	560159580003	1	30700	41.6407429	-104.1607407
56605080	560159580003	1	18000	41.6411813	-104.1621656
56605081	560159580003	1	13530	41.6439585	-104.1675035
56605082	560159580003	1	38000	41.6392680	-104.1604575
56605083	560159580003	1	62000	41.6267522	-104.4942192
56605084	560159580003	1	74800	41.6404229	-104.1615591
56605085	560159580003	1	8000	41.6425243	-104.1597324
56605086	560159580003	1	72000	41.6436663	-104.1683343
56605087	560159580003	2	152000	41.6279093	-104.4963095
56605088	560159580003	1	35000	41.6411482	-104.1593035
56605089	560159580003	1	6000	41.6284138	-104.4946190
56605090	560159580003	1	18000	41.6428690	-104.1601024
56605091	560159580003	1	93200	41.7912487	-104.2666372
56605092	560159580003	1	20400	41.7844442	-104.2606929
56605093	560159580003	1	39300	42.1066949	-104.3690241
56605094	560159580003	1	53500	42.1100413	-104.3769169
56605095	560159580003	2	157500	42.1067693	-104.3702872
56605096	560159580003	1	76830	42.1048296	-104.3633064
56605097	560159580003	1	15500	42.1060648	-104.3678056
56605098	560159580003	1	0	42.1051969	-104.3645543
56605099	560159580003	1	13900	41.6414569	-104.1633931
56605100	560159580003	1	120400	41.7915922	-104.2682863
56605101	560159580003	2	38100	41.7814860	-104.2653925
56605102	560159580003	1	98000	42.1140740	-104.3847146
56605103	560159580003	1	13600	42.1146442	-104.3873238
56605104	560159580003	1	35000	42.1138626	-104.3839059
56605105	560159580003	1	43000	41.7908479	-104.2689918
56605106	560159580003	1	39000	41.6446565	-104.2884844
56605107	560159580003	1	32000	41.6465633	-104.2846523
56605108	560159580003	1	35000	41.6442169	-104.2858798
56605109	560159580003	1	30400	41.6377710	-104.1595690
56605110	560159580003	1	18000	41.6388126	-104.1591666
56605111	560159580003	1	41000	42.1041046	-104.3632818
56605112	560159580003	1	88500	41.6295159	-104.4837550
56605113	560159580003	1	49000	41.6486017	-104.2907112
56605114	560159580003	1	160000	41.6479545	-104.2862410
56605115	560159580003	1	1004	41.6461916	-104.2835077
56605116	560159580003	1	40500	42.1153719	-104.3899485
56605117	560159580003	2	157500	41.6475057	-104.2903934
56605118	560159580003	2	38100	41.6473786	-104.2871872
56605119	560159580003	1	29300	41.6483047	-104.2914349
56605120	560159580003	1	90000	41.6474147	-104.2885627
56605121	560159580003	1	5204	41.6449089	-104.2847347
56605122	560159580003	1	16900	41.6439239	-104.2872105
56605123	560159580003	1	42000	41.6468183	-104.2903691
56605124	560159580003	1	15000	41.6436892	-104.2832576
56605125	560159580003	1	110000	41.6452389	-104.2835733
56605126	560159580003	1	36000	41.7803741	-104.2608813
56605127	560159580003	1	61000	41.6457163	-104.2846162
56605128	560159580003	1	70050	41.6459146	-104.2885523
56605129	560159580003	1	46100	41.6462539	-104.2912054
56605130	560159580003	1	158000	41.7874394	-104.2724128
56605131	560159580003	1	33940	41.6440842	-104.2837383
56605132	560159580003	1	30550	41.9146570	-104.3005293
56605133	560159580003	2	12000	41.6441324	-104.2824349
56605134	560159580003	1	40500	41.7938443	-104.2695931
56605135	560159580003	1	45200	41.6455883	-104.2822487
56605136	560159580003	1	22700	41.6448801	-104.2860838
56605137	560159580003	1	13000	41.6468119	-104.2925281
56605138	560159580003	1	29000	41.6454222	-104.2872626
56605139	560159580003	1	39310	41.6469986	-104.2857720
56605140	560159580003	1	12100	41.6469329	-104.2871509
56605141	560159580003	1	8000	41.6466020	-104.2891621
56605142	560159580003	1	47000	41.7872601	-104.2740008
56605143	560159580003	1	88500	41.6245671	-104.4965837
56605144	560159580003	1	21500	41.6274222	-104.4955938
56605145	560159580003	1	71100	41.6429185	-104.2842467
56605146	560159580003	1	99800	41.6145976	-104.0550303
56605147	560159580003	1	140000	41.7213565	-104.1880480
56605148	560159580003	1	17600	41.6282251	-104.4932109
56605149	560159580003	1	31900	41.7200781	-104.1900486
56605150	560159580003	1	78000	41.6453834	-104.2913058
56605151	560159580003	1	42700	41.6245294	-104.4978743
56605152	560159580003	1	5050	41.6266519	-104.4969077
56605153	560159580003	1	40750	42.1140029	-104.3859754
56605154	560159580003	1	23000	41.6268587	-104.4950127
56605155	560159580003	1	70000	41.6260382	-104.4960033
56605156	560159580003	1	17100	41.6289256	-104.4931982
56605157	560159580003	2	157500	41.6258018	-104.4949237
56605158	560159580003	1	29000	41.7910071	-104.2682846
56605159	560159580003	1	57200	41.7816971	-104.2600344
56605160	560159580003	1	47000	41.7826680	-104.2599582
56605161	560159580003	3	72000	41.6242477	-104.4975722
56605162	560159580003	1	91700	41.6237829	-104.4958615
56605163	560159580003	1	59200	41.7817193	-104.2622072
56605164	560159580003	1	31000	41.7831797	-104.2607878
56605165	560159580003	1	8200	41.7828259	-104.2581317
56605166	560159580003	1	47804	41.6443065	-104.2885088
56605167	560159580003	1	47000	41.6288300	-104.4847763
56605168	560159580003	1	22800	41.6494553	-104.2926641
56605169	560159580003	1	11700	41.6486987	-104.2892156
56605170	560159580003	1	11000	41.7895344	-104.2695159
56605171	560159580003	1	40800	41.6392416	-104.1596525
56605172	560159580003	1	45000	41.6449354	-104.2902143
56605173	560159580003	1	85000	41.6300126	-104.1486752
56605174	560159580003	1	11700	41.6346630	-104.1547357
56605175	560159580003	1	82600	41.6332654	-104.1526332
56605176	560159580003	1	12200	41.6547454	-104.2403862
56605177	560159580003	2	0	41.7936978	-104.2673337
56605178	560159580003	1	21000	41.7823456	-104.2586249
56605179	560159580003	1	49000	41.6339957	-104.1538942
56605180	560159580003	1	105000	41.6358789	-104.1557472
56605181	560159580003	1	175000	41.6423769	-104.2828890
56605182	560159580003	1	18000	41.6421912	-104.2818413
56605183	560159580003	1	11700	41.6478619	-104.2920112
56605184	560159580003	1	24000	41.7897888	-104.2668617
56605185	560159580003	1	10400	41.6478286	-104.2908624
56605186	560159580003	1	67400	41.6511124	-104.2952126
56605187	560159580003	1	370	41.8627788	-104.3555526
56605188	560159580003	1	24800	41.7811398	-104.2609396
56605189	560159580003	1	6200	41.7829176	-104.2668120
56605190	560159580003	1	27000	41.7811195	-104.2584949
56605191	560159580003	1	30400	41.7807668	-104.2594681
56605192	560159580003	1	42100	41.8636162	-104.3585659
56605193	560159580003	1	13300	41.8628673	-104.3573845
56605194	560159580003	1	15900	41.7885396	-104.2669653
56605195	560159580003	1	29200	41.7887907	-104.2718161
56605196	560159580003	1	9300	41.6323188	-104.1514367
56605197	560159580003	1	80000	41.7882919	-104.2671079
56605198	560159580003	1	45500	41.6308998	-104.1494987
56605199	560159580003	1	5750	41.7878108	-104.2715686
56605200	560159580003	7	120340	41.7842789	-104.2565764
56605201	560159580003	1	53000	41.6534423	-104.2996359
56605202	560159580003	1	38000	41.7803737	-104.2582664
56605203	560159580003	2	0	41.7895102	-104.2703601
56605204	560159580003	1	14600	41.7903619	-104.2664842
56605205	560159580003	1	69900	41.7902839	-104.2701500
56605206	560159580003	1	23000	41.7934099	-104.2684388
56605207	560159580003	1	18800	41.6345818	-104.1532989
56605208	560159580003	1	20000	41.6289947	-104.1466897
56605209	560159580003	1	37800	41.7821981	-104.2611198
56605210	560159580003	1	18000	41.7825818	-104.2625560
56605211	560159580003	1	11800	41.7824163	-104.2601225
56605212	560159580003	1	22700	41.7838631	-104.2580404
56605213	560159580003	1	7800	41.7793842	-104.2600061
56605214	560159580003	2	12000	41.7216788	-104.1872893
56605215	560159580003	1	8000	41.6519346	-104.2976392
56605216	560159580003	1	55000	41.7958830	-104.2748192
56605217	560159580003	1	2100	41.6487889	-104.2912661
56605218	560159580003	1	15300	41.6363081	-104.4742706
56605219	560159580003	1	69800	41.7960760	-104.2755611
56605220	560159580003	1	43200	41.6350580	-104.4730280
56605221	560159580003	1	45000	41.6317663	-104.1501029
56605222	560159580003	1	8200	41.8296822	-104.2667869
56605223	560159580003	1	10800	41.6362079	-104.1574574
56605224	560159580003	1	46010	41.7909924	-104.2583308
56605225	560159580003	1	78000	41.7910245	-104.2620100
56605226	560159580003	1	18200	41.7919856	-104.2595609
56605227	560159580003	2	70000	41.7911683	-104.2603234
56605228	560159580003	1	9600	41.7915237	-104.2602849
56605229	560159580003	1	13970	41.7904649	-104.2587395
56605230	560159580003	1	23000	41.6315988	-104.1679453
56605231	560159580003	1	67000	41.6347070	-104.1676307
56605232	560159580003	1	25180	41.7861329	-104.2645400
56605233	560159580003	1	26000	41.7223154	-104.1872662
56605234	560159580003	1	55000	41.6354311	-104.1625834
56605235	560159580003	1	113400	41.6377826	-104.1660084
56605236	560159580003	1	6000	41.6376541	-104.1658487
56605237	560159580003	1	36000	41.6376697	-104.1657650
56605238	560159580003	1	13970	41.6378005	-104.1653197
56605239	560159580003	1	22600	41.6367093	-104.1643842
56605240	560159580003	1	88610	41.6354784	-104.1613487
56605241	560159580003	1	10400	41.9168734	-104.3000745
56605242	560159580003	1	54950	41.6370556	-104.1650682
56605243	560159580003	1	7400	41.6389769	-104.1640670
56605244	560159580003	1	5204	41.7865257	-104.2657042
56605245	560159580003	1	37100	41.7860740	-104.2656342
56605246	560159580003	1	64170	41.6391614	-104.1644398
56605247	560159580003	1	39700	41.6394684	-104.1642633
56605248	560159580003	1	123900	41.9166534	-104.2997801
56605249	560159580003	1	40000	41.6404275	-104.1675266
56605250	560159580003	1	29300	41.6397427	-104.1683053
56605251	560159580003	1	94000	41.6383588	-104.1672357
56605252	560159580003	1	6350	41.7833056	-104.2653752
56605253	560159580003	1	9600	41.7849088	-104.2635558
56605254	560159580003	2	0	41.6413773	-104.1660496
56605255	560159580003	2	38100	41.7834821	-104.2653795
56605256	560159580003	1	117300	41.6415706	-104.1649587
56605257	560159580003	1	92400	41.6380351	-104.1674562
56605258	560159580003	1	24100	41.9175485	-104.2934133
56605259	560159580003	1	172500	41.7847915	-104.2635217
56605260	560159580003	1	46540	41.6385938	-104.1660944
56605261	560159580003	1	39000	41.9170463	-104.2922817
56605262	560159580003	1	53000	41.6381836	-104.1662702
56605263	560159580003	1	35200	41.9171420	-104.2969176
56605264	560159580003	1	8500	41.9798310	-104.6529951
56605265	560159580003	1	49330	41.9171992	-104.2994799
56605266	560159580003	1	23200	41.6404147	-104.1638698
56605267	560159580003	1	45000	41.6412401	-104.1666439
56605268	560159580003	2	38100	41.6412785	-104.1664057
56605269	560159580003	1	61100	41.9168320	-104.2962004
56605270	560159580003	1	20700	41.7842812	-104.2652441
56605271	560159580003	1	89000	41.6361197	-104.1661874
56605272	560159580003	1	10000	41.6360570	-104.1604757
56605273	560159580003	1	30400	41.6402498	-104.1640496
56605274	560159580003	1	40000	41.6358853	-104.1600862
56605275	560159580003	1	34000	41.6365149	-104.1662683
56605276	560159580003	2	14200	41.6380403	-104.1656055
56605277	560159580003	1	116	41.6386043	-104.1649695
56605278	560159580003	1	80000	41.7844713	-104.2649833
56605279	560159580003	1	87000	41.9179541	-104.2917204
56605280	560159580003	1	40500	41.6399140	-104.1663430
56605281	560159580003	1	28390	41.6400880	-104.1664860
56605282	560159580003	1	40700	41.6419273	-104.1663491
56605283	560159580003	1	11100	41.9184721	-104.2912085
56605284	560159580003	1	14000	41.6421006	-104.1665436
56605285	560159580003	1	128000	41.9803735	-104.6527005
56605286	560159580003	1	15500	41.6360537	-104.1609828
56605287	560159580003	1	38840	41.9157043	-104.2952615
56605288	560159580003	1	79000	41.9169188	-104.2958105
56605289	560159580003	1	38000	41.9169575	-104.2986765
56605290	560159580003	2	157500	41.9174439	-104.2957413
56605291	560159580003	1	54400	41.9152720	-104.2954409
56605292	560159580003	1	80000	41.6297138	-104.2485672
56605293	560159580003	1	43000	41.6293898	-104.2485249
56605294	560159580003	1	48400	41.6330823	-104.1634583
56605295	560159580003	1	80000	41.6358195	-104.1666881
56605296	560159580003	1	60000	41.6299683	-104.2477486
56605297	560159580003	1	110000	41.6292287	-104.2480583
56605298	560159580003	1	21000	41.6337285	-104.1643609
56605299	560159580003	1	30400	41.6356413	-104.1662895
56605300	560159580003	1	36000	41.6426667	-104.1697481
56605301	560159580003	1	23000	42.1029747	-104.5846500
56605302	560159580003	1	90000	41.6336413	-104.1616390
56605303	560159580003	1	30000	41.9162974	-104.2988197
56605304	560159580003	1	8000	41.6342781	-104.1637535
56605305	560159580003	1	105000	41.9157447	-104.2995914
56605306	560159580003	1	22800	41.7829978	-104.2658823
56605307	560159580003	1	36000	41.6350581	-104.1646539
56605308	560159580003	1	27800	41.9165269	-104.2980162
56605309	560159580003	1	21000	42.1026266	-104.5833188
56605310	560159580003	1	39000	41.7835097	-104.2631598
56605311	560159580003	1	45000	41.6348087	-104.1592698
56605312	560159580003	1	6000	41.6241242	-104.5680268
56605313	560159580003	1	28400	41.6348998	-104.1632446
56605314	560159580003	1	80000	41.6340874	-104.1585288
56605315	560159580003	1	95000	41.6335857	-104.1595009
56605316	560159580003	1	74000	41.6319006	-104.1690315
56605317	560159580003	1	24000	41.7227487	-104.1826900
56605318	560159580003	1	18600	41.7228300	-104.1859440
56605319	560159580003	1	97000	41.6329866	-104.1670790
56605320	560159580003	1	75250	41.6349822	-104.1593470
56605321	560159580003	1	19300	41.6331390	-104.1643672
56605322	560159580003	1	22800	41.6342639	-104.1687431
56605323	560159580003	1	17600	41.9175237	-104.2940433
56605324	560159580003	1	71600	41.6340384	-104.1626377
56605325	560159580003	1	42960	41.6241266	-104.5690166
56605326	560159580003	1	116500	41.6346001	-104.1597162
56605327	560159580003	1	40000	41.6341473	-104.1604497
56605328	560159580003	1	17600	41.6336176	-104.1612331
56605329	560159580003	1	37000	41.6360031	-104.1701844
56605330	560159580003	1	28000	41.6374509	-104.1691642
56605331	560159580003	1	9600	41.9170037	-104.2973628
56605332	560159580003	1	22700	41.6365785	-104.1680252
56605333	560159580003	1	22800	41.6321334	-104.1668754
56605334	560159580003	1	41300	41.7845196	-104.2658228
56605335	560159580003	1	20500	41.6317916	-104.1659122
56605336	560159580003	1	2760	41.7821052	-104.2643287
56605337	560159580003	1	125000	41.7220163	-104.1877120
56605338	560159580003	1	55000	41.6384150	-104.1682526
56605339	560159580003	1	56100	41.7219380	-104.1852424
56605340	560159580003	1	13600	41.7225063	-104.1840440
56605341	560159580003	1	43000	41.9180305	-104.2973423
56605342	560159580003	1	35000	41.7194879	-104.1945043
56605343	560159580003	2	157500	41.7234418	-104.1883330
56605344	560159580003	1	46500	41.7233900	-104.1853378
56605345	560159580003	1	21000	41.7232567	-104.1824918
56605346	560159580003	1	37400	41.7231217	-104.1871910
56605347	560159580003	1	21710	41.7233360	-104.1838007
56605348	560159580003	1	54300	41.9166031	-104.3069711
56605349	560159580003	1	11100	41.9160199	-104.3086092
56605350	560159580003	1	84400	41.9152742	-104.3086569
