sp_id	sp_hh_id	age	sex	race	relate	school_id	work_id
164156823	56182002	75	F	1	0	X	X
164156824	56177084	75	F	1	0	X	X
164156846	56185144	75	F	1	0	X	X
164156851	56177786	75	F	1	0	X	X
164172475	56180187	50	F	1	1	X	X
164172507	56183249	51	M	1	0	X	517507681
164172508	56183249	50	F	1	1	X	X
164172531	56180030	51	M	1	0	X	517662923
164172549	56177866	51	M	1	0	X	517507873
164172551	56177866	23	F	1	2	X	X
164355290	56180749	27	M	1	0	X	517507749
164355294	56176799	27	M	1	0	X	517662850
164355295	56176799	24	F	1	1	X	506980633
164355302	56179816	27	M	1	0	X	517663295
164355303	56179816	24	F	1	1	X	517508604
164355304	56178619	27	M	1	0	X	517509372
164632764	56184792	52	M	1	0	X	517508038
164632765	56184792	49	F	1	1	X	517508727
164632788	56179789	52	M	1	0	X	517508013
164632792	56184955	52	M	1	0	X	517662850
164632793	56184955	49	F	1	1	X	517507799
164645699	56178767	45	M	1	0	X	517662847
164645700	56178767	29	F	1	1	X	517663178
164645705	56180563	11	F	1	2	450096778	X
164645707	56180563	45	M	1	0	X	517508057
164645709	56185516	11	F	1	2	450091718	X
164645712	56185516	29	F	1	1	X	517507702
164645718	56179021	10	F	1	2	450096761	X
164645741	56179801	11	F	1	2	450091718	X
164645742	56179801	10	F	1	2	450091718	X
164645743	56179801	45	M	1	0	X	517507884
164645744	56179801	29	F	1	1	X	517662850
164729712	56177942	44	M	2	0	X	517508330
164729716	56177824	44	M	2	0	X	517662850
164729725	56177988	4	M	9	2	450094430	X
164729737	56177960	4	M	9	2	450094430	X
164739197	56185487	47	M	1	1	X	517508803
164739227	56181882	14	M	1	2	450096778	X
164739228	56181882	48	F	1	0	X	514197102
164739232	56180914	48	F	1	0	X	517507269
164739233	56180914	47	M	1	1	X	517507265
164739234	56180914	18	M	1	2	450096777	X
164739239	56183500	14	M	1	2	450096778	X
164739240	56183500	48	F	1	0	X	517508726
164739242	56183500	18	M	1	2	450096777	X
164935650	56182920	28	F	1	0	X	517507407
165080419	56184665	70	F	1	0	X	517508483
165168803	56183341	36	F	1	9	X	517508558
165168808	56183458	27	F	1	0	X	517508589
165168809	56183458	36	F	1	9	X	517507281
165168842	56185664	27	F	1	0	X	517508451
165187113	56185358	61	M	1	0	X	517508498
165187114	56185358	60	F	1	1	X	517508092
165669067	56183491	27	M	1	0	X	517507299
165669076	56183764	27	M	1	0	X	517507566
165669097	56177470	27	M	1	0	X	503068790
165669098	56184232	27	M	1	0	X	517508800
165707526	56178845	73	M	1	0	X	517507948
165707542	56181062	73	M	1	0	X	517508015
165707543	56181062	72	F	1	1	X	X
165707544	56177713	73	M	1	0	X	517508002
165707549	56177073	72	F	1	1	X	X
165804180	56183653	33	M	1	0	X	517508066
165804181	56183653	30	F	1	1	X	517508396
165804184	56179997	30	F	1	1	X	517507363
165804185	56179997	1	F	1	2	X	X
165831029	56177175	5	M	1	2	450094430	X
165852040	56178431	29	M	1	1	X	517662713
165852042	56178431	4	F	1	2	X	X
165852045	56179601	1	F	1	2	X	X
165852046	56179601	4	F	1	2	X	X
165852060	56179432	29	M	1	1	X	517507909
165852063	56179432	27	F	1	0	X	517508296
165852082	56178144	4	F	1	2	X	X
165982652	56180785	61	M	1	3	X	517508498
165982655	56180785	45	F	1	1	X	517508110
166042866	56177095	73	M	1	0	X	X
166042867	56177095	62	F	1	1	X	X
166042869	56185686	62	F	1	1	X	X
166042871	56184743	62	F	1	1	X	X
166042880	56176997	73	M	1	0	X	X
166150248	56181743	58	M	1	0	X	506979974
166150254	56177567	58	M	1	0	X	517508086
166150255	56177567	57	F	1	1	X	517663177
166278471	56179313	5	F	1	2	450058854	X
166278472	56179313	39	F	1	0	X	X
166278475	56179313	17	M	1	2	450096777	517508002
166278512	56179142	39	F	1	0	X	X
166278514	56179142	14	F	1	2	450096777	X
166278616	56181651	5	F	1	2	450058854	X
166278617	56181651	39	F	1	0	X	X
166278620	56181651	17	M	1	2	450096777	517507388
166278623	56177756	38	M	1	1	X	517662923
166278624	56177756	14	F	1	2	450096777	X
166278671	56179839	5	F	1	2	450066968	X
166278672	56179839	39	F	1	0	X	X
166278674	56179839	14	F	1	2	450096777	X
166278682	56182231	39	F	1	0	X	X
166278685	56182231	17	M	1	2	450096777	517662878
166278781	56183030	5	F	1	2	450058854	X
166278784	56183030	14	F	1	2	450096777	X
166278785	56183030	17	M	1	2	450096777	517508086
166278786	56178788	5	F	1	2	450058854	X
166278787	56178788	39	F	1	0	X	X
166278788	56178788	38	M	1	1	X	517663173
166278812	56184235	39	F	1	0	X	X
166278813	56184235	38	M	1	1	X	517508714
166278815	56184235	17	M	1	2	450096777	517508265
166302612	56178474	58	F	1	0	X	X
166322518	56184990	52	M	8	1	X	517508595
166322538	56185081	52	M	8	1	X	517507878
166322542	56185106	52	M	8	1	X	517508483
166322543	56185106	52	F	8	0	X	X
166744595	56183576	3	M	1	2	X	X
166744597	56182659	3	M	1	2	X	X
166744610	56180235	48	M	1	0	X	517662701
166744633	56179207	3	M	1	2	X	X
166744635	56177527	3	M	1	2	X	X
166744651	56180088	3	M	1	2	X	X
166744652	56180088	48	M	1	0	X	517508563
166788120	56182418	29	M	1	12	X	X
166788139	56185365	63	M	1	0	X	517508183
166788183	56181873	63	M	1	0	X	517507292
166788185	56181873	52	M	1	12	X	517507690
166788188	56178521	29	M	1	12	X	X
166788203	56181687	63	M	1	0	X	517662850
166788204	56181687	29	M	1	12	X	X
166788205	56181687	52	M	1	12	X	517663273
166788206	56181687	57	F	1	1	X	517662850
166788232	56180630	29	M	1	12	X	X
166788233	56180630	52	M	1	12	X	517507381
166788239	56177253	63	M	1	0	X	517663138
166788240	56177253	29	M	1	12	X	X
166788241	56177253	52	M	1	12	X	503022713
166788242	56177253	57	F	1	1	X	517508379
166788252	56180636	29	M	1	12	X	X
166791830	56179421	64	M	1	0	X	517507587
166791831	56179421	65	F	1	1	X	X
166791836	56183668	64	M	1	0	X	517508871
166791837	56183668	65	F	1	1	X	X
166994952	56181599	46	M	1	0	X	517508869
166994953	56181599	14	M	1	2	450096777	X
166994959	56181673	13	M	1	2	450096778	X
166994962	56178790	46	M	1	0	X	517507838
166994963	56178790	14	M	1	2	450096777	X
166994964	56178790	13	M	1	2	450096778	X
166994965	56178790	46	F	1	1	X	517508563
166994967	56181256	46	M	1	0	X	517508752
166994969	56181256	13	M	1	2	450096778	X
166994970	56181256	46	F	1	1	X	517507646
167252030	56180449	4	F	1	5	450094430	X
167252032	56180449	55	F	1	0	X	517663258
167252033	56177986	4	F	1	5	450094430	X
167252034	56177986	20	F	1	5	X	X
167322719	56181261	64	M	1	0	X	X
167322723	56182167	64	M	1	0	X	X
167322734	56179209	61	F	1	1	X	X
167343380	56179519	2	M	1	7	X	X
167343384	56179519	6	M	1	2	450096761	X
167343386	56179519	14	F	1	2	450096778	X
167343387	56179519	20	F	1	2	X	X
167343402	56181851	2	M	1	7	X	X
167343405	56181851	41	F	1	3	X	X
167343406	56181851	6	M	1	2	450096761	X
167343407	56181851	8	F	1	2	450091718	X
167343408	56181851	14	F	1	2	450096778	X
167343409	56181851	20	F	1	2	X	X
167343446	56184432	2	M	1	7	X	X
167343447	56184432	16	F	1	7	450096777	X
167343449	56184432	41	F	1	3	X	X
167343452	56184432	14	F	1	2	450096778	X
167343480	56182140	16	F	1	7	450096777	X
167343485	56182140	14	F	1	2	450091718	X
167343487	56182140	47	M	1	1	X	X
167343488	56182140	36	F	1	0	X	X
167343489	56182140	7	M	1	7	450096761	X
167343754	56182560	2	M	1	7	X	X
167343756	56182560	0	M	1	5	X	X
167343763	56182560	36	F	1	0	X	X
167343764	56182560	7	M	1	7	450096761	X
167343799	56184414	16	F	1	7	450096777	X
167343800	56184414	0	M	1	5	X	X
167343801	56184414	41	F	1	3	X	X
167343802	56184414	6	M	1	2	450096761	X
167343808	56184414	7	M	1	7	450096761	X
167343821	56179635	16	F	1	7	450096777	X
167343822	56179635	0	M	1	5	X	X
167343826	56179635	14	F	1	2	450096778	X
167343827	56179635	20	F	1	2	X	X
167343828	56179635	47	M	1	1	X	X
167343829	56179635	36	F	1	0	X	X
167343834	56182230	41	F	1	3	X	X
167343835	56182230	6	M	1	2	450096761	X
167343836	56182230	8	F	1	2	450091718	X
167343837	56182230	14	F	1	2	450091718	X
167343838	56182230	20	F	1	2	X	X
167343839	56182230	47	M	1	1	X	X
167343840	56182230	36	F	1	0	X	X
167343876	56182589	16	F	1	7	450096777	X
167343879	56182589	6	M	1	2	450096761	X
167343881	56182589	14	F	1	2	450091718	X
167343883	56182589	47	M	1	1	X	X
167343887	56181291	16	F	1	7	450096777	X
167343888	56181291	0	M	1	5	X	X
167343892	56181291	14	F	1	2	450096778	X
167343894	56181291	47	M	1	1	X	X
167343895	56181291	36	F	1	0	X	X
167343930	56182708	2	M	1	7	X	X
167343933	56182708	41	F	1	3	X	X
167343936	56182708	14	F	1	2	450091718	X
167343938	56182708	47	M	1	1	X	X
167343939	56182708	36	F	1	0	X	X
167343940	56182708	7	M	1	7	450096761	X
167343941	56181983	2	M	1	7	X	X
167343943	56181983	0	M	1	5	X	X
167343946	56181983	8	F	1	2	450091718	X
167343947	56181983	14	F	1	2	450096778	X
167343948	56181983	20	F	1	2	X	X
167343963	56178377	2	M	1	7	X	X
167343964	56178377	16	F	1	7	450096777	X
167343969	56178377	14	F	1	2	450091718	X
167343970	56178377	20	F	1	2	X	X
167343971	56178377	47	M	1	1	X	X
167343972	56178377	36	F	1	0	X	X
167343989	56184282	6	M	1	2	450096761	X
167343993	56184282	47	M	1	1	X	X
167343994	56184282	36	F	1	0	X	X
167343995	56184282	7	M	1	7	450096761	X
167344131	56179514	41	F	1	3	X	X
167344134	56179514	14	F	1	2	450096778	X
167344138	56179514	7	M	1	7	450096761	X
167408477	56181205	65	F	1	1	X	X
167425274	56185655	24	M	1	1	X	517508110
167425277	56185655	1	M	9	2	X	X
167494460	56179494	8	M	1	5	450096761	X
167511357	56176785	84	F	1	1	X	X
168164577	56182676	74	M	1	0	X	X
168164580	56177989	74	M	1	0	X	X
168164581	56185140	74	M	1	0	X	X
168374386	56179189	77	M	1	0	X	X
168555078	56182312	16	F	1	2	450096777	X
168555080	56182312	50	F	1	1	X	506980636
168555096	56181706	50	F	1	1	X	506881840
168555097	56181706	48	M	1	0	X	517508391
168555102	56182339	16	F	1	2	450096777	X
168555105	56182339	48	M	1	0	X	517507502
168555130	56182533	16	F	1	2	450096777	X
168555131	56182533	13	F	1	2	450091718	X
168555132	56182533	50	F	1	1	X	517507324
168555133	56182533	48	M	1	0	X	517507670
168555188	56182435	50	F	1	1	X	517508381
168651102	56178658	47	F	1	1	X	509155024
168651139	56181238	48	M	1	0	X	517507728
168651141	56181238	47	F	1	1	X	517508066
168651143	56182975	19	M	1	2	X	517508497
168651145	56178692	48	M	1	0	X	517509026
168651147	56178692	47	F	1	1	X	517508867
168651152	56180496	19	M	1	2	X	517662850
168651153	56180496	47	F	1	1	X	517508345
168651170	56178549	19	M	1	2	X	517508191
168651171	56178549	47	F	1	1	X	517663184
168651172	56178762	48	M	1	0	X	517662741
168651173	56178762	19	M	1	2	X	517662850
168651174	56178762	47	F	1	1	X	517508481
168651198	56177305	47	F	1	1	X	517508775
168651200	56185195	19	M	1	2	X	517508114
168651438	56179745	7	M	1	2	450096761	X
168651439	56179745	26	F	1	0	X	517508511
168651446	56180108	32	M	1	10	X	517508532
168651447	56180108	7	M	1	2	450091718	X
168754269	56179600	74	M	1	0	X	X
168883945	56185321	66	M	1	0	X	517508884
168883953	56185593	66	M	1	0	X	517508719
168973556	56184174	28	M	1	0	X	517663328
168973558	56184174	5	F	1	2	450094430	X
168973564	56177309	28	M	1	0	X	517508296
168973567	56177309	27	F	1	1	X	X
168973576	56177798	28	M	1	0	X	517508414
168973577	56177798	7	M	1	2	450100228	X
168973578	56177798	5	F	1	2	450094430	X
168973579	56177798	27	F	1	1	X	X
169165818	56177225	52	M	1	9	X	510062194
169165827	56182344	49	F	1	0	X	517507499
169165837	56180469	49	F	1	0	X	517663328
169165838	56180469	52	M	1	9	X	517508510
169165848	56178772	52	M	1	9	X	506980085
169165856	56185261	52	M	1	9	X	517662850
169377512	56185086	9	M	1	2	450091718	X
169377513	56185086	12	M	1	2	450091718	X
169377514	56185086	44	F	1	0	X	517507708
169377556	56181302	9	M	1	2	450096761	X
169578320	56184251	40	M	1	4	X	X
169578327	56184425	19	M	1	0	X	X
169685362	56183705	41	M	1	2	X	517508119
169685401	56178286	22	M	1	2	X	517663112
169685402	56178286	41	M	1	2	X	517507365
169685404	56178286	61	F	1	1	X	X
169685422	56181859	41	M	1	2	X	517662850
169685424	56181859	61	F	1	1	X	X
169685441	56178331	22	M	1	2	X	517508002
169685449	56181888	22	M	1	2	X	517507410
169685450	56181888	41	M	1	2	X	517508165
169685452	56181888	61	F	1	1	X	X
169685498	56184829	41	M	1	2	X	517508775
169685501	56176916	22	M	1	2	X	506980120
169685503	56176916	58	M	1	0	X	X
169685530	56182053	41	M	1	2	X	517507580
169685531	56182053	58	M	1	0	X	X
169685565	56181003	22	M	1	2	X	517663328
169685566	56181003	41	M	1	2	X	517508358
169685568	56181003	61	F	1	1	X	X
169799283	56183623	53	F	9	1	X	X
169855382	56178025	44	F	2	2	X	517507948
169855383	56178025	66	F	2	0	X	X
169855385	56178021	66	F	2	0	X	X
169855386	56177919	44	F	2	2	X	517662745
169855388	56178031	44	F	2	2	X	517663177
169855390	56178071	44	F	2	2	X	517662741
169855391	56178071	66	F	2	0	X	X
169855393	56177911	66	F	2	0	X	X
169855394	56177915	44	F	2	2	X	517508770
169962322	56178662	58	M	1	0	X	517507778
169962332	56181881	58	M	1	0	X	517663180
170096773	56183339	46	F	1	1	X	517508243
170096779	56184832	46	F	1	1	X	517508328
170096780	56178430	47	M	1	0	X	517662850
170096782	56176859	47	M	1	0	X	517662730
170096787	56179043	46	F	1	1	X	517508752
170096794	56181245	47	M	1	0	X	517507749
170096795	56181245	46	F	1	1	X	517663246
170096800	56183445	47	M	1	0	X	517508097
170096801	56183445	46	F	1	1	X	517507533
170562904	56181232	52	F	1	1	X	517508633
170562905	56181232	43	M	1	0	X	517508093
170562913	56180625	43	M	1	0	X	517508166
170562926	56182430	52	F	1	1	X	517662794
170603161	56178952	69	F	1	1	X	X
170603171	56180713	69	F	1	1	X	X
170603182	56179096	72	M	1	0	X	X
170706446	56181886	37	M	1	0	X	517508343
170706448	56184199	37	M	1	0	X	517663278
170706456	56181355	37	M	1	0	X	506877289
170706458	56182902	37	M	1	0	X	517507588
170706459	56180055	37	M	1	0	X	517508358
170706462	56180984	37	M	1	0	X	517663273
170706467	56183041	37	M	1	0	X	517507668
170706484	56181253	37	M	1	0	X	517663323
170706491	56184004	37	M	1	0	X	517508176
170709970	56181108	56	F	1	1	X	517663180
170761005	56178661	51	F	1	0	X	517508542
170876381	56178565	65	F	1	1	X	X
170876382	56178565	66	M	1	0	X	X
171002810	56179292	81	F	1	0	X	X
171041103	56182164	47	M	1	0	X	517508109
171041110	56183340	47	F	1	1	X	517663174
171041137	56179770	47	M	1	0	X	517663338
171041153	56181571	47	M	1	0	X	517507582
171041155	56183443	47	M	1	0	X	517508516
171041168	56185649	47	F	1	1	X	517662919
171041172	56185682	47	F	1	1	X	517508794
171041175	56183435	47	M	1	0	X	517508283
171041176	56183435	47	F	1	1	X	517507827
171066672	56182106	63	F	1	0	X	517507744
171066704	56177475	63	F	1	0	X	517508481
171066705	56177475	67	M	1	10	X	X
171104129	56182369	51	M	1	0	X	517507892
171104150	56185201	51	M	1	0	X	517508396
171104151	56185201	18	M	1	2	450096777	517508426
171104152	56185201	45	F	1	1	X	517508109
171104153	56181996	51	M	1	0	X	506877231
171104154	56181996	18	M	1	2	450096777	517507905
171104162	56185373	51	M	1	0	X	517508057
171104164	56185373	45	F	1	1	X	501428045
171104166	56179369	18	M	1	2	450096777	517508787
171104180	56180359	51	M	1	0	X	506980070
171104182	56180359	45	F	1	1	X	517507560
171104183	56181540	51	M	1	0	X	517507287
171104185	56181540	45	F	1	1	X	517508739
171104189	56185683	51	M	1	0	X	517662847
171322541	56183555	24	M	1	0	X	517508060
171322545	56183788	24	M	1	0	X	517508522
171489211	56181447	46	M	1	1	X	X
171489212	56181447	39	F	1	0	X	517508727
171489213	56181447	7	M	1	2	450091718	X
171489214	56181447	15	F	1	2	450096777	X
171489228	56180711	39	F	1	0	X	517507489
171489229	56180711	7	M	1	2	450091718	X
171489235	56183108	46	M	1	1	X	X
171489236	56183108	39	F	1	0	X	517507826
171489237	56183108	7	M	1	2	450091718	X
171489238	56183108	15	F	1	2	450096777	X
171489240	56181398	39	F	1	0	X	517507598
171489241	56181398	7	M	1	2	450096761	X
171489247	56181421	46	M	1	1	X	X
171489248	56181421	39	F	1	0	X	517507826
171489249	56181421	7	M	1	2	450091718	X
171489250	56181421	15	F	1	2	450096777	X
171489275	56184239	46	M	1	1	X	X
171489276	56184239	39	F	1	0	X	517508375
171489278	56184239	15	F	1	2	450096777	X
171584832	56182169	17	M	1	2	450096777	517508127
171584833	56182169	16	M	1	2	450096777	517507897
171584834	56182169	58	F	1	0	X	517507603
171584899	56176920	48	M	1	1	X	X
171584900	56176920	17	M	1	2	450096777	517508057
171584902	56176920	58	F	1	0	X	517508067
171584907	56178209	48	M	1	1	X	X
171584908	56178209	17	M	1	2	450096777	517662850
171584918	56181799	58	F	1	0	X	517508265
171620657	56180715	71	F	1	0	X	517663325
171620659	56182592	71	F	1	0	X	517507681
171844779	56180182	43	M	1	0	X	517662883
171844781	56177266	43	M	1	0	X	517663180
171844793	56184550	43	M	1	0	X	517508110
171844805	56185219	43	M	1	0	X	517663249
171844811	56181800	43	M	1	0	X	514201259
171844817	56179941	43	M	1	0	X	517508881
171862769	56180902	61	F	1	0	X	517508179
171862787	56177157	61	F	1	0	X	517508296
172035622	56177485	64	F	1	0	X	517662850
172035651	56184929	64	M	1	10	X	517507343
172035652	56184929	64	F	1	0	X	517508219
172085400	56178827	71	M	1	0	X	517508009
172085422	56181475	71	M	1	0	X	517507600
172146366	56178219	48	M	1	3	X	517508057
172146419	56181682	48	M	1	0	X	517507816
172146503	56182148	48	M	1	0	X	517508841
172146536	56179303	48	M	1	3	X	517508086
172160637	56185631	9	M	1	2	450091718	X
172160639	56185631	39	F	1	1	X	517662745
172422705	56180650	3	M	1	5	X	X
172422707	56180650	73	M	1	0	X	X
172422711	56180650	8	F	1	5	450091718	X
172560021	56184433	14	M	1	2	450096778	X
172560024	56184433	5	M	1	2	450096761	X
172560163	56184228	9	F	1	2	450096761	X
172560196	56184275	14	M	1	2	450096778	X
172560199	56184275	5	M	1	2	450096761	X
172572899	56177406	81	F	1	0	X	X
172627501	56181004	57	F	1	0	X	517508884
172627502	56180322	57	F	1	0	X	517663308
172627506	56182383	57	F	1	0	X	517508093
172633504	56180738	3	F	1	2	X	X
172633509	56184876	2	M	1	2	X	X
172633511	56184876	39	M	1	1	X	517508524
172633532	56184630	3	F	1	2	X	X
172633533	56184630	2	M	1	2	X	X
172633534	56184630	40	F	1	0	X	517508014
172903127	56180150	51	F	1	1	X	517662794
172903131	56183023	51	F	1	1	X	517507816
172903137	56184395	51	F	1	1	X	517508869
172903921	56177955	4	M	1	2	X	X
172903923	56177955	6	M	1	2	450100228	X
172903924	56177955	3	M	1	2	X	X
172903926	56177955	25	F	1	0	X	X
172910738	56178659	33	F	1	0	X	517663120
172910739	56178659	41	M	1	1	X	517508710
172910740	56178659	9	M	1	2	450096761	X
172910757	56184086	7	M	1	2	450091718	X
172910758	56184086	33	F	1	0	X	517507681
172910759	56184086	41	M	1	1	X	517508428
172910761	56184086	13	M	1	2	450096778	X
173035657	56178901	60	F	1	1	X	X
173035658	56178901	60	M	1	0	X	517507399
173130568	56182763	70	M	1	0	X	517508002
173385758	56178654	65	F	1	0	X	X
173385764	56179323	65	F	1	0	X	X
173385765	56181362	65	F	1	0	X	X
173537140	56180093	52	F	1	1	X	517507580
173537142	56180093	28	M	1	2	X	517508179
173537162	56178976	28	M	1	2	X	517508002
173537163	56178976	19	M	1	2	X	X
173537186	56183512	28	M	1	2	X	517662752
173537187	56183512	19	M	1	2	X	X
173537188	56177310	52	F	1	1	X	517662850
173537190	56177310	28	M	1	2	X	517662850
173649011	56182405	52	M	9	10	X	517507897
173649017	56184435	52	M	9	10	X	517508451
173649025	56182556	52	M	9	10	X	517508610
173649026	56182556	42	F	1	0	X	517507520
174320018	56180747	49	F	1	1	X	517507306
174320022	56183315	49	F	1	1	X	517508396
174320023	56183315	52	M	1	0	X	517508635
174320024	56183969	49	F	1	1	X	517508237
174320025	56183969	52	M	1	0	X	517508067
174320047	56181198	52	M	1	0	X	506878227
174380916	56179138	84	F	1	1	X	X
174380917	56179138	35	M	1	5	X	517508867
174380918	56179138	88	M	1	0	X	X
174380925	56178999	84	F	1	1	X	X
174380927	56178999	88	M	1	0	X	X
174462580	56178862	12	F	1	2	450096778	X
174462582	56178862	48	F	1	1	X	517507502
174462592	56184820	12	F	1	2	450091718	X
174462593	56184820	14	F	1	2	450096777	X
174462594	56184820	48	F	1	1	X	517508140
174462595	56184820	47	M	1	0	X	517508144
174462606	56178364	48	F	1	1	X	517508385
174462607	56178364	47	M	1	0	X	510063265
174462609	56185169	14	F	1	2	450096777	X
174462611	56185169	47	M	1	0	X	517507798
174462617	56185580	14	F	1	2	450096777	X
174462618	56185580	48	F	1	1	X	517508675
174462619	56185580	47	M	1	0	X	517508297
174464350	56176801	49	M	1	0	X	517508235
174464355	56177010	48	F	1	1	X	517663278
174464379	56184835	48	F	1	1	X	517508451
174464384	56177002	49	M	1	0	X	503022728
174464387	56181730	48	F	1	1	X	517508838
174493713	56184608	43	M	1	0	X	517507604
174493715	56184608	15	F	1	2	450096777	X
174493749	56181477	43	M	1	0	X	517508830
174493770	56183106	13	F	1	2	450091718	X
174493772	56183106	40	F	1	1	X	517507688
174493779	56182322	15	F	1	2	450096777	X
174493780	56182322	40	F	1	1	X	517663338
174497669	56178433	2	M	1	2	X	X
174497670	56178433	45	M	1	0	X	506979722
174497686	56185231	45	M	1	0	X	517507612
174497687	56185231	5	M	1	2	X	X
174497710	56184082	45	M	1	0	X	517508394
174497711	56184082	5	M	1	2	X	X
174497737	56181752	2	M	1	2	X	X
174497743	56179629	5	M	1	2	X	X
174497744	56179629	34	F	1	1	X	X
174497749	56181334	2	M	1	2	X	X
174497750	56181334	45	M	1	0	X	506880320
174497751	56181334	5	M	1	2	X	X
174497752	56181334	34	F	1	1	X	X
174497757	56183362	2	M	1	2	X	X
174497758	56183362	45	M	1	0	X	517507281
174497759	56183362	5	M	1	2	X	X
174497826	56184756	45	M	1	0	X	517508047
174510302	56182726	36	M	1	0	X	517508813
174510311	56182968	36	M	1	0	X	517662847
174510314	56181690	36	M	1	0	X	517507363
174510317	56178904	36	M	1	0	X	517663146
174510321	56177994	36	M	1	0	X	517662725
174603605	56177267	46	F	1	0	X	517663180
174603613	56182222	46	F	1	0	X	517507826
174603624	56185173	48	M	1	1	X	517508483
174603625	56185173	46	F	1	0	X	517508057
174603634	56181980	48	M	1	1	X	506878227
174603635	56181980	46	F	1	0	X	517663338
174865066	56177849	48	M	1	0	X	517662701
175296112	56182207	18	M	1	2	450096777	517507702
175296113	56182207	53	M	1	0	X	517507516
175296121	56184991	18	M	1	2	450096777	517507281
175296122	56184991	53	M	1	0	X	517662691
175296124	56178351	18	M	1	2	450096777	517663173
175296125	56178351	53	M	1	0	X	517508009
175296126	56178351	53	F	1	1	X	517507946
175321161	56179855	50	F	1	0	X	517507827
175321169	56177532	50	F	1	0	X	517662846
175660270	56177339	49	F	1	1	X	517662753
175660280	56182756	49	F	1	1	X	517507939
175660284	56185598	49	F	1	1	X	517662850
175660288	56181725	49	F	1	1	X	517508493
175660289	56177364	53	M	1	0	X	517663142
175772547	56181185	12	F	1	2	450096778	X
175772548	56181185	46	F	1	1	X	517507637
175772565	56182039	12	F	1	2	450096778	X
175772566	56182039	46	F	1	1	X	517508589
176074719	56182050	44	F	1	0	X	517507950
176074720	56182050	16	M	1	2	450096777	517507708
176074721	56182050	44	M	1	1	X	X
176216554	56180185	53	M	1	1	X	517508179
176216564	56180832	53	M	1	1	X	517508014
176496295	56185116	26	M	1	0	X	517663177
176496305	56177412	26	M	1	0	X	517663184
176496307	56178029	26	M	1	0	X	517508002
176496318	56183683	26	M	1	0	X	517507364
176496324	56183497	26	M	1	0	X	517508057
176496325	56185384	26	M	1	0	X	517508618
176496328	56177089	26	M	1	0	X	517662868
176587960	56177103	54	F	1	0	X	X
176587967	56180289	56	M	1	1	X	517663328
176587968	56185181	54	F	1	0	X	X
176587969	56185181	56	M	1	1	X	517507628
176587986	56185416	54	F	1	0	X	X
176732752	56184366	76	F	1	0	X	517507778
177014753	56177982	65	F	1	0	X	X
177014759	56179401	65	F	1	0	X	X
177356024	56182771	34	M	1	0	X	517508381
177356025	56184460	34	M	1	0	X	517507587
177356026	56184399	34	M	1	0	X	517508379
177356033	56177877	34	M	1	0	X	517508047
177356042	56179480	34	M	1	0	X	517508242
177468602	56182274	10	M	1	2	450091718	X
177468605	56182274	17	F	1	2	450096777	X
177468606	56182274	44	M	1	0	X	517663292
177468608	56180708	8	F	1	2	450091718	X
177468609	56180708	40	F	1	1	X	517507739
177468610	56180708	17	F	1	2	450096777	X
177468622	56181656	10	M	1	2	450091718	X
177468623	56181656	8	F	1	2	450091718	X
177612026	56180549	44	F	1	0	X	517662682
177669247	56181564	42	M	1	9	X	517508014
177669262	56179975	50	M	1	0	X	517507827
177669263	56179975	42	M	1	9	X	517507734
177669264	56179172	50	M	1	0	X	517508765
177669265	56179172	42	M	1	9	X	517507984
177669269	56181852	42	M	1	9	X	517507587
177669283	56180655	42	M	1	9	X	517507744
177669285	56180716	42	M	1	9	X	517508260
177669292	56177067	50	M	1	0	X	517508832
177669295	56180965	42	M	1	9	X	517507271
177669312	56181717	50	M	1	0	X	517508057
177669313	56181717	42	M	1	9	X	517508057
177669319	56185360	42	M	1	9	X	517508396
177669320	56177887	50	M	1	0	X	517508057
177669321	56177887	42	M	1	9	X	517662725
177809720	56185532	14	M	1	2	450091718	X
177809778	56180512	38	M	1	1	X	517508451
177809782	56180512	16	F	1	2	450063600	X
177809784	56181616	10	F	1	2	450096761	X
177809786	56181616	35	F	1	0	X	X
177809810	56178311	14	M	1	2	450091718	X
177809811	56178311	35	F	1	0	X	X
177809812	56178311	16	F	1	2	450058854	X
177809828	56181289	38	M	1	1	X	517507296
177809831	56181289	35	F	1	0	X	X
177809858	56185037	38	M	1	1	X	517508116
177809860	56185037	14	M	1	2	450091718	X
177916199	56179365	55	M	1	0	X	X
177921155	56176845	42	M	1	0	X	517662713
177921158	56182145	35	M	1	10	X	517507827
177921177	56182539	42	M	1	0	X	517662701
177921178	56182539	35	M	1	10	X	517508293
177921193	56182553	42	M	1	0	X	517508283
177921194	56182553	35	M	1	10	X	517508732
177921201	56182717	42	M	1	0	X	517507785
177921203	56181484	42	M	1	0	X	517508451
177921204	56181484	35	M	1	10	X	517508057
178018476	56184561	37	M	1	0	X	517507744
178018482	56179700	37	M	1	0	X	517508142
178018485	56179400	37	M	1	0	X	517508002
178018486	56184474	37	M	1	0	X	501428188
178018491	56183123	37	M	1	0	X	517507580
178018495	56179726	37	M	1	0	X	517508756
178018498	56179455	37	M	1	0	X	517508057
178018506	56183112	37	M	1	0	X	517508093
178116997	56180432	56	F	1	0	X	517507600
178117006	56182839	55	M	1	1	X	517508804
178117007	56182839	56	F	1	0	X	517507668
178117026	56183694	55	M	1	1	X	517508647
178117029	56179936	56	F	1	0	X	517507481
178141753	56177765	53	F	1	0	X	517508106
178141756	56182498	53	M	1	1	X	517507587
178234275	56177026	84	F	1	0	X	X
178538025	56180300	50	F	1	1	X	517663180
178538026	56180300	62	M	1	0	X	517663338
178627085	56184292	2	F	1	2	X	X
178627086	56184292	45	F	1	4	X	517508517
178676243	56184562	31	M	1	0	X	517507767
178676246	56184194	24	F	1	1	X	517508727
179007567	56181872	59	F	1	3	X	517662850
179007594	56182116	63	M	1	0	X	517508269
179007602	56176824	63	M	1	0	X	517662919
179073916	56181110	26	F	1	2	X	X
179073917	56181110	55	M	1	1	X	517507582
179073966	56177039	26	F	1	2	X	X
179073993	56178574	26	M	1	6	X	517508516
179073994	56178574	56	F	1	0	X	510061550
179073995	56178574	1	M	1	5	X	X
179073996	56178574	26	F	1	2	X	X
179073997	56178574	55	M	1	1	X	517507945
179074156	56181415	26	F	1	2	X	X
179074176	56184648	26	F	1	2	X	X
179182744	56177330	40	F	1	1	X	503023294
179182756	56185166	40	F	1	1	X	517508116
179182757	56185166	8	M	1	2	450091718	X
179182783	56180565	40	F	1	1	X	517508881
179182784	56180565	8	M	1	2	450091718	X
179182791	56183914	37	M	1	0	X	517507582
179182794	56180607	37	M	1	0	X	517663177
179182807	56179306	40	F	1	1	X	517508003
179182809	56179306	37	M	1	0	X	517507933
179257449	56178033	48	F	1	0	X	517662741
179343089	56181692	37	M	1	0	X	517508179
179343097	56177653	37	M	1	0	X	517508520
179343104	56177337	37	M	1	0	X	517508002
179343113	56184527	37	M	1	0	X	517508107
179343115	56184690	37	M	1	0	X	517508437
179343140	56185502	37	M	1	0	X	517508121
179343146	56177456	37	M	1	0	X	517662850
179343160	56183239	37	M	1	0	X	517507281
179343161	56185525	37	M	1	0	X	517507618
179343167	56176897	37	M	1	0	X	506979510
179343169	56178105	37	M	1	0	X	517508057
179343176	56184934	37	M	1	0	X	517508140
179343177	56185432	37	M	1	0	X	517507608
179388153	56185533	48	F	3	0	X	517508109
179436156	56184026	59	F	1	1	X	X
179436178	56182426	59	F	1	1	X	X
179436185	56179163	62	M	1	0	X	X
179491634	56181737	42	M	1	0	X	517507547
179814652	56179699	20	M	1	2	X	X
179814653	56179699	37	M	1	0	X	517508014
179814655	56179699	11	F	1	2	450096778	X
179814658	56179699	18	F	1	2	X	517507355
179833023	56180099	59	M	1	0	X	X
179833044	56183488	59	M	1	0	X	X
179833048	56183357	59	M	1	0	X	X
179833064	56185663	59	M	1	0	X	X
179833067	56182190	59	M	1	0	X	X
179833069	56185124	59	M	1	0	X	X
180359112	56179538	25	M	1	0	X	517508002
180359146	56181068	25	M	1	0	X	517662896
180638825	56181834	50	M	1	0	X	517508470
180638828	56179071	47	F	1	1	X	X
180638833	56179383	50	M	1	0	X	517508510
180643922	56180967	49	M	1	1	X	517507646
180643923	56177281	48	F	1	0	X	517508128
180643924	56177281	49	M	1	1	X	517662850
180643930	56183648	49	M	1	1	X	517663288
180643933	56183334	48	F	1	0	X	517507691
180643934	56183334	49	M	1	1	X	517508800
180907475	56185294	50	M	1	0	X	517508243
180907476	56185294	49	F	1	1	X	517507726
180907480	56185191	49	F	1	1	X	517508498
181024805	56179482	73	M	1	0	X	X
181033788	56182673	41	F	1	1	X	517508097
181033789	56182673	43	M	1	0	X	517508538
181033801	56178456	43	M	1	0	X	517662737
181033820	56184302	21	F	1	2	X	517663244
181033822	56184302	43	M	1	0	X	517507580
181331496	56176832	60	M	1	0	X	517662850
181331498	56178285	60	M	1	0	X	517507983
181331502	56178691	60	M	1	0	X	517508262
181392341	56183553	56	F	1	0	X	X
181392369	56177695	56	F	1	0	X	X
181392388	56180911	55	M	1	1	X	517662850
181392389	56180911	56	F	1	0	X	X
181409875	56178398	84	F	1	0	X	X
181420189	56178973	25	M	1	0	X	517508379
181456387	56177223	47	M	1	0	X	517508739
181456389	56183094	48	F	1	1	X	517508578
181456390	56183094	47	M	1	0	X	517507810
181456402	56179030	47	M	1	0	X	517508451
181456408	56178409	47	M	1	0	X	517509363
181456412	56184644	17	M	1	2	450096777	517508017
181542293	56182484	20	F	1	2	X	517508092
181542294	56182484	46	M	1	0	X	517508867
181542295	56182484	46	F	1	1	X	X
181542296	56182484	15	M	1	2	450096777	X
181542317	56178840	20	F	1	2	X	517508602
181542318	56178840	46	M	1	0	X	517507673
181542319	56178840	46	F	1	1	X	X
181542320	56178840	15	M	1	2	450096777	X
181581509	56181071	51	F	1	1	X	517507827
181581510	56181071	56	M	1	0	X	517508451
181713066	56178695	42	F	1	0	X	517662850
181713079	56178357	1	M	1	2	X	X
181713082	56184341	1	M	1	2	X	X
181713083	56184341	39	M	1	1	X	517507286
181713091	56182467	1	M	1	2	X	X
181713092	56182467	39	M	1	1	X	517507355
181713105	56180879	42	F	1	0	X	517662850
181713106	56180879	1	M	1	2	X	X
181713126	56182630	42	F	1	0	X	517507587
181713127	56182630	1	M	1	2	X	X
181713151	56182242	1	M	1	2	X	X
181713153	56181050	42	F	1	0	X	517507492
181713157	56184097	1	M	1	2	X	X
181713158	56184097	39	M	1	1	X	517507696
181713159	56182932	42	F	1	0	X	517508697
181713161	56182932	39	M	1	1	X	517508110
181713171	56182423	42	F	1	0	X	517507717
181713172	56182423	1	M	1	2	X	X
181713175	56177649	1	M	1	2	X	X
181713176	56177649	39	M	1	1	X	517508065
181713177	56181324	42	F	1	0	X	517507842
181713178	56181324	1	M	1	2	X	X
181713182	56179004	39	M	1	1	X	517508397
181954755	56179092	3	M	1	2	X	X
181954757	56179092	36	M	1	1	X	517508002
181954772	56178318	5	M	1	2	450058854	X
181954774	56178318	34	F	1	0	X	517662695
182124165	56177910	58	M	1	0	X	517663171
182124167	56178607	58	M	1	0	X	517662861
182124169	56182289	58	M	1	0	X	517507367
182124171	56184052	58	M	1	0	X	517508379
182124172	56185340	58	M	1	0	X	517508403
182163564	56178879	57	M	1	8	X	517508057
182163572	56182937	57	M	1	8	X	517507644
182163590	56177379	57	M	1	8	X	517662850
182217085	56180768	73	F	1	1	X	X
182316484	56181519	16	M	1	2	450096777	X
182316501	56181966	14	F	1	2	450096778	X
182489557	56182451	25	F	1	2	X	X
182489558	56182084	60	F	1	1	X	517508451
182489559	56182084	60	M	1	0	X	517507826
182489564	56182419	60	F	1	1	X	517663306
182489566	56182419	25	F	1	2	X	X
182533244	56181340	47	F	1	0	X	517507751
182533268	56180975	47	F	1	0	X	517507827
182533271	56179815	20	M	1	2	X	517508059
182533272	56179815	47	F	1	0	X	517508520
182533277	56176887	20	M	1	2	X	517663177
182533278	56176887	47	F	1	0	X	517663169
182533281	56183192	20	M	1	2	X	517507664
182533295	56180278	20	M	1	2	X	517507953
182533296	56180278	47	F	1	0	X	517508644
182537223	56181351	9	F	1	2	450091718	X
182537224	56181351	29	M	1	0	X	517507946
182537227	56181351	5	M	1	2	450094430	X
182537228	56181351	2	M	1	2	X	X
182537249	56181390	31	F	1	1	X	X
182537251	56181390	5	M	1	2	450094430	X
182537252	56181390	2	M	1	2	X	X
182549772	56180281	39	F	1	0	X	517507324
182549774	56180181	39	F	1	0	X	517507971
182549778	56182146	39	F	1	0	X	517508281
182549779	56181448	39	F	1	0	X	517508520
182549795	56184588	39	F	1	0	X	517507293
182549804	56183836	39	F	1	0	X	517508193
182549806	56179847	39	F	1	0	X	517507745
182788806	56184206	93	M	1	1	X	X
182788807	56184206	93	F	1	0	X	X
182788813	56184214	93	F	1	0	X	X
182854802	56180787	57	M	1	0	X	X
182854811	56185258	51	F	1	1	X	X
182854812	56176970	57	M	1	0	X	X
183198702	56180462	39	F	1	0	X	517507753
183198704	56180462	28	M	1	7	X	X
183198705	56180462	47	M	1	1	X	517508159
183659583	56184564	31	F	1	0	X	517507522
183691521	56179653	26	F	1	0	X	517508086
183691522	56179653	28	M	1	1	X	517508652
183691538	56179836	28	M	1	1	X	517508107
183955853	56177173	5	F	1	2	450096761	X
183955854	56177173	44	M	1	1	X	517662713
183955855	56177173	41	F	1	0	X	X
183955858	56184005	44	M	1	1	X	517508360
183955859	56184005	41	F	1	0	X	X
183985619	56177939	57	M	1	1	X	X
183985626	56182046	53	F	1	0	X	X
183985641	56182558	57	M	1	1	X	X
183985645	56179352	57	M	1	1	X	X
183985646	56179352	53	F	1	0	X	X
184168108	56180133	58	F	1	0	X	517662794
184168111	56179281	60	M	1	1	X	517508776
184168115	56185085	60	M	1	1	X	517508499
184168118	56178624	58	F	1	0	X	517507958
184168123	56181491	60	M	1	1	X	517509370
184224147	56178943	69	F	1	0	X	517507933
184389072	56181139	38	M	1	0	X	517508351
184389075	56184281	38	M	1	0	X	517508110
184389079	56182441	38	M	1	0	X	517507827
184389094	56184397	38	M	1	0	X	517508739
184389103	56185188	38	M	1	0	X	501428504
184389106	56182573	38	M	1	0	X	517507954
184464048	56181331	6	F	1	2	450096761	X
184464049	56181331	9	M	1	2	450096761	X
184464053	56182704	6	F	1	2	450091718	X
184464054	56182704	9	M	1	2	450091718	X
184464055	56182704	5	M	1	2	450058854	X
184464229	56180153	9	M	1	2	450091718	X
184464232	56180153	31	M	1	1	X	517507355
184464253	56177319	6	F	1	2	450096761	X
184464256	56177319	27	F	1	0	X	517662850
184464257	56177319	31	M	1	1	X	517662850
184464293	56177302	6	F	1	2	450091718	X
184464294	56177302	9	M	1	2	450091718	X
184464324	56181122	9	M	1	2	450091718	X
184464325	56181122	5	M	1	2	450058854	X
184464326	56181122	27	F	1	0	X	517508057
184464327	56181122	31	M	1	1	X	517508057
184472609	56178637	69	F	1	0	X	X
184472610	56181281	69	F	1	0	X	X
184472624	56185044	69	F	1	0	X	X
184472627	56180402	69	F	1	0	X	X
184472631	56176913	69	F	1	0	X	X
184472633	56184358	69	F	1	0	X	X
184472637	56178578	69	F	1	0	X	X
184472649	56178584	69	F	1	0	X	X
184472650	56178244	69	F	1	0	X	X
184472651	56184885	69	F	1	0	X	X
184472652	56178238	69	F	1	0	X	X
184472662	56184655	69	F	1	0	X	X
184472665	56177320	69	F	1	0	X	X
184472667	56185221	69	F	1	0	X	X
184472668	56184880	69	F	1	0	X	X
184472680	56184896	69	F	1	0	X	X
184709893	56177392	25	M	1	0	X	517509354
184709894	56177392	22	F	1	1	X	517509372
184709899	56177059	25	M	1	0	X	503067794
184709900	56177059	22	F	1	1	X	517662850
184709905	56178182	25	M	1	0	X	517507912
184709906	56178182	22	F	1	1	X	517508780
184709907	56179531	25	M	1	0	X	517507753
184709913	56181713	25	M	1	0	X	517507405
184709914	56181713	22	F	1	1	X	517507582
184709915	56177065	25	M	1	0	X	517663301
184709917	56176973	25	M	1	0	X	517662850
184709918	56176973	22	F	1	1	X	506979825
184709925	56181149	25	M	1	0	X	517507798
184709926	56181149	22	F	1	1	X	517507639
184755359	56185097	68	M	1	0	X	517662850
184755380	56180110	70	F	1	1	X	X
184755381	56180110	68	M	1	0	X	506980077
184755418	56185464	70	F	1	1	X	X
184755423	56178385	68	M	1	0	X	517662705
184843127	56181885	52	F	1	1	X	517507928
184843128	56181885	55	M	1	0	X	517507306
184843137	56185279	52	F	1	1	X	517508635
184843138	56185279	55	M	1	0	X	517507744
184843148	56183754	55	M	1	0	X	517508581
184843152	56185243	55	M	1	0	X	517507055
184843177	56185556	52	F	1	1	X	517507260
184843178	56185556	55	M	1	0	X	517508298
184843180	56181576	55	M	1	0	X	517507520
185222075	56180308	39	F	1	0	X	517508179
185222076	56180308	9	M	1	2	450091718	X
185222100	56176794	9	M	1	2	450096761	X
185222101	56176794	18	M	1	2	450096777	517507596
185222153	56185422	39	F	1	0	X	517507724
185222155	56185422	18	M	1	2	450096777	501428504
185222156	56181075	39	F	1	0	X	506979537
185222158	56181075	18	M	1	2	450096777	517662896
185222168	56182628	39	F	1	0	X	517508690
185222170	56182628	18	M	1	2	450096777	517507580
185222231	56182388	39	F	1	0	X	517508262
185222241	56184580	9	M	1	2	450096761	X
185222246	56182607	39	F	1	0	X	517508103
185222261	56184723	39	F	1	0	X	517508110
185222263	56184723	18	M	1	2	450096777	517508002
185222273	56184859	39	F	1	0	X	517507636
185222275	56184859	18	M	1	2	450096777	517508002
185295899	56182723	68	F	1	0	X	517508563
185295900	56182528	68	F	1	0	X	517508487
185295947	56179247	68	F	1	0	X	517508884
185325507	56181321	28	F	1	0	X	517508633
185325512	56182647	28	F	1	0	X	517508002
185345981	56184907	63	M	1	0	X	517508483
185345991	56185660	43	M	1	9	X	517508109
185346032	56184779	63	M	1	0	X	517508464
185346046	56185138	45	M	1	9	X	517508245
185346067	56185711	45	M	1	9	X	517508780
185346124	56182449	45	M	1	9	X	517507724
185346140	56185113	63	M	1	0	X	517662807
185346141	56185113	43	M	1	9	X	517508013
185346147	56182434	43	M	1	9	X	517507956
185346148	56182434	45	M	1	9	X	517508057
185526805	56179131	71	F	1	1	X	517507309
185526843	56177666	71	F	1	1	X	517507869
185526844	56177666	72	M	1	0	X	X
185584100	56181164	53	M	1	0	X	517508247
185584101	56181164	60	F	1	10	X	517508057
185584116	56182597	53	M	1	0	X	517507785
185584120	56178819	53	M	1	0	X	517508086
185584135	56179337	60	F	1	10	X	517507544
185584137	56181229	60	F	1	10	X	506880323
185584161	56181792	60	F	1	10	X	517507309
185584171	56177230	60	F	1	10	X	517663273
185584175	56178868	60	F	1	10	X	517662794
185584188	56182816	53	M	1	0	X	517508635
185584189	56182816	60	F	1	10	X	517508057
185584205	56179933	60	F	1	10	X	517508864
185584214	56181634	53	M	1	0	X	517663338
185640893	56177623	45	M	1	0	X	517662923
185640900	56176953	37	F	1	1	X	517508057
185640901	56176953	45	M	1	0	X	517662850
185640908	56179359	37	F	1	1	X	517508057
185640922	56178812	19	F	1	2	X	517508381
185640924	56178812	37	F	1	1	X	517507587
185640925	56178812	45	M	1	0	X	517508057
185640949	56184652	45	M	1	0	X	517508803
185641004	56181861	37	F	1	1	X	517507495
185641024	56177190	37	F	1	1	X	510063009
185641033	56178206	45	M	1	0	X	517508293
185641051	56182115	16	M	1	2	450096777	X
185641058	56185078	19	F	1	2	X	517507324
185641061	56185078	45	M	1	0	X	517508481
185641106	56185582	19	F	1	2	X	517508479
185641107	56185582	16	M	1	2	450096777	X
185641110	56183799	19	F	1	2	X	517508014
185641111	56183799	16	M	1	2	450096777	X
186088676	56177155	59	M	1	1	X	517662850
186088677	56177155	57	F	1	0	X	517663174
186088690	56185148	59	M	1	1	X	517663173
186088691	56185148	57	F	1	0	X	517507636
186298514	56183253	55	F	1	0	X	517508345
186472497	56177574	53	F	1	1	X	517509013
186565976	56184681	18	M	1	2	450096777	517506856
186565977	56184681	14	F	1	2	450091718	X
186565989	56178429	16	F	1	2	450096777	X
186565992	56178429	14	F	1	2	450091718	X
186565993	56178429	56	M	1	0	X	517508245
186818958	56179776	37	F	1	0	X	517507932
186818959	56179775	37	F	1	0	X	517507973
186818960	56177216	37	F	1	0	X	517662852
186818971	56182757	37	F	1	0	X	517508057
186962673	56178152	52	F	1	1	X	517662712
186962674	56178152	59	M	1	0	X	517662745
186962677	56180353	52	F	1	1	X	517507784
186962678	56180353	59	M	1	0	X	506979694
186962681	56184707	52	F	1	1	X	517662850
187192033	56177893	67	F	1	0	X	517662850
187192047	56180341	67	F	1	0	X	517663323
187300544	56176783	52	F	1	0	X	X
187317562	56179974	48	F	1	0	X	X
187317564	56177593	48	F	1	0	X	X
187317574	56181263	48	F	1	0	X	X
187317575	56181263	50	M	1	1	X	517663272
187317580	56176870	48	F	1	0	X	X
187317589	56180261	50	M	1	1	X	506879314
187337597	56177341	52	F	1	1	X	517663177
187337609	56178146	52	F	1	1	X	517663271
187445002	56180451	54	M	1	0	X	517507854
187445003	56180451	53	F	1	1	X	X
187445016	56177030	54	M	1	0	X	517507827
187445017	56177030	53	F	1	1	X	X
187445020	56185739	54	M	1	0	X	517508479
187445021	56185739	53	F	1	1	X	X
187445048	56181555	54	M	1	0	X	517508664
187445049	56181555	53	F	1	1	X	X
187497513	56182942	37	M	1	0	X	517508250
187497514	56182942	13	F	1	2	450096778	X
187497519	56182818	37	M	1	0	X	517507952
187544020	56181330	61	M	1	0	X	517508166
187544021	56181330	48	F	1	1	X	517507481
187544025	56178141	48	F	1	1	X	517508803
187685845	56185031	47	M	1	0	X	517507677
187685846	56185031	49	F	1	1	X	517662923
187685854	56184641	49	F	1	1	X	501428156
187731200	56183225	62	M	1	0	X	517507726
187731202	56183264	62	M	1	0	X	517508092
187731203	56181915	62	M	1	0	X	517507324
187731206	56184193	62	M	1	0	X	517506578
187731220	56184057	62	M	1	0	X	501428504
187731223	56181635	62	M	1	0	X	517508623
187731225	56182136	62	M	1	0	X	517662794
188064418	56185165	4	F	1	2	450058854	X
188064419	56185165	0	M	1	2	X	X
188064421	56185165	32	M	1	0	X	517508291
188800258	56179075	93	F	1	0	X	X
188800259	56179010	93	F	1	0	X	X
188800265	56177229	93	F	1	0	X	X
188873744	56182784	44	F	1	0	X	517508404
188873762	56181977	44	F	1	0	X	517508155
188873763	56181977	17	M	1	2	450096777	X
188873764	56181977	46	M	1	10	X	X
188873769	56180997	17	M	1	2	450096777	X
188873771	56184301	44	F	1	0	X	517508162
188873772	56184301	17	M	1	2	450096777	X
188873773	56184301	46	M	1	10	X	X
188947605	56183704	61	F	1	0	X	517508112
188947608	56177105	61	F	1	0	X	517662850
188947610	56184181	61	F	1	0	X	517507532
188947631	56183354	61	F	1	0	X	517507293
189722405	56180352	3	M	1	2	X	X
189722407	56180352	42	F	1	0	X	517507983
189722408	56180352	16	F	1	2	X	517508259
189722450	56183965	3	M	1	2	X	X
189722451	56183965	42	F	1	0	X	501427861
189722454	56180526	3	M	1	2	X	X
189722554	56183974	3	M	1	2	X	X
189722555	56183974	42	F	1	0	X	517508293
189722556	56183974	16	F	1	2	X	517507524
189722565	56181339	3	M	1	2	X	X
189722567	56181339	42	F	1	0	X	517508351
189722568	56181339	16	F	1	2	X	517508408
189722581	56181026	3	M	1	2	X	X
189722583	56181026	42	F	1	0	X	517508057
189722621	56181877	3	M	1	2	X	X
189722622	56181877	3	M	1	2	X	X
189722623	56181877	42	F	1	0	X	506980207
189810390	56179467	56	M	1	0	X	517663332
189856534	56183820	93	M	1	6	X	X
189856535	56183820	54	M	1	1	X	517663330
190275430	56180915	52	F	6	10	X	517662807
190275431	56180915	53	M	1	0	X	517662794
190275440	56184800	52	F	6	10	X	517508792
190275441	56184800	53	M	1	0	X	517508538
190275443	56178849	53	M	1	0	X	517508292
190275447	56179962	53	M	1	0	X	517508179
190275452	56185679	52	F	6	10	X	517508002
190275453	56185679	53	M	1	0	X	517508057
190292375	56183585	27	M	1	10	X	517507270
190439660	56178802	27	F	1	1	X	517508166
190439661	56178802	9	F	1	2	450096761	X
190439680	56179415	27	F	1	1	X	517508802
190439693	56183925	9	F	1	2	450096761	X
190439704	56179820	27	F	1	1	X	517663282
190439705	56179820	9	F	1	2	450091718	X
190439706	56179820	44	M	1	0	X	517507827
190439707	56179820	2	M	1	2	X	X
190439712	56181226	27	F	1	1	X	517507827
190439713	56181226	9	F	1	2	450096761	X
190439789	56179834	9	F	1	2	450091718	X
190439790	56179834	44	M	1	0	X	517663328
190439792	56184023	27	F	1	1	X	517508479
190439793	56184023	9	F	1	2	450091718	X
190439795	56184023	2	M	1	2	X	X
190439808	56183826	27	F	1	1	X	517507740
190439809	56183826	9	F	1	2	450096761	X
190439829	56184554	9	F	1	2	450096761	X
190439831	56184554	2	M	1	2	X	X
190439835	56183858	2	M	1	2	X	X
190439880	56178374	27	F	1	1	X	517508002
190439882	56178374	44	M	1	0	X	517662794
190439883	56178374	2	M	1	2	X	X
190474928	56177264	4	M	1	2	X	X
190474930	56177264	54	F	6	6	X	X
190474931	56177264	32	M	1	0	X	517508230
190474937	56177631	32	M	1	0	X	510061942
190474944	56177638	2	M	1	2	X	X
190474947	56177638	28	F	6	1	X	503021614
190474948	56177638	54	F	6	6	X	X
190474949	56177638	32	M	1	0	X	517509354
190474975	56181763	10	M	6	2	450096778	X
190474976	56181763	4	M	1	2	X	X
190474978	56181763	54	F	6	6	X	X
190474979	56181763	32	M	1	0	X	517507911
190724202	56177202	51	F	1	0	X	517662860
190724205	56178801	15	M	1	2	450096777	X
190724213	56181756	15	M	1	2	450096777	X
190724216	56184145	51	F	1	0	X	517507354
190724219	56181325	15	M	1	2	450096777	X
190762265	56178991	73	F	1	1	X	X
190762266	56178991	79	M	1	0	X	X
190762267	56184059	54	M	1	2	X	X
190762275	56181907	79	M	1	0	X	X
190762290	56184093	79	M	1	0	X	X
190770182	56180217	50	M	1	0	X	517507347
190770191	56180411	50	M	1	0	X	517508499
190770192	56179604	50	M	1	0	X	517507497
190770193	56177091	50	M	1	0	X	517663177
190770196	56185286	50	M	1	0	X	517507558
190770199	56179993	50	M	1	0	X	517663328
190770200	56184921	50	M	1	0	X	517508746
190770201	56178216	50	M	1	0	X	517662850
190816158	56179373	43	F	1	1	X	517508611
191237719	56177727	84	M	1	0	X	X
191237723	56177670	84	M	1	0	X	X
191237728	56177655	84	M	1	0	X	X
191273259	56183929	12	F	1	2	450096778	X
191273260	56183929	31	F	1	1	X	517508110
191273262	56183929	15	F	1	2	450096777	X
191273263	56183929	2	F	1	5	X	X
191273305	56181707	11	F	1	2	450096778	X
191273310	56181707	15	F	1	2	450096777	X
191273345	56182175	11	F	1	2	450091718	X
191273346	56182175	11	F	1	2	450091718	X
191273347	56182175	12	F	1	2	450091718	X
191273349	56182175	37	M	1	0	X	517508510
191273350	56182175	15	F	1	2	450096777	X
191273351	56182175	2	F	1	5	X	X
191273361	56185045	11	F	1	2	450091718	X
191273362	56185045	11	F	1	2	450091718	X
191273364	56185045	31	F	1	1	X	517663328
191273365	56185045	37	M	1	0	X	517507592
191273366	56185045	15	F	1	2	450096777	X
191273367	56185045	2	F	1	5	X	X
191703273	56178542	59	M	1	0	X	517508516
191703274	56178542	59	F	1	1	X	517508645
191703279	56178682	59	M	1	0	X	517507293
191703287	56185277	59	M	1	0	X	517508114
191703300	56182472	59	F	1	1	X	517508276
191703301	56180750	59	M	1	0	X	517507500
191703309	56180473	59	M	1	0	X	517507827
191703332	56178083	59	F	1	1	X	517662850
191703345	56178079	59	M	1	0	X	517508057
191703346	56178079	59	F	1	1	X	517508211
191703350	56181025	59	F	1	1	X	517662794
191703364	56180890	59	F	1	1	X	517663273
191703366	56177483	59	F	1	1	X	517508057
191703373	56180651	59	M	1	0	X	517508820
191703374	56180651	59	F	1	1	X	517663328
191807851	56181296	17	F	1	2	450096777	517507818
191807852	56181296	58	F	1	10	X	517663282
192262993	56180312	82	M	1	0	X	X
192263030	56184161	83	F	1	1	X	X
192552685	56182714	33	M	1	1	X	517507527
192754926	56180867	18	F	1	2	450096777	517508027
192754930	56180867	15	F	1	2	450096777	X
192938303	56182514	42	M	1	0	X	517507580
192938319	56181711	42	M	1	0	X	517508002
192938321	56184572	42	M	1	0	X	517507726
192938322	56184803	42	M	1	0	X	517508425
192938325	56182361	42	M	1	0	X	517508179
192938327	56180315	42	M	1	0	X	506880345
192938328	56183956	42	M	1	0	X	517507587
192938332	56180704	42	M	1	0	X	517508525
192938341	56183060	42	M	1	0	X	501428199
192938344	56180900	42	M	1	0	X	517507726
192938345	56179020	42	M	1	0	X	517508801
193111991	56180040	48	F	1	0	X	517507928
193111992	56180040	49	M	1	1	X	X
193111993	56181137	48	F	1	0	X	517663177
193112004	56185674	49	M	1	1	X	X
193112010	56177883	49	M	1	1	X	X
193240885	56182371	45	F	1	1	X	517663278
193240887	56182371	19	M	1	2	X	506980120
193240889	56185720	46	M	1	0	X	517507324
193276732	56178538	58	M	1	0	X	X
193276736	56180510	58	M	1	0	X	X
193276737	56180510	51	F	9	1	X	X
193276741	56185289	51	F	9	1	X	X
193276750	56181648	58	M	1	0	X	X
193388764	56183737	50	M	1	0	X	517508599
193388822	56179060	50	F	1	1	X	X
193388835	56181526	30	M	1	2	X	517508296
193388837	56181526	50	F	1	1	X	X
193388848	56181121	50	M	1	0	X	517508235
193394569	56179867	56	F	1	1	X	X
193394591	56179736	56	F	1	1	X	X
193394592	56179736	70	M	1	0	X	X
193394608	56178875	70	M	1	0	X	X
193599316	56181837	75	F	1	0	X	517508159
193599320	56180994	75	F	1	0	X	517507745
193662610	56181105	20	F	1	10	X	X
193662619	56177854	23	M	1	0	X	517662865
193725889	56183935	0	F	9	2	X	X
193725904	56183809	1	F	9	2	X	X
193725905	56183809	0	F	9	2	X	X
193725906	56183809	24	F	9	1	X	X
193725918	56180847	24	F	9	1	X	X
193726023	56178944	23	M	1	0	X	517507958
193754221	56183740	32	M	1	0	X	517507582
193754223	56183740	3	M	1	2	X	X
193754224	56183740	33	F	1	1	X	517508002
193754230	56183235	5	M	1	2	450058854	X
193754231	56183235	3	M	1	2	X	X
193781895	56185738	18	M	1	2	450058854	X
193781896	56185738	56	M	1	1	X	517508018
193781897	56185738	57	F	1	0	X	517508396
193781901	56179276	18	M	1	2	450058854	X
193781902	56179276	56	M	1	1	X	517508520
193781903	56179276	57	F	1	0	X	517508451
193781919	56178113	18	M	1	2	450058854	X
193781921	56178113	57	F	1	0	X	517663090
193781931	56183566	18	M	1	2	450058854	X
193781955	56185639	18	M	1	2	450058854	X
193781956	56185639	56	M	1	1	X	517507582
193781957	56185639	57	F	1	0	X	501428199
193794750	56185330	25	F	1	2	X	517507725
193794751	56185330	2	F	1	5	X	X
193794752	56185330	51	F	1	1	X	517507961
193794753	56185330	51	M	1	0	X	517507789
194154763	56178523	67	M	1	0	X	517662847
194154782	56178192	64	F	1	1	X	X
194154783	56178192	67	M	1	0	X	509155024
194283094	56182158	38	M	1	0	X	517508510
194283095	56181128	37	F	1	1	X	517508236
194283103	56176987	37	F	1	1	X	517507543
194283104	56176987	38	M	1	0	X	517662912
194283113	56179666	37	F	1	1	X	517508057
194283114	56179666	38	M	1	0	X	517507363
194283121	56184449	37	F	1	1	X	517509354
194283122	56184449	38	M	1	0	X	517663302
194283123	56185018	37	F	1	1	X	517507997
194283126	56180345	38	M	1	0	X	517508179
194340373	56177278	74	F	1	1	X	517508023
194340374	56177278	85	M	1	0	X	X
194340404	56184363	85	M	1	0	X	X
194447125	56184983	52	F	1	1	X	X
194447130	56180095	52	M	1	0	X	517662794
194447131	56180095	52	F	1	1	X	X
194447136	56184609	52	M	1	0	X	517507582
194447138	56184624	52	M	1	0	X	517507324
194447139	56184624	52	F	1	1	X	X
194447146	56183364	52	M	1	0	X	517507681
194447147	56183364	52	F	1	1	X	X
194517150	56180575	1	F	1	2	X	X
194517159	56179678	4	F	1	2	450058854	X
194517160	56179678	36	F	1	1	X	517508166
194517161	56179678	39	M	1	0	X	517508884
194517195	56185331	4	F	1	2	450058854	X
194517196	56185331	36	F	1	1	X	517507303
194517197	56185331	39	M	1	0	X	517507293
194638368	56177378	52	M	1	0	X	517662850
194722064	56182850	62	M	1	1	X	517507997
194722129	56183395	52	F	1	0	X	517508426
194722130	56183395	62	M	1	1	X	517508057
194722143	56180605	52	F	1	0	X	517507690
194722153	56178249	52	F	1	0	X	517662923
194875745	56178476	7	F	1	2	450091718	X
194875746	56178476	46	F	1	1	X	X
195079678	56179986	52	F	1	1	X	517508391
195079679	56180179	53	M	1	0	X	517662879
195079682	56180192	52	F	1	1	X	517507489
195150063	56183955	75	M	1	0	X	501429486
195150070	56180458	72	F	1	1	X	517662725
195150089	56182483	75	M	1	0	X	517508807
195150093	56179115	75	M	1	0	X	517507646
195150112	56183912	72	F	1	1	X	517507324
195150113	56183912	75	M	1	0	X	517507914
195150121	56184157	75	M	1	0	X	517507261
195252835	56180851	2	M	1	2	X	X
195252837	56180851	7	M	1	2	450091718	X
195276909	56180928	55	M	1	0	X	517662850
195276942	56177966	53	F	1	1	X	503022728
195394890	56180216	54	F	1	1	X	517507798
195394896	56183598	54	F	1	1	X	517508652
195394906	56177424	54	F	1	1	X	503067794
195394907	56177424	54	M	1	0	X	509156204
195394922	56180163	54	F	1	1	X	517508451
195394925	56177376	54	M	1	0	X	517662850
195394931	56184071	54	M	1	0	X	517508674
195398318	56183438	57	M	1	0	X	517508426
195398319	56185658	57	M	1	0	X	517508772
195398336	56185061	57	M	1	0	X	517508057
195410766	56180488	61	M	1	0	X	517507363
195410769	56180319	60	F	1	12	X	X
195550551	56177755	45	M	1	0	X	517662701
195550557	56176829	45	M	1	0	X	517663176
195550565	56181650	45	M	1	0	X	506979993
195550569	56177352	45	M	1	0	X	517663131
195550581	56177573	45	M	1	0	X	517662725
195550588	56181404	45	M	1	0	X	517508179
195550590	56180394	45	M	1	0	X	517662794
195659674	56179878	33	F	1	0	X	517508229
195659675	56179878	37	M	1	1	X	517507592
195760681	56177271	77	M	1	0	X	X
195760682	56177271	67	F	1	1	X	503066759
195760683	56177131	77	M	1	0	X	X
195760684	56177131	67	F	1	1	X	517663183
195760702	56178945	67	F	1	1	X	517508348
195760703	56177148	77	M	1	0	X	X
195760705	56185581	77	M	1	0	X	X
195760725	56182209	77	M	1	0	X	X
195760726	56182209	67	F	1	1	X	517508524
195813322	56181569	40	F	1	1	X	517508451
195813323	56181569	42	M	1	0	X	517508792
195813328	56179339	40	F	1	1	X	517508002
195813335	56179153	42	M	1	0	X	517507324
195813336	56183986	40	F	1	1	X	517508688
195813337	56183986	42	M	1	0	X	517508540
195984254	56180112	9	M	1	2	450091718	X
195984257	56180112	28	F	1	0	X	517507873
196055697	56183884	6	M	1	2	450096761	X
196055698	56183884	4	F	1	2	X	X
196055699	56183884	39	M	1	0	X	517508880
196055700	56183884	38	F	1	1	X	517662902
196055782	56179591	4	F	1	2	X	X
196055784	56179591	38	F	1	1	X	517508379
196055798	56181506	4	F	1	2	X	X
196055799	56181506	39	M	1	0	X	517508510
196108918	56176903	48	M	1	1	X	517662923
196108919	56176903	14	M	1	2	450096777	X
196138438	56182523	52	F	1	0	X	517508481
196138439	56182523	54	M	1	1	X	517507696
196138450	56183439	52	F	1	0	X	517508128
196138451	56183439	54	M	1	1	X	517663169
196442980	56182141	64	M	1	0	X	517662701
196442983	56182170	64	M	1	0	X	517508805
196442987	56180434	64	M	1	0	X	517507566
196724749	56182612	17	F	1	2	450096777	X
196724776	56180151	17	F	1	2	450096777	X
196724777	56180151	43	F	1	1	X	517662794
196724785	56182380	17	F	1	2	450096777	X
196724807	56181134	43	F	1	1	X	517507646
196724812	56182271	17	F	1	2	450096777	X
196724814	56182271	50	M	1	0	X	517508057
196727987	56185098	74	M	1	1	X	X
196728004	56181275	74	F	1	0	X	517507582
197424066	56184865	3	M	1	2	X	X
197424067	56184865	31	M	1	1	X	517508896
197424078	56183631	3	M	1	2	X	X
197424081	56183631	11	F	1	2	450096778	X
197424114	56179240	3	M	1	2	X	X
197424115	56179240	31	M	1	1	X	517508463
197424117	56179240	11	F	1	2	450096778	X
197424119	56180177	31	M	1	1	X	517507724
197424120	56180177	29	F	1	0	X	517507616
197443841	56176979	25	M	1	2	X	517662923
197443842	56176979	46	F	1	0	X	517663095
197443843	56176979	50	M	1	1	X	517508059
197443845	56183396	46	F	1	0	X	517508890
197443847	56185468	25	M	1	2	X	517662850
197443848	56185468	46	F	1	0	X	517663096
197443849	56185468	50	M	1	1	X	517507976
197443850	56183526	25	M	1	2	X	517508293
197443851	56183526	46	F	1	0	X	517508014
197443885	56179094	50	M	1	1	X	517508804
197443892	56177021	25	M	1	2	X	517508685
197443895	56185608	25	M	1	2	X	517508364
197443924	56178606	50	M	1	1	X	517662730
197468212	56177450	49	M	1	0	X	506979790
197823337	56183542	22	F	1	0	X	X
197823338	56183542	1	M	1	2	X	X
197823339	56183542	22	M	1	1	X	517507932
197901750	56177149	65	F	1	0	X	X
197901767	56180766	65	F	1	0	X	X
197901771	56178876	65	F	1	0	X	X
197901775	56180534	65	F	1	0	X	X
197901779	56178019	65	F	1	0	X	X
197912303	56181040	58	F	1	1	X	X
197912305	56181040	62	M	1	0	X	517508499
197912319	56178478	23	F	1	2	X	517662923
197912320	56178478	62	M	1	0	X	517662923
197912331	56176957	23	F	1	2	X	517507836
197912332	56176957	62	M	1	0	X	503067794
197912365	56178445	62	M	1	0	X	517662831
197912378	56182410	58	F	1	1	X	X
197912384	56181189	58	F	1	1	X	X
197912387	56182490	58	F	1	1	X	X
197912397	56185145	23	F	1	2	X	517507587
197912398	56185145	62	M	1	0	X	517507721
197912415	56182502	23	F	1	2	X	517507324
197912417	56180444	58	F	1	1	X	X
198127154	56178536	52	M	1	0	X	X
198127161	56182235	52	M	1	0	X	X
198169375	56179990	33	M	1	0	X	517507582
198169376	56179990	29	F	1	10	X	517507977
198169378	56183778	29	F	1	10	X	517508187
198360716	56184985	36	F	1	0	X	517508193
198360717	56184985	45	M	1	10	X	517507644
198360730	56179585	36	F	1	0	X	517508179
198360731	56179585	45	M	1	10	X	517507929
198552760	56185235	45	M	9	0	X	517508283
198552762	56185496	45	M	9	0	X	517662850
198552767	56179181	45	M	9	0	X	517663112
198552770	56185072	45	M	9	0	X	517508844
198575374	56182073	53	M	1	1	X	517507324
198575375	56182073	51	F	1	0	X	X
198575376	56180297	53	M	1	1	X	517507696
198771671	56184775	49	M	1	0	X	517508296
198771672	56184775	46	F	1	1	X	517508510
198771685	56184131	5	M	1	5	X	X
198816488	56182189	10	F	1	5	450091718	X
198816489	56182189	48	M	1	7	X	X
198816491	56182189	16	M	1	5	450096777	X
198816494	56182189	13	M	1	5	450096778	X
198816496	56182189	11	F	1	5	450091718	X
198816497	56182189	37	F	1	2	X	517507291
198816499	56182189	57	F	1	0	X	X
198816500	56181670	3	M	1	5	X	X
198816501	56181670	10	F	1	5	450091718	X
198816503	56181670	8	M	1	5	450091718	X
198816507	56181670	13	M	1	5	450096778	X
198816510	56181670	37	F	1	2	X	517507872
198816512	56181670	57	F	1	0	X	X
198926988	56180272	1	F	1	2	X	X
198926992	56183798	33	M	1	0	X	517508592
198926993	56183798	28	F	1	1	X	517508510
198936755	56182696	25	F	1	2	X	517508080
198936756	56182696	49	F	1	0	X	517508780
198936768	56179958	49	F	1	0	X	517507744
198936776	56181701	25	F	1	2	X	517508871
198936803	56183528	25	F	1	2	X	517508057
198936805	56183528	51	M	1	1	X	X
198936813	56185030	49	F	1	0	X	517508159
198936814	56185030	51	M	1	1	X	X
198936831	56183641	49	F	1	0	X	517508110
198936832	56183641	51	M	1	1	X	X
198936884	56181405	25	F	1	2	X	517507334
198936885	56181405	49	F	1	0	X	517508024
198936886	56181405	51	M	1	1	X	X
198936905	56180123	25	F	1	2	X	517507959
198936906	56180123	49	F	1	0	X	517508092
198936907	56180123	51	M	1	1	X	X
198936908	56184119	25	F	1	2	X	517508002
198936926	56181527	25	F	1	2	X	506879796
199030349	56180010	46	M	1	0	X	517508451
199030351	56184364	46	M	1	0	X	517507592
199059225	56183916	47	M	1	1	X	517507977
199059226	56183916	12	M	1	7	450096778	X
199059227	56183916	44	F	1	0	X	517508636
199059228	56183916	10	F	1	7	450091718	X
199158033	56182947	72	F	1	0	X	X
199205339	56185357	61	M	1	0	X	517508532
199454338	56182861	58	F	1	0	X	517508179
199454342	56178231	58	F	1	0	X	517507481
199454344	56178673	58	F	1	0	X	517662848
199454349	56182885	58	F	1	0	X	517508230
199523576	56182283	49	M	1	0	X	517662850
199604358	56183658	56	M	1	0	X	517508843
199604363	56179444	56	M	1	0	X	517508499
199751765	56184545	1	M	1	2	X	X
199751766	56184545	23	M	1	1	X	517508063
199761945	56179202	71	F	1	0	X	X
199761957	56179093	71	F	1	0	X	X
199762893	56184038	64	F	1	0	X	X
199762894	56184038	69	M	1	1	X	517508375
199762895	56179086	64	F	1	0	X	X
200430003	56176800	38	M	1	0	X	517507489
200430009	56185574	38	M	1	0	X	517508059
200430021	56179741	38	M	1	0	X	517508739
200430033	56180253	38	M	1	0	X	517508843
200430035	56179877	38	M	1	0	X	517508697
200430036	56180067	38	M	1	0	X	517508066
200430050	56182016	38	M	1	0	X	517507582
200471329	56177855	27	M	1	0	X	517509352
200471343	56180893	27	M	1	0	X	517508498
200471344	56184352	19	F	1	10	X	517508497
200491398	56184377	6	M	1	2	450096761	X
200491410	56183995	6	M	1	2	450096761	X
200590507	56182177	67	F	1	1	X	X
200915351	56183116	1	M	1	2	X	X
200915353	56183116	42	M	1	1	X	517508890
200915382	56184046	35	F	1	0	X	517507352
200915385	56184046	42	M	1	1	X	517662682
200915411	56179510	1	M	1	2	X	X
200915412	56179510	0	F	1	2	X	X
200915413	56179510	42	M	1	1	X	517508499
201254882	56181704	62	M	1	0	X	506878250
201451796	56182200	64	M	1	0	X	X
201451797	56182200	65	F	1	1	X	X
201451810	56185707	64	M	1	0	X	X
201451811	56185707	65	F	1	1	X	X
201451812	56182064	64	M	1	0	X	X
201451813	56182064	65	F	1	1	X	X
201451814	56177418	64	M	1	0	X	X
201451832	56181048	64	M	1	0	X	X
201663737	56185204	14	F	1	2	450091718	X
201663772	56179440	45	F	1	1	X	517662887
201663795	56182986	43	M	1	0	X	517507260
201783281	56181199	82	F	1	0	X	X
201869056	56185160	17	M	1	2	450058854	X
201869073	56182994	13	F	1	2	450091718	X
201869074	56182994	44	F	1	1	X	X
201869075	56182994	44	M	1	0	X	X
201869076	56184805	17	M	1	2	450058646	X
201869078	56184805	44	F	1	1	X	X
201869090	56185209	44	F	1	1	X	X
201869091	56185209	44	M	1	0	X	X
201869094	56182972	44	F	1	1	X	X
201869095	56182972	44	M	1	0	X	X
201869103	56185179	44	M	1	0	X	X
201869125	56181600	13	F	1	2	450096778	X
201869126	56181600	44	F	1	1	X	X
201869127	56181600	44	M	1	0	X	X
201869137	56185495	13	F	1	2	450091718	X
201869138	56185495	44	F	1	1	X	X
201869139	56185495	44	M	1	0	X	X
201869140	56177112	17	M	1	2	450063600	X
201869152	56184749	17	M	1	2	450058646	X
201869155	56184749	44	M	1	0	X	X
201869169	56180703	13	F	1	2	450096778	X
201869171	56180703	44	M	1	0	X	X
202090490	56181434	53	M	1	0	X	517508179
202090496	56180227	53	M	1	0	X	517663315
202090510	56177410	27	M	1	2	X	517508063
202090514	56184807	53	M	1	0	X	517508756
202090515	56184807	50	F	1	1	X	517507732
202272447	56179972	52	F	1	0	X	517507582
202272465	56180257	52	F	1	0	X	517507649
202297881	56177299	25	M	1	0	X	517662794
202297882	56177299	26	F	1	10	X	517508499
202521413	56185281	48	F	1	1	X	X
202521414	56185281	0	M	1	5	X	X
202578215	56180504	11	M	1	2	450091718	X
202578216	56180504	14	M	1	2	450096777	X
202578218	56180504	47	M	1	0	X	517508766
202578235	56182282	11	M	1	2	450091718	X
202578236	56182282	14	M	1	2	450096777	X
202578238	56182282	47	M	1	0	X	517663247
202578251	56181328	11	M	1	2	450096778	X
202578252	56181328	14	M	1	2	450096777	X
202578253	56181328	52	F	1	1	X	517507612
202578292	56185117	14	M	1	2	450096777	X
202578303	56178580	11	M	1	2	450091718	X
202578305	56178580	52	F	1	1	X	517662850
202578336	56183498	14	M	1	2	450096777	X
202578359	56182071	11	M	1	2	450091718	X
202578360	56182071	14	M	1	2	450096777	X
202578361	56182071	52	F	1	1	X	517508727
202578365	56179372	52	F	1	1	X	517508796
202578366	56179372	47	M	1	0	X	517508543
202578404	56180941	14	M	1	2	450096777	X
202578407	56181639	11	M	1	2	450096778	X
202578413	56181298	52	F	1	1	X	517662879
202578419	56178596	11	M	1	2	450091718	X
202578422	56178596	47	M	1	0	X	517508775
202578431	56180983	11	M	1	2	450096778	X
202578432	56180983	14	M	1	2	450096777	X
202578433	56180983	52	F	1	1	X	517663147
202578439	56185228	11	M	1	2	450091718	X
202578441	56185228	52	F	1	1	X	517507533
202578442	56185228	47	M	1	0	X	517508697
202619862	56184838	35	M	1	0	X	517507346
202619863	56184838	34	F	1	1	X	X
202619864	56184838	8	M	1	2	450091718	X
202619866	56185414	35	M	1	0	X	517508624
202619867	56185414	34	F	1	1	X	X
202619902	56178353	35	M	1	0	X	517663180
202619903	56178353	34	F	1	1	X	X
202619904	56178353	8	M	1	2	450096761	X
202619905	56178353	5	F	1	2	450058854	X
202636962	56185519	10	M	1	2	450091718	X
202636965	56185519	15	F	1	2	450096777	X
202636967	56184821	42	F	1	0	X	517507765
202901296	56185702	34	F	1	1	X	517507281
202901297	56185702	36	M	1	0	X	501428504
202901300	56177899	36	M	1	0	X	506979537
202901333	56180819	36	M	1	0	X	517508202
202901334	56178513	7	M	1	2	450096761	X
202901336	56178513	36	M	1	0	X	517507834
203130573	56178964	47	M	1	0	X	517662850
203130582	56180870	46	F	1	1	X	517508451
203130583	56180870	47	M	1	0	X	517508470
203130590	56180931	46	F	1	1	X	517508316
203130602	56181570	46	F	1	1	X	517663320
203130618	56181285	46	F	1	1	X	517662896
203130620	56184879	46	F	1	1	X	517508200
203130621	56184879	47	M	1	0	X	517507285
203130624	56179860	46	F	1	1	X	517508451
203343635	56182671	26	M	1	0	X	517507519
203585675	56181878	52	M	1	0	X	517663129
203585676	56181878	50	F	1	1	X	517508705
203585686	56183568	50	F	1	1	X	517508483
203585703	56181820	52	M	1	0	X	517507873
203585712	56181461	50	F	1	1	X	517663338
203585720	56183562	50	F	1	1	X	517508426
203599748	56178557	63	F	1	1	X	517662865
203599755	56177332	56	M	1	0	X	506979788
203599770	56185323	63	F	1	1	X	517508057
203599771	56185323	56	M	1	0	X	517508131
203599780	56180694	63	F	1	1	X	517507582
203599784	56177495	63	F	1	1	X	517662747
203599785	56177495	56	M	1	0	X	510062326
203599789	56178237	56	M	1	0	X	517508869
203599795	56180337	56	M	1	0	X	517508428
203943764	56180130	49	F	1	0	X	517508555
203943767	56180839	19	M	1	2	X	X
203943768	56180839	49	F	1	0	X	517662896
203943769	56177397	19	M	1	2	X	X
203943789	56180009	19	M	1	2	X	X
203943793	56178843	19	M	1	2	X	X
203943794	56178843	49	F	1	0	X	517508674
203943805	56183229	19	M	1	2	X	X
203943806	56183229	49	F	1	0	X	517508336
203943809	56180053	19	M	1	2	X	X
203943881	56179714	19	M	1	2	X	X
203943887	56183224	19	M	1	2	X	X
203943894	56182308	49	F	1	0	X	517508727
203943897	56177038	19	M	1	2	X	X
203943898	56177038	49	F	1	0	X	517508057
203943903	56179919	19	M	1	2	X	X
203943911	56183134	19	M	1	2	X	X
203943912	56183134	49	F	1	0	X	517663307
203943917	56184748	19	M	1	2	X	X
203943918	56184748	49	F	1	0	X	517508059
203943938	56179930	49	F	1	0	X	517508415
203943939	56179611	19	M	1	2	X	X
203943940	56179611	49	F	1	0	X	517508057
203943953	56185339	19	M	1	2	X	X
203943971	56178706	19	M	1	2	X	X
203943972	56178706	49	F	1	0	X	517663135
204348968	56180677	88	F	1	0	X	X
204750847	56185242	57	F	1	0	X	501427779
204750852	56178142	57	F	1	0	X	517662705
204775001	56180935	69	F	1	1	X	517662850
204775002	56180935	71	M	1	0	X	X
204775023	56181459	69	F	1	1	X	517508756
204775030	56180629	71	M	1	0	X	X
204916274	56183271	58	M	1	1	X	517508278
204916275	56183271	56	F	1	0	X	517507628
204916284	56178699	58	M	1	1	X	517662730
204916295	56185424	56	F	1	0	X	517508563
204916296	56185490	58	M	1	1	X	517508079
204916300	56182367	58	M	1	1	X	517508159
204916301	56182367	56	F	1	0	X	517507895
204916313	56178984	56	F	1	0	X	517508499
204916316	56179348	58	M	1	1	X	517507739
204916317	56179348	56	F	1	0	X	517508767
204916332	56180635	58	M	1	1	X	517508368
204916333	56180635	56	F	1	0	X	517663095
205043743	56178147	61	F	1	0	X	X
205659005	56184335	28	M	1	0	X	517508569
205673772	56183794	24	M	1	0	X	517662794
205673774	56183794	24	F	1	1	X	X
206021605	56180482	50	M	1	0	X	517508470
206021608	56179649	50	M	1	0	X	517508271
206021614	56180008	50	M	1	0	X	517508310
206021619	56178218	50	M	1	0	X	517508002
206021623	56177291	50	M	1	0	X	517508729
206034479	56183117	29	F	1	1	X	X
206034481	56183117	33	M	1	0	X	517507922
206034483	56183117	7	M	1	2	450091718	X
206103142	56179505	55	F	1	0	X	517508187
206103161	56177290	54	M	1	1	X	517509374
206103175	56177605	54	M	1	1	X	517662850
206103176	56177605	55	F	1	0	X	506317429
206103177	56178621	54	M	1	1	X	517662807
206103183	56181556	54	M	1	1	X	517507558
206103184	56181556	55	F	1	0	X	517508470
206103185	56185194	54	M	1	1	X	517507914
206103187	56179565	54	M	1	1	X	517508236
206103188	56179565	55	F	1	0	X	517507773
206528707	56180746	22	M	1	2	X	517507696
206528708	56180746	42	F	1	0	X	517663328
206528723	56184573	22	M	1	2	X	517662741
206528724	56184573	42	F	1	0	X	517508009
206528737	56179545	22	M	1	2	X	517507343
206528738	56179545	42	F	1	0	X	517508455
206528761	56183904	22	M	1	2	X	517507324
206528783	56182740	22	M	1	2	X	517508247
206528784	56182740	42	F	1	0	X	517662850
206528785	56183242	22	M	1	2	X	517508241
206528787	56181161	22	M	1	2	X	517508057
206529081	56179080	50	F	1	0	X	517508463
206529085	56179509	50	F	1	0	X	517508464
207025702	56178850	51	F	1	0	X	517508873
207060038	56178739	46	F	1	0	X	517507661
207060039	56178739	49	M	1	1	X	517662753
207060055	56179423	49	M	1	1	X	517508385
207060056	56179423	7	M	1	2	450096761	X
207060067	56184698	49	M	1	1	X	517508200
207060068	56184698	7	M	1	2	450091718	X
207060082	56177314	46	F	1	0	X	517663286
207060084	56177314	7	M	1	2	450091718	X
207060085	56177314	5	F	1	2	450058854	X
207060114	56181777	46	F	1	0	X	517662923
207060130	56177300	46	F	1	0	X	517508726
207060131	56177300	49	M	1	1	X	517507524
207060132	56177300	7	M	1	2	450091718	X
207060142	56181002	46	F	1	0	X	506878227
207060143	56181002	49	M	1	1	X	517508197
207060144	56181002	7	M	1	2	450091718	X
207060148	56181414	7	M	1	2	450091718	X
207060149	56181414	5	F	1	2	450066968	X
207450104	56182610	60	F	1	1	X	X
207450106	56182474	60	F	1	1	X	X
207450107	56182474	59	M	1	0	X	517507306
207450110	56181999	60	F	1	1	X	X
207450129	56179562	59	M	1	0	X	517507324
207535207	56178866	60	F	1	0	X	517507744
207535208	56178866	61	M	1	1	X	517508358
207535215	56178384	60	F	1	0	X	517507948
207595030	56179631	67	F	1	1	X	X
207595040	56185568	67	F	1	1	X	X
207722300	56184607	4	M	1	2	450058854	X
207722301	56184607	9	F	1	2	450058854	X
207722388	56180996	34	M	1	0	X	517507269
207722389	56180996	3	F	1	2	450058854	X
207722390	56180996	4	M	1	2	450058854	X
207722392	56180996	35	F	1	1	X	X
207947927	56182313	87	F	1	0	X	X
207947934	56177356	87	F	1	0	X	X
208050079	56179659	56	M	1	0	X	517508242
208676187	56183979	19	F	1	10	X	517662889
208676188	56183979	1	F	1	2	X	X
208676212	56179103	1	F	1	2	X	X
208676217	56181312	19	F	1	10	X	517507671
208676219	56184478	20	M	1	0	X	517508054
208676220	56184478	19	F	1	10	X	517507738
208676221	56184478	1	F	1	2	X	X
208676225	56182926	20	M	1	0	X	517508652
208676264	56184593	20	M	1	0	X	517508407
208676265	56184593	19	F	1	10	X	517663175
208676266	56184593	1	F	1	2	X	X
208676325	56182734	19	F	1	10	X	517508057
208676326	56182734	1	F	1	2	X	X
208676343	56180568	19	F	1	10	X	517508358
208676362	56183146	1	F	1	2	X	X
208676387	56183407	20	M	1	0	X	517507608
208676389	56183407	1	F	1	2	X	X
208712878	56183219	6	M	1	2	450091718	X
208712880	56183219	36	M	1	0	X	517508107
208712881	56184507	6	M	1	2	450096761	X
208712882	56184507	34	F	1	1	X	501427989
208712883	56184507	36	M	1	0	X	517507491
208712935	56179589	6	M	1	2	450096761	X
208712937	56179589	36	M	1	0	X	517507932
208722949	56182100	69	F	1	1	X	X
208722951	56182100	67	M	1	7	X	X
208722958	56185143	69	F	1	1	X	X
208722959	56185143	79	M	1	0	X	X
208722960	56185143	67	M	1	7	X	X
208722971	56182152	79	M	1	0	X	X
208722973	56179584	69	F	1	1	X	X
208722974	56179584	79	M	1	0	X	X
208803348	56177031	87	F	1	0	X	X
208839478	56176814	23	M	1	2	X	517662850
208839502	56185708	23	M	1	2	X	517507390
208839503	56185708	44	F	1	1	X	517663327
208839518	56183687	44	F	1	1	X	517507998
208839519	56183687	49	M	1	0	X	517507544
208839524	56178382	44	F	1	1	X	517662850
208839525	56178382	49	M	1	0	X	517508805
208839526	56183200	23	M	1	2	X	517508351
208840042	56179948	9	M	1	2	450091718	X
208840045	56179948	6	F	1	2	450091718	X
208840054	56181085	5	M	1	2	450094430	X
208840081	56182466	36	F	1	0	X	517508043
208840085	56182466	6	F	1	2	450091718	X
208980500	56184519	81	M	1	1	X	X
208980501	56184519	69	F	1	0	X	X
209244102	56179660	33	M	1	10	X	517508179
209244105	56181836	36	F	1	0	X	517508161
209244116	56185351	33	M	1	10	X	501427658
209244135	56185306	36	F	1	0	X	517508057
209244149	56183931	36	F	1	0	X	517508754
209244150	56180528	33	M	1	10	X	517508358
209244151	56180528	36	F	1	0	X	506880803
209244153	56179285	36	F	1	0	X	517508057
209244170	56183975	33	M	1	10	X	517662888
209244171	56183975	36	F	1	0	X	517508086
209244176	56179553	33	M	1	10	X	517663333
209244177	56179553	36	F	1	0	X	517507882
209244182	56180998	33	M	1	10	X	517507600
209244183	56180998	36	F	1	0	X	517507481
209244192	56179967	33	M	1	10	X	517508236
209244193	56179967	36	F	1	0	X	517508057
209244195	56180220	36	F	1	0	X	517508179
209244206	56178877	33	M	1	10	X	517508057
209244210	56179559	33	M	1	10	X	517508057
209244211	56179559	36	F	1	0	X	517508002
209244222	56179803	33	M	1	10	X	517508179
209346247	56183170	53	F	1	0	X	517507281
209346249	56183333	53	F	1	0	X	517508495
209346253	56184060	53	F	1	0	X	517663278
209412155	56178797	78	F	1	0	X	517508553
209497778	56185723	53	M	1	0	X	517507497
209497781	56185038	53	M	1	0	X	517507587
209978479	56176849	59	M	1	0	X	517508014
210295212	56176982	31	M	1	1	X	517662923
210295214	56180509	31	M	1	1	X	517507324
210295227	56178199	27	F	1	0	X	517662850
210295228	56178199	31	M	1	1	X	517507890
210414298	56176837	70	F	1	1	X	X
210414303	56180530	73	M	1	0	X	517508000
210414304	56180530	70	F	1	1	X	X
210414305	56176857	73	M	1	0	X	517663184
210414322	56183044	70	F	1	1	X	X
210414329	56185666	73	M	1	0	X	517508763
210495761	56179976	46	M	1	0	X	517663166
210495776	56179375	46	M	1	0	X	517508399
210495778	56181294	46	M	1	0	X	517507942
210619608	56182021	46	F	1	0	X	517663307
210619609	56182021	18	F	1	2	450096777	517663273
210619635	56180536	16	M	1	2	450096777	X
210619636	56180536	46	F	1	0	X	517507816
210619639	56183317	16	M	1	2	450096777	X
210619641	56183317	18	F	1	2	450096777	517507571
210619675	56178325	16	M	1	2	450096777	X
210619676	56178325	46	F	1	0	X	517507316
210619679	56185273	16	M	1	2	450096777	X
210619680	56185273	46	F	1	0	X	517508147
210619681	56185273	18	F	1	2	450096777	517508412
210789492	56185375	50	F	1	0	X	517507500
210789493	56185375	44	M	1	1	X	517507561
210789498	56185602	50	F	1	0	X	517507655
210789499	56185602	44	M	1	1	X	517507644
210923258	56178047	53	M	1	0	X	517507696
210923259	56184903	53	M	1	0	X	517508125
211013498	56179873	36	M	1	9	X	517508014
211013503	56182765	40	M	1	0	X	517507676
211013504	56182765	36	M	1	9	X	517508061
211121020	56183682	4	M	1	2	X	X
211121021	56183682	24	F	1	0	X	517507829
211129985	56183538	53	M	1	0	X	517508002
211129986	56183538	20	M	1	6	X	517507715
211129987	56183538	2	F	1	2	X	X
211129990	56183538	43	F	1	1	X	X
211190412	56183453	9	M	1	2	450096761	X
211190414	56183453	31	F	1	0	X	X
211190416	56183453	2	M	1	2	X	X
211190417	56183453	1	F	1	2	X	X
211408002	56185466	59	M	1	1	X	517508102
211533355	56178633	68	M	1	0	X	517508110
211613121	56183660	57	M	1	0	X	517508504
211613128	56181974	57	M	1	0	X	517663177
211779116	56185534	74	F	1	0	X	X
211913129	56180643	79	M	1	0	X	X
211913139	56177231	79	M	1	0	X	X
212111475	56182443	46	M	1	0	X	517508396
212111476	56182443	50	F	3	1	X	X
212111485	56182447	46	M	1	0	X	517662889
212122687	56184029	30	F	1	0	X	517508751
212135340	56177342	37	F	1	1	X	X
212135341	56177342	52	M	1	0	X	517508525
212192425	56183807	51	F	1	0	X	517507925
212192431	56181135	51	F	1	0	X	517507824
212392584	56178859	12	M	1	2	450096778	X
212392585	56178859	51	M	1	1	X	517508499
212392586	56178859	38	F	1	0	X	517508727
212392587	56178859	5	F	1	2	X	X
212392599	56177617	12	M	1	2	450096778	X
212392601	56177617	38	F	1	0	X	517662838
212462199	56178427	74	F	1	0	X	517508109
212462205	56178165	74	F	1	0	X	517508002
212462211	56182503	74	F	1	0	X	517662918
212782987	56181921	52	F	1	0	X	X
212782992	56182011	16	M	1	2	450096777	517508401
212782993	56182011	52	F	1	0	X	X
212782994	56182011	55	M	1	1	X	517508796
212782996	56182915	52	F	1	0	X	X
212782997	56182915	55	M	1	1	X	517663184
212782998	56179532	16	M	1	2	450096777	517507334
212783000	56179532	55	M	1	1	X	517507827
212783001	56182096	16	M	1	2	450096777	517663256
212783002	56182096	52	F	1	0	X	X
212783003	56182096	55	M	1	1	X	517662923
212783013	56181668	16	M	1	2	450096777	517507582
212783015	56181668	55	M	1	1	X	517507673
212783018	56182777	55	M	1	1	X	517507587
212783019	56182629	16	M	1	2	450096777	517662850
212783021	56182629	55	M	1	1	X	517508057
212783025	56182931	16	M	1	2	450096777	517508781
212783027	56182931	55	M	1	1	X	517507739
212800202	56177046	50	F	1	0	X	X
212800214	56181678	50	F	1	0	X	X
213024338	56179284	86	M	9	0	X	X
213024376	56179243	86	M	9	0	X	X
213054035	56177698	53	M	1	1	X	517508002
213054036	56177698	23	M	1	2	X	517508572
213054059	56181893	17	M	1	2	450096777	517508043
213054060	56181893	53	M	1	1	X	517507827
213054061	56181893	23	M	1	2	X	517663305
213054063	56181893	47	F	1	0	X	517507582
213054067	56183236	18	M	1	2	X	517508592
213054068	56183236	47	F	1	0	X	517507782
213054096	56183410	23	M	1	2	X	517507940
213054097	56183410	18	M	1	2	X	517508695
213054104	56180477	17	M	1	2	450096777	517508589
213054106	56180477	23	M	1	2	X	514201250
213073325	56178796	46	M	1	10	X	517507580
213073328	56185210	41	F	1	0	X	517508350
213073329	56185210	46	M	1	10	X	517508875
213073336	56180385	41	F	1	0	X	517508415
213073337	56180385	46	M	1	10	X	517508706
213073340	56184357	41	F	1	0	X	517508499
213073344	56184635	41	F	1	0	X	517505413
213073345	56184635	46	M	1	10	X	517507306
213073346	56180147	41	F	1	0	X	517508623
213073347	56180147	46	M	1	10	X	517508532
213073350	56178180	41	F	1	0	X	517662848
213073351	56178180	46	M	1	10	X	517662847
213073359	56184848	46	M	1	10	X	517662923
213073373	56177684	46	M	1	10	X	517662850
213073386	56177723	41	F	1	0	X	517662847
213073389	56179560	46	M	1	10	X	517507914
213365281	56177696	54	F	1	0	X	X
213365282	56177696	61	M	1	1	X	517508107
213484724	56178824	51	F	1	0	X	X
213484725	56178824	51	M	1	1	X	517508057
213484731	56181908	51	M	1	1	X	517507785
213484732	56181908	16	F	1	2	450096777	517508796
213484734	56181640	51	M	1	1	X	517507602
213484745	56178470	51	F	1	0	X	X
213484747	56178470	16	F	1	2	450096777	517662850
213775941	56184549	3	M	8	2	X	X
213775946	56184603	24	F	8	0	X	517508057
213775949	56184526	3	M	8	2	X	X
213775954	56184378	24	F	8	0	X	517508691
213775958	56184291	24	F	8	0	X	517508451
213775970	56184264	24	F	8	0	X	517508730
213775973	56184259	3	M	8	2	X	X
213775974	56184259	24	F	8	0	X	501428504
213775987	56184258	3	M	8	2	X	X
214029380	56179901	44	F	1	1	X	517507708
214029385	56180874	51	M	1	0	X	517508428
214029393	56185646	51	M	1	0	X	517508649
214193643	56178913	45	M	1	0	X	517508837
214193647	56183731	45	M	1	0	X	517507533
214193653	56184639	45	M	1	0	X	517507953
214193657	56179824	45	M	1	0	X	517508110
214193665	56181960	45	M	1	0	X	517507405
214193673	56183098	45	M	1	0	X	517508092
214193675	56180066	45	M	1	0	X	517507847
214193676	56183058	45	M	1	0	X	517508726
214193704	56179802	45	M	1	0	X	517507772
214240696	56176774	27	M	1	0	X	517508499
214240697	56184394	28	F	1	1	X	517507481
214405207	56185264	14	F	1	2	450096777	X
214405208	56185264	13	F	1	2	450091718	X
214405209	56185264	37	F	1	0	X	517508183
214405211	56185264	6	F	1	2	450096761	X
214405222	56184084	14	F	1	2	450096777	X
214405224	56184084	37	F	1	0	X	517662850
214405226	56184084	6	F	1	2	450096761	X
214405253	56185163	13	F	1	2	450091718	X
214405254	56185163	37	F	1	0	X	517508107
214405255	56185163	42	M	1	1	X	517508238
214405313	56183137	13	F	1	2	450091718	X
214405314	56183137	37	F	1	0	X	517507600
214405315	56183137	42	M	1	1	X	517507264
214405316	56183137	6	F	1	2	450096761	X
214504764	56185657	75	M	1	0	X	517507587
214504769	56177027	75	M	1	0	X	517508065
214504771	56179264	75	M	1	0	X	517508739
214504773	56184950	75	M	1	0	X	517509370
214504774	56176820	75	M	1	0	X	517662745
214661565	56182750	60	M	1	0	X	517662850
214661596	56179623	59	F	1	1	X	517507368
214935423	56185437	47	F	1	1	X	517662807
214935450	56181425	14	M	1	2	450096777	X
214935453	56181425	14	F	1	2	450096777	X
214935457	56178376	14	F	1	2	450096777	X
214935463	56183869	47	F	1	1	X	517507798
214935464	56183869	44	M	1	0	X	517508726
214935465	56183869	14	F	1	2	450096777	X
215142299	56180705	46	M	1	0	X	517507893
215242240	56179143	84	F	1	0	X	X
215532456	56184836	64	M	1	1	X	517508803
215532457	56182343	61	F	1	0	X	517508330
215532459	56178972	61	F	1	0	X	517508319
215532465	56177092	61	F	1	0	X	517508517
215606477	56180285	53	M	1	0	X	517507500
215606492	56180145	30	F	1	1	X	517508801
215618742	56181202	82	F	1	0	X	X
215618745	56180470	82	F	1	0	X	X
215706188	56182661	16	M	1	2	450096777	517508179
215706208	56185374	16	M	1	2	450096777	517508697
215706211	56185374	8	F	1	2	450091718	X
215706212	56185374	9	M	1	2	450091718	X
215706234	56184596	36	F	1	0	X	517507721
215706235	56184596	40	M	1	12	X	X
215706236	56184596	8	F	1	2	450096761	X
215706253	56183142	16	M	1	2	450096777	517663177
215706255	56183142	40	M	1	12	X	X
215706256	56183142	8	F	1	2	450091718	X
215706257	56183142	9	M	1	2	450091718	X
215865146	56183536	49	M	1	0	X	517507563
215865149	56179226	49	M	1	0	X	517508283
215865150	56180685	49	M	1	0	X	506979534
215997136	56182095	50	M	1	1	X	517507827
215997147	56181037	15	F	1	2	450096777	X
215997158	56179334	50	F	1	0	X	517508499
215997166	56185060	50	M	1	1	X	517663128
215997167	56185060	50	F	1	0	X	517508283
215997180	56182233	15	F	1	2	450096777	X
215997182	56182233	50	F	1	0	X	517662850
215997190	56180924	50	M	1	1	X	517508110
215997208	56180364	50	M	1	1	X	517508721
215997209	56180364	50	F	1	0	X	517663273
215997210	56185016	15	F	1	2	450096777	X
215997212	56185016	50	F	1	0	X	517662850
215997217	56177035	50	M	1	1	X	517507785
215997218	56177035	50	F	1	0	X	517662883
216008003	56183873	34	F	1	0	X	517508057
216008020	56180214	36	M	1	1	X	517507525
216008042	56177250	36	M	1	1	X	517662850
216008063	56180146	34	F	1	0	X	517663278
216008072	56177959	36	M	1	1	X	517662850
216008083	56179662	34	F	1	0	X	517508697
216008086	56180152	36	M	1	1	X	506980630
216008106	56179646	36	M	1	1	X	517508179
216008128	56180176	36	M	1	1	X	517507984
216070163	56177345	26	M	1	0	X	517662919
216070164	56178752	26	M	1	0	X	506317429
216070167	56179985	26	M	1	0	X	517508623
216189919	56182080	31	M	1	2	X	517507410
216189938	56180773	59	F	1	1	X	517662896
216189943	56181252	31	M	1	2	X	517508442
216189954	56182041	60	M	1	0	X	517508752
216189955	56179248	31	M	1	2	X	517508805
216189957	56179248	60	M	1	0	X	517508066
216346491	56178074	50	F	1	1	X	X
216346502	56178628	55	M	1	0	X	517507587
216346522	56178130	11	M	1	2	450091718	X
216346523	56178130	55	M	1	0	X	517663090
216346536	56178652	50	F	1	1	X	X
216537417	56177041	67	F	1	0	X	X
216537422	56179434	67	F	1	0	X	X
216710386	56182666	12	M	1	2	450091718	X
216710387	56182666	6	M	1	2	450096761	X
216710391	56182666	14	F	1	2	450096777	X
216760855	56178167	46	M	1	0	X	X
216760856	56178167	8	M	1	2	450091718	X
216760857	56178167	41	F	1	1	X	517662701
216760858	56182330	46	M	1	0	X	X
216760860	56182330	41	F	1	1	X	517507492
216760875	56185024	41	F	1	1	X	517507281
216760885	56178107	46	M	1	0	X	X
216760886	56178107	8	M	1	2	450096761	X
216760887	56178107	41	F	1	1	X	517662850
216760907	56184965	8	M	1	2	450091718	X
216760908	56184965	41	F	1	1	X	517508097
216760913	56184645	8	M	1	2	450091718	X
216845793	56178800	65	F	1	1	X	X
216845794	56178800	72	M	1	0	X	X
216845806	56179621	72	M	1	0	X	X
216845812	56184954	72	M	1	0	X	X
216914331	56181402	33	F	1	0	X	X
216914337	56181561	33	F	1	0	X	X
216914339	56181561	1	F	1	2	X	X
217066808	56176861	7	F	1	2	450097548	X
217066810	56176861	28	M	1	0	X	517508262
217066823	56184139	7	F	1	2	450091718	X
217066825	56184139	28	M	1	0	X	517507822
217066826	56184139	6	F	1	2	450096761	X
217361483	56178114	1	M	1	2	X	X
217361484	56178114	22	M	1	0	X	517509354
217361521	56180856	22	F	1	1	X	X
217361522	56180856	1	M	1	2	X	X
217566162	56177979	56	F	1	0	X	X
217613412	56180003	21	M	1	12	X	517663257
217613439	56183905	27	M	1	0	X	517508554
217628770	56179314	49	F	1	1	X	517508002
217628771	56176803	53	M	1	0	X	517507502
217636217	56179782	56	M	1	0	X	517663278
217760689	56178468	56	M	1	0	X	X
217986000	56178655	32	M	1	0	X	517507815
217986002	56178655	34	F	1	1	X	517662755
218096038	56180384	19	F	1	2	X	X
218096054	56185217	17	M	1	2	450096777	X
218096055	56185217	45	F	1	0	X	517507345
218096056	56185217	46	M	1	1	X	517508426
218096057	56185217	21	M	1	2	X	517508756
218363985	56183216	40	M	1	0	X	517508002
218363988	56180043	40	M	1	0	X	517507886
218363997	56179392	40	M	1	0	X	517508057
218364002	56184269	40	M	1	0	X	517507804
218364005	56180270	40	M	1	0	X	517507744
218375261	56179146	17	M	1	2	450096777	517508057
218387236	56184986	26	F	1	1	X	X
218387237	56184986	8	F	1	7	450091718	X
218387313	56182865	26	F	1	1	X	X
218387316	56182865	0	F	1	2	X	X
218387318	56182865	30	M	1	7	X	517508002
218387319	56182865	29	F	1	7	X	X
218387357	56182664	31	M	1	7	X	517508262
218387361	56182664	29	F	1	7	X	X
218387384	56178159	8	F	1	7	450091718	X
218387385	56178159	31	M	1	7	X	517508867
218508379	56179608	86	M	1	0	X	X
218536284	56185369	73	F	1	1	X	X
218666572	56181221	5	M	9	2	450096761	X
218666573	56181221	35	M	8	1	X	517508347
218666590	56178439	2	F	9	2	X	X
218747568	56179529	8	M	1	2	450096761	X
218747597	56179963	33	F	1	0	X	517507341
218747598	56179963	8	M	1	2	450091718	X
218747636	56182949	33	F	1	0	X	517508139
218747637	56182949	8	M	1	2	450091718	X
218747638	56182949	31	M	1	3	X	517508107
219040155	56180245	44	F	1	0	X	517662850
219040158	56185474	44	F	1	0	X	517508002
219755953	56179385	68	M	1	1	X	X
220176268	56178048	53	F	2	0	X	X
220176276	56177993	53	F	2	0	X	X
220176277	56177993	50	M	1	12	X	X
220176280	56178017	53	F	2	0	X	X
220224625	56178464	1	F	1	2	X	X
220392169	56182023	13	M	1	2	450096778	X
220392178	56184129	13	M	1	2	450096778	X
220392182	56179150	43	F	1	0	X	517508751
220392183	56179150	15	M	1	2	450096778	X
220392201	56182856	15	M	1	2	450096778	X
220392224	56184209	43	F	1	0	X	517507293
220392225	56184209	15	M	1	2	450096778	X
220392233	56184278	43	F	1	0	X	517508451
220392234	56184278	15	M	1	2	450096778	X
220392235	56184380	13	M	1	2	450096778	X
220392236	56184380	43	F	1	0	X	517508426
220392237	56184380	15	M	1	2	450096778	X
220392247	56180481	13	M	1	2	450091718	X
220392248	56180481	43	F	1	0	X	517508179
220392259	56179024	13	M	1	2	450096778	X
220392260	56179024	43	F	1	0	X	517507324
220454427	56183739	29	M	1	0	X	517508404
220454428	56183739	1	F	1	2	X	X
220454448	56177090	29	M	1	0	X	517508499
220454449	56177090	1	F	1	2	X	X
220454450	56177090	20	F	1	1	X	X
220468106	56179658	54	M	1	0	X	517508002
220468108	56181246	54	M	1	0	X	517507801
221095315	56184705	48	F	1	1	X	517508096
221095317	56184705	48	M	1	0	X	517507587
221095318	56183245	48	F	1	1	X	517508166
221095319	56183245	22	M	1	2	X	501428199
221095320	56183245	48	M	1	0	X	517508112
221095327	56181975	48	F	1	1	X	517507293
221273343	56177348	63	F	1	0	X	X
221273353	56183140	63	F	1	0	X	X
221273356	56178450	63	F	1	0	X	X
221315866	56178310	69	F	1	0	X	X
221461829	56184304	21	F	1	0	X	517507745
221461836	56183835	21	M	1	10	X	517508353
221461837	56183835	21	M	1	9	X	517508752
221637988	56184328	71	M	1	0	X	X
221637989	56184328	54	F	1	1	X	517508179
221638006	56180933	71	M	1	0	X	X
221638028	56176906	71	M	1	0	X	X
221638029	56176906	54	F	1	1	X	517663177
221786021	56182014	41	M	1	0	X	517508676
221786036	56182636	41	M	1	0	X	517508443
221786037	56182636	2	F	1	2	X	X
221786038	56182636	39	F	1	1	X	X
221786041	56179073	39	F	1	1	X	X
221786048	56179077	41	M	1	0	X	517507552
221786049	56179077	2	F	1	2	X	X
221786067	56182047	2	F	1	2	X	X
221786068	56182047	39	F	1	1	X	X
221786072	56183983	41	M	1	0	X	517508290
221786073	56183983	2	F	1	2	X	X
221786082	56178894	2	F	1	2	X	X
221786084	56182645	41	M	1	0	X	517507261
221786085	56182645	2	F	1	2	X	X
221786086	56182645	39	F	1	1	X	X
221786096	56184612	41	M	1	0	X	517508177
221786098	56184612	39	F	1	1	X	X
221786099	56184016	41	M	1	0	X	517508283
221786108	56181388	41	M	1	0	X	517663327
221786110	56181388	39	F	1	1	X	X
221786131	56184063	39	F	1	1	X	X
221786136	56182570	2	F	1	2	X	X
221786137	56182570	39	F	1	1	X	X
221786138	56184120	41	M	1	0	X	517508499
221786139	56184120	2	F	1	2	X	X
221786140	56184120	39	F	1	1	X	X
221786141	56184325	41	M	1	0	X	517662850
221886541	56185253	46	M	9	0	X	517508307
221886558	56185641	46	M	9	0	X	517507661
222133274	56179746	79	F	1	0	X	X
222133300	56181023	79	F	1	0	X	X
222133301	56181023	37	M	1	5	X	X
222133304	56180668	79	F	1	0	X	X
222133305	56180668	37	M	1	5	X	X
222142705	56182720	69	F	1	0	X	X
222213130	56177426	34	F	1	0	X	517508672
222213131	56177426	6	M	1	2	450096761	X
222213132	56177426	9	M	1	2	450096761	X
222213135	56183647	6	M	1	2	450096761	X
222213136	56183647	9	M	1	2	450096761	X
222398903	56179422	52	M	1	1	X	517508179
222398904	56179422	60	F	1	0	X	517508296
222398917	56179602	52	M	1	1	X	517507488
222398918	56179602	60	F	1	0	X	517508341
222398944	56177019	60	F	1	0	X	517662850
222398949	56181241	52	M	1	1	X	517508803
222398950	56181241	60	F	1	0	X	517508494
222439643	56180546	49	F	1	1	X	517508358
222439651	56178929	49	F	1	1	X	517508057
222439655	56181842	49	F	1	1	X	517508652
222439679	56183210	49	F	1	1	X	517508854
222512804	56182660	42	M	1	0	X	517508238
222512805	56182660	47	F	1	10	X	517507355
222512841	56181061	47	F	1	10	X	517508707
222512850	56182845	47	F	1	10	X	517507932
222512864	56177228	42	M	1	0	X	517662850
222512865	56177228	47	F	1	10	X	517662923
222512866	56177228	17	M	1	12	X	X
222512871	56184266	47	F	1	10	X	517507533
222512872	56184266	17	M	1	12	X	X
222512874	56180327	47	F	1	10	X	517507818
222512891	56178634	42	M	1	0	X	517507827
222512892	56178634	47	F	1	10	X	506979514
222512893	56178634	17	M	1	12	X	X
222512894	56184957	42	M	1	0	X	517508516
222512895	56184957	47	F	1	10	X	517663324
222613913	56185345	67	M	1	0	X	X
222613934	56179325	64	F	1	1	X	X
222663982	56178323	14	M	1	2	450091718	X
222663983	56178323	54	F	1	3	X	X
222767028	56179076	59	F	1	0	X	517508763
222767049	56178995	59	F	1	0	X	517508499
222915941	56177863	67	M	1	0	X	X
223207434	56177749	72	M	1	0	X	X
223207435	56177749	67	F	1	1	X	X
223207436	56177008	72	M	1	0	X	X
223207437	56177008	67	F	1	1	X	X
223207438	56185308	72	M	1	0	X	X
223207452	56178378	72	M	1	0	X	X
223309700	56181973	85	M	1	0	X	X
223309709	56184136	85	F	1	1	X	X
223309714	56180999	85	M	1	0	X	X
223309715	56180999	85	F	1	1	X	X
223309725	56181863	85	F	1	1	X	X
223518640	56181685	27	M	1	0	X	517507349
223518656	56183532	43	F	3	1	X	517508297
223518657	56183532	14	F	3	2	450096778	X
223518679	56184516	27	M	1	0	X	517507281
223518680	56184516	43	F	3	1	X	517508538
223518681	56184516	14	F	3	2	450096778	X
223518682	56180208	27	M	1	0	X	517508390
223518683	56180208	43	F	3	1	X	517508752
223894257	56185025	15	F	1	2	450096777	X
223894258	56185025	15	M	1	2	450096777	X
223894307	56185383	41	M	1	0	X	517508381
223894308	56185383	15	F	1	2	450096777	X
224282516	56177923	50	F	1	10	X	X
224282517	56177923	12	F	1	2	450096778	X
224282534	56180812	50	F	1	10	X	X
224282535	56180812	12	F	1	2	450096778	X
224282536	56180812	50	M	1	0	X	517508047
224371961	56177726	6	F	1	5	450096761	X
224371963	56177726	52	F	1	0	X	503022728
224371965	56181306	32	F	1	2	X	517507516
224371966	56181306	29	M	1	2	X	517663278
224372400	56183819	59	M	1	1	X	517507850
224372405	56181346	56	F	1	0	X	517507355
224372419	56180519	56	F	1	0	X	517508358
224445388	56179309	49	M	1	0	X	517508066
224445398	56182310	49	M	1	0	X	517507582
224445401	56179758	47	F	1	1	X	517507587
224445402	56179758	49	M	1	0	X	517508095
224445419	56180627	47	F	1	1	X	517508520
224445420	56180627	49	M	1	0	X	517662701
224445427	56177646	47	F	1	1	X	517508520
224445437	56177194	47	F	1	1	X	517662743
224504603	56178045	9	F	1	2	450100228	X
224504622	56183527	33	F	1	0	X	517508493
224504625	56183527	35	M	1	1	X	517508353
224504651	56177681	13	M	1	2	450096778	X
224504653	56177681	9	F	1	2	450096761	X
224504654	56177681	8	M	1	2	450096761	X
224506138	56177367	55	M	1	1	X	517662850
224506147	56179814	57	F	1	0	X	517507516
224527553	56180952	69	F	1	1	X	X
224527561	56176817	69	F	1	1	X	X
224527564	56185444	69	M	1	0	X	517507679
224527583	56178006	69	F	1	1	X	X
224527584	56178006	69	M	1	0	X	517508719
225258204	56183301	52	F	1	0	X	517508739
225258223	56184672	11	M	6	2	450058854	X
225258225	56184672	52	F	1	0	X	517508371
225258246	56178718	52	F	1	0	X	517508884
225258248	56185108	56	M	1	1	X	517507592
225258291	56184733	52	F	1	0	X	517508110
225258294	56176881	52	F	1	0	X	517662850
225258299	56184819	56	M	1	1	X	517508128
225258313	56181155	11	M	6	2	450058854	X
225523773	56178983	45	F	1	1	X	X
225523774	56178983	19	F	1	2	X	X
225577020	56184606	23	M	1	1	X	517507822
225577107	56183138	24	F	1	0	X	517508339
225577114	56178897	2	F	1	2	X	X
225811082	56179485	47	F	1	1	X	X
225811083	56179485	54	M	1	0	X	517507848
225836765	56181006	10	M	1	2	450091718	X
225836767	56181006	37	M	1	1	X	517507305
225836768	56181006	1	F	1	2	X	X
225836769	56181006	31	F	1	0	X	517508539
225836770	56181006	7	F	1	2	450091718	X
226263089	56182864	12	M	1	2	450096778	X
226263091	56182864	41	M	1	1	X	517508110
226263092	56182864	36	F	1	0	X	X
226265206	56184039	20	F	1	0	X	517508063
226265220	56183837	20	F	1	0	X	517663177
226371238	56180140	36	M	1	0	X	517507582
226371279	56182061	15	F	1	2	450096777	X
226371280	56182061	36	M	1	0	X	517508747
226371303	56179515	15	F	1	2	450096777	X
226371304	56179515	36	M	1	0	X	517508296
226371308	56179456	36	M	1	0	X	517507707
226623200	56185255	17	F	1	2	450096777	517508405
226623201	56185255	48	F	1	0	X	X
226623206	56182431	17	F	1	2	450096777	517507355
226746704	56182518	41	M	1	0	X	X
226746705	56182518	17	F	1	2	450096777	X
226746714	56182762	41	M	1	0	X	X
226746738	56184691	41	M	1	0	X	X
226746739	56184691	17	F	1	2	450096777	X
226746772	56182766	41	M	1	0	X	X
226746774	56182536	41	M	1	0	X	X
226746775	56182536	17	F	1	2	450096777	X
226746782	56177434	41	M	1	0	X	X
226746783	56177434	17	F	1	2	450096777	X
226746821	56182819	17	F	1	2	450096777	X
226746826	56182737	41	M	1	0	X	X
226746827	56182737	17	F	1	2	450096777	X
226823830	56178618	54	F	1	0	X	517662850
226915927	56182335	37	F	1	1	X	517507576
226915928	56182335	41	M	1	0	X	517508510
226915929	56182335	19	F	1	2	X	506980691
226915930	56182335	0	M	1	5	X	X
226915935	56181912	37	F	1	1	X	517507488
226915995	56185349	37	F	1	1	X	517508047
226915996	56185349	41	M	1	0	X	517507280
226916001	56185697	19	F	1	2	X	517508592
226916014	56180647	0	M	1	5	X	X
226916015	56182420	37	F	1	1	X	517508387
226916018	56182420	0	M	1	5	X	X
226916027	56184611	37	F	1	1	X	517662730
226916028	56184611	41	M	1	0	X	517508346
226916029	56184611	19	F	1	2	X	517508359
226916030	56184611	0	M	1	5	X	X
226916055	56181672	37	F	1	1	X	517508890
226916056	56181672	41	M	1	0	X	517508426
226916057	56181672	19	F	1	2	X	517507863
226916058	56181672	0	M	1	5	X	X
227065742	56178571	17	F	1	2	450096777	X
227094770	56184616	64	F	1	1	X	X
227094772	56184616	67	M	1	0	X	X
227094795	56178259	34	M	1	2	X	517508707
227094796	56178259	67	M	1	0	X	X
227094799	56184678	67	M	1	0	X	X
227094823	56181808	67	M	1	0	X	X
227178742	56176958	28	F	1	1	X	517508854
227178743	56176958	29	M	1	0	X	517663265
227224337	56180234	27	F	1	0	X	517508727
227224338	56180234	2	F	1	2	X	X
227224383	56178785	2	F	1	2	X	X
227230011	56184370	44	M	1	0	X	517507815
227230018	56183082	44	M	1	0	X	517507592
227230022	56180334	44	M	1	0	X	517662725
227230031	56184116	44	M	1	0	X	517507313
227230033	56180485	44	M	1	0	X	517507481
227230040	56184980	44	M	1	0	X	517508317
227230051	56184396	44	M	1	0	X	517508726
227531505	56178194	31	F	1	0	X	X
227531514	56180675	32	M	1	1	X	517507497
227531515	56180675	4	F	1	2	X	X
227617251	56181803	23	M	1	0	X	517508185
227667047	56183486	45	F	1	1	X	517508720
227667048	56183486	47	M	1	0	X	517508097
227667059	56183827	45	F	1	1	X	517508404
227667067	56185694	45	F	1	1	X	517507289
227835296	56181311	58	M	1	0	X	517507363
227835315	56178886	58	M	1	0	X	517508539
227835321	56179957	58	M	1	0	X	517507895
227835329	56185584	58	M	1	0	X	517508428
227835330	56185524	58	M	1	0	X	517507721
227992647	56183513	45	F	1	1	X	X
227992649	56183513	18	F	1	2	450096777	X
227992660	56182421	16	F	1	2	450096777	X
227992662	56182421	56	M	1	0	X	X
228336213	56182795	55	M	1	10	X	517662730
228336214	56182795	11	M	1	2	450091718	X
228336233	56181539	42	F	1	0	X	517507798
228336234	56181539	55	M	1	10	X	506980120
228336251	56179743	42	F	1	0	X	517508804
228336270	56180778	55	M	1	10	X	517663251
228336271	56180778	11	M	1	2	450096778	X
228564647	56181010	60	F	1	1	X	517507677
228564665	56178162	60	F	1	1	X	509157012
228578473	56179709	72	M	1	0	X	X
228578475	56180758	72	M	1	0	X	X
228578476	56180758	69	F	1	1	X	X
228614959	56182521	13	M	1	2	450091718	X
228614960	56182521	10	F	1	2	450091718	X
228614963	56182521	8	M	1	2	450091718	X
228614981	56176941	44	F	1	1	X	517663106
228614983	56176941	8	M	1	2	450097548	X
228615025	56179179	10	F	1	2	450096778	X
228615026	56179179	44	F	1	1	X	517508296
228615027	56179179	45	M	1	0	X	517507345
228615028	56179179	8	M	1	2	450096761	X
228615039	56184657	13	M	1	2	450091718	X
228615040	56184657	10	F	1	2	450091718	X
228615041	56184657	44	F	1	1	X	501427790
228615050	56178447	10	F	1	2	450091718	X
228615057	56180465	45	M	1	0	X	517508057
228714430	56181826	79	M	1	0	X	X
229076626	56181159	24	F	1	2	X	517508057
229076628	56181159	21	M	1	2	X	517662923
229076629	56181159	2	F	1	5	X	X
229192469	56177150	42	M	1	1	X	517508376
229192480	56180656	35	F	1	0	X	517507897
229192482	56182288	35	F	1	0	X	517508685
229192483	56182288	42	M	1	1	X	517508563
229192489	56179777	42	M	1	1	X	517508520
229300720	56177006	75	F	1	0	X	X
229300762	56177381	75	F	1	0	X	X
229714095	56184053	26	M	1	0	X	517508049
229714105	56184497	26	M	1	0	X	517507932
229714111	56180779	26	M	1	0	X	517508116
229751869	56177945	71	M	1	0	X	517508520
229751883	56181549	71	M	1	0	X	517508391
229808228	56181112	47	F	1	0	X	517507827
229808229	56182142	47	F	1	0	X	517508179
229808230	56181376	47	F	1	0	X	517508776
229885892	56181109	29	M	1	1	X	517507706
229885893	56181109	3	M	1	2	X	X
229885897	56178392	29	F	1	0	X	X
229885898	56178392	29	M	1	1	X	517663146
229885899	56178392	3	M	1	2	X	X
229885921	56183338	29	F	1	0	X	X
229885923	56183338	3	M	1	2	X	X
229885943	56177771	29	M	1	1	X	517662850
229885944	56177771	3	M	1	2	X	X
230311767	56181860	59	F	1	1	X	517508284
230311768	56181860	59	M	1	0	X	517507295
230425849	56179220	54	M	1	1	X	517508422
230776534	56180589	22	M	1	0	X	517508247
230807759	56184664	36	F	1	1	X	X
230807761	56184664	14	M	1	2	450091718	X
230807763	56184664	39	M	1	0	X	517507292
230807830	56182583	13	F	1	2	450091718	X
230807833	56182583	39	M	1	0	X	501427638
230807834	56182225	36	F	1	1	X	X
230807835	56182225	13	F	1	2	450096778	X
230807837	56182225	17	F	1	2	450096777	X
230807854	56184623	36	F	1	1	X	X
230807855	56184623	13	F	1	2	450091718	X
230807899	56185461	36	F	1	1	X	X
230807901	56185461	14	M	1	2	450096778	X
230807903	56185461	39	M	1	0	X	517508889
230807915	56178132	13	F	1	2	450096778	X
230807917	56178132	17	F	1	2	450096777	X
230807994	56182448	36	F	1	1	X	X
230807995	56182448	13	F	1	2	450096778	X
230807996	56182448	14	M	1	2	450096778	X
230807998	56182448	39	M	1	0	X	517507769
231112273	56180039	29	M	1	0	X	517507580
231112275	56180039	2	M	1	2	X	X
231185665	56184674	35	F	1	0	X	517507260
231185666	56184674	34	M	1	1	X	517507630
231185677	56185291	35	F	1	0	X	517507785
231185715	56182347	2	M	1	2	X	X
231185716	56182347	35	F	1	0	X	517662889
231185717	56182347	34	M	1	1	X	517507885
231185733	56184740	2	M	1	2	X	X
231185734	56184740	35	F	1	0	X	517508103
231185735	56184740	34	M	1	1	X	517508293
231185748	56184774	2	M	1	2	X	X
231185750	56184774	34	M	1	1	X	517508179
231185773	56185719	35	F	1	0	X	517508200
231185784	56185149	2	M	1	2	X	X
231185785	56185149	35	F	1	0	X	517662850
231185787	56181367	2	M	1	2	X	X
231185788	56181367	35	F	1	0	X	517507612
231187434	56180620	60	M	1	0	X	X
231273593	56185609	60	F	1	1	X	517508296
231279326	56177029	67	F	1	0	X	517508553
231279331	56183188	67	F	1	0	X	517508057
231279332	56178813	67	F	1	0	X	517507285
232067449	56179397	35	F	1	0	X	517508002
232067450	56179397	7	F	1	2	450096761	X
232067475	56184391	35	F	1	0	X	517508305
232084642	56180993	2	M	1	2	X	X
232084643	56180993	30	M	1	0	X	517663335
232084660	56181773	2	M	1	2	X	X
232084661	56181773	30	M	1	0	X	517508394
232084662	56177053	28	F	1	1	X	X
232084663	56177053	2	M	1	2	X	X
232096099	56179273	65	F	1	0	X	517507306
232096100	56179215	71	M	1	1	X	X
232096128	56180896	71	M	1	1	X	X
232497959	56181883	5	M	1	2	450096761	X
232497960	56181883	7	M	1	2	450091718	X
232498027	56183218	37	M	1	0	X	517508235
232498029	56183218	5	M	1	2	450096761	X
232498030	56183218	7	M	1	2	450091718	X
232498031	56183218	9	F	1	2	450091718	X
232498055	56179471	37	M	1	0	X	517508705
232498057	56179471	5	M	1	2	450096761	X
232498059	56179471	9	F	1	2	450096761	X
232498060	56179471	10	F	1	2	450096778	X
232498061	56179471	13	M	1	2	450096778	X
232498063	56179686	33	F	1	1	X	517508066
232498065	56179686	7	M	1	2	450096761	X
232498067	56179686	10	F	1	2	450096778	X
232498068	56179686	13	M	1	2	450096778	X
232498104	56182778	37	M	1	0	X	517507948
232498105	56182778	33	F	1	1	X	517507520
232498106	56182778	5	M	1	2	450096761	X
232498107	56182778	7	M	1	2	450091718	X
232498135	56182683	7	M	1	2	450091718	X
232498147	56183131	33	F	1	1	X	501428207
232498148	56183131	5	M	1	2	450096761	X
232498149	56183131	7	M	1	2	450091718	X
232498150	56183131	9	F	1	2	450091718	X
232498152	56183131	13	M	1	2	450096778	X
232498195	56184411	37	M	1	0	X	517507618
232498196	56184411	33	F	1	1	X	517507587
232498197	56184411	5	M	1	2	450096761	X
232498198	56184411	7	M	1	2	450096761	X
232498199	56184411	9	F	1	2	450096761	X
232498200	56184411	10	F	1	2	450096778	X
232498247	56182303	7	M	1	2	450091718	X
232498248	56182303	9	F	1	2	450091718	X
232498274	56184557	5	M	1	2	450096761	X
232498275	56184557	7	M	1	2	450096761	X
232499313	56184417	42	M	1	9	X	X
232499320	56177967	34	F	1	0	X	517508092
232499321	56177967	42	M	1	9	X	X
232499468	56183735	58	M	1	0	X	517508597
232499473	56179048	58	M	1	0	X	517507777
232499476	56183501	58	M	1	0	X	517508774
232499479	56185015	58	M	1	0	X	517508057
232584375	56182596	21	M	1	8	X	517509005
232584376	56182596	44	M	1	0	X	517508706
232584377	56182596	38	F	1	1	X	517508086
232584391	56180452	21	M	1	8	X	517508633
232584459	56179326	21	M	1	8	X	517508002
232584460	56179326	44	M	1	0	X	517507892
232584461	56179326	38	F	1	1	X	517508097
232584474	56182689	22	F	1	2	X	517507292
232584475	56182689	21	M	1	8	X	517508730
232842684	56184245	29	F	1	0	X	517508836
232961181	56177892	61	M	1	0	X	503067794
232961182	56177892	55	F	1	1	X	X
232961187	56177710	61	M	1	0	X	517663179
233219644	56184153	0	M	1	2	X	X
233219645	56184153	4	F	1	2	X	X
233219646	56184153	30	F	1	1	X	517508587
233219652	56178575	0	M	1	2	X	X
233219653	56178575	4	F	1	2	X	X
233219654	56178575	30	F	1	1	X	506979988
233219665	56178497	4	F	1	2	X	X
233219666	56178497	30	F	1	1	X	517663314
233219715	56178676	32	M	1	0	X	506979822
233219717	56178676	4	F	1	2	X	X
233219720	56177477	0	M	1	2	X	X
233219721	56177477	4	F	1	2	X	X
233231145	56180224	54	F	1	1	X	517508082
233231149	56184442	54	F	1	1	X	517507261
233231150	56184442	47	M	1	0	X	517508655
233231151	56177618	54	F	1	1	X	517509354
233231157	56182156	54	F	1	1	X	517508247
233231158	56182156	47	M	1	0	X	517508371
233274087	56182030	60	F	1	0	X	517507517
233274090	56178694	60	F	1	0	X	517662850
233274097	56181765	60	F	1	0	X	517507523
233274111	56184956	60	F	1	0	X	517507644
233274113	56177963	60	F	1	0	X	517508074
233299317	56181052	61	F	1	0	X	517508590
233299318	56181917	61	F	1	0	X	517508510
233299329	56181986	61	F	1	0	X	517663138
233299330	56179133	61	F	1	0	X	517508002
233299332	56181412	61	F	1	0	X	517508538
233630702	56184910	66	F	1	1	X	X
233630704	56180638	66	F	1	1	X	X
233630705	56180638	78	M	1	0	X	X
233630715	56182123	78	M	1	0	X	X
233630718	56180974	66	F	1	1	X	X
233630719	56180974	78	M	1	0	X	X
233657545	56185137	17	F	1	2	450096777	517507640
233657546	56185137	38	F	1	1	X	X
233657547	56185137	19	F	1	2	X	517508674
233657548	56185137	5	F	1	2	450096761	X
233776629	56183266	23	F	1	0	X	517508059
233776631	56184431	23	F	1	0	X	517662743
233776633	56181290	23	F	1	0	X	517663184
233776636	56183103	23	F	1	0	X	517508112
233797212	56184003	7	F	1	2	450096761	X
233797213	56184003	29	F	1	1	X	517508396
233797226	56178397	31	M	1	0	X	517507281
233917403	56178200	25	M	1	0	X	517508002
233917413	56178055	25	M	1	0	X	517662863
233917422	56183471	25	F	1	10	X	517663338
234110856	56180959	55	F	1	0	X	X
234110857	56180959	58	M	1	1	X	517662850
234349390	56183784	61	M	1	0	X	517508880
234349391	56177903	61	M	1	0	X	509156213
234587102	56177242	70	F	1	1	X	X
234587103	56177242	72	M	1	0	X	517663174
234587129	56179166	72	M	1	0	X	517508791
234896795	56182442	50	M	1	0	X	517508296
234896800	56179837	50	M	1	0	X	517507582
234896804	56181936	50	M	1	0	X	517508470
235180019	56185141	55	F	1	0	X	517508057
235180022	56183628	55	F	1	0	X	517508179
235252153	56182658	53	F	9	1	X	X
235252176	56182301	46	M	1	0	X	517508490
235252177	56182301	53	F	9	1	X	X
235257443	56183561	56	F	1	1	X	517507737
235257444	56183561	60	M	1	0	X	517508624
235673485	56185174	19	F	1	2	X	501428117
235673486	56185174	23	M	1	2	X	517508803
235673487	56185174	52	M	1	0	X	517508739
235673494	56181920	23	M	1	2	X	517507582
235673496	56181920	47	F	1	1	X	517663300
235673498	56176842	23	M	1	2	X	509157625
235673499	56176842	52	M	1	0	X	517663137
235673521	56184700	19	F	1	2	X	517507322
235673523	56184700	52	M	1	0	X	517507778
235843631	56183386	25	M	1	10	X	517507361
235843634	56183386	3	M	1	2	X	X
235843705	56183446	2	M	1	2	X	X
235843707	56183446	23	F	1	0	X	X
235853527	56183615	22	M	1	0	X	517507355
235853528	56183615	1	M	1	2	X	X
235988804	56182075	14	M	1	2	450096777	X
235988805	56182075	9	F	1	2	450091718	X
235988825	56181858	9	F	1	2	450091718	X
235988839	56181437	41	F	1	0	X	517508451
235988841	56181437	9	F	1	2	450091718	X
235988843	56184162	41	F	1	0	X	517508107
235988847	56180834	41	F	1	0	X	517507930
235988849	56180834	9	F	1	2	450091718	X
235988850	56180834	6	M	1	2	450091718	X
235988865	56181559	9	F	1	2	450096761	X
235988871	56182153	41	F	1	0	X	517507558
235988872	56182153	14	M	1	2	450096777	X
235988873	56182153	9	F	1	2	450091718	X
236015987	56185282	53	F	1	1	X	517508581
236016035	56177904	53	F	1	1	X	517662850
236016036	56177904	49	M	1	0	X	517507747
236185174	56180718	58	M	1	1	X	X
236206952	56180251	41	F	9	1	X	517663324
236388221	56184229	34	M	1	0	X	517507587
236388222	56184229	35	F	1	1	X	517507767
236388223	56184229	9	F	1	2	450096761	X
236388224	56184229	6	F	1	2	450096761	X
236388226	56184229	1	M	1	2	X	X
236935576	56179336	63	F	1	0	X	X
237362831	56180131	9	M	1	5	450091718	X
237362844	56181433	47	F	1	1	X	517508057
237362848	56179026	50	M	1	0	X	517508002
237362850	56179026	47	F	1	1	X	517662794
237362867	56179154	9	M	1	5	450096761	X
237362899	56184047	50	M	1	0	X	517507539
237362917	56183745	50	M	1	0	X	517508592
237362919	56183745	47	F	1	1	X	517508057
237362929	56181562	50	M	1	0	X	517662807
237362931	56181562	47	F	1	1	X	517662896
237362939	56183762	9	M	1	5	450096761	X
237362962	56181896	50	M	1	0	X	517507827
237362986	56183207	50	M	1	0	X	517508057
237362987	56183207	9	M	1	5	450091718	X
237687428	56179483	35	M	1	0	X	517508002
237687429	56179483	1	M	1	2	X	X
237687436	56180132	28	F	1	1	X	517507517
237687485	56180229	35	M	1	0	X	517507790
237687486	56180229	1	M	1	2	X	X
237687487	56182925	28	F	1	1	X	517508013
237687488	56182925	35	M	1	0	X	517507967
237687489	56182925	1	M	1	2	X	X
237687534	56182806	1	M	1	2	X	X
237687561	56184012	1	M	1	2	X	X
237687571	56177611	28	F	1	1	X	517508516
237687572	56177611	35	M	1	0	X	517509372
237687589	56184138	28	F	1	1	X	501427806
237687590	56184138	35	M	1	0	X	517662850
237687599	56183039	35	M	1	0	X	517508652
237687610	56179987	28	F	1	1	X	517507355
237687611	56179987	35	M	1	0	X	517508179
237687625	56179924	28	F	1	1	X	517507517
237687644	56182090	35	M	1	0	X	517662839
237687672	56183833	1	M	1	2	X	X
237687682	56182952	28	F	1	1	X	517507276
237687683	56182952	35	M	1	0	X	517508635
237687684	56182952	1	M	1	2	X	X
237712407	56182963	51	F	1	1	X	517507507
237712413	56180590	51	F	1	1	X	517507843
237712437	56183559	51	F	1	1	X	517662850
237712438	56183559	54	M	1	0	X	517507959
237780212	56179663	54	F	1	1	X	517507932
237862617	56183148	57	F	1	0	X	517508426
237862626	56178486	57	F	1	0	X	517662682
237862642	56177766	57	F	1	0	X	517508727
238013103	56178612	17	F	1	2	450096777	517508057
238013105	56178612	15	M	1	2	450096777	X
238119177	56183702	53	F	1	0	X	517507917
238119179	56177007	53	F	1	0	X	517507403
238252384	56180537	66	F	1	1	X	X
238297524	56183227	3	F	9	2	X	X
238297525	56183227	2	M	9	2	X	X
238297526	56183227	23	F	1	0	X	X
238297527	56183227	26	M	9	1	X	517508426
238297590	56182828	2	M	9	2	X	X
238297591	56182828	23	F	1	0	X	X
238297613	56185517	4	M	9	2	450058854	X
238297616	56185517	23	F	1	0	X	X
238297619	56183472	3	F	9	2	X	X
238297620	56183472	2	M	9	2	X	X
238297622	56183472	26	M	9	1	X	517507324
238297633	56182603	4	M	9	2	450058854	X
238297635	56182603	2	M	9	2	X	X
238434531	56177329	56	F	1	0	X	517508516
238434535	56182176	56	F	1	0	X	517663295
238434542	56178370	56	F	1	0	X	517508499
238434547	56180894	56	F	1	0	X	517663302
238434548	56182424	56	F	1	0	X	517507299
238477032	56183934	84	F	1	4	X	X
238477037	56181243	61	F	1	0	X	517508726
238488632	56181076	55	M	1	0	X	517508057
238488637	56179317	55	F	1	1	X	517508422
238488640	56184843	55	M	1	0	X	517508495
238488652	56182180	55	M	1	0	X	517508739
238488653	56182180	55	F	1	1	X	517508510
238561369	56181009	61	F	1	0	X	517663305
238561376	56178492	63	M	1	1	X	X
238607663	56180044	4	F	1	2	450066968	X
238607674	56185250	40	M	1	0	X	517663247
238607680	56178639	32	F	1	1	X	517508442
238607698	56180659	40	M	1	0	X	514201262
238607700	56180659	32	F	1	1	X	517508881
238607701	56180659	0	M	1	2	X	X
238607716	56183862	32	F	1	1	X	517508057
238607750	56180075	40	M	1	0	X	517507827
238607788	56180323	32	F	1	1	X	517662865
238607789	56180323	0	M	1	2	X	X
238607804	56180960	32	F	1	1	X	517507607
238607834	56180523	40	M	1	0	X	506877289
238607837	56180523	0	M	1	2	X	X
238607846	56185528	40	M	1	0	X	517507587
238607848	56185528	32	F	1	1	X	517508002
238607849	56185528	0	M	1	2	X	X
238747072	56179605	68	M	1	0	X	517508499
238989472	56184242	30	M	1	0	X	517507293
238989480	56184303	30	M	1	0	X	517508328
238989542	56179731	30	M	1	0	X	517507530
238999552	56185224	67	F	1	0	X	X
239278851	56184696	52	F	1	1	X	X
239278852	56184696	16	F	1	2	450096777	X
239278853	56184696	65	M	1	0	X	517508358
239278876	56185036	16	F	1	2	450096777	X
239278878	56183204	52	F	1	1	X	X
239278879	56183204	16	F	1	2	450096777	X
239278880	56183204	65	M	1	0	X	517508057
239278884	56184964	52	F	1	1	X	X
239278886	56184964	65	M	1	0	X	517663296
239386432	56182465	76	M	1	0	X	X
239386433	56182465	71	F	1	1	X	X
239386438	56183978	76	M	1	0	X	X
239386446	56181827	76	M	1	0	X	X
239386447	56181827	71	F	1	1	X	X
239942228	56183511	28	F	1	0	X	517507628
240098238	56179053	34	F	1	1	X	X
240098239	56179053	34	M	1	0	X	517508603
240098290	56181662	34	F	1	1	X	X
240098296	56177443	34	F	1	1	X	X
240098300	56179691	34	F	1	1	X	X
240098312	56183918	34	F	1	1	X	X
240113649	56182675	46	M	1	1	X	517508623
240113671	56181074	46	M	1	1	X	517508881
240113695	56179409	46	M	1	1	X	517508054
240113700	56182032	46	F	1	0	X	X
240396273	56183515	53	M	1	0	X	517507608
240431819	56179408	50	F	1	0	X	X
240431831	56184732	50	F	1	0	X	X
240533081	56184735	14	M	1	2	450096778	X
240533088	56184889	16	M	1	2	450096777	517508426
240533094	56185491	45	F	1	10	X	517662850
240533095	56185491	49	M	8	0	X	517507822
240533096	56185491	16	M	1	2	450096777	517508538
240533097	56185491	14	M	1	2	450096778	X
240614523	56182139	12	M	1	2	450096778	X
240614531	56183089	46	F	1	1	X	517507792
240614532	56183089	12	M	1	2	450096778	X
240614551	56184750	48	M	1	0	X	517508236
240614556	56177542	12	M	1	2	450096778	X
240614557	56177542	48	M	1	0	X	517662914
240812551	56177023	55	F	1	0	X	517508402
240812556	56177548	56	M	1	1	X	517507587
240812557	56177548	55	F	1	0	X	517663323
240812558	56180516	56	M	1	1	X	517508002
240812559	56180516	55	F	1	0	X	517507625
240812572	56177729	56	M	1	1	X	517663111
240911253	56182545	49	M	1	0	X	517662847
240911254	56182545	48	F	1	1	X	X
241134728	56178400	1	M	9	2	X	X
241134729	56178400	30	M	1	0	X	517508727
241134748	56177827	28	F	8	1	X	503023275
241134749	56177827	1	M	9	2	X	X
242412789	56181578	26	M	1	10	X	517507928
242412791	56181578	8	M	1	2	450096761	X
242481398	56185367	27	M	1	2	X	517508002
242481412	56178714	61	M	1	1	X	X
242481428	56178660	27	M	1	2	X	517662923
242481435	56184741	61	F	1	0	X	517508466
242481437	56184741	27	M	1	2	X	517507281
242481448	56179140	61	M	1	1	X	X
242481449	56179140	27	M	1	2	X	517507605
242481474	56179233	61	F	1	0	X	517508834
242481475	56179233	61	M	1	1	X	X
242481476	56179233	27	M	1	2	X	517508262
242481492	56181944	61	F	1	0	X	517507632
242481494	56181944	27	M	1	2	X	517508319
242481511	56181845	61	M	1	1	X	X
242481513	56181948	61	F	1	0	X	517508002
242481514	56181948	61	M	1	1	X	X
242481515	56181948	27	M	1	2	X	517507827
242481519	56183409	61	F	1	0	X	517509018
242481520	56183409	61	M	1	1	X	X
242481522	56181030	61	F	1	0	X	517663286
242481523	56181030	61	M	1	1	X	X
242481524	56181030	27	M	1	2	X	517508844
242481531	56182017	61	F	1	0	X	517507600
242670629	56179652	11	M	1	2	450096778	X
242670631	56179652	37	F	1	0	X	517508358
242670641	56178030	11	M	1	2	450096778	X
242670651	56182732	15	F	1	2	450096777	X
242670652	56182732	37	F	1	0	X	517508096
242670659	56182754	11	M	1	2	450096778	X
242670668	56182480	11	M	1	2	450096778	X
242670674	56177762	11	M	1	2	450096778	X
242670675	56177762	15	F	1	2	450096777	X
242670676	56177762	37	F	1	0	X	517508002
242670713	56179516	11	M	1	2	450096778	X
242670715	56179516	37	F	1	0	X	517507967
242670725	56183855	11	M	1	2	450096778	X
242670727	56183855	37	F	1	0	X	517508572
242670737	56184834	11	M	1	2	450096778	X
242670738	56184834	15	F	1	2	450096777	X
242670744	56179807	15	F	1	2	450096777	X
242778938	56184933	86	F	1	0	X	X
242778942	56177251	86	F	1	0	X	X
242807523	56183360	8	F	1	2	450096761	X
242807618	56178415	31	M	1	1	X	517508467
242807619	56178415	8	F	1	2	450091718	X
242924350	56185178	8	F	1	2	450091718	X
242924352	56185178	10	F	1	2	450096778	X
242924370	56181170	8	F	1	2	450091718	X
242924380	56185411	10	F	1	2	450096778	X
242924422	56184913	8	F	1	2	450091718	X
242924423	56184913	38	F	1	1	X	517508340
242924424	56184913	10	F	1	2	450096778	X
242924438	56178988	8	F	1	2	450096761	X
242924439	56178988	38	F	1	1	X	517507909
242924441	56178988	57	M	1	0	X	517508517
242924462	56183477	8	F	1	2	450096761	X
242924464	56183477	10	F	1	2	450096778	X
243221869	56182511	60	M	1	0	X	517508316
243221884	56182936	60	M	1	0	X	517508426
243253417	56183627	17	M	1	11	450096777	517507948
243256627	56180498	2	M	1	2	X	X
243271445	56185737	58	F	1	0	X	X
243271471	56180649	58	F	1	0	X	X
243298935	56180972	64	M	1	1	X	X
243298937	56181830	64	M	1	1	X	X
243799388	56185648	66	F	1	1	X	X
243808777	56185021	47	F	1	1	X	517663324
243808778	56185021	47	M	1	0	X	517508307
243808781	56178636	47	M	1	0	X	506980670
243808782	56178636	14	F	1	2	450096777	X
243808795	56183046	47	F	1	1	X	517507345
243808796	56183046	47	M	1	0	X	517507941
243808797	56183046	14	F	1	2	450096777	X
243857819	56179535	58	M	1	0	X	517508353
243857820	56179535	56	F	1	1	X	X
244125062	56183081	16	M	1	2	450096777	517507354
244125065	56183081	44	F	1	0	X	517662888
244125086	56184375	16	M	1	2	450096777	517508380
244125088	56184375	45	M	1	1	X	517507578
244125122	56177082	16	M	1	2	450096777	517662850
244125123	56177082	20	M	1	2	X	517507281
244125124	56177082	45	M	1	1	X	517509013
244125149	56178985	44	F	1	0	X	517508358
244125171	56178805	20	M	1	2	X	517662705
244125172	56178805	45	M	1	1	X	517662847
244125191	56184065	20	M	1	2	X	517663173
244125199	56182837	20	M	1	2	X	517508002
244280499	56179885	15	F	9	2	450096777	X
244280516	56182166	35	F	1	1	X	517508014
244280517	56182166	15	F	9	2	450096777	X
244280518	56182166	37	M	1	0	X	517662839
244280525	56179856	35	F	1	1	X	517508013
244280527	56179856	37	M	1	0	X	517508749
244280535	56183960	15	F	9	2	450096777	X
244280536	56183960	37	M	1	0	X	517508057
244280543	56184347	35	F	1	1	X	517507765
244280552	56181469	35	F	1	1	X	517507281
244280555	56178532	35	F	1	1	X	517508451
244280556	56178532	15	F	9	2	450096777	X
244280557	56178532	37	M	1	0	X	506979785
244292857	56180686	55	M	1	1	X	517507304
244292860	56180686	8	M	1	2	450091718	X
244292973	56178059	12	F	1	2	450096778	X
244292975	56178059	8	M	1	2	450100228	X
244292987	56182914	55	M	1	1	X	517508864
244293147	56180479	55	M	1	1	X	517507959
244293150	56180479	8	M	1	2	450091718	X
244293192	56180329	55	M	1	1	X	517662879
244293193	56180329	12	F	1	2	450096778	X
244293194	56180329	10	F	1	2	450091718	X
244293195	56180329	8	M	1	2	450091718	X
244311901	56183420	57	M	1	0	X	517507563
244311902	56183420	60	F	1	1	X	517508166
244311941	56183459	57	M	1	0	X	517507502
244311944	56182482	60	F	1	1	X	517507488
244311952	56177161	60	F	1	1	X	517663177
244311954	56183611	60	F	1	1	X	517507550
244311960	56179507	60	F	1	1	X	517507962
244511600	56185028	56	M	1	0	X	517508057
244511607	56180553	56	M	1	0	X	517508009
244511617	56183349	56	M	1	0	X	517508871
244511631	56185054	56	M	1	0	X	517508394
244511633	56183563	56	M	1	0	X	517508086
244511637	56183208	56	M	1	0	X	517508538
244511643	56177478	56	M	1	0	X	517508059
244511644	56177307	56	M	1	0	X	517662850
244759255	56183708	28	F	1	0	X	517508559
244759268	56176960	28	F	1	0	X	517662850
244759272	56179891	28	F	1	0	X	517507355
244759273	56183327	28	F	1	0	X	517508015
244759275	56184517	28	F	1	0	X	517508510
244759276	56182525	28	F	1	0	X	517508803
244759284	56184126	28	F	1	0	X	517508804
244759306	56183270	28	F	1	0	X	517508743
244759315	56180288	28	F	1	0	X	517663338
244759316	56183674	28	F	1	0	X	517508726
244759342	56185615	28	F	1	0	X	517507628
244759345	56183273	28	F	1	0	X	517507293
244759349	56177071	28	F	1	0	X	517662850
244759368	56176787	28	F	1	0	X	517508773
244759369	56177880	28	F	1	0	X	506980147
244759400	56183323	28	F	1	0	X	517507933
244759402	56177801	28	F	1	0	X	517663173
244885747	56181789	49	F	1	1	X	517507702
244885748	56181789	16	F	1	2	450096777	517508002
244885753	56181005	46	M	1	0	X	517508066
244885755	56181005	49	F	1	1	X	517508179
244885821	56182253	46	M	1	0	X	517508575
244885822	56182253	22	F	1	2	X	517662692
244885826	56177590	22	F	1	2	X	517662865
244885827	56177590	49	F	1	1	X	517662609
244968421	56177807	26	M	1	0	X	517662743
244968423	56177946	26	M	1	0	X	517662850
244968442	56177460	26	M	1	0	X	517507503
244968443	56178190	26	M	1	0	X	517662923
245054833	56178853	51	M	1	0	X	517508283
245054835	56180098	51	M	1	0	X	517508451
245054838	56180199	51	M	1	0	X	517507703
245054840	56182404	51	M	1	0	X	517508396
245054845	56179177	51	M	1	0	X	517663095
245054855	56180598	51	M	1	0	X	517662885
245054866	56177263	51	M	1	0	X	517507696
245054867	56182074	51	M	1	0	X	517663328
245054869	56180783	51	M	1	0	X	517507481
245054878	56179394	51	M	1	0	X	517508002
245054885	56181729	51	M	1	0	X	517508281
245059567	56182504	38	F	1	10	X	517663295
245059569	56182504	45	M	1	0	X	517508425
245101759	56177792	61	F	1	0	X	517509372
245101775	56181867	61	F	1	0	X	517663278
245103913	56184530	7	M	1	2	450096761	X
245103915	56184530	34	F	1	0	X	517507808
245103916	56184530	11	M	1	2	450096778	X
245103917	56184530	33	M	1	1	X	517508015
245103918	56184530	12	F	1	2	450096778	X
245103927	56177261	7	M	1	2	450091718	X
245103932	56177261	12	F	1	2	450096778	X
245103933	56177261	2	F	1	2	X	X
245103934	56179716	7	M	1	2	450096761	X
245103936	56179716	34	F	1	0	X	517508002
245108580	56185659	71	M	1	0	X	X
245108582	56180309	71	M	1	0	X	X
245108587	56182585	71	M	1	0	X	X
245108592	56180529	71	M	1	0	X	X
245108593	56184809	71	M	1	0	X	X
245108596	56180940	71	M	1	0	X	X
245108600	56180700	71	M	1	0	X	X
245108625	56184771	71	M	1	0	X	X
245324254	56183719	20	M	1	2	X	517508112
245324255	56183719	52	M	1	0	X	517508451
245324261	56183426	52	M	1	0	X	517508047
245377291	56183533	60	M	1	1	X	517508290
245377292	56183533	63	F	1	0	X	X
245378708	56180982	55	M	1	0	X	517663306
245378709	56180982	49	F	1	1	X	X
245443283	56181130	59	F	1	0	X	X
245443309	56183483	59	F	1	0	X	X
245499036	56180666	66	F	1	0	X	506878240
245499038	56178260	66	F	1	0	X	517663168
245499048	56180857	66	F	1	0	X	517507580
245499049	56180857	57	M	1	1	X	517508719
245499052	56178726	66	F	1	0	X	517509381
245509762	56179232	6	M	1	2	450096761	X
245509765	56179232	4	F	1	2	X	X
245509783	56181451	31	M	1	0	X	517507355
245509785	56181451	4	F	1	2	X	X
245509786	56183672	6	M	1	2	450096761	X
245509794	56183846	6	M	1	2	450096761	X
245509795	56183846	31	M	1	0	X	517663278
245509799	56183743	31	M	1	0	X	517507912
245509800	56183743	30	F	1	1	X	517507910
245509801	56183743	4	F	1	2	X	X
245509825	56177353	4	F	1	2	X	X
245509918	56177620	6	M	1	2	450096761	X
245509955	56183801	31	M	1	0	X	517508426
245509956	56183801	30	F	1	1	X	517508193
245509957	56183801	4	F	1	2	X	X
245603691	56184575	2	M	1	2	X	X
245603693	56184575	22	F	1	1	X	X
245603702	56184081	22	F	1	1	X	X
245603780	56184101	22	F	1	1	X	X
245603790	56181369	2	M	1	2	X	X
245603791	56181369	21	M	1	0	X	517507827
245603792	56181369	22	F	1	1	X	X
245603795	56184558	22	F	1	1	X	X
245671780	56179895	20	F	1	2	X	517508451
245715241	56178820	60	M	1	0	X	517508296
245715252	56185298	56	F	1	1	X	517508802
245715256	56185435	56	F	1	1	X	517508193
245715257	56185435	60	M	1	0	X	517508598
245766021	56179360	50	M	1	0	X	517507582
245790740	56184453	28	M	3	0	X	517508002
245790741	56184453	0	M	3	2	X	X
245790744	56184453	6	M	3	2	450096761	X
246046214	56177257	60	M	1	0	X	X
246210478	56182631	65	M	1	1	X	X
246210479	56182631	50	F	1	0	X	517508110
246210486	56182094	65	M	1	1	X	X
246210487	56182094	50	F	1	0	X	517508694
246226760	56179245	86	F	1	0	X	X
246311232	56180752	67	M	1	1	X	X
246373363	56182257	42	F	1	1	X	517507872
246373364	56182257	7	F	1	2	450091718	X
246373365	56182257	17	M	1	2	450096777	X
246373367	56178481	42	F	1	1	X	517662850
246373369	56178481	17	M	1	2	450096777	X
246373370	56178481	40	M	1	0	X	517662838
246402013	56180596	30	M	1	0	X	X
246402014	56180596	27	F	1	1	X	X
246402015	56180596	6	M	1	2	450096761	X
246621448	56178347	62	F	1	0	X	517662753
246960556	56179675	35	F	1	0	X	517507787
246960568	56184443	35	F	1	0	X	517508507
246960570	56180472	35	F	1	0	X	517507578
246960581	56183941	35	F	1	0	X	517507895
246960585	56182634	35	F	1	0	X	517508057
247122082	56180762	51	F	1	1	X	X
247372515	56181959	17	F	1	2	X	517663281
247372519	56181959	41	M	1	0	X	506980731
247700107	56177677	65	M	1	0	X	X
247700108	56177677	53	F	1	1	X	517662922
247700116	56177433	53	F	1	1	X	517508497
247700131	56178469	65	M	1	0	X	X
247753421	56179027	0	F	1	2	X	X
247753425	56184192	0	F	1	2	X	X
247753426	56184192	30	F	1	0	X	X
247753497	56180948	0	F	1	2	X	X
247753499	56180948	34	M	1	10	X	517508747
247753555	56183813	34	M	1	10	X	517508002
247825322	56181115	30	M	2	12	X	X
247825323	56181115	48	M	1	0	X	506979975
247825328	56185478	46	F	1	1	X	X
247825329	56185478	25	M	1	2	X	517662794
247825331	56185478	48	M	1	0	X	517508624
247825344	56181196	46	F	1	1	X	X
247825346	56181196	30	M	2	12	X	X
248288179	56182761	64	F	1	0	X	X
248362609	56176839	44	M	1	0	X	517508057
248362612	56179088	52	F	1	10	X	X
248362618	56182224	52	F	1	10	X	X
248362632	56184413	52	F	1	10	X	X
248362633	56184413	44	M	1	0	X	517507773
248362640	56180082	52	F	1	10	X	X
248362641	56180082	44	M	1	0	X	517507826
248419840	56181697	45	M	1	0	X	517508179
248419842	56179263	45	M	1	0	X	517508779
248419844	56183773	45	M	1	0	X	517662730
248419846	56181724	45	M	1	0	X	517662745
248600805	56183291	59	M	1	0	X	517507696
248604869	56180418	70	F	1	0	X	517507810
248604877	56180360	70	F	1	0	X	517662896
248604885	56177906	70	F	1	0	X	517662850
248604886	56177958	70	F	1	0	X	517662919
248604888	56181581	70	F	1	0	X	517508532
248672460	56183246	2	M	1	2	X	X
248672461	56183246	24	F	1	0	X	X
248672462	56183246	27	M	1	1	X	517507910
248672463	56183246	6	M	1	2	450096761	X
248672464	56183246	4	M	1	2	450094430	X
248672507	56178186	27	M	1	1	X	517508479
248672508	56178186	6	M	1	2	450091718	X
248672509	56178186	4	M	1	2	450094430	X
248672542	56183257	27	M	1	1	X	517508328
248672543	56183257	6	M	1	2	450096761	X
248672544	56183257	4	M	1	2	450094430	X
248867796	56184967	26	M	1	2	X	517507363
248867809	56179078	55	F	1	0	X	517508014
248867811	56179723	26	M	1	2	X	517508357
248867814	56183492	26	M	1	2	X	517507878
248867815	56183492	55	F	1	0	X	517507690
248867844	56176790	26	M	1	2	X	517662923
248867845	56176790	55	F	1	0	X	517508591
248867846	56176790	59	M	1	1	X	517662923
248895340	56180541	47	M	1	1	X	514194467
248895344	56184972	18	F	1	2	450096777	X
248895349	56184738	47	M	1	1	X	517507325
248895351	56184738	44	F	1	0	X	517508495
248895364	56181864	47	M	1	1	X	517507827
248895365	56181864	18	F	1	2	450096777	X
248895366	56181864	44	F	1	0	X	506880320
249157083	56179943	64	F	1	0	X	517507826
249157084	56181819	64	F	1	0	X	517508179
249157086	56179331	64	F	1	0	X	517507355
249515611	56177739	74	F	1	1	X	X
249515624	56184014	77	M	1	0	X	X
249515629	56177425	74	F	1	1	X	X
249608363	56176886	70	F	1	1	X	X
249608364	56176886	78	M	1	0	X	X
249740025	56182568	29	M	1	0	X	517508569
249803864	56180014	49	F	1	1	X	517507646
249803869	56181511	44	M	1	0	X	X
249803870	56181511	49	F	1	1	X	517508459
249892436	56180423	53	F	1	0	X	517508002
249892438	56177521	53	F	1	0	X	510063071
249892439	56177521	53	M	1	1	X	517662850
249892471	56181254	53	M	1	1	X	517507827
249948949	56180443	69	F	1	1	X	517508179
249948950	56180443	70	M	1	0	X	X
250036858	56178166	51	M	1	0	X	517508103
250036867	56181223	51	M	1	0	X	517508387
250036872	56179754	51	M	1	0	X	517508575
250036880	56178971	51	M	1	0	X	517508293
250036883	56176985	51	M	1	0	X	517508394
250036885	56179503	51	M	1	0	X	517508727
250036890	56184717	51	M	1	0	X	517508170
250036892	56181209	51	M	1	0	X	517507827
250036897	56183447	51	M	1	0	X	517508221
250036903	56180071	51	M	1	0	X	517508739
250036904	56177616	51	M	1	0	X	517508735
250036912	56185560	51	M	1	0	X	517507767
250036917	56179100	51	M	1	0	X	517508462
250328013	56181607	59	F	1	1	X	X
250328014	56181607	63	M	1	0	X	517662850
250358830	56178248	33	F	1	0	X	517507587
250358842	56176949	33	F	1	0	X	517662738
250445709	56178638	54	F	1	0	X	517508200
250445737	56179159	54	F	1	0	X	517507988
250651567	56179237	47	F	1	0	X	517507319
250733882	56176840	73	F	1	1	X	X
250736425	56177938	24	F	1	0	X	517662850
250736428	56183663	24	F	1	0	X	517507592
250834235	56178566	54	F	1	1	X	503066940
250834249	56185550	12	M	1	2	450096778	X
250834250	56185550	54	F	1	1	X	517508494
250971062	56184320	6	F	1	2	450096761	X
250971063	56184320	45	M	1	1	X	517508750
250971064	56184320	9	F	1	2	450096761	X
250971159	56177556	9	F	1	2	450096761	X
250971236	56184600	3	M	1	2	450058854	X
250971237	56184600	6	F	1	2	450096761	X
250971238	56184600	45	M	1	1	X	517508173
250971239	56184600	9	F	1	2	450096761	X
250994414	56183774	56	F	1	1	X	X
250994419	56178910	52	M	1	0	X	517507481
250994420	56178910	56	F	1	1	X	X
251137780	56179227	58	M	1	0	X	517508023
251137781	56179227	60	F	1	1	X	X
251137783	56178202	60	F	1	1	X	X
251442346	56183758	29	F	1	0	X	517508002
251504566	56179578	40	F	1	0	X	X
251526125	56177130	49	M	1	0	X	517509354
251526126	56179689	49	M	1	0	X	517508804
251702793	56184323	43	M	1	0	X	517662794
251702794	56184323	13	F	1	2	450096778	X
251702800	56182212	16	M	1	2	450096777	X
251702801	56182212	43	M	1	0	X	517663337
251702803	56182212	42	F	1	1	X	517508867
251702825	56181865	43	M	1	0	X	517508129
251702826	56181865	13	F	1	2	450096778	X
251702827	56181865	42	F	1	1	X	517663338
251702845	56180031	43	M	1	0	X	517507827
251702846	56180031	13	F	1	2	450096778	X
251702852	56179145	16	M	1	2	450096777	X
251702853	56179145	43	M	1	0	X	517508057
251702854	56179145	13	F	1	2	450096778	X
251702857	56182814	43	M	1	0	X	517508647
251702860	56181442	16	M	1	2	450096777	X
251702862	56181442	13	F	1	2	450096778	X
251702885	56182655	43	M	1	0	X	517508804
251702886	56182655	13	F	1	2	450096778	X
251702887	56182655	42	F	1	1	X	517662850
251943332	56177009	78	M	1	0	X	X
251943345	56184236	62	F	1	1	X	517662885
252181856	56182215	47	M	1	0	X	517507355
252181857	56182798	47	M	1	0	X	517508875
252181860	56185057	47	M	1	0	X	517508057
252181864	56177413	47	M	1	0	X	517508002
252181869	56182944	47	M	1	0	X	517508200
252181875	56183816	47	M	1	0	X	517662879
252181882	56179063	47	M	1	0	X	517508358
252377046	56177562	75	F	1	0	X	X
252377047	56177068	75	F	1	0	X	X
252596642	56184757	77	F	1	0	X	517508107
252596646	56181884	77	F	1	0	X	517507827
252759779	56179230	53	F	1	0	X	517662868
253256627	56185251	16	F	1	2	450096777	517508002
253256629	56185251	38	M	1	1	X	517662794
253256636	56185159	13	M	1	2	450096778	X
253276372	56177676	31	M	1	0	X	517507673
253474436	56184602	45	M	1	1	X	517662865
253474437	56184602	43	F	1	0	X	517508235
253474446	56183895	45	M	1	1	X	517508726
253474447	56183895	43	F	1	0	X	517507624
253474448	56183196	45	M	1	1	X	517508426
253673939	56183564	40	M	1	10	X	517507739
253673941	56183564	34	F	1	0	X	517508635
253726886	56185100	51	M	1	0	X	517508065
253726887	56185100	50	F	1	1	X	517508358
253830683	56177502	51	M	1	0	X	517662850
253830692	56177207	40	F	1	1	X	503067794
253830694	56180012	40	F	1	1	X	517662879
253830695	56180012	51	M	1	0	X	517507827
254300345	56183624	3	M	1	2	450094430	X
254300346	56183624	33	M	1	0	X	517508103
254300408	56177303	7	F	1	2	450096761	X
254300411	56180274	40	F	1	1	X	506881715
254300412	56180274	7	F	1	2	450091718	X
254489417	56179757	47	M	1	0	X	X
254489418	56179757	46	F	1	1	X	517663305
254489421	56182991	47	M	1	0	X	X
254489426	56183056	46	F	1	1	X	517662850
254489427	56181212	47	M	1	0	X	X
254489428	56181212	46	F	1	1	X	517662701
254489431	56182956	47	M	1	0	X	X
254732290	56178817	67	M	1	0	X	X
254732300	56185350	67	M	1	0	X	X
254732301	56185350	63	F	1	1	X	X
254732306	56185368	67	M	1	0	X	X
254732307	56185368	63	F	1	1	X	X
254732310	56180531	67	M	1	0	X	X
254732311	56180531	63	F	1	1	X	X
254732322	56185208	67	M	1	0	X	X
254732343	56178133	63	F	1	1	X	X
254801335	56182970	49	F	1	1	X	517508045
254801336	56182970	9	F	1	2	450091718	X
254801337	56182970	16	F	1	2	450096777	X
254801338	56182970	12	F	1	2	450096778	X
254801346	56182359	9	F	1	2	450091718	X
254801347	56182359	16	F	1	2	450096777	X
254801449	56185142	52	M	1	0	X	517508047
254801450	56185142	49	F	1	1	X	517508002
254801452	56185142	16	F	1	2	450096777	X
254801482	56184649	16	F	1	2	450096777	X
254801483	56184649	12	F	1	2	450096778	X
254801520	56178324	49	F	1	1	X	517507299
254801521	56178324	9	F	1	2	450091718	X
254801523	56178324	12	F	1	2	450096778	X
254813756	56177540	27	M	1	0	X	506979512
254813757	56177540	24	F	1	1	X	517508674
254813772	56180825	27	M	1	0	X	517507677
254919066	56179231	24	F	9	10	X	517508330
255122477	56185511	61	F	1	1	X	X
255122500	56178881	40	M	1	2	X	X
255197148	56180909	67	M	1	1	X	X
255199190	56177185	45	M	1	3	X	X
255199191	56177185	43	M	1	0	X	517663089
255199192	56177185	16	M	1	2	450096777	517508107
255199252	56178768	16	M	1	2	450096777	517509372
255199259	56183194	43	M	1	0	X	517507644
255199265	56185150	13	F	1	2	450096778	X
255205868	56181621	5	F	1	2	450094430	X
255205870	56181621	3	M	1	2	450094430	X
255205871	56181621	1	M	1	2	X	X
255484201	56182239	3	M	1	2	450066968	X
255484209	56184031	38	F	1	0	X	517508178
255484223	56185509	40	M	1	1	X	517508484
255484224	56185509	38	F	1	0	X	517508644
255484225	56185509	3	M	1	2	450058854	X
255484228	56184508	3	M	1	2	450058854	X
255484244	56182940	40	M	1	1	X	517662850
255484246	56182940	3	M	1	2	450058854	X
255484262	56181709	40	M	1	1	X	517507582
255484263	56181709	38	F	1	0	X	517508125
255484268	56182971	40	M	1	1	X	517507355
255484269	56182971	38	F	1	0	X	517507948
255484277	56179198	40	M	1	1	X	517508002
255484278	56179198	38	F	1	0	X	517508591
255484289	56182324	40	M	1	1	X	514201259
255484314	56183829	38	F	1	0	X	517508340
255484332	56182735	38	F	1	0	X	517507961
255484334	56182509	40	M	1	1	X	517508615
255484335	56182509	38	F	1	0	X	517662850
255484340	56184095	40	M	1	1	X	517508495
255484341	56184095	38	F	1	0	X	517507580
255484342	56184095	3	M	1	2	450058854	X
255484349	56183841	40	M	1	1	X	517508670
255484350	56183841	38	F	1	0	X	517508136
255484351	56183841	3	M	1	2	450058854	X
255484353	56182272	38	F	1	0	X	506880272
255484354	56182272	3	M	1	2	450066968	X
255484358	56184353	40	M	1	1	X	517508803
255484360	56184353	3	M	1	2	450058854	X
255579577	56185295	61	M	1	0	X	501427638
255667499	56178436	41	F	1	1	X	517508834
255667506	56180611	46	M	1	0	X	517508428
255667507	56180611	41	F	1	1	X	517508804
255667508	56180611	20	M	1	2	X	517663338
255906932	56185046	62	M	1	0	X	X
255906943	56180979	62	M	1	0	X	X
256082099	56182232	82	F	1	0	X	X
256446104	56178684	56	M	1	0	X	517662850
256446111	56178443	58	F	1	1	X	506979651
256446114	56179055	56	M	1	0	X	517508002
256446115	56179055	58	F	1	1	X	517508002
256446116	56184622	56	M	1	0	X	517507281
256446130	56179192	56	M	1	0	X	517508107
256446135	56177440	58	F	1	1	X	517507935
256446142	56177770	56	M	1	0	X	517508426
256515863	56177551	86	M	1	1	X	X
256515890	56179436	60	F	1	0	X	X
256515891	56179436	86	M	1	1	X	X
256515900	56178601	60	F	1	0	X	X
256515902	56183379	60	F	1	0	X	X
256515903	56183379	86	M	1	1	X	X
256847028	56185300	9	F	1	5	450091718	X
256847029	56185300	58	M	1	0	X	517508139
256847030	56185300	58	F	1	1	X	517508293
256847043	56185535	9	F	1	5	450091718	X
256847045	56185535	58	F	1	1	X	517508744
256847062	56180730	58	M	1	0	X	517507396
256847065	56178254	58	M	1	0	X	517662838
256847066	56178254	58	F	1	1	X	517663173
256847067	56177306	9	F	1	5	450091718	X
256847068	56177306	58	M	1	0	X	517662850
256939981	56180838	50	F	1	1	X	517507708
256939990	56184920	56	M	1	0	X	517507810
256939993	56181985	50	F	1	1	X	517508247
257017858	56184332	46	M	1	1	X	517508826
257017860	56184332	11	F	1	2	450096778	X
257017861	56184332	76	M	1	4	X	517507601
257017893	56179448	44	F	1	0	X	517508676
257017895	56179448	17	F	1	2	450096777	517508283
257017896	56179448	11	F	1	2	450096778	X
257017929	56184656	44	F	1	0	X	517508635
257017931	56184656	17	F	1	2	450096777	517508339
257166966	56183872	31	F	9	1	X	X
257166967	56183872	28	M	1	0	X	517508426
257166969	56183872	8	M	9	2	450096761	X
257166999	56180804	28	M	1	0	X	517507481
257167001	56180804	8	M	9	2	450091718	X
257167005	56181401	8	M	9	2	450096761	X
257215565	56181647	20	M	1	2	X	514198958
257215566	56181647	18	F	1	2	450096777	517663095
257215569	56181126	20	M	1	2	X	517507259
257215593	56178032	20	M	1	2	X	517508002
257215609	56180119	20	M	1	2	X	517507388
257215611	56180119	52	M	1	1	X	517662850
257215616	56184486	43	F	1	0	X	517508196
257215618	56184486	18	F	1	2	450096777	517508057
257215619	56184486	52	M	1	1	X	517662746
257215631	56184849	52	M	1	1	X	517508589
257215637	56181903	20	M	1	2	X	517663323
257215640	56180816	43	F	1	0	X	517507495
257215642	56180816	18	F	1	2	450096777	517507500
257215643	56180816	52	M	1	1	X	517507582
257553756	56177139	51	F	1	1	X	517508516
257553760	56180282	50	M	1	0	X	517508541
257640994	56180511	58	M	1	1	X	517663323
257640995	56180511	19	M	1	2	X	X
257640996	56180511	48	F	1	0	X	X
257641051	56181989	58	M	1	1	X	517508771
257641053	56181989	48	F	1	0	X	X
257641063	56182576	58	M	1	1	X	517508179
257641065	56182576	48	F	1	0	X	X
257739759	56184873	32	M	8	9	X	X
257739769	56180036	36	M	1	0	X	517662794
257739775	56184146	36	M	1	0	X	517508177
257739776	56184146	31	M	1	3	X	517508499
257739777	56184146	32	M	8	9	X	X
257971966	56178841	61	F	1	0	X	517662863
258026848	56181565	46	F	7	1	X	X
258026849	56181565	48	M	1	0	X	517663252
258026866	56181991	46	F	7	1	X	X
258026867	56181991	48	M	1	0	X	517662847
258026875	56182249	48	M	1	0	X	517507505
258127198	56182051	60	M	1	0	X	X
258127199	56182051	22	M	1	2	X	517508765
258127207	56178242	60	M	1	0	X	X
258306958	56185146	47	M	1	1	X	517663173
258306959	56185146	47	F	1	0	X	517508634
258320494	56177417	61	F	1	1	X	517508685
258320495	56177417	49	M	1	0	X	517508222
258320504	56177509	61	F	1	1	X	517662730
258320511	56179880	49	M	1	0	X	517507489
258351888	56184893	48	F	1	1	X	517508166
258351903	56185563	15	F	1	12	450096777	X
258351912	56185240	48	F	1	1	X	517507561
258351915	56185240	15	F	1	12	450096777	X
258455647	56178776	68	M	1	0	X	X
258509252	56177537	54	M	1	0	X	517507930
258509264	56184751	54	M	1	0	X	517507732
258509266	56185453	54	M	1	0	X	517508805
258684018	56183689	29	M	1	0	X	517507827
258684020	56183689	1	M	1	2	X	X
258684021	56183689	3	M	1	2	X	X
258918848	56179265	48	M	1	0	X	517662794
258918853	56181875	43	F	3	1	X	X
259040155	56185334	51	F	1	1	X	517508880
259040156	56185334	54	M	1	0	X	517507566
259040159	56185103	51	F	1	1	X	517507580
259040160	56185103	54	M	1	0	X	517508179
259040166	56181293	54	M	1	0	X	517508727
259040169	56184918	51	F	1	1	X	501428330
259145734	56183397	9	F	9	2	450096761	X
259145735	56183397	30	F	1	0	X	517508057
259145747	56177437	30	F	1	0	X	517662807
259145748	56177437	13	M	1	2	450096778	X
259145749	56184597	9	F	9	2	450096761	X
259145758	56181257	9	F	9	2	450096761	X
259145759	56181257	30	F	1	0	X	517508057
259145760	56181257	13	M	1	2	450096778	X
259211415	56183233	29	F	1	0	X	517508775
259211424	56183999	31	M	1	1	X	517507281
259211425	56183999	29	F	1	0	X	517507696
259211439	56184115	29	F	1	0	X	517508250
259211443	56179347	29	F	1	0	X	517508057
259248759	56184567	3	M	1	2	X	X
259248767	56181962	31	F	1	1	X	517507975
259248769	56181962	3	M	1	2	X	X
259248770	56181962	7	M	1	2	450091718	X
259248771	56181962	8	F	1	2	450091718	X
259248792	56182821	31	F	1	1	X	517508685
259248793	56182821	38	M	1	0	X	517508652
259248796	56182821	8	F	1	2	450091718	X
259248803	56180226	38	M	1	0	X	517507681
259248804	56180226	3	M	1	2	X	X
259248806	56180226	8	F	1	2	450091718	X
259248807	56184790	31	F	1	1	X	517508483
259248809	56184790	3	M	1	2	X	X
259248852	56185456	31	F	1	1	X	517508050
259248854	56185456	3	M	1	2	X	X
259248856	56185456	8	F	1	2	450091718	X
259248907	56180143	31	F	1	1	X	517508451
259248909	56180143	3	M	1	2	X	X
259249037	56178583	31	F	1	1	X	517507799
259249038	56178583	38	M	1	0	X	517508013
259249039	56178583	3	M	1	2	X	X
259249082	56180073	31	F	1	1	X	517507384
259249083	56180073	38	M	1	0	X	517507749
259249084	56180073	3	M	1	2	X	X
259249085	56180073	7	M	1	2	450091718	X
259249103	56182909	38	M	1	0	X	517508494
259249167	56185382	31	F	1	1	X	517507580
259249168	56185382	38	M	1	0	X	517508623
259249170	56185382	7	M	1	2	450091718	X
259249177	56179411	31	F	1	1	X	517508283
259249179	56179411	3	M	1	2	X	X
259302189	56177024	38	M	1	0	X	517508179
259302190	56184211	38	M	1	0	X	517507745
259302192	56180250	38	M	1	0	X	517507846
259302211	56180085	38	M	1	0	X	517508236
259341779	56179704	52	F	1	0	X	517508804
259341788	56177836	61	M	1	1	X	X
259341789	56177836	52	F	1	0	X	517507410
259341799	56177612	52	F	1	0	X	517662850
259341800	56182532	61	M	1	1	X	X
259341801	56182532	52	F	1	0	X	517507894
259341802	56180006	61	M	1	1	X	X
259341803	56180006	52	F	1	0	X	517507679
259341810	56178832	61	M	1	1	X	X
259341811	56178832	52	F	1	0	X	517507324
259358103	56183072	48	F	1	10	X	517508396
259358106	56184610	49	F	1	0	X	517507739
259358107	56184610	48	F	1	10	X	517508694
259358114	56183721	49	F	1	0	X	517507745
259358123	56178863	48	F	1	10	X	517508069
259358146	56180106	49	F	1	0	X	517508451
259358147	56180106	48	F	1	10	X	517507673
259373205	56179884	25	F	1	0	X	X
259373207	56179884	4	F	1	2	X	X
259373220	56178153	25	F	1	0	X	X
259373221	56178153	2	M	1	2	X	X
259373222	56178153	4	F	1	2	X	X
259373223	56178153	27	M	1	1	X	517662794
259501494	56177629	39	M	1	0	X	517662807
259501495	56177629	41	F	1	1	X	517662850
259501507	56179508	41	F	1	1	X	517663333
259501526	56179512	4	M	1	2	450094430	X
259501527	56179512	39	M	1	0	X	517508358
259501528	56179512	41	F	1	1	X	517508283
259517024	56183632	32	M	1	1	X	517507815
259517026	56183632	0	F	1	2	X	X
259517039	56180306	32	M	1	1	X	517508804
259517040	56180306	29	F	1	0	X	517508057
259517041	56180306	0	F	1	2	X	X
259517055	56178395	29	F	1	0	X	517507951
259517056	56178395	0	F	1	2	X	X
259517101	56178068	0	F	1	2	X	X
259517165	56179830	32	M	1	1	X	517662879
259517166	56179830	29	F	1	0	X	506879272
259517167	56179830	0	F	1	2	X	X
259687443	56181449	52	M	1	0	X	517508236
259687444	56181449	55	F	1	1	X	X
259687453	56183135	52	M	1	0	X	517507355
259687454	56183135	55	F	1	1	X	X
260001395	56177499	34	M	1	0	X	517507558
260001396	56177499	0	M	1	2	X	X
260001397	56177499	3	M	1	2	X	X
260001400	56181515	9	M	1	2	450096761	X
260001402	56181515	0	M	1	2	X	X
260001405	56181515	33	F	1	1	X	517507337
260001436	56185073	9	M	1	2	450091718	X
260001437	56185073	34	M	1	0	X	517508176
260001438	56185073	0	M	1	2	X	X
260001454	56178386	9	M	1	2	450091718	X
260001456	56178386	0	M	1	2	X	X
260001458	56178386	6	M	1	2	450091718	X
260001459	56178386	33	F	1	1	X	517508472
260073309	56178100	75	M	1	1	X	X
260224941	56179342	84	F	1	0	X	X
260334349	56184659	38	M	1	0	X	517507261
260347301	56177459	57	M	1	0	X	517662923
260442546	56179630	12	M	1	2	450096778	X
260442547	56179630	32	M	1	0	X	X
260442676	56179477	12	M	1	2	450096778	X
260573106	56185518	70	F	1	0	X	X
260629272	56179523	48	F	1	1	X	517508214
260629273	56179523	48	M	1	0	X	517507493
260629275	56182961	48	M	1	0	X	517508345
260629280	56181039	48	F	1	1	X	517508057
260629281	56181039	48	M	1	0	X	506979615
260640384	56183332	24	M	1	0	X	517507878
260717573	56178039	6	M	1	2	450100228	X
260717574	56178039	3	F	1	2	X	X
260864826	56185542	51	F	1	1	X	517507926
260864827	56185542	13	F	1	2	450096778	X
260864854	56185433	21	F	1	2	X	X
260864857	56185433	13	F	1	2	450096778	X
260864858	56185433	17	F	1	2	450096777	517508024
260884954	56185541	73	F	1	0	X	517663327
260884955	56185541	48	M	1	2	X	517508198
260884960	56185638	73	F	1	0	X	517507741
260884961	56185638	48	M	1	2	X	517508166
260884962	56185638	73	M	1	1	X	517506181
260884984	56179211	73	F	1	0	X	517508057
260884985	56179211	48	M	1	2	X	517508867
260884986	56179211	73	M	1	1	X	517508435
260890214	56185020	59	F	1	0	X	517508200
260890215	56185020	64	M	1	1	X	517507537
260890216	56185020	31	M	1	2	X	517507295
260890229	56184680	88	F	1	4	X	X
260890285	56176917	88	F	1	4	X	X
260890286	56176917	59	F	1	0	X	517662865
260890287	56176917	64	M	1	1	X	506979992
260890289	56180937	88	F	1	4	X	X
260890291	56180937	64	M	1	1	X	517507561
260890326	56177196	59	F	1	0	X	517508057
260890327	56177196	64	M	1	1	X	517662850
260890328	56177196	31	M	1	2	X	517662701
261030402	56185254	7	M	1	2	450091718	X
261030403	56185254	10	F	1	2	450091718	X
261030407	56185254	16	M	1	2	450096777	X
261030408	56185254	15	F	1	2	450096777	X
261030458	56185269	7	M	1	2	450091718	X
261030459	56185269	10	F	1	2	450091718	X
261030460	56185269	40	M	1	1	X	517508296
261030461	56185269	35	F	1	0	X	X
261203522	56177407	16	F	1	2	450096777	X
261203523	56177407	66	M	1	0	X	517508109
261203525	56177407	25	M	1	2	X	517508489
261203527	56177699	66	M	1	0	X	517663178
261203539	56178479	66	M	1	0	X	517662864
261203540	56178479	48	F	1	1	X	517662860
261203546	56180991	16	F	1	2	450096777	X
261203549	56180991	25	M	1	2	X	517508584
261203592	56185190	48	F	1	1	X	517509354
261203610	56184899	16	F	1	2	450096777	X
261203622	56177742	16	F	1	2	450096777	X
261203623	56177742	66	M	1	0	X	517508479
261203624	56177742	48	F	1	1	X	517509363
261203625	56177742	25	M	1	2	X	517508623
261203647	56184823	66	M	1	0	X	517508103
261203648	56184823	48	F	1	1	X	517508235
261385589	56177033	60	M	1	0	X	517662850
261385591	56183455	60	M	1	0	X	517508014
261385592	56183455	56	F	1	1	X	517507276
261437395	56177534	4	F	1	5	450094430	X
261437397	56177534	3	M	1	5	450094430	X
261437398	56177534	33	F	1	2	X	517508893
261437399	56177534	62	F	1	1	X	517662923
261459662	56180242	52	F	1	0	X	517662847
261459669	56180824	39	M	1	1	X	517508774
261459672	56178915	52	F	1	0	X	517508614
261671985	56180203	66	M	1	0	X	X
261776048	56183151	5	F	1	2	X	X
261776049	56183151	9	M	1	2	450091718	X
261776056	56183625	4	M	1	2	X	X
261776058	56183625	9	M	1	2	450096761	X
261776095	56177679	11	M	1	2	450067304	X
261776096	56177679	31	M	1	0	X	517507587
261776100	56177679	2	M	1	2	X	X
261776103	56177679	9	M	1	2	450096761	X
261776140	56183466	11	M	1	2	450058854	X
261776141	56183466	31	M	1	0	X	517508107
261776143	56183466	13	M	1	2	450058854	X
261776144	56183466	1	M	1	2	X	X
261776145	56183466	2	M	1	2	X	X
261776146	56183466	4	M	1	2	X	X
261776148	56183466	9	M	1	2	450096761	X
261776347	56182679	11	M	1	2	450058645	X
261776355	56182679	9	M	1	2	450091718	X
261776403	56184418	30	F	1	1	X	517508636
261776405	56184418	1	M	1	2	X	X
261776407	56184418	4	M	1	2	X	X
261776482	56183107	11	M	1	2	450058854	X
261776483	56183107	31	M	1	0	X	517508283
261776485	56183107	13	M	1	2	450058854	X
261776486	56183107	1	M	1	2	X	X
261776488	56183107	4	M	1	2	X	X
261776489	56183107	5	F	1	2	X	X
261776490	56183107	9	M	1	2	450091718	X
261776492	56183782	31	M	1	0	X	517508057
261776494	56183782	13	M	1	2	450058854	X
261776498	56183782	5	F	1	2	X	X
261776499	56183782	9	M	1	2	450096761	X
261776509	56181633	11	M	1	2	450058854	X
261776510	56181633	31	M	1	0	X	517508247
261776513	56181633	1	M	1	2	X	X
261776538	56183468	30	F	1	1	X	517508647
261776539	56183468	13	M	1	2	450058854	X
261776540	56183468	1	M	1	2	X	X
261776543	56183468	5	F	1	2	X	X
261776544	56183468	9	M	1	2	450096761	X
261776608	56178816	11	M	1	2	450058854	X
261776610	56178816	30	F	1	1	X	517507803
261776612	56178816	1	M	1	2	X	X
261776613	56178816	2	M	1	2	X	X
261776614	56178816	4	M	1	2	X	X
261776615	56178816	5	F	1	2	X	X
261776683	56177619	13	M	1	2	450067304	X
261776684	56177619	1	M	1	2	X	X
261776686	56177619	4	M	1	2	X	X
261776763	56179696	30	F	1	1	X	517508464
261776764	56179696	13	M	1	2	450058854	X
261776765	56179696	1	M	1	2	X	X
261776768	56179696	5	F	1	2	X	X
261776807	56183795	31	M	1	0	X	517508002
261776808	56183795	30	F	1	1	X	517508269
261776810	56183795	1	M	1	2	X	X
261776811	56183795	2	M	1	2	X	X
261776812	56183795	4	M	1	2	X	X
261776814	56183795	9	M	1	2	450096761	X
261884323	56184702	50	M	1	0	X	517662682
261884327	56179054	50	F	1	1	X	X
261884334	56185379	28	F	1	2	X	517508013
261884335	56185379	50	M	1	0	X	517508706
261884336	56185379	50	F	1	1	X	X
261884343	56185310	28	F	1	2	X	517508116
261884358	56180606	28	F	1	2	X	517508247
261884359	56180606	50	M	1	0	X	517663338
262081685	56184633	11	M	1	2	450058854	X
262081687	56184633	15	M	1	2	450058854	X
262081689	56184633	52	F	1	1	X	X
262081691	56181386	11	M	1	2	450058854	X
262081693	56181386	15	M	1	2	450058646	X
262081695	56181386	52	F	1	1	X	X
262288934	56182945	52	M	1	1	X	517508166
262288994	56182154	52	M	1	1	X	517507804
262288995	56182154	5	F	1	2	X	X
262419792	56179297	82	M	1	0	X	X
262470529	56179072	55	F	1	0	X	517508763
262552742	56177366	58	M	1	1	X	517507294
262552743	56177366	57	F	1	0	X	517508591
262565712	56178112	30	M	1	0	X	517662725
262565726	56178690	30	M	1	0	X	517662850
262565727	56178690	23	F	1	1	X	517662919
262565734	56182753	30	M	1	0	X	517662880
262565735	56182753	23	F	1	1	X	517508002
262578852	56178195	46	M	1	0	X	517507827
262578881	56184653	21	F	1	2	X	517508396
262578899	56182387	17	F	1	2	450096777	X
262578902	56182387	45	F	1	1	X	517508350
262578966	56181047	45	F	1	1	X	517507582
262955552	56176809	58	F	1	1	X	X
262955554	56178283	58	F	1	1	X	X
262955569	56178228	68	M	1	0	X	510063001
262955577	56178522	68	M	1	0	X	517663166
263033066	56178942	64	F	1	0	X	X
263209468	56182160	32	M	1	2	X	X
263209469	56182160	7	F	1	5	450096761	X
263209472	56182160	56	F	1	0	X	517507582
263209474	56182160	59	M	1	1	X	517663286
263209475	56182160	29	F	1	6	X	517662807
263209476	56178855	32	M	1	2	X	X
263209481	56178855	1	F	1	5	X	X
263209483	56178855	29	F	1	6	X	517663273
263209484	56176853	32	M	1	2	X	X
263209486	56176853	6	F	1	5	450097548	X
263209488	56176853	56	F	1	0	X	517508281
263209490	56176853	59	M	1	1	X	517508396
263209491	56176853	29	F	1	6	X	517507948
263209502	56181348	6	F	1	5	450096761	X
263209507	56181348	29	F	1	6	X	517662850
263209508	56177560	32	M	1	2	X	X
263209509	56177560	7	F	1	5	450096761	X
263209511	56177560	5	F	1	5	450094430	X
263209513	56177560	1	F	1	5	X	X
263209516	56181083	32	M	1	2	X	X
263209517	56181083	7	F	1	5	450096761	X
263209518	56181083	6	F	1	5	450096761	X
263209520	56181083	56	F	1	0	X	517508792
263209521	56181083	1	F	1	5	X	X
263209523	56181083	29	F	1	6	X	517662753
263209556	56183305	32	M	1	2	X	X
263209559	56183305	5	F	1	5	450094430	X
263209560	56183305	56	F	1	0	X	517507690
263417288	56178517	72	M	1	0	X	X
264084658	56183617	23	F	1	0	X	517507952
264084662	56183599	23	F	1	0	X	517508002
264084666	56182541	23	F	1	0	X	517507739
264084670	56181043	23	F	1	0	X	517663095
264084676	56184538	23	F	1	0	X	517508624
264101079	56179324	26	M	1	2	X	517508801
264101081	56179324	51	M	1	0	X	517508183
264101101	56185001	48	F	1	1	X	517508107
264101102	56185001	51	M	1	0	X	517508875
264101142	56181735	26	M	1	2	X	517663334
264101157	56179672	26	M	1	2	X	517508238
264101159	56179672	51	M	1	0	X	517662682
264133258	56178960	15	M	1	2	450096777	X
264133259	56178960	43	M	1	1	X	517507305
264133281	56177172	47	F	1	0	X	517508109
264133282	56177172	15	M	1	2	450096777	X
264133301	56183412	43	M	1	1	X	517507745
264133303	56181098	15	M	1	2	450096777	X
264397507	56179320	15	M	1	5	450096777	X
264397508	56179320	61	M	9	0	X	517507772
264695638	56181267	51	M	1	1	X	517507677
264695647	56176946	48	F	1	0	X	517662730
264695648	56185689	51	M	1	1	X	517507679
264695649	56185689	48	F	1	0	X	517508497
264695652	56180698	51	M	1	1	X	517663273
264695656	56177514	51	M	1	1	X	517662850
264695658	56185665	51	M	1	1	X	517508685
264695659	56185665	48	F	1	0	X	517508426
265005351	56179944	50	M	1	0	X	517508864
265005352	56179944	46	F	1	1	X	517508566
265035275	56180438	63	M	1	0	X	X
265035277	56180438	19	M	1	2	X	X
265090198	56177391	0	M	1	2	X	X
265090200	56177391	5	F	1	2	450096761	X
265090201	56177391	43	M	1	1	X	517508727
265090202	56177391	28	F	1	0	X	517662850
265090229	56183709	7	M	1	2	450096761	X
265090231	56183709	43	M	1	1	X	517507678
265090232	56183709	28	F	1	0	X	517507940
265090233	56183709	11	F	1	2	450096778	X
265090270	56179677	0	M	1	2	X	X
265090271	56179677	7	M	1	2	450096761	X
265090272	56179677	5	F	1	2	450096761	X
265090273	56179677	43	M	1	1	X	517508563
265090274	56179677	28	F	1	0	X	517508096
265090275	56179677	11	F	1	2	450096778	X
265090312	56184469	0	M	1	2	X	X
265090313	56184469	7	M	1	2	450096761	X
265090316	56184469	28	F	1	0	X	517507553
265090317	56184469	11	F	1	2	450096778	X
265090444	56183374	0	M	1	2	X	X
265090448	56183374	28	F	1	0	X	517508548
265090450	56184312	0	M	1	2	X	X
265094864	56178155	0	F	1	2	X	X
265094866	56178155	8	M	1	2	450096761	X
265094867	56178155	35	F	1	1	X	517508810
265094869	56178155	31	M	1	0	X	517662701
265094870	56178155	0	F	1	2	X	X
265094871	56178155	0	F	1	2	X	X
265094872	56179822	0	F	1	2	X	X
265094874	56179822	8	M	1	2	450096761	X
265094875	56179822	35	F	1	1	X	517508774
265094876	56179822	4	F	1	2	450094430	X
265094878	56179822	0	F	1	2	X	X
265201696	56177894	69	F	1	1	X	X
265201697	56177894	69	M	1	0	X	X
265201704	56178012	69	F	1	1	X	X
265640553	56178128	8	F	1	2	450096761	X
265640554	56178128	5	M	1	2	X	X
265640555	56178128	7	F	1	2	450096761	X
265640556	56178128	31	M	1	1	X	517662850
265640557	56178128	29	F	1	0	X	517662850
265640584	56183414	5	M	1	2	X	X
265640585	56183414	7	F	1	2	450096761	X
265640587	56183414	29	F	1	0	X	517507587
265746866	56183971	24	M	1	0	X	517507559
265788230	56177498	45	M	1	1	X	517508598
265788247	56180966	19	M	1	2	X	517508451
265788250	56180966	45	M	1	1	X	517508532
265788263	56182370	19	M	1	2	X	517507329
265788264	56182370	16	M	1	2	450096777	517508179
265788265	56182370	44	F	1	0	X	X
265879666	56182171	76	F	1	0	X	X
265879667	56180756	76	F	1	0	X	X
265879686	56180943	76	F	1	0	X	X
265879687	56179413	76	F	1	0	X	X
265916813	56178688	73	M	1	0	X	X
265916814	56185443	71	F	1	1	X	X
265916815	56185443	73	M	1	0	X	X
265916816	56178747	71	F	1	1	X	X
265916826	56185616	71	F	1	1	X	X
265916829	56180258	73	M	1	0	X	X
265916851	56177626	73	M	1	0	X	X
266313136	56179018	61	F	1	0	X	517508364
266534852	56179506	38	M	1	0	X	X
266534853	56179506	52	F	1	1	X	517507827
266534858	56184030	38	M	1	0	X	X
266534880	56180836	38	M	1	0	X	X
266534892	56177730	38	M	1	0	X	X
266534894	56181091	38	M	1	0	X	X
266534904	56180078	38	M	1	0	X	X
266772014	56177074	64	F	1	0	X	X
266772015	56177074	19	F	1	5	X	517508703
267100392	56180827	68	M	1	0	X	X
267100409	56185014	69	F	1	1	X	X
267234913	56181684	55	F	1	1	X	X
267359353	56183127	39	M	1	0	X	517508451
267359355	56183032	39	M	1	0	X	517508296
267359374	56182519	39	M	1	0	X	517508119
267359382	56182967	39	M	1	0	X	517508096
267359390	56182727	39	M	1	0	X	517662730
267359403	56183162	39	M	1	0	X	517508726
267359407	56182639	39	M	1	0	X	517508328
267359419	56182939	39	M	1	0	X	517507845
267359421	56183017	39	M	1	0	X	517508358
267359434	56178490	39	M	1	0	X	517662807
267359439	56182993	39	M	1	0	X	517507827
267359440	56183168	39	M	1	0	X	517507721
267359447	56178757	39	M	1	0	X	517508057
267359458	56182833	39	M	1	0	X	517507819
267359473	56183179	39	M	1	0	X	517508235
267359474	56182982	39	M	1	0	X	517508296
267359475	56183180	39	M	1	0	X	517508290
267359480	56185712	39	M	1	0	X	517507815
267359482	56183185	39	M	1	0	X	517508235
267359495	56182870	39	M	1	0	X	517508324
267359504	56182495	39	M	1	0	X	517507778
267359518	56182508	39	M	1	0	X	517508830
267359522	56178095	39	M	1	0	X	517662730
267359523	56182572	39	M	1	0	X	517508057
267359529	56182933	39	M	1	0	X	517508107
267359536	56182575	39	M	1	0	X	517507827
267375844	56180505	23	F	1	0	X	517508032
267375845	56180505	26	M	1	1	X	517507600
267375852	56183175	23	F	1	0	X	517508110
267375853	56183175	26	M	1	1	X	517507933
267375855	56180876	26	M	1	1	X	517662609
267375856	56180514	23	F	1	0	X	517508236
267375857	56180514	26	M	1	1	X	517663259
267375858	56183507	23	F	1	0	X	517508112
267375870	56183470	23	F	1	0	X	517508396
267375871	56183470	26	M	1	1	X	517662887
267507468	56180348	55	M	1	1	X	517508002
267507483	56182802	51	F	1	0	X	X
267507488	56180380	55	M	1	1	X	517508426
267507496	56178834	55	M	1	1	X	517508002
267507497	56178834	51	F	1	0	X	X
267507498	56178528	55	M	1	1	X	517662731
267507508	56179859	55	M	1	1	X	517508311
267507525	56180002	51	F	1	0	X	X
267507526	56179729	55	M	1	1	X	517508884
267507540	56177304	55	M	1	1	X	517662741
267507541	56177304	51	F	1	0	X	X
267507548	56180087	55	M	1	1	X	517663180
267507549	56180087	51	F	1	0	X	X
267882084	56185441	72	F	1	0	X	X
267882120	56179476	72	F	1	0	X	X
267882122	56177885	72	F	1	0	X	X
267882123	56177885	44	F	1	2	X	517508054
267894483	56180709	63	M	1	0	X	517663338
267894488	56177558	63	M	1	0	X	510063139
267894495	56180255	63	M	1	0	X	517508014
267894500	56181292	63	M	1	0	X	517507392
267894501	56177688	63	M	1	0	X	517662745
267894508	56179190	63	M	1	0	X	517507502
267967692	56183997	76	F	1	0	X	X
268037617	56185205	56	M	1	1	X	517507309
268037620	56182587	48	F	1	0	X	517508701
268037628	56184863	48	F	1	0	X	517662847
268037633	56181191	56	M	1	1	X	517508788
268037634	56181191	48	F	1	0	X	517507649
268037635	56179875	56	M	1	1	X	517508610
268037636	56179875	48	F	1	0	X	517662797
268053930	56180397	20	F	1	0	X	517508841
268053931	56180397	26	M	1	10	X	517663177
268053936	56180751	20	F	1	0	X	517507309
268053937	56180751	26	M	1	10	X	517507291
268053958	56181381	20	F	1	0	X	517663348
268053959	56181381	26	M	1	10	X	506878227
268053974	56180522	20	F	1	0	X	517507615
268053975	56180522	26	M	1	10	X	517663308
268053981	56181676	26	M	1	10	X	517507558
268255412	56183320	7	M	1	5	450096761	X
268255414	56183320	14	F	1	5	450096777	X
268255415	56183320	17	M	1	5	450096777	517508869
268255441	56178725	57	F	1	1	X	517662923
268255442	56178725	59	M	1	0	X	510063035
268255443	56178725	11	M	1	5	450096778	X
268255444	56178725	7	M	1	5	450096761	X
268279281	56181700	53	M	1	1	X	517508788
268279282	56181700	52	F	1	0	X	517507505
268279284	56183404	52	F	1	0	X	517507678
268279289	56179279	53	M	1	1	X	517507834
268279290	56179279	52	F	1	0	X	517508563
268279295	56180054	53	M	1	1	X	517662925
268279323	56181627	53	M	1	1	X	517508368
268521574	56177805	8	M	1	2	450100228	X
268521575	56177805	2	F	1	2	X	X
268521586	56177838	8	M	1	2	450097548	X
268521587	56177838	2	F	1	2	X	X
268521607	56184222	2	F	1	2	X	X
268521609	56184222	32	M	1	0	X	517507276
268521638	56180631	8	M	1	2	450096761	X
268521640	56180631	28	F	1	1	X	X
268521641	56180631	32	M	1	0	X	517507812
268542605	56180414	7	M	1	2	450096761	X
268542606	56180414	30	F	1	0	X	517508049
268542607	56180414	31	M	1	1	X	517662837
268542608	56180414	2	F	1	2	X	X
268553993	56179683	64	F	1	0	X	517507928
268554001	56185538	64	F	1	0	X	517508563
268711854	56180339	74	M	1	0	X	X
268711876	56183026	74	M	1	0	X	X
268711879	56177932	74	M	1	0	X	X
268770474	56179316	70	M	1	0	X	517508057
268770476	56179384	70	M	1	0	X	517508740
268770477	56176959	70	M	1	0	X	517662850
268993887	56179761	5	M	1	2	450096761	X
268993894	56182893	54	M	1	0	X	X
268993895	56182893	5	M	1	2	450096761	X
269044265	56178229	52	F	1	1	X	517662850
269044266	56178229	54	M	1	0	X	517662841
269044269	56180558	52	F	1	1	X	517662807
269044270	56180558	54	M	1	0	X	517508730
269044277	56179389	52	F	1	1	X	517662923
269044279	56185101	52	F	1	1	X	517507910
269044280	56185101	54	M	1	0	X	517662755
269044282	56182554	54	M	1	0	X	517508478
269044289	56182299	52	F	1	1	X	506979947
269068313	56183781	47	F	1	0	X	517507317
269068314	56183781	16	F	1	2	450096777	517508426
269068315	56183781	52	M	1	1	X	517507751
269068316	56183781	22	M	1	2	X	517507681
269068329	56177142	47	F	1	0	X	517662923
269068331	56177142	52	M	1	1	X	503065931
269180673	56180864	60	M	1	0	X	517663146
269180695	56180567	60	M	1	0	X	517508107
269180696	56178593	52	F	1	1	X	X
269266043	56180134	3	M	1	2	X	X
269266045	56180134	5	M	1	2	X	X
269266049	56185111	5	M	1	2	X	X
269266050	56185111	33	F	1	10	X	517508358
269266064	56185621	44	M	1	0	X	517507761
269266066	56185621	33	F	1	10	X	517508002
269266107	56179353	3	M	1	2	X	X
269266109	56179353	5	M	1	2	X	X
269280151	56181579	7	M	1	2	450096761	X
269280153	56181579	33	M	1	0	X	517663273
269337644	56183525	18	M	1	12	450096777	X
269337655	56177633	41	M	1	10	X	517663173
269337658	56177633	12	F	1	2	450096778	X
269347497	56179335	42	M	1	0	X	517507948
269347507	56178738	42	M	1	0	X	517662923
269347511	56180097	42	M	1	0	X	517662800
269347520	56179759	42	M	1	0	X	517507582
269347521	56177895	42	M	1	0	X	517662850
269347525	56182974	42	M	1	0	X	517508454
269347531	56177813	42	M	1	0	X	517663177
269347554	56179626	42	M	1	0	X	517662923
269347555	56177517	42	M	1	0	X	517508002
269406787	56183911	37	M	1	0	X	517508559
269406788	56183911	2	M	1	2	X	X
269406796	56180076	2	M	1	2	X	X
269406797	56180076	3	M	1	2	X	X
269406803	56179124	37	M	1	0	X	517508719
269406805	56179124	3	M	1	2	X	X
269728921	56185094	11	M	1	2	450096778	X
269728923	56185094	37	M	1	1	X	517508009
269728930	56180645	35	F	1	0	X	517507922
269728931	56180645	37	M	1	1	X	517507827
269776593	56183441	59	M	1	0	X	517663158
269776603	56181357	59	M	1	0	X	517508843
269776611	56182835	59	M	1	0	X	517508345
269855375	56179728	4	F	1	2	450058854	X
269855378	56179728	29	M	1	0	X	517508612
269855379	56179728	6	M	1	2	450096761	X
269855392	56178874	13	M	1	2	450096778	X
269855395	56178874	22	F	1	10	X	X
269855396	56178874	29	M	1	0	X	517507942
269879019	56180763	93	M	1	0	X	X
269879029	56179126	93	M	1	0	X	X
269912027	56183860	62	F	1	0	X	517508228
269912028	56183860	38	F	1	2	X	517508057
269912029	56185184	62	F	1	0	X	517508107
269912030	56185184	38	F	1	2	X	517508345
269912037	56178437	62	F	1	0	X	509156963
269912038	56178437	38	F	1	2	X	517507525
270069266	56180790	18	F	1	2	450096777	506881730
270069269	56180790	17	M	1	2	450096777	517508270
270069292	56177759	46	M	1	0	X	517508726
270069293	56177759	17	M	1	2	450096777	503022728
270069310	56180304	18	F	1	2	450096777	517507827
270069311	56180304	47	F	1	1	X	517508585
270069313	56180304	17	M	1	2	450096777	517663278
270133755	56177622	87	M	1	0	X	X
270133756	56180427	87	M	1	0	X	X
270209758	56182656	55	M	1	1	X	X
270209759	56182656	70	F	1	0	X	X
270209764	56182836	55	M	1	1	X	X
270373994	56181518	67	F	1	0	X	517507655
270460432	56177018	57	M	1	0	X	503022692
270460433	56177018	57	F	1	1	X	X
270460434	56179052	57	M	1	0	X	517662923
270460435	56179052	57	F	1	1	X	X
270460440	56178411	57	M	1	0	X	517509024
270460441	56178411	57	F	1	1	X	X
270571100	56181787	63	F	1	0	X	517662922
270571110	56185637	63	F	1	0	X	517508140
270571111	56182184	63	F	1	0	X	517507539
270665784	56178847	24	M	1	2	X	517508674
270665786	56178847	55	M	1	0	X	517663330
270665809	56177767	57	F	1	1	X	517663103
270665810	56177767	55	M	1	0	X	517507862
270665817	56178205	24	M	1	2	X	517508297
270665818	56178205	57	F	1	1	X	517662701
270665820	56180936	24	M	1	2	X	517663338
270665821	56180936	57	F	1	1	X	517663322
270665822	56180936	55	M	1	0	X	517663328
270665831	56184841	55	M	1	0	X	517508103
270665836	56181950	57	F	1	1	X	517507827
270665837	56181950	55	M	1	0	X	517663302
270695683	56179852	38	F	1	1	X	517507733
270695686	56179852	10	M	1	2	450096761	X
270695704	56182348	10	M	1	2	450096761	X
270695707	56184359	38	F	1	1	X	517508875
270695708	56184359	4	M	1	2	450094430	X
270695709	56184359	6	M	1	2	450096761	X
270695711	56184359	11	F	1	2	450096778	X
270695712	56184359	38	M	1	0	X	517508396
270695723	56179708	11	F	1	2	450096778	X
270695724	56179708	38	M	1	0	X	517508575
270695753	56181464	11	F	1	2	450096778	X
270790766	56182107	7	F	1	2	450096761	X
270790782	56181087	7	F	1	2	450096761	X
270790783	56181087	38	F	1	0	X	517508071
270790784	56179902	7	F	1	2	450096761	X
270790807	56184599	38	F	1	0	X	517507772
270817604	56182125	93	F	1	0	X	X
270817613	56178830	93	F	1	0	X	X
270817657	56178088	93	F	1	0	X	X
270817664	56181831	93	F	1	0	X	X
270891587	56182244	77	M	1	0	X	517507618
270918116	56182744	1	F	1	2	X	X
270918117	56182744	30	F	1	1	X	517663117
270918136	56179609	35	M	1	0	X	517507708
270918137	56179609	1	F	1	2	X	X
270918138	56179609	30	F	1	1	X	517508312
270918146	56180125	1	F	1	2	X	X
270918147	56180125	30	F	1	1	X	517507489
270928623	56184334	8	M	1	2	450096761	X
270928625	56184334	5	F	1	2	450096761	X
270928628	56184334	4	M	1	2	X	X
270928642	56179573	11	M	1	2	450096778	X
270928643	56179573	5	F	1	2	450096761	X
270928645	56179573	35	M	1	0	X	517508499
270928646	56179573	4	M	1	2	X	X
270928661	56179039	5	F	1	2	450096761	X
270928663	56179039	35	M	1	0	X	517663159
271047232	56178168	57	M	1	0	X	517508057
271047233	56178168	50	F	1	1	X	506979988
271047238	56178049	57	M	1	0	X	517662725
271047240	56178049	18	M	1	2	450096777	510063249
271060555	56176834	35	F	1	1	X	X
271060556	56176834	9	M	1	2	450097548	X
271416549	56184816	37	F	1	1	X	517507518
271416550	56184816	12	M	1	2	450096761	X
271416551	56184816	18	F	1	2	X	517508315
271541690	56179598	72	F	1	0	X	X
271594840	56178715	56	F	1	1	X	X
271594872	56182682	56	F	1	1	X	X
271594881	56178391	56	M	1	0	X	X
271594882	56178391	56	F	1	1	X	X
271594887	56182812	56	M	1	0	X	X
271594888	56182812	56	F	1	1	X	X
271594924	56176807	56	F	1	1	X	X
271594954	56177787	56	F	1	1	X	X
271594965	56184728	56	M	1	0	X	X
271594966	56184728	56	F	1	1	X	X
271599313	56183715	26	F	1	0	X	X
271599315	56183715	3	M	1	2	X	X
271599361	56179718	26	F	1	0	X	X
271599364	56179718	2	M	1	2	X	X
271639277	56177871	68	F	1	0	X	X
271639282	56178028	68	F	1	0	X	X
272357812	56185023	20	M	1	2	X	517508779
272357818	56185627	20	M	1	2	X	517508783
272357819	56185627	22	F	1	6	X	517508404
272357820	56185627	55	M	1	0	X	517508893
272357821	56178482	20	M	1	2	X	517662745
272357828	56181923	22	F	1	6	X	517508311
272734905	56185399	0	M	8	2	X	X
272734907	56185399	28	M	8	0	X	517508002
272734941	56184525	0	M	8	2	X	X
272734942	56184525	29	F	8	10	X	X
272734944	56184525	11	F	8	2	450096778	X
272757759	56178111	63	M	1	1	X	503067801
272757771	56177431	63	M	1	1	X	517662725
272757790	56182385	62	F	1	0	X	517508097
272917882	56181180	16	F	1	5	450096777	X
272917883	56181180	68	F	1	1	X	X
272938566	56177100	24	F	1	1	X	517662923
272938588	56179544	24	F	1	1	X	517508705
272938589	56179544	26	M	1	0	X	517663347
273057012	56183061	36	F	1	0	X	517508654
273057016	56182957	36	F	1	0	X	517508166
273057017	56178320	36	F	1	0	X	517662850
273075215	56180663	93	M	1	0	X	X
273110812	56185042	8	F	1	2	450096761	X
273110834	56177811	55	M	1	1	X	517662850
273110835	56177811	4	M	1	2	450066968	X
273110837	56181327	45	F	1	0	X	517508179
273110881	56180811	45	F	1	0	X	517507811
273110882	56180811	55	M	1	1	X	517663328
273110941	56182005	45	F	1	0	X	517508107
273110943	56182005	4	M	1	2	450058854	X
273110951	56179035	4	M	1	2	450058854	X
273110952	56179035	8	F	1	2	450096761	X
273110962	56180887	55	M	1	1	X	517663268
273110964	56180887	8	F	1	2	450096761	X
273110969	56185402	45	F	1	0	X	517508867
273110970	56185402	55	M	1	1	X	517662923
273110971	56185402	4	M	1	2	450058854	X
273110981	56178632	45	F	1	0	X	517507749
273110982	56178632	55	M	1	1	X	517663328
273110984	56178632	8	F	1	2	450096761	X
273110993	56177721	45	F	1	0	X	517508817
273110995	56177721	4	M	1	2	450066968	X
273110996	56177721	8	F	1	2	450096761	X
273129657	56183150	20	F	1	10	X	517508652
273129658	56183150	24	M	1	0	X	X
273129687	56177974	20	F	1	10	X	517662906
273129702	56181066	24	M	1	0	X	X
273129706	56180815	24	M	1	0	X	X
273129712	56180342	24	M	1	0	X	X
273994643	56180228	61	F	1	1	X	X
273994647	56185703	61	F	1	1	X	X
273994648	56185703	56	M	1	0	X	517508396
274123268	56178884	79	F	1	0	X	X
274123280	56183972	79	F	1	0	X	X
274123287	56181955	79	F	1	0	X	X
274354436	56178041	54	M	1	0	X	X
274358133	56182214	15	M	1	2	450096777	X
274358134	56182214	11	M	1	2	450096778	X
274358135	56182214	36	F	1	1	X	517508889
274358165	56184988	15	M	1	2	450096777	X
274358178	56181269	11	M	1	2	450096778	X
274358192	56181184	40	M	1	0	X	517508396
274358193	56181184	15	M	1	2	450096777	X
274358209	56182790	15	M	1	2	450096777	X
274358299	56183994	36	F	1	1	X	517508056
274805540	56185388	51	M	1	0	X	517508652
274805541	56185388	28	M	1	2	X	517507292
274805542	56185388	52	F	1	1	X	X
274805561	56183277	28	M	1	2	X	517507622
274805568	56184842	51	M	1	0	X	517508426
274805569	56184842	28	M	1	2	X	517508893
274805570	56184842	52	F	1	1	X	X
274805580	56179300	51	M	1	0	X	517508499
274805582	56179300	52	F	1	1	X	X
274805592	56184721	51	M	1	0	X	517508739
274805593	56184721	28	M	1	2	X	517508002
274805594	56184721	52	F	1	1	X	X
274805595	56184721	4	F	1	5	450058854	X
274887754	56176772	66	F	1	1	X	X
274887768	56185672	66	F	1	1	X	X
274887772	56176878	66	F	1	1	X	X
274887778	56185389	66	F	1	1	X	X
274887779	56185389	67	M	1	0	X	X
274887796	56180501	66	F	1	1	X	X
274887797	56180501	67	M	1	0	X	X
274887800	56185091	66	F	1	1	X	X
274887801	56185091	67	M	1	0	X	X
275103478	56183290	31	F	1	0	X	517508559
275103483	56184376	31	F	1	0	X	517508336
275103514	56181695	31	F	1	0	X	517507687
275117778	56184662	0	M	9	2	X	X
275180243	56178110	71	F	1	0	X	X
275180247	56178290	71	F	1	0	X	X
275190498	56185483	52	F	1	1	X	517662850
275824938	56181794	45	M	1	0	X	517507275
275824939	56181794	45	F	1	1	X	X
275824951	56177428	45	F	1	1	X	X
275828527	56182108	2	F	1	2	X	X
275828528	56182108	0	M	1	2	X	X
275828545	56179200	35	M	1	0	X	X
275828547	56179200	2	F	1	2	X	X
275905772	56181538	52	M	1	1	X	517507355
275905776	56176937	52	M	1	1	X	517662725
276337208	56182894	17	M	1	2	450096777	517507763
276337209	56182894	51	M	1	0	X	517508856
276337223	56179462	17	M	1	2	450096777	517507580
276337224	56179462	51	M	1	0	X	517508805
276337229	56182340	17	M	1	2	450096777	517508017
276337230	56182340	51	M	1	0	X	517508057
276337231	56182340	47	F	1	1	X	517507582
276337241	56185613	17	M	1	2	450096777	517508426
276337244	56185299	17	M	1	2	450096777	517507519
276337273	56182360	47	F	1	1	X	517507761
276337298	56180219	17	M	1	2	450096777	506979576
276337299	56180219	51	M	1	0	X	517507409
276337300	56180219	47	F	1	1	X	517508729
276337316	56183467	17	M	1	2	450096777	517507612
276337317	56183467	51	M	1	0	X	501428517
276337320	56176872	51	M	1	0	X	503066836
276337326	56179915	51	M	1	0	X	517507677
276337327	56179915	47	F	1	1	X	517508451
276337391	56182192	17	M	1	2	450096777	517662798
276337392	56182192	51	M	1	0	X	517507582
276337393	56182192	47	F	1	1	X	517507979
276337404	56184541	51	M	1	0	X	517507696
276337416	56183814	51	M	1	0	X	517507281
276899676	56184048	30	F	1	0	X	517508520
276899678	56184048	5	F	1	2	450094430	X
277070760	56179946	35	M	1	1	X	517663295
277070761	56179946	30	F	1	0	X	517508159
277070772	56180052	35	M	1	1	X	517507734
277070783	56178759	9	F	1	2	450097548	X
277070784	56179904	35	M	1	1	X	517508593
277070785	56179904	30	F	1	0	X	517508014
277070786	56179904	9	F	1	2	450096761	X
277194107	56178656	21	F	1	2	X	517662923
277194108	56178656	57	M	1	0	X	517508629
277194136	56184811	57	M	1	0	X	517662743
277480284	56178263	35	M	1	1	X	517662701
277480287	56178263	5	F	1	2	450058854	X
277480294	56178460	33	F	1	0	X	X
277480295	56178460	5	F	1	2	450058854	X
277617779	56180788	65	F	1	0	X	X
277617784	56179622	65	F	1	0	X	X
277865210	56181619	61	M	1	0	X	X
277865211	56181619	61	F	1	1	X	X
278227096	56178900	54	M	1	10	X	517508057
278227097	56178900	53	F	9	0	X	517508015
278227104	56179289	54	M	1	10	X	517508860
278227116	56179065	54	M	1	10	X	517508756
278485322	56177675	30	M	1	0	X	517662865
278485335	56178007	26	M	1	3	X	517662923
278485336	56179790	30	M	1	0	X	517507265
278485356	56181696	30	M	1	0	X	517508002
278544365	56178851	31	M	1	0	X	517508063
278544367	56177878	31	M	1	0	X	517508624
278544374	56179809	31	M	1	0	X	517508307
278544377	56176802	31	M	1	0	X	517663177
278544378	56183430	31	M	1	0	X	517508200
278544384	56180193	31	M	1	0	X	517663257
279224840	56179012	32	F	1	10	X	517508645
279224850	56185064	6	M	1	2	450096761	X
279224851	56185064	44	F	1	0	X	517507580
279224852	56185064	32	F	1	10	X	517508499
279224859	56181602	6	M	1	2	450096761	X
279224860	56181602	44	F	1	0	X	517663348
279224861	56181602	32	F	1	10	X	517507744
279224872	56182252	44	F	1	0	X	506878757
279224873	56182252	32	F	1	10	X	517508470
279602078	56180356	66	M	1	0	X	X
279731358	56177313	40	F	1	0	X	X
279731360	56177313	5	M	1	2	450058854	X
279731387	56178175	43	M	1	1	X	517662850
279731388	56178175	5	M	1	2	450058854	X
279731389	56178175	1	F	1	2	X	X
279731392	56184219	5	M	1	2	450058854	X
279731393	56184219	1	F	1	2	X	X
279731399	56184908	43	M	1	1	X	517508426
279731400	56184908	5	M	1	2	450058854	X
279731402	56181850	40	F	1	0	X	X
279731403	56181850	43	M	1	1	X	517507702
279731404	56181850	5	M	1	2	450058854	X
279731410	56180829	40	F	1	0	X	X
279731411	56180829	43	M	1	1	X	517508057
279731412	56180829	5	M	1	2	450066968	X
279731419	56182408	43	M	1	1	X	506980147
279731423	56182395	43	M	1	1	X	517663173
279731424	56182395	5	M	1	2	450058854	X
279731425	56182395	1	F	1	2	X	X
279731432	56182650	5	M	1	2	450058854	X
279731439	56182210	43	M	1	1	X	517662850
279731440	56182210	5	M	1	2	450058854	X
279731444	56185171	5	M	1	2	450058854	X
279731445	56185171	1	F	1	2	X	X
279952886	56178052	27	M	1	0	X	517662850
279952909	56178664	26	M	1	9	X	503067771
279952926	56183973	27	M	1	0	X	501428188
279952932	56183581	27	M	1	0	X	517507696
279952933	56183581	26	M	1	9	X	517508595
279952952	56180164	27	M	1	0	X	517508628
280185595	56177664	63	F	1	1	X	X
280365842	56183847	56	M	1	0	X	517508575
280434475	56179961	50	F	1	0	X	517508428
280434482	56179224	59	M	1	1	X	517508596
280434483	56179224	50	F	1	0	X	517663338
280434489	56184042	50	F	1	0	X	517507324
280434494	56176943	59	M	1	1	X	517508110
280510257	56179787	37	M	1	0	X	517507580
280510260	56179787	6	F	1	2	450096761	X
280510277	56180461	37	M	1	0	X	517508792
280510278	56180461	32	F	1	1	X	517662794
280510279	56180461	10	M	1	2	450096761	X
280675552	56180291	26	F	1	1	X	517508322
280675553	56180291	0	M	1	2	X	X
280795864	56181749	47	M	1	0	X	517508296
280795865	56181749	44	F	1	1	X	517507933
280795869	56184671	12	M	1	2	450096778	X
280795871	56184671	44	F	1	1	X	517508408
280795887	56184993	12	M	1	2	450096778	X
280795889	56184993	44	F	1	1	X	517508014
280795896	56178591	12	M	1	2	450096778	X
280795898	56178591	44	F	1	1	X	517662850
280795912	56177507	47	M	1	0	X	517662850
280795913	56177507	44	F	1	1	X	517663177
280795924	56182557	47	M	1	0	X	517663278
280795932	56181988	12	M	1	2	450096778	X
280795933	56181988	47	M	1	0	X	517662923
280795934	56181988	44	F	1	1	X	517662738
280844149	56181508	48	F	1	0	X	517663301
280844150	56181508	10	M	1	2	450096761	X
280950699	56179070	69	M	1	0	X	X
280950733	56181079	69	M	1	0	X	X
281898333	56180420	22	F	1	1	X	X
281898335	56180420	0	F	1	2	X	X
281898340	56183198	20	M	1	0	X	X
281898350	56184452	0	F	1	2	X	X
282270433	56177831	26	M	1	0	X	517662850
282270434	56177831	3	M	1	2	450066968	X
282270435	56177831	24	F	1	1	X	517508832
282270466	56183310	26	M	1	0	X	517508479
282270468	56183310	24	F	1	1	X	501427627
282379759	56179036	39	M	1	1	X	517508063
282379767	56177399	47	F	1	0	X	517662911
282379768	56177399	39	M	1	1	X	517508442
282379793	56182285	5	M	1	2	450066968	X
282379803	56183565	47	F	1	0	X	517508002
282379804	56183565	39	M	1	1	X	517508589
282379805	56183565	5	M	1	2	450058854	X
282497142	56176826	53	F	1	0	X	517508057
282497167	56182111	54	M	1	1	X	517507259
282497168	56182111	53	F	1	0	X	517507956
282497172	56183460	53	F	1	0	X	517508379
282756386	56184676	52	M	1	1	X	517508402
282756393	56184636	55	F	1	0	X	517508179
282756395	56178412	52	M	1	1	X	517508069
282756397	56178412	17	M	1	2	450096777	X
282756402	56178207	55	F	1	0	X	517508394
282756404	56180771	52	M	1	1	X	517663243
282756410	56184976	52	M	1	1	X	517507778
282756412	56184976	17	M	1	2	450096777	X
282842585	56177842	14	F	1	2	450096777	X
282842586	56177842	44	M	1	0	X	517662808
282842599	56179183	40	F	1	1	X	517507587
282842600	56179183	14	F	1	2	450096777	X
282993966	56182943	44	F	1	0	X	X
282993982	56184237	44	F	1	0	X	X
282993983	56184237	9	M	1	2	450096761	X
283231278	56185344	59	F	6	0	X	517508632
283231283	56184718	59	F	6	0	X	517508166
283427887	56181418	54	F	1	0	X	517508749
283497437	56182468	79	M	1	1	X	X
283497456	56183580	60	F	1	0	X	X
283497457	56183580	79	M	1	1	X	X
283497465	56181476	79	M	1	1	X	X
283655229	56177524	69	M	1	0	X	X
283655232	56177370	67	F	1	1	X	517662701
283819305	56182085	62	M	1	0	X	X
283819318	56183881	62	M	1	0	X	X
283819319	56182172	62	M	1	0	X	X
283819330	56179288	62	M	1	0	X	X
283819335	56181499	62	M	1	0	X	X
283819338	56177712	62	M	1	0	X	X
283819339	56180920	62	M	1	0	X	X
283819342	56181718	62	M	1	0	X	X
283909603	56184331	38	M	1	0	X	517507324
283909604	56184331	47	F	1	10	X	517507364
283909605	56181168	38	M	1	0	X	517508869
283909606	56181168	47	F	1	10	X	517507636
283909612	56179147	47	F	1	10	X	517508179
283909613	56185257	38	M	1	0	X	517508002
284052432	56180600	25	F	1	0	X	517508179
284078140	56180495	9	F	1	2	450066968	X
284078184	56184579	9	F	1	2	450058854	X
284078185	56184579	40	F	1	0	X	X
284078197	56184099	40	F	1	0	X	X
284193211	56178138	4	M	1	2	450094430	X
284193215	56178138	28	M	1	0	X	517508719
284193216	56178138	27	F	1	1	X	X
284238699	56184249	39	F	1	0	X	517507587
284238702	56182863	39	F	1	0	X	517662891
284238705	56177740	39	F	1	0	X	517507947
284238709	56184485	39	F	1	0	X	517662919
284411942	56177098	23	M	1	2	X	X
284411943	56177098	22	F	1	6	X	517507932
284411946	56177098	52	M	1	0	X	517662730
284411962	56181490	23	M	1	2	X	X
284411963	56181490	22	F	1	6	X	517507486
284411964	56181490	26	M	1	2	X	517508014
284411978	56185056	22	F	1	6	X	517508107
284411979	56185056	26	M	1	2	X	517508358
284411981	56185056	52	M	1	0	X	517508040
284411982	56184797	23	M	1	2	X	X
284411985	56184797	51	F	1	1	X	X
284411987	56185507	23	M	1	2	X	X
284411988	56185507	22	F	1	6	X	517507904
284411989	56185507	26	M	1	2	X	517508283
284411990	56185507	51	F	1	1	X	X
284411992	56179216	23	M	1	2	X	X
284411993	56179216	22	F	1	6	X	517507906
284411994	56179216	26	M	1	2	X	517508381
284412011	56179113	52	M	1	0	X	517508179
284412035	56179111	51	F	1	1	X	X
284412040	56180316	51	F	1	1	X	X
284412041	56180316	52	M	1	0	X	517507865
284412067	56181969	23	M	1	2	X	X
284412068	56181969	22	F	1	6	X	517507870
284412069	56181969	26	M	1	2	X	517508854
284412071	56181969	52	M	1	0	X	517662682
284412097	56185710	23	M	1	2	X	X
284412098	56185710	22	F	1	6	X	517508037
284412101	56185710	52	M	1	0	X	517508013
284412122	56184952	23	M	1	2	X	X
284412123	56184952	22	F	1	6	X	517507898
284412125	56184952	51	F	1	1	X	X
284412163	56183554	22	F	1	6	X	517508176
284412213	56184140	22	F	1	6	X	517507587
284412214	56184140	26	M	1	2	X	517508510
284412216	56184140	52	M	1	0	X	517508707
284412242	56184285	23	M	1	2	X	X
284412243	56184285	22	F	1	6	X	517508109
284412244	56184285	26	M	1	2	X	517508009
284429469	56179191	2	F	1	2	X	X
284429470	56179191	44	M	1	0	X	517508002
284554583	56179981	8	M	1	2	450096761	X
284554584	56179981	37	M	1	1	X	517507582
284554585	56178458	34	F	1	0	X	517663090
284554587	56178458	4	M	1	2	X	X
284554588	56178458	8	M	1	2	450096761	X
284554589	56178458	37	M	1	1	X	517508379
284554740	56183797	34	F	1	0	X	517508273
284554741	56183797	6	M	1	2	X	X
284554743	56183797	8	M	1	2	450096761	X
284554744	56183797	37	M	1	1	X	517663173
284719066	56184141	57	F	1	0	X	X
284754017	56181015	46	F	1	0	X	517508881
284754025	56181747	46	F	1	0	X	506980147
284754028	56178626	48	M	1	1	X	517507865
284754048	56177861	48	M	1	1	X	503068922
284754049	56177861	46	F	1	0	X	517662850
284754058	56181383	48	M	1	1	X	517663278
284754059	56181383	46	F	1	0	X	517508057
284813911	56181721	64	M	1	1	X	506879306
284813912	56181721	17	M	1	5	450096777	X
284813913	56181721	62	F	1	0	X	517663261
285460594	56185134	69	F	1	1	X	X
285570220	56177060	46	M	1	1	X	517662865
285570228	56184148	46	M	1	1	X	517508262
285570229	56184148	45	F	1	0	X	517507355
285570254	56181278	46	M	1	1	X	517507827
285570269	56181758	45	F	1	0	X	517508451
285570282	56181286	46	M	1	1	X	517507616
285570283	56181286	45	F	1	0	X	517507815
285570289	56177724	45	F	1	0	X	517663184
285573734	56184939	29	M	1	1	X	517508122
285573736	56184939	22	F	1	0	X	X
285573743	56178179	29	M	1	1	X	517508002
285573745	56178179	22	F	1	0	X	X
285583344	56177385	29	F	1	0	X	517662919
285583345	56177385	36	M	1	1	X	503068850
285583347	56177385	8	F	1	2	450096761	X
285583372	56183939	29	F	1	0	X	517508339
285583373	56183939	36	M	1	1	X	517508396
285583413	56178070	36	M	1	1	X	517508803
285583415	56178070	8	F	1	2	450097548	X
285583420	56176773	29	F	1	0	X	506979709
285583422	56176773	5	M	1	2	450058854	X
285583423	56176773	8	F	1	2	450096761	X
285583436	56183902	29	F	1	0	X	517508426
285583438	56183902	5	M	1	2	450058854	X
285583439	56183902	8	F	1	2	450096761	X
285583452	56181665	29	F	1	0	X	517508284
285583453	56181665	36	M	1	1	X	517508645
285583500	56178534	29	F	1	0	X	517662701
285583501	56178534	36	M	1	1	X	517663169
285583504	56183792	29	F	1	0	X	517508696
285583507	56183792	8	F	1	2	450096761	X
285637229	56184011	9	M	1	2	450096761	X
285637230	56184011	45	F	1	0	X	517508721
285637262	56184915	9	M	1	2	450096761	X
285637263	56184915	45	F	1	0	X	517662850
285687924	56181703	59	F	1	1	X	X
285687930	56182143	59	F	1	1	X	X
285687931	56182143	62	M	1	0	X	X
285734240	56184925	44	M	1	0	X	517663243
286812590	56180292	39	F	1	1	X	517508110
286812591	56180292	39	M	1	0	X	517662923
286812592	56180292	10	F	1	2	450096761	X
286812594	56180292	19	F	1	2	X	517662682
286812615	56183001	39	F	1	1	X	517507725
286812617	56183001	10	F	1	2	450096761	X
286812619	56183001	19	F	1	2	X	517508836
286900141	56183217	68	M	1	0	X	X
286900142	56183217	66	F	1	1	X	X
286900160	56180544	66	F	1	1	X	X
287364034	56177153	67	M	1	0	X	X
287440226	56182165	45	M	1	1	X	517663245
287440229	56183228	41	F	1	0	X	517507738
287440241	56180599	41	F	1	0	X	506879810
287440242	56181177	45	M	1	1	X	517507615
287440243	56181177	41	F	1	0	X	517508179
287440255	56178977	41	F	1	0	X	517508867
287440262	56180538	45	M	1	1	X	517507933
287440283	56178727	41	F	1	0	X	517508675
287440290	56185583	45	M	1	1	X	517508871
287440291	56185583	41	F	1	0	X	517507698
287440292	56180406	45	M	1	1	X	517662794
287459901	56180252	39	M	1	0	X	517508180
287459909	56183915	39	M	1	0	X	517507697
287459910	56184300	39	M	1	0	X	517508720
287519135	56184783	6	F	1	2	450096761	X
287886421	56180792	3	M	1	2	X	X
287886422	56180792	34	M	1	0	X	517663271
287886423	56180792	30	F	1	1	X	X
287886660	56179254	93	F	1	0	X	X
288249159	56179236	59	M	1	0	X	X
288249165	56177961	59	M	1	0	X	X
288249176	56178387	93	F	1	4	X	X
288249178	56177980	93	F	1	4	X	X
288355013	56180755	40	M	1	0	X	517662896
288355020	56183173	0	M	1	2	X	X
288694662	56183707	4	M	1	2	X	X
288694664	56183707	28	F	1	1	X	X
288694665	56183707	8	F	1	2	450096761	X
288694666	56183707	30	M	1	0	X	517662850
289091348	56180826	82	F	1	0	X	517507826
289091363	56179002	82	F	1	0	X	517508264
289115796	56177920	27	M	1	0	X	517662850
289115807	56178508	24	F	1	1	X	506980075
289115808	56178508	27	M	1	0	X	517508426
289115837	56183793	24	F	1	1	X	517508015
289115839	56178214	24	F	1	1	X	517507826
289171521	56184762	54	F	1	1	X	517508774
289171522	56184762	51	M	1	0	X	517508170
289171523	56181552	54	F	1	1	X	517508396
289171530	56182048	51	M	1	0	X	517507582
289171531	56184637	54	F	1	1	X	517508396
289342068	56184316	21	M	1	0	X	517508057
289342075	56184524	21	M	1	0	X	517507580
289342083	56180923	21	M	1	0	X	517508047
289389878	56185129	55	F	1	0	X	X
289389880	56185129	48	M	1	1	X	517662896
289389884	56179418	55	F	1	0	X	X
289389890	56183529	55	F	1	0	X	X
289389892	56183529	48	M	1	1	X	517508511
289389917	56178086	55	F	1	0	X	X
289389918	56178086	30	M	1	2	X	517662743
289389919	56178086	48	M	1	1	X	517508107
289424154	56183716	49	F	1	0	X	517507580
289424157	56177553	65	M	1	1	X	X
289570585	56177327	48	M	1	0	X	517507325
289576846	56182785	23	M	1	0	X	517508063
289576847	56182785	18	M	1	8	450096777	517662850
289576848	56182785	20	F	1	1	X	517508636
289665517	56179721	62	F	1	0	X	X
289665531	56182204	62	F	1	0	X	X
289961451	56178822	50	F	1	1	X	X
289961452	56178822	17	M	1	2	450096777	517507744
289961453	56178822	49	M	1	0	X	X
289961454	56179158	50	F	1	1	X	X
289961456	56179158	49	M	1	0	X	X
289961463	56180241	50	F	1	1	X	X
289961464	56180241	17	M	1	2	450096777	517508788
289961467	56181925	17	M	1	2	450096777	517508792
289961468	56181925	49	M	1	0	X	X
289961493	56185075	50	F	1	1	X	X
289961494	56185075	17	M	1	2	450096777	517663173
289961495	56185075	49	M	1	0	X	X
289961499	56180156	50	F	1	1	X	X
289961500	56180156	17	M	1	2	450096777	517508179
289961501	56180156	49	M	1	0	X	X
289961506	56183436	17	M	1	2	450096777	517508606
289961507	56183436	49	M	1	0	X	X
289961517	56180367	50	F	1	1	X	X
289961518	56180367	17	M	1	2	450096777	517507598
289997160	56183047	54	M	1	0	X	X
289997161	56179255	54	M	1	0	X	X
289997170	56178136	54	M	1	0	X	X
290137948	56178611	67	M	1	1	X	X
290137949	56178065	66	F	1	0	X	X
290137993	56179587	66	F	1	0	X	X
290137994	56179587	67	M	1	1	X	X
290214199	56178899	12	F	1	2	450096778	X
290214208	56178319	66	M	1	0	X	X
290214209	56178319	10	F	1	2	450096778	X
290214210	56178319	57	F	1	1	X	X
290214215	56179234	12	F	1	2	450096778	X
290214216	56179234	66	M	1	0	X	X
290214217	56179234	10	F	1	2	450096778	X
290214218	56179234	57	F	1	1	X	X
290214224	56181078	66	M	1	0	X	X
290214244	56183070	66	M	1	0	X	X
290214245	56183070	10	F	1	2	450096778	X
290214246	56183070	57	F	1	1	X	X
290253615	56182245	51	M	1	0	X	506878239
290253616	56182245	4	M	1	2	450066968	X
290253617	56182245	41	F	1	1	X	517662850
290253624	56178582	51	M	1	0	X	503022692
290253625	56178582	4	M	1	2	450058854	X
290253626	56178582	41	F	1	1	X	517662850
290253642	56178905	51	M	1	0	X	517508758
290253644	56178905	41	F	1	1	X	517508063
290253654	56183259	51	M	1	0	X	517508597
290253656	56183259	41	F	1	1	X	517507601
290253678	56185245	51	M	1	0	X	517662850
290431449	56182349	52	F	1	0	X	517508014
290431464	56178793	52	F	1	0	X	517508165
290539342	56183645	48	F	1	1	X	517508581
290539368	56178672	48	F	1	1	X	517508150
290539370	56177541	48	F	1	1	X	517508086
290539371	56177541	49	M	1	0	X	517507364
290539379	56182983	49	M	1	0	X	517508002
290539386	56180081	48	F	1	1	X	517508165
290539387	56180081	49	M	1	0	X	517662850
290621520	56185084	60	M	1	1	X	517508128
290621534	56185673	60	M	1	1	X	517508057
290621535	56185673	63	F	1	0	X	X
290621546	56180280	60	M	1	1	X	517663282
290621564	56178548	60	M	1	1	X	517507580
290625861	56177491	26	F	1	1	X	X
290631685	56185565	9	F	1	2	450096761	X
290631686	56185565	34	F	1	1	X	517508107
290631730	56181932	9	F	1	2	450096761	X
290631747	56179871	36	M	1	0	X	517508792
290631749	56179871	34	F	1	1	X	506880239
290631750	56180186	36	M	1	0	X	517507582
290631751	56180186	9	F	1	2	450096761	X
290631752	56180186	34	F	1	1	X	517663324
290631753	56180714	36	M	1	0	X	517507582
290631767	56185460	34	F	1	1	X	517507782
290631769	56184092	9	F	1	2	450096761	X
290631770	56184092	34	F	1	1	X	517508169
290631772	56182487	9	F	1	2	450096761	X
290631773	56182487	34	F	1	1	X	517507883
290631780	56177293	36	M	1	0	X	517507772
290631786	56184163	36	M	1	0	X	517508540
290631788	56184163	34	F	1	1	X	501427658
290631799	56185448	9	F	1	2	450096761	X
290631800	56185448	34	F	1	1	X	517507679
290631801	56182052	36	M	1	0	X	517507958
290631804	56183221	36	M	1	0	X	517508499
290631805	56183221	9	F	1	2	450096761	X
290631820	56184298	9	F	1	2	450096761	X
290631821	56184298	34	F	1	1	X	517507695
290631824	56178597	34	F	1	1	X	517508788
290631842	56181638	34	F	1	1	X	517508358
290989643	56183888	40	F	1	0	X	517507519
290989645	56177875	35	M	9	1	X	503066759
290989647	56177875	14	M	9	2	450096777	X
290989672	56177169	35	M	9	1	X	503067794
290989673	56177169	40	F	1	0	X	517663184
290989705	56184142	35	M	9	1	X	517663146
290989706	56184142	40	F	1	0	X	517508128
290989707	56184142	14	M	9	2	450096777	X
290989711	56184534	35	M	9	1	X	517507324
290989712	56184534	40	F	1	0	X	517507276
290989713	56184534	14	M	9	2	450096777	X
291423033	56183075	47	M	1	1	X	517508484
291445789	56185454	55	F	1	0	X	517508379
291445790	56185454	65	M	1	1	X	517508483
291445795	56183413	55	F	1	0	X	517508581
291445796	56183413	65	M	1	1	X	517508346
291682439	56179664	51	M	1	0	X	517508803
291682442	56179586	51	M	1	0	X	517508169
291755650	56177454	47	F	1	0	X	X
291755653	56177454	50	M	1	1	X	517508179
291774780	56182476	57	M	1	0	X	517507566
291774831	56182840	54	F	1	1	X	517508345
291774841	56180437	54	F	1	1	X	517507693
291774842	56180437	57	M	1	0	X	517508350
291774903	56179134	54	F	1	1	X	517508002
291774907	56176963	54	F	1	1	X	517508726
291774908	56176963	57	M	1	0	X	517662745
291844967	56181259	1	M	1	2	X	X
291844968	56181259	3	F	1	2	X	X
291845055	56178097	1	M	1	2	X	X
291845063	56178101	1	M	1	2	X	X
291845064	56178101	3	F	1	2	X	X
292058071	56184111	79	M	1	0	X	X
292058072	56184111	77	F	1	1	X	X
292058098	56177480	77	F	1	1	X	X
292284520	56179491	16	M	1	2	450096777	X
292284521	56179491	45	M	1	0	X	517507696
292284551	56179783	45	M	1	0	X	517508345
292284552	56179783	39	F	1	1	X	517508097
292284571	56183010	16	M	1	2	450096777	X
292284572	56183010	45	M	1	0	X	517662919
292320960	56178480	24	F	1	10	X	517662850
292320961	56178480	27	M	1	0	X	517508841
292320970	56178441	24	F	1	10	X	517662850
292320971	56178441	27	M	1	0	X	517662850
292320999	56178081	27	M	1	0	X	517663177
292321024	56181000	24	F	1	10	X	517507827
292347252	56181784	32	M	1	0	X	514204246
292347299	56180980	32	M	1	0	X	506979537
292357195	56183087	39	M	1	0	X	517662850
292357196	56183087	37	F	1	1	X	517507800
292357197	56182614	39	M	1	0	X	517508652
292357198	56182614	37	F	1	1	X	501428504
292357227	56180120	39	M	1	0	X	517507884
292357228	56180120	37	F	1	1	X	517507658
292357241	56180000	39	M	1	0	X	517508049
292357242	56180000	37	F	1	1	X	517508792
292535091	56181661	65	F	1	0	X	X
292535092	56181661	65	M	1	1	X	X
292535111	56177533	65	F	1	0	X	X
292688323	56185202	47	M	1	0	X	517663184
292688328	56176860	47	M	1	0	X	517663330
292688329	56181326	47	M	1	0	X	517508451
292688339	56185559	47	M	1	0	X	517508097
292818631	56184569	19	F	1	0	X	517508358
292818646	56184175	1	F	1	2	X	X
292818661	56184069	19	F	1	0	X	517508283
292818662	56184069	1	F	1	2	X	X
293408642	56180642	41	M	1	0	X	X
293408644	56180642	11	M	1	2	450096778	X
293408664	56183031	11	M	1	2	450096778	X
293408665	56183031	38	F	1	1	X	517507961
293408686	56181287	41	M	1	0	X	X
293408688	56181287	11	M	1	2	450096778	X
293408689	56181287	38	F	1	1	X	517663338
293796161	56179037	47	M	1	0	X	517507753
293796162	56179037	4	F	1	2	X	X
293796164	56179037	9	F	1	2	450096761	X
293796165	56179037	11	M	1	2	450096778	X
293796166	56179037	39	F	1	1	X	517507637
293796264	56177114	4	F	1	2	X	X
293796266	56177114	9	F	1	2	450096761	X
293796267	56177114	11	M	1	2	450096778	X
293796319	56183381	7	F	1	2	450097548	X
293796321	56183381	11	M	1	2	450096778	X
293796330	56185696	4	F	1	2	X	X
293796331	56185696	7	F	1	2	450097548	X
293796333	56185696	11	M	1	2	450096778	X
293796347	56184666	47	M	1	0	X	517508696
293796348	56184666	4	F	1	2	X	X
293796350	56184666	9	F	1	2	450097548	X
293796352	56184666	39	F	1	1	X	517508643
294134272	56182883	74	M	1	0	X	X
294134285	56181100	74	M	1	0	X	X
294134286	56184962	74	M	1	0	X	X
294134296	56178922	74	M	1	0	X	X
294134297	56184715	74	M	1	0	X	X
294202503	56179638	46	M	1	0	X	517508002
294202512	56177377	46	M	1	0	X	517508110
294245593	56179239	50	F	1	1	X	517507513
294245594	56179239	50	M	1	0	X	517663338
294245598	56180162	50	M	1	0	X	517663295
294455278	56178339	61	F	1	1	X	X
294455279	56178339	61	M	1	0	X	X
294455297	56184169	61	M	1	0	X	X
294455317	56181764	61	M	1	0	X	X
294497085	56181260	51	F	1	12	X	517508451
294497086	56181260	41	M	1	0	X	517662880
294595811	56183570	54	F	1	1	X	517663177
294662987	56183552	14	M	1	2	450096778	X
294662989	56183552	10	F	1	2	450097548	X
294662990	56183552	49	M	1	1	X	517508493
294662991	56183552	48	F	1	0	X	X
294708855	56183746	1	M	1	2	X	X
294708856	56183746	28	M	1	0	X	517508328
294708857	56183746	24	F	1	1	X	517507932
294708872	56179727	28	M	1	0	X	517508002
294708874	56179727	0	F	1	2	X	X
294708907	56184496	1	M	1	2	X	X
294708908	56184496	28	M	1	0	X	517507364
294708909	56184496	24	F	1	1	X	517507798
294872135	56181981	57	F	1	1	X	517507898
294917880	56177316	5	M	1	2	450096761	X
294917882	56177316	26	M	1	0	X	517662741
294917893	56177968	25	F	1	10	X	517507260
294917900	56182958	26	M	1	0	X	517508803
295063856	56180425	51	M	1	0	X	517508179
295063857	56180425	47	F	1	1	X	X
295063872	56184537	51	M	1	0	X	517508140
295063873	56184537	47	F	1	1	X	X
295384415	56177970	73	M	1	0	X	517508187
295384448	56181370	60	F	1	1	X	517508435
295598635	56181766	38	F	1	0	X	517663183
295598636	56183998	38	F	1	0	X	517508726
295598643	56183966	38	F	1	0	X	517508397
295863189	56178818	49	M	1	0	X	517662885
295863201	56178301	49	M	1	0	X	517507942
295863216	56182501	66	F	1	1	X	517507004
295893246	56184515	20	M	8	2	X	X
295930813	56179081	47	M	1	0	X	517508498
295930815	56183353	47	M	1	0	X	517507932
295930818	56182879	47	M	1	0	X	517507324
295930820	56183787	47	M	1	0	X	517508396
295930821	56183111	47	M	1	0	X	517507281
296040037	56181054	58	F	1	0	X	506979694
296040054	56180347	58	F	1	0	X	517509363
296040055	56181612	58	F	1	0	X	517508109
296040056	56178872	58	F	1	0	X	517508817
296040059	56179187	58	F	1	0	X	517508743
297075936	56183671	48	M	1	1	X	517507717
297080922	56180682	82	M	1	1	X	X
297080923	56180682	86	F	1	0	X	X
297158413	56182056	84	F	1	0	X	X
297438084	56180038	48	F	1	0	X	517508086
297438091	56180183	55	M	1	1	X	517508804
297438108	56185337	48	F	1	0	X	517507696
297438116	56176968	48	F	1	0	X	517662850
297801692	56184172	75	F	1	0	X	517508379
297917154	56181104	77	F	1	1	X	X
297941841	56179650	63	F	1	0	X	X
297941862	56181133	63	F	1	0	X	X
297982477	56176977	45	M	1	9	X	517508058
297982489	56180707	45	M	1	9	X	517508159
297982490	56180707	34	M	1	0	X	517663328
297982505	56178359	45	M	1	9	X	517508002
297982529	56179848	45	M	1	9	X	517507502
297982530	56179848	34	M	1	0	X	517662794
298013058	56179064	63	F	1	0	X	517508057
298077504	56181606	23	M	1	0	X	517508451
298077523	56183190	23	M	1	0	X	517508426
298077529	56183203	23	M	1	0	X	517508783
298697884	56185128	43	F	1	0	X	517508499
298697885	56185128	16	F	1	2	450096777	X
298697888	56185128	5	M	1	2	450058854	X
298801767	56178544	61	M	1	1	X	506980147
298801769	56178544	27	M	1	2	X	X
298801770	56185401	61	M	1	1	X	517508200
298801772	56185401	27	M	1	2	X	X
298841663	56183594	57	F	1	1	X	517508235
298841667	56180837	57	F	1	1	X	517507984
298841689	56185415	57	F	1	1	X	517508179
298841690	56185415	59	M	1	0	X	517508495
298841697	56185363	57	F	1	1	X	517508387
298841698	56185363	59	M	1	0	X	517663095
299229512	56179114	42	M	1	1	X	517508283
299454903	56177686	82	M	1	0	X	X
299500136	56181520	51	M	1	0	X	517508396
299500138	56177465	51	M	1	0	X	517507826
299502442	56177462	47	F	1	0	X	X
299550455	56178553	66	M	1	0	X	X
299550464	56184692	66	M	1	0	X	X
299550476	56185280	66	M	1	0	X	X
299550478	56185280	53	F	1	1	X	517507948
299550480	56180321	23	M	1	2	X	X
299550481	56180321	53	F	1	1	X	517508330
299550489	56178157	23	M	1	2	X	X
299550490	56178157	53	F	1	1	X	517508426
299550491	56177363	66	M	1	0	X	X
299550492	56177363	23	M	1	2	X	X
299566114	56185408	43	F	1	0	X	517508067
299566117	56181172	52	M	1	1	X	X
299566129	56182286	52	M	1	1	X	X
299674790	56176915	43	F	1	1	X	517508296
299674798	56184165	43	F	1	1	X	501428199
299674801	56182977	49	M	1	0	X	517507932
299674805	56180046	49	M	1	0	X	517507582
299674821	56181629	49	M	1	0	X	517507587
299674822	56181629	43	F	1	1	X	517508532
299674829	56182223	49	M	1	0	X	517662850
299674830	56182223	43	F	1	1	X	517663333
299674832	56180399	43	F	1	1	X	506880268
299674835	56183274	49	M	1	0	X	517508191
299674844	56179921	43	F	1	1	X	517663173
300215222	56180223	37	M	1	0	X	514204000
300215223	56180223	13	F	1	2	450096778	X
300661358	56180390	52	F	1	1	X	517662850
300661975	56184015	87	M	1	0	X	X
300661990	56183870	87	M	1	0	X	X
300865847	56183882	41	M	1	0	X	517507261
300865850	56183882	40	F	1	1	X	517662850
300865880	56179698	13	M	1	2	450096778	X
300865882	56179698	40	F	1	1	X	517508358
300893997	56178169	29	F	1	0	X	517507914
300893998	56178169	6	M	1	2	450096761	X
300893999	56178169	3	F	1	2	X	X
300912752	56183736	53	M	1	1	X	517508647
300912757	56185601	56	F	1	0	X	517507785
300912758	56185601	53	M	1	1	X	517507815
301040492	56178799	55	M	1	0	X	X
301040497	56179095	55	M	1	0	X	X
301149538	56178529	52	F	1	1	X	517662850
301149539	56178529	60	M	1	0	X	517663157
301162288	56177600	65	F	1	1	X	X
301162297	56178240	66	M	1	0	X	X
301364433	56181909	78	F	1	0	X	X
301364445	56179469	78	F	1	0	X	X
302125789	56182800	53	M	1	0	X	517508674
302271928	56185206	12	M	3	2	450096778	X
302271929	56185206	14	M	3	2	450096778	X
302271932	56184338	12	M	3	2	450096778	X
302271934	56184338	35	F	3	0	X	517508652
302271960	56184605	12	M	3	2	450096778	X
302271961	56184605	14	M	3	2	450096778	X
302271969	56184556	14	M	3	2	450096778	X
302271970	56184556	35	F	3	0	X	517508284
302271971	56184556	34	M	1	1	X	517508356
302271984	56184860	12	M	3	2	450096778	X
302271985	56184860	14	M	3	2	450096778	X
302271986	56184860	35	F	3	0	X	517508002
302271988	56184502	12	M	3	2	450096778	X
302432182	56184520	7	F	1	2	450097548	X
302432183	56184520	5	F	1	2	450096761	X
302432184	56184520	3	F	1	2	450094430	X
302432185	56184520	0	M	1	2	X	X
302432187	56184520	13	F	1	2	450096778	X
302432188	56184520	37	M	1	0	X	517505453
302432218	56184802	7	F	1	2	450097548	X
302432219	56184802	5	F	1	2	450096761	X
302432220	56184802	3	F	1	2	450094430	X
302432224	56184802	37	M	1	0	X	517507630
302432225	56184802	12	F	1	2	450096778	X
302432299	56181382	7	F	1	2	450097548	X
302432300	56181382	5	F	1	2	450096761	X
302432303	56181382	36	F	1	1	X	X
302432304	56181382	13	F	1	2	450096778	X
302432402	56180366	36	F	1	1	X	X
302432403	56180366	13	F	1	2	450096778	X
302432404	56180366	37	M	1	0	X	517507950
302534593	56178733	18	F	1	5	450096777	X
302534617	56185614	18	F	1	5	450096777	X
302534647	56185000	15	M	1	5	450096777	X
302534662	56178185	60	F	1	0	X	517662923
302534663	56178608	15	M	1	5	450096777	X
302534664	56178608	36	F	1	2	X	X
302534671	56184852	15	M	1	5	450096777	X
302534675	56183308	15	M	1	5	450096777	X
302534676	56183308	36	F	1	2	X	X
302534677	56183308	18	F	1	5	450096777	X
302534678	56183308	60	F	1	0	X	517507655
302534771	56183545	15	M	1	5	450096777	X
302534774	56183545	60	F	1	0	X	517508114
302638478	56177249	60	M	1	1	X	517508312
302638494	56177589	60	M	1	1	X	517508086
302660926	56179275	55	F	1	0	X	517508358
302660928	56180447	55	F	1	0	X	517508516
302660929	56180447	54	M	1	10	X	X
302694788	56182662	71	M	1	0	X	X
302694789	56177671	71	M	1	0	X	X
302694809	56177436	71	M	1	0	X	X
302694823	56177847	71	M	1	0	X	X
302694824	56185303	71	M	1	0	X	X
302976236	56180457	56	F	1	0	X	517508310
302976238	56181435	56	F	1	0	X	517508179
302976246	56176883	56	F	1	0	X	517662923
303004228	56180754	60	M	1	0	X	517508281
303004230	56177595	60	M	1	0	X	506328016
303004242	56185066	60	M	1	0	X	517507502
303004246	56176879	60	M	1	0	X	517507281
303004261	56177624	60	F	1	10	X	510062627
303044233	56179572	55	M	1	0	X	517662897
303044242	56180622	55	M	1	0	X	517662850
303044247	56179694	55	M	1	0	X	517508057
303044250	56179268	55	M	1	0	X	517507798
303059706	56182138	48	M	1	0	X	517662866
303059718	56185475	48	M	1	0	X	517508756
303059729	56181659	47	F	1	12	X	517662850
303059736	56181938	48	M	1	0	X	517507790
303059737	56181938	47	F	1	12	X	517662794
303095741	56182500	52	M	1	1	X	517507587
303095742	56182500	16	F	1	2	450096777	517507725
303266305	56185635	16	F	9	2	450096777	X
303266306	56185635	34	F	9	1	X	X
303266307	56185635	39	M	9	0	X	517507008
303266308	56185635	34	M	9	3	X	517507644
303266309	56185635	29	F	1	12	X	X
303266310	56185635	3	M	9	7	X	X
303448313	56182028	77	M	1	0	X	X
303598960	56182417	47	F	1	0	X	X
303603962	56183163	20	F	1	0	X	517508882
303603985	56182934	0	F	1	2	X	X
303967390	56178338	47	F	1	2	X	517507827
303967392	56185510	73	M	1	10	X	X
304234365	56184075	10	F	1	5	450096778	X
304234367	56184075	53	M	1	2	X	X
304450466	56180041	5	M	1	2	450058854	X
304450467	56180041	52	F	1	0	X	X
304450468	56180041	40	M	1	1	X	517662705
304450480	56184403	40	M	1	1	X	501427658
304450499	56184944	52	F	1	0	X	X
304450518	56177201	5	M	1	2	450066968	X
304450519	56177201	52	F	1	0	X	X
304450520	56177201	40	M	1	1	X	517662850
304450531	56177355	52	F	1	0	X	X
304450532	56177355	40	M	1	1	X	517662850
304450533	56177355	5	F	1	2	450066968	X
304450550	56179185	5	M	1	2	450058854	X
304450551	56179185	52	F	1	0	X	X
304450562	56181982	5	M	1	2	450058854	X
304450565	56181982	5	F	1	2	450058854	X
304673465	56184170	1	M	1	2	X	X
304673467	56184170	10	F	1	2	450088673	X
305009558	56178056	64	M	1	1	X	506317429
305061006	56180725	55	F	1	1	X	517508043
305061007	56180725	63	M	1	0	X	517508328
305061008	56184744	55	F	1	1	X	517508499
305061018	56178620	55	F	1	1	X	517662850
305061019	56178620	63	M	1	0	X	517662755
305120466	56179315	67	F	1	0	X	517662794
305411018	56181891	16	M	1	2	450096777	X
305411019	56181891	43	F	1	0	X	517508057
305411020	56181891	40	M	1	10	X	517662850
305411026	56178077	16	M	1	2	450096777	X
305411040	56185548	40	M	1	10	X	517508420
305411049	56184919	13	M	1	2	450096778	X
305411052	56184919	40	M	1	10	X	517507933
305543889	56180142	26	F	1	0	X	517508783
305543898	56183485	21	F	1	3	X	517507596
305543899	56183485	26	F	1	0	X	517508458
305543912	56179590	21	F	1	3	X	517508563
305543913	56179590	26	F	1	0	X	517508002
305652489	56183126	0	M	1	2	X	X
305652495	56182584	0	M	1	2	X	X
305652501	56182615	0	M	1	2	X	X
305652508	56184001	19	F	1	1	X	X
305652512	56184416	22	M	1	0	X	517508623
305652531	56182555	0	M	1	2	X	X
305740397	56179028	31	M	1	0	X	517508362
305740398	56178401	31	M	1	0	X	517508881
305740399	56181356	31	M	1	0	X	517507827
305740411	56179773	31	M	1	0	X	517508339
305740431	56183496	31	M	1	0	X	517507306
305740444	56177579	31	M	1	0	X	517508059
305930293	56181036	81	F	1	0	X	X
305930298	56185012	81	F	1	0	X	X
305937495	56185118	59	M	1	0	X	X
305937496	56181274	59	M	1	0	X	X
305937497	56185576	59	M	1	0	X	X
306088177	56176911	64	F	1	1	X	X
306088191	56183038	64	F	1	1	X	X
306088192	56183038	55	M	1	0	X	501428504
306088194	56181465	55	M	1	0	X	517663285
306116061	56185579	65	M	1	0	X	517507324
306116101	56177881	65	M	1	0	X	517508881
306116102	56177881	65	F	1	1	X	X
306421445	56182927	15	F	1	2	450096777	X
306421459	56180614	9	M	1	2	450088673	X
306421461	56180614	37	F	1	0	X	517507608
306627491	56177604	51	F	1	0	X	X
306627504	56178363	51	F	1	0	X	X
306708975	56182537	47	M	1	0	X	517508179
306758096	56177464	28	M	1	0	X	517507910
306758101	56177515	2	F	1	2	X	X
306758102	56177515	28	M	1	0	X	517508245
306758107	56178275	2	F	1	2	X	X
306852549	56177522	57	F	1	1	X	517662850
306852556	56185668	61	M	1	0	X	517508701
306852557	56185668	57	F	1	1	X	517508685
306991195	56181368	17	F	1	2	450096777	517508737
306991197	56181368	54	M	1	0	X	517507582
307068452	56181970	51	F	1	0	X	517663095
307068453	56181970	47	M	1	1	X	517663328
307068457	56182494	47	M	1	1	X	517508107
307069037	56180927	56	F	1	0	X	517663328
307069056	56180314	56	F	1	0	X	517508581
307069063	56180428	56	F	1	0	X	517507783
307093112	56178889	59	M	1	0	X	517508867
307093114	56178889	58	F	1	1	X	X
307093128	56179393	25	M	1	2	X	517663295
307093146	56184850	25	M	1	2	X	517507739
307093149	56185013	25	M	1	2	X	517508771
307093150	56185013	58	F	1	1	X	X
307157975	56183153	57	F	1	1	X	517508726
307158006	56180594	62	M	1	0	X	X
307158011	56180583	57	F	1	1	X	517508125
307158012	56180583	62	M	1	0	X	X
307158040	56185654	62	M	1	0	X	X
307236139	56181489	27	M	1	0	X	517507738
307236153	56183347	27	M	1	0	X	517507279
307236154	56183347	30	F	1	1	X	517508817
307236186	56183251	30	F	1	1	X	517508726
307511392	56183161	17	M	1	2	450096777	517662737
307511393	56183161	37	M	1	1	X	517663177
307511400	56178425	37	F	1	0	X	517508057
307511436	56181790	37	F	1	0	X	517508014
307511437	56181790	17	M	1	2	450096777	517507305
307511439	56177669	37	F	1	0	X	517663180
307511440	56177669	17	M	1	2	450096777	517663166
307511441	56177669	37	M	1	1	X	517662753
307511445	56182173	37	F	1	0	X	517508247
307511469	56185430	37	F	1	0	X	501427658
307511470	56185430	17	M	1	2	450096777	517508153
307511471	56185430	37	M	1	1	X	517508426
307552489	56176952	78	M	1	0	X	X
307552490	56176831	78	M	1	0	X	X
307552494	56184322	78	M	1	0	X	X
307730868	56184079	65	F	1	1	X	X
307730894	56177028	65	F	1	1	X	X
307730923	56177513	79	M	1	0	X	X
307778128	56185623	51	F	1	0	X	517508558
307778129	56185623	56	M	1	10	X	517507970
307782411	56183987	44	F	1	0	X	517507646
307782429	56181829	44	F	1	0	X	517507827
307811193	56178255	55	F	1	1	X	506979780
307811194	56178255	57	M	1	0	X	X
308117456	56179173	56	M	1	1	X	X
308117462	56179106	56	M	1	1	X	X
308117476	56182362	21	M	1	2	X	X
308117477	56182362	56	M	1	1	X	X
308160532	56182562	72	M	1	0	X	X
308160536	56178603	72	M	1	0	X	X
308502540	56181057	47	F	1	0	X	X
308502542	56185033	51	M	1	1	X	517663305
308502544	56185033	16	M	1	2	450096777	X
308502566	56183481	51	M	1	1	X	517507940
308502567	56183481	47	F	1	0	X	X
308970232	56179346	60	F	1	1	X	517508572
308970248	56178956	60	F	1	1	X	517508426
308970250	56178454	60	F	1	1	X	517508700
309003955	56177890	3	F	1	2	X	X
309003978	56181020	28	M	1	0	X	517508470
309004006	56180767	28	M	1	0	X	517662923
309004007	56180767	3	F	1	2	X	X
309004008	56180767	1	F	1	2	X	X
309035353	56185590	15	F	1	2	450096777	X
309035354	56185590	16	M	1	2	450096777	517507293
309035356	56185590	36	F	1	0	X	517508721
309035357	56185590	35	M	1	1	X	517507636
309035399	56179764	16	M	1	2	450096777	517509024
309035400	56179764	13	F	1	2	450096778	X
309035401	56179764	36	F	1	0	X	517507798
309860334	56178368	12	F	1	2	450096778	X
310158378	56177640	59	M	1	0	X	506980700
310463135	56180964	60	M	1	0	X	X
310613457	56178453	57	F	1	1	X	517508298
310613460	56178928	57	M	1	0	X	X
310613470	56180025	57	M	1	0	X	X
310613476	56182817	57	M	1	0	X	X
310613491	56180683	57	F	1	1	X	517507386
310613492	56180683	57	M	1	0	X	X
310775252	56184182	31	F	1	1	X	X
310775253	56184182	2	F	1	2	X	X
310775254	56184182	4	M	1	2	X	X
310775255	56184182	6	F	1	2	450088673	X
310775306	56181774	31	F	1	1	X	X
310775308	56181774	4	M	1	2	X	X
310775309	56181774	6	F	1	2	450088673	X
310775310	56181774	7	F	1	2	450088673	X
310775311	56181774	35	M	1	0	X	506878776
310915277	56182022	15	M	1	2	450096777	X
310915279	56182022	39	F	1	1	X	517508451
310915305	56179823	44	M	1	0	X	514201667
310915308	56182174	44	M	1	0	X	517508002
310915309	56182174	39	F	1	1	X	517508449
311148288	56180302	17	M	1	2	450096777	X
311148289	56180302	48	F	1	1	X	506880852
311354061	56185735	58	M	1	0	X	X
311354062	56185419	58	F	1	1	X	517508510
311354068	56180842	58	F	1	1	X	517507481
311354069	56180842	58	M	1	0	X	X
311354072	56183677	58	F	1	1	X	517508487
311354076	56177627	58	F	1	1	X	517509351
311354092	56177461	58	F	1	1	X	506980691
311354099	56185529	58	M	1	0	X	X
311380112	56185164	62	M	1	1	X	X
311380301	56179612	57	F	1	0	X	517508165
311560759	56177694	61	M	1	0	X	517662850
311987807	56178962	60	M	1	0	X	517508713
311987811	56183575	58	F	1	1	X	517507739
311987846	56177047	60	M	1	0	X	517662850
311987847	56177047	58	F	1	1	X	517662919
311987848	56177047	36	M	1	2	X	517508216
311987876	56185193	60	M	1	0	X	517507733
311987877	56185193	58	F	1	1	X	517507778
311987879	56178383	60	M	1	0	X	517662850
311987880	56178383	58	F	1	1	X	517508499
311987881	56178383	36	M	1	2	X	517662850
311987896	56181905	36	M	1	2	X	517508043
311988562	56181620	61	F	1	0	X	517508293
311988572	56181941	61	F	1	0	X	517507580
311988582	56179005	61	F	1	0	X	517507602
311988583	56179005	63	M	1	1	X	517508894
312148588	56177215	94	F	1	0	X	X
312183727	56178000	54	M	1	0	X	517508483
312183731	56183643	54	M	1	0	X	517508296
312183739	56181283	54	M	1	0	X	517508426
312233648	56182427	51	M	1	0	X	517507582
312388904	56177107	9	M	1	2	450088673	X
312573243	56178902	52	M	1	0	X	X
312573244	56179543	52	M	1	0	X	X
312573258	56182392	52	M	1	0	X	X
312573260	56181848	52	M	1	0	X	X
312573261	56182954	52	M	1	0	X	X
312604463	56178642	66	M	1	1	X	510063258
312788404	56183508	56	F	1	0	X	517506585
312935595	56177781	62	M	9	1	X	506979619
312935596	56177781	59	F	1	0	X	517508344
312935602	56183930	59	F	1	0	X	517508345
312935620	56179739	59	F	1	0	X	517508057
313021027	56177511	44	M	1	0	X	517508726
313021028	56177511	39	F	1	1	X	517507613
313021033	56181572	44	M	1	0	X	517508097
313021035	56181572	14	F	1	2	450096777	X
313076364	56178171	8	F	1	2	450088673	X
313076385	56180475	8	F	1	2	450088673	X
313076393	56185034	57	M	1	0	X	X
313076395	56185034	42	F	1	1	X	517508854
313076401	56181667	42	F	1	1	X	517508360
313156598	56179980	37	M	1	0	X	X
313156607	56182529	17	F	1	2	450096777	X
313156611	56180474	17	F	1	2	450096777	X
313156628	56184183	37	M	1	0	X	X
313156646	56184213	37	M	1	0	X	X
313156647	56184213	17	F	1	2	450096777	X
313156671	56183099	17	F	1	2	450096777	X
313156700	56185554	37	M	1	0	X	X
313156701	56185554	17	F	1	2	450096777	X
313156708	56182876	37	M	1	0	X	X
313156709	56182876	17	F	1	2	450096777	X
313672410	56181082	61	F	1	1	X	X
313672411	56181082	64	M	1	0	X	517508258
314062424	56180113	42	M	1	1	X	517508047
314062425	56180113	36	F	1	0	X	X
314062476	56180333	42	M	1	1	X	517662794
314062477	56180333	36	F	1	0	X	X
314308208	56185203	47	M	1	0	X	517507582
314308215	56180230	8	F	1	2	450066968	X
314308216	56180230	47	M	1	0	X	517662745
314308217	56180230	46	F	1	1	X	517507697
314308240	56185426	47	M	1	0	X	517508694
314308241	56185426	46	F	1	1	X	517662753
314308242	56185426	14	M	1	2	450096778	X
314308270	56178579	14	M	1	2	450096778	X
314308279	56178979	8	F	1	2	450058854	X
314308280	56178979	47	M	1	0	X	517508834
314308300	56183304	47	M	1	0	X	517508570
314308339	56184189	8	F	1	2	450058854	X
314308340	56184189	47	M	1	0	X	517507343
314308341	56184189	46	F	1	1	X	517508179
314430151	56179310	49	F	1	1	X	517507879
314430160	56182352	49	F	1	1	X	517508426
314430165	56183311	17	M	9	2	450096777	X
314430198	56178680	17	M	9	2	450096777	X
314660147	56178556	63	M	1	0	X	X
314892044	56181429	57	M	1	1	X	517507824
314892045	56181429	55	F	1	0	X	X
314925517	56183037	71	F	1	1	X	X
314925555	56178250	71	F	1	1	X	X
315011122	56180149	14	F	9	2	450096777	X
315011123	56180149	36	M	1	0	X	517508013
315011124	56180149	33	F	1	1	X	X
315011125	56180149	13	M	9	2	450096778	X
315011197	56178572	13	M	9	2	450096778	X
315011207	56185162	36	M	1	0	X	517508287
315011208	56185162	33	F	1	1	X	X
315011211	56184931	36	M	1	0	X	517508110
315011212	56184931	33	F	1	1	X	X
315011219	56183172	36	M	1	0	X	517507739
315011244	56181456	33	F	1	1	X	X
315011245	56181456	13	M	9	2	450096778	X
315011326	56181069	14	F	9	2	450096777	X
315011328	56181069	33	F	1	1	X	X
315011331	56182578	36	M	1	0	X	517508002
315011332	56182578	33	F	1	1	X	X
315011333	56182578	13	M	9	2	450096778	X
315011338	56184825	14	F	9	2	450096777	X
315011339	56184825	36	M	1	0	X	517508589
315011340	56184825	33	F	1	1	X	X
315011341	56184825	13	M	9	2	450096778	X
315503784	56183384	6	F	1	2	450096761	X
315503786	56183384	29	M	1	3	X	517508097
315503788	56183384	2	F	1	2	X	X
315503803	56184481	42	M	1	6	X	517507738
315503805	56184481	28	M	1	0	X	517507744
315503806	56184481	2	F	1	2	X	X
315503807	56178317	25	F	1	1	X	X
315503808	56178317	6	F	1	2	450096761	X
315675724	56183815	53	F	1	0	X	517508803
315884175	56185010	72	F	1	0	X	517508756
315994224	56185259	39	M	9	0	X	517508262
316073337	56182183	52	M	1	1	X	517507520
316173345	56184220	13	M	1	2	450096778	X
316173346	56184220	5	F	1	2	450058854	X
316173347	56184220	36	M	1	0	X	517507520
316173378	56182725	35	F	1	1	X	X
316173379	56182725	8	M	1	2	450088673	X
316173380	56182725	17	M	1	2	450096777	X
316173381	56182725	13	M	1	2	450096778	X
316173382	56182725	5	F	1	2	450058854	X
316173463	56179551	8	M	1	2	450088673	X
316173465	56179551	13	M	1	2	450096778	X
316333107	56184196	43	F	1	0	X	517507815
316333110	56184196	46	M	1	1	X	X
316333153	56183864	15	F	1	2	450096777	X
316333154	56183864	46	M	1	1	X	X
316333213	56181507	15	F	1	2	450096777	X
316333214	56181507	46	M	1	1	X	X
316408176	56182493	14	F	1	2	450096778	X
316408177	56182493	16	M	1	2	450096777	X
316408178	56182493	18	M	1	2	450096777	X
316427746	56180821	79	M	1	0	X	X
316427747	56180821	75	F	1	1	X	517508014
316427760	56184087	79	M	1	0	X	X
316427761	56184087	75	F	1	1	X	517508875
316427768	56184253	79	M	1	0	X	X
316427769	56184253	75	F	1	1	X	517508559
316427790	56184072	79	M	1	0	X	X
316514486	56180096	0	F	1	2	X	X
316514488	56180096	36	M	1	0	X	517508440
316514490	56178640	30	F	1	1	X	517507582
316514491	56178640	36	M	1	0	X	517508615
316514530	56182923	36	M	1	0	X	517507827
316514545	56185397	36	M	1	0	X	517508426
316514556	56185322	30	F	1	1	X	517507942
316514557	56185322	36	M	1	0	X	517508396
316514585	56184384	0	F	1	2	X	X
316514586	56184384	30	F	1	1	X	517662850
316514606	56184058	0	F	1	2	X	X
316514607	56184058	30	F	1	1	X	517508092
316557438	56177924	72	F	1	0	X	X
316557447	56179376	72	F	1	0	X	X
316680538	56180379	17	F	1	2	450096777	517663257
316680560	56182268	46	M	1	0	X	517508123
316680562	56182268	17	F	1	2	450096777	517508747
316680563	56182268	15	F	1	2	450096777	X
316680585	56184909	39	F	1	1	X	517508426
316680586	56184909	17	F	1	2	450096777	517508675
316680587	56184909	15	F	1	2	450096777	X
316680605	56178367	39	F	1	1	X	517662850
316680606	56178367	17	F	1	2	450096777	517662850
316680620	56185498	46	M	1	0	X	517507640
316680621	56185498	39	F	1	1	X	517508362
316680622	56185498	17	F	1	2	450096777	517508411
316680623	56185498	15	F	1	2	450096777	X
317085398	56183948	8	F	1	2	450088673	X
317085429	56178677	7	M	1	2	450088673	X
317085432	56178677	29	F	1	0	X	X
317433512	56185356	58	M	1	1	X	517507696
317433513	56185356	57	F	1	0	X	517508110
317433527	56181971	57	F	1	0	X	517662889
317433529	56181890	57	F	1	0	X	517663284
317433538	56185121	58	M	1	1	X	517508499
317433539	56185121	57	F	1	0	X	517508105
317433540	56180774	58	M	1	1	X	517508828
317433565	56178514	57	F	1	0	X	517663180
317632863	56183861	75	F	1	0	X	X
317632864	56183861	75	M	1	1	X	X
317690747	56177398	53	M	1	1	X	517662850
317690755	56178958	53	M	1	1	X	517508470
317690759	56178614	53	M	1	1	X	517507937
317690761	56180412	53	M	1	1	X	517508358
317690787	56182088	53	M	1	1	X	517508236
317690788	56182088	47	F	1	0	X	517507485
317690819	56177772	53	M	1	1	X	517662850
317690823	56178419	53	M	1	1	X	517663328
317690824	56178419	47	F	1	0	X	517507318
317716125	56178058	73	M	1	0	X	X
317716126	56178058	69	F	1	1	X	X
317716141	56183197	73	M	1	0	X	X
317716142	56183197	69	F	1	1	X	X
317716143	56183100	73	M	1	0	X	X
317716147	56180331	73	M	1	0	X	X
317716148	56180331	69	F	1	1	X	X
317725337	56182749	36	M	1	0	X	517507739
317725341	56179633	36	M	1	0	X	517663278
317725342	56184083	34	F	1	1	X	X
317725343	56184083	36	M	1	0	X	517508250
317749264	56183272	63	M	1	0	X	X
317749272	56181090	63	M	1	0	X	X
317749277	56177449	63	M	1	0	X	X
317791665	56179575	60	F	1	0	X	517508002
318131462	56181788	68	M	1	1	X	517507309
318131463	56181788	61	F	1	0	X	517507355
318131464	56178394	15	M	1	2	450096777	X
318131465	56178394	68	M	1	1	X	517508515
318131466	56178394	61	F	1	0	X	517662847
318131468	56182745	68	M	1	1	X	517662806
318131469	56182745	61	F	1	0	X	517508290
318131473	56180507	15	M	1	2	450096777	X
318131474	56180507	68	M	1	1	X	517507836
318131475	56180507	61	F	1	0	X	514201255
318131487	56182013	61	F	1	0	X	517507391
318131506	56178663	15	M	1	2	450096777	X
318131546	56178270	68	M	1	1	X	506317429
318131547	56178270	61	F	1	0	X	517662725
318131551	56182187	15	M	1	2	450096777	X
318131602	56180363	15	M	1	2	450096777	X
318131611	56181866	15	M	1	2	450096777	X
318131613	56181866	61	F	1	0	X	514186567
318191030	56179117	60	M	1	0	X	X
318418744	56178408	28	F	1	0	X	X
318418746	56180818	28	F	1	0	X	X
318418747	56180818	31	M	1	1	X	517508247
318535764	56177394	32	F	1	0	X	517662850
318535814	56178729	4	M	1	2	X	X
318535815	56178729	37	F	1	9	X	517508680
318535864	56177104	32	F	1	0	X	509157012
318535865	56177104	33	M	1	1	X	517508346
318535866	56177104	4	M	1	2	X	X
318535944	56179899	32	F	1	0	X	517507970
318535946	56179899	4	M	1	2	X	X
318535947	56179899	37	F	1	9	X	517507837
318535968	56180689	32	F	1	0	X	517508179
318535969	56180689	33	M	1	1	X	517508470
318535971	56180689	37	F	1	9	X	517662794
318536013	56184321	33	M	1	1	X	517662850
318536072	56178648	32	F	1	0	X	517662701
318536074	56178648	4	M	1	2	X	X
318536076	56177446	32	F	1	0	X	517508057
318536078	56177446	4	M	1	2	X	X
318536079	56177446	37	F	1	9	X	517662874
318536090	56178315	4	M	1	2	X	X
318536091	56178315	37	F	1	9	X	503068834
318536133	56177054	33	M	1	1	X	517662906
318536134	56177054	4	M	1	2	X	X
318536135	56177054	37	F	1	9	X	517508316
318536221	56178145	33	M	1	1	X	510063114
318536223	56178145	37	F	1	9	X	517663180
318603347	56179771	37	M	1	0	X	517663338
318603353	56180445	37	M	1	0	X	517507510
318603357	56185501	37	M	1	0	X	517508846
318719918	56178257	65	M	3	1	X	517507803
318719924	56177441	65	M	3	1	X	517508357
318719929	56181952	63	F	1	0	X	517507582
318719945	56185347	63	F	1	0	X	517507930
318740417	56181268	72	F	1	0	X	517508433
318740418	56179656	72	F	1	0	X	517508110
319059416	56180483	58	M	1	0	X	517507932
319059417	56180483	52	F	1	1	X	514203979
319458445	56184901	82	M	1	6	X	X
319458446	56185366	55	M	1	0	X	517508426
319458447	56185366	51	F	1	1	X	517508114
319458448	56185366	82	M	1	6	X	X
319458450	56177358	51	F	1	1	X	510063139
319458451	56177358	82	M	1	6	X	X
319458458	56182186	55	M	1	0	X	517508014
319458468	56182250	51	F	1	1	X	517508140
319663630	56176865	5	F	1	2	450058854	X
319663645	56177152	34	F	1	0	X	517663094
319663667	56179991	37	M	1	1	X	517508721
319663668	56179991	10	F	1	2	450088673	X
319663669	56179991	34	F	1	0	X	517663288
319663678	56179203	5	F	1	2	450058854	X
320067621	56181807	55	F	1	1	X	517663288
320067628	56179842	58	M	1	0	X	517508307
320067629	56179842	55	F	1	1	X	517508002
320067635	56185394	55	F	1	1	X	517507961
320071390	56184552	23	F	1	0	X	517507739
320075905	56185704	60	M	1	0	X	517508597
320075919	56185050	46	F	1	1	X	517508804
320075921	56185050	16	M	1	2	450096777	517507324
320075922	56182240	46	F	1	1	X	514203977
320075923	56182240	60	M	1	0	X	517507355
320075924	56182240	16	M	1	2	450096777	517508037
320075928	56183040	46	F	1	1	X	517508622
320075929	56183040	60	M	1	0	X	517508103
320075930	56183040	16	M	1	2	450096777	517508805
320075931	56179433	46	F	1	1	X	517663180
320075933	56179433	16	M	1	2	450096777	517507998
320075941	56185052	60	M	1	0	X	517507484
320075942	56185052	16	M	1	2	450096777	517663179
320075943	56178547	46	F	1	1	X	517662850
320233348	56177833	33	M	1	0	X	517663324
320588076	56178617	66	F	1	1	X	X
320588084	56184784	66	F	1	1	X	X
320644163	56185335	16	M	1	2	450058854	X
320644165	56185335	58	F	1	1	X	X
320644171	56185586	16	M	1	2	450058854	X
320644172	56185586	63	M	1	0	X	517662850
320644173	56185586	58	F	1	1	X	X
320644193	56185109	58	F	1	1	X	X
320644194	56185109	18	M	1	2	450058645	X
320644202	56181458	18	M	1	2	450058854	X
320644203	56181457	16	M	1	2	450058646	X
320644206	56181457	18	M	1	2	450058646	X
320644227	56185500	16	M	1	2	450058646	X
320644228	56185500	63	M	1	0	X	517662923
320645240	56179833	25	M	1	0	X	517663301
320645242	56179517	25	M	1	0	X	517507795
320645244	56177222	25	M	1	0	X	517662850
320645259	56179838	25	M	1	0	X	517507708
320645267	56177017	25	M	1	0	X	517663159
320645283	56183129	25	M	1	0	X	517508283
320645291	56178770	25	M	1	0	X	517662850
320645302	56183068	25	M	1	0	X	517508066
320724798	56185705	27	M	1	2	X	517508842
320724799	56185705	57	F	1	0	X	517508345
320724801	56182459	27	M	1	2	X	517508002
320724802	56182459	57	F	1	0	X	517508110
320724817	56178371	57	F	1	0	X	517662850
320724835	56178091	57	F	1	0	X	517508428
320724838	56182390	57	F	1	0	X	517509015
320724839	56182390	29	M	1	12	X	517508451
320724841	56184658	57	F	1	0	X	517508125
320724842	56184658	29	M	1	12	X	517507992
320724843	56177122	27	M	1	2	X	503067794
320724845	56177122	29	M	1	12	X	517663175
320724846	56181049	27	M	1	2	X	517662850
320724847	56181049	57	F	1	0	X	517508068
320724848	56181049	29	M	1	12	X	517507846
320802040	56184434	36	M	1	1	X	517508350
320802043	56184434	37	F	1	0	X	517507553
320802057	56179356	11	F	1	2	450096778	X
320924527	56179537	72	F	1	0	X	X
320924530	56179427	72	F	1	0	X	X
321074468	56185713	2	M	9	2	X	X
321074470	56185713	51	F	1	4	X	X
321134490	56185035	57	F	1	0	X	X
321134525	56177120	57	F	1	0	X	X
321466573	56179407	62	F	1	1	X	X
321466574	56179407	62	M	1	0	X	517507953
321466575	56180743	62	F	1	1	X	X
321466576	56180743	62	M	1	0	X	517507912
322311564	56182594	72	F	1	0	X	X
322311565	56182594	71	M	1	1	X	X
322328525	56181106	67	M	1	0	X	X
322328530	56184846	63	F	1	1	X	X
322328538	56178117	63	F	1	1	X	X
322328539	56178117	67	M	1	0	X	X
322328552	56178494	63	F	1	1	X	X
322328561	56178681	67	M	1	0	X	X
322328562	56180318	63	F	1	1	X	X
322328570	56182887	63	F	1	1	X	X
322328571	56182887	67	M	1	0	X	X
322328572	56178273	63	F	1	1	X	X
322328573	56178273	67	M	1	0	X	X
322328580	56177601	63	F	1	1	X	X
322328581	56177601	67	M	1	0	X	X
322370991	56180540	65	F	1	1	X	X
322370995	56179091	65	F	1	1	X	X
322528929	56180615	89	F	1	0	X	X
322582259	56178109	33	F	1	1	X	517508358
322582289	56183269	3	F	1	2	450058854	X
322582298	56176996	6	F	1	2	450096761	X
322582301	56176996	3	F	1	2	450058854	X
322582307	56183629	33	F	1	1	X	517507836
322582314	56184786	6	F	1	2	450096761	X
322582316	56184786	33	M	1	0	X	517508765
322586783	56183053	24	F	1	0	X	517507612
322586784	56183053	23	M	1	9	X	517508166
322586787	56177913	24	F	1	0	X	517507728
322586788	56177913	23	M	1	9	X	517662850
322586789	56178970	24	F	1	0	X	517508002
322586814	56180644	23	M	1	9	X	517507285
322586821	56183002	24	F	1	0	X	501427785
322586833	56184504	24	F	1	0	X	517507600
322586834	56184504	23	M	1	9	X	517508157
322586840	56183325	23	M	1	9	X	517507622
322872856	56180307	7	F	1	2	450091718	X
322872857	56180307	29	F	1	0	X	517508426
322872936	56183401	7	F	1	2	450096761	X
322872937	56183401	29	F	1	0	X	517508673
322872938	56183401	12	M	1	2	450096778	X
322872943	56178350	8	M	1	2	450091718	X
322872944	56178350	7	F	1	2	450091718	X
322872946	56178350	12	M	1	2	450096778	X
322872948	56180026	7	F	1	2	450091718	X
322872950	56180026	12	M	1	2	450096778	X
322872961	56178296	29	F	1	0	X	517663180
322872962	56178296	12	M	1	2	450096778	X
322873049	56180797	29	F	1	0	X	517508520
322873057	56184055	29	F	1	0	X	517508563
322873135	56182852	8	M	1	2	450091718	X
322873137	56182852	29	F	1	0	X	517663175
322873138	56182852	12	M	1	2	450096778	X
322873171	56181473	8	M	1	2	450096761	X
322873172	56181473	7	F	1	2	450096761	X
322873173	56181473	29	F	1	0	X	517507972
322873174	56181473	12	M	1	2	450096778	X
323081736	56178836	21	M	1	2	X	X
323081737	56178836	16	M	1	2	450096777	X
323081738	56178836	58	F	1	0	X	517508426
323135848	56181350	22	M	1	0	X	517507354
323135860	56181371	22	M	1	0	X	517507363
323216437	56180422	50	M	1	1	X	517507502
323216459	56177714	50	M	1	1	X	517508002
323216460	56177714	52	F	1	0	X	517662850
323216476	56177978	52	F	1	0	X	517662745
323302664	56181726	39	M	1	3	X	517508113
323302667	56181628	39	M	1	3	X	517507673
323524526	56181868	60	F	1	0	X	X
324340331	56181910	56	M	1	0	X	517507950
324340333	56178966	56	M	1	0	X	517508116
324340349	56180648	56	M	1	0	X	517507410
324396940	56184900	64	M	1	10	X	517508672
324396941	56184900	68	F	1	0	X	517507820
324396945	56185479	68	F	1	0	X	517508278
324568181	56183084	53	M	1	0	X	X
324568185	56182948	53	M	1	0	X	X
324692246	56184492	77	F	1	0	X	X
324759555	56184024	0	M	1	2	X	X
324759557	56184024	28	F	1	1	X	517507314
324999655	56177628	27	F	1	0	X	517662694
324999666	56178488	27	F	1	0	X	517662850
325007612	56180886	55	F	1	0	X	506979659
325007614	56180702	55	F	1	0	X	517508436
325007619	56177458	55	M	1	1	X	517663314
325007620	56180701	55	F	1	0	X	517508428
325007629	56185722	55	M	1	1	X	517508499
325118512	56179651	22	F	1	10	X	X
325118515	56183342	22	F	1	10	X	X
325118517	56183342	31	M	1	0	X	517507580
325118545	56180206	22	F	1	10	X	X
325118546	56180206	3	F	1	2	X	X
325183577	56177165	33	F	1	0	X	517663173
325183581	56185494	33	F	1	0	X	517508167
325183582	56185494	2	F	1	2	X	X
325183583	56185494	4	F	1	2	X	X
325183611	56177663	4	F	1	2	X	X
325183612	56177663	38	M	1	1	X	517508397
325183636	56176951	38	M	1	1	X	517662701
325183657	56184773	33	F	1	0	X	517507878
325183658	56184773	2	F	1	2	X	X
325183659	56184773	4	F	1	2	X	X
325183678	56180122	2	F	1	2	X	X
325183679	56180122	4	F	1	2	X	X
325293675	56183679	22	M	1	2	X	X
325293697	56179350	53	M	1	0	X	517507382
325293698	56179350	54	F	1	1	X	517508116
325293699	56179350	22	M	1	2	X	X
325293703	56178188	53	M	1	0	X	517662850
325293712	56180726	53	M	1	0	X	517508057
325293713	56180726	54	F	1	1	X	517508617
325293734	56182118	54	F	1	1	X	517662747
325293748	56181956	53	M	1	0	X	517507305
325293763	56184628	53	M	1	0	X	517508128
325293765	56184628	22	M	1	2	X	X
325293766	56180913	53	M	1	0	X	517508388
325293767	56180913	54	F	1	1	X	517508470
325541393	56183964	1	M	1	2	X	X
325541395	56183964	27	F	1	1	X	517507912
325541414	56178256	4	M	1	2	450094430	X
325541415	56178256	27	F	1	1	X	517507271
325541416	56178256	31	M	1	0	X	517507516
325603574	56177405	69	M	1	0	X	X
325603588	56177949	69	M	1	0	X	X
325868627	56185596	54	F	1	1	X	517505220
325868628	56185596	59	M	1	0	X	517507624
325868629	56178581	54	F	1	1	X	517662848
325868639	56182314	54	F	1	1	X	517508057
325868647	56185212	54	F	1	1	X	517507785
325868648	56185212	59	M	1	0	X	517508332
326112451	56183681	57	M	1	0	X	517508015
326112452	56183681	18	M	1	2	450096777	X
326112454	56184911	57	M	1	0	X	517508426
326112456	56184911	56	F	1	1	X	517507690
326112490	56185629	57	M	1	0	X	517507958
326112492	56185629	56	F	1	1	X	517508792
326112529	56182543	57	M	1	0	X	517507788
326112530	56182543	18	M	1	2	450096777	X
326112536	56185429	18	M	1	2	450096777	X
326112548	56182227	18	M	1	2	450096777	X
326112549	56182227	56	F	1	1	X	517663289
326112569	56183480	18	M	1	2	450096777	X
326112572	56181601	18	M	1	2	450096777	X
326112573	56181601	56	F	1	1	X	517508451
326112605	56179304	18	M	1	2	450096777	X
326112606	56179304	56	F	1	1	X	517508235
326156856	56181280	44	M	1	0	X	517508516
326156857	56181280	15	F	1	2	X	X
326156860	56181280	17	F	1	2	450096777	X
326156861	56181280	18	M	1	2	X	517507295
326156874	56185120	44	M	1	0	X	517508396
326156877	56185120	19	M	1	2	X	517662850
326156878	56185120	17	F	1	2	450096777	X
326212689	56185471	48	M	1	0	X	517508538
326212691	56185471	15	M	1	2	450096777	X
326212710	56179849	48	M	1	0	X	517508043
326212717	56177447	49	F	1	1	X	X
326212718	56177447	15	M	1	2	450096777	X
326212725	56185718	48	M	1	0	X	517508330
326212726	56185718	49	F	1	1	X	X
326212727	56185718	15	M	1	2	450096777	X
326222791	56183808	29	M	1	0	X	517508034
326342990	56176812	36	F	1	0	X	X
326343003	56182841	7	M	1	2	450091718	X
326343012	56182768	36	F	1	0	X	X
326549253	56180436	48	M	1	0	X	517508613
326549256	56181753	48	M	1	0	X	517508002
326594468	56177777	56	F	1	1	X	517662923
326594474	56185376	56	F	1	1	X	517663261
326594475	56185376	59	M	1	0	X	517662923
326594495	56181410	59	M	1	0	X	517508752
326619327	56182677	22	F	1	0	X	X
326619344	56182773	23	M	1	10	X	517508107
326619345	56182773	22	F	1	0	X	X
326619349	56184386	22	F	1	0	X	X
326654702	56179399	19	F	1	2	X	X
326654708	56182857	19	F	1	2	X	X
326654709	56182857	52	M	1	1	X	517508110
326654723	56182505	19	F	1	2	X	X
326654724	56182505	52	M	1	1	X	517662737
326654777	56183990	19	F	1	2	X	X
326654779	56183990	45	F	1	0	X	517507932
326654786	56185068	19	F	1	2	X	X
326654788	56185068	45	F	1	0	X	517508778
326654813	56185088	19	F	1	2	X	X
326654814	56185088	52	M	1	1	X	517508483
326654823	56178778	52	M	1	1	X	517662850
326654824	56178778	45	F	1	0	X	503022362
326654857	56178896	45	F	1	0	X	517663338
326654889	56180174	52	M	1	1	X	517508002
326662609	56183454	31	M	1	10	X	517507745
326662622	56179898	27	F	1	0	X	517508783
326662636	56178379	27	F	1	0	X	517508516
326662649	56179994	31	M	1	10	X	517662923
326760203	56181593	55	M	1	0	X	517507355
326769260	56180849	64	F	1	1	X	517508451
326769261	56180849	65	M	1	0	X	517662710
326769266	56179874	64	F	1	1	X	517508179
326899782	56182916	39	F	1	10	X	X
326899790	56179501	39	F	1	10	X	X
326899791	56179501	41	F	1	0	X	517508002
326899794	56179969	39	F	1	10	X	X
326899795	56179969	41	F	1	0	X	517663273
326949740	56178161	49	F	1	1	X	510062621
326949741	56178161	63	M	1	0	X	517662730
326949742	56177219	49	F	1	1	X	509156272
327281858	56181131	64	F	1	0	X	517508014
327281859	56181131	77	M	1	1	X	X
327300608	56183951	3	F	1	2	X	X
327300612	56183951	26	M	1	1	X	X
327300766	56182906	7	F	1	2	450091718	X
327300778	56182559	3	F	1	2	X	X
327346413	56178953	9	M	1	2	450096761	X
327346443	56183942	9	M	1	2	450096761	X
327481906	56177536	34	M	1	0	X	517508013
327481920	56180580	34	M	1	0	X	517663324
327481921	56176869	34	M	1	0	X	509158401
327481924	56183371	34	M	1	0	X	517508164
327481929	56183609	34	M	1	0	X	517507644
327766492	56181227	52	F	1	0	X	X
327766493	56181227	54	M	1	1	X	517508002
327766516	56181041	52	F	1	0	X	X
327766519	56179097	54	M	1	1	X	517507502
327917082	56178108	33	M	1	0	X	517662850
327917112	56177203	33	M	1	0	X	517662923
327917120	56184134	33	M	1	0	X	517505435
327917131	56177022	32	F	1	9	X	517662923
327926231	56178947	45	F	1	0	X	517508049
327926239	56178890	45	F	1	0	X	517508314
327926244	56183385	45	F	1	0	X	517508159
327926253	56183284	45	F	1	0	X	517508396
327933057	56183431	17	M	1	2	450096777	X
327933058	56183431	53	M	1	1	X	517508493
328129046	56182764	41	F	1	0	X	517508110
328129067	56184787	41	F	1	0	X	517508532
328129069	56184787	44	M	1	1	X	517508114
328129075	56185727	44	M	1	1	X	517508875
328191064	56182219	45	M	1	0	X	506979506
328191065	56182219	36	F	1	1	X	X
328191066	56182219	12	M	1	2	450096778	X
328191067	56182219	3	F	1	2	X	X
328475072	56183263	63	F	1	0	X	X
328482509	56185618	25	F	1	1	X	517508109
328482529	56178306	25	F	1	1	X	517508315
328482530	56178306	2	F	1	2	X	X
328482531	56178306	4	F	1	2	X	X
328482532	56178306	28	M	1	0	X	517663142
328482542	56181798	2	F	1	2	X	X
328482544	56181798	28	M	1	0	X	517507725
328505719	56185603	53	M	1	0	X	517508805
328505722	56181782	57	F	1	1	X	517507410
328505723	56181782	53	M	1	0	X	517663180
328697066	56179442	52	F	1	1	X	517508737
328697075	56185387	55	M	1	0	X	517508775
328697092	56177154	52	F	1	1	X	517662850
328697105	56177188	55	M	1	0	X	517662725
328697106	56177188	52	F	1	1	X	517662865
328697108	56180121	52	F	1	1	X	517508093
328744838	56184894	23	M	1	2	X	517508112
328744839	56184894	40	F	1	1	X	517508057
328744860	56185278	40	F	1	1	X	517507785
328744869	56180471	40	F	1	1	X	517663338
328744873	56182043	43	M	1	0	X	517508179
328744875	56182043	40	F	1	1	X	517662879
328744882	56180476	43	M	1	0	X	517663301
328744884	56180476	40	F	1	1	X	517508554
328782587	56178156	33	M	1	0	X	517508142
328782591	56183718	34	F	1	1	X	517508057
328782627	56180032	34	F	1	1	X	517508510
328782629	56180032	33	M	1	0	X	517508283
328782645	56178416	34	F	1	1	X	517508516
328782646	56178416	14	M	1	2	450096777	X
328782647	56178416	33	M	1	0	X	517508635
328782655	56185083	14	M	1	2	450096777	X
328879939	56178485	58	F	1	0	X	509156255
328879949	56178037	58	F	1	0	X	517508739
329079442	56185002	3	F	1	2	X	X
329079443	56185002	33	M	1	0	X	517662880
329079444	56185002	26	F	1	1	X	X
329079467	56180669	3	F	1	2	X	X
329079468	56180669	33	M	1	0	X	517662880
329079471	56180669	10	F	1	2	450091718	X
329079492	56178328	3	F	1	2	X	X
329079495	56178328	11	F	1	2	450096778	X
329079496	56178328	10	F	1	2	450096761	X
329079502	56177602	3	F	1	2	X	X
329079503	56177602	33	M	1	0	X	517662925
329079505	56177602	11	F	1	2	450096778	X
329079506	56177602	10	F	1	2	450096761	X
329079516	56180266	10	F	1	2	450091718	X
329765959	56184669	5	F	1	2	450058854	X
329765960	56184669	62	M	8	0	X	517508179
329765961	56184669	51	F	1	1	X	517663173
329765968	56185305	5	F	1	2	450058854	X
329765969	56185305	62	M	8	0	X	517508341
329765995	56185019	5	F	1	2	450058854	X
329765996	56185019	62	M	8	0	X	517508166
329825054	56181266	62	F	1	0	X	517507798
329825063	56183517	62	F	1	0	X	517507587
329993355	56180431	52	F	1	0	X	X
329993374	56182643	25	M	1	7	X	517506186
329993375	56182643	52	F	1	0	X	X
329993380	56181710	25	M	1	7	X	517508179
329993381	56181710	52	F	1	0	X	X
329993406	56180405	25	M	1	7	X	517507355
329993423	56180646	52	F	1	0	X	X
330010778	56178810	90	F	1	0	X	X
330048278	56182804	42	F	1	0	X	517507355
330048283	56182642	42	F	1	0	X	517508636
330048286	56182886	42	F	1	0	X	517507612
330127720	56182898	65	F	1	1	X	X
330127722	56184801	65	F	1	1	X	X
330168986	56180784	13	M	1	12	450096778	X
330168989	56181964	13	M	1	12	450096778	X
330168990	56181964	61	F	1	10	X	X
330168998	56181838	13	M	1	12	450096778	X
330169022	56181236	13	M	1	12	450096778	X
330169023	56181236	61	F	1	10	X	X
330190139	56184759	64	F	1	1	X	517507693
330190147	56178585	64	F	1	1	X	517507803
330190148	56178585	70	M	1	0	X	517509003
330190150	56185009	70	M	1	0	X	517662850
330190156	56182759	70	M	1	0	X	517507696
330778186	56185700	49	F	8	1	X	X
330778188	56177350	49	F	8	1	X	X
330778189	56177350	47	M	1	0	X	517662745
330778198	56182027	49	F	8	1	X	X
330778210	56177429	49	F	8	1	X	X
330778218	56177543	49	F	8	1	X	X
330778221	56176919	47	M	1	0	X	517663177
330778236	56185126	49	F	8	1	X	X
330778237	56185126	47	M	1	0	X	517508066
330778246	56181249	49	F	8	1	X	X
330778250	56179995	49	F	8	1	X	X
330778255	56181067	47	M	1	0	X	517507363
330778266	56182040	49	F	8	1	X	X
330778267	56182040	47	M	1	0	X	517508726
330990450	56178051	71	F	1	1	X	X
330990533	56180672	70	M	1	0	X	X
331231772	56183329	11	F	9	2	450096778	X
331231775	56183329	9	M	9	2	450096761	X
331231776	56183329	32	M	9	1	X	517508293
331231790	56180190	11	F	9	2	450096778	X
331231793	56180190	9	M	9	2	450091718	X
331231794	56180190	32	M	9	1	X	517507608
331245958	56183830	22	F	1	0	X	517508636
331245962	56180571	30	M	8	10	X	517508857
331245963	56180571	2	M	9	2	X	X
331245964	56180571	22	F	1	0	X	517508811
331245973	56184144	22	F	1	0	X	517508235
331245977	56184540	30	M	8	10	X	517507533
331245979	56184540	22	F	1	0	X	517508426
331286128	56179526	29	M	1	2	X	517508057
331286129	56179526	17	M	1	2	450096777	X
331286134	56181500	50	M	1	0	X	517508395
331286135	56181500	50	F	1	1	X	517508002
331286136	56181500	29	M	1	2	X	517507582
331286141	56181148	17	M	1	2	450096777	X
331286146	56185393	50	M	1	0	X	517508002
331286148	56185393	29	M	1	2	X	517508542
331299607	56181708	49	F	1	0	X	517662923
331399384	56179057	77	F	1	0	X	X
331519280	56184817	62	F	1	1	X	X
331519281	56184817	63	M	1	0	X	X
331598440	56179490	4	M	1	2	450094430	X
331598441	56179490	9	M	1	2	450096761	X
331598442	56179490	44	M	1	1	X	517508483
331598583	56181182	1	M	1	2	X	X
331598586	56181182	44	M	1	1	X	517508673
331598588	56181182	15	M	1	2	450096777	X
331598589	56181182	11	M	1	2	450096778	X
331598615	56179707	1	M	1	2	X	X
331598616	56179707	4	M	1	2	450094430	X
331598617	56179707	9	M	1	2	450096761	X
331598618	56179707	44	M	1	1	X	517508510
331598619	56179707	16	M	1	2	450096777	X
331598621	56179707	11	M	1	2	450096778	X
331598622	56179707	43	F	1	0	X	X
331598655	56181984	1	M	1	2	X	X
331598663	56183910	1	M	1	2	X	X
331598664	56183910	4	M	1	2	450094430	X
331598665	56183910	9	M	1	2	450096761	X
331598667	56183910	16	M	1	2	450096777	X
331598669	56183910	11	M	1	2	450096778	X
331598670	56183910	43	F	1	0	X	X
331598672	56184383	4	M	1	2	450094430	X
331598673	56184383	9	M	1	2	450096761	X
331598676	56184383	15	M	1	2	450096777	X
331598767	56180862	1	M	1	2	X	X
331598768	56180862	4	M	1	2	450094430	X
331598769	56180862	9	M	1	2	450091718	X
331598770	56180862	44	M	1	1	X	517508470
331598771	56180862	16	M	1	2	450096777	X
331598773	56180862	11	M	1	2	450096778	X
331598774	56180862	43	F	1	0	X	X
331703412	56184128	30	F	1	0	X	517508107
331703415	56184128	30	M	1	1	X	517507544
331703432	56177277	30	F	1	0	X	509156237
331703434	56177277	8	M	1	2	450096761	X
331703445	56176862	4	M	1	2	450066968	X
331703446	56176862	8	M	1	2	450097548	X
331703447	56176862	30	M	1	1	X	517662850
331706795	56181258	54	M	1	0	X	517507798
332050981	56185728	41	M	1	1	X	517508291
332270613	56182471	53	M	1	0	X	517507269
332270614	56182471	53	F	1	1	X	517508828
332270621	56185676	53	M	1	0	X	517663328
332270623	56182638	53	M	1	0	X	501427196
332270628	56182743	53	F	1	1	X	517508654
332270632	56184184	53	F	1	1	X	517508166
332270655	56181295	53	M	1	0	X	517508664
332270656	56181295	53	F	1	1	X	517508179
332270657	56185463	53	M	1	0	X	517507958
332270658	56185463	53	F	1	1	X	517508328
332317892	56185688	45	F	6	1	X	517508002
332317917	56178749	4	M	1	2	450058854	X
332317922	56183823	45	F	6	1	X	517508803
332317939	56185605	43	M	1	0	X	517507553
332317949	56185125	45	F	6	1	X	517508112
332317950	56185125	4	M	1	2	450058854	X
332722887	56178120	59	F	1	1	X	X
332722894	56183312	62	M	1	0	X	517508881
332722936	56177469	62	M	1	0	X	517662879
332722940	56185317	62	M	1	0	X	517507561
332931720	56177208	26	M	1	0	X	517507602
332931721	56177208	23	F	1	1	X	506979803
332931728	56179266	26	M	1	0	X	517508002
332931729	56179266	23	F	1	1	X	517663285
332931730	56179437	26	M	1	0	X	517508358
333051225	56185506	61	M	1	0	X	X
333051230	56177217	53	F	1	1	X	517662850
333051231	56177217	61	M	1	0	X	X
333074116	56181806	67	M	1	0	X	X
333183408	56185324	36	M	1	2	X	517663294
333183409	56185324	70	F	1	1	X	X
333183417	56178728	36	M	1	2	X	517508880
333183418	56178728	70	F	1	1	X	X
333295405	56180687	59	M	1	0	X	517507503
333357307	56181363	65	F	1	0	X	X
333357312	56179610	65	F	1	0	X	X
333685222	56184992	13	F	1	2	450096778	X
333685224	56184992	43	F	1	1	X	517508034
333685237	56177049	45	M	1	0	X	506979780
333685238	56177049	13	F	1	2	450088673	X
333685247	56182535	15	M	1	2	450096777	X
333685258	56182551	13	F	1	2	450096778	X
333685281	56179182	45	M	1	0	X	517508563
333685282	56179182	13	F	1	2	450096778	X
333685293	56180016	45	M	1	0	X	517507410
333685295	56180016	15	M	1	2	450096777	X
333685302	56179132	13	F	1	2	450096778	X
333685303	56179132	15	M	1	2	450096777	X
333746156	56185353	0	M	1	2	X	X
333746157	56185353	28	M	1	0	X	517508110
333746159	56185353	3	F	1	2	450094430	X
333820334	56177857	68	M	1	0	X	509156899
333820335	56177857	63	F	1	1	X	X
333820360	56185395	68	M	1	0	X	517507533
333848018	56178707	88	F	1	0	X	X
333872404	56183487	49	M	1	0	X	517508059
333872405	56179176	45	F	1	1	X	517508394
333872412	56184017	49	M	1	0	X	517508200
333880863	56177703	19	F	1	2	X	X
333880864	56177703	47	M	1	1	X	517507345
333880866	56177703	18	F	1	2	450096777	X
333880867	56177703	13	M	1	2	450088673	X
333880869	56177703	45	F	1	0	X	517508727
333880921	56176986	21	F	1	2	X	517662745
333880922	56176986	18	F	1	2	450096777	X
333880923	56176986	13	M	1	2	450096778	X
333880924	56176986	15	M	1	2	450096777	X
333880926	56176986	17	F	1	2	450096777	X
333880927	56177758	19	F	1	2	X	X
333880931	56177758	13	M	1	2	450096778	X
333880933	56177758	45	F	1	0	X	517662850
333881019	56183394	13	M	1	2	450096778	X
333881022	56183394	17	F	1	2	450096777	X
333881026	56183322	18	F	1	2	450096777	X
333881027	56183322	13	M	1	2	450096778	X
333881028	56183322	15	M	1	2	450096777	X
333881029	56183322	45	F	1	0	X	517508110
333881030	56183322	17	F	1	2	450096777	X
334078834	56181349	57	F	1	0	X	517507744
334078839	56178590	57	F	1	0	X	517663122
334247716	56181750	73	F	1	0	X	X
334247719	56181732	73	F	1	0	X	X
334719401	56181918	57	F	1	0	X	506879331
334719413	56183523	57	F	1	0	X	517507324
334870616	56183399	57	M	1	1	X	517508179
334870617	56183399	54	F	1	0	X	517507587
334870631	56180951	54	F	1	0	X	517507950
334870637	56176816	54	F	1	0	X	517662923
334870643	56182901	54	F	1	0	X	517508641
334870646	56185062	57	M	1	1	X	517507536
334870647	56185062	54	F	1	0	X	517507946
334870682	56178926	57	M	1	1	X	517508057
334870683	56178926	54	F	1	0	X	517508283
334870686	56177722	57	M	1	1	X	517662923
334870687	56177722	54	F	1	0	X	517662850
334921791	56179223	81	F	1	1	X	X
334921804	56177351	84	M	1	0	X	X
334921805	56177168	81	F	1	1	X	X
334921819	56177289	81	F	1	1	X	X
335108016	56179294	44	M	1	10	X	517507843
335108017	56179294	48	F	1	0	X	517507827
335135263	56176791	79	F	1	0	X	X
335138945	56180877	17	M	1	2	450096777	X
335138980	56185172	39	M	1	0	X	517507732
335138981	56185172	17	M	1	2	450096777	X
335138982	56185172	40	F	1	1	X	X
335138989	56181096	17	M	1	2	450096777	X
335138990	56181096	40	F	1	1	X	X
335138991	56181096	14	M	1	2	450096778	X
335138992	56180018	39	M	1	0	X	517508429
335138993	56180018	17	M	1	2	450096777	X
335138995	56180018	14	M	1	2	450096778	X
335246211	56182602	22	F	1	0	X	517508093
335260147	56179527	74	M	1	1	X	X
335276643	56184465	31	M	1	0	X	517508109
335276644	56184465	1	M	1	2	X	X
335276708	56180195	31	M	1	0	X	517508122
335313209	56184857	4	M	9	2	X	X
335313210	56184857	1	F	9	2	X	X
335321534	56177822	8	M	1	2	450100228	X
335321535	56177822	29	F	1	0	X	517662733
335321541	56180351	29	F	1	0	X	517662923
335321548	56184078	8	M	1	2	450091718	X
335321549	56184078	29	F	1	0	X	517508541
335321560	56184551	8	M	1	2	450096761	X
335321561	56184551	29	F	1	0	X	517507580
335357097	56185684	28	M	1	1	X	517507992
335357099	56185684	1	M	1	2	X	X
335661023	56184241	50	F	1	1	X	X
335661024	56184241	50	M	1	0	X	X
335819152	56183085	72	F	1	0	X	X
335819157	56178170	72	F	1	0	X	X
335819159	56182713	72	F	1	0	X	X
335819160	56181528	72	F	1	0	X	X
335860719	56180822	55	F	1	1	X	X
336052458	56184589	29	F	1	1	X	X
336052472	56180624	29	F	1	1	X	X
336052473	56180624	34	M	1	0	X	517508795
336052484	56184077	29	F	1	1	X	X
336052485	56184077	34	M	1	0	X	517508495
336052494	56179682	29	F	1	1	X	X
336052495	56179682	34	M	1	0	X	517507797
336052500	56177859	29	F	1	1	X	X
336052569	56177840	34	M	1	0	X	517507932
336052596	56184231	29	F	1	1	X	X
336052597	56184231	34	M	1	0	X	517663334
336088043	56177860	18	M	1	5	450096777	517508839
336088044	56177860	62	F	1	1	X	X
336088045	56177860	60	M	1	0	X	517509381
336088052	56182228	18	M	1	5	450096777	517508697
336390630	56177823	29	F	1	0	X	517508451
336390631	56177823	31	M	1	1	X	517507835
336390633	56183330	31	M	1	1	X	517507334
336392671	56182960	2	M	1	2	X	X
336392672	56182960	35	F	1	1	X	517507622
336392692	56177279	35	F	1	1	X	506980231
336392693	56177279	38	M	1	0	X	517508804
336392698	56182869	4	M	1	2	450058854	X
336392699	56182869	2	M	1	2	X	X
336392700	56182869	35	F	1	1	X	517508482
336392703	56180910	2	M	1	2	X	X
336812791	56179979	50	M	1	0	X	517508236
336812793	56179979	17	M	3	2	450096777	X
336812806	56180497	50	M	1	0	X	517507849
336812808	56180497	17	M	3	2	450096777	X
336812822	56176819	49	F	3	1	X	517662850
336812823	56176819	17	M	3	2	450096777	X
336925237	56183356	56	M	1	0	X	517507628
336925238	56183356	19	M	1	2	X	X
336925239	56183356	47	F	1	1	X	517663278
336925251	56178369	47	F	1	1	X	517508516
336925252	56182033	56	M	1	0	X	517507935
336925254	56182033	47	F	1	1	X	517508358
336925259	56178246	19	M	1	2	X	X
336925260	56178246	47	F	1	1	X	517662850
336979073	56179286	40	M	1	0	X	517508003
336979074	56179286	50	F	1	1	X	517508828
336979076	56179286	12	F	1	2	450058854	X
336979106	56182042	50	F	1	1	X	517507495
336979108	56182042	12	F	1	2	450058854	X
336994926	56179498	52	F	1	1	X	X
336994928	56180109	52	F	1	1	X	X
337048093	56182127	1	F	1	2	X	X
337048094	56182127	35	F	1	1	X	517508652
337048095	56182127	3	M	1	2	450094430	X
337048098	56183952	35	F	1	1	X	517663337
337048197	56184020	1	F	1	2	X	X
337048199	56184020	3	M	1	2	450094430	X
337587714	56182695	28	M	1	0	X	517507932
337587721	56183159	28	M	1	0	X	517507745
337634251	56184675	8	F	9	2	450091718	X
337634253	56184675	11	M	9	2	450096778	X
337892377	56178098	43	F	1	0	X	X
337896554	56181839	70	M	1	1	X	X
337896564	56182062	70	M	1	1	X	X
338165809	56178685	67	M	1	0	X	X
338165810	56178685	64	F	1	1	X	X
338165813	56178685	6	M	1	5	450094430	X
338165814	56180753	10	F	1	5	450091718	X
338165815	56180753	67	M	1	0	X	X
338165816	56180753	64	F	1	1	X	X
338165818	56180753	17	F	1	5	450096777	X
338165838	56180932	10	F	1	5	450091718	X
338165857	56178869	67	M	1	0	X	X
338165860	56178869	17	F	1	5	450096777	X
338237104	56183669	23	F	1	1	X	517508381
338272906	56179890	37	M	1	0	X	517662889
338272915	56184040	37	M	1	0	X	501427658
338272925	56184224	37	M	1	0	X	517507592
338272927	56182665	37	M	1	0	X	517507550
338272939	56185407	37	M	1	0	X	517508520
338272944	56183141	37	M	1	0	X	517508696
338297619	56185183	52	F	1	1	X	X
338540589	56181551	52	F	1	1	X	517508265
338540594	56177422	53	M	1	0	X	517507948
338540601	56176972	52	F	1	1	X	517663328
338540608	56180365	53	M	1	0	X	517508110
338540610	56177744	53	M	1	0	X	517508516
338944912	56177544	59	F	1	0	X	517507758
339361672	56181900	48	M	1	0	X	517508217
339361673	56181900	46	F	1	1	X	506878223
339361677	56180487	46	F	1	1	X	517507702
339361678	56179661	48	M	1	0	X	517508057
339361679	56179661	46	F	1	1	X	517508358
339361680	56180467	48	M	1	0	X	517663095
339361691	56181468	46	F	1	1	X	517508459
339724547	56181033	61	M	1	0	X	X
339724548	56181033	62	F	1	1	X	X
339724559	56185421	61	M	1	0	X	X
339724560	56185421	62	F	1	1	X	X
339724574	56182416	62	F	1	1	X	X
339724577	56177472	61	M	1	0	X	X
339724578	56177472	62	F	1	1	X	X
339724581	56185724	61	M	1	0	X	X
339738537	56183874	44	M	1	0	X	517508598
339738540	56184080	44	M	1	0	X	517507681
339738541	56184085	44	M	1	0	X	517508140
339846658	56178330	15	F	1	2	450096777	X
339846659	56178330	10	M	1	2	450097548	X
339846688	56184706	42	F	1	0	X	517508426
339846705	56180154	41	M	1	1	X	517508110
339846706	56180154	15	F	1	2	450096777	X
339846707	56180154	10	M	1	2	450091718	X
339846727	56179927	10	M	1	2	450091718	X
339976872	56184654	6	M	1	2	450091718	X
339976875	56184654	16	F	1	2	450058854	517508685
339976876	56184654	37	F	8	1	X	X
339976879	56184398	18	M	8	2	450058646	X
339976881	56184398	16	F	1	2	450058646	517508517
339976921	56182067	18	M	8	2	450058646	X
339976945	56177635	18	M	8	2	450063600	X
339976948	56177635	37	F	8	1	X	X
339976990	56181751	37	F	8	1	X	X
339976991	56181751	42	M	1	0	X	517663338
339977024	56182979	1	F	1	2	X	X
339977025	56182979	16	F	1	2	450058646	517508544
339977026	56182979	37	F	8	1	X	X
339977027	56182979	42	M	1	0	X	517508817
339977048	56185076	1	F	1	2	X	X
339977049	56185076	16	F	1	2	450058646	517508653
339977051	56185076	42	M	1	0	X	517507580
339977059	56181761	18	M	8	2	450058854	X
339977061	56181761	16	F	1	2	450058854	517508451
339977062	56181761	37	F	8	1	X	X
340116238	56181531	42	M	1	0	X	517507706
340116239	56181531	13	F	1	2	450096778	X
340116244	56180550	42	M	1	0	X	517507785
340116280	56182306	42	M	1	0	X	517507796
340334015	56184110	4	F	1	2	X	X
340334016	56184110	32	M	1	1	X	517508148
340334017	56184110	27	F	1	0	X	517508200
340334046	56180858	2	M	1	2	X	X
340334057	56181427	27	F	1	0	X	517508497
340421253	56182580	36	F	1	0	X	501429486
340421266	56177492	8	M	1	2	450096761	X
340490671	56179361	5	M	1	2	450096761	X
340490673	56179361	16	M	1	2	450096777	517508397
340490674	56179361	50	M	1	0	X	X
340490776	56181904	5	M	1	2	450096761	X
340490777	56181904	39	F	1	1	X	X
340490778	56181904	16	M	1	2	450096777	517508541
340490780	56181904	9	M	1	2	450091718	X
340571594	56183128	37	F	1	1	X	X
340571595	56183128	46	M	1	0	X	517507481
340571596	56183128	5	M	1	2	X	X
340571634	56185196	37	F	1	1	X	X
340571643	56182621	8	F	1	2	450091718	X
340571646	56182621	5	M	1	2	X	X
340571647	56182621	10	M	1	2	450091718	X
340571670	56183560	46	M	1	0	X	517507958
340571671	56183560	5	M	1	2	X	X
340571672	56183560	10	M	1	2	450096761	X
340657456	56182601	7	M	1	2	450091718	X
340657457	56182601	10	F	1	2	450096778	X
340657520	56179607	15	M	1	2	450096777	X
340657521	56179607	7	M	1	2	450096761	X
340657522	56179607	10	F	1	2	450096778	X
340657523	56179607	35	M	1	1	X	517508791
340657524	56179607	33	F	1	0	X	517508758
340947824	56180577	55	F	1	1	X	X
340947836	56182374	55	F	1	1	X	X
340947837	56182374	62	M	1	0	X	X
340947849	56178210	62	M	1	0	X	X
340947854	56179355	55	F	1	1	X	X
340947855	56179355	62	M	1	0	X	X
341002950	56181310	51	F	1	0	X	517508470
341002960	56182357	51	F	1	0	X	506980147
341002969	56179213	51	F	1	0	X	517508339
341002978	56181510	51	F	1	0	X	517507988
341367361	56185706	75	M	1	1	X	X
341367363	56185706	41	M	1	2	X	517508057
341368031	56177888	58	M	1	0	X	517509354
341368032	56177888	57	F	1	1	X	X
341368035	56178744	58	M	1	0	X	517507597
341368036	56178744	57	F	1	1	X	X
341368058	56178766	57	F	1	1	X	X
341368062	56180939	57	F	1	1	X	X
341645401	56181393	45	M	1	0	X	517662701
341645409	56181680	45	M	1	0	X	517507862
341645412	56184926	45	M	1	0	X	517507636
341645414	56180547	45	M	1	0	X	517662850
341645418	56183005	45	M	1	0	X	517508747
341645419	56181532	45	M	1	0	X	517508470
341645431	56183748	45	M	1	0	X	517507543
341645434	56182608	45	M	1	0	X	517507772
341645468	56176889	45	M	1	0	X	517508810
341645473	56181251	45	M	1	0	X	517507864
341645489	56183222	45	M	1	0	X	517508016
341716116	56179386	45	F	1	0	X	X
341716136	56179025	45	F	1	0	X	X
341716137	56179025	50	M	1	1	X	517508033
341928924	56182083	53	M	1	1	X	517662850
341928929	56180860	52	F	1	0	X	517507690
341928930	56180860	53	M	1	1	X	517663324
341952296	56184914	64	M	1	0	X	517507520
342420918	56181683	23	M	1	9	X	517508057
342420919	56181683	27	M	1	0	X	X
342420930	56184164	23	M	1	9	X	517508606
342420931	56184164	27	M	1	0	X	X
342466254	56177061	31	F	1	1	X	517662747
342466264	56184844	4	F	1	2	450058854	X
342466265	56184844	34	M	1	0	X	517508017
342466267	56184844	7	F	1	2	450091718	X
342525002	56182318	63	M	1	1	X	X
342587117	56183201	57	F	1	1	X	X
342587118	56183201	10	F	1	2	450096778	X
342587121	56180731	57	F	1	1	X	X
342587123	56180731	12	F	1	2	450096778	X
342587124	56180731	67	M	1	0	X	X
342587127	56182652	12	F	1	2	450096778	X
342587128	56182652	67	M	1	0	X	X
342598011	56179312	85	M	1	0	X	X
342598023	56176908	85	M	1	0	X	X
342690214	56176912	80	F	1	1	X	X
342690235	56177471	79	M	1	0	X	517662850
342690236	56177471	80	F	1	1	X	X
342716706	56180171	4	F	1	2	X	X
342854353	56180468	20	M	1	10	X	X
342980064	56182646	53	M	1	0	X	517507619
343072349	56178183	58	M	1	10	X	517507985
343072351	56177850	58	M	1	10	X	517508103
343338396	56182338	17	F	1	5	450096777	X
343338399	56182338	1	F	1	5	X	X
343338412	56179446	17	F	1	5	450096777	X
343338417	56182198	59	F	1	1	X	517508533
343385506	56181173	69	F	1	1	X	517507744
343385508	56177504	69	F	1	1	X	517663139
343385521	56185222	71	M	1	0	X	X
343466269	56181018	69	F	1	1	X	X
343466275	56178507	69	F	1	1	X	X
343466277	56181152	69	F	1	1	X	X
343466280	56185225	73	M	1	0	X	X
343707564	56180175	68	M	1	0	X	X
343707565	56180175	62	F	1	1	X	X
344209679	56180865	70	F	1	0	X	X
344209708	56179009	70	M	1	1	X	517508685
344209730	56184631	70	M	1	1	X	517507334
344209731	56184631	70	F	1	0	X	X
344209734	56184727	70	M	1	1	X	517507626
344325292	56185043	13	F	1	2	450096778	X
344325294	56185043	56	M	1	0	X	517508014
344325365	56181284	45	F	1	1	X	517508470
344325366	56181284	56	M	1	0	X	517508247
344418159	56184514	71	M	1	1	X	517508717
344497558	56178908	67	F	1	0	X	X
344497570	56179125	67	F	1	0	X	X
344966658	56185157	52	F	1	0	X	X
345113296	56185587	55	F	1	1	X	X
345113299	56183530	55	M	1	0	X	517508057
345113366	56177841	55	F	1	1	X	X
345113367	56177841	55	M	1	0	X	517508523
345113370	56177227	55	F	1	1	X	X
345113373	56177115	55	M	1	0	X	517662850
345193930	56180791	40	M	1	0	X	517508323
345193932	56180791	71	F	5	4	X	517507895
345193937	56182197	71	F	5	4	X	517507948
345193939	56182197	12	F	1	2	450096778	X
345193940	56184924	40	M	1	0	X	517507261
345193941	56184924	4	M	1	2	X	X
345193943	56184924	40	F	9	1	X	517508836
345193986	56185152	4	M	1	2	X	X
345193987	56185152	71	F	5	4	X	517508112
345303626	56182098	47	M	1	0	X	517663184
345303635	56181454	47	M	1	0	X	517508330
345303637	56181454	16	F	1	2	450096777	517508179
345303650	56180610	47	M	1	0	X	517507582
345303651	56180610	47	F	1	1	X	517508661
345303652	56180610	16	F	1	2	450096777	517508063
345558935	56180616	57	M	1	10	X	517508510
345558948	56180572	61	F	1	0	X	X
345647408	56177349	86	F	1	0	X	X
345647413	56177609	86	F	1	0	X	X
345647420	56177615	86	F	1	0	X	X
345741892	56178172	4	M	1	2	X	X
345741893	56178172	7	F	1	2	450096761	X
345741926	56184355	9	F	1	2	450096761	X
345741928	56184355	7	F	1	2	450096761	X
345741939	56182635	4	M	1	2	X	X
345741945	56178927	38	F	1	0	X	517508043
345741946	56178927	9	F	1	2	450096761	X
345780245	56182287	55	M	1	1	X	517507360
345780252	56179854	54	F	1	0	X	517662850
345780267	56176784	55	M	1	1	X	517508358
345780268	56176784	54	F	1	0	X	517662701
345780269	56182054	55	M	1	1	X	517508563
345780270	56182054	54	F	1	0	X	517507827
345780276	56179593	54	F	1	0	X	517508235
345780285	56180275	55	M	1	1	X	517662850
345780286	56180275	54	F	1	0	X	517507484
345983571	56177199	62	F	1	3	X	517507582
346047092	56184687	9	M	1	2	450091718	X
346047093	56184687	15	M	1	2	450096777	X
346047094	56184687	37	F	1	1	X	X
346047095	56184687	48	M	1	0	X	517507582
346047097	56184687	10	M	1	2	450096778	X
346047170	56183588	9	M	1	2	450096761	X
346047171	56183588	15	M	1	2	450096777	X
346047175	56183588	10	M	1	2	450096778	X
346563357	56180667	40	F	1	1	X	517663177
346563359	56180667	42	M	1	0	X	517508179
346563368	56180733	42	M	1	0	X	517507751
346767450	56181315	28	M	1	0	X	517508284
346767451	56181315	27	F	1	1	X	X
346767462	56183348	28	M	1	0	X	517508293
346767463	56183348	27	F	1	1	X	X
346767464	56178354	1	F	1	2	X	X
346767465	56178354	28	M	1	0	X	517662794
346767473	56180574	1	F	1	2	X	X
346767475	56180574	27	F	1	1	X	X
346767477	56183256	28	M	1	0	X	517508434
346767486	56178765	28	M	1	0	X	517508229
346767491	56185168	1	F	1	2	X	X
346767493	56185168	27	F	1	1	X	X
346767501	56177748	28	M	1	0	X	517662850
346767516	56178089	28	M	1	0	X	517662850
346767522	56178784	28	M	1	0	X	517508057
346767523	56178784	27	F	1	1	X	X
346767538	56184326	27	F	1	1	X	X
346767540	56178604	28	M	1	0	X	517508253
346771221	56178126	62	F	1	1	X	X
346771229	56185236	62	F	1	1	X	X
346771233	56185480	62	F	1	1	X	X
346837430	56179488	70	F	1	0	X	X
346864871	56179870	46	F	1	1	X	517508499
346864872	56179870	52	M	1	0	X	517507810
346864874	56177140	52	M	1	0	X	517508262
346864877	56181384	46	F	1	1	X	517508468
347001539	56184147	59	M	1	1	X	X
347001541	56182327	59	M	1	1	X	X
347001547	56184855	59	M	1	1	X	X
347191807	56181419	42	F	1	0	X	517508346
347191808	56181419	13	F	1	2	450067304	X
347191817	56177102	42	F	1	0	X	517508426
347191823	56184970	42	F	1	0	X	517508109
347191825	56184839	42	F	1	0	X	517507721
347191839	56179765	42	F	1	0	X	517663095
347191840	56179765	13	F	1	2	450058854	X
347191849	56179632	42	F	1	0	X	517662850
347191850	56179632	13	F	1	2	450058854	X
347191855	56177586	42	F	1	0	X	517507788
347191856	56177586	13	F	1	2	450058854	X
347191877	56184068	42	F	1	0	X	517508107
347191887	56181990	42	F	1	0	X	517508875
347191888	56181990	13	F	1	2	450058854	X
347191889	56183104	42	F	1	0	X	517508179
347191890	56183104	13	F	1	2	450058854	X
347271562	56179425	16	M	1	2	450096777	X
347271563	56179425	39	M	1	0	X	517507804
347271564	56179425	18	F	1	2	450096777	517507853
347271566	56179425	8	M	1	2	450096761	X
347271567	56179425	40	F	1	1	X	517662878
347271574	56182522	16	M	1	2	450096777	X
347271578	56182522	8	M	1	2	450091718	X
347369877	56185312	72	M	1	0	X	X
347369879	56185312	6	M	1	5	450096761	X
347462328	56180654	59	F	1	0	X	X
347462342	56177927	59	F	1	0	X	X
347523363	56179459	44	M	1	0	X	517508262
347523366	56181641	44	M	1	0	X	517508109
347523370	56178734	44	M	1	0	X	517507815
347523374	56182284	44	M	1	0	X	517508857
347523375	56183007	44	M	1	0	X	517506585
347523383	56184510	44	M	1	0	X	517508730
347523386	56182888	44	M	1	0	X	517507948
347523390	56184387	44	M	1	0	X	517508374
347523392	56184409	44	M	1	0	X	517507561
348020891	56180499	2	M	1	2	X	X
348020893	56180499	42	M	1	1	X	517508322
348020894	56180499	0	M	1	2	X	X
348020896	56181494	37	F	1	0	X	517508626
348020897	56181494	42	M	1	1	X	517507516
348020898	56181494	0	M	1	2	X	X
348020929	56182453	42	M	1	1	X	517508043
348020930	56182453	0	M	1	2	X	X
348020959	56182787	2	M	1	2	X	X
348020960	56182787	37	F	1	0	X	517508147
348020963	56177315	2	M	1	2	X	X
348020966	56177315	0	M	1	2	X	X
348020984	56184578	37	F	1	0	X	517662850
348020986	56184578	0	M	1	2	X	X
348020991	56180602	2	M	1	2	X	X
348020992	56180602	37	F	1	0	X	517508395
348020994	56180602	0	M	1	2	X	X
348020996	56181679	37	F	1	0	X	517507690
348020998	56181679	0	M	1	2	X	X
348021019	56178333	2	M	1	2	X	X
348021020	56178333	37	F	1	0	X	517662850
348021021	56178333	42	M	1	1	X	517508727
348021022	56178333	0	M	1	2	X	X
348809121	56183415	15	M	1	2	450096777	X
348809122	56183415	33	F	1	0	X	517507580
348809123	56183415	39	M	1	1	X	517509354
348809125	56183415	6	M	1	2	450096761	X
348809127	56183415	6	F	1	2	450096761	X
348809130	56183509	39	M	1	1	X	517508802
348809131	56183509	12	F	1	2	450096778	X
348809132	56183509	6	M	1	2	450096761	X
348809205	56176962	15	M	1	2	450096777	X
348809207	56176962	39	M	1	1	X	517507582
348809208	56176962	12	F	1	2	450096778	X
348809211	56176962	6	F	1	2	450096761	X
348809233	56179925	15	M	1	2	450096777	X
348809238	56179925	19	M	1	2	X	517508372
348809247	56180080	15	M	1	2	450096777	X
348809248	56180080	33	F	1	0	X	517508591
348809276	56183586	33	F	1	0	X	517508013
348809278	56183586	12	F	1	2	450096778	X
348809281	56183586	6	F	1	2	450096761	X
348818185	56183620	27	F	1	2	X	X
348818204	56178669	60	M	1	0	X	517663173
349020322	56177555	0	F	1	2	X	X
349020323	56177555	27	F	1	1	X	X
349020337	56184704	5	F	1	2	X	X
349020338	56184704	0	F	1	2	X	X
349020355	56182538	27	F	1	1	X	X
349020357	56181163	5	F	1	2	X	X
349020358	56181163	0	F	1	2	X	X
349020360	56185270	28	M	1	0	X	517508245
349294451	56178405	50	F	1	2	X	X
349324132	56181795	51	F	6	1	X	X
349517111	56179576	30	M	1	0	X	X
349517121	56178267	30	M	1	0	X	X
349517128	56179786	30	M	1	0	X	X
349517136	56177933	30	M	1	0	X	X
349587322	56184688	61	F	1	1	X	X
349587323	56184688	61	M	1	0	X	517508521
349587324	56182309	61	F	1	1	X	X
349587326	56177050	61	F	1	1	X	X
349587327	56177050	61	M	1	0	X	517663324
349587332	56178502	61	F	1	1	X	X
349587334	56184642	61	F	1	1	X	X
349587335	56184642	61	M	1	0	X	517508756
349626698	56178919	65	M	1	0	X	X
349626699	56182620	65	M	1	0	X	X
349626701	56179322	65	M	1	0	X	X
350157559	56182672	48	F	9	1	X	517507772
350157567	56179217	48	F	9	1	X	517508096
350157585	56182461	48	F	9	1	X	517507582
350157586	56182461	49	M	1	0	X	517662850
350157601	56180064	48	F	9	1	X	517663288
350180367	56182113	52	M	1	0	X	X
350180368	56182113	62	F	1	1	X	517507778
350180375	56181502	52	M	1	0	X	X
350180376	56181502	62	F	1	1	X	517508470
350180379	56180396	52	M	1	0	X	X
350180397	56183693	52	M	1	0	X	X
350180398	56183693	62	F	1	1	X	517508481
350218404	56184566	55	F	1	2	X	517508696
350218406	56183886	55	F	1	2	X	501427284
350218407	56183886	77	F	1	0	X	X
350274888	56182263	54	F	1	1	X	517507582
350274890	56177110	54	F	1	1	X	517508166
350274898	56181979	54	F	1	1	X	517508739
350398229	56179402	10	M	1	2	450096778	X
350398231	56179402	14	M	9	2	450096777	X
350398232	56179402	1	F	1	2	X	X
350681586	56185497	6	F	1	2	450091718	X
350701811	56178076	41	F	1	1	X	517509363
350714209	56184847	65	M	1	0	X	517508377
350714213	56185292	65	M	1	0	X	517507941
350714214	56185292	65	F	1	1	X	X
350714215	56185292	35	M	1	2	X	517507948
350714222	56179116	65	F	1	1	X	X
350714223	56179116	35	M	1	2	X	517663171
350714224	56179116	25	M	1	5	X	X
350714239	56178312	35	M	1	2	X	517507263
350714240	56178312	25	M	1	5	X	X
350714261	56185017	65	M	1	0	X	517507281
350714262	56185017	65	F	1	1	X	X
350714263	56185017	35	M	1	2	X	517508057
350714264	56185017	25	M	1	5	X	X
350896438	56182497	25	M	1	0	X	517507827
350922172	56177187	59	F	1	1	X	X
350922185	56183604	63	M	1	0	X	517508776
350922186	56178314	59	F	1	1	X	X
350922196	56178708	59	F	1	1	X	X
351102605	56181361	27	M	1	3	X	X
351102607	56181361	6	F	1	2	450096761	X
351172060	56179644	15	F	1	2	450096777	X
351172061	56179644	61	M	1	4	X	X
351484608	56178402	3	F	1	2	X	X
351484609	56178402	18	F	1	0	X	X
351484633	56183149	18	F	1	0	X	X
351484711	56182813	18	F	1	0	X	X
351484742	56182549	20	M	1	1	X	517507671
351484744	56182549	18	F	1	0	X	X
351583288	56177754	67	F	1	0	X	517507324
351583289	56177754	60	M	1	1	X	503067794
351583298	56185625	67	F	1	0	X	517508097
351583299	56185625	60	M	1	1	X	517507388
351596471	56185544	63	M	1	0	X	X
351596479	56182393	63	M	1	0	X	X
351596482	56181337	63	M	1	0	X	X
351723380	56179195	64	F	1	1	X	X
351723381	56179195	62	M	1	0	X	517507502
351723389	56180950	62	M	1	0	X	517507491
351723406	56182375	64	F	1	1	X	X
351723407	56182375	62	M	1	0	X	517507507
351747455	56183254	66	M	1	1	X	517508066
351747460	56182226	63	F	1	0	X	517662905
351747497	56183970	66	M	1	1	X	517507831
351747517	56179673	66	M	1	1	X	517508002
351747519	56182382	66	M	1	1	X	517508451
351764188	56177179	8	F	1	2	450096761	X
351764192	56177179	33	M	1	0	X	517662753
351803565	56177496	6	M	1	2	450096761	X
351803566	56177496	13	M	1	2	450096778	X
351803567	56177496	35	F	1	1	X	517507265
351803569	56177496	4	F	1	2	X	X
351803570	56177496	11	M	1	2	450088673	X
351803586	56176900	34	M	1	0	X	517663168
351803587	56176900	4	F	1	2	X	X
351803588	56176900	11	M	1	2	450088673	X
352351700	56181497	44	M	1	12	X	517507293
352351702	56181497	74	F	1	0	X	X
352351724	56185526	44	M	1	12	X	517662730
352351725	56185526	69	F	1	12	X	X
352351726	56185526	74	F	1	0	X	X
352541383	56181770	46	M	1	0	X	517507542
352541384	56181770	42	F	1	1	X	X
352541385	56181770	12	M	1	2	450088673	X
352541386	56181770	8	F	1	2	450091718	X
352541399	56179308	46	M	1	0	X	517507942
352541400	56179308	42	F	1	1	X	X
352541401	56179308	12	M	1	2	450088673	X
352541409	56183776	12	M	1	2	450088673	X
352541410	56183776	8	F	1	2	450096761	X
352547373	56184878	30	M	6	0	X	517508002
352676003	56180013	50	M	1	0	X	517507381
352763096	56179311	26	F	1	0	X	X
352763098	56179311	3	M	1	2	X	X
352763099	56179311	0	M	1	2	X	X
352763114	56181797	3	M	1	2	X	X
352763126	56185681	3	M	1	2	X	X
352784439	56179484	41	F	1	0	X	517508057
352784443	56176813	41	F	1	0	X	517662875
352784447	56182527	41	F	1	0	X	517507501
352784448	56182527	41	M	1	1	X	517507580
352784465	56179493	41	F	1	0	X	517508057
352784475	56182752	41	F	1	0	X	517508255
352784476	56182752	41	M	1	1	X	517508235
352784481	56183996	41	F	1	0	X	517507910
352784482	56183996	41	M	1	1	X	517508654
352784485	56181719	41	F	1	0	X	517508470
352784497	56183853	41	F	1	0	X	517508706
352784498	56183853	41	M	1	1	X	517508635
352784511	56179808	41	F	1	0	X	517508179
352784519	56181727	41	F	1	0	X	514203195
352784520	56181727	41	M	1	1	X	517662850
352784525	56179715	41	F	1	0	X	517508057
352784530	56181603	41	M	1	1	X	517507481
352830930	56178003	12	F	1	2	450088673	X
352830932	56178003	15	F	9	2	450096777	X
352830933	56178003	32	F	1	0	X	517507702
352830934	56178003	5	F	1	2	450097548	X
352830984	56179180	12	F	1	2	450096778	X
352830987	56179180	32	F	1	0	X	517507884
352830988	56179180	5	F	1	2	450096761	X
352831008	56178475	12	F	1	2	450091718	X
352831009	56178475	35	M	9	1	X	517508701
352831010	56178475	15	F	9	2	450096777	X
352831011	56178475	32	F	1	0	X	517662913
352831013	56178475	10	F	1	2	450091718	X
352831027	56178435	35	M	9	1	X	517662850
352831028	56178435	15	F	9	2	450096777	X
352831029	56178435	32	F	1	0	X	506980148
352831031	56178435	10	F	1	2	450091718	X
352831086	56177146	12	F	1	2	450096778	X
352831087	56177146	35	M	9	1	X	517663173
352831088	56177146	15	F	9	2	450096777	X
352831089	56177146	32	F	1	0	X	517508615
353572012	56184049	40	F	1	1	X	517507721
353572017	56181341	43	M	1	0	X	517508705
353572019	56181341	3	F	1	2	X	X
353572053	56179762	43	M	1	0	X	517508678
353572054	56179762	40	F	1	1	X	517508002
353572072	56182600	40	F	1	1	X	517508054
353572089	56184124	43	M	1	0	X	517508426
353572091	56184124	3	F	1	2	X	X
353572108	56177825	40	F	1	1	X	517507259
353572111	56180222	40	F	1	1	X	517662881
353731359	56181587	49	F	1	1	X	517663278
353731360	56180419	50	M	1	0	X	517663324
353731361	56180419	49	F	1	1	X	517507592
353731370	56176844	50	M	1	0	X	517663169
353796323	56178054	26	M	1	0	X	517507785
353796324	56178054	33	M	1	12	X	517662807
353796345	56178327	26	M	1	0	X	517662864
353796346	56178327	33	M	1	12	X	517508735
353882742	56183152	65	F	1	0	X	X
353882743	56183152	71	M	1	1	X	X
353890463	56184459	1	M	1	2	X	X
353890464	56184459	3	F	1	2	X	X
353890465	56184459	30	M	1	0	X	517508140
353890565	56179684	1	M	1	2	X	X
353890567	56179684	30	M	1	0	X	517508869
353890636	56178527	7	F	1	2	450058645	X
353890637	56178527	1	M	1	2	X	X
353890638	56178527	3	F	1	2	X	X
353890702	56179378	7	F	1	2	450058854	X
353890705	56179378	30	M	1	0	X	517508737
354137045	56181995	57	M	1	0	X	517507827
354137050	56178197	23	F	1	2	X	X
354137051	56178197	57	M	1	0	X	517662850
354137052	56178197	53	F	1	1	X	517662919
354137062	56185543	23	F	1	2	X	X
354137063	56185543	57	M	1	0	X	517508109
354137064	56185543	53	F	1	1	X	517508057
354137074	56180885	23	F	1	2	X	X
354137075	56180885	57	M	1	0	X	517508674
354137076	56180885	53	F	1	1	X	517507827
354137089	56185485	23	F	1	2	X	X
354137090	56185485	57	M	1	0	X	517507745
354137093	56180441	57	M	1	0	X	517507827
354137094	56180441	53	F	1	1	X	517507933
354152790	56180653	59	M	1	1	X	506979514
354152803	56181176	59	F	1	0	X	517508631
354152811	56180891	59	F	1	0	X	517508043
354152820	56185558	59	M	1	1	X	517507785
354152821	56185558	59	F	1	0	X	517508358
354386807	56180612	62	F	1	1	X	517662923
354575123	56178230	59	F	1	1	X	X
354575124	56178230	60	M	1	0	X	X
354575125	56183088	59	F	1	1	X	X
354575126	56183088	60	M	1	0	X	X
354626369	56184327	68	F	1	1	X	X
354626370	56184327	81	M	1	0	X	517508330
354626372	56178723	81	M	1	0	X	517508296
354626375	56177156	68	F	1	1	X	X
354734323	56180299	56	M	1	1	X	517508652
354962558	56180313	71	F	1	0	X	X
354962563	56178500	71	F	1	0	X	X
354962566	56182685	71	F	1	0	X	X
354962571	56178587	71	F	1	0	X	X
354962573	56179643	71	F	1	0	X	X
354962576	56177981	71	F	1	0	X	X
354962583	56178782	71	F	1	0	X	X
355188003	56179129	65	M	1	0	X	517508563
355188004	56179129	59	F	1	1	X	517508245
355188028	56177603	59	F	1	1	X	517662850
355351857	56181785	52	M	1	1	X	517507930
355351866	56181517	48	F	1	0	X	X
355351867	56181517	52	M	1	1	X	517508520
355351873	56183352	52	M	1	1	X	517508418
355351880	56182372	48	F	1	0	X	X
355351884	56183828	48	F	1	0	X	X
355351885	56183828	52	M	1	1	X	517663328
355351892	56181957	48	F	1	0	X	X
355351893	56181957	52	M	1	1	X	517508179
355356651	56184854	44	M	1	1	X	517507538
355356652	56184854	15	M	1	2	450096777	X
355356657	56182275	44	M	1	1	X	517662682
355356659	56182275	42	F	1	0	X	517508290
355356661	56181914	15	M	1	2	450096777	X
355356670	56183091	15	M	1	2	450096777	X
355356679	56183238	15	M	1	2	450096777	X
355356680	56183238	42	F	1	0	X	517508002
355356687	56184156	44	M	1	1	X	517507910
355649856	56177198	52	F	1	10	X	517662850
355649865	56179767	54	M	1	0	X	506878227
355696691	56185606	55	M	1	0	X	517508726
355696707	56180634	55	M	1	0	X	517507582
356214548	56178302	29	M	1	9	X	X
356214550	56178302	62	F	1	0	X	X
356214555	56182356	19	F	1	5	X	X
356295458	56183714	12	M	1	2	450096778	X
356295459	56183714	50	M	1	0	X	517508648
356295493	56180243	46	F	1	1	X	517508002
356295494	56180243	12	M	1	2	450091718	X
356295526	56182157	46	F	1	1	X	517507409
356295527	56182157	12	M	1	2	450091718	X
356295553	56183540	46	F	1	1	X	517508875
356295554	56183540	12	M	1	2	450096778	X
356295555	56183540	50	M	1	0	X	517508096
356295559	56182774	46	F	1	1	X	517508002
356295560	56182774	12	M	1	2	450091718	X
356295562	56183133	46	F	1	1	X	517507324
356295565	56177575	46	F	1	1	X	517508082
356295566	56177575	12	M	1	2	450096778	X
356295620	56181671	12	M	1	2	450096778	X
356295621	56181671	50	M	1	0	X	517508776
356295628	56182669	46	F	1	1	X	517508719
356295629	56182669	12	M	1	2	450091718	X
356295630	56182669	50	M	1	0	X	517508592
356461343	56179450	27	M	1	0	X	517508259
356461347	56180049	27	M	1	0	X	517662896
356461357	56178413	27	M	1	0	X	503067738
356461365	56180239	27	M	1	0	X	517507582
356461386	56180007	50	M	1	9	X	517507355
356461420	56180720	50	M	1	9	X	517509367
356461421	56180720	27	M	1	0	X	517509015
356461435	56178135	27	M	1	0	X	510061550
356461452	56177576	50	M	1	9	X	517663178
356461453	56177576	27	M	1	0	X	517662688
356461460	56184022	50	M	1	9	X	517508166
356461470	56183789	50	M	1	9	X	517508057
356461471	56183789	27	M	1	0	X	517508575
356461478	56183393	50	M	1	9	X	517508470
356461479	56183393	27	M	1	0	X	517508765
356695993	56178373	72	F	1	0	X	517662850
357376642	56183535	30	M	1	0	X	517507381
357376643	56183535	30	F	1	1	X	517508889
357376644	56183535	3	M	1	2	X	X
357494053	56184094	94	F	1	0	X	X
357578170	56183703	22	F	1	1	X	517508107
357578171	56183703	22	M	1	0	X	517507785
357578187	56182674	0	F	1	2	X	X
357578188	56182674	22	F	1	1	X	517508319
357578189	56182674	22	M	1	0	X	517508364
357578202	56182515	0	F	1	2	X	X
357578211	56184027	0	F	1	2	X	X
357578213	56184027	22	M	1	0	X	517508278
357578244	56184286	0	F	1	2	X	X
357578255	56183286	22	M	1	0	X	517507728
357578284	56183400	22	F	1	1	X	501426492
357578296	56185420	22	F	1	1	X	517508624
357578310	56185396	0	F	1	2	X	X
357578311	56185396	22	F	1	1	X	517508436
357578342	56183383	22	M	1	0	X	517507827
357578445	56184221	0	F	1	2	X	X
357578447	56184221	22	M	1	0	X	517506189
357578474	56183335	22	M	1	0	X	517508001
357578496	56184262	0	F	1	2	X	X
357578497	56184262	22	F	1	1	X	517508494
357578498	56184262	22	M	1	0	X	517508293
357578499	56178010	0	F	1	2	X	X
357578500	56178010	22	F	1	1	X	517508028
357578541	56182569	0	F	1	2	X	X
357578542	56182569	22	F	1	1	X	517663254
357578543	56182569	22	M	1	0	X	517662730
357578554	56178106	22	F	1	1	X	517508524
357578592	56184730	0	F	1	2	X	X
357578594	56184730	22	M	1	0	X	517508541
357578599	56183696	22	F	1	1	X	517508533
357578600	56183696	22	M	1	0	X	517507974
357965272	56183879	2	M	1	2	X	X
358112822	56185597	18	M	1	2	450096777	X
358112823	56185597	39	M	1	0	X	517508396
358209322	56177239	69	M	1	0	X	X
358209334	56179074	69	M	1	0	X	X
358209335	56179074	68	F	1	1	X	X
358209336	56184694	69	M	1	0	X	X
358209337	56184694	68	F	1	1	X	X
358209344	56183050	69	M	1	0	X	X
358209345	56183050	68	F	1	1	X	X
358209358	56178418	69	M	1	0	X	X
358412117	56183080	47	F	1	1	X	517507582
358412119	56183080	47	M	1	0	X	517508107
358412142	56177637	15	M	1	2	450096777	X
358412143	56177637	47	M	1	0	X	517507673
358412194	56180861	15	M	1	2	450096777	X
358412196	56180861	20	F	1	2	X	X
358676561	56182858	55	F	1	1	X	X
358676562	56182858	62	M	1	0	X	X
358676563	56181961	55	F	1	1	X	X
358676564	56181961	62	M	1	0	X	X
358676571	56179333	55	F	1	1	X	X
358676585	56181178	55	F	1	1	X	X
358676612	56178911	62	M	1	0	X	X
359289487	56185477	32	M	1	10	X	517507319
359289508	56184734	32	M	1	10	X	517507749
359289509	56184734	40	F	1	0	X	517508110
359289580	56184476	32	M	1	10	X	517507946
359289582	56184476	15	F	1	2	450096777	X
359289589	56184810	32	M	1	10	X	517508372
359289609	56183147	15	F	1	2	450096777	X
359289627	56185385	15	F	1	2	450096777	X
359289647	56185234	40	F	1	0	X	517662701
359289656	56180377	40	F	1	0	X	506879353
359289679	56181029	32	M	1	10	X	517508057
359289681	56181029	15	F	1	2	450096777	X
359455710	56179029	53	M	1	1	X	517508463
359455720	56181239	53	M	1	1	X	517508092
359455723	56185442	46	F	1	0	X	517508110
359455724	56185442	53	M	1	1	X	517508706
359455733	56182832	46	F	1	0	X	517508791
359455734	56182832	53	M	1	1	X	517508554
359481838	56183456	45	F	1	0	X	517508477
359481858	56182007	10	F	1	2	450096778	X
359481859	56182007	45	F	1	0	X	517663173
359731940	56183958	19	M	1	2	X	517508590
359731990	56180107	40	M	1	1	X	517507827
359731992	56180107	19	M	1	2	X	517507271
359731998	56181967	40	M	1	1	X	517507942
359731999	56181967	38	F	1	0	X	X
359732001	56181967	13	M	1	2	450096778	X
359732027	56179866	38	F	1	0	X	X
359732029	56179866	13	M	1	2	450091718	X
359732034	56183096	40	M	1	1	X	517508804
359732036	56183096	19	M	1	2	X	517507624
359732037	56183096	13	M	1	2	450091718	X
359732124	56178389	19	M	1	2	X	517662850
359732125	56178389	13	M	1	2	450091718	X
359844390	56181835	63	F	1	0	X	X
359926867	56183417	45	F	1	1	X	517507942
359926869	56183417	18	F	1	2	X	517508059
359926870	56179571	45	F	1	1	X	517508296
359926882	56182159	45	F	1	1	X	517508654
359926885	56183464	45	F	1	1	X	517663335
359926886	56183464	50	M	1	0	X	517663178
359926900	56176945	45	F	1	1	X	517507715
359926901	56176945	50	M	1	0	X	517662871
359926910	56179302	50	M	1	0	X	517508685
359926911	56179302	18	F	1	2	X	517508352
359926914	56184626	18	F	1	2	X	517507323
359984051	56177094	59	M	1	0	X	517662730
359984058	56179735	60	F	1	1	X	517508536
359984084	56183405	60	F	1	1	X	517508351
360046909	56182542	42	F	1	0	X	517507544
360046917	56184640	42	F	1	0	X	517508002
360046949	56183982	42	F	1	0	X	517507341
360046952	56183982	49	M	1	1	X	517508372
360046959	56182919	10	M	1	2	450091718	X
360046960	56182919	49	M	1	1	X	517508498
360046969	56179050	42	F	1	0	X	517507296
360046971	56179050	10	M	1	2	450096761	X
360046997	56177234	42	F	1	0	X	517508568
360046999	56177234	10	M	1	2	450091718	X
360047000	56177234	49	M	1	1	X	517662850
360088588	56181649	63	M	1	0	X	X
360088599	56181804	63	M	1	0	X	X
360088611	56177000	63	M	1	0	X	X
360100371	56182281	37	M	1	0	X	517662850
360100372	56182281	15	F	1	2	450096777	X
360100373	56182281	37	F	1	1	X	517507355
360218579	56181077	81	F	1	0	X	X
360218580	56181077	85	M	1	1	X	X
360390634	56178042	73	F	1	0	X	X
360436696	56178075	7	F	1	2	450096761	X
360436698	56178075	63	M	1	0	X	517662923
360436751	56183120	61	F	1	1	X	517508875
360436752	56183120	7	F	1	2	450091718	X
360436753	56183120	8	M	1	2	450091718	X
360436754	56183120	63	M	1	0	X	517663180
360436771	56181924	61	F	1	1	X	517508014
360436772	56181924	7	F	1	2	450091718	X
360436773	56181924	8	M	1	2	450091718	X
360436796	56178948	7	F	1	2	450096761	X
360436801	56182020	8	M	1	2	450091718	X
360436841	56181823	8	M	1	2	450091718	X
360436844	56179581	7	F	1	2	450096761	X
360436845	56179581	8	M	1	2	450096761	X
360436846	56179581	63	M	1	0	X	517662794
360436863	56184714	61	F	1	1	X	517507324
360436866	56184714	63	M	1	0	X	517508103
360692539	56178224	26	F	1	0	X	506979785
360692541	56178224	32	M	1	1	X	517508516
360692542	56176811	26	F	1	0	X	517663169
360692554	56180103	26	F	1	0	X	517662850
360692555	56180103	0	M	1	2	X	X
360692556	56180103	32	M	1	1	X	517508057
360692589	56180155	32	M	1	1	X	517662747
360692597	56183759	0	M	1	2	X	X
360692604	56178366	32	M	1	1	X	517508804
360692615	56178403	0	M	1	2	X	X
360692616	56178403	32	M	1	1	X	517662850
360692635	56178381	26	F	1	0	X	506317429
360692637	56178381	32	M	1	1	X	517663177
360822687	56181460	55	M	1	1	X	517662755
360822688	56181460	53	F	1	0	X	517507281
360822696	56182564	53	F	1	0	X	517507826
360905158	56181342	61	M	1	0	X	517507355
360905162	56180403	61	M	1	0	X	517508510
360905176	56177014	61	M	1	0	X	517663173
360905190	56177240	61	M	1	0	X	517662855
360905200	56177466	61	M	1	0	X	517508170
361358996	56182826	16	F	1	2	450096777	X
361359039	56178196	48	M	1	0	X	X
361359065	56182867	48	M	1	0	X	X
361359093	56178446	48	M	1	0	X	X
361359100	56182878	16	F	1	2	450096777	X
361407573	56178644	67	F	1	1	X	517508002
361407578	56181406	64	M	1	0	X	517507745
361571071	56177817	29	M	1	10	X	X
361571084	56177964	24	M	1	0	X	506979826
361941523	56180925	33	M	1	10	X	517507500
361941558	56180136	33	F	1	0	X	517662923
361941575	56179619	33	M	1	10	X	517507827
361941585	56180246	33	M	1	10	X	517507281
361941608	56183579	33	F	1	0	X	517508002
361941609	56183579	33	M	1	10	X	517508729
361941610	56183650	33	F	1	0	X	517508821
361941614	56180188	33	F	1	0	X	517663260
361941627	56177189	33	M	1	10	X	517663259
361941632	56177296	33	F	1	0	X	517662923
361941654	56184362	33	F	1	0	X	517508107
361941655	56184362	33	M	1	10	X	517508710
361970099	56180840	31	F	1	0	X	517663095
361970109	56179800	31	F	1	0	X	517662794
362038732	56183118	25	M	1	0	X	517508388
362038736	56176847	25	M	1	0	X	517508520
362038741	56180104	25	M	1	0	X	517507715
362038745	56177535	25	M	1	0	X	517508293
362038747	56180197	25	M	1	0	X	517508437
362038748	56179550	25	M	1	0	X	517508262
362038752	56183299	25	M	1	0	X	517663338
362038753	56184062	25	M	1	0	X	517507932
362038755	56183802	25	M	1	0	X	517507578
362051433	56177044	61	F	1	3	X	517662725
362051440	56180585	67	F	1	0	X	517507318
362051441	56180585	61	F	1	3	X	517507714
362051450	56179041	67	F	1	0	X	517508283
362051451	56179041	61	F	1	3	X	517508680
362051472	56182617	67	F	1	0	X	517508110
362051480	56178375	67	F	1	0	X	503068904
362051481	56178375	61	F	1	3	X	503022728
362051483	56177917	61	F	1	3	X	517508128
362140000	56180305	71	F	1	0	X	X
362140070	56180494	71	F	1	0	X	X
362140079	56182691	77	M	1	1	X	X
362199837	56184544	44	M	1	0	X	517507695
362199838	56181169	44	M	1	0	X	517508140
362199848	56181183	44	M	1	0	X	514203977
362199849	56180855	44	M	1	0	X	517507508
362199850	56182163	44	M	1	0	X	517662794
362207941	56184246	5	F	8	2	450096761	X
362207942	56184246	41	F	8	1	X	X
362207944	56184246	39	M	8	0	X	517663125
362207945	56184518	5	F	8	2	450097548	X
362207967	56184438	15	M	8	2	450096777	X
362207998	56184574	41	F	8	1	X	X
362207999	56184574	15	M	8	2	450096777	X
362208000	56184574	39	M	8	0	X	517507324
362208093	56184230	5	F	8	2	450097548	X
362208149	56184393	5	F	8	2	450097548	X
362208152	56184393	39	M	8	0	X	517508216
362839518	56179648	77	F	1	0	X	X
362918389	56180823	6	M	1	2	450088673	X
362918390	56180823	3	M	1	2	X	X
362918391	56180823	4	M	1	2	X	X
362918393	56180823	36	M	1	0	X	517508296
362918408	56183928	36	M	1	0	X	517508197
362918485	56180404	3	M	1	2	X	X
362918487	56180404	36	F	1	1	X	X
362988865	56181478	49	M	1	0	X	517508739
362988866	56181478	44	F	1	10	X	517507481
362988879	56183365	49	M	1	0	X	501428504
362988880	56183365	44	F	1	10	X	501428206
362988897	56181731	49	M	1	0	X	517508393
363119269	56180083	53	F	1	1	X	517663319
363346409	56182911	62	F	1	1	X	X
363410556	56183744	25	M	1	1	X	517508235
363410557	56185304	23	F	1	0	X	517508364
363561795	56183899	50	M	1	0	X	517662796
363561798	56182320	49	F	1	1	X	517663328
363617080	56185536	46	M	1	2	X	517507998
363617094	56180776	46	M	1	2	X	517663273
363617114	56177452	46	M	1	2	X	517507749
363617116	56179793	46	M	1	2	X	517662829
363688938	56182045	76	F	1	0	X	X
363713721	56182481	45	F	1	1	X	517507569
363713722	56182481	18	M	1	2	450096777	X
363713723	56182481	47	M	1	0	X	X
363713724	56182481	22	M	1	2	X	517508592
363713725	56185055	45	F	1	1	X	517507607
363713726	56185055	18	M	1	2	450096777	X
363713745	56181598	45	F	1	1	X	517507481
363713747	56181598	47	M	1	0	X	X
363713748	56181598	22	M	1	2	X	517508009
363764203	56184118	62	M	1	1	X	X
363764204	56184118	63	F	1	0	X	X
363764263	56182981	62	M	1	1	X	X
363764264	56182981	63	F	1	0	X	X
363764269	56179242	62	M	1	1	X	X
363764270	56179242	63	F	1	0	X	X
363764271	56179242	12	M	1	5	450096778	X
364079547	56183034	32	M	1	10	X	517507306
364320506	56177926	57	M	1	0	X	517508563
364320508	56180845	57	M	1	0	X	517663278
364320546	56184966	57	M	1	0	X	517508543
364320564	56182566	57	M	1	0	X	517508426
364320565	56182566	57	F	9	1	X	X
364320569	56178212	57	F	9	1	X	X
364320574	56182234	57	M	1	0	X	517507608
364320575	56182234	57	F	9	1	X	X
364361749	56178844	53	M	1	0	X	517508756
364478095	56179038	78	F	1	1	X	X
364478114	56179128	80	M	1	0	X	X
364478130	56178974	80	M	1	0	X	X
364478131	56178974	78	F	1	1	X	X
364478138	56182456	80	M	1	0	X	X
364478139	56182456	78	F	1	1	X	X
364478142	56176768	80	M	1	0	X	X
364478150	56183898	80	M	1	0	X	X
364478180	56184176	80	M	1	0	X	X
364478181	56184176	78	F	1	1	X	X
364478192	56180362	80	M	1	0	X	X
364478220	56184158	80	M	1	0	X	X
364478221	56184158	78	F	1	1	X	X
364478238	56176901	80	M	1	0	X	X
364478239	56176901	78	F	1	1	X	X
365080100	56177908	59	F	1	0	X	517662850
365080108	56182241	59	F	1	0	X	517508353
365141551	56176984	56	M	1	0	X	517509014
365419403	56181343	15	F	1	2	450058646	X
365419404	56181343	0	M	1	2	X	X
365419405	56181343	5	M	1	2	450058854	X
365419408	56181343	10	F	1	2	450058854	X
365419409	56181343	13	F	1	2	450058854	X
365419424	56183730	15	F	1	2	450058854	X
365419427	56183730	50	M	1	0	X	517508066
365419430	56183730	13	F	1	2	450058854	X
365692251	56179881	54	F	1	0	X	517507677
365974663	56177213	54	F	1	0	X	506980147
365974668	56180688	58	F	1	3	X	517507582
365974677	56179457	54	F	1	0	X	517507816
366363015	56178346	33	F	1	1	X	509156962
366586128	56178519	6	F	1	2	450091718	X
366586136	56184619	6	F	1	2	450091718	X
366586138	56184619	31	M	1	0	X	517508623
366586139	56184619	9	F	1	2	450091718	X
366586160	56178631	6	F	1	2	450091718	X
366586162	56178631	31	M	1	0	X	517507349
366586169	56177220	29	F	1	1	X	517508867
366586170	56177220	31	M	1	0	X	517508128
366586171	56177220	9	F	1	2	450091718	X
366586180	56177129	6	F	1	2	450096761	X
366586181	56177129	29	F	1	1	X	517662896
366648293	56179148	55	F	1	1	X	517507893
366648295	56179148	10	M	1	2	450096761	X
366648299	56180921	55	F	1	1	X	517662710
366648300	56180921	58	M	1	0	X	517508820
366648301	56180921	10	M	1	2	450091718	X
366843971	56178467	57	M	1	0	X	517508652
366843972	56178467	28	F	1	2	X	517662919
366843973	56178467	57	F	1	1	X	517663184
366860590	56184708	28	F	1	0	X	X
366860596	56182868	28	F	1	0	X	X
366860613	56182984	28	F	1	0	X	X
366860617	56182653	28	F	1	0	X	X
366862095	56178158	55	M	1	0	X	517662923
366862096	56178158	53	F	1	1	X	517662730
366862105	56180332	55	M	1	0	X	517507523
367216447	56185709	17	F	1	2	450096777	517508511
367216461	56180595	57	M	1	0	X	517508057
367216462	56180595	17	F	1	2	450096777	517507827
367216463	56180595	52	F	1	1	X	517508179
367216473	56184936	57	M	1	0	X	517508020
367216475	56184936	52	F	1	1	X	517507281
367398476	56181894	19	M	1	2	X	517508002
367398477	56181894	41	F	1	0	X	517508538
367398478	56181894	12	M	1	2	450096778	X
367398482	56185488	12	M	1	2	450091718	X
367398533	56182004	41	F	1	0	X	517662850
367398535	56182004	41	M	1	1	X	517662733
367605271	56181335	16	F	1	2	450096777	517507516
367605272	56181335	18	F	1	2	450096777	517508511
367787896	56179474	4	F	1	2	450094430	X
368031803	56177990	60	F	1	0	X	517662797
368031804	56177990	62	M	1	1	X	X
368031824	56181111	62	M	1	1	X	X
368031839	56183601	60	F	1	0	X	517507580
368031843	56185287	60	F	1	0	X	517508623
368031847	56178127	60	F	1	0	X	517508057
368031861	56177868	60	F	1	0	X	517663174
368031862	56177868	62	M	1	1	X	X
368031885	56183590	60	F	1	0	X	517507281
368305998	56184035	28	F	1	0	X	517507292
368305999	56184035	31	F	1	10	X	501427859
368306044	56184021	28	F	1	0	X	517663273
368306045	56184021	31	F	1	10	X	517508330
368524766	56184625	27	M	1	2	X	X
368524768	56184625	56	M	1	1	X	517508296
368524771	56178954	56	M	1	1	X	517508002
368524776	56185095	51	F	1	0	X	517507827
368524808	56178262	27	M	1	2	X	X
368524809	56178262	51	F	1	0	X	517662923
368524810	56178262	56	M	1	1	X	517507520
368524820	56181669	27	M	1	2	X	X
368524833	56184872	51	F	1	0	X	517507587
368524836	56181722	51	F	1	0	X	517508247
368524856	56177720	27	M	1	2	X	X
368524857	56177720	51	F	1	0	X	517508520
368524858	56177720	56	M	1	1	X	506317429
368524875	56181849	51	F	1	0	X	506979659
368524879	56184646	56	M	1	1	X	517508481
368772811	56182746	9	F	1	2	450091718	X
368772813	56182746	10	F	1	2	450091718	X
368772814	56182746	5	M	1	2	450088673	X
368772815	56182746	36	F	1	0	X	X
368772821	56182955	9	F	1	2	450091718	X
368772822	56182955	29	M	1	1	X	X
368772824	56182955	5	M	1	2	450088673	X
368787125	56181166	56	F	1	1	X	517507810
368787126	56181166	73	M	1	0	X	517508058
369038808	56178014	67	F	1	0	X	517662923
369088378	56181358	49	F	1	0	X	517508897
369088380	56179912	49	F	1	0	X	517507846
369088385	56181513	49	F	1	0	X	517507928
369088390	56181958	49	F	1	0	X	517507933
369913282	56181972	49	F	1	0	X	517507891
369913285	56177244	49	F	1	0	X	509156238
369913289	56182721	49	F	1	0	X	517508057
369913291	56183812	49	F	1	0	X	517508284
369993947	56177596	85	F	1	0	X	X
369993950	56185632	85	F	1	0	X	X
369993970	56177116	85	F	1	0	X	X
369997861	56178038	74	M	1	0	X	X
369997867	56178020	74	M	1	0	X	X
369997878	56178163	73	F	1	1	X	X
369997879	56178163	74	M	1	0	X	X
370028849	56179464	4	M	1	2	450094430	X
370028852	56179464	36	F	1	1	X	X
370028853	56179464	9	M	1	2	450096761	X
370028860	56184311	11	F	1	2	450096778	X
370028861	56184311	4	M	1	2	450094430	X
370028862	56184311	14	F	1	2	450096778	X
370028863	56184311	38	M	1	0	X	517508012
370028864	56184311	36	F	1	1	X	X
370028865	56184311	9	M	1	2	450096761	X
370028866	56182512	11	F	1	2	450091718	X
370028867	56182512	4	M	1	2	450094430	X
370028870	56182512	36	F	1	1	X	X
370028884	56184473	11	F	1	2	450096778	X
370028885	56184473	4	M	1	2	450094430	X
370028886	56184473	14	F	1	2	450096778	X
370028888	56184473	36	F	1	1	X	X
370028889	56184473	9	M	1	2	450096761	X
370028891	56181422	4	M	1	2	450094430	X
370028893	56181422	38	M	1	0	X	517663338
370028894	56181422	36	F	1	1	X	X
370028910	56182767	14	F	1	2	450091718	X
370028911	56182767	38	M	1	0	X	517508114
370028923	56181976	38	M	1	0	X	517508057
370028924	56181976	36	F	1	1	X	X
370028956	56180389	11	F	1	2	450096778	X
370028957	56180389	4	M	1	2	450094430	X
370028959	56180389	38	M	1	0	X	517663278
370028961	56180389	9	M	1	2	450091718	X
370458339	56180584	31	M	1	0	X	517508747
370458342	56177214	28	F	1	1	X	506317429
370458345	56177613	31	M	1	0	X	517662850
370458359	56178299	31	M	1	0	X	517662850
370458368	56180566	28	F	1	1	X	517663095
370668537	56178282	20	M	1	2	X	503067794
370668551	56178361	55	M	1	0	X	517663153
370668552	56178361	20	M	1	2	X	517662730
370668553	56178361	52	F	1	1	X	517507660
370988860	56185633	42	F	1	1	X	517508358
370988861	56185633	47	M	1	0	X	517508291
370988862	56185633	13	M	1	2	450091718	X
370988899	56181643	22	M	1	2	X	517508449
370988901	56181643	47	M	1	0	X	517663271
370988903	56179066	20	F	1	2	X	517508103
370988905	56179066	42	F	1	1	X	517508002
370988907	56179066	13	M	1	2	450096778	X
370988958	56182342	20	F	1	2	X	517507745
370988960	56182342	42	F	1	1	X	517508851
370988961	56182342	47	M	1	0	X	506878726
370988993	56182731	20	F	1	2	X	517507587
370988997	56182731	13	M	1	2	450091718	X
370989064	56179228	22	M	1	2	X	517508008
370989105	56181462	42	F	1	1	X	517508202
370989106	56181462	47	M	1	0	X	506878240
370989107	56181462	13	M	1	2	450096778	X
370989146	56182378	47	M	1	0	X	517508328
370989278	56185092	20	F	1	2	X	517507745
370989281	56185092	47	M	1	0	X	517507354
371190738	56182479	4	M	1	2	X	X
371190739	56182479	11	M	1	2	450096778	X
371190740	56182479	40	M	1	0	X	517508014
371190773	56181347	2	M	1	2	X	X
371190939	56182548	39	F	1	1	X	X
371190940	56182548	6	F	1	2	450091718	X
371190944	56182548	40	M	1	0	X	517507782
371190945	56184577	39	F	1	1	X	X
371190946	56184577	6	F	1	2	450096761	X
371392549	56185439	9	M	1	2	450091718	X
371392551	56185439	9	F	1	2	450091718	X
371392558	56178833	50	M	1	0	X	517508804
371392559	56178833	9	F	1	2	450096761	X
371397174	56179259	76	F	1	0	X	X
371797261	56185192	69	M	1	0	X	517507261
371825182	56182892	14	F	1	2	450096778	X
371825185	56182892	11	M	1	2	450096778	X
371825186	56182892	16	F	1	2	450096777	X
371825193	56179667	7	F	1	2	450096761	X
371825194	56179667	14	F	1	2	450096778	X
371825196	56179667	32	F	1	1	X	517508735
371825197	56179667	11	M	1	2	450096778	X
371867946	56176769	42	F	1	0	X	X
371867947	56176769	45	M	1	1	X	517662850
371867964	56183213	12	M	1	2	450096778	X
371867966	56183213	42	F	1	0	X	X
371867967	56183213	45	M	1	1	X	517508451
372131623	56184488	37	M	1	1	X	517508396
372131625	56181741	30	F	1	0	X	X
372231357	56179406	66	M	1	0	X	X
372231358	56179406	54	F	1	1	X	517662730
372238320	56184722	52	M	1	1	X	517507819
372238321	56184722	55	F	1	0	X	517508096
372387514	56177921	63	M	1	0	X	517662833
372387515	56185698	64	F	1	1	X	517508169
372614742	56177852	57	F	1	0	X	X
372614743	56177852	59	M	1	1	X	517662710
372614754	56184178	57	F	1	0	X	X
372614780	56185667	57	F	1	0	X	X
372628474	56180617	56	M	1	1	X	X
372628486	56184617	56	M	1	1	X	X
372628487	56177040	58	F	1	0	X	X
372628488	56177040	56	M	1	1	X	X
372628490	56183664	56	M	1	1	X	X
372628493	56177132	58	F	1	0	X	X
372628535	56185216	58	F	1	0	X	X
372628537	56177297	58	F	1	0	X	X
372628538	56177297	56	M	1	1	X	X
372628545	56181824	58	F	1	0	X	X
372628546	56181824	56	M	1	1	X	X
372628549	56185326	58	F	1	0	X	X
372628550	56185326	56	M	1	1	X	X
372628553	56182133	58	F	1	0	X	X
372628554	56182133	56	M	1	1	X	X
372628575	56181610	58	F	1	0	X	X
372628576	56181610	56	M	1	1	X	X
372659264	56181567	48	M	1	0	X	517508363
372659271	56181611	48	M	1	0	X	517508867
372687164	56177375	30	M	1	0	X	517507632
372791891	56178223	35	F	1	1	X	517662730
372791892	56183848	42	M	1	0	X	517662865
372791893	56183848	35	F	1	1	X	517508066
372791896	56179130	42	M	1	0	X	517508283
372791897	56179130	35	F	1	1	X	517508002
372791902	56180127	42	M	1	0	X	517508057
372791912	56180489	42	M	1	0	X	517663348
372791913	56180489	35	F	1	1	X	517508520
372791914	56184388	42	M	1	0	X	517508481
372791915	56184388	35	F	1	1	X	517508283
373392614	56183844	40	F	1	0	X	X
373392630	56178803	15	M	1	2	450096777	X
373392631	56178803	41	M	1	1	X	517508451
373392638	56178882	40	F	1	0	X	X
373392639	56178996	15	M	1	2	450096777	X
373392640	56178996	41	M	1	1	X	517508727
373392641	56178996	40	F	1	0	X	X
373392655	56179062	41	M	1	1	X	517508002
373392656	56179062	40	F	1	0	X	X
373392657	56181304	15	M	1	2	450096777	X
373468301	56178064	58	F	1	0	X	517662850
373468314	56182446	58	F	1	0	X	517508116
373639414	56180254	46	M	1	0	X	517662852
373824120	56177395	51	M	1	0	X	517508057
373824128	56183191	51	M	1	0	X	517508057
373977337	56179888	70	M	1	0	X	517662796
373977341	56177804	70	M	1	0	X	517507261
373977344	56185592	70	M	1	0	X	517508625
373977348	56185260	70	M	1	0	X	517508057
374131179	56183968	76	M	1	0	X	X
374131189	56181813	76	M	1	0	X	X
374414969	56184373	79	M	1	0	X	X
374414989	56179208	79	M	1	0	X	X
374542592	56179712	10	F	1	2	450096761	X
374542593	56179712	29	F	1	0	X	517508258
374542595	56179712	8	M	1	2	450096761	X
374542603	56178703	8	M	1	2	450091718	X
374578314	56183926	78	M	1	0	X	517507580
374578315	56183926	68	F	1	1	X	X
374578342	56182178	78	M	1	0	X	517508613
374823286	56181317	18	M	1	2	450096777	X
374823287	56181317	51	M	1	0	X	517507696
374823288	56181317	52	F	1	1	X	517508470
374823309	56182464	52	F	1	1	X	517508451
374897284	56181053	49	M	1	0	X	517508451
374897308	56181162	49	M	1	0	X	517508396
374897309	56181483	49	M	1	0	X	517662912
374897315	56179305	49	M	1	0	X	517663337
375365416	56185325	19	F	1	2	X	517507360
375365417	56185325	50	M	1	0	X	501428504
375365422	56178560	19	F	1	2	X	517508394
375365423	56178560	50	M	1	0	X	517509354
375365434	56181452	19	F	1	2	X	517508834
375365460	56179121	48	F	1	1	X	517508358
375365465	56182092	50	M	1	0	X	517508002
375374498	56183302	63	F	1	0	X	X
375400028	56184109	26	F	1	0	X	517507578
375400061	56184482	0	F	1	2	X	X
375400069	56183946	0	F	1	2	X	X
375400070	56183946	26	F	1	0	X	517508314
375400075	56184454	0	F	1	2	X	X
375400076	56184454	26	F	1	0	X	517508439
375537850	56182770	42	F	1	1	X	517507276
375537851	56182770	47	M	1	0	X	517508043
375537856	56182458	42	F	1	1	X	517507827
375537862	56181021	42	F	1	1	X	517508881
375537868	56182114	42	F	1	1	X	517508187
375537869	56182114	47	M	1	0	X	517662794
375537870	56180853	42	F	1	1	X	517663299
375537871	56180853	47	M	1	0	X	517508747
375725479	56178550	52	M	1	0	X	517662850
375725490	56178227	52	F	1	1	X	517507277
375725492	56177568	52	F	1	1	X	517662850
375725524	56177056	52	F	1	1	X	517508283
375725529	56182492	52	M	1	0	X	517663338
375725533	56182122	52	M	1	0	X	506879300
375725539	56179829	52	M	1	0	X	517663347
375821181	56179811	66	M	1	3	X	X
375821194	56183059	69	F	1	0	X	X
375852128	56183382	6	F	1	2	450096761	X
375852129	56183382	2	M	1	2	X	X
375852130	56183382	4	M	1	2	450058854	X
375852131	56183382	29	F	1	0	X	517507134
376389644	56185032	70	F	1	0	X	X
376389645	56185032	17	M	1	5	450096777	517507920
376389646	56185032	47	F	1	2	X	517507292
376389674	56185465	70	F	1	0	X	X
376389675	56185465	17	M	1	5	450096777	517507324
376389676	56185465	47	F	1	2	X	517508636
376513572	56180828	53	M	1	1	X	517507269
376609545	56185410	35	F	1	1	X	517507293
376609546	56185410	6	M	1	2	450088673	X
376609547	56185410	10	F	1	2	450091718	X
376609548	56185410	38	M	1	0	X	517508066
376609549	56182824	35	F	1	1	X	517507481
376609550	56182824	6	M	1	2	450088673	X
376609551	56182824	10	F	1	2	450091718	X
376609552	56182824	38	M	1	0	X	517507293
376609568	56176858	38	M	1	0	X	517662923
376609613	56185486	35	F	1	1	X	517507773
376609614	56185486	6	M	1	2	450096761	X
376609616	56185486	38	M	1	0	X	517507802
376609617	56185112	35	F	1	1	X	517508109
376609618	56185112	6	M	1	2	450096761	X
376609620	56185112	38	M	1	0	X	517662896
376609633	56185244	35	F	1	1	X	517507738
376609636	56185244	38	M	1	0	X	517507281
376609638	56177388	6	M	1	2	450096761	X
376609639	56177388	10	F	1	2	450096761	X
376609648	56185406	38	M	1	0	X	517508396
376609664	56184974	38	M	1	0	X	517508851
376923122	56183531	55	M	1	0	X	X
376923124	56184989	55	M	1	0	X	X
376923125	56183550	55	M	1	0	X	X
376923127	56183710	55	M	1	0	X	X
376923128	56179549	55	M	1	0	X	X
376923129	56181391	55	M	1	0	X	X
376923136	56182031	55	M	1	0	X	X
376923139	56181399	55	M	1	0	X	X
376923141	56185440	55	M	1	0	X	X
376923143	56177922	55	M	1	0	X	X
376923151	56177797	55	M	1	0	X	X
376923153	56185122	55	M	1	0	X	X
376923157	56182741	55	M	1	0	X	X
376923158	56177448	55	M	1	0	X	X
376923164	56184661	55	M	1	0	X	X
376923165	56178893	55	M	1	0	X	X
376923171	56177193	55	M	1	0	X	X
376923177	56185040	55	M	1	0	X	X
376923180	56185039	55	M	1	0	X	X
376923181	56177728	55	M	1	0	X	X
377097484	56179850	15	M	1	2	450096777	X
377097485	56179850	13	M	1	2	450091718	X
377097496	56185006	15	M	1	2	450096777	X
377097498	56185006	49	M	1	0	X	517508057
377174885	56179956	52	F	1	0	X	517507702
377174889	56180166	52	F	1	0	X	517508499
377174891	56180178	52	F	1	0	X	517508451
377572392	56181755	12	M	1	2	450096778	X
377572393	56181755	49	M	1	1	X	517662850
377572394	56181755	49	F	1	0	X	517508860
377572404	56177550	12	M	1	2	450088673	X
377572406	56177550	49	F	1	0	X	517507744
377572413	56179868	12	M	1	2	450091718	X
377572415	56179868	49	F	1	0	X	517663305
377572439	56180105	49	F	1	0	X	517508615
377572450	56179293	49	M	1	1	X	517508057
377572451	56179293	49	F	1	0	X	517508563
377572452	56177909	12	M	1	2	450100228	X
377572454	56177909	49	F	1	0	X	517662687
377572456	56181791	49	M	1	1	X	517507827
377572462	56184766	49	M	1	1	X	517507930
377984696	56179332	60	F	1	1	X	517508057
377984697	56179332	66	M	1	0	X	517508563
377984718	56179290	60	F	1	1	X	517508481
378006838	56181203	92	F	1	0	X	X
378063478	56179734	67	F	1	0	X	517507293
378063495	56177269	67	F	1	0	X	517662923
378063511	56178473	67	F	1	0	X	517509016
378063514	56178356	67	F	1	0	X	517662850
378063515	56176855	67	F	1	0	X	517662850
378063533	56179570	67	F	1	0	X	517508481
378063541	56181522	67	F	1	0	X	517507587
378063567	56179732	67	F	1	0	X	517507987
378063581	56182716	67	F	1	0	X	517508624
378063584	56176898	67	F	1	0	X	503022767
378063586	56178103	67	F	1	0	X	517662850
378063589	56184884	67	F	1	0	X	517508404
378092218	56183761	35	F	1	1	X	X
378092222	56183761	29	M	1	0	X	517507563
378092254	56182563	9	M	1	2	450091718	X
378092257	56182563	29	M	1	0	X	517507745
378092258	56182563	1	M	1	2	X	X
378092259	56182563	11	F	1	2	450091718	X
378092260	56183392	35	F	1	1	X	X
378092262	56183392	14	F	1	2	450096777	X
378092265	56183392	1	M	1	2	X	X
378092266	56183392	11	F	1	2	450096778	X
378155010	56178559	27	M	1	0	X	517662725
378266733	56185293	58	F	1	1	X	X
378274662	56184638	4	F	9	2	X	X
378274663	56184638	23	F	1	0	X	X
378274664	56184638	1	F	9	2	X	X
378274701	56183490	24	M	9	1	X	517508066
378274702	56183490	4	F	9	2	X	X
378274703	56183490	23	F	1	0	X	X
378274704	56183490	1	F	9	2	X	X
378274746	56182851	24	M	9	1	X	517508397
378274748	56182851	23	F	1	0	X	X
378274761	56178526	24	M	9	1	X	517508351
378274762	56178526	4	F	9	2	X	X
378550285	56181632	23	F	1	10	X	514201259
378550286	56181632	24	M	1	0	X	517508589
378553793	56179566	27	M	1	0	X	517508379
378586114	56182161	64	F	1	0	X	517507744
378782603	56181645	48	F	1	9	X	517663273
378782617	56180248	48	F	1	9	X	517507686
378782618	56180248	50	M	1	0	X	517662805
378782627	56179695	48	F	1	9	X	517508674
378782647	56183241	48	F	1	9	X	517508426
378856257	56178700	52	M	1	0	X	503068976
378856258	56178700	49	F	1	1	X	517507664
379225924	56185268	57	M	1	1	X	517507789
379225934	56182168	55	F	1	0	X	517507547
379225956	56184947	17	M	9	2	450058646	X
379225957	56184947	57	M	1	1	X	517507585
379225958	56184947	55	F	1	0	X	517507745
379225965	56182089	17	M	9	2	450058854	X
379225980	56185041	17	M	9	2	450058646	X
379225982	56185041	55	F	1	0	X	517508397
379255047	56179033	80	F	1	0	X	X
379304717	56185371	17	F	6	2	450058645	X
379304769	56185053	17	F	6	2	450058646	X
379304771	56185053	46	F	6	1	X	517508379
379304777	56185274	17	F	6	2	450058646	X
379367250	56185047	69	M	1	1	X	X
379367266	56176956	69	M	1	1	X	X
379367268	56177732	69	M	1	1	X	X
379367307	56177113	65	F	1	0	X	X
379367314	56179160	69	M	1	1	X	X
379367315	56179160	65	F	1	0	X	X
379367320	56182877	69	M	1	1	X	X
379367321	56182877	65	F	1	0	X	X
379367328	56183012	69	M	1	1	X	X
379367329	56183012	65	F	1	0	X	X
379407953	56178293	3	F	1	2	450058854	X
379520934	56185493	47	M	1	0	X	517507815
379520935	56185493	78	F	1	6	X	X
379520937	56185493	14	M	1	2	450096777	X
379520944	56181595	47	M	1	0	X	517662888
379520945	56181595	78	F	1	6	X	X
379520946	56181595	48	F	1	1	X	517662923
379520948	56181595	17	F	1	2	450096777	X
379520980	56184746	78	F	1	6	X	X
379520983	56184746	17	F	1	2	450096777	X
379521005	56182775	78	F	1	6	X	X
379521006	56182775	48	F	1	1	X	517507355
379750887	56185624	72	M	1	0	X	X
379757000	56178756	71	M	1	0	X	X
379757001	56178756	71	F	1	1	X	X
379820170	56179301	60	F	1	0	X	517508317
379820171	56179301	59	M	1	1	X	X
379820172	56178940	60	F	1	0	X	517508057
379820173	56178940	59	M	1	1	X	X
379820182	56176896	60	F	1	0	X	517507983
379820183	56176896	59	M	1	1	X	X
379835112	56177272	88	F	1	1	X	X
379835113	56177272	87	M	1	0	X	X
379835124	56184007	88	F	1	1	X	X
379835140	56177580	88	F	1	1	X	X
379835141	56177580	87	M	1	0	X	X
379858851	56176841	27	F	1	1	X	517662850
380023149	56177925	67	F	1	1	X	X
380023150	56177925	68	M	1	0	X	X
380023151	56177898	67	F	1	1	X	X
380023167	56182875	67	F	1	1	X	X
380023172	56178512	68	M	1	0	X	X
380023175	56177846	67	F	1	1	X	X
380052397	56181273	50	M	1	0	X	517662794
380052408	56179843	50	M	1	0	X	517507303
380172433	56179703	74	F	1	1	X	X
380199467	56182277	62	M	1	1	X	517508451
380199471	56181432	62	M	1	1	X	517508179
380199498	56183474	64	F	1	0	X	517508013
380199499	56181156	62	M	1	1	X	517508783
380464239	56184265	42	M	1	0	X	517507785
380559767	56181998	45	M	1	10	X	517508002
380559768	56181998	13	M	1	2	450096778	X
380753263	56184887	44	M	1	1	X	517508397
380753264	56184887	45	F	1	0	X	517508802
380753265	56184887	12	M	1	2	450091718	X
380753332	56182618	45	F	1	0	X	517508057
380753340	56180970	45	F	1	0	X	517662850
380753347	56179250	44	M	1	1	X	517508772
380753348	56179250	45	F	1	0	X	517508358
380753372	56181781	45	F	1	0	X	517508103
380753375	56182155	44	M	1	1	X	517508202
380753377	56182155	12	M	1	2	450091718	X
381063957	56180205	36	M	1	9	X	517508014
381063982	56179774	31	F	1	0	X	517508201
381063983	56179774	36	M	1	9	X	517507582
381063990	56183662	31	F	1	0	X	517508295
381063991	56183662	36	M	1	9	X	517508763
381063993	56179751	36	M	1	9	X	517508057
381063999	56184203	36	M	1	9	X	517508166
381064002	56184127	31	F	1	0	X	517507948
381064016	56183644	31	F	1	0	X	517508178
381064018	56181533	31	F	1	0	X	517508234
381064019	56181533	36	M	1	9	X	517508541
381064021	56183639	36	M	1	9	X	517507355
381064025	56179112	36	M	1	9	X	517507587
381064035	56179087	36	M	1	9	X	517508002
381064050	56183896	31	F	1	0	X	517507765
381064051	56183896	36	M	1	9	X	517508179
381064076	56183363	31	F	1	0	X	517508110
381064130	56183832	31	F	1	0	X	517508166
381064131	56183832	36	M	1	9	X	517508242
381064144	56177087	31	F	1	0	X	517663177
381064145	56177087	36	M	1	9	X	517663169
381064160	56183282	31	F	1	0	X	517662745
381064161	56183282	36	M	1	9	X	501427658
381064164	56181474	31	F	1	0	X	517663266
381320916	56182797	26	M	1	2	X	517507587
381320923	56185237	19	F	1	2	X	517508057
381320924	56185237	53	F	1	0	X	517508107
381320931	56177451	26	M	1	2	X	517508002
381320932	56180502	19	F	1	2	X	517507582
381320933	56180502	53	F	1	0	X	517508520
381320941	56183244	19	F	1	2	X	517508112
381455006	56181314	63	M	8	1	X	517508756
381455007	56181314	14	M	8	2	450096777	X
381455012	56181584	63	M	8	1	X	517663316
381455026	56184886	52	F	1	0	X	517507310
381455064	56182853	14	M	8	2	450096777	X
381455074	56179926	52	F	1	0	X	517508330
381455076	56179926	14	M	8	2	450096777	X
381649044	56184107	34	M	1	1	X	517507676
381649045	56184107	27	F	1	0	X	517507334
381649066	56179872	34	M	1	1	X	517508451
381649067	56179872	27	F	1	0	X	517507315
381649082	56179546	34	M	1	1	X	517662850
381649088	56178305	34	M	1	1	X	517508057
381649090	56185515	34	M	1	1	X	517508426
381649096	56183295	34	M	1	1	X	517509350
381649097	56183295	27	F	1	0	X	517662923
381649104	56183857	34	M	1	1	X	517508107
381649108	56177482	34	M	1	1	X	517507932
381649109	56177482	27	F	1	0	X	517508726
381649120	56176950	34	M	1	1	X	517508002
381707203	56179329	60	F	1	0	X	517508211
381718673	56184682	9	F	1	2	450091718	X
381718674	56184682	7	M	1	2	450091718	X
381718675	56184682	4	M	1	2	450058854	X
381718677	56184682	34	M	1	0	X	517507587
381718681	56178629	34	F	1	1	X	517662850
381718733	56178269	9	F	1	2	450091718	X
381718735	56178269	4	M	1	2	450058854	X
381718736	56178269	34	F	1	1	X	517508002
381718737	56178269	34	M	1	0	X	517508732
381887996	56184200	61	F	1	0	X	X
381888003	56181498	46	M	1	1	X	517507827
381888005	56180930	46	M	1	1	X	517508589
381888040	56181194	61	F	1	0	X	X
381888057	56180442	46	M	1	1	X	517508451
382025741	56177790	35	F	1	0	X	503023296
382025742	56179826	35	F	1	0	X	517508483
382036906	56183539	31	F	1	1	X	517508559
382036909	56183539	7	F	1	2	450096761	X
382036914	56179019	31	F	1	1	X	517508499
382036915	56179019	29	M	1	0	X	517508057
382036917	56179019	7	F	1	2	450096761	X
382225793	56181113	33	F	1	1	X	517508510
382225794	56181113	31	M	1	0	X	517662924
382225811	56178711	33	F	1	1	X	517662923
382573234	56182912	70	M	1	1	X	X
382573251	56177683	54	F	1	0	X	517662850
382573264	56179910	70	M	1	1	X	X
382573265	56179910	58	F	1	7	X	517662794
382573266	56179910	54	F	1	0	X	517663278
382573291	56179827	70	M	1	1	X	X
382573292	56179827	58	F	1	7	X	517508014
382573293	56179827	54	F	1	0	X	517508179
383251052	56184831	72	F	9	0	X	X
383623573	56184297	42	M	1	0	X	517508128
383623574	56184297	0	M	1	2	X	X
383623575	56184297	2	M	1	2	X	X
383623576	56184297	40	F	1	1	X	517508014
383623577	56184297	15	F	1	2	450096777	X
383652991	56184150	2	M	1	2	X	X
384031005	56177493	62	M	1	0	X	X
384079696	56178279	11	M	1	2	450091718	X
384079698	56178279	32	F	1	1	X	X
384079720	56184768	11	M	1	2	450091718	X
384079722	56184768	32	F	1	1	X	X
384187568	56179528	45	M	1	0	X	517508057
384187573	56183646	45	M	1	0	X	517508315
384187574	56183543	45	M	1	0	X	517508140
384215746	56177484	8	M	1	2	450096761	X
384215747	56177484	10	M	1	2	450096761	X
384215749	56177484	43	M	1	0	X	X
384215783	56177559	10	M	1	2	450096761	X
384215784	56177559	44	F	1	1	X	517662794
384215785	56177559	43	M	1	0	X	X
384215796	56180058	44	F	1	1	X	517508095
384215806	56181064	8	M	1	2	450091718	X
384215807	56181064	10	M	1	2	450091718	X
384215808	56181064	44	F	1	1	X	517663305
384215809	56181064	43	M	1	0	X	X
384215810	56185462	8	M	1	2	450091718	X
384215811	56185462	10	M	1	2	450091718	X
384215826	56183871	8	M	1	2	450096761	X
384215829	56183871	43	M	1	0	X	X
384215836	56185505	44	F	1	1	X	517508504
384215842	56181250	8	M	1	2	450096761	X
384337671	56178115	56	M	1	1	X	517507735
384337672	56178115	54	F	1	0	X	517508463
384337674	56181056	54	F	1	0	X	517508002
384352237	56185319	65	F	1	0	X	X
384352238	56185364	60	M	1	1	X	517508330
384352247	56177455	65	F	1	0	X	X
384352248	56180961	60	M	1	1	X	517507516
384352249	56180961	65	F	1	0	X	X
384416300	56177709	27	M	1	0	X	506321033
384416304	56177779	27	M	1	0	X	517662703
384416305	56177779	28	F	1	1	X	517663103
384689966	56183845	49	M	1	1	X	517508014
384689967	56183845	17	M	1	2	450096777	517508020
384690016	56181942	12	M	1	2	450096778	X
384690018	56181942	49	M	1	1	X	517507751
384690019	56181942	17	M	1	2	450096777	517663095
384750770	56177563	17	F	1	2	450096777	X
384750772	56177563	60	M	1	0	X	517662850
384750780	56185403	55	F	1	1	X	X
384750781	56185403	60	M	1	0	X	517662850
384858580	56180695	85	F	1	0	X	X
384863002	56178686	60	M	1	1	X	517508358
385472007	56185328	52	M	1	0	X	517508096
385472909	56182428	64	M	1	0	X	X
385472926	56182302	64	M	1	0	X	X
385852611	56181138	59	F	1	0	X	517663295
386125244	56183243	35	M	1	0	X	501427965
386125245	56181674	0	M	1	2	X	X
386125247	56181674	29	F	1	1	X	X
386125248	56181674	35	M	1	0	X	517662923
386125253	56178786	0	M	1	2	X	X
386125254	56178786	3	M	1	2	450094430	X
386125255	56178786	29	F	1	1	X	X
386279949	56177419	58	F	1	1	X	517662919
386279954	56177444	58	M	1	0	X	517507726
386279960	56177819	58	M	1	0	X	503067794
386382199	56178295	1	F	1	2	X	X
386382200	56178295	32	M	1	0	X	517508826
386382209	56184930	1	F	1	2	X	X
386382234	56177166	1	F	1	2	X	X
386382242	56181554	8	M	1	2	450091718	X
386382245	56181554	32	M	1	0	X	506979828
386382246	56181554	31	F	1	1	X	X
386382280	56184283	32	M	1	0	X	517507592
386382281	56184283	31	F	1	1	X	X
386457452	56182698	42	M	1	0	X	X
386501509	56178609	21	M	1	2	X	X
386546369	56184668	46	M	1	1	X	517508250
386546373	56178554	46	F	1	0	X	517508749
386546375	56178554	46	M	1	1	X	517662850
386546377	56184945	19	M	1	2	X	501428199
386546382	56181118	46	F	1	0	X	517508730
386546383	56181118	19	M	1	2	X	517508706
386546384	56181118	46	M	1	1	X	517507547
386546387	56178721	46	M	1	1	X	517662847
386546388	56185167	46	F	1	0	X	517508000
386546389	56185167	19	M	1	2	X	517508746
386546412	56182452	46	F	1	0	X	517507827
386546413	56182452	19	M	1	2	X	517508002
386546424	56178736	46	F	1	0	X	517662730
386546425	56178736	19	M	1	2	X	517663177
386546426	56178736	46	M	1	1	X	517662850
386546427	56179277	46	F	1	0	X	517508804
386546429	56179277	46	M	1	1	X	517508481
386546431	56181373	19	M	1	2	X	517507936
386546484	56178719	46	F	1	0	X	517663183
386546485	56178719	19	M	1	2	X	517508014
386546527	56181655	19	M	1	2	X	517507295
386546528	56181655	46	M	1	1	X	517662850
386546529	56177283	46	F	1	0	X	517508283
386546531	56177283	46	M	1	1	X	517663177
386546538	56182363	46	F	1	0	X	517507407
386546539	56182363	19	M	1	2	X	517508451
386546540	56182363	46	M	1	1	X	517508330
386546562	56182003	46	F	1	0	X	517508442
386546564	56182003	46	M	1	1	X	517508352
386546565	56184866	46	F	1	0	X	517663338
386546566	56184866	19	M	1	2	X	517507778
386546567	56184866	46	M	1	1	X	517508520
386546577	56183547	46	F	1	0	X	517508664
386546579	56183547	46	M	1	1	X	517508351
386546612	56181943	46	M	1	1	X	517508345
386546625	56181307	46	F	1	0	X	517508884
386546626	56181307	19	M	1	2	X	517508014
386546634	56182008	46	F	1	0	X	514204246
386546635	56182008	19	M	1	2	X	517507281
386546643	56180608	46	F	1	0	X	517508486
386546671	56178839	19	M	1	2	X	517508156
386546672	56178839	46	M	1	1	X	517507884
386546694	56185651	46	F	1	0	X	517507501
386546697	56180464	46	F	1	0	X	517507633
386546698	56180464	19	M	1	2	X	517508290
386546699	56180464	46	M	1	1	X	517507827
386546703	56182059	46	F	1	0	X	517508179
386546706	56179998	46	F	1	0	X	517508499
386546708	56179998	46	M	1	1	X	517662888
386594272	56179465	30	F	9	1	X	517507744
386594274	56179465	26	M	1	0	X	517508499
386594311	56178444	1	M	9	2	X	X
386594312	56178444	30	F	9	1	X	517662850
386594313	56178444	4	M	9	2	X	X
386594314	56178444	26	M	1	0	X	517662923
386626440	56184436	67	F	1	0	X	X
386626443	56180407	67	F	1	0	X	X
386853401	56180022	48	M	1	0	X	517508353
386853402	56180022	46	F	1	1	X	506879811
386853409	56182406	48	M	1	0	X	517507582
386853410	56182406	46	F	1	1	X	517508804
386853417	56182262	48	M	1	0	X	517508842
386853422	56183521	46	F	1	1	X	517663332
386853431	56182950	48	M	1	0	X	517508765
386853432	56182950	46	F	1	1	X	517508287
386853435	56181899	48	M	1	0	X	517508623
386853441	56179627	48	M	1	0	X	517508428
386868831	56177435	34	F	1	0	X	517662847
387123562	56185715	52	M	1	0	X	517508615
387123563	56185715	19	F	1	2	X	517508426
387158694	56182728	8	F	1	2	450091718	X
387158706	56182218	8	F	1	2	450091718	X
387158755	56179641	39	F	1	0	X	517508002
387158769	56179724	39	F	1	0	X	517508116
387158791	56178061	39	F	1	0	X	517663177
387158792	56178061	8	F	1	2	450100228	X
387158794	56184279	8	F	1	2	450096761	X
387158816	56180378	8	F	1	2	450091718	X
387158819	56181862	39	F	1	0	X	517508451
387158825	56183014	39	F	1	0	X	517508499
387158826	56183014	8	F	1	2	450091718	X
387158827	56179733	39	F	1	0	X	517508804
387158851	56179690	39	F	1	0	X	517663180
387158859	56182298	39	F	1	0	X	517508293
387158864	56182871	8	F	1	2	450091718	X
387158870	56182402	8	F	1	2	450091718	X
387158885	56180604	39	F	1	0	X	517663177
387158886	56180604	8	F	1	2	450091718	X
387158906	56184098	8	F	1	2	450091718	X
387218060	56181654	38	F	1	0	X	517508792
387218061	56181654	15	F	1	2	450096777	X
387218088	56185555	38	F	1	0	X	517508110
387218108	56181216	38	F	1	0	X	506979749
387218109	56181216	15	F	1	2	450096777	X
387218110	56181216	10	M	1	2	450091718	X
387482008	56184701	36	F	1	1	X	517507544
387482011	56184701	7	M	1	2	450091718	X
387482021	56177121	39	M	1	0	X	517507582
387482022	56177121	3	M	1	2	450094430	X
387482023	56177121	7	M	1	2	450096761	X
387556272	56179468	31	M	1	1	X	517508324
387556273	56179468	31	F	1	0	X	517507787
387556274	56179468	9	F	1	2	450096761	X
387556279	56180657	31	F	1	0	X	517508451
387556280	56180657	9	F	1	2	450091718	X
387556282	56180657	11	F	1	2	450096778	X
387556283	56180657	14	F	1	2	450096778	X
387556410	56180613	31	M	1	1	X	517507932
387556413	56180613	7	F	1	2	450091718	X
387556414	56180613	11	F	1	2	450096778	X
387603215	56180349	41	F	1	0	X	517508748
387603216	56180349	23	M	1	2	X	517663095
387603217	56178667	15	M	1	2	450096777	X
387603219	56178667	23	M	1	2	X	503068839
387603229	56182823	15	M	1	2	450096777	X
387603244	56179894	15	M	1	2	450096777	X
387603253	56185372	15	M	1	2	450096777	X
387603255	56185372	23	M	1	2	X	517507281
387603271	56184745	15	M	1	2	450096777	X
387603273	56184745	23	M	1	2	X	517662850
387873156	56183742	58	M	1	0	X	517508624
387873157	56183742	60	F	1	1	X	517507897
387873163	56179272	60	F	1	1	X	517508553
387873178	56182433	58	M	1	0	X	517508002
387873179	56182433	60	F	1	1	X	517508592
388039323	56178891	56	F	1	0	X	517508377
388039332	56182256	56	F	1	0	X	517508188
388039336	56179687	56	F	1	0	X	517508589
388208776	56181699	26	F	1	0	X	517663105
388208784	56182805	26	F	1	0	X	517508009
388208790	56184471	26	F	1	0	X	517508426
388208797	56181736	26	F	1	0	X	517508002
388208804	56176880	26	F	1	0	X	517663184
388208815	56183519	26	F	1	0	X	517508826
388208821	56180957	26	F	1	0	X	517507646
388208826	56180124	26	F	1	0	X	517507324
388208831	56183378	26	F	1	0	X	517508464
388472309	56177411	42	F	1	0	X	506979604
388472310	56177411	16	M	1	2	450096777	X
388472311	56177411	49	M	1	1	X	517508875
388472313	56180398	42	F	1	0	X	517507847
388614440	56182078	60	F	1	0	X	517508283
388614443	56181821	60	F	1	0	X	517663252
388649791	56181154	0	M	1	2	X	X
388649793	56181154	3	F	1	2	X	X
388796067	56176974	51	F	1	1	X	517662850
388796068	56179089	50	M	1	0	X	517508739
388796098	56177647	50	M	1	0	X	517662745
388796099	56177647	51	F	1	1	X	517508179
388833479	56177753	81	F	1	0	X	X
388996425	56177668	2	F	1	2	X	X
388996426	56177668	30	F	1	0	X	517508262
388996442	56183700	30	F	1	0	X	517508047
388996461	56183607	2	F	1	2	X	X
388996462	56183607	30	F	1	0	X	517507785
388996466	56184498	30	F	1	0	X	517662710
388996469	56183992	2	F	1	2	X	X
388996470	56183992	30	F	1	0	X	517508340
389339995	56178562	10	M	1	2	450091718	X
389340014	56185238	2	F	1	2	X	X
389340015	56185238	32	F	1	0	X	X
389340016	56185238	10	M	1	2	450091718	X
389340038	56178543	2	F	1	2	X	X
389340039	56178543	32	F	1	0	X	X
389340040	56178543	10	M	1	2	450091718	X
389430244	56181224	67	M	1	1	X	X
389430245	56183894	64	F	1	0	X	X
389430263	56179262	64	F	1	0	X	X
389439318	56181107	37	F	1	1	X	517663323
389439328	56183169	37	F	1	1	X	517507587
389439336	56182248	37	F	1	1	X	517508727
389439351	56181487	37	M	1	0	X	517507680
389739101	56183549	54	F	1	0	X	517508002
389739103	56179960	54	F	1	0	X	517662879
389739104	56183665	54	F	1	0	X	517507690
389739124	56185473	54	F	1	0	X	517662923
389739126	56180111	54	F	1	0	X	517508451
389739127	56183749	54	F	1	0	X	517507354
389739140	56179952	54	F	1	0	X	514201255
389739142	56183691	54	F	1	0	X	517507703
389739149	56180086	54	F	1	0	X	517662879
389739152	56177745	54	F	1	0	X	517663177
390293594	56183054	73	M	1	0	X	X
390293609	56183063	69	F	1	1	X	X
390293610	56183063	73	M	1	0	X	X
390374949	56180371	38	F	1	0	X	517508296
390374959	56179042	38	F	1	0	X	517508409
390374962	56182445	38	F	1	0	X	517507607
390374965	56183130	38	F	1	0	X	517508096
390374966	56184533	38	F	1	0	X	501428206
390374967	56184529	38	F	1	0	X	517508297
390374974	56181778	38	F	1	0	X	517507772
390406122	56178442	51	M	1	0	X	X
390406123	56178442	62	F	1	3	X	X
390406124	56178442	54	M	1	3	X	517663273
390406128	56181618	51	M	1	0	X	X
390406151	56185642	54	M	1	3	X	517507544
390521458	56184198	67	M	1	1	X	X
390521459	56184198	75	F	1	0	X	X
390521469	56179156	75	F	1	0	X	X
390521477	56182055	75	F	1	0	X	X
390521482	56180535	67	M	1	1	X	X
390521483	56180535	75	F	1	0	X	X
390521487	56184091	75	F	1	0	X	X
390521500	56184073	67	M	1	1	X	X
390580709	56180545	54	F	1	0	X	X
390580710	56180545	55	M	1	1	X	506979778
390580714	56184154	55	M	1	1	X	517508726
390580718	56185450	55	M	1	1	X	517508451
390580723	56182605	54	F	1	0	X	X
390580724	56182605	55	M	1	1	X	517507292
390807712	56180789	53	M	1	1	X	517508792
390807713	56180789	56	F	1	0	X	517507309
390807715	56180748	56	F	1	0	X	517508844
390807742	56177308	53	M	1	1	X	517662753
390813519	56177311	29	M	1	0	X	517662850
391009965	56183856	58	F	1	0	X	517507320
391118406	56181240	59	M	1	0	X	517507892
391118443	56181573	36	F	9	1	X	517507751
391118451	56185049	36	F	9	1	X	517507364
391118452	56185049	59	M	1	0	X	517507922
391186015	56183854	2	M	1	2	X	X
391186017	56183854	2	F	1	2	X	X
391186070	56180391	43	M	1	1	X	517508339
391186071	56180391	2	M	1	2	X	X
391186072	56180391	40	F	1	0	X	X
391186073	56180391	2	F	1	2	X	X
391261410	56179364	12	F	9	2	450096778	X
391415327	56178687	31	M	1	1	X	517507291
391415330	56178687	4	F	1	2	X	X
391415347	56178173	31	M	1	1	X	517662850
391415348	56178173	31	F	1	0	X	517662850
391415349	56178173	14	M	1	2	450091718	X
391415350	56178173	4	F	1	2	X	X
391415471	56183276	31	M	1	1	X	517508652
391415474	56183276	4	F	1	2	X	X
391415494	56178651	4	F	1	2	X	X
391415514	56178809	4	F	1	2	X	X
391415527	56178096	31	M	1	1	X	517507798
391415537	56183297	14	M	1	2	450096778	X
391596130	56182341	57	M	1	1	X	517508811
391596144	56178857	55	F	1	0	X	517508057
391596145	56178857	57	M	1	1	X	517508709
391596173	56178087	20	M	1	2	X	517508780
391596196	56180741	57	M	1	1	X	517507500
391596213	56178422	55	F	1	0	X	517508358
391596215	56178422	20	M	1	2	X	517662850
391596253	56184963	57	M	1	1	X	517507836
391596254	56184963	20	M	1	2	X	517507696
391649483	56180430	86	F	1	0	X	X
391738851	56177101	33	M	1	0	X	517508599
391738856	56183344	33	M	1	0	X	517508706
391738857	56178027	33	M	1	0	X	517662850
391738859	56178060	33	M	1	0	X	517663180
392033135	56181545	29	F	1	0	X	517507730
392033142	56177697	30	M	1	10	X	517662850
392033143	56177697	29	F	1	0	X	517662747
392033155	56180835	29	F	1	0	X	517507894
392033157	56177211	29	F	1	0	X	506317429
392033164	56180048	30	M	1	10	X	517508727
392033165	56180048	29	F	1	0	X	517507481
392033176	56177757	30	M	1	10	X	517663180
392033177	56177757	29	F	1	0	X	517508296
392033186	56181712	30	M	1	10	X	517508057
392033187	56181712	29	F	1	0	X	517508510
392033202	56179628	30	M	1	10	X	517508451
392033203	56179628	29	F	1	0	X	517508563
392033213	56180490	29	F	1	0	X	517507885
392033225	56178316	29	F	1	0	X	517662850
392033228	56178094	30	M	1	10	X	517508581
392033249	56185731	29	F	1	0	X	517508893
392033253	56178272	29	F	1	0	X	517508087
392033255	56183977	29	F	1	0	X	517508112
392033277	56183800	29	F	1	0	X	517507324
392074951	56181265	56	M	1	0	X	517508262
392074952	56181265	55	F	1	1	X	X
392074955	56182358	56	M	1	0	X	517507574
392074956	56182358	55	F	1	1	X	X
392074957	56185139	56	M	1	0	X	517508766
392074962	56180662	55	F	1	1	X	X
392074964	56176782	55	F	1	1	X	X
392343989	56176792	85	M	1	0	X	X
392403219	56180660	68	F	1	1	X	X
392403222	56179274	74	M	1	0	X	X
392403229	56179031	68	F	1	1	X	X
392403230	56179031	74	M	1	0	X	X
392583403	56179403	74	M	1	0	X	517507778
392583404	56181059	71	F	1	1	X	X
392583409	56177858	74	M	1	0	X	517508385
392583414	56178073	71	F	1	1	X	X
392583416	56182730	71	F	1	1	X	X
392583417	56182730	74	M	1	0	X	517508836
392583434	56177864	71	F	1	1	X	X
392779075	56181501	53	M	1	0	X	517508864
392779076	56181501	19	M	1	2	X	X
392779087	56180370	53	M	1	0	X	517508057
392779088	56180370	19	M	1	2	X	X
392987646	56178898	50	F	1	0	X	517508063
393297366	56182469	37	F	1	1	X	517507827
393297368	56182469	12	F	1	2	450096778	X
393297369	56182469	10	M	1	2	450096778	X
393297388	56182328	12	F	1	2	450091718	X
393297438	56182117	37	F	1	1	X	517508829
393297439	56182117	38	M	1	0	X	517508470
393297440	56182117	12	F	1	2	450096778	X
393297441	56182117	10	M	1	2	450096778	X
393297442	56183025	37	F	1	1	X	517507525
393297443	56183025	38	M	1	0	X	517508652
393297451	56182006	38	M	1	0	X	517507827
393297453	56182006	10	M	1	2	450096778	X
393397829	56177386	31	F	1	1	X	517662850
393397830	56177386	7	M	1	2	450091718	X
393397832	56177386	30	M	1	0	X	517663103
393397834	56176777	7	M	1	2	450096761	X
393397900	56185077	30	M	1	0	X	517507292
393530924	56177625	58	M	1	0	X	517662850
393530925	56177625	66	F	1	1	X	517508293
393530927	56184977	66	F	1	1	X	517663277
393530931	56181675	66	F	1	1	X	517508451
393561070	56179639	63	F	1	1	X	X
393561077	56183589	62	M	1	0	X	517508726
393711747	56182258	57	M	1	1	X	517508541
393711748	56182258	51	F	1	0	X	517508470
393711756	56185063	51	F	1	0	X	517507738
393711758	56183502	51	F	1	0	X	517507939
393711773	56184753	57	M	1	1	X	517508446
393711774	56184753	51	F	1	0	X	517508721
393711775	56185726	57	M	1	1	X	517507587
393758634	56179136	18	M	1	2	450096777	X
393758635	56179136	16	F	1	2	450096777	X
393758636	56179136	14	M	1	2	450096778	X
393758637	56179136	6	F	1	2	450096761	X
393758651	56185136	43	F	1	1	X	517508112
393758652	56185136	18	M	1	2	450096777	X
393758653	56185136	16	F	1	2	450096777	X
393758654	56185136	14	M	1	2	450091718	X
393758695	56181394	16	F	1	2	450096777	X
393758696	56181394	14	M	1	2	450096778	X
393758697	56181394	6	F	1	2	450096761	X
393758698	56181394	54	M	1	0	X	517507582
393758735	56182992	43	F	1	1	X	517507607
393758736	56182992	18	M	1	2	450096777	X
393758737	56182992	16	F	1	2	450096777	X
393758740	56182992	54	M	1	0	X	517508867
393972325	56181186	83	M	1	0	X	X
393972333	56179701	83	M	1	0	X	X
394523326	56178623	32	M	1	0	X	517663180
394523339	56179556	27	F	1	1	X	X
394523364	56183783	6	M	1	2	450096761	X
394523365	56183783	32	M	1	0	X	517508635
394535841	56179928	52	M	1	1	X	517508024
394745231	56184112	42	M	1	0	X	517508395
394745236	56185132	10	M	1	2	450091718	X
394745237	56185132	38	F	1	10	X	517508396
394745240	56178955	10	M	1	2	450096778	X
394745242	56178955	16	M	1	2	450096777	X
394745260	56180148	10	M	1	2	450091718	X
394745263	56180148	42	M	1	0	X	517508179
394745292	56180455	10	M	1	2	450096778	X
394745294	56180455	16	M	1	2	450096777	X
394745295	56180455	42	M	1	0	X	517508107
394745300	56181455	10	M	1	2	450096778	X
394745302	56181455	16	M	1	2	450096777	X
394745308	56184615	10	M	1	2	450091718	X
394745328	56184818	10	M	1	2	450091718	X
394745330	56184818	16	M	1	2	450096777	X
394745331	56184818	42	M	1	0	X	517662850
394745344	56182793	10	M	1	2	450091718	X
394745345	56182793	38	F	1	10	X	501427510
394745349	56176899	38	F	1	10	X	517662850
394745352	56182091	10	M	1	2	450091718	X
395024091	56179252	48	F	1	0	X	517508002
395024104	56178455	23	F	1	2	X	517662850
395024105	56178455	51	M	1	1	X	517507529
395024110	56183673	23	F	1	2	X	517507928
395111634	56181140	51	F	1	0	X	517508179
395111635	56181140	66	M	1	1	X	X
395111648	56181117	51	F	1	0	X	517663320
395111649	56181117	66	M	1	1	X	X
395111652	56184932	51	F	1	0	X	517508706
395111674	56184996	51	F	1	0	X	517662878
395111680	56183462	51	F	1	0	X	517508242
395111681	56183462	66	M	1	1	X	X
395111683	56185377	66	M	1	1	X	X
395111706	56182552	51	F	1	0	X	517508014
395111710	56185256	51	F	1	0	X	517507995
395111711	56185256	66	M	1	1	X	X
395111744	56184647	51	F	1	0	X	517507687
395111745	56184647	66	M	1	1	X	X
395111749	56177474	66	M	1	1	X	X
395289305	56179472	31	F	1	0	X	517508057
395289313	56180128	12	F	1	2	450091718	X
395289340	56177834	12	F	1	2	450100228	X
395289342	56177834	7	M	1	2	450100228	X
395289404	56183751	31	F	1	0	X	517507778
395289410	56178635	31	F	1	0	X	506980738
395289411	56178635	7	M	1	2	450091718	X
395289418	56179945	12	F	1	2	450091718	X
395289420	56179945	7	M	1	2	450091718	X
395289430	56177645	12	F	1	2	450097548	X
395289432	56177645	7	M	1	2	450096761	X
395289485	56178322	31	F	1	0	X	517663171
395289493	56179796	12	F	1	2	450091718	X
395458839	56181032	16	M	1	2	450058854	X
395458840	56181032	6	M	1	5	450096761	X
395458841	56181032	21	F	1	2	X	517507833
395458843	56181032	19	F	1	2	X	517508057
395458844	56181032	48	F	1	0	X	X
395458873	56181574	27	M	1	2	X	517663328
395684856	56184699	66	F	1	1	X	X
395684861	56178265	68	M	1	0	X	X
395684862	56178265	66	F	1	1	X	X
395684867	56184923	68	M	1	0	X	X
395684871	56182571	68	M	1	0	X	X
395684872	56182571	66	F	1	1	X	X
395798373	56179520	65	M	1	0	X	517508426
396262058	56178760	43	F	1	0	X	509156983
396262060	56184208	43	F	1	0	X	517508756
396262069	56181482	43	F	1	0	X	517508499
396384975	56178693	56	F	1	1	X	517509009
396659675	56181013	66	F	1	1	X	X
396659681	56179061	66	F	1	1	X	X
396659682	56179061	65	M	1	0	X	X
396659694	56181160	65	M	1	0	X	X
396659695	56181575	66	F	1	1	X	X
396659696	56181575	65	M	1	0	X	X
396734699	56178348	56	M	1	0	X	517507967
396734720	56185218	52	F	1	1	X	X
396734721	56185218	56	M	1	0	X	517508086
396734725	56185189	56	M	1	0	X	517508516
397067696	56178539	48	F	1	0	X	517508057
397067716	56182678	48	F	1	0	X	517507610
397067726	56177170	48	F	1	0	X	503065941
397067739	56178646	48	F	1	0	X	503067794
397067753	56182651	48	F	1	0	X	517507928
397134018	56180987	55	F	1	0	X	517508451
397162373	56177985	60	M	1	0	X	517662850
397162376	56185022	60	M	1	0	X	517508499
397162377	56180350	60	M	1	0	X	517508469
397162390	56182276	60	M	1	0	X	517662794
397162391	56180355	60	M	1	0	X	517507893
397162401	56184969	60	M	1	0	X	517507142
397162404	56180311	60	M	1	0	X	517508179
397162446	56180978	60	M	1	0	X	517662708
397745170	56182499	43	F	1	0	X	517508107
397745171	56182499	84	F	1	4	X	X
397806840	56181591	27	M	1	0	X	517663171
397806856	56178605	27	M	1	0	X	517508563
397983012	56180484	58	M	1	1	X	517508363
397983017	56178506	58	F	1	0	X	517662850
398012830	56180202	51	F	1	1	X	X
398012831	56180202	52	M	1	0	X	517508426
398012842	56179905	51	F	1	1	X	X
398012843	56179905	52	M	1	0	X	517508043
398012847	56180564	52	M	1	0	X	517508804
398169259	56181583	6	M	1	2	450096761	X
398169261	56181583	36	M	1	0	X	517663297
398169262	56181583	3	M	1	2	X	X
398193225	56176866	75	M	1	0	X	X
398193238	56179246	75	M	1	0	X	X
398253540	56182291	80	M	1	1	X	X
398253541	56182291	76	F	1	0	X	X
398301664	56180946	54	M	1	0	X	X
398304191	56177085	82	F	1	0	X	X
398304196	56177769	82	F	1	0	X	X
398419592	56179382	64	F	9	0	X	517663299
398771092	56180954	63	M	1	1	X	X
398771093	56180954	64	F	1	0	X	517507399
398771099	56185093	64	F	1	0	X	517507905
398771107	56178276	64	F	1	0	X	517662847
398889981	56180830	66	M	1	1	X	X
398889996	56182070	57	F	1	0	X	X
398890002	56182386	57	F	1	0	X	X
398890003	56182386	66	M	1	1	X	X
399237160	56180548	57	F	1	1	X	517508744
399237164	56178345	57	F	1	1	X	517662693
399286663	56181547	30	M	1	0	X	514185544
399319083	56183428	7	M	1	2	450096761	X
399319084	56183428	34	M	1	10	X	517507324
399319085	56183428	28	F	1	0	X	517508477
399319112	56178484	28	F	1	0	X	517662850
399319119	56183388	7	M	1	2	450096761	X
399319121	56183388	28	F	1	0	X	517507587
399319124	56184088	28	F	1	0	X	517508357
399319140	56184461	7	M	1	2	450096761	X
399319144	56181768	34	M	1	10	X	517508071
399319145	56181768	28	F	1	0	X	517663328
399319158	56183889	7	M	1	2	450096761	X
399319159	56183889	34	M	1	10	X	501427779
399319160	56183889	28	F	1	0	X	517508038
399319171	56178457	34	M	1	10	X	517509372
399319172	56178457	28	F	1	0	X	517507696
399319183	56181754	34	M	1	10	X	517508247
399319266	56183772	7	M	1	2	450096761	X
399319278	56185714	7	M	1	2	450091718	X
399319280	56185714	28	F	1	0	X	517508049
399319305	56183840	7	M	1	2	450096761	X
399319341	56176894	7	M	1	2	450096761	X
399319343	56176894	28	F	1	0	X	517663112
399319351	56176789	34	M	1	10	X	517662919
399319352	56176789	28	F	1	0	X	517508014
399319362	56178018	7	M	1	2	450100228	X
399319364	56178018	28	F	1	0	X	517508086
399512666	56183822	27	M	1	0	X	517508107
399512667	56183822	27	F	1	1	X	X
399512669	56183822	3	F	1	2	X	X
399681053	56183572	53	M	1	1	X	517508287
399681054	56183572	18	F	1	2	X	517507819
399982836	56176965	39	M	1	0	X	517508238
399982837	56176965	6	F	1	2	450058854	X
399982838	56176965	30	F	1	10	X	517662850
399982880	56180728	39	M	1	0	X	517507582
399982882	56180728	30	F	1	10	X	517507892
399982892	56185647	39	M	1	0	X	517507318
399982893	56185647	6	F	1	2	450058854	X
399982894	56185647	30	F	1	10	X	517508882
399982902	56185716	30	F	1	10	X	517508843
400027448	56179210	76	F	1	0	X	X
400431889	56178499	65	M	1	0	X	X
400431890	56178499	63	F	1	1	X	517507618
400431899	56180953	65	M	1	0	X	X
400431900	56180953	63	F	1	1	X	517663095
400863342	56180551	55	M	1	0	X	517508470
400863354	56180525	55	M	1	0	X	517508057
400863374	56180796	55	M	1	0	X	517507703
400863382	56180674	55	M	1	0	X	517662919
401138814	56181072	19	F	1	2	X	517507516
401138815	56181072	40	F	1	0	X	517508296
401138816	56181072	52	M	1	1	X	517508694
401138821	56182921	40	F	1	0	X	517508800
401138822	56182921	52	M	1	1	X	517507481
401138832	56179495	19	F	1	2	X	517507346
401138834	56179495	52	M	1	1	X	517508002
401138836	56184296	40	F	1	0	X	517508466
401138837	56184296	52	M	1	1	X	517508727
401138850	56179548	19	F	1	2	X	517663338
401138852	56179548	52	M	1	1	X	517507912
401138868	56185619	19	F	1	2	X	517507904
401138869	56185619	40	F	1	0	X	517508647
401138870	56185619	52	M	1	1	X	517508404
401138872	56184475	40	F	1	0	X	517508109
401138880	56183121	19	F	1	2	X	517507785
401138882	56183121	52	M	1	1	X	517662850
401138893	56184942	40	F	1	0	X	517508057
401138946	56182412	19	F	1	2	X	506881793
401138949	56184720	19	F	1	2	X	517508103
401138950	56184720	40	F	1	0	X	517508652
401138951	56184720	52	M	1	1	X	517508532
401138970	56185650	19	F	1	2	X	517507772
401138982	56184897	19	F	1	2	X	517507580
401138983	56184897	40	F	1	0	X	517507281
401138984	56184897	52	M	1	1	X	517507582
401138986	56183143	40	F	1	0	X	517507928
401138992	56185341	40	F	1	0	X	517508014
401138997	56178880	19	F	1	2	X	517508002
401388472	56185276	52	M	1	0	X	517508247
401388475	56183214	50	F	1	1	X	X
401471200	56178713	72	F	1	0	X	X
401471203	56177247	72	F	1	0	X	X
401471207	56180115	72	F	1	0	X	X
401471218	56180268	72	F	1	0	X	X
401489834	56184217	79	F	1	0	X	X
401524405	56183659	34	M	1	0	X	517507987
401524407	56178303	34	M	1	0	X	509158401
401524424	56183267	34	M	1	0	X	517508339
401524425	56180056	34	M	1	0	X	517507390
401524431	56177508	34	M	1	0	X	517662863
401524439	56177118	34	M	1	0	X	517662850
401524446	56177490	34	M	1	0	X	517509381
401524447	56176823	34	M	1	0	X	517663174
401524450	56184329	34	M	1	0	X	517508057
401618367	56178946	22	F	1	2	X	X
401618369	56178946	48	F	1	0	X	517507798
401657614	56177404	50	M	1	1	X	X
401657615	56177404	50	F	1	0	X	517662701
401657617	56181853	50	F	1	0	X	517508495
401657620	56182260	50	M	1	1	X	X
401657624	56182457	50	M	1	1	X	X
401657625	56182457	50	F	1	0	X	517663313
401657644	56184782	50	M	1	1	X	X
401657645	56184782	50	F	1	0	X	517508394
401657646	56181818	50	M	1	1	X	X
401657652	56180189	50	M	1	1	X	X
401667214	56178414	56	F	1	1	X	X
401667215	56178414	58	M	1	0	X	X
401667244	56183057	56	F	1	1	X	X
401667247	56178452	58	M	1	0	X	X
401667256	56182985	56	F	1	1	X	X
401804407	56183156	11	F	1	2	450091718	X
401804408	56183156	11	M	1	2	450091718	X
401804409	56183156	52	F	1	0	X	517508166
401804435	56181738	11	F	1	2	450096778	X
401804436	56181738	11	M	1	2	450096778	X
401993086	56179680	57	M	1	0	X	X
401993112	56183278	57	M	1	0	X	X
402449982	56181733	70	F	1	1	X	X
402449994	56185123	70	F	1	1	X	X
402603280	56181099	9	F	1	2	450091718	X
402603281	56181099	12	M	1	2	450096778	X
402603282	56181099	36	M	1	0	X	517508458
402621564	56183875	10	M	1	2	450096778	X
402621565	56183875	8	M	1	2	450096761	X
402621581	56184167	31	F	1	0	X	517508540
402621583	56183981	8	M	1	2	450091718	X
402621584	56183981	31	F	1	0	X	517507299
402621594	56184043	10	M	1	2	450096778	X
402621596	56184043	31	F	1	0	X	501425677
402701691	56181965	39	M	1	1	X	517508470
402701692	56181965	43	F	1	0	X	X
402701696	56184406	43	F	1	0	X	X
402859168	56184256	75	M	1	0	X	X
402859169	56184256	73	F	1	1	X	X
402883715	56184528	24	M	1	0	X	517507587
402883725	56185436	24	M	1	0	X	517508763
402883726	56180717	24	M	1	0	X	514201250
402883729	56184971	24	M	1	0	X	517663309
402883732	56184405	24	M	1	0	X	517662850
402883733	56181793	24	M	1	0	X	517508426
402883736	56183077	24	M	1	0	X	517507921
402883738	56181051	24	M	1	0	X	517508451
402883740	56178008	24	M	1	0	X	517508002
402883748	56181757	24	M	1	0	X	517507827
402883755	56183027	24	M	1	0	X	517509363
402883761	56183452	24	M	1	0	X	517508360
402883762	56183608	24	M	1	0	X	517507696
402883766	56180977	24	M	1	0	X	517508495
403013755	56180020	60	M	1	1	X	517507303
403013775	56178709	60	M	1	1	X	517662701
403021128	56180135	51	M	1	0	X	517509381
403021133	56180691	48	F	6	1	X	X
403021148	56178134	51	M	1	0	X	517508804
403021149	56183255	48	F	6	1	X	X
403021150	56183255	51	M	1	0	X	517508364
403021153	56181336	48	F	6	1	X	X
403021154	56181336	51	M	1	0	X	517508643
403021157	56180172	48	F	6	1	X	X
403124753	56178761	66	M	1	1	X	X
403124754	56178761	66	F	1	0	X	X
403124765	56180238	66	M	1	1	X	X
403124766	56180238	66	F	1	0	X	X
403124782	56178298	66	F	1	0	X	X
403160212	56182010	57	F	1	1	X	506880798
403160213	56182010	61	M	1	0	X	X
403160214	56185595	57	F	1	1	X	517507587
403160215	56185595	61	M	1	0	X	X
403242330	56184215	72	F	1	1	X	X
403242357	56182208	75	M	1	0	X	X
403242358	56182208	72	F	1	1	X	X
403501186	56179017	66	F	1	1	X	517508749
403501187	56179017	67	M	1	0	X	X
403501193	56184953	67	M	1	0	X	X
403527375	56179199	54	F	1	0	X	517508415
403564131	56177128	62	M	1	0	X	X
403564143	56180833	62	M	1	0	X	X
403603508	56177531	85	F	1	0	X	X
403623519	56179366	68	F	1	0	X	517507587
403623520	56179366	70	M	1	1	X	X
403897089	56185247	50	M	8	0	X	517508330
403897090	56184479	50	M	8	0	X	517508451
404116664	56181809	22	M	1	12	X	517508355
404116703	56178932	22	M	1	12	X	517508281
404116704	56178932	58	M	1	0	X	517663295
404116741	56179099	47	F	1	1	X	X
404116742	56179099	22	M	1	12	X	517508293
404116744	56182415	47	F	1	1	X	X
404116745	56182415	22	M	1	12	X	517508756
404376353	56181812	9	F	1	2	450091718	X
404376356	56181812	1	M	1	2	X	X
404376357	56181812	14	M	1	2	450096778	X
404376358	56181812	36	F	1	0	X	517508043
404376359	56181812	1	M	1	2	X	X
404376360	56181812	6	M	1	2	450058854	X
404520315	56184400	36	F	1	0	X	517507544
404520317	56182332	36	F	1	0	X	517507621
404520321	56184798	36	F	1	0	X	517508804
404520325	56184250	36	F	1	0	X	517662860
404520339	56184483	36	F	1	0	X	517508462
404520340	56184487	36	F	1	0	X	501427761
404531463	56177389	57	F	1	1	X	503067794
404531464	56177389	63	M	1	0	X	517507623
404533661	56184173	43	M	1	0	X	517508107
404533679	56184587	43	M	1	0	X	517508040
404533690	56181417	43	M	1	0	X	517508881
404533691	56184484	43	M	1	0	X	517508844
404533696	56179318	43	M	1	0	X	517508057
404533703	56181430	43	M	1	0	X	517507582
404533706	56183223	43	M	1	0	X	517507696
404533707	56182411	43	M	1	0	X	517508014
404641295	56181207	15	F	1	2	450096777	X
404641296	56181207	11	F	1	2	450096778	X
404641329	56177736	49	F	1	1	X	517662833
404641343	56184815	15	F	1	2	450096777	X
404641344	56184815	11	F	1	2	450091718	X
404641345	56184815	49	F	1	1	X	517508637
404641395	56185725	15	F	1	2	450096777	X
404641397	56185725	49	F	1	1	X	517508315
404641398	56185725	53	M	1	0	X	517507928
404710627	56177270	51	M	1	1	X	X
404710628	56177270	13	M	1	2	450096778	X
404710630	56177270	23	M	1	2	X	X
404710674	56183473	21	F	1	2	X	X
404710676	56183473	46	F	1	0	X	517507329
404730758	56181876	63	F	1	1	X	X
404730765	56177660	60	M	1	0	X	517663173
404782898	56182128	58	M	9	1	X	517508014
404782899	56182128	56	F	1	0	X	X
404836397	56183725	16	F	1	2	450096777	X
404836398	56183725	51	F	1	1	X	517508485
404836401	56184008	51	F	1	1	X	517508027
404836410	56178969	51	F	1	1	X	517507948
404836436	56183640	16	F	1	2	450096777	X
404836443	56179599	51	F	1	1	X	517508043
404836446	56182353	51	F	1	1	X	517508426
404836494	56183747	51	F	1	1	X	517508097
404836544	56184858	16	F	1	2	450096777	X
404836587	56180727	51	F	1	1	X	517507717
404836594	56180207	52	M	1	0	X	517508415
404836596	56180207	51	F	1	1	X	517663330
404836656	56179966	51	F	1	1	X	517663323
404836682	56184143	16	F	1	2	450096777	X
404836684	56183066	52	M	1	0	X	517663324
404836685	56183066	16	F	1	2	450096777	X
404836686	56183066	51	F	1	1	X	517508802
405000590	56177552	56	F	1	10	X	X
405000609	56183790	59	M	1	0	X	517507772
405000610	56182422	56	F	1	10	X	X
405000611	56182422	59	M	1	0	X	517508537
405047870	56178520	24	M	1	0	X	506980204
405047872	56177956	24	M	1	0	X	517507766
405047875	56184248	24	M	1	0	X	517508426
405047884	56183231	24	M	1	0	X	517508624
405047891	56184340	24	M	1	0	X	501428504
405047899	56177952	24	M	1	0	X	517507884
405047923	56184595	24	M	1	0	X	517507571
405047934	56184535	24	M	1	0	X	517508683
405077715	56184346	16	M	1	12	450096777	X
405077717	56184346	34	F	1	10	X	517508057
405597769	56185537	82	F	6	1	X	X
405597783	56184719	82	F	6	1	X	X
405597784	56184719	87	M	6	0	X	X
405770160	56179657	43	F	1	2	X	X
405770162	56179657	45	F	1	2	X	X
405936469	56178337	1	F	1	2	X	X
405936470	56178337	25	M	1	0	X	517663095
405936514	56180290	1	F	1	2	X	X
405936571	56176921	1	F	1	2	X	X
405936597	56177518	24	F	1	1	X	517662747
405936598	56177518	1	F	1	2	X	X
405936599	56177518	25	M	1	0	X	517662850
405945609	56182196	36	F	1	0	X	517507673
405945615	56179479	36	F	1	0	X	517507539
405945623	56181299	36	F	1	0	X	517662850
406090648	56180781	57	F	1	1	X	X
406090649	56180781	57	M	1	0	X	517507261
406428154	56180557	58	M	1	0	X	517663328
406490811	56183110	5	M	1	2	450058854	X
406490826	56176875	3	F	1	2	X	X
406490829	56176875	5	M	1	2	450058854	X
406490830	56176875	31	M	1	0	X	517508672
406490831	56176875	29	F	1	1	X	X
406624385	56177935	62	M	2	0	X	X
406624386	56177829	53	F	1	1	X	517508773
406624390	56177900	53	F	1	1	X	517663145
406624393	56177803	62	M	2	0	X	X
406624395	56177806	62	M	2	0	X	X
406624398	56177872	53	F	1	1	X	517662607
406624399	56177872	62	M	2	0	X	X
406624410	56178026	53	F	1	1	X	517662923
406624416	56177953	53	F	1	1	X	517662741
406624426	56178069	53	F	1	1	X	517508520
406624431	56178043	62	M	2	0	X	X
406624454	56177928	53	F	1	1	X	517663173
406624455	56177928	62	M	2	0	X	X
406624456	56177905	53	F	1	1	X	517508351
406624457	56177905	62	M	2	0	X	X
406624462	56177865	53	F	1	1	X	517663173
406624476	56178040	53	F	1	1	X	517662753
406624477	56178040	62	M	2	0	X	X
406714571	56180286	1	F	1	2	X	X
406819138	56178426	30	F	1	0	X	517508002
406819139	56178426	31	M	1	1	X	503069091
406878874	56183293	1	M	9	2	X	X
406878875	56183293	21	F	1	0	X	517508451
406878876	56183293	24	M	9	10	X	517507984
406878883	56184205	1	M	9	2	X	X
406878884	56184205	21	F	1	0	X	517663282
406878931	56184056	1	M	9	2	X	X
406878933	56184056	24	M	9	10	X	517508721
407220401	56184959	63	F	1	1	X	501428199
407220402	56184959	65	M	1	0	X	X
407220404	56176797	65	M	1	0	X	X
407220414	56177708	65	M	1	0	X	X
407220415	56185476	63	F	1	1	X	517663315
407220416	56185476	65	M	1	0	X	X
407231398	56185099	59	F	1	0	X	517507733
407231416	56182149	59	F	1	0	X	517507502
407542388	56185318	28	M	9	0	X	X
407545148	56183024	55	F	1	1	X	X
407742879	56182429	58	F	1	0	X	X
407742893	56177520	58	F	1	0	X	X
407750185	56185588	63	F	1	0	X	517662923
407750198	56184752	67	M	1	1	X	517507717
407750199	56181416	63	F	1	0	X	517508057
407750204	56178511	67	M	1	1	X	517662868
407768109	56178119	52	F	1	1	X	517508014
407768110	56178119	56	M	1	0	X	517508015
407768117	56184725	52	F	1	1	X	517507681
407768118	56184725	56	M	1	0	X	517508426
407856687	56177528	15	F	1	2	450096777	X
407856689	56177528	11	F	1	2	450097548	X
407856691	56177528	39	F	1	0	X	517508533
407898752	56179349	51	M	1	0	X	517508525
407898753	56179349	52	F	1	1	X	517508802
407898756	56177119	51	M	1	0	X	517662850
407898764	56185275	51	M	1	0	X	517662850
407898765	56185275	52	F	1	1	X	517663180
407898769	56177693	52	F	1	1	X	503022728
407898776	56178104	51	M	1	0	X	517508739
407898777	56178104	52	F	1	1	X	517662741
408051708	56179679	44	M	1	2	X	X
408051710	56179679	67	F	1	0	X	X
408548711	56177333	34	F	1	0	X	517662923
408548713	56177333	11	M	1	2	450058854	X
408548723	56179617	34	F	1	0	X	517508764
408548725	56179617	11	M	1	2	450058854	X
408548730	56184104	12	F	1	2	450096778	X
408548731	56184104	11	M	1	2	450058645	X
408548748	56184499	12	F	1	2	450096778	X
408857487	56182530	40	M	1	0	X	517507655
408857497	56182632	18	F	1	2	450096777	X
408987867	56183086	45	F	1	0	X	501427950
408987887	56182917	45	F	1	0	X	517508426
409855047	56179137	52	F	1	0	X	517508002
409855048	56179137	52	M	1	10	X	517508202
409855049	56179118	52	F	1	0	X	517507997
409855050	56179118	52	M	1	10	X	517508426
409855068	56182973	52	M	1	10	X	517508002
409855078	56181403	52	M	1	10	X	517662850
409855082	56182295	52	M	1	10	X	517507864
410133792	56176923	7	M	1	2	450096761	X
410133795	56176923	24	F	1	1	X	X
410133801	56180413	5	M	1	2	450096761	X
410133802	56180413	27	M	1	0	X	517507621
410133803	56180413	24	F	1	1	X	X
410246942	56180137	29	F	1	0	X	517507744
410936567	56179016	16	F	1	7	450096777	X
410936569	56179016	55	F	1	0	X	X
410936597	56184937	16	F	1	7	450096777	X
410936598	56184937	56	M	1	1	X	517508775
410936599	56184937	55	F	1	0	X	X
410936600	56179170	16	F	1	7	450096777	X
410936602	56179170	55	F	1	0	X	X
410936610	56185090	56	M	1	1	X	517508092
410936628	56178679	56	M	1	1	X	517508200
411122666	56182319	59	M	1	0	X	X
411122667	56182319	55	F	1	1	X	517508498
411122686	56180734	59	M	1	0	X	X
411315866	56183004	50	M	1	0	X	517508345
411315878	56185213	50	M	1	0	X	517507749
411315879	56185213	47	F	1	1	X	X
411315881	56184739	50	M	1	0	X	517508066
411315882	56184739	47	F	1	1	X	X
411315905	56184867	50	M	1	0	X	517508180
411315906	56184867	47	F	1	1	X	X
411315908	56176995	50	M	1	0	X	517507643
411315909	56176995	47	F	1	1	X	X
411315910	56176995	14	M	1	2	450096777	X
411315935	56177773	50	M	1	0	X	517507587
411315936	56177773	47	F	1	1	X	X
411396491	56185571	49	M	1	0	X	517508057
411396498	56185059	51	F	1	10	X	517508794
411396501	56181653	49	M	1	0	X	517507506
411396519	56180415	49	M	1	0	X	517507497
411396520	56180415	51	F	1	10	X	517507363
411396523	56181282	49	M	1	0	X	517508499
411396524	56181282	51	F	1	10	X	517508670
411396531	56180601	49	M	1	0	X	517663153
411396532	56180601	51	F	1	10	X	517662896
411396534	56181094	51	F	1	10	X	517507281
411527941	56180532	72	M	1	0	X	517507355
411527956	56177725	72	M	1	0	X	503067725
411647687	56177891	70	F	1	0	X	X
411647691	56179539	70	F	1	0	X	X
411647693	56183234	70	F	1	0	X	X
411647704	56179123	70	F	1	0	X	X
411715613	56178697	48	M	1	0	X	517508588
411715636	56177650	56	F	1	1	X	517662923
411869359	56177763	61	M	1	0	X	X
411869360	56177763	54	F	1	1	X	X
411869363	56179914	61	M	1	0	X	X
411869364	56179914	54	F	1	1	X	X
412232092	56182928	23	F	1	2	X	501427859
412232093	56182928	44	F	1	1	X	517508766
412232094	56180117	44	M	1	0	X	517508481
412232095	56180117	17	M	1	2	450096777	517507547
412248801	56178004	26	M	1	0	X	517662850
412248811	56180283	26	M	1	0	X	517507697
412248822	56178432	26	M	1	0	X	517662850
412248831	56177282	26	M	1	0	X	517507663
412248832	56176770	26	M	1	0	X	517508804
412248843	56183437	26	M	1	0	X	517508293
412248856	56183779	26	M	1	0	X	517508701
412248868	56177468	26	M	1	0	X	517508063
412248878	56180271	26	M	1	0	X	517508483
412248881	56180273	26	M	1	0	X	517508881
412276475	56183109	57	M	1	1	X	517508852
412276495	56183892	57	M	1	1	X	517508813
412276496	56179647	50	F	1	0	X	517507324
412276498	56181320	50	F	1	0	X	517662798
412276499	56181320	57	M	1	1	X	517508541
412276506	56183186	50	F	1	0	X	517507721
412276507	56183186	57	M	1	1	X	517507344
412387056	56183927	30	F	1	10	X	501427779
412387064	56183821	30	F	1	10	X	517508633
412387065	56183821	39	M	1	0	X	517508072
412387072	56183019	30	F	1	10	X	517663095
412387082	56183165	30	F	1	10	X	517508676
412387083	56183165	39	M	1	0	X	517508278
412387090	56184255	30	F	1	10	X	517508002
412387091	56184255	39	M	1	0	X	517663259
412387096	56181181	30	F	1	10	X	517507879
412387097	56181181	39	M	1	0	X	517507833
412387104	56180764	30	F	1	10	X	517663328
412387105	56180764	39	M	1	0	X	517507582
412387114	56180990	30	F	1	10	X	517507897
412387115	56180990	39	M	1	0	X	517508057
412387118	56184195	30	F	1	10	X	517506616
412387136	56180440	30	F	1	10	X	517508727
412387137	56180440	39	M	1	0	X	517507355
412387146	56183065	30	F	1	10	X	517508426
412387152	56182738	30	F	1	10	X	517508215
412387162	56180491	30	F	1	10	X	517662923
412387163	56180491	39	M	1	0	X	506980036
412387179	56179513	39	M	1	0	X	517508179
412623776	56182475	61	M	1	10	X	517663184
412628586	56179059	4	M	9	8	X	X
412628588	56179059	74	M	1	1	X	X
412628609	56185612	69	F	1	0	X	517508374
412628610	56185612	25	F	9	8	X	X
413076117	56180429	56	M	1	0	X	517507843
413076118	56180429	62	F	1	1	X	517508349
413076124	56182221	62	F	1	1	X	517663315
413076131	56183423	56	M	1	0	X	517663282
413076132	56183423	62	F	1	1	X	517508107
413076145	56182135	56	M	1	0	X	517507265
413076146	56182135	62	F	1	1	X	517508408
413231811	56184765	67	M	1	0	X	517507833
413231840	56179139	50	F	1	1	X	X
413231841	56179139	67	M	1	0	X	517508783
413231848	56177674	50	F	1	1	X	X
413231849	56177674	67	M	1	0	X	517507948
413231856	56179950	50	F	1	1	X	X
413231857	56179950	67	M	1	0	X	517508088
413231858	56177571	50	F	1	1	X	X
413263286	56182719	24	F	1	0	X	517508057
413263287	56182719	2	M	1	2	X	X
413274406	56182315	42	F	1	1	X	514201259
413274408	56182315	16	F	1	2	450096777	517508470
413274409	56182315	13	M	1	2	450096778	X
413274410	56182315	18	F	1	2	450096777	517507751
413798907	56183593	23	M	1	8	X	X
413798908	56183593	22	M	1	0	X	517662798
414168108	56178280	64	M	1	0	X	517508499
414168109	56178280	56	F	1	1	X	517662923
414168112	56177592	64	M	1	0	X	517663177
414168113	56177592	56	F	1	1	X	517662850
414257252	56179502	49	M	1	0	X	517508569
414526643	56184197	35	M	1	0	X	517508290
414526650	56183883	35	M	1	0	X	517662730
414526651	56179466	35	M	1	0	X	517508463
414526660	56179819	35	M	1	0	X	517663273
414713855	56177752	82	F	1	1	X	X
414713856	56177752	79	M	1	0	X	X
414917443	56182707	50	M	1	0	X	X
414917444	56182707	3	F	1	5	X	X
414917458	56182988	50	M	1	0	X	X
414917459	56182988	3	F	1	5	X	X
414917460	56178787	26	M	1	2	X	517508871
414917462	56178787	3	F	1	5	X	X
414931260	56185701	29	M	8	0	X	517508701
414931266	56184982	29	M	8	0	X	517507827
414931273	56184333	26	F	1	1	X	X
414931284	56184318	29	M	8	0	X	517508057
414931290	56184337	29	M	8	0	X	517508069
414931291	56184337	26	F	1	1	X	X
414931300	56184472	29	M	8	0	X	517508353
414931301	56184472	26	F	1	1	X	X
414931302	56184407	29	M	8	0	X	517507293
414931304	56184280	29	M	8	0	X	517507364
414931306	56184590	29	M	8	0	X	517508063
414931342	56184814	29	M	8	0	X	517508110
414931345	56184457	26	F	1	1	X	X
414931349	56185187	26	F	1	1	X	X
414931381	56184270	26	F	1	1	X	X
414931382	56185653	29	M	8	0	X	517507928
414931383	56185653	26	F	1	1	X	X
414957553	56185207	65	M	1	0	X	X
414957561	56184343	65	M	1	0	X	X
414957563	56178923	65	M	1	0	X	X
415000490	56181228	34	M	1	0	X	517508014
415000491	56181228	32	F	1	1	X	517508345
415000494	56180021	34	M	1	0	X	517663183
415000496	56183567	34	M	1	0	X	517508200
415000527	56183692	32	F	1	1	X	517507785
415115892	56177069	56	F	1	1	X	517508804
415115893	56177069	72	M	1	0	X	517662923
415115894	56185671	56	F	1	1	X	517508589
415115919	56177561	72	M	1	0	X	517508810
415115944	56185391	56	F	1	1	X	517507812
415115945	56185391	72	M	1	0	X	517508008
415115946	56184627	56	F	1	1	X	517507784
415115947	56184627	72	M	1	0	X	517508426
415115950	56180169	56	F	1	1	X	506881840
415115958	56178016	56	F	1	1	X	517662850
415536299	56177808	62	M	1	0	X	517662927
415536303	56181213	62	M	1	0	X	506979768
415536307	56181187	62	M	1	0	X	517507481
415536314	56181488	62	M	1	0	X	517662730
415536325	56181953	62	M	1	0	X	517507324
415627525	56183520	78	M	1	6	X	X
415627526	56183520	46	F	1	0	X	X
415627527	56183520	44	M	1	1	X	517508510
415627534	56183839	46	F	1	0	X	X
415627536	56183839	13	M	1	2	450096778	X
415627554	56179280	46	F	1	0	X	X
415627557	56179574	78	M	1	6	X	X
415627558	56179574	46	F	1	0	X	X
415627559	56179574	44	M	1	1	X	517508293
415627665	56184726	78	M	1	6	X	X
415847439	56178683	92	M	1	0	X	X
416060752	56176856	60	M	1	1	X	X
416060756	56183132	60	M	1	1	X	X
416060770	56185695	60	M	1	1	X	X
416060771	56185695	60	F	1	0	X	517507677
416105764	56184458	37	M	8	0	X	X
416105768	56184421	0	F	9	2	X	X
416105769	56184421	50	F	1	1	X	517509381
416105774	56184404	0	F	9	2	X	X
416105775	56184404	50	F	1	1	X	517663278
416105781	56184252	50	F	1	1	X	517508110
416187825	56184260	79	F	1	0	X	X
416222330	56179892	5	M	1	2	450096761	X
416222331	56179892	34	F	1	0	X	517507582
416222332	56179892	13	M	1	2	450091718	X
416222341	56178234	35	M	1	1	X	517662725
416222343	56178234	34	F	1	0	X	503065040
416222344	56178234	13	M	1	2	450091718	X
416222360	56183318	13	M	1	2	450096778	X
416241472	56183701	21	F	1	1	X	X
416241477	56181088	26	M	1	0	X	517507502
416366458	56182009	53	M	1	2	X	517507928
416366478	56176891	77	F	1	0	X	X
416366481	56177123	77	F	1	0	X	X
416366491	56184629	53	M	1	2	X	517663318
416448732	56180336	56	F	1	0	X	517507827
416448752	56177075	56	F	1	0	X	517508538
416448753	56178704	56	F	1	0	X	517508739
416631278	56182333	10	M	1	2	450091718	X
416631279	56182333	6	M	1	2	450096761	X
416631282	56182333	8	F	1	2	450091718	X
416631314	56180400	6	M	1	2	450096761	X
416631317	56180400	8	F	1	2	450091718	X
416631358	56181978	10	M	1	2	450091718	X
416631359	56181978	6	M	1	2	450096761	X
416631361	56181978	43	M	1	1	X	517662883
416750763	56184202	28	M	1	0	X	517508727
416750796	56184372	27	F	1	10	X	517508710
416750797	56184372	28	M	1	0	X	517508290
416750799	56176793	28	M	1	0	X	517507826
416750807	56184444	28	M	1	0	X	517508601
416750836	56177569	27	F	1	10	X	517662850
416750849	56184348	28	M	1	0	X	517507801
416961490	56182202	33	F	1	1	X	X
416961492	56182202	6	F	1	2	450096761	X
417051867	56181102	49	M	1	0	X	517507503
417051868	56181102	46	F	1	1	X	517662692
417051886	56183442	46	F	1	1	X	517508260
417127721	56185409	59	M	1	1	X	517507629
417127726	56179267	58	F	1	0	X	517663095
417127727	56179267	59	M	1	1	X	517508499
417222166	56185591	57	F	1	1	X	517508235
417222167	56185591	57	M	1	0	X	517507928
417222182	56176928	57	F	1	1	X	517663180
417222183	56176928	57	M	1	0	X	517507397
417222191	56178701	57	M	1	0	X	503022692
417222197	56179032	57	M	1	0	X	517508009
417222198	56179122	57	F	1	1	X	517508353
417222200	56181677	57	F	1	1	X	517507744
417222201	56181677	57	M	1	0	X	517508499
417253922	56178221	5	F	1	2	450094430	X
417253923	56178221	0	M	1	2	X	X
417253954	56177816	3	M	1	2	X	X
417526776	56185248	44	F	1	0	X	517508110
417526777	56185248	46	M	1	1	X	517508166
417526788	56180793	44	F	1	0	X	517508792
417526790	56180793	18	M	1	2	X	517507272
417526797	56184875	44	F	1	0	X	517508426
417526799	56184875	18	M	1	2	X	517507952
417526800	56179381	44	F	1	0	X	517508804
417526802	56179381	18	M	1	2	X	517508563
417526810	56179922	46	M	1	1	X	514203994
417526811	56179922	18	M	1	2	X	517508499
417526815	56178998	44	F	1	0	X	517508156
417526816	56178998	46	M	1	1	X	517508379
417526817	56178998	18	M	1	2	X	517508867
417526818	56182391	44	F	1	0	X	517508002
417526820	56182391	18	M	1	2	X	517507878
417571650	56184149	1	F	1	2	X	X
417571652	56184149	28	M	1	1	X	517663258
417696316	56181055	77	F	1	0	X	X
417696335	56184212	80	M	1	1	X	517507827
417696350	56183959	77	F	1	0	X	X
417696351	56183959	80	M	1	1	X	517508110
417970143	56180027	45	F	1	1	X	X
417970144	56180027	49	M	1	0	X	517507815
417970161	56183184	19	M	1	2	X	517508289
417970162	56183184	24	M	1	2	X	517507922
417970164	56183184	49	M	1	0	X	517507954
417970169	56182953	19	M	1	2	X	517508884
417970171	56182953	45	F	1	1	X	X
418043166	56177317	57	F	1	0	X	517508752
418043167	56177317	57	M	1	1	X	517663273
418043168	56181822	57	F	1	0	X	517662850
418043169	56181822	57	M	1	1	X	517508408
418043192	56180060	57	F	1	0	X	517507933
418043197	56178335	57	M	1	1	X	517662850
418043204	56180426	57	F	1	0	X	517508179
418043208	56182193	57	F	1	0	X	517508057
418095298	56180287	60	F	1	1	X	X
418095300	56184946	60	F	1	1	X	X
418095308	56184888	60	F	1	1	X	X
418095309	56184888	57	M	1	0	X	X
418095314	56178063	60	F	1	1	X	X
418095367	56181897	57	M	1	0	X	X
418147186	56179869	69	M	1	1	X	X
418147187	56179869	70	F	1	0	X	X
418147190	56184981	69	M	1	1	X	X
418147191	56184981	70	F	1	0	X	X
418147196	56178568	69	M	1	1	X	X
418147198	56176931	69	M	1	1	X	X
418147199	56176931	70	F	1	0	X	X
418147208	56179430	69	M	1	1	X	X
418147211	56179157	70	F	1	0	X	X
418147276	56182908	69	M	1	1	X	X
418147277	56182908	70	F	1	0	X	X
418353917	56176776	11	M	1	2	450096778	X
418353919	56176776	33	M	1	1	X	517508804
418353920	56176776	5	F	1	2	450096761	X
418353931	56184225	5	M	1	2	450096761	X
418353933	56184225	33	F	1	0	X	517508002
418353934	56184225	33	M	1	1	X	517507932
418353935	56184225	5	F	1	2	450096761	X
418470383	56185272	47	F	1	1	X	X
418470385	56185449	47	F	1	1	X	X
418470386	56185449	48	M	1	0	X	517507721
418543289	56180587	56	M	1	1	X	517507847
418543290	56180587	54	F	1	0	X	517663252
418543305	56182104	56	M	1	1	X	517508451
418543306	56182104	54	F	1	0	X	506878239
418578312	56180995	69	M	1	0	X	X
418578326	56179428	69	M	1	0	X	X
418578331	56180740	69	M	1	0	X	X
418578337	56182654	69	M	1	0	X	X
418731530	56183016	39	M	1	0	X	517507827
418731532	56176975	39	M	1	0	X	517662847
418731542	56182702	39	M	1	0	X	517508525
418731551	56179841	39	M	1	0	X	517508227
418731554	56181810	39	M	1	0	X	517508408
418731559	56185343	39	M	1	0	X	517508832
418760354	56178815	48	M	1	0	X	517508869
418760355	56178815	36	F	1	1	X	517662881
418760357	56178815	11	M	1	2	450096778	X
418760358	56178815	8	F	1	2	450096761	X
418839450	56180047	42	M	1	0	X	517507690
418839455	56184477	31	F	8	1	X	517662850
418839461	56183890	31	F	8	1	X	517508869
418839509	56183205	31	F	8	1	X	517508107
418839521	56182195	31	F	8	1	X	517508510
419121514	56184683	41	F	1	0	X	X
419121518	56185252	12	F	1	2	450091718	X
419121519	56185252	37	M	1	1	X	517508499
419121532	56182729	41	F	1	0	X	X
419121533	56182729	12	F	1	2	450091718	X
419121534	56182729	37	M	1	1	X	517508112
419121559	56184824	41	F	1	0	X	X
419121560	56184824	12	F	1	2	450091718	X
419233940	56182438	57	F	1	0	X	517507306
419233945	56178258	17	F	1	2	450096777	X
419233995	56181031	17	F	1	2	450096777	X
419233996	56181031	57	F	1	0	X	517508057
419324524	56180236	30	M	1	0	X	517507582
419324531	56179779	30	M	1	0	X	517508451
419324532	56177934	30	M	1	0	X	517662923
419326712	56178124	2	M	1	5	X	X
419326715	56178124	57	F	1	0	X	517508057
419326716	56184171	2	M	1	5	X	X
419326717	56184171	28	F	1	2	X	517507587
419326719	56184171	57	F	1	0	X	517508015
419370805	56177206	48	F	1	1	X	X
419370806	56184767	47	M	1	0	X	517508096
419370811	56185546	48	F	1	1	X	X
419380411	56183880	16	M	1	2	450096777	X
419380413	56183880	41	M	1	0	X	517508523
419380415	56183880	16	F	1	2	450096777	X
419380417	56180233	16	M	1	2	450096777	X
419380422	56180233	17	F	1	2	450096777	X
419380477	56183921	16	M	1	2	450096777	X
419380478	56183921	35	F	1	1	X	517663146
419380479	56183921	41	M	1	0	X	517508364
419380480	56183921	14	F	1	2	450096777	X
419408864	56180232	50	M	1	0	X	517507737
419408871	56177614	50	M	1	0	X	517508497
419408872	56177830	50	M	1	0	X	517507624
419408877	56183510	50	M	1	0	X	517508345
419408879	56185513	50	M	1	0	X	517507728
419408899	56183769	50	M	1	0	X	517508804
419408904	56179023	50	M	1	0	X	517507922
419408909	56182935	50	M	1	0	X	517508694
419408911	56179645	50	M	1	0	X	517508358
419523208	56180453	61	F	1	1	X	X
419523209	56180453	64	M	1	0	X	X
419523223	56181596	64	M	1	0	X	X
419523237	56183292	64	M	1	0	X	X
419523245	56181235	64	M	1	0	X	X
419523262	56181514	61	F	1	1	X	X
419523263	56181514	64	M	1	0	X	X
419523276	56181081	61	F	1	1	X	X
419523277	56181081	64	M	1	0	X	X
419523278	56181124	61	F	1	1	X	X
419523279	56181124	64	M	1	0	X	X
419523282	56182191	61	F	1	1	X	X
419523294	56180368	61	F	1	1	X	X
419552317	56181841	82	F	1	1	X	X
419552318	56181841	82	M	1	0	X	X
419552333	56179149	82	F	1	1	X	X
124213791	56183726	49	F	1	1	X	517508652
124213796	56178917	50	M	1	0	X	517507281
124262463	56183350	27	F	1	0	X	517508483
124262464	56181688	4	F	1	2	450058854	X
124262465	56181688	29	M	1	1	X	517662883
124262466	56181688	27	F	1	0	X	517507826
124262477	56178388	29	M	1	1	X	506321033
124282375	56179755	26	M	1	0	X	517663324
124282377	56183331	26	M	1	0	X	517508128
124299476	56181715	50	M	1	1	X	517507306
124299478	56185413	50	M	1	1	X	517507558
124299483	56179014	51	F	1	0	X	517508358
124299494	56181153	50	M	1	1	X	517508794
124299508	56182086	50	M	1	1	X	517508179
124309635	56179522	54	F	1	1	X	X
124358819	56184494	92	F	1	0	X	X
124369429	56180985	49	F	1	0	X	517507948
124369432	56176838	49	F	1	0	X	517508678
124369434	56183164	49	F	1	0	X	517506595
124369439	56183780	49	F	1	0	X	517508673
124419785	56184037	68	F	1	1	X	X
124419800	56180976	69	M	1	0	X	506980030
124477693	56183078	35	M	1	0	X	517507324
124477718	56184491	35	M	1	0	X	517508112
124531300	56179370	45	M	1	0	X	517508015
124531314	56180102	45	M	1	0	X	517663173
124531315	56180102	20	M	1	2	X	517508296
124531320	56179343	45	M	1	0	X	517508086
124531321	56179343	20	M	1	2	X	517507261
124531337	56176947	20	M	1	2	X	517663177
124556116	56184650	62	M	1	1	X	X
124556121	56182185	59	F	1	0	X	517663338
124785817	56180579	41	F	1	0	X	517662697
124785818	56180579	14	M	1	2	450096778	X
124785823	56181345	41	F	1	0	X	517508884
124785824	56181345	14	M	1	2	450096778	X
124785826	56180969	41	F	1	0	X	517508242
124785835	56181014	41	F	1	0	X	517508881
124785836	56181014	14	M	1	2	450096778	X
124785844	56184190	41	F	1	0	X	517508358
124894909	56178365	27	M	1	2	X	517508385
124894917	56183389	60	F	1	1	X	X
124894918	56183389	1	M	1	5	X	X
124894919	56183389	2	F	1	5	X	X
124922289	56179398	66	F	1	0	X	X
124922331	56180802	66	F	1	0	X	X
125588137	56183183	51	F	1	0	X	X
125588139	56183183	56	M	1	1	X	517508451
125627544	56179445	25	M	1	0	X	517508805
125933501	56177045	48	F	1	1	X	517508737
125933517	56181811	48	F	1	1	X	517507744
125933518	56181811	47	M	1	0	X	517507607
125960279	56181992	42	F	1	0	X	517507576
126110381	56183980	78	F	1	0	X	X
126177344	56177545	36	F	1	0	X	517662850
126177351	56177632	36	M	1	1	X	517509361
126177353	56177494	36	M	1	1	X	517662850
126313147	56181225	56	M	1	1	X	517507582
126313148	56181225	55	F	1	0	X	517508057
126313158	56181044	55	F	1	0	X	517507502
126355800	56179597	8	F	1	2	450096761	X
126355801	56179597	29	F	1	10	X	517508572
126355880	56180221	28	M	1	0	X	517508451
126355882	56180221	29	F	1	10	X	517507789
126355884	56179791	8	F	1	2	450091718	X
126355885	56179791	29	F	1	10	X	517508057
126355889	56183587	28	M	1	0	X	517508707
126355891	56183587	29	F	1	10	X	517508544
126355895	56184505	28	M	1	0	X	517507587
126355897	56184505	29	F	1	10	X	517508839
126711493	56184166	6	M	1	2	450096761	X
126711495	56184166	15	M	1	2	450096777	X
126711497	56184166	17	M	1	2	450096777	517508249
126711499	56184166	19	F	1	2	X	517508103
126711500	56182259	6	M	1	2	450091718	X
126711505	56182259	11	M	1	2	450091718	X
126711506	56182259	19	F	1	2	X	517508726
126711535	56181919	6	M	1	2	450091718	X
126711536	56181919	44	F	1	0	X	517507582
126711539	56181919	17	M	1	2	450096777	517508002
126711540	56181919	11	M	1	2	450096778	X
126711544	56184408	15	M	1	2	450096777	X
126711546	56184408	17	M	1	2	450096777	517508397
126711547	56184408	11	M	1	2	450096778	X
126711570	56182029	6	M	1	2	450091718	X
126711571	56182029	44	F	1	0	X	517507696
126711574	56182029	17	M	1	2	450096777	517662887
126711575	56182029	11	M	1	2	450096778	X
126711576	56182029	19	F	1	2	X	517508002
126711592	56182069	44	F	1	0	X	517662923
126711593	56182069	15	M	1	2	450096777	X
126711594	56182069	15	F	1	2	450096777	X
126711597	56182069	19	F	1	2	X	517507590
126711633	56184261	6	M	1	2	450096761	X
126711634	56184261	44	F	1	0	X	517508881
126711635	56184261	15	M	1	2	450096777	X
126711637	56184261	17	M	1	2	450096777	517507533
126711638	56184261	11	M	1	2	450096778	X
126711655	56184542	44	F	1	0	X	517508654
126711656	56184542	15	M	1	2	450096777	X
126711658	56184542	17	M	1	2	450096777	517508452
126711659	56184542	11	M	1	2	450096778	X
126711660	56184542	19	F	1	2	X	517508110
126711676	56184500	44	F	1	0	X	517507961
126711679	56184500	17	M	1	2	450096777	517507364
126711680	56184500	11	M	1	2	450096778	X
126711681	56184500	19	F	1	2	X	517508472
126716798	56178957	0	F	1	5	X	X
126716800	56178957	50	F	1	0	X	517507838
126716824	56183479	50	F	1	0	X	501428504
126746562	56177700	81	M	1	0	X	X
126746563	56177700	38	F	1	1	X	517662850
127285446	56184305	20	M	8	7	X	517507346
127285448	56184305	13	M	8	2	450096778	X
127285449	56184305	14	F	8	2	450096778	X
127285450	56184305	15	F	8	2	450096777	X
127285454	56184548	7	M	8	2	450096761	X
127285458	56184548	32	F	8	1	X	517509349
127285459	56184548	36	M	8	0	X	517663328
127529789	56177764	69	M	1	1	X	X
127529790	56177764	68	F	1	0	X	X
127529833	56178771	24	M	1	5	X	X
127529834	56178771	69	M	1	1	X	X
127733504	56179889	66	F	1	1	X	X
127733505	56179889	68	M	1	0	X	X
127733515	56177793	68	M	1	0	X	X
127798567	56178795	54	F	1	0	X	X
127798584	56181660	56	M	8	1	X	517507533
127812034	56177359	50	M	1	0	X	X
127812036	56181167	50	M	1	0	X	X
127812042	56181492	50	M	1	0	X	X
127812053	56182477	50	M	1	0	X	X
127812055	56178975	50	M	1	0	X	X
127812075	56179989	50	M	1	0	X	X
127812079	56177598	50	M	1	0	X	X
127812091	56181780	50	M	1	0	X	X
127812096	56185652	50	M	1	0	X	X
127812097	56179938	50	M	1	0	X	X
128176068	56184902	44	F	1	0	X	517507355
128176069	56184317	44	F	1	0	X	517508569
128176071	56177610	44	F	1	0	X	517662713
128176073	56179831	44	F	1	0	X	517507758
128386688	56184673	11	M	1	2	450091718	X
128386689	56184673	50	M	1	0	X	517508869
128386694	56179711	11	M	1	2	450096778	X
128386695	56179711	50	M	1	0	X	517508472
128386722	56179470	50	M	1	0	X	517508002
128386726	56185296	47	F	1	1	X	X
128386728	56185296	50	M	1	0	X	517508102
128386786	56178779	47	F	1	1	X	X
128398671	56181017	73	M	1	0	X	X
128398679	56180456	73	M	1	0	X	X
128482898	56181664	9	F	1	2	450091718	X
128487962	56184010	92	F	1	0	X	X
128487963	56181165	92	F	1	0	X	X
128487972	56181119	92	F	1	0	X	X
128488289	56182581	51	F	1	0	X	517662850
128488291	56182581	13	M	1	5	450091718	X
128488293	56182581	56	M	1	1	X	517508592
128488474	56178906	51	F	1	0	X	517508066
128488477	56178906	16	M	1	2	450096777	517508591
128488478	56178906	56	M	1	1	X	517508345
128488599	56179022	51	F	1	0	X	517663251
128488601	56179022	13	M	1	5	450096778	X
128488602	56179022	16	M	1	2	450096777	517508451
128488624	56180118	51	F	1	0	X	517507790
128488626	56180118	13	M	1	5	450091718	X
128488651	56182294	13	M	1	5	450091718	X
128488679	56183654	51	F	1	0	X	517662850
128488681	56183654	13	M	1	5	450096778	X
128488682	56183654	16	M	1	2	450096777	517662850
128488750	56181817	2	F	1	5	X	X
128546449	56183336	24	M	1	0	X	517508109
129134049	56182326	63	M	1	0	X	X
129134059	56178888	63	M	1	0	X	X
129134061	56180881	63	M	1	0	X	X
129221850	56182751	48	F	1	0	X	517508554
129221855	56183033	48	F	1	0	X	501427638
129221857	56183033	16	M	1	2	450096777	517507324
129221859	56182524	48	M	1	1	X	517662850
129221861	56182524	12	M	1	2	450091718	X
129221870	56181922	48	F	1	0	X	517507798
129221872	56181922	16	M	1	2	450096777	517507970
129221889	56185570	48	M	1	1	X	501428504
129221890	56185570	48	F	1	0	X	517508235
129221892	56185570	16	M	1	2	450096777	517508513
129221947	56183777	16	M	1	2	450096777	517508097
129221948	56183777	19	M	1	2	X	517508727
129327047	56178909	78	M	1	1	X	X
129677831	56176795	35	F	1	1	X	517508463
129677832	56176795	7	F	1	2	450096761	X
129677834	56176795	11	M	1	2	450096778	X
129677835	56176795	34	M	1	0	X	517508214
129677836	56176795	3	F	1	2	X	X
129677886	56178741	7	F	1	2	450091718	X
129677888	56178741	11	M	1	2	450091718	X
129677889	56178741	34	M	1	0	X	517509008
129677890	56178741	3	F	1	2	X	X
129678059	56176999	35	F	1	1	X	517662850
129678060	56176999	7	F	1	2	450097548	X
129678062	56176999	11	M	1	2	450097548	X
129678064	56176999	3	F	1	2	X	X
129703470	56184546	9	M	1	2	450096778	X
129703472	56184546	4	M	1	2	450094430	X
129703473	56184546	36	F	1	1	X	517507586
129703509	56184643	7	M	1	2	450091718	X
129703513	56184643	36	F	1	1	X	517508880
129703524	56184390	7	M	1	2	450096761	X
129703527	56184390	4	M	1	2	450094430	X
129703528	56184390	36	F	1	1	X	517508002
129749579	56185161	25	M	8	2	X	X
129749580	56185161	64	M	8	0	X	501428206
129749633	56185467	4	M	8	5	450094430	X
129749635	56185467	64	M	8	0	X	517507977
130311065	56177876	31	M	1	0	X	517507639
130311073	56183279	31	M	1	0	X	517508057
130345837	56184238	1	F	1	2	X	X
130346541	56183838	43	M	1	0	X	517508768
130346552	56182794	50	F	1	1	X	517508640
130346553	56182794	43	M	1	0	X	501427196
130346556	56180211	50	F	1	1	X	517507818
130346557	56180211	43	M	1	0	X	517508458
130673738	56183036	39	M	1	0	X	501425862
130673751	56181276	1	M	1	2	X	X
130673766	56182018	1	M	1	2	X	X
130673767	56182018	34	F	1	1	X	517508788
130673768	56182018	39	M	1	0	X	517662850
130673769	56184074	1	M	1	2	X	X
130673778	56181816	1	M	1	2	X	X
131271615	56178537	4	M	1	5	450094430	X
131271616	56178537	34	M	1	2	X	517508871
131271626	56178540	58	F	1	0	X	517508516
131271658	56178358	58	F	1	0	X	503022728
131271678	56179212	58	F	1	0	X	517508179
131314997	56177176	92	F	1	0	X	X
131369218	56177393	46	M	1	0	X	517507932
131369225	56177083	46	M	1	0	X	517508760
131369231	56185359	46	M	1	0	X	517508451
131369234	56183582	46	M	1	0	X	517507281
131369235	56176961	46	M	1	0	X	517662850
131369239	56180191	46	M	1	0	X	517507311
131970129	56183866	18	F	1	10	X	517508097
131970135	56183768	18	F	1	10	X	517507320
131970154	56183482	21	M	1	0	X	517508766
131970183	56183834	18	F	1	10	X	517507836
131970185	56183834	18	F	1	9	450096777	517508328
131984841	56179614	61	M	1	0	X	517507933
131984852	56177108	61	M	1	0	X	517663174
131984855	56177124	61	M	1	0	X	517509372
132010511	56182237	62	F	1	1	X	X
132031789	56181480	46	F	9	1	X	517508179
132031791	56181480	2	M	9	5	X	X
132031792	56181480	5	M	9	5	450096761	X
132031793	56181480	26	F	9	2	X	X
132031813	56177584	46	F	9	1	X	517509354
132031814	56177584	28	M	1	6	X	517662833
132031817	56177584	26	F	9	2	X	X
132031818	56177584	51	M	1	0	X	510061550
132031924	56179000	5	M	9	5	450096761	X
132031926	56179000	51	M	1	0	X	517508018
132031933	56185229	46	F	9	1	X	501428199
132031934	56185229	28	M	1	6	X	517508358
132031935	56185229	2	M	9	5	X	X
132031936	56185229	5	M	9	5	450096761	X
132031937	56185229	26	F	9	2	X	X
132031939	56181901	46	F	9	1	X	517663278
132031940	56181901	28	M	1	6	X	517507293
132031941	56181901	2	M	9	5	X	X
132031942	56181901	5	M	9	5	450096761	X
132031944	56181901	51	M	1	0	X	517508589
132349951	56182598	54	M	1	1	X	517508086
132349952	56182598	53	F	1	0	X	X
132349957	56181681	54	M	1	1	X	517507496
132349965	56185265	54	M	1	1	X	517507681
132349966	56185265	53	F	1	0	X	X
132596630	56177794	37	M	1	0	X	517662850
132596631	56181833	37	M	1	0	X	517508415
132596635	56185177	37	M	1	0	X	517507932
132596637	56184794	37	M	1	0	X	517507632
132596640	56180139	37	M	1	0	X	517507827
132596647	56182066	37	M	1	0	X	506979537
132596652	56182243	37	M	1	0	X	514189594
132596653	56180744	37	M	1	0	X	514204000
132596658	56184018	37	M	1	0	X	517508615
132596660	56181775	37	M	1	0	X	517663095
132596663	56184585	37	M	1	0	X	517507273
132596669	56180277	37	M	1	0	X	517508510
132666326	56178720	34	M	1	0	X	517663305
132698400	56182463	42	F	1	1	X	517507827
132698401	56182463	13	M	1	2	450096778	X
132698403	56182463	43	M	1	0	X	517662730
132698424	56185640	42	F	1	1	X	517508076
132698426	56185640	15	F	1	2	450096777	X
132698442	56180958	15	F	1	2	450096777	X
132698445	56185151	13	M	1	2	450091718	X
132698446	56185151	15	F	1	2	450096777	X
132698447	56185151	43	M	1	0	X	517507628
132809944	56182929	70	M	1	0	X	X
132859700	56178232	37	M	1	1	X	517507281
132859701	56178232	16	M	1	2	450096777	X
132859715	56179920	37	M	1	1	X	517508014
132859716	56179920	16	M	1	2	450096777	X
132859730	56178390	37	M	1	1	X	517662850
132897086	56177384	64	F	1	0	X	517662730
132897100	56177174	64	F	1	0	X	506979648
132897110	56181954	64	F	1	0	X	517663174
132985157	56184788	59	M	1	1	X	517508495
132985158	56184788	54	F	1	0	X	517508097
132985164	56179996	54	F	1	0	X	517507309
133205158	56185131	55	M	1	1	X	517508147
133205180	56182398	55	M	1	1	X	517508014
133205183	56177743	54	F	1	0	X	517662850
133423669	56185381	64	M	1	0	X	X
133423678	56177111	62	F	1	1	X	X
133423693	56182396	64	M	1	0	X	X
133423694	56182396	62	F	1	1	X	X
133719372	56183287	7	F	1	2	450096761	X
133719374	56183287	8	M	1	2	450096761	X
133719413	56178465	32	F	1	1	X	517662850
133719414	56178465	8	M	1	2	450091718	X
133880514	56177012	8	F	1	2	450097548	X
133880515	56177012	5	F	1	2	450066968	X
133880516	56177012	2	M	1	2	X	X
133880517	56177012	32	M	1	0	X	517662850
133880518	56177012	20	F	1	12	X	517662850
133880687	56177325	6	F	1	2	450096761	X
133880690	56177325	2	M	1	2	X	X
133880692	56177325	20	F	1	12	X	509158399
133927089	56177288	79	M	1	0	X	X
133927090	56177288	80	F	1	1	X	X
134186699	56184710	34	M	1	0	X	517508382
134186700	56184710	1	F	1	2	X	X
134186701	56184710	3	F	1	2	450058854	X
134186714	56177125	34	F	1	1	X	517508002
134186715	56177125	34	M	1	0	X	517508159
134186716	56177125	1	F	1	2	X	X
134186717	56177125	3	F	1	2	450058854	X
134186780	56178355	1	F	1	2	X	X
134186794	56180454	34	F	1	1	X	517507826
134186795	56180454	34	M	1	0	X	517663338
134186796	56180454	1	F	1	2	X	X
134186797	56180454	3	F	1	2	450066968	X
134186839	56185241	34	M	1	0	X	517508852
134186863	56178093	34	M	1	0	X	517662850
134186864	56178093	1	F	1	2	X	X
134186882	56185105	34	F	1	1	X	517663338
134186883	56185105	34	M	1	0	X	517662847
134186885	56185105	3	F	1	2	450058854	X
134186886	56178449	34	F	1	1	X	517662865
134186887	56178449	34	M	1	0	X	517662861
134186889	56178449	3	F	1	2	450058854	X
134186895	56184272	34	M	1	0	X	517508054
134186896	56184272	1	F	1	2	X	X
134457491	56179492	31	M	1	0	X	517662850
134457509	56180872	31	M	1	0	X	517507324
134457516	56177414	30	M	1	7	X	503068826
134457517	56183489	31	M	1	0	X	517508014
134457518	56183489	30	M	1	7	X	517508290
134457520	56183313	30	M	1	7	X	517508756
134457529	56178577	31	M	1	0	X	517662850
134457533	56184379	31	M	1	0	X	517508544
134457547	56179965	31	M	1	0	X	517508107
134457548	56179965	30	M	1	7	X	517662741
134457567	56183319	31	M	1	0	X	517662725
134457579	56180262	31	M	1	0	X	517508013
134628323	56177200	26	F	1	9	X	506318045
134628324	56177200	32	M	1	0	X	517508569
134628325	56177200	32	M	1	9	X	503022728
134628327	56177400	32	M	1	0	X	517662850
134628328	56177400	32	M	1	9	X	517507971
134628333	56184864	32	M	1	0	X	517507544
134628334	56184864	32	M	1	9	X	517508563
134628342	56183569	32	M	1	0	X	517508057
134628344	56181423	26	F	1	9	X	517508881
134628362	56178428	26	F	1	9	X	517507785
134628364	56178428	32	M	1	9	X	517662850
134628380	56178349	26	F	1	9	X	517508828
134628381	56178349	32	M	1	0	X	506980158
134628392	56184000	26	F	1	9	X	517507391
134628394	56184000	32	M	1	9	X	517508293
134628414	56177583	32	M	1	0	X	517662923
134628431	56177280	26	F	1	9	X	517663173
134628449	56177652	26	F	1	9	X	517508873
134628451	56177652	32	M	1	9	X	517508002
134628465	56180908	32	M	1	0	X	517663305
134628479	56178531	26	F	1	9	X	510061550
134628481	56178531	32	M	1	9	X	517507778
134628488	56181543	26	F	1	9	X	517507382
134628490	56181543	32	M	1	9	X	517507928
134628503	56185285	26	F	1	9	X	517508426
134628504	56185285	32	M	1	0	X	501427806
134628507	56177235	32	M	1	0	X	517662923
134628508	56177235	32	M	1	9	X	517508002
134755257	56184780	62	F	1	1	X	517508297
134755272	56177164	62	M	1	0	X	X
134755277	56183275	62	F	1	1	X	517507293
134755278	56183275	62	M	1	0	X	X
134755283	56178510	62	F	1	1	X	503022692
135706426	56178222	69	M	1	0	X	X
135706427	56178222	69	F	8	1	X	X
135706428	56179857	69	M	1	0	X	X
135706429	56179857	69	F	8	1	X	X
135706452	56177587	69	M	1	0	X	X
135706465	56179439	69	F	8	1	X	X
135998874	56182848	24	F	1	0	X	517663095
135998876	56182848	3	F	1	2	X	X
135998880	56183897	24	F	1	0	X	517508750
135998882	56183897	3	F	1	2	X	X
135998892	56181400	24	F	1	0	X	517662833
135998893	56181400	24	M	1	1	X	517507659
135998907	56181666	24	F	1	0	X	517663180
135998909	56181666	3	F	1	2	X	X
135998932	56184271	24	M	1	1	X	517505220
135998933	56184271	3	F	1	2	X	X
135998934	56181525	24	F	1	0	X	517508563
135998936	56181525	3	F	1	2	X	X
136147695	56179461	38	M	1	0	X	517508064
136147696	56179461	35	F	1	1	X	517508136
136147717	56183825	38	M	1	0	X	517508695
136147718	56183825	35	F	1	1	X	517507498
136147734	56184066	35	F	1	1	X	517507341
136164935	56177760	19	M	1	2	X	517508595
136187682	56178670	77	F	1	0	X	X
136222692	56182413	50	F	1	1	X	X
136222694	56182413	58	M	1	0	X	517508096
136222699	56178164	15	M	1	2	X	X
136222701	56178164	22	M	1	2	X	517508763
136222702	56178164	58	M	1	0	X	517662923
136386379	56176843	67	M	1	1	X	517508644
136386380	56176843	65	F	1	0	X	X
136543980	56183616	86	F	1	4	X	X
136543981	56183616	61	M	1	0	X	517508230
136543995	56184742	86	F	1	4	X	X
136543996	56184742	61	M	1	0	X	517507481
136543997	56184742	55	F	1	1	X	517508869
136544001	56184114	86	F	1	4	X	X
136544002	56184114	61	M	1	0	X	517507272
136544003	56184114	55	F	1	1	X	501428517
136544004	56183670	86	F	1	4	X	X
136544005	56183670	61	M	1	0	X	517507932
136544043	56179090	86	F	1	4	X	X
136544044	56179090	61	M	1	0	X	517507495
137040019	56177133	55	M	1	1	X	517663182
137040026	56185438	52	F	1	0	X	517508107
137040032	56184804	52	F	1	0	X	517508290
137040033	56184804	55	M	1	1	X	517508636
137040047	56182489	55	M	1	1	X	517508820
137040048	56177287	52	F	1	0	X	503067799
137040064	56183785	52	F	1	0	X	517508345
137040067	56179557	55	M	1	1	X	517508330
137107336	56177344	9	F	1	2	450096761	X
137107338	56177344	37	F	1	1	X	517509363
137107339	56177344	16	M	1	2	450096777	X
137107340	56177344	14	M	1	2	450096778	X
137107361	56179504	9	F	1	2	450096761	X
137107363	56179504	37	F	1	1	X	517508057
137107364	56179504	16	M	1	2	450096777	X
137107412	56182321	41	M	1	0	X	517508107
137107414	56182321	16	M	1	2	450096777	X
137107425	56180328	14	M	1	2	450096778	X
137279299	56180180	36	F	1	1	X	517507355
137640863	56184244	34	M	3	0	X	517507793
137640891	56184439	34	M	3	0	X	517508040
137640930	56184586	33	F	1	1	X	517508623
137640931	56184586	34	M	3	0	X	517508804
138396428	56177334	53	M	1	1	X	517508008
138396429	56177334	52	F	1	0	X	517663177
138396491	56181626	52	F	1	0	X	517508057
138396498	56178498	53	M	1	1	X	517663338
138520782	56185110	22	M	1	8	X	517508110
138520785	56185110	24	M	1	0	X	517508864
138520854	56183763	22	M	1	8	X	517508002
138520855	56183763	25	F	1	8	X	517508511
138520879	56183907	25	F	1	8	X	517663276
138520880	56183907	23	M	1	8	X	517508396
138520882	56183370	22	M	1	8	X	517508803
138520884	56183370	23	M	1	8	X	517508057
138625870	56179351	75	F	1	0	X	X
138826745	56177821	74	F	1	0	X	X
138826750	56178737	74	F	1	0	X	X
138826764	56179184	74	F	1	0	X	X
138826766	56178011	74	F	1	0	X	X
138826775	56179670	74	F	1	0	X	X
138849600	56176852	46	M	1	0	X	517663184
138849601	56176852	45	F	1	1	X	517662752
138849609	56177322	46	M	1	0	X	506979506
138849610	56177322	45	F	1	1	X	506980664
138849611	56177322	19	M	1	2	X	517662850
138849615	56185327	46	M	1	0	X	517508867
138849616	56185327	45	F	1	1	X	517507390
138852407	56177432	45	M	1	0	X	517508494
138852414	56181453	43	F	1	1	X	X
138852415	56181453	45	M	1	0	X	517662794
138852418	56183247	43	F	1	1	X	X
138852419	56183247	45	M	1	0	X	517505220
138876610	56178289	61	F	1	1	X	506979698
138876611	56178289	57	M	1	0	X	517508783
138876612	56180591	61	F	1	1	X	517662795
138934485	56185678	53	F	1	1	X	517508624
138952358	56183022	50	F	1	0	X	517508002
138952368	56185455	50	F	1	0	X	517507726
138952375	56181413	50	F	1	0	X	517507827
138983470	56183621	24	F	1	0	X	517508450
138983471	56183621	30	M	1	1	X	517508726
138983490	56183367	24	F	1	0	X	517507580
138983505	56181338	30	M	1	1	X	517507772
138983510	56184598	24	F	1	0	X	517507739
138983511	56184598	30	M	1	1	X	517663330
138983517	56185156	30	M	1	1	X	517508404
138983518	56183391	24	F	1	0	X	517508270
139000619	56180588	25	F	1	0	X	517507930
139040621	56180034	54	F	1	1	X	X
139040622	56180034	52	M	1	0	X	517662808
139058297	56179463	65	M	1	0	X	X
139058298	56179463	66	F	1	1	X	X
139196252	56185354	49	M	1	0	X	517508002
139196264	56183390	49	M	1	0	X	517507276
139196265	56183390	46	F	1	1	X	517507354
139196325	56183303	52	F	1	1	X	X
139196343	56181553	52	F	1	1	X	X
139196345	56181553	53	M	1	0	X	517507826
139196358	56185566	52	F	1	1	X	X
139196359	56185566	9	F	1	2	450058854	X
139289033	56185119	62	F	1	0	X	X
139289034	56185119	68	M	1	1	X	X
139492523	56181805	36	M	1	0	X	517508456
139492529	56184511	36	M	1	0	X	517508002
139492533	56179710	36	M	1	0	X	517508057
139492545	56182705	36	M	1	0	X	517507276
139492546	56182872	36	M	1	0	X	517507948
139492550	56184493	36	M	1	0	X	517508504
139492555	56182401	36	M	1	0	X	517508451
139729195	56180310	3	F	1	2	450066968	X
139729196	56180310	30	M	1	0	X	517508270
139729197	56180310	31	F	1	1	X	517507798
139729226	56179909	30	M	1	0	X	517508002
139729232	56177368	30	M	1	0	X	517507932
139729233	56177368	31	F	1	1	X	517663338
139729234	56180294	3	F	1	2	450066968	X
139729235	56180294	30	M	1	0	X	517507865
139729236	56180294	31	F	1	1	X	517508156
139729247	56177882	30	M	1	0	X	517662864
139729250	56181472	30	M	1	0	X	517508033
139764768	56182938	0	M	1	2	X	X
139764769	56182938	26	M	1	0	X	517507836
139764820	56184137	0	M	1	2	X	X
139857469	56178288	52	F	1	1	X	506979736
139857470	56178288	59	M	1	0	X	509156924
139857473	56177106	52	F	1	1	X	517508093
139857480	56179426	59	M	1	0	X	517662850
139857481	56184943	52	F	1	1	X	517508426
139857482	56184943	59	M	1	0	X	517662850
139857488	56180871	59	M	1	0	X	517662753
139857523	56185552	52	F	1	1	X	517507088
139857524	56185552	59	M	1	0	X	517508014
139857526	56177467	59	M	1	0	X	517508592
139857530	56185153	59	M	1	0	X	501428199
139928606	56177062	62	M	1	1	X	X
139928607	56177062	51	F	1	0	X	517662704
139928623	56177607	51	F	1	0	X	517507810
139928654	56182188	62	M	1	1	X	X
139975745	56184367	1	M	1	2	X	X
139975746	56184367	28	F	1	0	X	501428188
139975755	56184495	28	F	1	0	X	517662846
139975762	56178546	40	M	1	1	X	517508103
139975763	56178546	1	M	1	2	X	X
140010040	56177523	67	F	1	0	X	X
140010041	56178746	67	F	1	0	X	X
140010046	56177032	67	F	1	0	X	X
140351624	56184152	34	M	1	1	X	517508581
140351625	56184152	2	M	1	2	X	X
140351627	56184152	0	F	1	2	X	X
140351639	56178921	34	M	1	1	X	517508727
140351642	56178921	0	F	1	2	X	X
140351663	56183652	2	M	1	2	X	X
140351665	56183652	2	M	1	2	X	X
140367556	56181034	83	F	1	0	X	X
140367565	56180800	83	F	1	0	X	X
140402577	56184402	9	M	1	2	450096761	X
140402578	56184402	10	F	1	2	450096761	X
140402583	56184032	31	F	1	1	X	517507587
140402584	56184032	43	M	1	0	X	517663280
140437318	56183843	27	M	1	10	X	517507790
140437343	56184309	20	F	1	0	X	517508495
140437344	56184309	27	M	1	10	X	501427779
140437348	56184041	27	M	1	10	X	517508307
140437363	56183136	20	F	1	0	X	517508109
140888838	56176888	54	F	1	1	X	X
140888844	56179882	54	F	1	1	X	X
140888845	56179625	52	M	1	0	X	517508563
140888846	56179625	54	F	1	1	X	X
141165787	56178959	46	M	1	0	X	517508002
141165789	56178959	16	M	1	2	450096777	517508056
141165790	56178959	46	F	1	1	X	517508845
141165811	56178545	46	M	1	0	X	517508109
141165812	56178545	13	F	1	2	450091718	X
141165815	56179911	46	M	1	0	X	517508014
141165817	56179911	16	M	1	2	450096777	517508875
141165820	56184446	13	F	1	2	450096778	X
141165822	56184446	46	F	1	1	X	517507745
141165827	56177489	46	M	1	0	X	517662712
141267182	56183733	62	F	1	0	X	X
141267196	56177232	62	F	1	0	X	X
141267197	56177232	64	M	1	1	X	517508636
141497467	56184973	77	M	1	1	X	X
141497468	56184973	72	F	1	0	X	X
141497472	56184791	72	F	1	0	X	X
141497478	56177403	72	F	1	0	X	X
141497508	56179784	72	F	1	0	X	X
141497513	56185604	77	M	1	1	X	X
141497514	56185604	72	F	1	0	X	X
141497515	56177717	77	M	1	1	X	X
141497527	56177072	77	M	1	1	X	X
141497532	56185523	72	F	1	0	X	X
141497537	56177301	77	M	1	1	X	X
141497545	56177867	77	M	1	1	X	X
141864047	56178493	67	M	1	0	X	517508058
141864050	56178122	67	M	1	0	X	517508623
141924263	56178781	58	F	1	1	X	517508807
141924264	56178781	58	M	1	0	X	517508057
142266316	56177076	60	F	1	1	X	517663174
142266329	56181541	57	M	1	0	X	517508226
142266331	56185215	57	M	1	0	X	517507644
142266341	56179034	57	M	1	0	X	517508645
142353865	56180888	84	M	1	0	X	X
142353873	56184450	84	M	1	0	X	X
142359861	56178735	26	F	1	0	X	X
142359863	56178735	3	M	1	2	X	X
142359864	56178735	30	M	1	1	X	517509374
142359877	56178176	26	F	1	0	X	X
142359880	56178176	30	M	1	1	X	517663112
142437333	56177672	79	M	1	0	X	X
142587181	56184948	62	F	1	1	X	X
142587182	56184948	67	M	1	0	X	517507551
142587191	56185185	62	F	1	1	X	X
142587192	56185185	67	M	1	0	X	517508312
142587193	56178149	62	F	1	1	X	X
142587194	56178149	67	M	1	0	X	517507836
142587196	56178036	67	M	1	0	X	517662845
142664637	56182855	46	M	1	0	X	517508059
142664639	56178936	9	M	1	2	450096761	X
142664694	56182747	46	M	1	0	X	517508468
142921031	56176835	54	F	1	1	X	517663174
142921042	56183000	53	M	1	0	X	517508353
142985812	56177856	60	M	1	10	X	X
142985818	56179367	60	M	1	10	X	X
142985845	56180922	59	M	1	0	X	X
143302845	56179174	55	M	1	0	X	517663314
143744286	56185481	10	M	1	2	450091718	X
143744294	56182381	43	F	1	1	X	517508426
143867811	56182842	1	M	1	2	X	X
143867834	56182701	20	F	1	0	X	X
144014310	56180761	59	F	1	1	X	517508002
144014319	56178239	60	M	1	0	X	517663337
144014321	56185690	60	M	1	0	X	517508589
144017990	56183954	76	F	1	0	X	X
144018014	56177661	76	F	1	0	X	X
144095927	56176846	41	F	1	2	X	X
144095928	56176846	77	F	1	0	X	X
144095933	56179085	41	F	1	2	X	X
144095934	56179085	77	F	1	0	X	X
144179962	56178191	50	M	1	1	X	517508589
144179963	56178191	15	F	1	2	450096777	X
144355376	56181145	75	F	1	1	X	X
144451567	56179747	34	M	1	3	X	517507836
144451568	56179747	28	M	1	9	X	517662850
144451594	56180515	34	M	1	3	X	517507827
144451595	56180515	28	M	1	9	X	517508363
144451600	56177682	34	M	1	3	X	517508242
144451602	56177682	29	M	1	0	X	517662923
144451631	56178773	28	M	1	9	X	517662872
144451632	56178773	29	M	1	0	X	517508867
144533020	56185175	26	F	1	8	X	517507732
144533021	56185175	27	M	1	8	X	517507884
144533022	56185175	44	F	1	8	X	517507515
144533023	56185175	23	F	1	0	X	517508057
144533038	56183158	44	F	1	8	X	517663338
144533145	56180696	27	M	1	8	X	517507299
144533147	56180696	23	F	1	0	X	517507842
144533161	56184456	27	M	1	8	X	517508002
144533196	56182633	26	F	1	8	X	517508097
144533198	56182633	44	F	1	8	X	517508882
144767023	56181146	83	M	1	0	X	X
144767024	56181146	82	F	1	1	X	X
144767035	56180618	83	M	1	0	X	X
144767036	56180618	82	F	1	1	X	X
145221448	56179595	42	F	1	0	X	517508358
145221450	56179737	42	F	1	0	X	517508442
145221457	56182706	42	F	1	0	X	517507787
145221470	56183917	42	F	1	0	X	517507942
145455999	56179449	50	F	1	1	X	X
145829929	56184968	60	F	1	1	X	517507681
145829930	56184968	65	M	1	0	X	X
145829935	56177828	60	F	1	1	X	517507753
145829936	56177828	65	M	1	0	X	X
145829944	56177177	65	M	1	0	X	X
145932302	56180004	42	M	1	0	X	506979568
145932318	56177020	42	M	1	0	X	517663177
146513783	56183178	63	M	1	0	X	X
146513802	56178297	53	F	1	1	X	X
146513810	56185048	53	F	1	1	X	X
146513820	56177746	53	F	1	1	X	X
146513825	56181637	63	M	1	0	X	X
146513826	56181637	53	F	1	1	X	X
146663269	56185200	46	M	1	0	X	517662794
146663286	56185551	46	M	1	0	X	517508396
146668044	56183298	5	F	1	2	450096761	X
146668046	56183298	24	M	1	0	X	517507335
146684517	56180196	16	M	1	7	450096777	X
146684518	56180196	18	M	1	7	450096777	X
146684520	56180196	16	M	1	2	450096777	X
147112857	56181197	60	F	1	0	X	X
147187127	56179624	14	M	1	2	450096778	X
147187129	56179624	37	F	1	0	X	517662850
147187163	56179865	64	M	1	4	X	X
147187165	56179865	10	M	1	2	450091718	X
147187167	56179865	14	M	1	2	450091718	X
147187168	56179865	38	M	1	1	X	517662794
147372769	56184830	1	F	1	2	X	X
147372770	56184830	39	M	1	1	X	517508065
147372771	56184830	36	F	1	0	X	517507293
147372781	56184054	1	F	1	2	X	X
147372782	56184054	39	M	1	1	X	517508290
147372784	56185114	1	F	1	2	X	X
147372785	56185114	39	M	1	1	X	517507600
147686679	56181174	62	F	1	1	X	506880852
147686691	56183062	62	F	1	1	X	517507563
147807517	56183020	26	M	1	0	X	517663092
147807544	56184424	25	F	1	1	X	517508157
147807551	56183786	26	M	1	0	X	517508057
147807552	56183786	25	F	1	1	X	517508116
147905165	56177570	49	M	1	1	X	517662730
147905166	56177570	45	F	1	0	X	517662866
147905167	56182147	49	M	1	1	X	517508107
147905173	56180070	49	M	1	1	X	517508451
147905186	56183475	45	F	1	0	X	517507966
147905190	56183803	45	F	1	0	X	517508541
147905205	56185079	49	M	1	1	X	517507640
147905206	56185079	45	F	1	0	X	517508374
147905211	56180981	49	M	1	1	X	517508510
147905216	56182236	45	F	1	0	X	517507690
148235854	56181874	47	F	1	0	X	517663328
148235866	56184130	47	F	1	0	X	517507324
148235873	56181739	47	F	1	0	X	517508804
148235876	56180628	47	F	1	0	X	517508881
148518664	56180358	72	M	1	0	X	X
148518665	56184795	72	M	1	0	X	X
148518667	56177998	72	M	1	0	X	X
148518672	56185620	72	M	1	0	X	X
148518675	56181142	72	M	1	0	X	X
148595224	56182325	48	M	1	0	X	517663173
148595226	56182345	48	M	1	0	X	517508834
148595227	56182345	46	M	1	10	X	517507261
148595232	56176914	48	M	1	0	X	517508595
148595234	56177416	48	M	1	0	X	517508057
148595250	56181431	48	M	1	0	X	517508645
148595251	56181431	46	M	1	10	X	517507511
148595254	56179740	48	M	1	0	X	517508002
148595258	56177995	48	M	1	0	X	517507481
148595259	56177995	46	M	1	10	X	517508419
148791795	56181658	55	F	1	1	X	517508002
148791822	56185223	58	M	1	0	X	517508346
148846088	56182346	12	F	1	2	450096778	X
148846090	56182346	73	F	1	4	X	517507867
148846094	56178842	12	F	1	2	450096778	X
148846095	56178842	51	F	1	0	X	517508006
148846096	56178842	73	F	1	4	X	517507958
148846104	56182895	51	F	1	0	X	517508538
148846119	56182365	51	F	1	0	X	517507481
148846146	56178949	51	F	1	0	X	517663328
148846147	56178949	73	F	1	4	X	517508179
149543965	56183706	51	M	1	0	X	517507785
149543967	56179959	51	M	1	0	X	517507950
149543968	56177734	48	F	1	1	X	510063379
149543970	56183248	48	F	1	1	X	517508706
149543971	56183248	51	M	1	0	X	517508804
149546052	56181911	16	M	1	12	450096777	X
149546054	56181911	35	M	1	1	X	506979580
149546082	56183049	16	M	1	12	450096777	X
149546151	56182789	10	M	1	2	450091718	X
149546155	56182789	3	F	1	2	X	X
149546181	56184447	10	M	1	2	450096778	X
149546182	56184447	16	M	1	12	450096777	X
149546183	56184447	36	F	1	0	X	517508804
149546184	56184447	35	M	1	1	X	517508636
149546206	56182296	10	M	1	2	450091718	X
149546209	56182296	35	M	1	1	X	517508451
149546210	56182296	3	F	1	2	X	X
149546216	56179923	10	M	1	2	450091718	X
149546217	56179923	16	M	1	12	450096777	X
149546220	56179923	3	F	1	2	X	X
149546248	56180521	36	F	1	0	X	517508179
149568318	56179845	43	F	1	0	X	517507355
149568319	56180260	43	F	1	0	X	506980147
149597159	56180198	44	M	1	10	X	517663095
149597172	56178916	44	F	1	0	X	517507948
149597173	56181582	44	M	1	10	X	517507646
149758301	56184941	57	M	1	0	X	517507669
149863989	56182336	57	F	1	0	X	X
149864030	56181438	60	M	1	1	X	517508510
149950063	56181742	47	M	1	0	X	517508451
150176989	56177184	56	F	1	1	X	517663177
150177007	56184769	56	F	1	1	X	517507618
150177008	56184769	56	M	1	0	X	517508109
150177013	56178213	56	F	1	1	X	517662730
150211707	56180386	52	M	1	0	X	517507388
150211710	56181548	52	M	1	0	X	517508014
150211721	56180799	52	M	1	0	X	517507564
150470840	56183157	4	F	6	2	450058854	X
150470846	56181179	4	F	6	2	450058854	X
150470854	56182684	36	F	1	1	X	517508495
150500845	56182606	14	M	1	2	450091718	X
150567659	56179193	51	F	1	1	X	517508330
150567675	56179665	51	F	1	1	X	517507749
150567676	56179665	53	M	1	0	X	517508284
150756441	56181614	27	F	1	10	X	X
150756442	56181614	20	M	1	0	X	X
150756460	56181372	20	M	1	0	X	X
150756466	56184117	20	M	1	0	X	X
150797977	56182130	16	M	1	2	X	X
150797983	56184736	16	M	1	2	X	X
150797984	56184736	17	F	1	2	450096777	517508234
150798006	56181913	46	F	1	0	X	517663139
150798052	56178968	16	M	1	2	X	X
150798053	56178968	17	F	1	2	450096777	517507747
150798113	56182978	17	F	1	2	450096777	517662879
150798117	56178380	46	F	1	0	X	517663173
150798118	56178380	16	M	1	2	X	X
150798119	56178380	17	F	1	2	450096777	517662719
150798132	56178278	46	F	1	0	X	517509005
150798133	56178278	16	M	1	2	X	X
150798134	56178278	17	F	1	2	450096777	517508498
150798174	56176874	46	F	1	0	X	517508057
150798175	56176874	16	M	1	2	X	X
150798202	56178671	16	M	1	2	X	X
150798203	56178671	17	F	1	2	450096777	517507932
150798229	56177659	16	M	1	2	X	X
150798230	56177659	17	F	1	2	450096777	503066836
150798237	56183699	46	F	1	0	X	517508120
150798239	56183699	17	F	1	2	450096777	517508846
150798247	56185434	16	M	1	2	X	X
150798288	56179828	46	F	1	0	X	517508179
150798291	56185227	46	F	1	0	X	517508396
150798292	56185227	16	M	1	2	X	X
150798293	56185227	17	F	1	2	450096777	517663331
150798294	56177180	46	F	1	0	X	517662866
150833720	56185135	29	M	1	1	X	517508804
150833722	56185135	30	M	1	9	X	517507725
150833749	56181395	30	M	1	9	X	517663178
150833754	56183250	24	F	1	0	X	517508706
150833759	56183506	29	M	1	1	X	517508054
150833760	56183506	24	F	1	0	X	517508387
150834025	56178576	23	F	1	1	X	X
150834027	56178576	4	F	1	2	450094430	X
150834028	56178576	28	M	1	0	X	517508563
150854044	56177937	56	F	1	0	X	517663177
150854053	56183556	56	F	1	0	X	517508707
150854059	56179671	56	F	1	0	X	517508631
150894378	56177641	7	F	1	2	450096761	X
150894406	56182962	17	F	1	2	450096777	517508499
150894408	56182962	7	F	1	2	450091718	X
150894410	56182962	42	F	1	0	X	517507788
150894411	56182962	15	M	1	2	450096777	X
150894425	56182526	9	F	1	2	450091718	X
150894427	56182526	11	F	1	2	450091718	X
150894429	56182526	15	M	1	2	450096777	X
150894596	56182760	42	F	1	0	X	517508057
150894676	56182710	17	F	1	2	450096777	517507524
150894677	56182710	9	F	1	2	450091718	X
150894679	56182710	11	F	1	2	450091718	X
150894681	56182710	15	M	1	2	450096777	X
150926319	56182799	11	F	1	2	450091718	X
150956645	56179417	55	M	1	0	X	517507708
151413698	56183656	22	M	1	10	X	517508002
151413699	56183656	22	F	1	0	X	517508056
151413700	56177947	22	M	1	10	X	517508587
151413702	56180968	22	M	1	10	X	517507948
151413703	56180968	22	F	1	0	X	517507630
151413728	56184513	22	M	1	10	X	517508625
151413729	56184513	22	F	1	0	X	517507354
151495126	56182331	1	F	1	5	X	X
151495127	56182331	14	F	1	2	450096778	X
151495150	56181101	1	F	1	5	X	X
151495151	56181101	14	F	1	2	450096778	X
151495159	56182809	14	F	1	2	450091718	X
151495160	56182809	20	F	1	2	X	517507654
151495166	56181933	1	F	1	5	X	X
151495167	56181933	14	F	1	2	450096778	X
151495177	56181262	43	F	1	0	X	517508110
151495178	56181262	1	F	1	5	X	X
151495180	56181262	20	F	1	2	X	517663315
151495213	56182110	43	F	1	0	X	517507983
151495214	56182110	1	F	1	5	X	X
151495215	56182110	14	F	1	2	450096778	X
151495217	56182129	43	F	1	0	X	517508451
151495220	56182129	20	F	1	2	X	517507305
151495245	56183073	43	F	1	0	X	517663295
151495248	56183073	20	F	1	2	X	501425677
151495250	56182112	1	F	1	5	X	X
151495251	56182112	14	F	1	2	450096778	X
151495285	56181857	43	F	1	0	X	506980236
151495293	56182265	43	F	1	0	X	517507735
151495298	56181377	1	F	1	5	X	X
151495299	56181377	14	F	1	2	450096778	X
151495300	56181377	20	F	1	2	X	517662878
151495301	56182951	43	F	1	0	X	517662850
151495303	56182951	14	F	1	2	450091718	X
151495304	56182951	20	F	1	2	X	517508434
151495341	56180880	43	F	1	0	X	517507690
151495345	56184187	43	F	1	0	X	517663324
151495346	56184187	1	F	1	5	X	X
151495348	56184187	20	F	1	2	X	517507281
151495365	56182151	43	F	1	0	X	517508470
151495366	56182151	1	F	1	5	X	X
151495367	56182151	14	F	1	2	450096778	X
151495419	56179669	14	F	1	2	450096778	X
151496283	56176978	8	M	1	2	450096761	X
151496285	56176978	52	M	1	0	X	517509005
151496286	56176978	45	F	1	1	X	517508516
151496296	56184663	0	M	1	2	X	X
151496311	56183638	8	M	1	2	450096761	X
151496312	56183638	0	M	1	2	X	X
151496313	56183638	52	M	1	0	X	517508178
151496339	56182297	8	M	1	2	450091718	X
151496340	56182297	0	M	1	2	X	X
151496342	56182297	45	F	1	1	X	517507876
151496345	56178873	52	M	1	0	X	517507989
151496346	56178873	45	F	1	1	X	517507702
151496369	56178678	52	M	1	0	X	517508057
151525271	56181271	31	M	1	0	X	517508002
151525297	56183321	6	F	1	2	450096761	X
151525298	56183321	1	F	1	2	X	X
151525301	56183321	31	M	1	0	X	517507815
151525307	56183603	6	F	1	2	450096761	X
151525309	56183603	4	F	1	2	450058854	X
151525310	56183603	30	F	1	1	X	517663146
151525311	56183603	31	M	1	0	X	517508128
151594623	56181123	55	M	1	0	X	X
151631821	56179768	0	F	1	2	X	X
151631822	56179768	1	F	1	2	X	X
151631823	56179768	26	M	1	0	X	517508510
151631839	56183326	26	M	1	0	X	517508396
151993741	56177079	51	F	1	0	X	517508096
151993742	56177079	50	M	1	1	X	517662850
151993753	56176821	51	F	1	0	X	517662850
152366951	56181622	53	F	1	1	X	506881690
152366959	56185400	53	F	1	1	X	517508397
152369680	56181646	26	M	1	0	X	517663305
152369696	56180989	4	F	1	2	450066968	X
152369698	56183796	26	M	1	0	X	517508296
152529312	56178307	40	F	1	1	X	X
152529313	56178307	16	F	1	2	450096777	X
152529314	56178307	16	M	1	2	450091718	X
152529315	56178307	3	M	1	2	X	X
152529317	56178307	46	M	1	0	X	517508804
152654549	56184685	52	F	1	0	X	517662896
152654550	56178573	52	F	1	0	X	517508174
152791351	56179812	25	F	1	0	X	517508667
152791352	56179812	3	M	1	2	450094430	X
152791398	56178586	35	M	1	10	X	506979780
152791399	56178586	25	F	1	0	X	517662850
152791400	56178586	3	M	1	2	450094430	X
152791416	56183592	35	M	1	10	X	517508732
152791417	56183592	25	F	1	0	X	517508057
152791418	56183592	3	M	1	2	450094430	X
153114657	56184591	52	M	8	0	X	517508848
153359971	56180325	69	F	1	0	X	X
153411432	56182132	58	M	1	0	X	517507489
153411433	56182132	57	F	1	1	X	X
153411450	56183376	58	M	1	0	X	517507286
153693727	56179725	23	M	1	2	X	517508116
153693728	56179725	50	F	1	0	X	517507497
153693783	56179552	23	M	1	2	X	517508002
153693784	56179552	50	F	1	0	X	517508057
153693812	56180279	50	F	1	0	X	517508247
153693815	56184064	23	M	1	2	X	517507355
153693829	56180017	23	M	1	2	X	517507286
153900970	56180803	70	F	1	0	X	517507897
153900973	56180780	70	F	1	0	X	517507650
154825246	56182831	63	M	1	0	X	X
154910490	56185176	8	F	1	2	450091718	X
154910492	56185176	5	F	1	2	450058854	X
154910518	56182131	8	F	1	2	450091718	X
154910520	56182131	5	F	1	2	450058854	X
154910521	56180938	39	M	1	0	X	517507489
154910523	56180938	36	F	1	1	X	517508179
154910533	56185051	39	M	1	0	X	517663304
154910534	56185051	8	F	1	2	450091718	X
154910536	56185051	5	F	1	2	450058854	X
154910542	56185226	8	F	1	2	450091718	X
154910543	56185226	36	F	1	1	X	517508726
155067376	56177654	52	F	1	1	X	517509381
155067382	56178489	52	F	1	1	X	517508093
155067387	56181467	9	F	1	2	450096761	X
155067391	56180542	52	F	1	1	X	506979538
155067392	56180542	51	M	1	0	X	517507582
155701649	56178748	65	F	1	1	X	X
155701659	56178775	65	F	1	1	X	X
155701672	56181120	68	M	1	0	X	X
155701673	56181120	65	F	1	1	X	X
155896604	56182109	56	F	6	1	X	X
155896605	56182109	63	M	1	0	X	517662923
155896628	56184922	56	F	6	1	X	X
155973622	56180218	79	F	1	1	X	X
155973631	56179594	73	M	1	0	X	517663288
155973643	56178674	73	M	1	0	X	506317429
156258736	56184133	57	F	1	0	X	517508783
156258746	56176873	57	F	1	0	X	517662850
156346002	56177751	61	F	1	1	X	X
156346007	56181530	61	M	1	0	X	X
156346010	56177421	61	F	1	1	X	X
156346018	56181927	61	F	1	1	X	X
156346019	56181927	61	M	1	0	X	X
156346029	56181385	61	M	1	0	X	X
156359871	56177336	60	F	1	1	X	517662919
156359878	56181887	60	M	1	0	X	517508788
156359909	56176918	60	F	1	1	X	517507582
156359914	56178204	60	M	1	0	X	517662850
156359928	56179730	60	M	1	0	X	517508705
156753479	56184776	42	F	1	0	X	517508287
156753481	56179908	42	F	1	0	X	517507827
156753482	56179908	44	M	1	1	X	517508499
156753488	56184697	44	M	1	1	X	517508426
156753511	56177057	42	F	1	0	X	503022728
156753513	56179478	42	F	1	0	X	517507744
156835573	56178022	63	F	1	1	X	X
156835597	56181333	63	F	1	1	X	X
156870658	56185332	50	M	1	0	X	X
156870660	56184761	50	M	1	0	X	X
156870665	56181588	47	F	1	1	X	X
156870666	56181588	50	M	1	0	X	X
156870686	56182687	50	M	1	0	X	X
156870690	56183011	50	M	1	0	X	X
156912787	56182874	44	F	1	1	X	517508086
156912788	56182874	13	M	1	2	450096778	X
157145125	56179947	26	M	1	0	X	517663343
157145151	56180194	26	M	1	0	X	517662850
157271721	56183495	21	M	1	0	X	517663291
157271722	56183495	24	M	1	3	X	517508865
157271735	56183686	30	M	1	8	X	517508854
157271755	56183283	24	M	1	3	X	517508405
157389647	56181144	43	F	1	1	X	517663338
157389648	56181144	37	M	1	0	X	517507706
157389649	56181144	9	F	1	2	450091718	X
157389654	56184763	15	F	1	2	450096777	X
157389657	56184763	9	F	1	2	450091718	X
157389658	56183125	15	F	1	2	450096777	X
157389659	56183125	43	F	1	1	X	517508296
157389660	56183125	37	M	1	0	X	517508563
157389661	56183125	9	F	1	2	450091718	X
157389702	56184898	15	F	1	2	450096777	X
157389703	56184898	43	F	1	1	X	517508589
157389704	56184898	37	M	1	0	X	517508046
157389705	56184898	9	F	1	2	450091718	X
157395742	56178831	60	F	1	0	X	X
157395744	56178044	60	F	1	0	X	X
157395775	56181947	60	F	1	0	X	X
157395784	56179564	60	F	1	0	X	X
157431416	56180664	72	M	1	1	X	X
157431433	56182989	72	F	1	0	X	X
157431439	56182718	72	F	1	0	X	X
157578361	56183919	44	M	1	0	X	517507946
157601302	56177134	53	M	1	0	X	517662923
157601308	56181396	53	M	1	0	X	506880323
157601313	56179047	53	M	1	0	X	517508622
157601315	56179204	53	M	1	0	X	517508381
157968048	56181208	84	M	1	0	X	X
157968049	56181208	26	M	1	5	X	517508645
157968050	56181208	50	F	1	2	X	517508763
157968057	56183924	84	M	1	0	X	X
157968058	56183924	26	M	1	5	X	517662923
157968059	56183924	50	F	1	2	X	517508512
157968060	56181854	84	M	1	0	X	X
157968075	56184307	84	M	1	0	X	X
157968076	56184307	26	M	1	5	X	517507884
157968099	56184019	84	M	1	0	X	X
157968101	56184019	50	F	1	2	X	517508652
157968114	56178867	84	M	1	0	X	X
158057496	56176910	80	M	1	0	X	X
158057498	56177704	80	M	1	0	X	X
158139708	56184592	88	F	1	0	X	X
158280576	56182693	71	F	1	0	X	X
158280578	56177972	71	F	1	0	X	X
158280581	56179568	71	F	1	0	X	X
158306356	56179431	32	M	8	1	X	517508157
158306357	56179431	36	F	1	0	X	517507827
158306360	56182611	32	M	8	1	X	517508235
158306361	56182611	36	F	1	0	X	517508066
158306365	56179615	36	F	1	0	X	517508002
158306395	56179580	36	F	1	0	X	517508463
158306398	56182591	32	M	8	1	X	517507587
158306403	56179935	36	F	1	0	X	517508283
158306405	56180392	36	F	1	0	X	517507309
158465618	56183083	35	M	1	0	X	517507273
158763154	56177657	82	M	1	0	X	X
158825620	56182862	38	M	1	0	X	517663184
158825621	56182862	15	M	1	2	450096777	X
158825622	56182862	14	F	1	2	450096777	X
158825631	56180320	42	F	1	1	X	X
158825632	56180320	38	M	1	0	X	517663328
158825633	56180320	15	M	1	2	450096777	X
158825634	56180320	14	F	1	2	450096777	X
158825655	56179186	42	F	1	1	X	X
158825663	56184428	42	F	1	1	X	X
158825664	56184428	38	M	1	0	X	517508563
158825665	56184428	15	M	1	2	450096777	X
158825666	56184428	14	F	1	2	450096777	X
158882517	56184345	39	F	1	0	X	517508057
158882518	56184345	54	M	1	1	X	517508239
158882525	56184999	17	M	1	2	450058646	517507364
158882526	56184999	39	F	1	0	X	517508421
158882540	56184506	17	M	1	2	450058646	517507681
158882541	56184506	39	F	1	0	X	517508820
158882542	56184506	54	M	1	1	X	517508779
158882550	56180091	39	F	1	0	X	517508591
158882564	56178647	17	M	1	2	450058646	517662850
158882566	56178647	54	M	1	1	X	517508593
159293696	56183493	31	F	1	0	X	517507324
159293698	56181536	31	F	1	0	X	517508515
159293702	56183300	31	F	1	0	X	517508726
159293703	56183366	31	F	1	0	X	517508396
159293714	56183478	31	F	1	0	X	517508770
159322218	56185564	74	M	1	1	X	X
159322233	56180724	67	F	1	0	X	X
159322234	56180724	74	M	1	1	X	X
159562315	56180094	47	F	1	1	X	517663324
159562316	56180094	54	M	1	0	X	517507827
159562341	56181158	47	F	1	1	X	517508495
159683226	56180486	57	M	1	0	X	517662794
159683247	56178806	18	F	1	2	450096777	X
159748782	56177221	65	F	1	0	X	517508873
159748803	56177097	44	M	1	2	X	517662850
159748804	56177097	65	F	1	0	X	517662850
159748805	56178304	44	M	1	2	X	517508002
159748806	56178304	65	F	1	0	X	517662850
159748809	56185522	44	M	1	2	X	517508447
160131397	56178352	61	F	1	1	X	X
160131413	56177256	61	F	1	1	X	X
160131417	56181869	61	F	1	1	X	X
160284854	56178980	68	M	9	0	X	X
160284855	56178980	29	M	9	2	X	517508839
160284867	56185267	29	M	9	2	X	517508193
160284880	56184916	5	F	9	5	450091718	X
160284882	56184916	29	M	9	2	X	517508002
160321945	56181771	49	M	1	7	X	517508057
160321946	56181771	49	F	1	0	X	517507558
160321971	56181352	53	M	1	1	X	517663146
160321993	56178217	49	M	1	7	X	517662923
160321994	56178217	49	F	1	0	X	517662847
160321995	56178217	53	M	1	1	X	517662850
160321999	56181445	49	M	1	7	X	517507560
160322000	56181445	49	F	1	0	X	506881715
160322001	56181445	53	M	1	1	X	517507970
160442642	56180184	26	F	1	0	X	517662889
160442643	56180184	25	M	1	10	X	X
160550364	56184845	61	F	1	1	X	517508569
160550365	56184845	65	M	1	0	X	517508057
160550368	56178410	65	M	1	0	X	517663183
160550369	56178410	10	F	1	5	450091718	X
160935302	56177944	49	F	1	0	X	517507561
160935317	56178005	5	M	9	2	X	X
160935318	56178005	49	F	1	0	X	517663315
161312830	56179141	8	M	1	2	450096761	X
161312831	56179141	33	M	1	1	X	517508719
161312832	56179141	37	F	1	0	X	517508804
161312860	56184216	37	F	1	0	X	517507293
161312908	56185089	37	F	1	0	X	517507721
161312913	56178990	12	M	1	2	450096778	X
161312915	56178990	33	M	1	1	X	517508057
161312921	56179636	12	M	1	2	450096778	X
161312923	56179636	33	M	1	1	X	517508166
161356846	56177497	35	M	1	0	X	503067775
161356858	56182742	35	M	1	0	X	517507845
161356860	56181084	35	M	1	0	X	517507877
161376928	56181698	66	F	1	1	X	X
161376934	56180736	66	F	1	1	X	X
161376935	56180736	64	M	1	0	X	X
161376938	56178516	66	F	1	1	X	X
161376939	56178516	64	M	1	0	X	X
161455655	56177706	78	F	1	1	X	X
161460294	56177312	83	M	1	0	X	X
161460295	56177402	83	M	1	0	X	X
161460296	56179108	83	M	1	0	X	X
161460302	56184177	83	M	1	0	X	X
161606198	56182783	50	M	1	0	X	517507930
161606199	56182783	51	F	1	1	X	517507827
161606204	56180068	50	M	1	0	X	517508358
161606205	56180068	51	F	1	1	X	517508752
161606220	56181542	50	M	1	0	X	517663337
161606221	56181542	51	F	1	1	X	517508057
161606223	56184827	51	F	1	1	X	517507261
161652080	56184277	8	M	1	2	450096761	X
161652082	56184277	28	F	1	0	X	517508510
161652089	56179555	8	M	1	2	450096761	X
161652091	56179555	28	F	1	0	X	517508717
161652094	56178525	28	F	1	0	X	510063133
161703284	56178035	58	F	1	1	X	517507324
161703289	56185607	64	M	1	0	X	517508002
161802047	56179772	71	M	1	0	X	X
161802048	56181374	70	F	1	1	X	X
161802063	56185246	71	M	1	0	X	X
161922046	56180506	81	F	1	0	X	X
161922047	56180506	82	M	1	1	X	X
161947377	56184906	49	M	1	1	X	517508109
161947379	56184906	11	F	1	2	450091718	X
161947380	56184906	47	F	1	0	X	517507997
161947405	56181188	49	M	1	1	X	517662682
161947406	56181188	13	M	1	2	450096778	X
161947408	56181188	47	F	1	0	X	517508510
161947479	56180956	11	F	1	2	450096778	X
161947480	56180956	47	F	1	0	X	506980680
161947489	56185405	49	M	1	1	X	517508057
161947490	56185405	13	M	1	2	450091718	X
161947491	56185405	11	F	1	2	450091718	X
162044704	56184240	40	F	1	0	X	517663338
162044706	56181019	40	F	1	0	X	517508538
162044717	56178963	40	F	1	0	X	517508563
162044721	56184470	40	F	1	0	X	517508057
162044730	56183937	40	F	1	0	X	517663177
162044732	56184310	40	F	1	0	X	517508673
162044735	56183122	40	F	1	0	X	517662850
162044736	56181535	40	F	1	0	X	517663129
162044738	56184044	40	F	1	0	X	517508290
162044743	56181880	40	F	1	0	X	517508002
162044744	56184349	40	F	1	0	X	517508096
162044752	56182844	40	F	1	0	X	517508735
162044760	56181801	40	F	1	0	X	517663327
162044763	56180019	40	F	1	0	X	517507827
162044764	56182574	40	F	1	0	X	517507628
162106991	56179119	62	F	1	1	X	517507933
162110562	56179744	67	M	1	0	X	X
162110565	56177791	67	M	1	0	X	X
162110602	56178751	61	F	1	3	X	X
162110603	56178751	47	F	1	9	X	X
162110622	56178716	67	M	1	0	X	X
162110623	56178716	61	F	1	3	X	X
162110624	56178716	47	F	1	9	X	X
162110664	56185220	67	M	1	0	X	X
162110665	56185220	61	F	1	3	X	X
162110666	56185220	47	F	1	9	X	X
162110667	56177445	67	M	1	0	X	X
162110668	56177445	61	F	1	3	X	X
162110669	56177445	47	F	1	9	X	X
162110676	56183220	67	M	1	0	X	X
162110677	56183220	61	F	1	3	X	X
162110689	56176998	61	F	1	3	X	X
162110691	56178208	67	M	1	0	X	X
162110693	56178208	47	F	1	9	X	X
162120110	56179257	51	M	1	0	X	517508002
162120114	56177996	51	M	1	0	X	517662868
162120116	56179206	51	M	1	0	X	517507500
162174572	56183177	68	M	1	0	X	X
162174573	56183177	67	F	1	1	X	X
162304535	56185499	13	M	1	2	450091718	X
162320015	56183635	58	F	1	0	X	517507715
162535428	56184356	19	F	1	0	X	517508057
162535429	56184356	22	M	1	9	X	517508014
162535430	56184415	19	F	1	0	X	501427989
162535431	56184415	22	M	1	9	X	517508804
162535458	56183048	19	F	1	0	X	517507932
162535497	56182736	22	M	1	9	X	517508553
162700206	56183584	19	M	1	10	X	517508466
162700207	56183584	23	F	1	0	X	X
162750339	56180678	66	F	1	1	X	X
162868807	56179045	67	F	1	0	X	X
162868824	56181544	63	M	1	1	X	517508179
162868825	56181544	67	F	1	0	X	X
163140719	56185058	58	F	1	0	X	517508351
163140720	56185058	63	M	1	1	X	517508162
163140721	56185199	58	F	1	0	X	517507363
163140722	56185199	63	M	1	1	X	517508057
163140723	56176930	58	F	1	0	X	517508726
163140724	56176930	63	M	1	1	X	517662850
163140730	56177701	63	M	1	1	X	517663177
163140738	56178174	63	M	1	1	X	517507673
163140748	56185575	63	M	1	1	X	517507818
163140751	56185531	58	F	1	0	X	517508002
163140752	56185531	63	M	1	1	X	517662850
163140765	56182590	58	F	1	0	X	517508057
163140766	56182590	63	M	1	1	X	517508520
163140776	56180912	63	M	1	1	X	517507633
163154767	56184833	6	M	1	2	450091718	X
163154768	56184833	1	F	1	2	X	X
163154816	56184618	39	F	1	0	X	517508057
163154841	56181379	39	F	1	0	X	517508086
163154842	56181379	6	M	1	2	450096761	X
163154843	56181379	1	F	1	2	X	X
163154907	56184890	6	M	1	2	450091718	X
163154909	56184890	32	M	1	9	X	517662850
163154930	56177360	16	F	9	2	450096777	517662730
163154931	56177360	39	F	1	0	X	517507314
163154932	56177360	6	M	1	2	450096761	X
163154933	56177360	1	F	1	2	X	X
163154946	56177245	39	F	1	0	X	517662753
163154948	56177245	1	F	1	2	X	X
163154949	56177245	32	M	1	9	X	517508057
163155000	56182057	16	F	9	2	450096777	517508538
163155002	56182057	6	M	1	2	450091718	X
163155004	56182057	32	M	1	9	X	517663159
163155010	56184392	16	F	9	2	450096777	517663343
163155011	56184392	39	F	1	0	X	517508578
163155012	56184392	6	M	1	2	450096761	X
163155013	56184392	1	F	1	2	X	X
163155014	56184392	32	M	1	9	X	517508857
163301088	56179152	58	M	1	0	X	X
163301093	56181916	58	M	1	0	X	X
163301110	56179271	58	M	1	0	X	X
163338815	56185656	66	M	1	0	X	X
163375976	56183666	44	F	1	1	X	517507634
163375977	56183666	16	M	1	2	450096777	X
163375978	56183666	12	M	1	2	450096778	X
163375985	56184874	16	M	1	2	450096777	X
163375986	56184874	12	M	1	2	450091718	X
163376000	56184693	44	F	1	1	X	517507587
163376001	56184693	16	M	1	2	450096777	X
163376002	56184693	12	M	1	2	450091718	X
163376024	56181219	44	F	1	1	X	517507984
163376025	56181219	16	M	1	2	450096777	X
163376034	56177886	12	M	1	2	450100228	X
163528296	56182068	16	F	1	2	450096777	517508197
163528302	56183818	14	M	1	2	450096778	X
163528304	56183818	16	F	1	2	450096777	517508442
163550950	56183900	15	F	1	2	450096777	X
163550951	56183900	35	M	1	1	X	517508483
163550996	56182000	13	F	1	2	450096778	X
163551009	56181136	35	F	1	0	X	517507827
163551010	56181136	15	F	1	2	450096777	X
163551012	56181136	13	F	1	2	450096778	X
163655484	56181746	56	F	1	1	X	506878255
163655486	56180906	56	F	1	1	X	517662807
163655496	56178203	56	F	1	1	X	517508396
163655503	56183294	59	M	1	0	X	501426236
163655508	56176895	56	F	1	1	X	517662730
163655516	56181322	56	F	1	1	X	517507582
163655517	56181322	59	M	1	0	X	517508739
163851643	56179640	28	M	1	1	X	517508057
163851644	56179640	29	F	1	0	X	517507702
163851650	56184050	29	F	1	0	X	517507932
163851658	56183605	29	F	1	0	X	517508867
163905628	56183074	46	M	1	0	X	517508871
163905639	56178705	18	F	1	2	450096777	X
163977892	56183288	22	M	1	1	X	517662847
163977893	56183288	21	F	1	0	X	517662850
163977914	56183557	22	M	1	1	X	517507495
163977930	56182711	22	M	1	1	X	517507767
163977931	56182711	21	F	1	0	X	517508836
163977951	56178789	21	F	1	0	X	517507895
164156837	56177167	75	F	1	0	X	X
164156841	56185520	75	F	1	0	X	X
164156842	56181190	75	F	1	0	X	X
164172474	56180187	51	M	1	0	X	517508159
164172476	56180187	23	F	1	2	X	X
164172509	56183249	23	F	1	2	X	X
164172532	56180030	50	F	1	1	X	X
164172533	56180030	23	F	1	2	X	X
164172550	56177866	50	F	1	1	X	X
164186087	56183945	86	F	1	0	X	X
164355291	56180749	24	F	1	1	X	517508860
164355305	56178619	24	F	1	1	X	517508066
164632778	56179175	52	M	1	0	X	517508756
164632779	56179175	49	F	1	1	X	517508002
164632789	56179789	49	F	1	1	X	514203970
164645697	56178767	11	F	1	2	450097548	X
164645698	56178767	10	F	1	2	450097548	X
164645706	56180563	10	F	1	2	450091718	X
164645708	56180563	29	F	1	1	X	517507616
164645710	56185516	10	F	1	2	450091718	X
164645711	56185516	45	M	1	0	X	517507815
164645717	56179021	11	F	1	2	450096778	X
164645719	56179021	45	M	1	0	X	517508756
164645720	56179021	29	F	1	1	X	517508563
164729713	56177942	4	M	9	2	450094430	X
164729717	56177824	4	M	9	2	450094430	X
164729724	56177988	44	M	2	0	X	517663173
164729736	56177960	44	M	2	0	X	517508171
164729742	56177799	44	M	2	0	X	517663328
164729743	56177799	4	M	9	2	450094430	X
164739195	56185487	14	M	1	2	450091718	X
164739196	56185487	48	F	1	0	X	517507608
164739198	56185487	18	M	1	2	450096777	X
164739229	56181882	47	M	1	1	X	517507599
164739230	56181882	18	M	1	2	450096777	X
164739231	56180914	14	M	1	2	450096778	X
164739241	56183500	47	M	1	1	X	517508750
164935649	56182920	2	M	1	2	X	X
165080410	56178487	70	F	1	0	X	517507958
165080427	56181408	70	F	1	0	X	517507994
165161965	56180024	24	F	1	1	X	517507892
165161966	56180024	26	M	1	0	X	517507673
165168794	56177248	27	F	1	0	X	503022692
165168795	56177248	36	F	1	9	X	517508803
165168800	56183877	27	F	1	0	X	517507261
165168801	56183877	36	F	1	9	X	517507764
165168802	56183341	27	F	1	0	X	517508214
165168843	56185664	36	F	1	9	X	517508013
165669040	56176781	27	M	1	0	X	517662794
165669057	56181420	27	M	1	0	X	517507719
165669060	56183345	27	M	1	0	X	517507732
165669066	56182534	27	M	1	0	X	517508110
165669073	56183252	27	M	1	0	X	517508428
165669079	56178266	27	M	1	0	X	517509372
165669093	56184354	27	M	1	0	X	517508499
165669101	56180077	27	M	1	0	X	517508776
165669104	56181740	27	M	1	0	X	517662850
165707527	56178845	72	F	1	1	X	X
165707545	56177713	72	F	1	1	X	X
165707548	56177073	73	M	1	0	X	517508693
165804182	56183653	1	F	1	2	X	X
165804183	56179997	33	M	1	0	X	517663328
165831021	56179844	5	M	1	2	450094430	X
165831022	56179844	36	M	1	0	X	517508426
165831023	56179844	35	F	1	1	X	517507517
165831024	56179844	13	M	1	2	450091718	X
165831030	56177175	36	M	1	0	X	517662712
165831031	56177175	35	F	1	1	X	517507807
165831032	56177175	13	M	1	2	450096778	X
165852041	56178431	1	F	1	2	X	X
165852043	56178431	27	F	1	0	X	517508140
165852044	56179601	29	M	1	1	X	517508057
165852047	56179601	27	F	1	0	X	517508881
165852061	56179432	1	F	1	2	X	X
165852062	56179432	4	F	1	2	X	X
165852080	56178144	29	M	1	1	X	517508538
165852081	56178144	1	F	1	2	X	X
165852083	56178144	27	F	1	0	X	517507587
165982653	56180785	63	M	1	0	X	517507261
165982654	56180785	12	M	1	2	450067304	X
165982656	56180785	14	M	1	2	450067304	X
166042868	56185686	73	M	1	0	X	X
166042870	56184743	73	M	1	0	X	X
166042881	56176997	62	F	1	1	X	X
166150249	56181743	57	F	1	1	X	517508622
166278473	56179313	38	M	1	1	X	517508353
166278474	56179313	14	F	1	2	450096777	X
166278511	56179142	5	F	1	2	450058854	X
166278513	56179142	38	M	1	1	X	517508358
166278515	56179142	17	M	1	2	450096777	517508756
166278618	56181651	38	M	1	1	X	517507582
166278619	56181651	14	F	1	2	450096777	X
166278621	56177756	5	F	1	2	450066968	X
166278622	56177756	39	F	1	0	X	X
166278625	56177756	17	M	1	2	450096777	517508002
166278673	56179839	38	M	1	1	X	517508200
166278675	56179839	17	M	1	2	450096777	517507907
166278681	56182231	5	F	1	2	450066968	X
166278683	56182231	38	M	1	1	X	517662730
166278684	56182231	14	F	1	2	450096777	X
166278782	56183030	39	F	1	0	X	X
166278783	56183030	38	M	1	1	X	517507961
166278789	56178788	14	F	1	2	450096777	X
166278790	56178788	17	M	1	2	450096777	517508140
166278811	56184235	5	F	1	2	450058854	X
166278814	56184235	14	F	1	2	450096777	X
166322519	56184990	52	F	8	0	X	X
166322539	56185081	52	F	8	0	X	X
166674239	56180671	53	F	1	0	X	517507696
166674240	56181344	53	F	1	0	X	517508644
166674243	56181493	53	F	1	0	X	517508002
166674258	56181319	53	F	1	0	X	517508756
166674266	56182779	53	F	1	0	X	517508103
166674268	56180466	53	F	1	0	X	514190585
166744596	56183576	48	M	1	0	X	517662850
166744598	56182659	48	M	1	0	X	517508177
166744609	56180235	3	M	1	2	X	X
166744634	56179207	48	M	1	0	X	517662850
166744636	56177527	48	M	1	0	X	517663123
166788119	56182418	63	M	1	0	X	517508801
166788121	56182418	52	M	1	12	X	517508420
166788122	56182418	57	F	1	1	X	517508014
166788140	56185365	29	M	1	12	X	X
166788141	56185365	52	M	1	12	X	517508499
166788142	56185365	57	F	1	1	X	517507622
166788184	56181873	29	M	1	12	X	X
166788186	56181873	57	F	1	1	X	517507838
166788187	56178521	63	M	1	0	X	517508336
166788189	56178521	52	M	1	12	X	517662923
166788190	56178521	57	F	1	1	X	517509019
166788231	56180630	63	M	1	0	X	506979785
166788234	56180630	57	F	1	1	X	517508107
166788251	56180636	63	M	1	0	X	506877249
166788253	56180636	52	M	1	12	X	517508881
166788254	56180636	57	F	1	1	X	517507600
166791842	56178935	64	M	1	0	X	517508283
166791843	56178935	65	F	1	1	X	X
166994954	56181599	13	M	1	2	450096778	X
166994955	56181599	46	F	1	1	X	517663295
166994956	56181599	14	M	1	2	450096777	X
166994957	56181673	46	M	1	0	X	517508428
166994958	56181673	14	M	1	2	450096777	X
166994960	56181673	46	F	1	1	X	517508451
166994961	56181673	14	M	1	2	450096777	X
166994966	56178790	14	M	1	2	450096777	X
166994968	56181256	14	M	1	2	450096777	X
166994971	56181256	14	M	1	2	450096777	X
167252031	56180449	20	F	1	5	X	X
167252035	56177986	55	F	1	0	X	517508464
167322718	56181261	61	F	1	1	X	X
167322722	56182167	61	F	1	1	X	X
167322735	56179209	64	M	1	0	X	X
167343381	56179519	16	F	1	7	450096777	X
167343382	56179519	0	M	1	5	X	X
167343383	56179519	41	F	1	3	X	X
167343385	56179519	8	F	1	2	450096761	X
167343388	56179519	47	M	1	1	X	X
167343389	56179519	36	F	1	0	X	X
167343390	56179519	7	M	1	7	450096761	X
167343403	56181851	16	F	1	7	450096777	X
167343404	56181851	0	M	1	5	X	X
167343410	56181851	47	M	1	1	X	X
167343411	56181851	36	F	1	0	X	X
167343412	56181851	7	M	1	7	450096761	X
167343448	56184432	0	M	1	5	X	X
167343450	56184432	6	M	1	2	450096761	X
167343451	56184432	8	F	1	2	450096761	X
167343453	56184432	20	F	1	2	X	X
167343454	56184432	47	M	1	1	X	X
167343455	56184432	36	F	1	0	X	X
167343456	56184432	7	M	1	7	450096761	X
167343479	56182140	2	M	1	7	X	X
167343481	56182140	0	M	1	5	X	X
167343482	56182140	41	F	1	3	X	X
167343483	56182140	6	M	1	2	450096761	X
167343484	56182140	8	F	1	2	450091718	X
167343486	56182140	20	F	1	2	X	X
167343755	56182560	16	F	1	7	450096777	X
167343757	56182560	41	F	1	3	X	X
167343758	56182560	6	M	1	2	450096761	X
167343759	56182560	8	F	1	2	450091718	X
167343760	56182560	14	F	1	2	450091718	X
167343761	56182560	20	F	1	2	X	X
167343762	56182560	47	M	1	1	X	X
167343798	56184414	2	M	1	7	X	X
167343803	56184414	8	F	1	2	450096761	X
167343804	56184414	14	F	1	2	450096778	X
167343805	56184414	20	F	1	2	X	X
167343806	56184414	47	M	1	1	X	X
167343807	56184414	36	F	1	0	X	X
167343820	56179635	2	M	1	7	X	X
167343823	56179635	41	F	1	3	X	X
167343824	56179635	6	M	1	2	450096761	X
167343825	56179635	8	F	1	2	450096761	X
167343830	56179635	7	M	1	7	450096761	X
167343831	56182230	2	M	1	7	X	X
167343832	56182230	16	F	1	7	450096777	X
167343833	56182230	0	M	1	5	X	X
167343841	56182230	7	M	1	7	450096761	X
167343875	56182589	2	M	1	7	X	X
167343877	56182589	0	M	1	5	X	X
167343878	56182589	41	F	1	3	X	X
167343880	56182589	8	F	1	2	450091718	X
167343882	56182589	20	F	1	2	X	X
167343884	56182589	36	F	1	0	X	X
167343885	56182589	7	M	1	7	450096761	X
167343886	56181291	2	M	1	7	X	X
167343889	56181291	41	F	1	3	X	X
167343890	56181291	6	M	1	2	450096761	X
167343891	56181291	8	F	1	2	450096761	X
167343893	56181291	20	F	1	2	X	X
167343896	56181291	7	M	1	7	450096761	X
167343931	56182708	16	F	1	7	450096777	X
167343932	56182708	0	M	1	5	X	X
167343934	56182708	6	M	1	2	450096761	X
167343935	56182708	8	F	1	2	450091718	X
167343937	56182708	20	F	1	2	X	X
167343942	56181983	16	F	1	7	450096777	X
167343944	56181983	41	F	1	3	X	X
167343945	56181983	6	M	1	2	450096761	X
167343949	56181983	47	M	1	1	X	X
167343950	56181983	36	F	1	0	X	X
167343951	56181983	7	M	1	7	450096761	X
167343965	56178377	0	M	1	5	X	X
167343966	56178377	41	F	1	3	X	X
167343967	56178377	6	M	1	2	450096761	X
167343968	56178377	8	F	1	2	450091718	X
167343973	56178377	7	M	1	7	450096761	X
167343985	56184282	2	M	1	7	X	X
167343986	56184282	16	F	1	7	450096777	X
167343987	56184282	0	M	1	5	X	X
167343988	56184282	41	F	1	3	X	X
167343990	56184282	8	F	1	2	450096761	X
167343991	56184282	14	F	1	2	450096778	X
167343992	56184282	20	F	1	2	X	X
167344128	56179514	2	M	1	7	X	X
167344129	56179514	16	F	1	7	450096777	X
167344130	56179514	0	M	1	5	X	X
167344132	56179514	6	M	1	2	450096761	X
167344133	56179514	8	F	1	2	450096761	X
167344135	56179514	20	F	1	2	X	X
167344136	56179514	47	M	1	1	X	X
167344137	56179514	36	F	1	0	X	X
167408476	56181205	59	M	1	0	X	X
167425275	56185655	21	F	9	0	X	517508727
167425276	56185655	2	F	9	2	X	X
167494461	56179494	67	F	1	0	X	517508057
167511358	56176785	85	M	1	0	X	X
167886572	56182025	84	M	1	0	X	X
167886588	56181930	84	M	1	0	X	X
167886593	56178986	84	M	1	0	X	X
167886600	56182384	84	M	1	0	X	X
167886601	56179049	84	M	1	0	X	X
168374385	56179189	79	F	1	1	X	X
168555079	56182312	13	F	1	2	450091718	X
168555081	56182312	48	M	1	0	X	517662695
168555094	56181706	16	F	1	2	450096777	X
168555095	56181706	13	F	1	2	450096778	X
168555103	56182339	13	F	1	2	450096778	X
168555104	56182339	50	F	1	1	X	517508868
168555186	56182435	16	F	1	2	450096777	X
168555187	56182435	13	F	1	2	450096778	X
168555189	56182435	48	M	1	0	X	517507928
168651100	56178658	48	M	1	0	X	517508103
168651101	56178658	19	M	1	2	X	517508063
168651133	56181233	48	M	1	0	X	517507288
168651134	56181233	19	M	1	2	X	517663328
168651135	56181233	47	F	1	1	X	517508057
168651140	56181238	19	M	1	2	X	517507827
168651142	56182975	48	M	1	0	X	517507587
168651144	56182975	47	F	1	1	X	501427806
168651146	56178692	19	M	1	2	X	517508307
168651151	56180496	48	M	1	0	X	517508428
168651169	56178549	48	M	1	0	X	517663165
168651196	56177305	48	M	1	0	X	517508358
168651197	56177305	19	M	1	2	X	509155045
168651199	56185195	48	M	1	0	X	517507772
168651201	56185195	47	F	1	1	X	517507368
168651437	56179745	32	M	1	10	X	517508057
168651448	56180108	26	F	1	0	X	517508804
168754270	56179600	66	F	1	1	X	X
168883946	56185321	66	F	1	1	X	517507728
168883954	56185593	66	F	1	1	X	517507974
168973557	56184174	7	M	1	2	450096761	X
168973559	56184174	27	F	1	1	X	X
168973565	56177309	7	M	1	2	450091718	X
168973566	56177309	5	F	1	2	450094430	X
169165817	56177225	49	F	1	0	X	517663177
169165825	56184961	49	F	1	0	X	517508867
169165826	56184961	52	M	1	9	X	517508093
169165828	56182344	52	M	1	9	X	514191263
169165841	56184090	49	F	1	0	X	517507281
169165842	56184090	52	M	1	9	X	517663324
169165847	56178772	49	F	1	0	X	517662838
169165855	56185261	49	F	1	0	X	517508166
169377511	56185086	42	M	1	1	X	517508002
169377555	56181302	42	M	1	1	X	517507582
169377557	56181302	12	M	1	2	450096778	X
169377558	56181302	44	F	1	0	X	517662850
169578321	56184251	19	M	1	0	X	X
169578326	56184425	40	M	1	4	X	X
169685361	56183705	22	M	1	2	X	517508103
169685363	56183705	58	M	1	0	X	X
169685364	56183705	61	F	1	1	X	X
169685403	56178286	58	M	1	0	X	X
169685421	56181859	22	M	1	2	X	517507690
169685423	56181859	58	M	1	0	X	X
169685442	56178331	41	M	1	2	X	503068832
169685443	56178331	58	M	1	0	X	X
169685444	56178331	61	F	1	1	X	X
169685451	56181888	58	M	1	0	X	X
169685497	56184829	22	M	1	2	X	517662794
169685499	56184829	58	M	1	0	X	X
169685500	56184829	61	F	1	1	X	X
169685502	56176916	41	M	1	2	X	517662850
169685504	56176916	61	F	1	1	X	X
169685529	56182053	22	M	1	2	X	517508166
169685532	56182053	61	F	1	1	X	X
169685567	56181003	58	M	1	0	X	X
169799275	56184679	53	F	9	1	X	X
169799276	56184679	62	M	1	0	X	X
169799284	56183623	62	M	1	0	X	X
169799299	56178892	53	F	9	1	X	X
169799300	56178892	62	M	1	0	X	X
169855384	56178021	44	F	2	2	X	517662850
169855387	56177919	66	F	2	0	X	X
169855389	56178031	66	F	2	0	X	X
169855392	56177911	44	F	2	2	X	517508726
169855395	56177915	66	F	2	0	X	X
169962325	56178860	58	M	1	0	X	517508016
170096772	56183339	47	M	1	0	X	517507676
170096778	56184832	47	M	1	0	X	517507696
170096781	56178430	46	F	1	1	X	517662850
170096783	56176859	46	F	1	1	X	517663321
170096786	56179043	47	M	1	0	X	517508002
170096802	56178143	47	M	1	0	X	517508182
170096803	56178143	46	F	1	1	X	517507696
170096808	56184660	47	M	1	0	X	517507561
170096809	56184660	46	F	1	1	X	517508686
170482979	56185302	56	M	1	0	X	517662879
170482980	56185302	48	F	1	1	X	X
170562912	56180625	52	F	1	1	X	517507818
170562914	56182905	52	F	1	1	X	517508707
170562915	56182905	43	M	1	0	X	517508128
170562927	56182430	43	M	1	0	X	517662879
170562930	56184429	52	F	1	1	X	517508499
170562931	56184429	43	M	1	0	X	517508674
170603160	56178952	72	M	1	0	X	X
170603170	56180713	72	M	1	0	X	X
170603183	56179096	69	F	1	1	X	X
170706443	56184125	37	M	1	0	X	517508589
170706454	56183957	37	M	1	0	X	501428504
170706461	56179542	37	M	1	0	X	517508057
170706470	56180962	37	M	1	0	X	517507827
170706477	56181504	37	M	1	0	X	517508057
170706487	56181300	37	M	1	0	X	517508372
170706488	56180168	37	M	1	0	X	517508804
170706489	56179846	37	M	1	0	X	517508103
170706490	56184583	37	M	1	0	X	517507276
170709971	56181108	59	M	1	0	X	517508575
170761006	56178907	51	F	1	0	X	517508057
171002815	56180326	81	F	1	0	X	X
171041104	56182164	47	F	1	1	X	517508470
171041109	56183340	47	M	1	0	X	517663174
171041125	56183314	47	M	1	0	X	517507324
171041126	56183314	47	F	1	1	X	517508803
171041138	56179770	47	F	1	1	X	517662692
171041141	56177775	47	M	1	0	X	517508300
171041142	56177775	47	F	1	1	X	517508057
171041154	56181571	47	F	1	1	X	517508097
171041156	56183443	47	F	1	1	X	517507898
171041165	56185007	47	M	1	0	X	517663174
171041166	56185007	47	F	1	1	X	517507942
171041167	56185649	47	M	1	0	X	517507508
171041171	56185682	47	M	1	0	X	517507953
171066673	56182106	67	M	1	10	X	X
171104130	56182369	18	M	1	2	450096777	517507600
171104131	56182369	45	F	1	1	X	517662801
171104135	56182694	51	M	1	0	X	517508555
171104136	56182694	18	M	1	2	450096777	517507364
171104137	56182694	45	F	1	1	X	517508057
171104147	56184984	51	M	1	0	X	517508166
171104148	56184984	18	M	1	2	450096777	517508307
171104149	56184984	45	F	1	1	X	517508652
171104155	56181996	45	F	1	1	X	517508420
171104163	56185373	18	M	1	2	450096777	517508499
171104165	56179369	51	M	1	0	X	517507294
171104167	56179369	45	F	1	1	X	517507827
171104181	56180359	18	M	1	2	450096777	517662794
171104184	56181540	18	M	1	2	450096777	517507827
171104190	56185683	18	M	1	2	450096777	517508644
171104191	56185683	45	F	1	1	X	517508520
171322528	56183806	24	M	1	0	X	517507582
171322530	56183421	24	M	1	0	X	517507953
171322540	56181114	24	M	1	0	X	517507932
171322546	56183695	24	M	1	0	X	517508350
171489227	56180711	46	M	1	1	X	X
171489230	56180711	15	F	1	2	450096777	X
171489239	56181398	46	M	1	1	X	X
171489242	56181398	15	F	1	2	450096777	X
171489277	56184239	7	M	1	2	450096761	X
171584831	56182169	48	M	1	1	X	X
171584901	56176920	16	M	1	2	450096777	517507405
171584909	56178209	16	M	1	2	450096777	503068792
171584910	56178209	58	F	1	0	X	517508693
171584915	56181799	48	M	1	1	X	X
171584916	56181799	17	M	1	2	450096777	517507687
171584917	56181799	16	M	1	2	450096777	517507900
171844786	56177656	43	M	1	0	X	517508516
171844790	56181086	43	M	1	0	X	517507884
171844791	56184892	43	M	1	0	X	517662725
171844792	56178062	43	M	1	0	X	517662730
171844794	56181929	43	M	1	0	X	517663305
171844795	56180057	43	M	1	0	X	517663254
171844797	56181364	43	M	1	0	X	517508891
171844807	56185107	43	M	1	0	X	517508247
171844809	56179934	43	M	1	0	X	517508426
171844813	56178724	43	M	1	0	X	517509354
171862777	56177907	61	F	1	0	X	517662847
171862780	56184998	61	F	1	0	X	517507878
171862789	56177843	61	F	1	0	X	517662919
171911778	56183237	44	F	1	0	X	X
172035621	56177485	64	M	1	10	X	517662923
172035639	56185026	64	M	1	10	X	517662850
172035640	56185026	64	F	1	0	X	517508591
172085401	56178827	59	F	1	1	X	517508615
172085408	56179458	71	M	1	0	X	517508283
172085409	56179458	59	F	1	1	X	517508364
172085423	56181475	59	F	1	1	X	517663264
172146367	56178219	48	M	1	0	X	517507563
172146394	56180141	48	M	1	3	X	506980150
172146395	56180141	48	M	1	0	X	517507517
172146418	56181682	48	M	1	3	X	517508351
172146422	56182280	48	M	1	3	X	517507578
172146423	56182280	48	M	1	0	X	517508002
172146432	56182354	48	M	1	3	X	517508395
172146433	56182354	48	M	1	0	X	506878729
172146486	56179102	48	M	1	3	X	517508834
172146487	56179102	48	M	1	0	X	517508541
172146492	56181898	48	M	1	3	X	517507804
172146493	56181898	48	M	1	0	X	517662868
172146502	56182148	48	M	1	3	X	517507582
172146524	56183043	48	M	1	3	X	517508623
172146525	56183043	48	M	1	0	X	517508404
172146537	56179303	48	M	1	0	X	517508869
172160638	56185631	15	M	1	2	450096777	X
172160640	56185631	13	M	1	2	450091718	X
172160641	56185631	42	M	1	0	X	517507822
172422706	56180650	6	M	1	5	450096761	X
172422708	56180650	69	F	1	1	X	X
172422709	56180650	32	F	1	2	X	517508179
172422710	56180650	32	M	1	2	X	517507364
172560022	56184433	11	M	1	2	450096778	X
172560023	56184433	9	F	1	2	450096761	X
172560025	56184433	32	F	3	0	X	517508563
172560161	56184228	14	M	1	2	450096778	X
172560162	56184228	11	M	1	2	450096778	X
172560164	56184228	5	M	1	2	450096761	X
172560165	56184228	32	F	3	0	X	517508732
172560197	56184275	11	M	1	2	450096778	X
172560198	56184275	9	F	1	2	450096761	X
172560200	56184275	32	F	3	0	X	517662850
172572900	56177778	81	F	1	0	X	X
172572902	56177284	81	F	1	0	X	X
172627508	56182715	57	F	1	0	X	517508013
172633505	56180738	2	M	1	2	X	X
172633506	56180738	40	F	1	0	X	517507827
172633507	56180738	39	M	1	1	X	517663146
172633508	56184876	3	F	1	2	X	X
172633510	56184876	40	F	1	0	X	517508299
172633535	56184630	39	M	1	1	X	517507144
172903128	56180150	67	M	1	0	X	X
172903132	56183023	67	M	1	0	X	X
172903138	56184395	67	M	1	0	X	X
172903922	56177955	1	F	1	2	X	X
172903925	56177955	27	M	1	1	X	503068801
172910737	56178659	7	M	1	2	450096761	X
172910741	56178659	13	M	1	2	450091718	X
172910760	56184086	9	M	1	2	450091718	X
173035663	56184123	60	F	1	1	X	X
173035664	56184123	60	M	1	0	X	517508107
173130567	56182763	62	F	1	1	X	517663324
173385766	56184427	65	F	1	0	X	X
173537141	56180093	53	M	1	0	X	517508510
173537143	56180093	19	M	1	2	X	X
173537160	56178976	52	F	1	1	X	517508739
173537161	56178976	53	M	1	0	X	517508242
173537184	56183512	52	F	1	1	X	517508311
173537185	56183512	53	M	1	0	X	517663328
173537189	56177310	53	M	1	0	X	517508179
173537191	56177310	19	M	1	2	X	X
173649012	56182405	42	F	1	0	X	517508563
173649018	56184435	42	F	1	0	X	517662850
173771781	56178503	74	F	1	0	X	517663324
173782200	56184051	84	M	1	0	X	X
174320019	56180747	52	M	1	0	X	517508179
174320046	56181198	49	F	1	1	X	517507521
174380926	56178999	35	M	1	5	X	517508086
174462581	56178862	14	F	1	2	450096777	X
174462583	56178862	47	M	1	0	X	517508002
174462604	56178364	12	F	1	2	450091718	X
174462605	56178364	14	F	1	2	450096777	X
174462608	56185169	12	F	1	2	450091718	X
174462610	56185169	48	F	1	1	X	517507587
174462616	56185580	12	F	1	2	450091718	X
174464351	56176801	48	F	1	1	X	517508057
174464354	56177010	49	M	1	0	X	517663173
174464378	56184835	49	M	1	0	X	517507738
174464385	56177002	48	F	1	1	X	517508697
174464386	56181730	49	M	1	0	X	517507696
174473152	56182034	92	F	1	0	X	X
174493714	56184608	13	F	1	2	450091718	X
174493716	56184608	40	F	1	1	X	517508128
174493750	56181477	13	F	1	2	450096778	X
174493751	56181477	15	F	1	2	450096777	X
174493752	56181477	40	F	1	1	X	517508881
174493769	56183106	43	M	1	0	X	517507351
174493771	56183106	15	F	1	2	450096777	X
174493777	56182322	43	M	1	0	X	517508179
174493778	56182322	13	F	1	2	450096778	X
174497671	56178433	5	M	1	2	X	X
174497672	56178433	34	F	1	1	X	X
174497685	56185231	2	M	1	2	X	X
174497688	56185231	34	F	1	1	X	X
174497709	56184082	2	M	1	2	X	X
174497712	56184082	34	F	1	1	X	X
174497738	56181752	45	M	1	0	X	517507658
174497739	56181752	5	M	1	2	X	X
174497740	56181752	34	F	1	1	X	X
174497741	56179629	2	M	1	2	X	X
174497742	56179629	45	M	1	0	X	517508002
174497760	56183362	34	F	1	1	X	X
174497825	56184756	2	M	1	2	X	X
174497827	56184756	5	M	1	2	X	X
174497828	56184756	34	F	1	1	X	X
174510285	56182627	36	M	1	0	X	517508404
174510287	56180037	36	M	1	0	X	517507494
174510292	56179489	36	M	1	0	X	517507297
174510299	56179702	36	M	1	0	X	517508238
174510304	56181516	36	M	1	0	X	517507862
174510309	56181617	36	M	1	0	X	517662880
174510326	56181832	36	M	1	0	X	517507804
174510336	56185452	36	M	1	0	X	517508756
174603602	56185677	48	M	1	1	X	517508086
174603603	56185677	46	F	1	0	X	517508179
174603604	56177267	48	M	1	1	X	517662730
174603606	56178558	48	M	1	1	X	517662923
174603607	56178558	46	F	1	0	X	517663180
174603612	56182222	48	M	1	1	X	517508628
174772276	56178308	74	F	1	0	X	X
174865064	56177849	10	M	1	2	450100228	X
174865065	56177849	46	F	1	1	X	X
174865088	56185617	10	M	1	2	450091718	X
174865089	56185617	46	F	1	1	X	X
174865090	56185617	48	M	1	0	X	517508572
175296114	56182207	53	F	1	1	X	514201255
175296123	56184991	53	F	1	1	X	501427775
175296139	56185271	18	M	1	2	450096777	517507293
175296140	56185271	53	M	1	0	X	517508624
175296141	56185271	53	F	1	1	X	517507495
175321156	56177051	50	F	1	0	X	517508002
175660269	56177339	53	M	1	0	X	517662923
175660279	56182756	53	M	1	0	X	517508096
175660283	56185598	53	M	1	0	X	517508636
175660287	56181725	53	M	1	0	X	517508843
175660290	56177364	49	F	1	1	X	517507827
175660291	56181945	53	M	1	0	X	506979724
175660292	56181945	49	F	1	1	X	517508057
175772549	56181185	43	M	1	0	X	517507580
175772567	56182039	43	M	1	0	X	517662745
176074725	56185262	44	F	1	0	X	517508092
176074726	56185262	16	M	1	2	450096777	517508877
176074727	56185262	44	M	1	1	X	X
176074740	56178600	44	F	1	0	X	517507582
176074741	56178600	16	M	1	2	450096777	517663166
176074742	56178600	44	M	1	1	X	X
176216534	56179487	53	M	1	1	X	517508057
176216535	56179487	51	F	1	0	X	517508242
176216555	56180185	51	F	1	0	X	517507484
176216565	56180832	51	F	1	0	X	517508283
176496292	56183613	26	M	1	0	X	517508086
176496303	56180138	26	M	1	0	X	517508428
176496321	56177815	26	M	1	0	X	517662850
176587961	56177103	56	M	1	1	X	517662923
176587966	56180289	54	F	1	0	X	X
176587987	56185416	56	M	1	1	X	517507744
176732766	56184234	76	F	1	0	X	517508559
177014755	56178050	65	F	1	0	X	X
177014766	56178148	65	F	1	0	X	X
177014767	56180801	65	F	1	0	X	X
177356039	56184254	34	M	1	0	X	517508002
177356046	56178668	34	M	1	0	X	517509014
177468603	56182274	8	F	1	2	450091718	X
177468604	56182274	40	F	1	1	X	517507391
177468607	56180708	10	M	1	2	450091718	X
177468611	56180708	44	M	1	0	X	517662682
177468624	56181656	40	F	1	1	X	517662794
177468625	56181656	17	F	1	2	450096777	X
177468626	56181656	44	M	1	0	X	517508752
177612022	56180317	44	F	1	0	X	517507988
177612024	56179752	44	F	1	0	X	517508297
177612039	56184555	44	F	1	0	X	517508127
177669246	56181564	50	M	1	0	X	517507997
177669248	56185352	50	M	1	0	X	517508428
177669249	56185352	42	M	1	9	X	517662850
177669254	56181589	50	M	1	0	X	517662850
177669255	56181589	42	M	1	9	X	517507502
177669268	56181852	50	M	1	0	X	517662923
177669282	56180655	50	M	1	0	X	517508470
177669284	56180716	50	M	1	0	X	517662850
177669293	56177067	42	M	1	9	X	517507623
177669294	56180965	50	M	1	0	X	517508411
177669296	56182261	50	M	1	0	X	517662701
177669297	56182261	42	M	1	9	X	517662850
177669298	56182292	50	M	1	0	X	517508441
177669299	56182292	42	M	1	9	X	517507494
177669318	56185360	50	M	1	0	X	517506172
177669342	56181485	50	M	1	0	X	506878750
177669343	56181485	42	M	1	9	X	517507855
177809718	56185532	38	M	1	1	X	517662701
177809719	56185532	10	F	1	2	450091718	X
177809721	56185532	35	F	1	0	X	X
177809722	56185532	16	F	1	2	450058646	X
177809779	56180512	10	F	1	2	450091718	X
177809780	56180512	14	M	1	2	450096778	X
177809781	56180512	35	F	1	0	X	X
177809783	56181616	38	M	1	1	X	517662850
177809785	56181616	14	M	1	2	450096778	X
177809787	56181616	16	F	1	2	450058646	X
177809808	56178311	38	M	1	1	X	517507281
177809809	56178311	10	F	1	2	450091718	X
177809829	56181289	10	F	1	2	450091718	X
177809830	56181289	14	M	1	2	450096778	X
177809832	56181289	16	F	1	2	450063600	X
177809859	56185037	10	F	1	2	450091718	X
177809861	56185037	35	F	1	0	X	X
177809862	56185037	16	F	1	2	450058854	X
177916197	56179338	55	M	1	0	X	X
177916204	56183755	55	M	1	0	X	X
177921156	56176845	35	M	1	10	X	517508110
177921157	56182145	42	M	1	0	X	517508014
177921197	56183989	42	M	1	0	X	517508388
177921198	56183989	35	M	1	10	X	517508483
177921202	56182717	35	M	1	10	X	517508147
177921211	56184503	42	M	1	0	X	517507806
177921212	56184503	35	M	1	10	X	517508013
178018475	56179416	37	M	1	0	X	517508499
178018478	56182329	37	M	1	0	X	517508110
178018479	56184576	37	M	1	0	X	517508276
178018496	56182997	37	M	1	0	X	517507640
178018504	56182389	37	M	1	0	X	506979537
178116996	56180432	55	M	1	1	X	514203998
178117027	56183694	56	F	1	0	X	517508775
178117028	56179936	55	M	1	1	X	517662850
178117032	56185729	55	M	1	1	X	517508881
178117033	56185729	56	F	1	0	X	517508726
178141754	56177765	53	M	1	1	X	517508869
178141755	56182498	53	F	1	0	X	517508834
178234274	56177026	81	M	1	1	X	X
178234278	56184113	81	M	1	1	X	X
178234279	56184113	84	F	1	0	X	X
178537999	56178541	50	F	1	1	X	517662850
178538000	56178541	62	M	1	0	X	509154932
178538013	56177525	50	F	1	1	X	517662850
178538014	56177525	62	M	1	0	X	517508595
178627084	56184292	22	M	1	0	X	517507276
178676244	56184562	24	F	1	1	X	517508059
178676245	56184194	31	M	1	0	X	517508057
179007566	56181872	63	M	1	0	X	517508179
179007570	56181642	63	M	1	0	X	514193133
179007571	56181642	59	F	1	3	X	517507503
179007582	56178887	63	M	1	0	X	517507324
179007583	56178887	59	F	1	3	X	517508437
179007595	56182116	59	F	1	3	X	517508093
179007603	56176824	59	F	1	3	X	517662730
179073913	56181110	26	M	1	6	X	517508057
179073914	56181110	56	F	1	0	X	517507936
179073915	56181110	1	M	1	5	X	X
179073963	56177039	26	M	1	6	X	517662850
179073964	56177039	56	F	1	0	X	517508765
179073965	56177039	1	M	1	5	X	X
179073967	56177039	55	M	1	1	X	517662850
179074153	56181415	26	M	1	6	X	517508356
179074154	56181415	56	F	1	0	X	517662753
179074155	56181415	1	M	1	5	X	X
179074157	56181415	55	M	1	1	X	517508345
179074173	56184648	26	M	1	6	X	517508096
179074174	56184648	56	F	1	0	X	517508851
179074175	56184648	1	M	1	5	X	X
179074177	56184648	55	M	1	1	X	517508097
179182745	56177330	8	M	1	2	450096761	X
179182746	56177330	37	M	1	0	X	517663095
179182758	56185166	37	M	1	0	X	517508792
179182785	56180565	37	M	1	0	X	517508451
179182789	56183914	40	F	1	1	X	517508345
179182790	56183914	8	M	1	2	450091718	X
179182792	56180607	40	F	1	1	X	517508179
179182793	56180607	8	M	1	2	450091718	X
179182808	56179306	8	M	1	2	450096761	X
179257448	56178033	52	M	1	1	X	517508636
179257454	56185004	52	M	1	1	X	517508871
179257455	56185004	48	F	1	0	X	517508110
179343086	56177554	37	M	1	0	X	517507506
179343091	56181786	37	M	1	0	X	506979986
179343106	56177340	37	M	1	0	X	517662850
179343109	56180844	37	M	1	0	X	517662878
179343111	56177969	37	M	1	0	X	517508057
179343122	56184571	37	M	1	0	X	517507745
179343137	56184667	37	M	1	0	X	517662850
179343142	56177365	37	M	1	0	X	517509354
179343143	56180883	37	M	1	0	X	517663095
179343148	56177321	37	M	1	0	X	503068975
179343159	56181949	37	M	1	0	X	517507587
179343162	56182782	37	M	1	0	X	517508291
179343168	56184360	37	M	1	0	X	517507587
179343171	56184361	37	M	1	0	X	517508057
179436157	56184026	62	M	1	0	X	X
179436179	56182426	62	M	1	0	X	X
179436184	56179163	59	F	1	1	X	X
179491633	56181737	18	M	1	2	X	517507516
179491635	56181737	42	F	1	1	X	517508014
179491636	56181737	15	M	1	2	450096777	X
179814654	56179699	41	F	1	1	X	517507933
179814656	56179699	12	F	1	2	450096778	X
179814657	56179699	16	F	1	2	450096777	517507293
179833030	56183600	59	M	1	0	X	X
179833031	56183260	59	M	1	0	X	X
179833039	56185508	59	M	1	0	X	X
179833043	56178825	59	M	1	0	X	X
179833058	56178589	59	M	1	0	X	X
179833061	56185567	59	M	1	0	X	X
179833062	56185361	59	M	1	0	X	X
179833063	56183307	59	M	1	0	X	X
179833066	56184870	59	M	1	0	X	X
179833068	56183698	59	M	1	0	X	X
179833070	56176926	59	M	1	0	X	X
179833073	56185170	59	M	1	0	X	X
180359111	56179538	42	M	8	9	X	517508141
180359137	56179561	42	M	8	9	X	517508057
180359138	56179561	25	M	1	0	X	517662847
180359145	56181068	42	M	8	9	X	517508322
180638826	56181834	47	F	1	1	X	X
180638827	56179071	50	M	1	0	X	517508057
180638834	56179383	47	F	1	1	X	X
180638837	56182432	50	M	1	0	X	517508358
180638838	56182432	47	F	1	1	X	X
180643921	56180967	48	F	1	0	X	517663282
180643929	56183648	48	F	1	0	X	517507728
180907479	56185191	50	M	1	0	X	517507815
181033787	56182673	21	F	1	2	X	517508200
181033799	56178456	21	F	1	2	X	517507815
181033800	56178456	41	F	1	1	X	517662850
181033821	56184302	41	F	1	1	X	517508317
181331500	56184856	60	M	1	0	X	517663177
181331511	56178241	60	M	1	0	X	517508017
181392340	56183553	55	M	1	1	X	517508092
181392356	56177430	55	M	1	1	X	517508756
181392357	56177430	56	F	1	0	X	X
181392368	56177695	55	M	1	1	X	517508516
181409869	56178342	84	F	1	0	X	X
181409871	56177594	84	F	1	0	X	X
181456382	56183402	17	M	1	2	450096777	517508513
181456383	56183402	48	F	1	1	X	517508673
181456384	56183402	47	M	1	0	X	517663177
181456385	56177223	17	M	1	2	450096777	517662741
181456386	56177223	48	F	1	1	X	517508187
181456388	56183094	17	M	1	2	450096777	517508426
181456400	56179030	17	M	1	2	450096777	517508057
181456401	56179030	48	F	1	1	X	517508358
181456406	56178409	17	M	1	2	450096777	517662850
181456407	56178409	48	F	1	1	X	517508283
181456413	56184644	48	F	1	1	X	517508057
181456414	56184644	47	M	1	0	X	517508592
181590321	56181323	46	M	1	10	X	506880276
181590322	56181323	53	F	1	0	X	517663257
181713006	56185320	42	F	1	0	X	517508636
181713007	56185320	1	M	1	2	X	X
181713008	56185320	39	M	1	1	X	517508109
181713067	56178695	1	M	1	2	X	X
181713068	56178695	39	M	1	1	X	517508259
181713072	56180737	42	F	1	0	X	517662682
181713073	56180737	1	M	1	2	X	X
181713074	56180737	39	M	1	1	X	517507580
181713078	56178357	42	F	1	0	X	517662850
181713080	56178357	39	M	1	1	X	517662850
181713081	56184341	42	F	1	0	X	517508023
181713090	56182467	42	F	1	0	X	517508646
181713107	56180879	39	M	1	1	X	517507827
181713123	56183850	42	F	1	0	X	517508405
181713124	56183850	1	M	1	2	X	X
181713125	56183850	39	M	1	1	X	517662838
181713128	56182630	39	M	1	1	X	517508014
181713144	56184451	42	F	1	0	X	517508732
181713145	56184451	1	M	1	2	X	X
181713146	56184451	39	M	1	1	X	517508696
181713150	56182242	42	F	1	0	X	517508314
181713152	56182242	39	M	1	1	X	517508470
181713154	56181050	1	M	1	2	X	X
181713155	56181050	39	M	1	1	X	517663328
181713156	56184097	42	F	1	0	X	517508166
181713160	56182932	1	M	1	2	X	X
181713173	56182423	39	M	1	1	X	517508116
181713174	56177649	42	F	1	0	X	517508236
181713179	56181324	39	M	1	1	X	517508871
181713180	56179004	42	F	1	0	X	517508296
181713181	56179004	1	M	1	2	X	X
181954756	56179092	5	M	1	2	450058854	X
181954758	56179092	34	F	1	0	X	517508653
181954771	56178318	3	M	1	2	X	X
181954773	56178318	36	M	1	1	X	517663273
182034098	56178846	79	M	1	0	X	517508499
182034100	56178823	79	M	1	0	X	517508002
182034113	56176851	79	M	1	0	X	517508021
182124163	56177810	58	M	1	0	X	509158401
182124164	56177818	58	M	1	0	X	517508866
182124166	56178193	58	M	1	0	X	517508002
182124168	56178856	58	M	1	0	X	517508281
182124170	56183630	58	M	1	0	X	517508179
182163563	56178879	47	M	1	0	X	517507827
182163571	56182937	47	M	1	0	X	517508396
182163589	56177379	47	M	1	0	X	506321033
182217084	56180768	80	M	1	0	X	X
182316481	56181519	14	F	1	2	450096778	X
182316482	56181519	48	F	1	1	X	517507355
182316483	56181519	52	M	1	0	X	517507276
182316502	56181966	48	F	1	1	X	517508179
182316503	56181966	52	M	1	0	X	517507623
182316504	56181966	16	M	1	2	450096777	X
182489555	56182451	60	F	1	1	X	517508825
182489556	56182451	60	M	1	0	X	517508657
182489560	56182084	25	F	1	2	X	X
182489565	56182419	60	M	1	0	X	517508801
182533243	56181340	20	M	1	2	X	517663314
182533267	56180975	20	M	1	2	X	517507818
182533282	56183192	47	F	1	0	X	517508721
182537225	56181351	31	F	1	1	X	X
182537226	56181351	10	F	1	2	450091718	X
182537247	56181390	9	F	1	2	450096761	X
182537248	56181390	29	M	1	0	X	517662896
182537250	56181390	10	F	1	2	450096761	X
182549782	56179107	39	F	1	0	X	517508259
182549786	56183984	39	F	1	0	X	517505220
182549790	56181759	39	F	1	0	X	517662870
182549809	56179003	39	F	1	0	X	517508002
182549810	56184159	39	F	1	0	X	517508727
182788812	56184214	93	M	1	1	X	X
182854803	56180787	51	F	1	1	X	X
182854810	56185258	57	M	1	0	X	X
182854813	56176970	51	F	1	1	X	X
183198638	56180992	39	F	1	0	X	517508247
183198639	56180992	17	M	1	2	450096777	517508451
183198640	56180992	28	M	1	7	X	X
183198641	56180992	47	M	1	1	X	517508451
183198703	56180462	17	M	1	2	450096777	517508774
183691537	56179836	26	F	1	0	X	517508451
183703773	56182890	65	F	1	0	X	X
183703779	56177851	65	F	1	0	X	X
183955852	56177173	8	M	1	2	450096761	X
183955856	56184005	8	M	1	2	450096761	X
183955857	56184005	5	F	1	2	450096761	X
183955860	56177783	8	M	1	2	450096761	X
183955861	56177783	5	F	1	2	450096761	X
183955862	56177783	44	M	1	1	X	506317429
183955863	56177783	41	F	1	0	X	X
183985620	56177939	53	F	1	0	X	X
183985625	56182046	57	M	1	1	X	X
183985642	56182558	53	F	1	0	X	X
184168109	56180133	60	M	1	1	X	517663305
184168110	56179281	58	F	1	0	X	517508169
184168114	56185085	58	F	1	0	X	517508618
184168119	56178624	60	M	1	1	X	517662850
184168122	56181491	58	F	1	0	X	517507309
184389063	56182657	38	M	1	0	X	517507608
184389071	56184620	38	M	1	0	X	517508109
184389083	56184293	38	M	1	0	X	517507500
184389096	56180863	38	M	1	0	X	517662919
184464050	56181331	5	M	1	2	450058854	X
184464051	56181331	27	F	1	0	X	517508801
184464052	56181331	31	M	1	1	X	517507600
184464056	56182704	27	F	1	0	X	517507582
184464057	56182704	31	M	1	1	X	517508128
184464228	56180153	6	F	1	2	450091718	X
184464230	56180153	5	M	1	2	450066968	X
184464231	56180153	27	F	1	0	X	517507525
184464254	56177319	9	M	1	2	450096761	X
184464255	56177319	5	M	1	2	450058854	X
184464295	56177302	5	M	1	2	450058854	X
184464296	56177302	27	F	1	0	X	517507846
184464297	56177302	31	M	1	1	X	517508002
184464323	56181122	6	F	1	2	450091718	X
184472613	56178524	69	F	1	0	X	X
184472618	56181767	69	F	1	0	X	X
184472621	56178287	69	F	1	0	X	X
184472626	56182830	69	F	1	0	X	X
184472632	56180357	69	F	1	0	X	X
184472644	56178072	69	F	1	0	X	X
184472648	56177577	69	F	1	0	X	X
184472653	56184882	69	F	1	0	X	X
184472654	56184716	69	F	1	0	X	X
184472656	56185069	69	F	1	0	X	X
184472663	56177488	69	F	1	0	X	X
184472664	56178504	69	F	1	0	X	X
184472672	56177943	69	F	1	0	X	X
184472682	56185154	69	F	1	0	X	X
184709908	56179531	22	F	1	1	X	517508057
184709916	56177065	22	F	1	1	X	509156925
184709931	56183434	25	M	1	0	X	517508775
184709932	56183434	22	F	1	1	X	517508112
184755358	56185097	70	F	1	1	X	X
184755368	56178570	70	F	1	1	X	X
184755369	56178570	68	M	1	0	X	517507798
184755419	56185464	68	M	1	0	X	517508109
184755422	56178385	70	F	1	1	X	X
184755424	56178252	70	F	1	1	X	X
184755425	56178252	68	M	1	0	X	517662923
184843147	56183754	52	F	1	1	X	517508169
184843151	56185243	52	F	1	1	X	517508807
184843167	56183558	52	F	1	1	X	517508558
184843168	56183558	55	M	1	0	X	517508426
184843179	56181576	52	F	1	1	X	517507827
185222077	56180308	18	M	1	2	450096777	517508270
185222099	56176794	39	F	1	0	X	517662850
185222117	56182897	39	F	1	0	X	501428517
185222118	56182897	9	M	1	2	450091718	X
185222119	56182897	18	M	1	2	450096777	517508497
185222154	56185422	9	M	1	2	450091718	X
185222157	56181075	9	M	1	2	450091718	X
185222169	56182628	9	M	1	2	450091718	X
185222232	56182388	9	M	1	2	450091718	X
185222233	56182388	18	M	1	2	450096777	517508451
185222240	56184580	39	F	1	0	X	517508881
185222242	56184580	18	M	1	2	450096777	517507827
185222247	56182607	9	M	1	2	450091718	X
185222248	56182607	18	M	1	2	450096777	517508057
185222249	56185390	39	F	1	0	X	517508586
185222250	56185390	9	M	1	2	450091718	X
185222251	56185390	18	M	1	2	450096777	517507592
185222262	56184723	9	M	1	2	450091718	X
185222274	56184859	9	M	1	2	450091718	X
185295897	56183093	68	F	1	0	X	517508719
185295916	56179497	68	F	1	0	X	517508002
185295928	56182550	68	F	1	0	X	517508002
185325504	56178462	28	F	1	0	X	510063148
185325519	56184122	28	F	1	0	X	517507281
185345982	56184907	43	M	1	9	X	517508652
185345983	56184907	45	M	1	9	X	517507721
185345990	56185660	63	M	1	0	X	517508581
185345992	56185660	45	M	1	9	X	517507587
185346033	56184779	43	M	1	9	X	517508364
185346034	56184779	45	M	1	9	X	517508696
185346044	56185138	63	M	1	0	X	517507324
185346045	56185138	43	M	1	9	X	517507595
185346065	56185711	63	M	1	0	X	517508149
185346066	56185711	43	M	1	9	X	517508112
185346122	56182449	63	M	1	0	X	517508057
185346123	56182449	43	M	1	9	X	517508591
185346142	56185113	45	M	1	9	X	517508396
185346146	56182434	63	M	1	0	X	517508752
185346161	56184826	63	M	1	0	X	517508049
185346162	56184826	43	M	1	9	X	517508813
185346163	56184826	45	M	1	9	X	517507778
185526806	56179131	72	M	1	0	X	X
185584110	56179194	53	M	1	0	X	517508804
185584111	56179194	60	F	1	10	X	517508802
185584117	56182597	60	F	1	10	X	517507696
185584121	56178819	60	F	1	10	X	517508881
185584134	56179337	53	M	1	0	X	517507897
185584136	56181229	53	M	1	0	X	517663252
185584160	56181792	53	M	1	0	X	517508083
185584170	56177230	53	M	1	0	X	517508596
185584174	56178868	53	M	1	0	X	517507931
185584204	56179933	53	M	1	0	X	506980115
185584206	56181762	53	M	1	0	X	517507355
185584207	56181762	60	F	1	10	X	517662794
185584215	56181634	60	F	1	10	X	517508197
185584218	56180817	53	M	1	0	X	517507878
185584219	56180817	60	F	1	10	X	517508595
185640890	56177623	19	F	1	2	X	517662919
185640891	56177623	16	M	1	2	450096777	X
185640892	56177623	37	F	1	1	X	517507751
185640898	56176953	19	F	1	2	X	517507757
185640899	56176953	16	M	1	2	450096777	X
185640906	56179359	19	F	1	2	X	517508358
185640907	56179359	16	M	1	2	450096777	X
185640909	56179359	45	M	1	0	X	517662794
185640923	56178812	16	M	1	2	450096777	X
185640946	56184652	19	F	1	2	X	517508200
185640947	56184652	16	M	1	2	450096777	X
185640948	56184652	37	F	1	1	X	517508435
185641002	56181861	19	F	1	2	X	517662745
185641003	56181861	16	M	1	2	450096777	X
185641005	56181861	45	M	1	0	X	517507875
185641022	56177190	19	F	1	2	X	517507948
185641023	56177190	16	M	1	2	450096777	X
185641025	56177190	45	M	1	0	X	517507629
185641030	56178206	19	F	1	2	X	517662701
185641031	56178206	16	M	1	2	450096777	X
185641032	56178206	37	F	1	1	X	517508499
185641050	56182115	19	F	1	2	X	517508700
185641052	56182115	37	F	1	1	X	517508383
185641053	56182115	45	M	1	0	X	517662850
185641059	56185078	16	M	1	2	450096777	X
185641060	56185078	37	F	1	1	X	517508804
185641108	56185582	37	F	1	1	X	517508116
185641109	56185582	45	M	1	0	X	501428156
185641112	56183799	37	F	1	1	X	517508341
185641113	56183799	45	M	1	0	X	517507942
185832559	56179144	2	F	9	2	X	X
185832560	56179144	27	M	1	1	X	517508737
185832561	56179144	27	F	9	0	X	517508002
186088660	56177487	59	M	1	1	X	517508109
186088661	56177487	57	F	1	0	X	517508179
186088692	56181828	59	M	1	1	X	517507835
186088693	56181828	57	F	1	0	X	517507354
186298511	56182454	55	F	1	0	X	517507827
186472498	56177574	64	M	1	0	X	X
186565974	56184681	16	F	1	2	450096777	X
186565975	56184681	52	F	1	1	X	517508169
186565978	56184681	56	M	1	0	X	517662881
186565990	56178429	52	F	1	1	X	517507293
186565991	56178429	18	M	1	2	450096777	517662850
186818951	56181171	37	F	1	0	X	517508379
186818953	56184267	37	F	1	0	X	517507600
186818955	56179763	37	F	1	0	X	517508563
186818957	56184218	37	F	1	0	X	517505218
186818961	56177505	37	F	1	0	X	517663177
186818966	56184581	37	F	1	0	X	517508832
186818967	56181365	37	F	1	0	X	517663318
186818968	56180161	37	F	1	0	X	517508396
186818970	56179817	37	F	1	0	X	517508483
186962682	56184707	59	M	1	0	X	517507580
186962695	56184613	52	F	1	1	X	517508732
186962696	56184613	59	M	1	0	X	517507324
187192034	56177893	73	M	1	1	X	517507816
187192037	56180556	67	F	1	0	X	517507827
187192038	56180556	73	M	1	1	X	514204246
187192048	56180341	73	M	1	1	X	517507744
187300543	56176783	14	M	1	2	450096777	X
187300545	56176783	13	M	1	2	450096778	X
187317563	56179974	50	M	1	1	X	517508535
187317565	56177593	50	M	1	1	X	517662919
187317581	56176870	50	M	1	1	X	517663180
187317588	56180261	48	F	1	0	X	X
187317590	56183064	48	F	1	0	X	X
187317591	56183064	50	M	1	1	X	517507966
187337596	56177341	58	M	1	0	X	517663180
187337608	56178146	58	M	1	0	X	517508318
187445026	56182137	54	M	1	0	X	517508633
187445027	56182137	53	F	1	1	X	X
187497520	56182818	13	F	1	2	450091718	X
187544024	56178141	61	M	1	0	X	517663338
187685841	56180848	47	M	1	0	X	517662868
187685842	56180848	49	F	1	1	X	517508510
187685853	56184641	47	M	1	0	X	517508128
187731219	56181359	62	M	1	0	X	517508179
187731224	56182394	62	M	1	0	X	517508096
188024892	56185504	55	M	1	0	X	517508871
188024896	56179282	55	M	1	0	X	517508379
188024916	56181443	55	M	1	0	X	517662794
188064420	56185165	31	F	1	1	X	517508078
188873745	56182784	17	M	1	2	450096777	X
188873746	56182784	46	M	1	10	X	X
188873768	56180997	44	F	1	0	X	506979952
188873770	56180997	46	M	1	10	X	X
188947609	56184684	61	F	1	0	X	517508046
188947612	56178918	61	F	1	0	X	517508727
189722406	56180352	3	M	1	2	X	X
189722449	56183965	3	M	1	2	X	X
189722452	56183965	16	F	1	2	X	517508350
189722453	56180526	3	M	1	2	X	X
189722455	56180526	42	F	1	0	X	517663305
189722456	56180526	16	F	1	2	X	517663295
189722553	56183974	3	M	1	2	X	X
189722566	56181339	3	M	1	2	X	X
189722582	56181026	3	M	1	2	X	X
189722584	56181026	16	F	1	2	X	517508285
189722624	56181877	16	F	1	2	X	517507529
189810391	56179467	52	F	1	1	X	X
189856536	56183820	56	F	1	0	X	X
189856537	56185309	93	M	1	6	X	X
189856538	56185309	54	M	1	1	X	517507553
189856539	56185309	56	F	1	0	X	X
190275442	56178849	52	F	6	10	X	517508463
190275446	56179962	52	F	6	10	X	517508664
190292376	56183585	23	F	1	0	X	517508105
190439662	56178802	44	M	1	0	X	517508179
190439663	56178802	2	M	1	2	X	X
190439681	56179415	9	F	1	2	450096761	X
190439682	56179415	44	M	1	0	X	517507791
190439683	56179415	2	M	1	2	X	X
190439692	56183925	27	F	1	1	X	517507745
190439694	56183925	44	M	1	0	X	517507627
190439695	56183925	2	M	1	2	X	X
190439714	56181226	44	M	1	0	X	517662716
190439715	56181226	2	M	1	2	X	X
190439788	56179834	27	F	1	1	X	517507854
190439791	56179834	2	M	1	2	X	X
190439794	56184023	44	M	1	0	X	517507817
190439810	56183826	44	M	1	0	X	517507696
190439811	56183826	2	M	1	2	X	X
190439828	56184554	27	F	1	1	X	517508875
190439830	56184554	44	M	1	0	X	517507952
190439832	56183858	27	F	1	1	X	517507611
190439833	56183858	9	F	1	2	450096761	X
190439834	56183858	44	M	1	0	X	517508018
190439881	56178374	9	F	1	2	450091718	X
190474926	56177264	2	M	1	2	X	X
190474927	56177264	10	M	6	2	450096778	X
190474929	56177264	28	F	6	1	X	517508429
190474932	56177631	2	M	1	2	X	X
190474933	56177631	10	M	6	2	450096778	X
190474934	56177631	4	M	1	2	X	X
190474935	56177631	28	F	6	1	X	517507893
190474936	56177631	54	F	6	6	X	X
190474945	56177638	10	M	6	2	450096778	X
190474946	56177638	4	M	1	2	X	X
190474974	56181763	2	M	1	2	X	X
190474977	56181763	28	F	6	1	X	517508510
190724203	56177202	15	M	1	2	450096777	X
190724204	56178801	51	F	1	0	X	517508276
190724212	56181756	51	F	1	0	X	517507738
190724217	56184145	15	M	1	2	450096777	X
190724218	56181325	51	F	1	0	X	517663323
190762264	56178991	54	M	1	2	X	X
190762268	56184059	73	F	1	1	X	X
190762269	56184059	79	M	1	0	X	X
190762273	56181907	54	M	1	2	X	X
190762274	56181907	73	F	1	1	X	X
190762288	56184093	54	M	1	2	X	X
190762289	56184093	73	F	1	1	X	X
190770184	56183805	50	M	1	0	X	517507643
190810565	56178491	65	M	1	1	X	X
190810566	56178491	59	F	1	0	X	517508013
190816155	56180527	46	M	1	0	X	517507360
190816156	56180527	43	F	1	1	X	517662850
190816157	56179373	46	M	1	0	X	517508250
190932157	56183976	54	M	1	0	X	517508197
190932158	56183976	14	M	1	2	450096778	X
191237717	56182024	84	M	1	0	X	X
191237722	56177064	84	M	1	0	X	X
191237730	56177423	84	M	1	0	X	X
191237737	56176808	84	M	1	0	X	X
191237739	56176882	84	M	1	0	X	X
191273256	56183929	17	F	1	2	450096777	X
191273257	56183929	11	F	1	2	450096778	X
191273258	56183929	11	F	1	2	450096778	X
191273261	56183929	37	M	1	0	X	517508103
191273304	56181707	17	F	1	2	450096777	X
191273306	56181707	11	F	1	2	450096778	X
191273307	56181707	12	F	1	2	450096778	X
191273308	56181707	31	F	1	1	X	517663278
191273309	56181707	37	M	1	0	X	517507850
191273311	56181707	2	F	1	5	X	X
191273344	56182175	17	F	1	2	450096777	X
191273348	56182175	31	F	1	1	X	517508868
191273360	56185045	17	F	1	2	450096777	X
191273363	56185045	12	F	1	2	450091718	X
191703271	56181631	59	M	1	0	X	517508159
191703272	56181631	59	F	1	1	X	517663146
191703280	56178682	59	F	1	1	X	517662850
191703288	56185277	59	F	1	1	X	517507580
191703299	56182472	59	M	1	0	X	517507734
191703302	56180750	59	F	1	1	X	517508641
191703303	56180508	59	M	1	0	X	517507716
191703304	56180508	59	F	1	1	X	517507804
191703310	56180473	59	F	1	1	X	517507827
191703331	56178083	59	M	1	0	X	517662850
191703349	56181025	59	M	1	0	X	517508726
191703363	56180890	59	M	1	0	X	517507313
191703365	56177483	59	M	1	0	X	517662725
191807850	56181296	64	M	1	0	X	X
192262976	56183849	83	F	1	1	X	X
192262977	56183849	82	M	1	0	X	X
192262992	56180312	83	F	1	1	X	X
192263016	56177226	83	F	1	1	X	X
192263017	56177226	82	M	1	0	X	X
192263031	56184161	82	M	1	0	X	X
192552684	56182714	30	F	1	0	X	517508411
192754927	56180867	45	F	1	1	X	517663306
192754928	56180867	43	M	1	0	X	517663273
192754929	56180867	15	F	1	2	450096777	X
192938306	56179451	42	M	1	0	X	517507946
192938315	56185578	42	M	1	0	X	517662850
193111994	56181137	49	M	1	1	X	X
193112003	56185674	48	F	1	0	X	517508726
193112009	56177883	48	F	1	0	X	517508166
193240886	56182371	46	M	1	0	X	517507751
193240888	56185720	45	F	1	1	X	517507522
193240890	56185720	19	M	1	2	X	517507644
193240900	56177476	45	F	1	1	X	517508623
193240901	56177476	46	M	1	0	X	517663177
193240902	56177476	19	M	1	2	X	517662730
193251614	56183463	21	M	1	0	X	517507592
193251615	56183463	20	F	1	10	X	517508679
193276733	56178538	51	F	9	1	X	X
193276740	56185289	58	M	1	0	X	X
193276751	56181648	51	F	9	1	X	X
193276780	56181426	58	M	1	0	X	X
193276781	56181426	51	F	9	1	X	X
193388763	56183737	30	M	1	2	X	517507592
193388765	56183737	50	F	1	1	X	X
193388820	56179060	30	M	1	2	X	517508610
193388821	56179060	50	M	1	0	X	517508293
193388836	56181526	50	M	1	0	X	517507691
193388847	56181121	30	M	1	2	X	517663275
193388849	56181121	50	F	1	1	X	X
193394570	56179867	70	M	1	0	X	X
193394581	56180100	56	F	1	1	X	X
193394582	56180100	70	M	1	0	X	X
193394607	56178875	56	F	1	1	X	X
193394621	56185266	56	F	1	1	X	X
193394622	56185266	70	M	1	0	X	X
193599333	56180859	75	F	1	0	X	517662919
193662609	56181105	23	M	1	0	X	517507836
193662613	56180813	23	M	1	0	X	517507269
193662614	56180813	20	F	1	10	X	X
193662620	56177854	20	F	1	10	X	X
193725888	56183935	1	F	9	2	X	X
193725890	56183935	24	F	9	1	X	X
193725891	56183935	23	M	1	0	X	517508459
193725907	56183809	23	M	1	0	X	517508451
193725916	56180847	1	F	9	2	X	X
193725917	56180847	0	F	9	2	X	X
193725919	56180847	23	M	1	0	X	517507502
193726020	56178944	1	F	9	2	X	X
193726021	56178944	0	F	9	2	X	X
193726022	56178944	24	F	9	1	X	X
193754222	56183740	5	M	1	2	450058854	X
193754229	56183235	32	M	1	0	X	517508763
193754232	56183235	33	F	1	1	X	517508097
193781920	56178113	56	M	1	1	X	517662923
193781932	56183566	56	M	1	1	X	517663299
193781933	56183566	57	F	1	0	X	517508179
193794738	56177621	25	F	1	2	X	517662902
193794739	56177621	2	F	1	5	X	X
193794740	56177621	51	F	1	1	X	517662701
193794741	56177621	51	M	1	0	X	517508727
194154762	56178523	64	F	1	1	X	X
194283093	56182158	37	F	1	1	X	517507977
194283096	56181128	38	M	1	0	X	517663314
194283105	56178125	37	F	1	1	X	517507481
194283106	56178125	38	M	1	0	X	517663104
194283124	56185018	38	M	1	0	X	517508364
194283125	56180345	37	F	1	1	X	517507355
194340371	56184463	74	F	1	1	X	517507324
194340372	56184463	85	M	1	0	X	X
194340403	56184363	74	F	1	1	X	517507605
194447124	56184983	52	M	1	0	X	517508296
194447134	56180805	52	M	1	0	X	517508451
194447135	56180805	52	F	1	1	X	X
194447137	56184609	52	F	1	1	X	X
194517151	56180575	4	F	1	2	450066968	X
194517152	56180575	36	F	1	1	X	517508043
194517153	56180575	39	M	1	0	X	517662794
194517158	56179678	1	F	1	2	X	X
194517194	56185331	1	F	1	2	X	X
194595414	56182036	80	F	1	0	X	X
194638365	56180899	52	M	1	0	X	517662708
194638366	56180899	15	M	1	2	450096778	X
194638367	56180899	51	F	1	1	X	X
194638369	56177378	15	M	1	2	450096778	X
194638370	56177378	51	F	1	1	X	X
194722063	56182850	52	F	1	0	X	517508197
194722095	56184778	52	F	1	0	X	517508002
194722096	56184778	62	M	1	1	X	517507133
194722133	56180001	52	F	1	0	X	517507281
194722134	56180001	62	M	1	1	X	517508059
194722144	56180605	62	M	1	1	X	517508096
194722147	56179813	52	F	1	0	X	517507950
194722148	56179813	62	M	1	1	X	517507646
194722154	56178249	62	M	1	1	X	517509372
194875723	56183359	10	M	1	2	450096778	X
194875724	56183359	46	M	1	0	X	517508541
194875725	56183359	7	F	1	2	450096761	X
194875726	56183359	46	F	1	1	X	X
194875743	56178476	10	M	1	2	450091718	X
194875744	56178476	46	M	1	0	X	517662850
195079677	56179986	53	M	1	0	X	517508673
195079680	56180179	52	F	1	1	X	506880852
195079681	56180192	53	M	1	0	X	517508009
195150062	56183955	72	F	1	1	X	517663278
195150071	56180458	75	M	1	0	X	517663273
195150078	56184036	72	F	1	1	X	517663288
195150079	56184036	75	M	1	0	X	517662865
195150086	56179083	72	F	1	1	X	517507945
195150087	56179083	75	M	1	0	X	517508673
195150088	56182483	72	F	1	1	X	517508179
195150092	56179115	72	F	1	1	X	517508626
195150120	56184157	72	F	1	1	X	517507324
195252834	56180851	34	M	1	0	X	517663273
195252836	56180851	32	F	1	1	X	517663328
195252838	56177975	34	M	1	0	X	517508345
195252839	56177975	2	M	1	2	X	X
195252840	56177975	32	F	1	1	X	517507798
195252841	56177975	7	M	1	2	450100228	X
195276908	56180928	53	F	1	1	X	517508262
195276943	56177966	55	M	1	0	X	509155024
195394886	56182626	54	F	1	1	X	517508869
195394887	56182626	54	M	1	0	X	517507520
195394891	56180216	54	M	1	0	X	517507948
195394897	56183598	54	M	1	0	X	517507926
195394923	56180163	54	M	1	0	X	517507863
195394924	56177376	54	F	1	1	X	506979780
195394930	56184071	54	F	1	1	X	517663308
195398320	56177238	57	M	1	0	X	517662850
195398324	56184793	57	M	1	0	X	517508148
195398326	56177665	57	M	1	0	X	517508483
195398334	56178861	57	M	1	0	X	517508770
195398338	56183868	57	M	1	0	X	501428199
195398341	56185311	57	M	1	0	X	517662749
195398342	56177812	57	M	1	0	X	506979818
195398343	56179405	57	M	1	0	X	517508156
195398353	56178099	57	M	1	0	X	517662850
195410743	56184840	60	F	1	12	X	X
195410744	56184840	61	M	1	0	X	517508803
195410765	56180488	60	F	1	12	X	X
195410770	56180319	61	M	1	0	X	517507815
195550547	56183003	45	M	1	0	X	517508057
195550562	56178496	45	M	1	0	X	517663184
195550573	56176988	45	M	1	0	X	517508358
195550577	56181439	45	M	1	0	X	517508673
195550584	56184713	45	M	1	0	X	517507634
195550587	56178592	45	M	1	0	X	503067794
195550589	56177372	45	M	1	0	X	506979595
195550592	56185721	45	M	1	0	X	517508315
195550596	56183377	45	M	1	0	X	517507345
195550599	56181728	45	M	1	0	X	517508002
195659673	56179878	4	M	1	2	X	X
195659676	56179878	6	M	1	2	450096761	X
195659677	56179878	1	M	1	2	X	X
195760689	56179222	77	M	1	0	X	X
195760690	56179222	67	F	1	1	X	517508066
195760697	56177151	77	M	1	0	X	X
195760698	56177151	67	F	1	1	X	517508359
195760699	56176939	77	M	1	0	X	X
195760700	56176939	67	F	1	1	X	517662850
195760701	56178945	77	M	1	0	X	X
195760704	56177148	67	F	1	1	X	517662686
195760706	56185581	67	F	1	1	X	517507304
195760715	56177183	77	M	1	0	X	X
195760716	56177183	67	F	1	1	X	517663177
195813329	56179339	42	M	1	0	X	517508057
195813334	56179153	40	F	1	1	X	517507767
195813342	56181353	40	F	1	1	X	517508057
195813343	56181353	42	M	1	0	X	517507826
195984255	56180112	5	M	1	2	450096761	X
195984256	56180112	2	M	1	2	X	X
195984258	56180112	30	M	1	1	X	517663146
196055781	56179591	6	M	1	2	450096761	X
196055783	56179591	39	M	1	0	X	517507827
196055797	56181506	6	M	1	2	450096761	X
196055800	56181506	38	F	1	1	X	517508559
196086604	56184958	59	M	1	0	X	517508807
196086605	56184958	57	F	1	1	X	517662896
196108916	56176903	12	F	1	2	450096778	X
196108917	56176903	41	F	1	0	X	517508737
196138460	56182996	52	F	1	0	X	517508110
196138461	56182996	54	M	1	1	X	517508403
196138470	56177145	52	F	1	0	X	517662850
196138471	56177145	54	M	1	1	X	509156919
196442976	56179750	64	M	1	0	X	517507708
196442984	56182355	64	M	1	0	X	517507707
196442989	56178085	64	M	1	0	X	517662850
196724750	56182612	43	F	1	1	X	517507932
196724751	56182612	50	M	1	0	X	517508107
196724778	56180151	50	M	1	0	X	517507836
196724786	56182380	43	F	1	1	X	517507309
196724787	56182380	50	M	1	0	X	517663178
196724806	56181134	17	F	1	2	450096777	X
196724808	56181134	50	M	1	0	X	517507503
196724813	56182271	43	F	1	1	X	517508364
196727988	56185098	74	F	1	0	X	517508092
196728001	56177162	74	M	1	1	X	X
196728002	56177162	74	F	1	0	X	517507363
196728003	56181275	74	M	1	1	X	X
197314820	56178743	23	F	1	0	X	517508359
197314830	56185080	23	F	1	0	X	517507305
197424068	56184865	29	F	1	0	X	517508293
197424069	56184865	11	F	1	2	450091718	X
197424079	56183631	31	M	1	1	X	517508801
197424080	56183631	29	F	1	0	X	517507696
197424116	56179240	29	F	1	0	X	517508002
197424118	56180177	3	M	1	2	X	X
197424121	56180177	11	F	1	2	450091718	X
197443844	56183396	25	M	1	2	X	517507395
197443846	56183396	50	M	1	1	X	517507836
197443852	56183526	50	M	1	1	X	517508159
197443883	56179094	25	M	1	2	X	517508008
197443884	56179094	46	F	1	0	X	517507988
197443893	56177021	46	F	1	0	X	517662611
197443894	56177021	50	M	1	1	X	517663174
197443896	56185608	46	F	1	0	X	517663278
197443897	56185608	50	M	1	1	X	517507580
197443910	56182792	25	M	1	2	X	517508057
197443911	56182792	46	F	1	0	X	517508538
197443912	56182792	50	M	1	1	X	517508875
197443922	56178606	25	M	1	2	X	517662850
197443923	56178606	46	F	1	0	X	517508867
197468193	56182216	57	F	1	1	X	517508002
197468194	56182216	49	M	1	0	X	517508705
197468211	56177450	57	F	1	1	X	517662847
197468219	56181046	57	F	1	1	X	517507390
197468220	56181046	49	M	1	0	X	517508014
197468233	56177785	57	F	1	1	X	517662850
197468234	56177785	49	M	1	0	X	517508785
197901754	56181230	65	F	1	0	X	X
197912304	56181040	23	F	1	2	X	517507271
197912318	56178478	58	F	1	1	X	X
197912330	56176957	58	F	1	1	X	X
197912363	56178445	58	F	1	1	X	X
197912364	56178445	23	F	1	2	X	517508057
197912379	56182410	23	F	1	2	X	517507836
197912380	56182410	62	M	1	0	X	506980740
197912385	56181189	23	F	1	2	X	517507618
197912386	56181189	62	M	1	0	X	517508869
197912388	56182490	23	F	1	2	X	517507355
197912389	56182490	62	M	1	0	X	517507582
197912396	56185145	58	F	1	1	X	X
197912414	56182502	58	F	1	1	X	X
197912416	56182502	62	M	1	0	X	517507315
197912418	56180444	23	F	1	2	X	517508849
197912419	56180444	62	M	1	0	X	517663286
198127149	56184987	52	M	1	0	X	X
198169359	56179749	33	M	1	0	X	517508804
198169360	56179749	29	F	1	10	X	517508723
198169377	56183778	33	M	1	0	X	517507725
198552748	56185734	45	M	9	0	X	517508884
198552750	56185562	45	M	9	0	X	517508351
198552775	56185348	45	M	9	0	X	517508002
198575368	56177276	53	M	1	1	X	517508747
198575369	56177276	51	F	1	0	X	X
198575370	56184868	53	M	1	1	X	517507884
198575371	56184868	51	F	1	0	X	X
198575377	56180297	51	F	1	0	X	X
198771670	56184775	5	M	1	5	X	X
198771686	56184131	49	M	1	0	X	517508452
198771687	56184131	46	F	1	1	X	517508652
198816487	56182189	3	M	1	5	X	X
198816490	56182189	8	M	1	5	450091718	X
198816492	56182189	3	F	1	5	X	X
198816493	56182189	14	F	1	5	450096778	X
198816495	56182189	12	M	1	5	450096778	X
198816498	56182189	56	M	1	1	X	517507895
198816502	56181670	48	M	1	7	X	X
198816504	56181670	16	M	1	5	450096777	X
198816505	56181670	3	F	1	5	X	X
198816506	56181670	14	F	1	5	450096778	X
198816508	56181670	12	M	1	5	450096778	X
198816509	56181670	11	F	1	5	450091718	X
198816511	56181670	56	M	1	1	X	517508873
198926989	56180272	33	M	1	0	X	517508396
198926990	56180272	28	F	1	1	X	517662745
198926991	56183798	1	F	1	2	X	X
198936757	56182696	51	M	1	1	X	X
198936767	56179958	25	F	1	2	X	517508730
198936769	56179958	51	M	1	1	X	X
198936777	56181701	49	F	1	0	X	517508803
198936778	56181701	51	M	1	1	X	X
198936804	56183528	49	F	1	0	X	517507651
198936812	56185030	25	F	1	2	X	501428206
198936830	56183641	25	F	1	2	X	517507364
198936909	56184119	49	F	1	0	X	517508009
198936910	56184119	51	M	1	1	X	X
198936927	56181527	49	F	1	0	X	517508481
198936928	56181527	51	M	1	1	X	X
199030338	56177636	46	M	1	0	X	506979804
199030343	56179835	46	M	1	0	X	517507605
199030347	56177457	46	M	1	0	X	517508727
199030348	56181093	46	M	1	0	X	517507481
199158024	56184837	72	F	1	0	X	X
199158034	56183187	72	F	1	0	X	X
199205338	56185357	60	F	1	1	X	517508002
199604360	56185489	56	M	1	0	X	517508669
199604362	56181234	56	M	1	0	X	517508783
199604369	56179692	56	M	1	0	X	517507958
199751767	56184545	24	F	1	0	X	X
199761944	56179202	54	M	1	9	X	517508027
199761946	56179202	43	F	1	7	X	517508057
199761956	56179093	54	M	1	9	X	517507956
199761958	56179093	43	F	1	7	X	517507500
199762896	56179086	69	M	1	1	X	517508293
200429989	56179970	38	M	1	0	X	517662850
200429994	56182755	38	M	1	0	X	517508256
200430028	56178189	38	M	1	0	X	517662923
200430031	56185600	38	M	1	0	X	517662902
200430042	56179475	38	M	1	0	X	517662798
200430054	56180089	38	M	1	0	X	517508129
200471328	56177855	19	F	1	10	X	517508014
200471342	56180893	19	F	1	10	X	517507790
200471345	56184352	27	M	1	0	X	517663318
200491399	56184377	39	F	1	0	X	517508284
200491411	56183995	39	F	1	0	X	517507898
200590480	56182206	79	M	1	0	X	X
200590481	56182206	67	F	1	1	X	X
200590506	56182177	79	M	1	0	X	X
200590512	56184313	79	M	1	0	X	X
200590513	56184313	67	F	1	1	X	X
200915350	56183116	35	F	1	0	X	517507582
200915352	56183116	0	F	1	2	X	X
200915383	56184046	1	M	1	2	X	X
200915384	56184046	0	F	1	2	X	X
200915406	56182733	35	F	1	0	X	517508495
200915407	56182733	1	M	1	2	X	X
200915408	56182733	0	F	1	2	X	X
200915409	56182733	42	M	1	1	X	517662850
200915410	56179510	35	F	1	0	X	517507627
201254883	56181704	61	F	1	1	X	517508792
201451815	56177418	65	F	1	1	X	X
201451833	56181048	65	F	1	1	X	X
201663734	56185204	13	F	1	2	450091718	X
201663735	56185204	43	M	1	0	X	517508166
201663736	56185204	45	F	1	1	X	517507933
201663770	56179440	13	F	1	2	450096778	X
201663771	56179440	43	M	1	0	X	517508765
201663773	56179440	14	F	1	2	450096778	X
201663774	56185197	13	F	1	2	450091718	X
201663775	56185197	43	M	1	0	X	517508374
201663776	56185197	45	F	1	1	X	517508486
201663777	56185197	14	F	1	2	450091718	X
201663794	56182986	13	F	1	2	450091718	X
201663796	56182986	45	F	1	1	X	517507932
201663797	56182986	14	F	1	2	450091718	X
201783271	56182470	82	F	1	0	X	X
201783286	56178791	82	F	1	0	X	X
201869057	56185160	13	F	1	2	450091718	X
201869058	56185160	44	F	1	1	X	X
201869059	56185160	44	M	1	0	X	X
201869072	56182994	17	M	1	2	450058646	X
201869077	56184805	13	F	1	2	450091718	X
201869079	56184805	44	M	1	0	X	X
201869088	56185209	17	M	1	2	450058646	X
201869089	56185209	13	F	1	2	450091718	X
201869092	56182972	17	M	1	2	450058854	X
201869093	56182972	13	F	1	2	450091718	X
201869100	56185179	17	M	1	2	450058645	X
201869101	56185179	13	F	1	2	450091718	X
201869102	56185179	44	F	1	1	X	X
201869124	56181600	17	M	1	2	450058646	X
201869136	56185495	17	M	1	2	450058854	X
201869141	56177112	13	F	1	2	450096778	X
201869142	56177112	44	F	1	1	X	X
201869143	56177112	44	M	1	0	X	X
201869153	56184749	13	F	1	2	450091718	X
201869154	56184749	44	F	1	1	X	X
201869168	56180703	17	M	1	2	450063600	X
201869170	56180703	44	F	1	1	X	X
202090491	56181434	50	F	1	1	X	517508428
202090492	56181434	27	M	1	2	X	517508763
202090497	56180227	50	F	1	1	X	517508311
202090498	56180227	27	M	1	2	X	517508510
202090508	56177410	53	M	1	0	X	517508358
202090509	56177410	50	F	1	1	X	517662741
202090516	56184807	27	M	1	2	X	517508867
202272448	56179972	58	M	1	1	X	517507818
202272451	56181997	52	F	1	0	X	517509354
202272452	56181997	58	M	1	1	X	517508014
202272466	56180257	58	M	1	1	X	517508832
202521412	56185281	27	F	1	2	X	517508766
202521415	56185281	50	M	9	0	X	517508861
202578217	56180504	52	F	1	1	X	517508428
202578237	56182282	52	F	1	1	X	517508179
202578254	56181328	47	M	1	0	X	517662839
202578291	56185117	11	M	1	2	450091718	X
202578293	56185117	52	F	1	1	X	517508483
202578294	56185117	47	M	1	0	X	517508110
202578304	56178580	14	M	1	2	450096777	X
202578306	56178580	47	M	1	0	X	517662923
202578335	56183498	11	M	1	2	450096778	X
202578337	56183498	52	F	1	1	X	517507933
202578338	56183498	47	M	1	0	X	517508657
202578362	56182071	47	M	1	0	X	517508663
202578363	56179372	11	M	1	2	450096778	X
202578364	56179372	14	M	1	2	450096777	X
202578403	56180941	11	M	1	2	450096778	X
202578405	56180941	52	F	1	1	X	517507751
202578406	56180941	47	M	1	0	X	517508293
202578408	56181639	14	M	1	2	450096777	X
202578409	56181639	52	F	1	1	X	517508774
202578410	56181639	47	M	1	0	X	514203965
202578411	56181298	11	M	1	2	450096778	X
202578412	56181298	14	M	1	2	450096777	X
202578414	56181298	47	M	1	0	X	517508002
202578420	56178596	14	M	1	2	450096777	X
202578421	56178596	52	F	1	1	X	517662730
202578434	56180983	47	M	1	0	X	517507488
202578440	56185228	14	M	1	2	450096777	X
202619865	56184838	5	F	1	2	450058854	X
202619868	56185414	8	M	1	2	450091718	X
202619869	56185414	5	F	1	2	450058854	X
202619950	56185301	35	M	1	0	X	517507745
202619951	56185301	34	F	1	1	X	X
202619952	56185301	8	M	1	2	450091718	X
202619953	56185301	5	F	1	2	450058854	X
202636963	56185519	42	F	1	0	X	517507976
202636964	56185519	42	M	1	1	X	517508867
202636966	56184821	10	M	1	2	450091718	X
202636968	56184821	42	M	1	1	X	517508889
202636969	56184821	15	F	1	2	450096777	X
202901295	56185702	7	M	1	2	450091718	X
202901298	56177899	7	M	1	2	450100228	X
202901299	56177899	34	F	1	1	X	517662737
202901331	56180819	7	M	1	2	450091718	X
202901332	56180819	34	F	1	1	X	517507865
202901335	56178513	34	F	1	1	X	517663142
203130572	56178964	46	F	1	1	X	517508413
203130591	56180931	47	M	1	0	X	517507867
203130603	56181570	47	M	1	0	X	517508027
203130614	56179954	46	F	1	1	X	517508706
203130615	56179954	47	M	1	0	X	506879347
203130619	56181285	47	M	1	0	X	517508002
203130625	56179860	47	M	1	0	X	517662879
203343646	56183281	26	M	1	0	X	517508107
203585673	56181734	52	M	1	0	X	517508043
203585674	56181734	50	F	1	1	X	517508120
203585685	56183568	52	M	1	0	X	517507710
203585701	56183642	52	M	1	0	X	517508129
203585702	56183642	50	F	1	1	X	517507942
203585704	56181820	50	F	1	1	X	517508014
203585711	56181461	52	M	1	0	X	517663328
203585719	56183562	52	M	1	0	X	517508110
203599749	56178557	56	M	1	0	X	517508038
203599754	56177332	63	F	1	1	X	517507696
203599772	56178665	63	F	1	1	X	517508524
203599773	56178665	56	M	1	0	X	517508166
203599781	56180694	56	M	1	0	X	517507489
203599788	56178237	63	F	1	1	X	517508009
203599794	56180337	63	F	1	1	X	517507677
203943763	56180130	19	M	1	2	X	X
203943770	56177397	49	F	1	0	X	517507320
203943777	56180231	19	M	1	2	X	X
203943778	56180231	49	F	1	0	X	517508200
203943779	56183503	19	M	1	2	X	X
203943780	56183503	49	F	1	0	X	517508411
203943790	56180009	49	F	1	0	X	517508451
203943810	56180053	49	F	1	0	X	517507798
203943817	56182440	19	M	1	2	X	X
203943818	56182440	49	F	1	0	X	517662889
203943839	56182640	19	M	1	2	X	X
203943840	56182640	49	F	1	0	X	517508598
203943882	56179714	49	F	1	0	X	517508357
203943888	56183224	49	F	1	0	X	517508623
203943891	56185428	19	M	1	2	X	X
203943892	56185428	49	F	1	0	X	517507785
203943893	56182308	19	M	1	2	X	X
203943904	56179919	49	F	1	0	X	517507983
203943937	56179930	19	M	1	2	X	X
203943954	56185339	49	F	1	0	X	517507293
203943975	56182038	19	M	1	2	X	X
203943976	56182038	49	F	1	0	X	517508470
203943979	56178533	19	M	1	2	X	X
203943980	56178533	49	F	1	0	X	517662850
204348966	56182097	88	F	1	0	X	X
204750837	56183551	57	F	1	0	X	517508510
204750842	56185626	57	F	1	0	X	517507592
204750849	56180795	57	F	1	0	X	517508107
204775017	56180592	69	F	1	1	X	517508396
204775018	56180592	71	M	1	0	X	X
204775024	56181459	71	M	1	0	X	X
204775029	56180629	69	F	1	1	X	517508358
204916285	56178699	56	F	1	0	X	503066759
204916294	56185424	58	M	1	1	X	517508497
204916297	56185490	56	F	1	0	X	517663173
204916306	56181946	58	M	1	1	X	517508358
204916307	56181946	56	F	1	0	X	517508694
204916312	56178984	58	M	1	1	X	517508002
204916320	56180518	58	M	1	1	X	514203998
204916321	56180518	56	F	1	0	X	517662893
205043742	56177648	61	F	1	0	X	X
205659010	56184290	28	M	1	0	X	517508498
205673773	56183794	3	M	1	2	450094430	X
205673775	56183794	48	M	1	6	X	517508585
206021609	56179655	50	M	1	0	X	517508253
206021612	56184381	50	M	1	0	X	517507561
206021622	56177442	50	M	1	0	X	517662896
206034480	56183117	3	F	1	2	X	X
206034482	56183117	1	F	1	2	X	X
206103137	56185622	54	M	1	1	X	517508460
206103138	56185622	55	F	1	0	X	517507354
206103141	56179505	54	M	1	1	X	517508296
206103162	56177290	55	F	1	0	X	517662850
206103178	56178621	55	F	1	0	X	517663116
206103186	56185194	55	F	1	0	X	517662692
206528705	56182513	22	M	1	2	X	517508402
206528706	56182513	42	F	1	0	X	517508481
206528762	56183904	42	F	1	0	X	517507324
206528777	56184294	22	M	1	2	X	517507324
206528778	56184294	42	F	1	0	X	517508245
206528786	56183242	42	F	1	0	X	517508804
206528788	56181161	42	F	1	0	X	517663338
206529079	56183457	50	F	1	0	X	517508047
206529084	56181625	50	F	1	0	X	517508043
206529088	56179876	50	F	1	0	X	517508481
207025701	56178850	16	F	1	2	X	X
207025703	56178850	49	M	1	1	X	X
207060040	56178739	7	M	1	2	450091718	X
207060041	56178739	5	F	1	2	450058854	X
207060054	56179423	46	F	1	0	X	517508358
207060057	56179423	5	F	1	2	450058854	X
207060066	56184698	46	F	1	0	X	517508187
207060069	56184698	5	F	1	2	450058854	X
207060083	56177314	49	M	1	1	X	517508015
207060115	56181777	49	M	1	1	X	517508290
207060116	56181777	7	M	1	2	450091718	X
207060117	56181777	5	F	1	2	450066968	X
207060133	56177300	5	F	1	2	450058854	X
207060145	56181002	5	F	1	2	450066968	X
207060146	56181414	46	F	1	0	X	517663278
207060147	56181414	49	M	1	1	X	517509381
207450105	56182610	59	M	1	0	X	517508542
207450111	56181999	59	M	1	0	X	517508293
207450126	56182162	60	F	1	1	X	X
207450127	56182162	59	M	1	0	X	517508804
207450128	56179562	60	F	1	1	X	X
207535197	56181237	60	F	1	0	X	517508740
207535198	56181237	61	M	1	1	X	517508241
207535213	56181694	60	F	1	0	X	517508358
207535214	56181694	61	M	1	1	X	517508792
207535216	56178384	61	M	1	1	X	517507588
207595031	56179631	69	M	1	0	X	517508804
207595041	56185568	69	M	1	0	X	517508290
207722298	56184607	34	M	1	0	X	517508057
207722299	56184607	3	F	1	2	450058854	X
207722302	56184607	35	F	1	1	X	X
207722391	56180996	9	F	1	2	450058854	X
207907591	56177500	80	F	1	0	X	X
207947946	56177747	87	F	1	0	X	X
208050080	56179659	54	F	1	1	X	X
208676186	56183979	20	M	1	0	X	517508057
208676210	56179103	20	M	1	0	X	517508057
208676211	56179103	19	F	1	10	X	517508057
208676216	56181312	20	M	1	0	X	517508014
208676218	56181312	1	F	1	2	X	X
208676226	56182926	19	F	1	10	X	517663173
208676227	56182926	1	F	1	2	X	X
208676270	56184013	20	M	1	0	X	517507930
208676271	56184013	19	F	1	10	X	517508499
208676272	56184013	1	F	1	2	X	X
208676279	56183268	20	M	1	0	X	517507635
208676280	56183268	19	F	1	10	X	517508097
208676281	56183268	1	F	1	2	X	X
208676324	56182734	20	M	1	0	X	517508267
208676330	56183602	20	M	1	0	X	517508396
208676331	56183602	19	F	1	10	X	517508110
208676332	56183602	1	F	1	2	X	X
208676342	56180568	20	M	1	0	X	517508426
208676344	56180568	1	F	1	2	X	X
208676360	56183146	20	M	1	0	X	517662841
208676361	56183146	19	F	1	10	X	517507728
208676388	56183407	19	F	1	10	X	517507958
208712879	56183219	34	F	1	1	X	517507827
208712936	56179589	34	F	1	1	X	517508843
208722950	56182100	79	M	1	0	X	X
208722970	56182152	69	F	1	1	X	X
208722972	56182152	67	M	1	7	X	X
208722975	56179584	67	M	1	7	X	X
208803349	56177680	87	F	1	0	X	X
208803354	56177711	87	F	1	0	X	X
208839479	56176814	44	F	1	1	X	506317429
208839480	56176814	49	M	1	0	X	517662850
208839504	56185708	49	M	1	0	X	517663338
208839517	56183687	23	M	1	2	X	517508726
208839523	56178382	23	M	1	2	X	517662850
208839527	56183200	44	F	1	1	X	517507789
208839528	56183200	49	M	1	0	X	517663328
208839532	56185431	23	M	1	2	X	517507580
208839533	56185431	44	F	1	1	X	517508358
208839534	56185431	49	M	1	0	X	517508135
208840041	56179948	36	F	1	0	X	517663326
208840043	56179948	36	M	1	1	X	517507580
208840044	56179948	5	M	1	2	450094430	X
208840051	56181085	36	F	1	0	X	517508520
208840052	56181085	9	M	1	2	450091718	X
208840053	56181085	36	M	1	1	X	517663338
208840055	56181085	6	F	1	2	450091718	X
208840082	56182466	9	M	1	2	450091718	X
208840083	56182466	36	M	1	1	X	517508194
208840084	56182466	5	M	1	2	450094430	X
209244103	56179660	36	F	1	0	X	517508359
209244104	56181836	33	M	1	10	X	517663337
209244117	56185351	36	F	1	0	X	517508636
209244134	56185306	33	M	1	10	X	517508109
209244140	56180917	33	M	1	10	X	517508057
209244141	56180917	36	F	1	0	X	517508319
209244148	56183931	33	M	1	10	X	517508140
209244152	56179285	33	M	1	10	X	517508002
209244160	56180293	33	M	1	10	X	517662850
209244161	56180293	36	F	1	0	X	517662887
209244174	56179583	33	M	1	10	X	517508499
209244175	56179583	36	F	1	0	X	517508791
209244194	56180220	33	M	1	10	X	517507405
209244207	56178877	36	F	1	0	X	517508707
209244220	56180492	33	M	1	10	X	517508499
209244221	56180492	36	F	1	0	X	517508451
209244223	56179803	36	F	1	0	X	517508470
209244224	56179999	33	M	1	10	X	517507717
209244225	56179999	36	F	1	0	X	517508290
209346243	56178885	53	F	1	0	X	517507910
209346258	56183306	53	F	1	0	X	517508110
209412156	56178797	47	M	1	2	X	517508312
209497770	56181309	53	M	1	0	X	517663278
209497776	56177117	53	M	1	0	X	503068814
209497780	56183029	53	M	1	0	X	517508667
209876649	56182079	82	F	1	0	X	X
209876654	56184204	82	F	1	0	X	X
209876659	56180875	82	F	1	0	X	X
209876671	56182397	82	F	1	0	X	X
209978484	56183546	59	M	1	0	X	517508563
210295211	56176982	27	F	1	0	X	517663171
210295213	56180509	27	F	1	0	X	517507497
210414295	56178340	73	M	1	0	X	517508581
210414296	56178340	70	F	1	1	X	X
210414297	56176837	73	M	1	0	X	517662850
210414306	56176857	70	F	1	1	X	X
210414321	56183044	73	M	1	0	X	517507936
210414330	56185666	70	F	1	1	X	X
210495758	56183711	46	M	1	0	X	517507668
210495768	56177501	46	M	1	0	X	517662850
210495780	56180173	46	M	1	0	X	517508002
210619607	56182021	16	M	1	2	450096777	X
210619610	56182021	48	M	1	1	X	517507558
210619637	56180536	18	F	1	2	450096777	517508179
210619638	56180536	48	M	1	1	X	517508353
210619640	56183317	46	F	1	0	X	517508363
210619642	56183317	48	M	1	1	X	517508200
210619677	56178325	18	F	1	2	450096777	506980163
210619678	56178325	48	M	1	1	X	506980115
210619682	56185273	48	M	1	1	X	517508532
210838425	56177687	76	F	1	0	X	X
210923257	56178653	53	M	1	0	X	517508763
210923261	56183757	53	M	1	0	X	517507726
210923265	56183920	53	M	1	0	X	517508396
211013497	56179873	40	M	1	0	X	517662796
211129988	56183538	12	F	1	2	450096778	X
211129989	56183538	17	F	1	2	X	X
211190413	56183453	36	M	1	1	X	517507482
211190415	56183453	7	M	1	2	450096761	X
211214403	56185669	43	M	1	0	X	517508766
211214404	56185669	44	F	1	10	X	517508096
211408003	56185466	50	F	1	0	X	517507355
211533339	56185355	68	M	1	0	X	517508013
211613124	56182455	57	M	1	0	X	517508066
211613133	56178925	57	M	1	0	X	517508057
211779118	56177951	74	F	1	0	X	X
211779121	56177954	74	F	1	0	X	X
211779124	56185067	74	F	1	0	X	X
211779131	56179588	74	F	1	0	X	X
212111486	56182447	50	F	3	1	X	X
212111487	56183591	46	M	1	0	X	517508097
212111488	56183591	50	F	3	1	X	X
212122688	56178281	30	F	1	0	X	517508002
212192416	56177835	51	F	1	0	X	517508464
212192429	56181095	51	F	1	0	X	517508633
212192432	56179794	51	F	1	0	X	517507849
212392588	56178859	9	M	1	2	450096761	X
212392600	56177617	51	M	1	1	X	517507709
212392602	56177617	5	F	1	2	X	X
212392603	56177617	9	M	1	2	450096761	X
212462201	56182889	74	F	1	0	X	517508820
212462204	56178627	74	F	1	0	X	517508086
212462213	56182930	74	F	1	0	X	517508752
212782986	56181921	16	M	1	2	450096777	517663273
212782988	56181921	55	M	1	1	X	517507387
212782995	56182915	16	M	1	2	450096777	517508346
212782999	56179532	52	F	1	0	X	X
212783014	56181668	52	F	1	0	X	X
212783016	56182777	16	M	1	2	450096777	501427859
212783017	56182777	52	F	1	0	X	X
212783020	56182629	52	F	1	0	X	X
212783026	56182931	52	F	1	0	X	X
212800196	56183713	50	F	1	0	X	X
212800206	56183171	50	F	1	0	X	X
212800208	56182641	50	F	1	0	X	X
213024342	56179225	86	M	9	0	X	X
213024354	56178794	86	M	9	0	X	X
213024365	56179299	86	M	9	0	X	X
213054034	56177698	17	M	1	2	450096777	509157628
213054037	56177698	18	M	1	2	X	517508112
213054038	56177698	47	F	1	0	X	517662794
213054062	56181893	18	M	1	2	X	517508309
213054064	56183236	17	M	1	2	450096777	517508107
213054065	56183236	53	M	1	1	X	517508499
213054066	56183236	23	M	1	2	X	517508813
213054094	56183410	17	M	1	2	450096777	517508293
213054095	56183410	53	M	1	1	X	517508426
213054098	56183410	47	F	1	0	X	517508074
213054105	56180477	53	M	1	1	X	517662697
213054107	56180477	18	M	1	2	X	517508296
213054108	56180477	47	F	1	0	X	517508481
213073324	56178796	41	F	1	0	X	517507953
213073341	56184357	46	M	1	10	X	517507700
213073358	56184848	41	F	1	0	X	517508869
213073364	56182546	41	F	1	0	X	517662848
213073365	56182546	46	M	1	10	X	517508890
213073368	56176964	41	F	1	0	X	517662725
213073369	56176964	46	M	1	10	X	517662725
213073372	56177684	41	F	1	0	X	517663148
213073387	56177723	46	M	1	10	X	517662850
213073388	56179560	41	F	1	0	X	517507827
213365297	56177689	54	F	1	0	X	X
213365298	56177689	61	M	1	1	X	517662850
213466438	56180652	58	F	1	0	X	517507853
213466440	56181092	58	F	1	0	X	517507810
213484718	56179603	51	F	1	0	X	X
213484719	56179603	51	M	1	1	X	517508054
213484720	56179603	16	F	1	2	450096777	517508358
213484726	56178824	16	F	1	2	450096777	517508002
213484730	56181908	51	F	1	0	X	X
213484733	56181640	51	F	1	0	X	X
213484735	56181640	16	F	1	2	450096777	517508539
213484746	56178470	51	M	1	1	X	517507587
213775942	56184549	24	F	8	0	X	517663320
213775945	56184603	3	M	8	2	X	X
213775950	56184526	24	F	8	0	X	517508813
213775953	56184378	3	M	8	2	X	X
213775957	56184291	3	M	8	2	X	X
213775969	56184264	3	M	8	2	X	X
213775988	56184258	24	F	8	0	X	517508882
213975936	56178253	59	M	1	1	X	506327960
213975937	56178253	61	F	1	0	X	X
214029378	56180101	44	F	1	1	X	517507696
214029379	56180101	51	M	1	0	X	517663301
214029381	56179901	51	M	1	0	X	517663173
214029384	56180874	44	F	1	1	X	517507934
214029392	56185646	44	F	1	1	X	517507485
214193631	56181590	45	M	1	0	X	517507578
214193632	56182290	45	M	1	0	X	517508751
214193636	56183636	45	M	1	0	X	517507749
214193661	56177420	45	M	1	0	X	517662748
214193668	56181663	45	M	1	0	X	517507846
214193678	56179918	45	M	1	0	X	517508532
214193679	56180158	45	M	1	0	X	517508864
214193680	56181895	45	M	1	0	X	517663343
214193681	56178938	45	M	1	0	X	517508765
214193694	56183408	45	M	1	0	X	517507772
214193695	56179438	45	M	1	0	X	517508623
214240683	56177205	28	F	1	1	X	517663346
214240684	56177205	27	M	1	0	X	510061981
214240695	56176774	28	F	1	1	X	517662847
214240698	56184394	27	M	1	0	X	501428504
214405210	56185264	42	M	1	1	X	517508293
214405223	56184084	13	F	1	2	450096778	X
214405225	56184084	42	M	1	1	X	517507824
214405252	56185163	14	F	1	2	450096777	X
214405256	56185163	6	F	1	2	450096761	X
214405312	56183137	14	F	1	2	450096777	X
214504762	56176932	75	M	1	0	X	509156983
214504772	56176868	75	M	1	0	X	517662745
214504780	56177784	75	M	1	0	X	517508884
214661563	56182750	59	F	1	1	X	517508606
214661564	56182750	14	M	1	5	450096777	X
214661597	56179623	14	M	1	5	450096777	X
214661598	56179623	60	M	1	0	X	517508685
214935422	56185437	14	M	1	2	450096777	X
214935424	56185437	44	M	1	0	X	517507932
214935425	56185437	14	F	1	2	450096777	X
214935451	56181425	47	F	1	1	X	517508499
214935452	56181425	44	M	1	0	X	517662701
214935454	56178376	14	M	1	2	450096777	X
214935455	56178376	47	F	1	1	X	517662725
214935456	56178376	44	M	1	0	X	517662701
214935462	56183869	14	M	1	2	450096777	X
215142307	56179001	46	M	1	0	X	517508330
215532453	56180918	61	F	1	0	X	517507826
215532454	56180918	64	M	1	1	X	517507785
215532455	56184836	61	F	1	0	X	517508875
215532458	56182343	64	M	1	1	X	517508857
215532460	56178972	64	M	1	1	X	517508596
215532466	56177092	64	M	1	1	X	517662923
215606474	56182516	30	F	1	1	X	517508293
215606475	56182516	53	M	1	0	X	517662833
215606476	56180285	30	F	1	1	X	517508618
215606493	56180145	53	M	1	0	X	517508575
215706189	56182661	36	F	1	0	X	517508290
215706190	56182661	40	M	1	12	X	X
215706191	56182661	8	F	1	2	450091718	X
215706192	56182661	9	M	1	2	450091718	X
215706209	56185374	36	F	1	0	X	517507933
215706210	56185374	40	M	1	12	X	X
215706233	56184596	16	M	1	2	450096777	517507939
215706237	56184596	9	M	1	2	450096761	X
215706254	56183142	36	F	1	0	X	517508426
215865140	56183154	49	M	1	0	X	517508635
215865142	56180450	49	M	1	0	X	517508396
215865148	56183678	49	M	1	0	X	517508300
215865160	56180210	49	M	1	0	X	517507582
215997135	56182095	15	F	1	2	450096777	X
215997137	56182095	50	F	1	0	X	517662794
215997148	56181037	50	M	1	1	X	517508343
215997149	56181037	50	F	1	0	X	517507778
215997153	56180843	15	F	1	2	450096777	X
215997154	56180843	50	M	1	1	X	517508428
215997155	56180843	50	F	1	0	X	517663138
215997156	56179334	15	F	1	2	450096777	X
215997157	56179334	50	M	1	1	X	517508442
215997165	56185060	15	F	1	2	450096777	X
215997181	56182233	50	M	1	1	X	517508002
215997186	56181935	15	F	1	2	450096777	X
215997187	56181935	50	M	1	1	X	517507543
215997188	56181935	50	F	1	0	X	506980120
215997189	56180924	15	F	1	2	450096777	X
215997191	56180924	50	F	1	0	X	517507406
215997207	56180364	15	F	1	2	450096777	X
215997211	56185016	50	M	1	1	X	517507345
215997216	56177035	15	F	1	2	450096777	X
216008004	56183873	36	M	1	1	X	517508498
216008019	56180214	34	F	1	0	X	517507481
216008041	56177250	34	F	1	0	X	517662923
216008064	56180146	36	M	1	1	X	517507744
216008071	56177959	34	F	1	0	X	517508014
216008084	56179662	36	M	1	1	X	517662850
216008085	56180152	34	F	1	0	X	517508451
216008105	56179646	34	F	1	0	X	517508317
216008115	56180084	34	F	1	0	X	517662838
216008116	56180084	36	M	1	1	X	517663286
216008127	56180176	34	F	1	0	X	517508426
216070160	56179821	26	M	1	0	X	517507582
216070168	56179780	26	M	1	0	X	517663316
216070170	56185417	26	M	1	0	X	517508413
216070171	56184410	26	M	1	0	X	517508258
216189920	56182080	59	F	1	1	X	517508532
216189921	56182080	60	M	1	0	X	517507563
216189937	56180773	31	M	1	2	X	517508451
216189939	56180773	60	M	1	0	X	506979674
216189944	56181252	59	F	1	1	X	517662896
216189945	56181252	60	M	1	0	X	517508014
216189952	56182041	31	M	1	2	X	517662923
216189953	56182041	59	F	1	1	X	517508805
216189956	56179248	59	F	1	1	X	517508575
216346489	56178074	11	M	1	2	450091718	X
216346490	56178074	55	M	1	0	X	517507745
216346501	56178628	11	M	1	2	450091718	X
216346503	56178628	50	F	1	1	X	X
216346524	56178130	50	F	1	1	X	X
216346534	56178652	11	M	1	2	450091718	X
216346535	56178652	55	M	1	0	X	517663284
216496640	56179719	68	F	1	1	X	X
216496641	56179719	73	M	1	0	X	517508479
216496648	56180949	68	F	1	1	X	X
216496649	56180949	73	M	1	0	X	517508451
216537424	56176893	67	F	1	0	X	X
216537427	56183209	67	F	1	0	X	X
216710388	56182666	10	F	1	2	450091718	X
216710389	56182666	40	F	1	1	X	517508179
216710390	56182666	40	M	1	0	X	517508356
216760859	56182330	8	M	1	2	450091718	X
216760873	56185024	46	M	1	0	X	X
216760874	56185024	8	M	1	2	450091718	X
216760876	56181630	46	M	1	0	X	X
216760877	56181630	8	M	1	2	450096761	X
216760878	56181630	41	F	1	1	X	517508700
216760906	56184965	46	M	1	0	X	X
216760912	56184645	46	M	1	0	X	X
216760914	56184645	41	F	1	1	X	517508807
216845805	56179621	65	F	1	1	X	X
216845811	56184954	65	F	1	1	X	X
216914332	56181402	42	M	1	10	X	517507827
216914333	56181402	1	F	1	2	X	X
216914338	56181561	42	M	1	10	X	517508396
217066807	56176861	28	F	1	1	X	X
217066809	56176861	2	F	1	2	X	X
217066811	56176861	6	F	1	2	450097548	X
217066822	56184139	28	F	1	1	X	X
217066824	56184139	2	F	1	2	X	X
217361482	56178114	22	F	1	1	X	X
217361523	56180856	22	M	1	0	X	517508636
217566161	56177979	57	M	1	1	X	517663177
217613413	56180003	27	M	1	0	X	517507928
217613428	56180417	21	M	1	12	X	517508436
217613429	56180417	27	M	1	0	X	517507582
217613438	56183905	21	M	1	12	X	517507696
217628769	56179314	53	M	1	0	X	517508057
217628772	56176803	49	F	1	1	X	517663092
217636222	56177034	56	M	1	0	X	517663295
217636224	56182323	56	M	1	0	X	517662850
217760663	56179013	56	M	1	0	X	X
217760671	56179015	56	M	1	0	X	X
217885237	56185469	56	M	1	1	X	517508208
217885238	56185469	52	F	9	0	X	517508396
217985998	56178655	12	F	1	2	450091718	X
217985999	56178655	8	F	1	2	450096761	X
217986001	56178655	3	F	1	2	X	X
218096034	56180384	17	M	1	2	450096777	X
218096035	56180384	45	F	1	0	X	517508095
218096036	56180384	46	M	1	1	X	517663288
218096037	56180384	21	M	1	2	X	517662607
218096058	56185217	19	F	1	2	X	X
218363979	56182076	40	M	1	0	X	517508296
218363982	56180807	40	M	1	0	X	517663305
218363992	56184441	40	M	1	0	X	517508414
218363993	56180693	40	M	1	0	X	517663152
218363998	56180775	40	M	1	0	X	517507749
218363999	56185338	40	M	1	0	X	517507528
218375252	56182460	17	M	1	2	450096777	514184287
218375253	56182460	47	M	1	1	X	517508864
218375254	56182460	45	F	1	0	X	X
218375258	56181937	17	M	1	2	450096777	517508801
218375259	56181937	47	M	1	1	X	517662753
218375260	56181937	45	F	1	0	X	X
218375262	56179146	47	M	1	1	X	517663247
218375263	56179146	45	F	1	0	X	X
218387238	56184986	31	M	1	7	X	517507580
218387239	56184986	0	F	1	2	X	X
218387240	56184986	36	M	1	0	X	517508339
218387241	56184986	30	M	1	7	X	517507672
218387242	56184986	29	F	1	7	X	X
218387314	56182865	8	F	1	7	450091718	X
218387315	56182865	31	M	1	7	X	517507044
218387317	56182865	36	M	1	0	X	517508131
218387355	56182664	26	F	1	1	X	X
218387356	56182664	8	F	1	7	450091718	X
218387358	56182664	0	F	1	2	X	X
218387359	56182664	36	M	1	0	X	517508002
218387360	56182664	30	M	1	7	X	517508139
218387383	56178159	26	F	1	1	X	X
218387386	56178159	0	F	1	2	X	X
218387387	56178159	36	M	1	0	X	517507827
218387388	56178159	30	M	1	7	X	517662701
218387389	56178159	29	F	1	7	X	X
218508376	56184263	86	M	1	0	X	X
218536283	56185369	76	M	1	0	X	X
218666574	56181221	2	F	9	2	X	X
218666575	56181221	35	F	1	0	X	517508002
218666588	56178439	5	M	9	2	450096761	X
218666589	56178439	35	M	8	1	X	517662923
218666591	56178439	35	F	1	0	X	517508262
218747567	56179529	33	F	1	0	X	517508451
218747569	56179529	31	M	1	3	X	517507628
218747599	56179963	31	M	1	3	X	517508057
219040152	56181318	44	F	1	0	X	517508881
219040160	56179319	44	F	1	0	X	517508652
219040163	56180033	44	F	1	0	X	517508470
219040165	56179863	44	F	1	0	X	517662753
219658075	56179358	48	F	1	0	X	517662850
219658076	56179358	15	M	1	11	450096777	X
219658087	56180409	48	F	1	0	X	517507306
219658088	56180409	15	M	1	11	450096777	X
219755954	56179385	70	F	1	0	X	X
220176269	56178048	50	M	1	12	X	X
220176281	56178017	50	M	1	12	X	X
220224624	56178464	30	F	1	9	X	X
220224626	56178464	33	M	1	0	X	517508541
220392170	56182023	43	F	1	0	X	517507355
220392171	56182023	15	M	1	2	450096778	X
220392179	56184129	43	F	1	0	X	517508699
220392180	56184129	15	M	1	2	450096778	X
220392181	56179150	13	M	1	2	450096778	X
220392199	56182856	13	M	1	2	450096778	X
220392200	56182856	43	F	1	0	X	517508330
220392223	56184209	13	M	1	2	450096778	X
220392232	56184278	13	M	1	2	450096778	X
220392249	56180481	15	M	1	2	450091718	X
220392261	56179024	15	M	1	2	450096778	X
220454429	56183739	20	F	1	1	X	X
220468105	56179658	56	F	1	1	X	517507994
220468107	56181246	56	F	1	1	X	517507857
220519330	56177343	77	F	1	0	X	X
220519333	56184308	77	F	1	0	X	X
221095316	56184705	22	M	1	2	X	517508618
221095328	56181975	22	M	1	2	X	517508179
221095329	56181975	48	M	1	0	X	517507816
221315861	56178233	69	F	1	0	X	X
221315871	56178594	69	F	1	0	X	X
221461830	56184304	21	M	1	10	X	517507779
221461831	56184304	21	M	1	9	X	517508002
221461835	56183835	21	F	1	0	X	517507739
221638007	56180933	54	F	1	1	X	517507388
221638008	56179258	71	M	1	0	X	X
221638009	56179258	54	F	1	1	X	517507785
221786022	56182014	2	F	1	2	X	X
221786023	56182014	39	F	1	1	X	X
221786039	56179073	41	M	1	0	X	517507483
221786040	56179073	2	F	1	2	X	X
221786050	56179077	39	F	1	1	X	X
221786066	56182047	41	M	1	0	X	517507827
221786074	56183983	39	F	1	1	X	X
221786075	56182105	41	M	1	0	X	514201250
221786076	56182105	2	F	1	2	X	X
221786077	56182105	39	F	1	1	X	X
221786078	56181210	41	M	1	0	X	517507755
221786079	56181210	2	F	1	2	X	X
221786080	56181210	39	F	1	1	X	X
221786081	56178894	41	M	1	0	X	517508739
221786083	56178894	39	F	1	1	X	X
221786097	56184612	2	F	1	2	X	X
221786100	56184016	2	F	1	2	X	X
221786101	56184016	39	F	1	1	X	X
221786109	56181388	2	F	1	2	X	X
221786111	56182425	41	M	1	0	X	506878723
221786112	56182425	2	F	1	2	X	X
221786113	56182425	39	F	1	1	X	X
221786129	56184063	41	M	1	0	X	517507364
221786130	56184063	2	F	1	2	X	X
221786135	56182570	41	M	1	0	X	517508739
221786142	56184325	2	F	1	2	X	X
221786143	56184325	39	F	1	1	X	X
221886516	56185127	46	M	9	0	X	517508333
221886533	56184960	46	M	9	0	X	517508396
222133275	56179746	37	M	1	5	X	X
222213133	56177426	33	M	1	1	X	503067794
222213134	56183647	34	F	1	0	X	517508775
222213137	56183647	33	M	1	1	X	517507276
222398899	56177078	52	M	1	1	X	510061550
222398900	56177078	60	F	1	0	X	517662838
222398943	56177019	52	M	1	1	X	517662850
222398953	56176925	52	M	1	1	X	517662850
222398954	56176925	60	F	1	0	X	510063139
222398979	56178924	52	M	1	1	X	517508485
222398980	56178924	60	F	1	0	X	517508499
222398991	56181523	52	M	1	1	X	517663324
222398992	56181523	60	F	1	0	X	517508330
222398995	56180393	52	M	1	1	X	517508057
222398996	56180393	60	F	1	0	X	517663243
222439639	56177987	49	F	1	1	X	517508179
222439640	56177987	51	M	1	0	X	517662923
222439644	56180546	51	M	1	0	X	517508563
222439652	56178929	51	M	1	0	X	517663257
222439656	56181842	51	M	1	0	X	517507983
222439677	56181428	49	F	1	1	X	517508451
222439678	56181428	51	M	1	0	X	517507644
222439680	56183210	51	M	1	0	X	517508592
222512806	56182660	17	M	1	12	X	X
222512840	56181061	42	M	1	0	X	517508520
222512842	56181061	17	M	1	12	X	X
222512849	56182845	42	M	1	0	X	517508538
222512851	56182845	17	M	1	12	X	X
222512867	56178448	42	M	1	0	X	517663314
222512868	56178448	47	F	1	10	X	517662850
222512869	56178448	17	M	1	12	X	X
222512870	56184266	42	M	1	0	X	517662747
222512873	56180327	42	M	1	0	X	517507500
222512875	56180327	17	M	1	12	X	X
222512879	56180170	42	M	1	0	X	517508890
222512880	56180170	47	F	1	10	X	517508284
222512881	56180170	17	M	1	12	X	X
222512896	56184957	17	M	1	12	X	X
222530205	56183013	12	M	1	2	450096778	X
222530206	56183013	9	M	1	2	450091718	X
222530207	56183013	38	M	1	1	X	517507341
222530208	56183013	36	F	1	0	X	X
222613912	56185345	64	F	1	1	X	X
222613935	56179325	67	M	1	0	X	X
222663964	56178294	14	M	1	2	450091718	X
222663965	56178294	54	F	1	3	X	X
222663966	56178294	57	F	1	0	X	517662745
222663984	56178323	57	F	1	0	X	517663174
222767042	56184045	59	F	1	0	X	517509354
222915932	56178341	67	M	1	0	X	X
222915950	56180520	67	M	1	0	X	X
223207439	56185308	67	F	1	1	X	X
223207453	56178378	67	F	1	1	X	X
223309701	56181973	85	F	1	1	X	X
223309708	56184136	85	M	1	0	X	X
223309724	56181863	85	M	1	0	X	X
223309728	56181814	85	M	1	0	X	X
223309729	56181814	85	F	1	1	X	X
223518641	56181685	43	F	3	1	X	517508002
223518642	56181685	14	F	3	2	450096778	X
223518655	56183532	27	M	1	0	X	517508179
223518684	56180208	14	F	3	2	450091718	X
223518724	56180015	27	M	1	0	X	517507324
223518725	56180015	43	F	3	1	X	517507355
223518726	56180015	14	F	3	2	450091718	X
223894256	56185025	41	M	1	0	X	517507640
223894309	56185383	15	M	1	2	450096777	X
224282518	56177923	50	M	1	0	X	517662850
224371958	56177726	55	M	1	1	X	506317429
224371959	56177726	32	F	1	2	X	517662923
224371960	56177726	29	M	1	2	X	517508412
224371962	56177726	0	F	1	5	X	X
224371964	56181306	55	M	1	1	X	517508059
224371967	56181306	6	F	1	5	450096761	X
224371968	56181306	0	F	1	5	X	X
224371969	56181306	52	F	1	0	X	517507324
224372401	56183819	56	F	1	0	X	517507552
224372402	56179151	59	M	1	1	X	517508510
224372403	56179151	56	F	1	0	X	517508563
224372404	56181346	59	M	1	1	X	517508013
224372418	56180519	59	M	1	1	X	517662850
224445387	56179309	47	F	1	1	X	517508721
224445395	56181201	47	F	1	1	X	517662878
224445396	56181201	49	M	1	0	X	517507784
224445397	56182310	47	F	1	1	X	517507827
224445428	56177646	49	M	1	0	X	517662850
224445431	56183411	47	F	1	1	X	517508296
224445432	56183411	49	M	1	0	X	517508002
224445438	56177194	49	M	1	0	X	517508420
224504601	56178045	13	M	1	2	450096778	X
224504602	56178045	33	F	1	0	X	517662848
224504604	56178045	8	M	1	2	450100228	X
224504605	56178045	35	M	1	1	X	517662730
224504621	56183527	13	M	1	2	450096778	X
224504623	56183527	9	F	1	2	450096761	X
224504624	56183527	8	M	1	2	450096761	X
224504652	56177681	33	F	1	0	X	510062301
224504655	56177681	35	M	1	1	X	517662855
224506139	56177367	57	F	1	0	X	517662850
224506146	56179814	55	M	1	1	X	517508889
224527554	56180952	69	M	1	0	X	517662807
224527559	56177265	69	F	1	1	X	X
224527560	56177265	69	M	1	0	X	517508890
224527562	56176817	69	M	1	0	X	517508727
224527563	56185444	69	F	1	1	X	X
224527571	56177298	69	F	1	1	X	X
224527572	56177298	69	M	1	0	X	517508296
224527585	56180884	69	F	1	1	X	X
224527586	56180884	69	M	1	0	X	506881840
225258202	56183301	11	M	6	2	450058854	X
225258203	56183301	56	M	1	1	X	517508187
225258224	56184672	56	M	1	1	X	517663177
225258226	56185459	11	M	6	2	450058854	X
225258227	56185459	56	M	1	1	X	517507932
225258228	56185459	52	F	1	0	X	517507846
225258244	56178718	11	M	6	2	450058854	X
225258245	56178718	56	M	1	1	X	517508057
225258247	56185108	11	M	6	2	450058645	X
225258249	56185108	52	F	1	0	X	517507644
225258289	56184733	11	M	6	2	450058854	X
225258290	56184733	56	M	1	1	X	517507846
225258292	56176881	11	M	6	2	450058854	X
225258293	56176881	56	M	1	1	X	517508002
225258298	56184819	11	M	6	2	450058854	X
225258300	56184819	52	F	1	0	X	517507580
225258314	56181155	56	M	1	1	X	517507520
225258315	56181155	52	F	1	0	X	517508470
225523772	56178983	52	M	1	0	X	517508463
225523793	56183578	52	M	1	0	X	517507674
225523794	56183578	45	F	1	1	X	X
225523795	56183578	19	F	1	2	X	X
225570105	56181815	56	F	1	1	X	X
225570106	56181815	55	M	1	0	X	517508110
225577021	56184606	4	M	1	2	450058854	X
225577022	56184606	2	F	1	2	X	X
225577023	56184606	24	F	1	0	X	517507721
225577104	56183138	23	M	1	1	X	517508756
225577105	56183138	4	M	1	2	450058854	X
225577106	56183138	2	F	1	2	X	X
225577112	56178897	23	M	1	1	X	517508293
225577113	56178897	4	M	1	2	450058854	X
225577115	56178897	24	F	1	0	X	517507560
225836766	56181006	63	F	1	6	X	X
226263087	56182864	8	M	1	2	450091718	X
226263088	56182864	3	F	1	2	X	X
226263090	56182864	10	M	1	2	450091718	X
226265205	56184039	2	M	1	2	X	X
226265219	56183837	2	M	1	2	X	X
226371237	56180140	15	F	1	2	450096777	X
226371241	56182350	15	F	1	2	450096777	X
226371242	56182350	36	M	1	0	X	517507516
226371255	56178829	15	F	1	2	450096777	X
226371256	56178829	36	M	1	0	X	517508057
226371263	56181143	15	F	1	2	450096777	X
226371264	56181143	36	M	1	0	X	517507744
226371275	56177438	15	F	1	2	450096777	X
226371276	56177438	36	M	1	0	X	517663099
226371293	56179453	15	F	1	2	450096777	X
226371294	56179453	36	M	1	0	X	517508499
226371307	56179456	15	F	1	2	450096777	X
226471596	56177016	87	M	1	0	X	X
226623202	56185255	48	M	1	1	X	517508394
226623207	56182431	48	F	1	0	X	X
226623208	56182431	48	M	1	1	X	517508247
226746715	56182762	17	F	1	2	450096777	X
226746773	56182766	17	F	1	2	450096777	X
226746820	56182819	41	M	1	0	X	X
226746822	56182688	41	M	1	0	X	X
226746823	56182688	17	F	1	2	450096777	X
226823824	56184226	54	F	1	0	X	517508057
226823827	56180259	54	F	1	0	X	517507309
226823833	56181303	54	F	1	0	X	517507491
226915936	56181912	41	M	1	0	X	517508723
226915937	56181912	19	F	1	2	X	517508262
226915938	56181912	0	M	1	5	X	X
226915997	56185349	19	F	1	2	X	517508134
226915998	56185349	0	M	1	5	X	X
226915999	56185697	37	F	1	1	X	517507940
226916000	56185697	41	M	1	0	X	517508262
226916002	56185697	0	M	1	5	X	X
226916011	56180647	37	F	1	1	X	517508804
226916012	56180647	41	M	1	0	X	517507961
226916013	56180647	19	F	1	2	X	517662794
226916016	56182420	41	M	1	0	X	517507355
226916017	56182420	19	F	1	2	X	517508495
227065741	56178571	49	M	1	0	X	503023296
227065745	56179368	49	M	1	0	X	517508002
227065746	56179368	17	F	1	2	450096777	X
227094771	56184616	34	M	1	2	X	517508510
227094794	56178259	64	F	1	1	X	X
227094797	56184678	64	F	1	1	X	X
227094798	56184678	34	M	1	2	X	517662807
227094821	56181808	64	F	1	1	X	X
227094822	56181808	34	M	1	2	X	517508057
227178722	56184594	28	F	1	1	X	517507827
227178723	56184594	29	M	1	0	X	517507679
227178728	56184257	28	F	1	1	X	517508059
227178729	56184257	29	M	1	0	X	517508013
227224330	56179521	30	M	1	1	X	517508057
227224331	56179521	27	F	1	0	X	517508002
227224332	56179521	2	F	1	2	X	X
227224333	56183548	30	M	1	1	X	517508128
227224334	56183548	27	F	1	0	X	517507587
227224335	56183548	2	F	1	2	X	X
227224336	56180234	30	M	1	1	X	517508023
227224381	56178785	30	M	1	1	X	517508499
227224382	56178785	27	F	1	0	X	517662923
227227275	56180679	9	F	1	2	450091718	X
227227276	56180679	52	F	1	0	X	517508541
227227277	56180679	15	F	1	2	450096777	X
227227278	56180679	13	F	1	2	450096778	X
227230015	56184009	44	M	1	0	X	517508501
227230020	56184168	44	M	1	0	X	517508345
227230023	56184243	44	M	1	0	X	517663150
227230043	56179582	44	M	1	0	X	517508591
227230045	56184951	44	M	1	0	X	517508109
227230052	56180661	44	M	1	0	X	517508778
227230053	56182918	44	M	1	0	X	517507319
227230062	56181906	44	M	1	0	X	517507827
227230065	56180729	44	M	1	0	X	506980214
227230066	56180831	44	M	1	0	X	517508451
227423223	56179260	26	F	1	2	X	517508556
227423224	56179260	58	M	1	0	X	X
227531502	56178194	32	M	1	1	X	517662745
227531503	56178194	4	F	1	2	X	X
227531504	56178194	10	M	1	2	450091718	X
227531516	56180675	10	M	1	2	450096778	X
227531517	56180675	31	F	1	0	X	X
227617252	56181803	25	F	1	10	X	517507827
227667045	56177546	45	F	1	1	X	510062087
227667046	56177546	47	M	1	0	X	517662923
227667060	56183827	47	M	1	0	X	517662730
227667065	56179929	45	F	1	1	X	517507355
227667066	56179929	47	M	1	0	X	517508014
227667068	56185694	47	M	1	0	X	517507827
227835289	56183261	58	M	1	0	X	517508151
227835311	56180555	58	M	1	0	X	517663305
227835316	56185736	58	M	1	0	X	517508351
227992648	56183513	16	F	1	2	450096777	X
227992650	56183513	56	M	1	0	X	X
227992659	56182421	45	F	1	1	X	X
227992661	56182421	18	F	1	2	450096777	X
228052947	56180721	66	F	1	0	X	X
228052948	56180721	69	M	1	1	X	X
228336212	56182795	42	F	1	0	X	517508670
228336235	56181539	11	M	1	2	450096778	X
228336252	56179743	55	M	1	10	X	517508518
228336253	56179743	11	M	1	2	450096778	X
228336269	56180778	42	F	1	0	X	517662850
228564639	56183722	60	F	1	1	X	517507728
228564640	56183722	61	M	1	0	X	517508107
228564648	56181010	61	M	1	0	X	517508757
228564666	56178162	61	M	1	0	X	510061550
228578474	56179709	69	F	1	1	X	X
228614961	56182521	44	F	1	1	X	517662885
228614962	56182521	45	M	1	0	X	517508192
228614979	56176941	13	M	1	2	450088673	X
228614980	56176941	10	F	1	2	450088673	X
228614982	56176941	45	M	1	0	X	517508483
228615024	56179179	13	M	1	2	450096778	X
228615042	56184657	45	M	1	0	X	517507772
228615043	56184657	8	M	1	2	450091718	X
228615049	56178447	13	M	1	2	450091718	X
228615051	56178447	44	F	1	1	X	517508813
228615052	56178447	45	M	1	0	X	503067018
228615053	56178447	8	M	1	2	450091718	X
228615054	56180465	13	M	1	2	450096778	X
228615055	56180465	10	F	1	2	450096778	X
228615056	56180465	44	F	1	1	X	517508843
228615058	56180465	8	M	1	2	450091718	X
228714402	56180988	79	M	1	0	X	X
228714403	56180988	75	F	1	1	X	X
228714431	56181826	75	F	1	1	X	X
228714464	56182134	79	M	1	0	X	X
228714465	56182134	75	F	1	1	X	X
229076624	56181159	46	M	1	1	X	517508429
229076625	56181159	42	F	1	0	X	517662896
229076627	56181159	17	M	1	2	450096777	X
229192468	56177150	35	F	1	0	X	517662850
229192481	56180656	42	M	1	1	X	517508290
229192488	56179777	35	F	1	0	X	517508551
229192498	56179858	35	F	1	0	X	517507790
229192499	56179858	42	M	1	1	X	517508463
229300731	56177013	75	F	1	0	X	X
229300738	56177191	75	F	1	0	X	X
229300760	56176948	75	F	1	0	X	X
229714065	56183729	26	M	1	0	X	517663173
229714066	56183729	23	F	1	1	X	517507785
229714096	56184053	23	F	1	1	X	517508636
229714106	56184497	23	F	1	1	X	517508869
229714112	56180779	23	F	1	1	X	517508296
229808227	56180381	47	F	1	0	X	517508057
229808231	56183448	47	F	1	0	X	517507587
229885891	56181109	29	F	1	0	X	X
229885922	56183338	29	M	1	1	X	517508140
229885927	56178309	29	F	1	0	X	X
229885928	56178309	29	M	1	1	X	517662850
229885929	56178309	3	M	1	2	X	X
229885942	56177771	29	F	1	0	X	X
230425850	56179220	48	F	1	0	X	517508563
230776535	56180589	0	F	1	2	X	X
230776536	56180589	20	F	1	10	X	X
230807760	56184664	13	F	1	2	450091718	X
230807762	56184664	17	F	1	2	450096777	X
230807829	56182583	36	F	1	1	X	X
230807831	56182583	14	M	1	2	450091718	X
230807832	56182583	17	F	1	2	450096777	X
230807836	56182225	14	M	1	2	450096778	X
230807838	56182225	39	M	1	0	X	517507309
230807856	56184623	14	M	1	2	450096778	X
230807857	56184623	17	F	1	2	450096777	X
230807858	56184623	39	M	1	0	X	517508177
230807900	56185461	13	F	1	2	450096778	X
230807902	56185461	17	F	1	2	450096777	X
230807914	56178132	36	F	1	1	X	X
230807916	56178132	14	M	1	2	450096778	X
230807918	56178132	39	M	1	0	X	517662868
230807997	56182448	17	F	1	2	450096777	X
231112272	56180039	27	F	1	1	X	X
231112274	56180039	0	M	1	2	X	X
231185664	56184674	2	M	1	2	X	X
231185676	56185291	2	M	1	2	X	X
231185678	56185291	34	M	1	1	X	517507364
231185745	56185521	2	M	1	2	X	X
231185746	56185521	35	F	1	0	X	517508262
231185747	56185521	34	M	1	1	X	517508017
231185749	56184774	35	F	1	0	X	517508803
231185772	56185719	2	M	1	2	X	X
231185774	56185719	34	M	1	1	X	517507324
231185786	56185149	34	M	1	1	X	517508328
231185789	56181367	34	M	1	1	X	517508510
231187435	56180620	58	F	1	1	X	X
231273592	56185609	60	M	1	0	X	517507721
231686515	56180478	86	F	1	0	X	X
231686516	56184584	86	F	1	0	X	X
231979225	56180986	80	F	1	0	X	X
232067413	56177929	35	F	1	0	X	517663328
232067414	56177929	7	F	1	2	450100228	X
232067457	56183181	35	F	1	0	X	517507518
232067458	56183181	7	F	1	2	450091718	X
232067469	56183193	35	F	1	0	X	517507816
232067470	56183193	7	F	1	2	450091718	X
232067476	56184391	7	F	1	2	450096761	X
232067487	56184351	35	F	1	0	X	517508002
232067488	56184351	7	F	1	2	450096761	X
232084641	56180993	28	F	1	1	X	X
232084653	56178131	28	F	1	1	X	X
232084654	56178131	2	M	1	2	X	X
232084655	56178131	30	M	1	0	X	506317429
232084659	56181773	28	F	1	1	X	X
232084664	56177053	30	M	1	0	X	517662742
232084668	56177096	28	F	1	1	X	X
232084669	56177096	2	M	1	2	X	X
232084670	56177096	30	M	1	0	X	506980110
232096098	56179273	71	M	1	1	X	X
232096101	56179215	65	F	1	0	X	517508499
232096129	56180896	65	F	1	0	X	517508014
232497957	56181883	37	M	1	0	X	517508510
232497958	56181883	33	F	1	1	X	517508620
232497961	56181883	9	F	1	2	450091718	X
232497962	56181883	10	F	1	2	450096778	X
232497963	56181883	13	M	1	2	450096778	X
232498028	56183218	33	F	1	1	X	517507681
232498032	56183218	10	F	1	2	450096778	X
232498033	56183218	13	M	1	2	450096778	X
232498056	56179471	33	F	1	1	X	517508843
232498058	56179471	7	M	1	2	450096761	X
232498062	56179686	37	M	1	0	X	517508107
232498064	56179686	5	M	1	2	450096761	X
232498066	56179686	9	F	1	2	450096761	X
232498108	56182778	9	F	1	2	450091718	X
232498109	56182778	10	F	1	2	450096778	X
232498110	56182778	13	M	1	2	450096778	X
232498132	56182683	37	M	1	0	X	517508057
232498133	56182683	33	F	1	1	X	517508396
232498134	56182683	5	M	1	2	450096761	X
232498136	56182683	9	F	1	2	450091718	X
232498137	56182683	10	F	1	2	450096778	X
232498138	56182683	13	M	1	2	450096778	X
232498146	56183131	37	M	1	0	X	517508194
232498151	56183131	10	F	1	2	450096778	X
232498201	56184411	13	M	1	2	450096778	X
232498244	56182303	37	M	1	0	X	517508744
232498245	56182303	33	F	1	1	X	517663146
232498246	56182303	5	M	1	2	450096761	X
232498249	56182303	10	F	1	2	450096778	X
232498250	56182303	13	M	1	2	450096778	X
232498272	56184557	37	M	1	0	X	517507285
232498273	56184557	33	F	1	1	X	517507785
232498276	56184557	9	F	1	2	450096761	X
232498277	56184557	10	F	1	2	450096778	X
232498278	56184557	13	M	1	2	450096778	X
232499300	56179536	34	F	1	0	X	517508242
232499301	56179536	42	M	1	9	X	X
232499312	56184417	34	F	1	0	X	517508775
232499474	56177318	58	M	1	0	X	517508238
232584374	56182596	22	F	1	2	X	517508232
232584390	56180452	22	F	1	2	X	517507607
232584392	56180452	44	M	1	0	X	517508615
232584393	56180452	38	F	1	1	X	517507306
232584458	56179326	22	F	1	2	X	517508009
232584476	56182689	44	M	1	0	X	517507603
232584477	56182689	38	F	1	1	X	517508296
232842680	56181132	29	F	1	0	X	517508456
232842693	56180670	29	F	1	0	X	517508057
232961188	56177710	55	F	1	1	X	X
232961191	56185115	61	M	1	0	X	517663338
232961192	56185115	55	F	1	1	X	X
233143194	56181870	89	M	1	0	X	X
233143195	56181870	86	F	1	1	X	X
233143200	56184067	89	M	1	0	X	X
233143201	56184067	86	F	1	1	X	X
233219643	56184153	32	M	1	0	X	517508726
233219651	56178575	32	M	1	0	X	517662701
233219663	56178497	32	M	1	0	X	517662849
233219664	56178497	0	M	1	2	X	X
233219716	56178676	0	M	1	2	X	X
233219718	56178676	30	F	1	1	X	517662850
233219719	56177477	32	M	1	0	X	517507355
233219722	56177477	30	F	1	1	X	517662923
233231146	56180224	47	M	1	0	X	517663309
233231152	56177618	47	M	1	0	X	503068801
233274078	56180963	60	F	1	0	X	517507547
233274102	56180324	60	F	1	0	X	517508043
233274105	56180919	60	F	1	0	X	517663328
233274108	56183906	60	F	1	0	X	517507815
233299313	56185514	61	F	1	0	X	517508396
233630703	56184910	78	M	1	0	X	X
233630710	56180383	66	F	1	1	X	X
233630711	56180383	78	M	1	0	X	X
233630714	56182123	66	F	1	1	X	X
233630720	56183852	66	F	1	1	X	X
233630721	56183852	78	M	1	0	X	X
233657544	56185137	46	M	1	0	X	517507983
233776632	56183195	23	F	1	0	X	517507724
233797211	56184003	3	F	1	2	450094430	X
233797214	56184003	31	M	1	0	X	517508869
233797223	56178397	3	F	1	2	450094430	X
233797224	56178397	7	F	1	2	450091718	X
233797225	56178397	29	F	1	1	X	503067018
233917402	56178200	25	F	1	10	X	517663091
233917412	56178055	25	F	1	10	X	517508499
233917423	56183471	25	M	1	0	X	517508002
234587128	56179166	70	F	1	1	X	X
234768206	56181769	47	F	1	1	X	517662611
234768207	56181769	48	M	1	0	X	506980166
234896803	56183296	50	M	1	0	X	517663282
235180020	56179238	55	F	1	0	X	517508481
235252151	56182658	33	M	1	2	X	517662701
235252152	56182658	46	M	1	0	X	517508591
235252154	56182658	5	M	1	5	X	X
235252175	56182301	33	M	1	2	X	517662807
235252178	56182301	5	M	1	5	X	X
235257419	56178821	56	F	1	1	X	517507687
235257420	56178821	60	M	1	0	X	517507587
235673488	56185174	47	F	1	1	X	517508290
235673493	56181920	19	F	1	2	X	517508110
235673495	56181920	52	M	1	0	X	506878239
235673497	56176842	19	F	1	2	X	517663184
235673500	56176842	47	F	1	1	X	517663273
235673522	56184700	23	M	1	2	X	517508057
235673524	56184700	47	F	1	1	X	517508426
235673557	56183199	19	F	1	2	X	517508140
235673558	56183199	23	M	1	2	X	517508109
235673559	56183199	52	M	1	0	X	517507942
235673560	56183199	47	F	1	1	X	517508867
235843630	56183386	2	M	1	2	X	X
235843632	56183386	23	F	1	0	X	X
235843633	56183386	4	M	1	2	X	X
235843706	56183446	25	M	1	10	X	517508483
235843708	56183446	4	M	1	2	X	X
235843709	56183446	3	M	1	2	X	X
235853529	56183615	21	F	1	1	X	517508273
235988803	56182075	41	F	1	0	X	517507539
235988806	56182075	6	M	1	2	450091718	X
235988811	56184108	41	F	1	0	X	517508388
235988812	56184108	14	M	1	2	450096777	X
235988813	56184108	9	F	1	2	450096761	X
235988814	56184108	6	M	1	2	450096761	X
235988823	56181858	41	F	1	0	X	517662794
235988824	56181858	14	M	1	2	450096777	X
235988826	56181858	6	M	1	2	450091718	X
235988840	56181437	14	M	1	2	450096777	X
235988842	56181437	6	M	1	2	450091718	X
235988844	56184162	14	M	1	2	450096777	X
235988845	56184162	9	F	1	2	450096761	X
235988846	56184162	6	M	1	2	450096761	X
235988848	56180834	14	M	1	2	450096777	X
235988863	56181559	41	F	1	0	X	517507886
235988864	56181559	14	M	1	2	450096777	X
235988866	56181559	6	M	1	2	450096761	X
235988874	56182153	6	M	1	2	450091718	X
236015986	56185282	13	M	1	2	450096778	X
236015988	56185282	49	M	1	0	X	517663184
236016034	56177904	13	M	1	2	450096778	X
236185175	56180718	52	F	1	0	X	X
236185186	56180806	58	M	1	1	X	X
236185187	56180806	52	F	1	0	X	X
236185208	56183055	58	M	1	1	X	X
236185209	56183055	52	F	1	0	X	X
236185210	56181387	58	M	1	1	X	X
236185211	56181387	52	F	1	0	X	X
236185216	56182622	58	M	1	1	X	X
236185217	56182622	52	F	1	0	X	X
236206953	56180251	10	F	9	2	450096778	X
236206954	56180251	48	M	1	0	X	517508405
236206955	56180251	13	F	9	2	450096778	X
236388225	56184229	4	M	1	2	X	X
237362803	56182531	56	F	1	0	X	517507786
237362804	56182531	18	M	1	2	450096777	517508483
237362805	56182531	50	M	1	10	X	X
237362830	56180131	50	M	1	0	X	517508451
237362832	56180131	47	F	1	1	X	517507407
237362842	56181433	50	M	1	0	X	517507295
237362843	56181433	9	M	1	5	450096761	X
237362849	56179026	9	M	1	5	450096761	X
237362854	56180809	50	M	1	0	X	517508463
237362855	56180809	9	M	1	5	450091718	X
237362856	56180809	47	F	1	1	X	517508253
237362866	56179154	50	M	1	0	X	517508179
237362868	56179154	47	F	1	1	X	517508492
237362900	56184047	9	M	1	5	450096761	X
237362901	56184047	47	F	1	1	X	517508049
237362911	56176815	50	M	1	0	X	517507270
237362912	56176815	9	M	1	5	450096761	X
237362913	56176815	47	F	1	1	X	517662850
237362918	56183745	9	M	1	5	450096761	X
237362930	56181562	9	M	1	5	450096761	X
237362935	56184813	50	M	1	0	X	517508481
237362936	56184813	9	M	1	5	450091718	X
237362937	56184813	47	F	1	1	X	517508364
237362938	56183762	50	M	1	0	X	517508426
237362940	56183762	47	F	1	1	X	517507261
237362963	56181896	9	M	1	5	450091718	X
237362964	56181896	47	F	1	1	X	517663300
237362988	56183207	47	F	1	1	X	517508358
237687427	56179483	28	F	1	1	X	517507958
237687437	56180132	35	M	1	0	X	517507493
237687438	56180132	1	M	1	2	X	X
237687448	56176778	28	F	1	1	X	517507562
237687449	56176778	35	M	1	0	X	503067018
237687450	56176778	1	M	1	2	X	X
237687484	56180229	28	F	1	1	X	517508179
237687490	56180237	28	F	1	1	X	517508436
237687491	56180237	35	M	1	0	X	517508179
237687492	56180237	1	M	1	2	X	X
237687532	56182806	28	F	1	1	X	517508774
237687533	56182806	35	M	1	0	X	517508547
237687559	56184012	28	F	1	1	X	517508002
237687560	56184012	35	M	1	0	X	517662923
237687573	56177611	1	M	1	2	X	X
237687591	56184138	1	M	1	2	X	X
237687598	56183039	28	F	1	1	X	517508128
237687600	56183039	1	M	1	2	X	X
237687612	56179987	1	M	1	2	X	X
237687626	56179924	35	M	1	0	X	517507324
237687627	56179924	1	M	1	2	X	X
237687643	56182090	28	F	1	1	X	506979934
237687645	56182090	1	M	1	2	X	X
237687670	56183833	28	F	1	1	X	517508096
237687671	56183833	35	M	1	0	X	517508276
237687673	56184430	28	F	1	1	X	517508237
237687674	56184430	35	M	1	0	X	517662850
237687675	56184430	1	M	1	2	X	X
237712403	56182613	51	F	1	1	X	517507260
237712404	56182613	54	M	1	0	X	517507317
237712408	56182963	54	M	1	0	X	517507695
237712414	56180590	54	M	1	0	X	506880803
237712435	56179917	51	F	1	1	X	517508057
237712436	56179917	54	M	1	0	X	517662891
237780213	56179663	56	M	1	0	X	517663324
237862641	56178187	57	F	1	0	X	517662865
238013102	56178612	48	F	1	10	X	517508033
238013104	56178612	57	M	1	0	X	517509354
238119178	56183702	58	M	1	1	X	X
238119180	56177007	58	M	1	1	X	X
238119187	56177048	53	F	1	0	X	517507634
238119188	56177048	58	M	1	1	X	X
238252356	56179592	66	F	1	1	X	X
238252357	56179592	65	M	1	0	X	X
238252385	56180537	65	M	1	0	X	X
238297523	56183227	4	M	9	2	450058854	X
238297588	56182828	4	M	9	2	450058854	X
238297589	56182828	3	F	9	2	X	X
238297592	56182828	26	M	9	1	X	517508002
238297614	56185517	3	F	9	2	X	X
238297615	56185517	2	M	9	2	X	X
238297617	56185517	26	M	9	1	X	517508499
238297618	56183472	4	M	9	2	450058854	X
238297621	56183472	23	F	1	0	X	X
238297634	56182603	3	F	9	2	X	X
238297636	56182603	23	F	1	0	X	X
238297637	56182603	26	M	9	1	X	517508093
238434537	56177127	56	F	1	0	X	517662850
238434541	56183524	56	F	1	0	X	517508596
238434543	56180372	56	F	1	0	X	517508589
238434546	56178616	56	F	1	0	X	517662850
238477031	56183934	61	F	1	0	X	517507524
238477038	56181243	84	F	1	4	X	X
238488633	56181076	55	F	1	1	X	517508362
238488636	56179317	55	M	1	0	X	517508520
238488641	56184843	55	F	1	1	X	517507399
238561362	56179524	48	F	1	7	X	517508429
238561363	56179524	61	F	1	0	X	517508057
238561364	56179524	63	M	1	1	X	X
238561368	56181009	48	F	1	7	X	517508000
238561370	56181009	63	M	1	1	X	X
238561374	56178492	48	F	1	7	X	517508063
238561375	56178492	61	F	1	0	X	517508346
238607662	56180044	40	M	1	0	X	517508179
238607664	56180044	32	F	1	1	X	517508428
238607665	56180044	0	M	1	2	X	X
238607675	56185250	4	F	1	2	450058854	X
238607676	56185250	32	F	1	1	X	517663273
238607677	56185250	0	M	1	2	X	X
238607678	56178639	40	M	1	0	X	517508860
238607679	56178639	4	F	1	2	450058854	X
238607681	56178639	0	M	1	2	X	X
238607699	56180659	4	F	1	2	450058854	X
238607714	56183862	40	M	1	0	X	517508128
238607715	56183862	4	F	1	2	450058854	X
238607717	56183862	0	M	1	2	X	X
238607751	56180075	4	F	1	2	450066968	X
238607752	56180075	32	F	1	1	X	517507827
238607753	56180075	0	M	1	2	X	X
238607786	56180323	40	M	1	0	X	517663305
238607787	56180323	4	F	1	2	450066968	X
238607802	56180960	40	M	1	0	X	517662863
238607803	56180960	4	F	1	2	450058854	X
238607805	56180960	0	M	1	2	X	X
238607835	56180523	4	F	1	2	450066968	X
238607836	56180523	32	F	1	1	X	517507808
238607847	56185528	4	F	1	2	450058854	X
238747071	56179605	67	F	1	1	X	X
238989460	56184521	30	M	1	0	X	517508057
238989461	56184521	28	M	1	9	X	517507594
238989473	56184242	28	M	1	9	X	517508752
238989481	56184303	28	M	1	9	X	517508057
238989494	56181073	30	M	1	0	X	517508792
238989495	56181073	28	M	1	9	X	517663328
238989543	56179731	28	M	1	9	X	517508014
239278869	56178247	52	F	1	1	X	X
239278870	56178247	16	F	1	2	450096777	X
239278871	56178247	65	M	1	0	X	517663166
239278875	56185036	52	F	1	1	X	X
239278877	56185036	65	M	1	0	X	517508111
239278885	56184964	16	F	1	2	450096777	X
239386428	56180593	76	M	1	0	X	X
239386429	56180593	71	F	1	1	X	X
239386434	56176822	76	M	1	0	X	X
239386435	56176822	71	F	1	1	X	X
239386439	56183978	71	F	1	1	X	X
239386440	56177644	76	M	1	0	X	X
239386441	56177644	71	F	1	1	X	X
239386444	56180573	76	M	1	0	X	X
239386445	56180573	71	F	1	1	X	X
239386456	56177651	76	M	1	0	X	X
239386457	56177651	71	F	1	1	X	X
239942226	56183265	28	F	1	0	X	517508110
239942230	56176810	28	F	1	0	X	517508727
239942238	56176877	28	F	1	0	X	517508362
240098248	56179851	34	F	1	1	X	X
240098249	56179851	34	M	1	0	X	517507305
240098291	56181662	34	M	1	0	X	506878239
240098297	56177443	34	M	1	0	X	517508057
240098301	56179691	34	M	1	0	X	517508430
240098313	56183918	34	M	1	0	X	517507795
240113648	56182675	46	F	1	0	X	X
240113670	56181074	46	F	1	0	X	X
240113694	56179409	46	F	1	0	X	X
240113701	56182032	46	M	1	1	X	517507728
240431805	56183155	50	F	1	0	X	X
240431806	56183155	52	M	1	1	X	517507696
240431820	56179408	52	M	1	1	X	517508451
240431832	56184732	52	M	1	1	X	517508067
240533078	56184735	45	F	1	10	X	517508582
240533079	56184735	49	M	8	0	X	517508103
240533080	56184735	16	M	1	2	450096777	517508871
240533086	56184889	45	F	1	10	X	517508116
240533087	56184889	49	M	8	0	X	517507518
240533089	56184889	14	M	1	2	450096778	X
240533102	56184755	45	F	1	10	X	517508332
240533103	56184755	49	M	8	0	X	517508358
240533104	56184755	16	M	1	2	450096777	517508200
240533105	56184755	14	M	1	2	450096778	X
240614522	56182139	46	F	1	1	X	517508882
240614524	56182139	48	M	1	0	X	517508247
240614533	56183089	48	M	1	0	X	517508057
240614549	56184750	46	F	1	1	X	517508057
240614550	56184750	12	M	1	2	450096778	X
240614555	56177542	46	F	1	1	X	517508156
240812550	56177023	56	M	1	1	X	517507580
240812560	56180905	56	M	1	1	X	517507897
240812561	56180905	55	F	1	0	X	517507504
240812564	56181354	56	M	1	1	X	517508541
240812565	56181354	55	F	1	0	X	517662807
240812573	56177729	55	F	1	0	X	517662850
241134727	56178400	28	F	8	1	X	503067490
241134736	56185662	28	F	8	1	X	517508110
241134737	56185662	1	M	9	2	X	X
241134738	56185662	30	M	1	0	X	517508629
241134750	56177827	30	M	1	0	X	517662923
241134754	56180895	28	F	8	1	X	517508187
241134755	56180895	1	M	9	2	X	X
241134756	56180895	30	M	1	0	X	517508451
242412788	56181578	4	M	1	2	450094430	X
242412790	56181578	28	F	1	0	X	517508091
242481396	56185367	61	F	1	0	X	517507703
242481397	56185367	61	M	1	1	X	X
242481411	56178714	61	F	1	0	X	517663173
242481413	56178714	27	M	1	2	X	517662701
242481426	56178660	61	F	1	0	X	517508700
242481427	56178660	61	M	1	1	X	X
242481436	56184741	61	M	1	1	X	X
242481447	56179140	61	F	1	0	X	517508002
242481493	56181944	61	M	1	1	X	X
242481510	56181845	61	F	1	0	X	517507355
242481512	56181845	27	M	1	2	X	517663338
242481521	56183409	27	M	1	2	X	517663338
242481532	56182017	61	M	1	1	X	X
242481533	56182017	27	M	1	2	X	517508881
242670630	56179652	15	F	1	2	450096777	X
242670642	56178030	15	F	1	2	450096777	X
242670643	56178030	37	F	1	0	X	517508559
242670650	56182732	11	M	1	2	450096778	X
242670660	56182754	15	F	1	2	450096777	X
242670661	56182754	37	F	1	0	X	517662753
242670669	56182480	15	F	1	2	450096777	X
242670670	56182480	37	F	1	0	X	517662850
242670695	56185180	11	M	1	2	450096778	X
242670696	56185180	15	F	1	2	450096777	X
242670697	56185180	37	F	1	0	X	517508396
242670714	56179516	15	F	1	2	450096777	X
242670726	56183855	15	F	1	2	450096777	X
242670739	56184834	37	F	1	0	X	517508893
242670743	56179807	11	M	1	2	450096778	X
242670745	56179807	37	F	1	0	X	517507827
242778947	56176779	86	F	1	0	X	X
242807522	56183360	31	M	1	1	X	517508800
242807524	56183360	6	M	1	2	450096761	X
242807525	56183360	26	F	1	0	X	517662750
242807620	56178415	6	M	1	2	450091718	X
242807621	56178415	26	F	1	0	X	517507671
242924351	56185178	38	F	1	1	X	517663268
242924353	56185178	57	M	1	0	X	517508110
242924371	56181170	38	F	1	1	X	517508179
242924372	56181170	10	F	1	2	450096778	X
242924373	56181170	57	M	1	0	X	517663263
242924378	56185411	8	F	1	2	450091718	X
242924379	56185411	38	F	1	1	X	517508485
242924381	56185411	57	M	1	0	X	517507922
242924425	56184913	57	M	1	0	X	501428111
242924440	56178988	10	F	1	2	450096778	X
242924463	56183477	38	F	1	1	X	517508577
242924465	56183477	57	M	1	0	X	517508121
243221877	56177564	60	M	1	0	X	517662850
243221883	56178277	60	M	1	0	X	517508426
243253416	56183627	56	F	1	1	X	517508265
243253418	56183627	50	M	1	0	X	517662850
243256626	56180498	34	M	1	1	X	517508057
243256628	56180498	5	M	1	2	450096761	X
243256629	56180498	30	F	1	0	X	517507826
243271439	56178440	58	F	1	0	X	X
243271448	56184709	58	F	1	0	X	X
243271450	56177566	58	F	1	0	X	X
243271461	56185314	58	F	1	0	X	X
243271473	56180897	58	F	1	0	X	X
243298925	56182439	64	M	1	1	X	X
243298926	56182439	62	F	1	0	X	X
243298936	56180972	62	F	1	0	X	X
243298938	56181830	62	F	1	0	X	X
243799387	56185648	69	M	1	0	X	517508426
243808779	56185021	14	F	1	2	450096777	X
243808780	56178636	47	F	1	1	X	517508516
243857807	56178236	58	M	1	0	X	517508426
243857808	56178236	56	F	1	1	X	X
243857829	56182376	58	M	1	0	X	517508088
243857830	56182376	56	F	1	1	X	X
244125063	56183081	20	M	1	2	X	517507516
244125064	56183081	45	M	1	1	X	517507281
244125087	56184375	20	M	1	2	X	517507766
244125089	56184375	44	F	1	0	X	517508057
244125125	56177082	44	F	1	0	X	517662739
244125146	56178985	16	M	1	2	450096777	517508408
244125147	56178985	20	M	1	2	X	517508021
244125148	56178985	45	M	1	1	X	517508094
244125170	56178805	16	M	1	2	450096777	517508057
244125173	56178805	44	F	1	0	X	517508804
244125190	56184065	16	M	1	2	450096777	517508002
244125192	56184065	45	M	1	1	X	517507555
244125193	56184065	44	F	1	0	X	517508262
244125198	56182837	16	M	1	2	450096777	517508130
244125200	56182837	45	M	1	1	X	517508884
244125201	56182837	44	F	1	0	X	517507324
244125210	56182690	16	M	1	2	450096777	517663305
244125211	56182690	20	M	1	2	X	517662889
244125212	56182690	45	M	1	1	X	517508295
244125213	56182690	44	F	1	0	X	517507815
244280498	56179885	35	F	1	1	X	517508694
244280500	56179885	37	M	1	0	X	517507836
244280526	56179856	15	F	9	2	450096777	X
244280534	56183960	35	F	1	1	X	517508425
244280544	56184347	15	F	9	2	450096777	X
244280545	56184347	37	M	1	0	X	517507281
244280553	56181469	15	F	9	2	450096777	X
244280554	56181469	37	M	1	0	X	517508086
244292858	56180686	12	F	1	2	450096778	X
244292859	56180686	10	F	1	2	450091718	X
244292861	56180686	37	F	1	0	X	X
244292972	56178059	55	M	1	1	X	517508483
244292974	56178059	10	F	1	2	450100228	X
244292976	56178059	37	F	1	0	X	X
244292988	56182914	12	F	1	2	450096778	X
244292989	56182914	10	F	1	2	450091718	X
244292990	56182914	8	M	1	2	450091718	X
244292991	56182914	37	F	1	0	X	X
244293148	56180479	12	F	1	2	450096778	X
244293149	56180479	10	F	1	2	450091718	X
244293151	56180479	37	F	1	0	X	X
244293196	56180329	37	F	1	0	X	X
244311921	56185540	57	M	1	0	X	517508110
244311922	56185540	60	F	1	1	X	517508380
244311942	56183459	60	F	1	1	X	517508803
244311943	56182482	57	M	1	0	X	517507607
244311951	56177161	57	M	1	0	X	517507605
244311953	56183611	57	M	1	0	X	517508057
244311959	56179507	57	M	1	0	X	517508644
244511592	56182246	56	M	1	0	X	517508043
244511598	56185427	56	M	1	0	X	517508803
244511602	56179278	56	M	1	0	X	517508057
244511615	56182267	56	M	1	0	X	517663273
244511619	56182266	56	M	1	0	X	517508451
244511620	56180810	56	M	1	0	X	517507785
244511627	56181070	56	M	1	0	X	517508014
244511629	56178777	56	M	1	0	X	517509362
244511630	56182093	56	M	1	0	X	517507500
244511632	56176775	56	M	1	0	X	517662850
244511634	56178092	56	M	1	0	X	517508057
244511640	56184940	56	M	1	0	X	517508679
244511641	56177260	56	M	1	0	X	517662850
244759244	56182507	28	F	1	0	X	517508096
244759246	56177948	28	F	1	0	X	517507582
244759256	56177983	28	F	1	0	X	517508589
244759259	56177099	28	F	1	0	X	517509003
244759261	56183657	28	F	1	0	X	517507745
244759274	56178225	28	F	1	0	X	517507498
244759289	56183732	28	F	1	0	X	517508235
244759292	56179705	28	F	1	0	X	517508451
244759294	56183619	28	F	1	0	X	517508002
244759302	56183738	28	F	1	0	X	517507292
244759309	56177737	28	F	1	0	X	517662850
244759312	56184522	28	F	1	0	X	517507281
244759313	56177136	28	F	1	0	X	517663180
244759314	56178826	28	F	1	0	X	517508066
244759327	56176863	28	F	1	0	X	517662923
244759328	56179447	28	F	1	0	X	517508692
244759344	56183760	28	F	1	0	X	517508179
244759360	56180209	28	F	1	0	X	517507607
244759372	56177236	28	F	1	0	X	517662847
244759378	56179798	28	F	1	0	X	517507309
244759394	56179955	28	F	1	0	X	517662923
244759395	56180167	28	F	1	0	X	517508736
244885745	56181789	46	M	1	0	X	517507897
244885746	56181789	22	F	1	2	X	506979993
244885754	56181005	22	F	1	2	X	517507967
244885756	56181005	16	F	1	2	450096777	517507271
244885823	56182253	49	F	1	1	X	517507582
244885824	56182253	16	F	1	2	450096777	517663282
244885825	56177590	46	M	1	0	X	517508235
244885828	56177590	16	F	1	2	450096777	517508817
244968418	56177126	26	M	1	0	X	517508661
244968429	56183723	26	M	1	0	X	517663177
244968433	56183667	26	M	1	0	X	517508358
245054825	56181744	51	M	1	0	X	517507337
245054831	56184382	51	M	1	0	X	517508179
245054834	56182255	51	M	1	0	X	517508763
245054842	56183403	51	M	1	0	X	517507587
245054862	56183355	51	M	1	0	X	517507324
245054881	56178090	51	M	1	0	X	506321033
245059568	56182504	16	M	1	2	450096777	X
245059570	56182504	12	F	1	2	450096778	X
245101768	56180889	61	F	1	0	X	517507743
245103914	56184530	5	M	1	2	450094430	X
245103919	56184530	2	F	1	2	X	X
245103928	56177261	5	M	1	2	450094430	X
245103929	56177261	34	F	1	0	X	517507355
245103930	56177261	11	M	1	2	450096778	X
245103931	56177261	33	M	1	1	X	517662847
245103935	56179716	5	M	1	2	450094430	X
245103937	56179716	11	M	1	2	450096778	X
245103938	56179716	33	M	1	1	X	517508116
245103939	56179716	12	F	1	2	450096778	X
245103940	56179716	2	F	1	2	X	X
245108558	56185569	71	M	1	0	X	X
245108562	56181623	71	M	1	0	X	X
245108570	56180786	71	M	1	0	X	X
245108573	56179525	71	M	1	0	X	X
245108577	56184651	71	M	1	0	X	X
245108588	56183090	71	M	1	0	X	X
245108598	56177873	71	M	1	0	X	X
245108624	56184273	71	M	1	0	X	X
245324256	56183719	16	M	1	2	450096777	X
245324260	56183426	20	M	1	2	X	517508644
245324262	56183426	16	M	1	2	450096777	X
245443282	56181130	57	M	1	1	X	517663299
245443308	56183483	57	M	1	1	X	501428199
245499037	56180666	57	M	1	1	X	517508875
245499039	56178260	57	M	1	1	X	517508364
245499044	56177796	66	F	1	0	X	503021605
245499045	56177796	57	M	1	1	X	517662923
245499053	56178726	57	M	1	1	X	517508394
245509763	56179232	31	M	1	0	X	517508621
245509764	56179232	30	F	1	1	X	517508396
245509782	56181451	6	M	1	2	450096761	X
245509784	56181451	30	F	1	1	X	517508002
245509787	56183672	31	M	1	0	X	517508451
245509788	56183672	30	F	1	1	X	517507355
245509789	56183672	4	F	1	2	X	X
245509796	56183846	30	F	1	1	X	517507355
245509797	56183846	4	F	1	2	X	X
245509798	56183743	6	M	1	2	450096761	X
245509822	56177353	6	M	1	2	450097548	X
245509823	56177353	31	M	1	0	X	506979966
245509824	56177353	30	F	1	1	X	517662730
245509919	56177620	31	M	1	0	X	517662794
245509920	56177620	30	F	1	1	X	506979728
245509921	56177620	4	F	1	2	X	X
245509954	56183801	6	M	1	2	450096761	X
245603692	56184575	21	M	1	0	X	517508002
245603700	56184081	2	M	1	2	X	X
245603701	56184081	21	M	1	0	X	517508817
245603703	56182769	2	M	1	2	X	X
245603704	56182769	21	M	1	0	X	517507933
245603705	56182769	22	F	1	1	X	X
245603778	56184101	2	M	1	2	X	X
245603779	56184101	21	M	1	0	X	517508693
245603793	56184558	2	M	1	2	X	X
245603794	56184558	21	M	1	0	X	517508756
245671781	56179895	52	F	1	0	X	517508499
245715228	56177212	56	F	1	1	X	517662919
245715229	56177212	60	M	1	0	X	517662850
245715240	56178820	56	F	1	1	X	517663129
245715253	56185298	60	M	1	0	X	517508388
245766026	56179244	50	M	1	0	X	517507582
245790742	56184453	25	F	8	1	X	517662883
245790743	56184453	3	F	3	2	X	X
246046201	56182881	60	M	1	0	X	X
246046211	56177716	60	M	1	0	X	X
246046212	56182776	60	M	1	0	X	X
246311231	56180752	62	F	1	0	X	517508636
246311237	56180852	62	F	1	0	X	517507646
246311238	56180852	67	M	1	1	X	X
246373366	56182257	40	M	1	0	X	517508014
246373368	56178481	7	F	1	2	450091718	X
246402016	56180596	2	M	1	2	X	X
246402037	56179008	30	M	1	0	X	X
246402038	56179008	27	F	1	1	X	X
246402039	56179008	6	M	1	2	450096761	X
246402040	56179008	2	M	1	2	X	X
246621451	56182904	62	F	1	0	X	517508002
246621452	56176867	62	F	1	0	X	517508504
246960557	56181879	35	F	1	0	X	506979782
246960574	56182907	35	F	1	0	X	517662923
246960576	56184490	35	F	1	0	X	517508538
246960577	56182810	35	F	1	0	X	517508093
246960578	56182450	35	F	1	0	X	517508451
246960582	56180460	35	F	1	0	X	517508014
247122068	56182520	51	F	1	1	X	X
247122069	56182520	51	M	1	0	X	517507739
247122076	56177159	51	F	1	1	X	X
247122077	56177159	51	M	1	0	X	517508023
247122083	56180762	51	M	1	0	X	517508177
247372516	56181959	20	M	1	12	X	517507636
247372517	56181959	19	M	1	2	X	517662850
247372518	56181959	41	F	1	1	X	517507880
247700115	56177433	65	M	1	0	X	X
247700119	56177977	65	M	1	0	X	X
247700120	56177977	53	F	1	1	X	517508235
247700132	56178469	53	F	1	1	X	506317429
247753420	56179027	8	M	1	2	450096761	X
247753422	56179027	30	F	1	0	X	X
247753423	56179027	34	M	1	10	X	517508739
247753424	56184192	8	M	1	2	450096761	X
247753427	56184192	34	M	1	10	X	517507261
247753496	56180948	8	M	1	2	450091718	X
247753498	56180948	30	F	1	0	X	X
247753552	56183813	8	M	1	2	450096761	X
247753553	56183813	0	F	1	2	X	X
247753554	56183813	30	F	1	0	X	X
247825320	56181115	46	F	1	1	X	X
247825321	56181115	25	M	1	2	X	517507510
247825330	56185478	30	M	2	12	X	X
247825345	56181196	25	M	1	2	X	517662865
247825347	56181196	48	M	1	0	X	517662850
248116969	56185133	9	F	1	2	450091718	X
248116970	56185133	32	M	1	1	X	517663284
248116971	56185133	29	F	1	0	X	517508245
248116972	56185133	4	F	1	2	450058854	X
248116973	56185133	0	M	1	2	X	X
248288180	56182761	69	M	1	1	X	X
248362608	56176839	52	F	1	10	X	X
248362613	56179088	44	M	1	0	X	517508589
248362619	56182224	44	M	1	0	X	517507703
248362628	56182709	52	F	1	10	X	X
248362629	56182709	44	M	1	0	X	517508726
248419833	56181705	45	M	1	0	X	506979609
248419836	56182081	45	M	1	0	X	517508451
248419845	56179046	45	M	1	0	X	517507639
248600810	56182119	59	M	1	0	X	517507677
248604883	56181150	70	F	1	0	X	517507582
248672505	56178186	2	M	1	2	X	X
248672506	56178186	24	F	1	0	X	X
248672540	56183257	2	M	1	2	X	X
248672541	56183257	24	F	1	0	X	X
248726556	56180712	53	F	1	0	X	517663174
248726557	56180712	61	M	1	1	X	517507827
248867797	56184967	55	F	1	0	X	517508742
248867798	56184967	59	M	1	1	X	517508107
248867808	56179078	26	M	1	2	X	517663146
248867810	56179078	59	M	1	1	X	517507273
248867812	56179723	55	F	1	0	X	517662890
248867813	56179723	59	M	1	1	X	517663261
248867816	56183492	59	M	1	1	X	517663177
248895341	56180541	18	F	1	2	450096777	X
248895342	56180541	44	F	1	0	X	517508436
248895343	56184972	47	M	1	1	X	517662850
248895345	56184972	44	F	1	0	X	517508057
248895350	56184738	18	F	1	2	450096777	X
249157079	56185670	64	F	1	0	X	517508664
249515612	56177739	77	M	1	0	X	X
249515623	56184014	74	F	1	1	X	X
249515630	56177425	77	M	1	0	X	X
249608387	56184539	70	F	1	1	X	X
249608388	56184539	78	M	1	0	X	X
249803863	56180014	44	M	1	0	X	X
249892418	56178226	53	F	1	0	X	517507826
249892419	56178226	53	M	1	1	X	509158401
249892437	56180423	53	M	1	1	X	517507305
249892444	56182182	53	F	1	0	X	517507355
249892445	56182182	53	M	1	1	X	517508652
249892470	56181254	53	F	1	0	X	517507269
249948905	56179011	69	F	1	1	X	517508571
249948906	56179011	70	M	1	0	X	X
249948937	56181636	69	F	1	1	X	517507773
249948938	56181636	70	M	1	0	X	X
250036854	56181585	51	M	1	0	X	517507481
250036855	56185263	51	M	1	0	X	517508692
250036861	56184670	51	M	1	0	X	517508563
250036866	56180042	51	M	1	0	X	517508179
250036871	56177338	51	M	1	0	X	517509352
250036873	56179105	51	M	1	0	X	517508867
250036874	56181613	51	M	1	0	X	517508541
250036879	56177243	51	M	1	0	X	506979785
250036895	56177369	51	M	1	0	X	517663180
250036899	56183626	51	M	1	0	X	517508426
250036919	56177691	51	M	1	0	X	517508817
250358831	56178248	10	M	9	2	450096761	X
250358832	56178248	12	M	9	2	450096778	X
250358833	56178248	31	M	9	1	X	517508426
250358843	56176949	10	M	9	2	450096761	X
250358844	56176949	12	M	9	2	450096778	X
250358845	56176949	31	M	9	1	X	517662919
250445710	56178638	65	M	1	1	X	517508242
250445738	56179159	65	M	1	1	X	517662923
250651566	56179237	52	M	1	8	X	517508092
250733865	56179214	78	M	1	0	X	X
250733866	56179214	73	F	1	1	X	X
250733881	56176840	78	M	1	0	X	X
250736429	56180586	24	F	1	0	X	517507607
250736432	56183571	24	F	1	0	X	517508775
250736433	56183505	24	F	1	0	X	517508093
250736435	56181450	24	F	1	0	X	517508160
250736448	56183444	24	F	1	0	X	501428504
250736452	56182999	24	F	1	0	X	517508092
250834234	56178566	12	M	1	2	450096778	X
250834236	56178566	58	M	1	0	X	517662850
250834251	56185550	58	M	1	0	X	517507778
250969751	56179283	51	F	1	0	X	517508059
250971060	56184320	31	F	1	0	X	X
250971061	56184320	3	M	1	2	450058854	X
250971155	56177556	31	F	1	0	X	X
250971156	56177556	3	M	1	2	450058854	X
250971157	56177556	6	F	1	2	450096761	X
250971158	56177556	45	M	1	1	X	517507293
250971235	56184600	31	F	1	0	X	X
250994413	56183774	52	M	1	0	X	517662701
251137776	56183863	58	M	1	0	X	517508731
251137777	56183863	60	F	1	1	X	X
251137782	56178202	58	M	1	0	X	517508128
251137786	56178993	58	M	1	0	X	517507623
251137787	56178993	60	F	1	1	X	X
251442345	56183758	7	M	1	2	450096761	X
251442347	56183758	32	M	1	1	X	517508481
251442348	56183758	4	M	1	2	X	X
251442349	56183758	1	M	1	2	X	X
251504572	56178184	40	F	1	0	X	X
251526119	56183724	49	M	1	0	X	517508174
251526124	56180204	49	M	1	0	X	517662850
251702792	56184323	16	M	1	2	450096777	X
251702795	56184323	42	F	1	1	X	517508442
251702802	56182212	13	F	1	2	450096778	X
251702824	56181865	16	M	1	2	450096777	X
251702844	56180031	16	M	1	2	450096777	X
251702847	56180031	42	F	1	1	X	517508451
251702855	56179145	42	F	1	1	X	517508002
251702856	56182814	16	M	1	2	450096777	X
251702858	56182814	13	F	1	2	450096778	X
251702859	56182814	42	F	1	1	X	517508341
251702861	56181442	43	M	1	0	X	517508820
251702863	56181442	42	F	1	1	X	517507511
251702884	56182655	16	M	1	2	450096777	X
251943331	56177009	62	F	1	1	X	517509383
251943346	56184236	78	M	1	0	X	X
252181865	56181496	47	M	1	0	X	517662879
252181871	56177427	47	M	1	0	X	517508520
252181874	56181940	47	M	1	0	X	517508311
252181880	56180264	47	M	1	0	X	517507625
252377050	56177390	75	F	1	0	X	X
252759783	56179007	53	F	1	0	X	517507708
253256628	56185251	13	M	1	2	450096778	X
253256630	56185251	38	F	1	0	X	517507407
253256635	56185159	16	F	1	2	450096777	517508396
253256637	56185159	38	M	1	1	X	517507815
253256638	56185159	38	F	1	0	X	517507285
253276373	56177676	27	F	1	1	X	X
253474449	56183196	43	F	1	0	X	517507261
253673940	56183564	15	M	1	12	450096777	X
253726880	56177354	51	M	1	0	X	517662850
253726881	56177354	50	F	1	1	X	503063579
253726882	56177354	19	F	1	2	X	517662927
253726888	56185100	19	F	1	2	X	517508109
253830682	56177502	40	F	1	1	X	506317429
253830693	56177207	51	M	1	0	X	517662730
254300347	56183624	40	F	1	1	X	517508012
254300348	56183624	7	F	1	2	450096761	X
254300405	56177303	3	M	1	2	450094430	X
254300406	56177303	33	M	1	0	X	517662850
254300407	56177303	40	F	1	1	X	517662850
254300409	56180274	3	M	1	2	450094430	X
254300410	56180274	33	M	1	0	X	517662725
254489422	56182991	46	F	1	1	X	517508340
254489425	56183056	47	M	1	0	X	X
254489432	56182956	46	F	1	1	X	517663314
254732291	56178817	63	F	1	1	X	X
254732323	56185208	63	F	1	1	X	X
254732340	56185661	67	M	1	0	X	X
254732341	56185661	63	F	1	1	X	X
254732342	56178133	67	M	1	0	X	X
254732344	56184881	67	M	1	0	X	X
254732345	56184881	63	F	1	1	X	X
254801334	56182970	52	M	1	0	X	517508310
254801344	56182359	52	M	1	0	X	517507592
254801345	56182359	49	F	1	1	X	517663295
254801348	56182359	12	F	1	2	450096778	X
254801451	56185142	9	F	1	2	450091718	X
254801453	56185142	12	F	1	2	450096778	X
254801479	56184649	52	M	1	0	X	517507702
254801480	56184649	49	F	1	1	X	517508591
254801481	56184649	9	F	1	2	450091718	X
254801519	56178324	52	M	1	0	X	517507866
254801522	56178324	16	F	1	2	450096777	X
254813768	56176780	27	M	1	0	X	517507984
254813769	56176780	24	F	1	1	X	517663174
254813773	56180825	24	F	1	1	X	517508868
254813790	56176969	27	M	1	0	X	517662749
254813791	56176969	24	F	1	1	X	506980150
254919067	56179231	30	M	1	0	X	517508563
255122475	56185511	65	M	1	0	X	X
255122476	56185511	40	M	1	2	X	X
255122499	56178881	65	M	1	0	X	X
255122501	56178881	61	F	1	1	X	X
255197149	56180909	63	F	1	0	X	X
255199189	56177185	13	F	1	2	450096778	X
255199249	56178768	13	F	1	2	450096778	X
255199250	56178768	45	M	1	3	X	X
255199251	56178768	43	M	1	0	X	517662850
255199257	56183194	13	F	1	2	450096778	X
255199258	56183194	45	M	1	3	X	X
255199260	56183194	16	M	1	2	450096777	517507542
255199266	56185150	45	M	1	3	X	X
255199267	56185150	43	M	1	0	X	517508183
255199268	56185150	16	M	1	2	450096777	517508012
255205867	56181621	37	M	1	1	X	X
255205869	56181621	37	F	1	0	X	517663259
255484199	56182239	40	M	1	1	X	517507363
255484200	56182239	38	F	1	0	X	517662680
255484208	56184031	40	M	1	1	X	517508110
255484210	56184031	3	M	1	2	450058854	X
255484226	56184508	40	M	1	1	X	517663177
255484227	56184508	38	F	1	0	X	517507765
255484245	56182940	38	F	1	0	X	517508804
255484264	56181709	3	M	1	2	450058854	X
255484270	56182971	3	M	1	2	450058854	X
255484279	56179198	3	M	1	2	450058854	X
255484290	56182324	38	F	1	0	X	517508817
255484291	56182324	3	M	1	2	450058854	X
255484313	56183829	40	M	1	1	X	517508002
255484315	56183829	3	M	1	2	450058854	X
255484331	56182735	40	M	1	1	X	501428188
255484333	56182735	3	M	1	2	450058854	X
255484336	56182509	3	M	1	2	450058854	X
255484343	56183913	40	M	1	1	X	517508394
255484344	56183913	38	F	1	0	X	517508426
255484345	56183913	3	M	1	2	450058854	X
255484352	56182272	40	M	1	1	X	517508610
255484359	56184353	38	F	1	0	X	517507561
255579576	56185295	56	F	1	1	X	501428517
255579578	56185295	25	M	1	2	X	517507324
255667498	56178436	46	M	1	0	X	517508057
255667500	56178436	20	M	1	2	X	517662850
255667501	56178436	13	M	1	2	450096778	X
255667509	56180611	13	M	1	2	450096778	X
255906929	56179853	62	M	1	0	X	X
255906935	56178696	62	M	1	0	X	X
255906946	56185557	62	M	1	0	X	X
256082097	56182181	82	F	1	0	X	X
256446105	56178684	58	F	1	1	X	517507744
256446110	56178443	56	M	1	0	X	517662745
256446117	56184622	58	F	1	1	X	517508726
256446131	56179192	58	F	1	1	X	517507481
256446134	56177440	56	M	1	0	X	517662794
256446143	56177770	58	F	1	1	X	517663148
256515862	56177551	60	F	1	0	X	X
256515901	56178601	86	M	1	1	X	X
256847037	56180690	9	F	1	5	450091718	X
256847038	56180690	58	M	1	0	X	517663305
256847039	56180690	58	F	1	1	X	517508459
256847044	56185535	58	M	1	0	X	517662850
256847061	56180730	9	F	1	5	450091718	X
256847063	56180730	58	F	1	1	X	517507544
256847064	56178254	9	F	1	5	450091718	X
256847069	56177306	58	F	1	1	X	517663180
256939958	56181222	56	M	1	0	X	517508223
256939959	56181222	50	F	1	1	X	517662850
256939962	56178848	56	M	1	0	X	517662807
256939963	56178848	50	F	1	1	X	517508680
256939980	56180838	56	M	1	0	X	517508014
256939991	56184920	50	F	1	1	X	501428504
256939992	56181985	56	M	1	0	X	517662923
256939996	56177262	56	M	1	0	X	506980032
256939997	56177262	50	F	1	1	X	517509354
257017856	56184332	10	M	1	2	450096761	X
257017857	56184332	44	F	1	0	X	517508057
257017859	56184332	17	F	1	2	450096777	517508426
257017892	56179448	10	M	1	2	450096761	X
257017894	56179448	46	M	1	1	X	517508451
257017897	56179448	76	M	1	4	X	517508591
257017928	56184656	10	M	1	2	450091718	X
257017930	56184656	46	M	1	1	X	517508447
257017932	56184656	11	F	1	2	450096778	X
257017933	56184656	76	M	1	4	X	517508483
257166968	56183872	10	M	9	2	450096778	X
257166998	56180804	31	F	9	1	X	X
257167000	56180804	10	M	9	2	450096778	X
257167002	56181401	31	F	9	1	X	X
257167003	56181401	28	M	1	0	X	517507407
257167004	56181401	10	M	9	2	450096778	X
257215564	56181647	43	F	1	0	X	517507547
257215567	56181647	52	M	1	1	X	517508520
257215568	56181126	43	F	1	0	X	517507489
257215570	56181126	18	F	1	2	450096777	517508470
257215571	56181126	52	M	1	1	X	506880258
257215592	56178032	43	F	1	0	X	517508532
257215594	56178032	18	F	1	2	450096777	517508826
257215595	56178032	52	M	1	1	X	517662847
257215600	56185211	43	F	1	0	X	517508776
257215601	56185211	20	M	1	2	X	517508057
257215602	56185211	18	F	1	2	450096777	517508290
257215603	56185211	52	M	1	1	X	517507728
257215608	56180119	43	F	1	0	X	517507708
257215610	56180119	18	F	1	2	450096777	517663328
257215617	56184486	20	M	1	2	X	517507766
257215628	56184849	43	F	1	0	X	517508345
257215629	56184849	20	M	1	2	X	517508293
257215630	56184849	18	F	1	2	450096777	517507324
257215636	56181903	43	F	1	0	X	517507948
257215638	56181903	18	F	1	2	450096777	517508428
257215639	56181903	52	M	1	1	X	517507827
257215641	56180816	20	M	1	2	X	514201250
257553757	56177139	50	M	1	0	X	517663183
257553758	56177139	20	F	1	2	X	517663169
257553759	56180282	51	F	1	1	X	517508727
257553761	56180282	20	F	1	2	X	517663099
257553768	56182179	51	F	1	1	X	517508451
257553769	56182179	50	M	1	0	X	517508199
257553770	56182179	20	F	1	2	X	517507827
257641042	56182087	58	M	1	1	X	517663273
257641043	56182087	19	M	1	2	X	X
257641044	56182087	48	F	1	0	X	X
257641052	56181989	19	M	1	2	X	X
257641064	56182576	19	M	1	2	X	X
257739757	56184873	36	M	1	0	X	517662887
257739758	56184873	31	M	1	3	X	517508782
257739770	56180036	31	M	1	3	X	517508881
257739771	56180036	32	M	8	9	X	X
257971965	56178841	77	M	1	1	X	X
257971969	56176804	77	M	1	1	X	X
257971970	56176804	61	F	1	0	X	517508355
258026874	56182249	46	F	7	1	X	X
258127200	56182051	55	F	1	1	X	517662864
258127208	56178242	22	M	1	2	X	517508287
258127209	56178242	55	F	1	1	X	517508057
258306948	56177738	47	M	1	1	X	517662850
258306949	56177738	47	F	1	0	X	517662850
258320498	56180059	61	F	1	1	X	517663328
258320499	56180059	49	M	1	0	X	517662850
258320502	56182667	61	F	1	1	X	517508112
258320503	56182667	49	M	1	0	X	517507355
258320505	56177509	49	M	1	0	X	517662850
258320510	56179880	61	F	1	1	X	517662794
258351889	56184893	59	M	1	0	X	517507520
258351890	56184893	12	F	1	2	450096778	X
258351891	56184893	15	F	1	12	450096777	X
258351900	56185563	48	F	1	1	X	517508339
258351901	56185563	59	M	1	0	X	517507334
258351902	56185563	12	F	1	2	450096778	X
258351913	56185240	59	M	1	0	X	517662923
258351914	56185240	12	F	1	2	450096778	X
258455640	56177897	68	M	1	0	X	X
258509254	56179429	54	M	1	0	X	517508008
258509257	56183756	54	M	1	0	X	517507693
258509261	56180732	54	M	1	0	X	517507355
258509263	56181157	54	M	1	0	X	517508515
258509267	56178420	54	M	1	0	X	517662923
258684019	56183689	25	F	1	1	X	X
258918847	56179265	43	F	3	1	X	X
258918854	56181875	48	M	1	0	X	517507367
259040165	56181293	51	F	1	1	X	517508066
259040167	56180369	51	F	1	1	X	517508179
259040168	56180369	54	M	1	0	X	517508057
259040170	56184918	54	M	1	0	X	517508732
259145736	56183397	13	M	1	2	450096778	X
259145746	56177437	9	F	9	2	450096761	X
259145750	56184597	30	F	1	0	X	517507562
259145751	56184597	13	M	1	2	450096778	X
259211414	56183233	31	M	1	1	X	501428504
259211422	56179893	31	M	1	1	X	517662923
259211423	56179893	29	F	1	0	X	517508479
259211438	56184115	31	M	1	1	X	517507324
259211442	56179347	31	M	1	1	X	517509354
259211454	56178615	31	M	1	1	X	517663177
259211455	56178615	29	F	1	0	X	517508597
259211456	56182692	31	M	1	1	X	517507261
259211457	56182692	29	F	1	0	X	517508672
259248757	56184567	31	F	1	1	X	517508017
259248758	56184567	38	M	1	0	X	517508235
259248760	56184567	7	M	1	2	450096761	X
259248761	56184567	8	F	1	2	450096761	X
259248768	56181962	38	M	1	0	X	517508057
259248794	56182821	3	M	1	2	X	X
259248795	56182821	7	M	1	2	450091718	X
259248802	56180226	31	F	1	1	X	517508481
259248805	56180226	7	M	1	2	450091718	X
259248808	56184790	38	M	1	0	X	517505499
259248810	56184790	7	M	1	2	450091718	X
259248811	56184790	8	F	1	2	450091718	X
259248853	56185456	38	M	1	0	X	517508869
259248855	56185456	7	M	1	2	450091718	X
259248908	56180143	38	M	1	0	X	517662794
259248910	56180143	7	M	1	2	450091718	X
259248911	56180143	8	F	1	2	450091718	X
259249040	56178583	7	M	1	2	450091718	X
259249041	56178583	8	F	1	2	450091718	X
259249086	56180073	8	F	1	2	450091718	X
259249102	56182909	31	F	1	1	X	517507596
259249104	56182909	3	M	1	2	X	X
259249105	56182909	7	M	1	2	450091718	X
259249106	56182909	8	F	1	2	450091718	X
259249169	56185382	3	M	1	2	X	X
259249171	56185382	8	F	1	2	450091718	X
259249178	56179411	38	M	1	0	X	517508002
259249180	56179411	7	M	1	2	450096761	X
259249181	56179411	8	F	1	2	450096761	X
259302184	56179642	38	M	1	0	X	517508002
259302195	56180247	38	M	1	0	X	517507995
259302197	56184560	38	M	1	0	X	517507932
259302198	56179951	38	M	1	0	X	517507347
259302215	56178326	38	M	1	0	X	506979774
259341778	56179704	61	M	1	1	X	X
259341798	56177612	61	M	1	1	X	X
259358102	56183072	49	F	1	0	X	517507525
259358115	56183721	48	F	1	10	X	517508635
259358122	56178863	49	F	1	0	X	517507597
259358136	56182829	49	F	1	0	X	517507944
259358137	56182829	48	F	1	10	X	517508813
259358154	56180213	49	F	1	0	X	517507622
259358155	56180213	48	F	1	10	X	517507827
259358158	56176871	49	F	1	0	X	517507324
259358159	56176871	48	F	1	10	X	517508520
259373206	56179884	2	M	1	2	X	X
259373208	56179884	27	M	1	1	X	517507855
259373209	56179884	0	F	1	2	X	X
259373224	56178153	0	F	1	2	X	X
259501493	56177629	4	M	1	2	450094430	X
259501505	56179508	4	M	1	2	450094430	X
259501506	56179508	39	M	1	0	X	517508057
259517025	56183632	29	F	1	0	X	517508770
259517054	56178395	32	M	1	1	X	517662846
259517099	56178068	32	M	1	1	X	517509015
259517100	56178068	29	F	1	0	X	517662850
260001394	56177499	9	M	1	2	450096761	X
260001398	56177499	6	M	1	2	450096761	X
260001399	56177499	33	F	1	1	X	517662725
260001401	56181515	34	M	1	0	X	506980120
260001403	56181515	3	M	1	2	X	X
260001404	56181515	6	M	1	2	450096761	X
260001439	56185073	3	M	1	2	X	X
260001440	56185073	6	M	1	2	450091718	X
260001441	56185073	33	F	1	1	X	517508563
260001455	56178386	34	M	1	0	X	517662850
260001457	56178386	3	M	1	2	X	X
260073289	56179345	75	M	1	1	X	X
260073290	56179345	66	F	1	0	X	X
260073303	56182998	75	M	1	1	X	X
260073304	56182998	66	F	1	0	X	X
260073310	56178100	66	F	1	0	X	X
260334339	56181264	38	M	1	0	X	517508893
260334340	56183167	38	M	1	0	X	517508364
260334347	56177782	38	M	1	0	X	517508363
260347305	56185329	57	M	1	0	X	517508116
260442548	56179630	32	F	1	10	X	517508002
260442549	56179630	14	F	1	2	450096777	X
260442550	56179630	8	M	1	2	450096761	X
260442677	56179477	32	M	1	0	X	X
260442678	56179477	32	F	1	10	X	517508179
260442679	56179477	14	F	1	2	450096777	X
260442680	56179477	8	M	1	2	450096761	X
260573087	56180926	73	M	1	1	X	X
260573088	56180926	70	F	1	0	X	X
260573105	56185518	73	M	1	1	X	X
260629274	56182961	48	F	1	1	X	517507933
260629306	56177037	48	F	1	1	X	517508495
260629307	56177037	48	M	1	0	X	517662923
260640385	56183346	24	M	1	0	X	501428504
260640391	56183791	24	M	1	0	X	517508109
260717575	56178039	26	F	1	0	X	517663144
260864824	56185542	21	F	1	2	X	X
260864825	56185542	49	M	1	0	X	517507281
260864828	56185542	17	F	1	2	450096777	517507868
260864855	56185433	49	M	1	0	X	517508078
260864856	56185433	51	F	1	1	X	517507636
260884956	56185541	73	M	1	1	X	517508807
260890213	56185020	88	F	1	4	X	X
260890230	56184680	59	F	1	0	X	517508832
260890231	56184680	64	M	1	1	X	517508726
260890232	56184680	31	M	1	2	X	517508624
260890288	56176917	31	M	1	2	X	517662753
260890290	56180937	59	F	1	0	X	517507491
260890292	56180937	31	M	1	2	X	517508601
260890325	56177196	88	F	1	4	X	X
261030401	56185254	4	F	1	2	450058854	X
261030404	56185254	40	M	1	1	X	517508166
261030405	56185254	35	F	1	0	X	X
261030406	56185254	0	F	1	2	X	X
261030457	56185269	4	F	1	2	450058854	X
261030462	56185269	0	F	1	2	X	X
261030463	56185269	16	M	1	2	450096777	X
261030464	56185269	15	F	1	2	450096777	X
261203506	56185288	16	F	1	2	450096777	X
261203507	56185288	66	M	1	0	X	517508542
261203508	56185288	48	F	1	1	X	517507612
261203509	56185288	25	M	1	2	X	517508057
261203524	56177407	48	F	1	1	X	517662850
261203526	56177699	16	F	1	2	450096777	X
261203528	56177699	48	F	1	1	X	517662850
261203529	56177699	25	M	1	2	X	506979780
261203538	56178479	16	F	1	2	450096777	X
261203541	56178479	25	M	1	2	X	503023296
261203547	56180991	66	M	1	0	X	517508415
261203548	56180991	48	F	1	1	X	517508470
261203590	56185190	16	F	1	2	450096777	X
261203591	56185190	66	M	1	0	X	517507928
261203593	56185190	25	M	1	2	X	517508057
261203611	56184899	66	M	1	0	X	517508636
261203612	56184899	48	F	1	1	X	517509015
261203613	56184899	25	M	1	2	X	517506585
261203646	56184823	16	F	1	2	450096777	X
261203649	56184823	25	M	1	2	X	517508481
261203658	56185155	16	F	1	2	450096777	X
261203659	56185155	66	M	1	0	X	517663301
261203660	56185155	48	F	1	1	X	517507502
261203661	56185155	25	M	1	2	X	501427779
261385590	56177033	56	F	1	1	X	517508678
261437394	56177534	64	M	1	0	X	X
261437396	56177534	1	M	1	5	X	X
261459663	56180242	39	M	1	1	X	517508788
261459668	56180824	52	F	1	0	X	517662850
261459670	56180244	52	F	1	0	X	517508757
261459671	56180244	39	M	1	1	X	517508179
261459673	56178915	39	M	1	1	X	517508679
261459718	56179861	52	F	1	0	X	517662923
261459719	56179861	39	M	1	1	X	517507618
261671986	56180203	64	F	1	1	X	517508499
261776041	56183151	11	M	1	2	450058854	X
261776042	56183151	31	M	1	0	X	517507355
261776043	56183151	30	F	1	1	X	517507281
261776044	56183151	13	M	1	2	450058854	X
261776045	56183151	1	M	1	2	X	X
261776046	56183151	2	M	1	2	X	X
261776047	56183151	4	M	1	2	X	X
261776050	56183625	11	M	1	2	450058854	X
261776051	56183625	31	M	1	0	X	517507306
261776052	56183625	30	F	1	1	X	517508538
261776053	56183625	13	M	1	2	450058854	X
261776054	56183625	1	M	1	2	X	X
261776055	56183625	2	M	1	2	X	X
261776057	56183625	5	F	1	2	X	X
261776097	56177679	30	F	1	1	X	517508437
261776098	56177679	13	M	1	2	450067304	X
261776099	56177679	1	M	1	2	X	X
261776101	56177679	4	M	1	2	X	X
261776102	56177679	5	F	1	2	X	X
261776142	56183466	30	F	1	1	X	517508408
261776147	56183466	5	F	1	2	X	X
261776348	56182679	31	M	1	0	X	517505397
261776349	56182679	30	F	1	1	X	517508375
261776350	56182679	13	M	1	2	450058854	X
261776351	56182679	1	M	1	2	X	X
261776352	56182679	2	M	1	2	X	X
261776353	56182679	4	M	1	2	X	X
261776354	56182679	5	F	1	2	X	X
261776401	56184418	11	M	1	2	450058854	X
261776402	56184418	31	M	1	0	X	517508346
261776404	56184418	13	M	1	2	450058854	X
261776406	56184418	2	M	1	2	X	X
261776408	56184418	5	F	1	2	X	X
261776409	56184418	9	M	1	2	450096761	X
261776484	56183107	30	F	1	1	X	517507785
261776487	56183107	2	M	1	2	X	X
261776491	56183782	11	M	1	2	450058854	X
261776493	56183782	30	F	1	1	X	517508350
261776495	56183782	1	M	1	2	X	X
261776496	56183782	2	M	1	2	X	X
261776497	56183782	4	M	1	2	X	X
261776511	56181633	30	F	1	1	X	517508804
261776512	56181633	13	M	1	2	450058854	X
261776514	56181633	2	M	1	2	X	X
261776515	56181633	4	M	1	2	X	X
261776516	56181633	5	F	1	2	X	X
261776517	56181633	9	M	1	2	450096761	X
261776536	56183468	11	M	1	2	450058854	X
261776537	56183468	31	M	1	0	X	517663328
261776541	56183468	2	M	1	2	X	X
261776542	56183468	4	M	1	2	X	X
261776609	56178816	31	M	1	0	X	517508057
261776611	56178816	13	M	1	2	450058854	X
261776616	56178816	9	M	1	2	450096761	X
261776680	56177619	11	M	1	2	450067304	X
261776681	56177619	31	M	1	0	X	503068975
261776682	56177619	30	F	1	1	X	517508510
261776685	56177619	2	M	1	2	X	X
261776687	56177619	5	F	1	2	X	X
261776688	56177619	9	M	1	2	450096761	X
261776761	56179696	11	M	1	2	450058854	X
261776762	56179696	31	M	1	0	X	517508057
261776766	56179696	2	M	1	2	X	X
261776767	56179696	4	M	1	2	X	X
261776769	56179696	9	M	1	2	450096761	X
261776806	56183795	11	M	1	2	450058854	X
261776809	56183795	13	M	1	2	450058854	X
261776813	56183795	5	F	1	2	X	X
261884322	56184702	28	F	1	2	X	517508295
261884324	56184702	50	F	1	1	X	X
261884325	56179054	28	F	1	2	X	517508626
261884326	56179054	50	M	1	0	X	517507628
261884344	56185310	50	M	1	0	X	517507692
261884345	56185310	50	F	1	1	X	X
261884360	56180606	50	F	1	1	X	X
261884361	56179162	28	F	1	2	X	517508623
261884362	56179162	50	M	1	0	X	517508486
261884363	56179162	50	F	1	1	X	X
262081686	56184633	13	F	1	2	450058854	X
262081688	56184633	18	F	1	2	450058854	X
262081690	56184633	52	M	1	0	X	517508624
262081692	56181386	13	F	1	2	450058854	X
262081694	56181386	18	F	1	2	450058646	X
262081696	56181386	52	M	1	0	X	517663177
262288931	56182945	26	M	1	2	X	517507931
262288932	56182945	51	F	1	0	X	X
262288933	56182945	32	M	1	2	X	517508110
262288935	56182945	5	F	1	2	X	X
262288991	56182154	26	M	1	2	X	517508646
262288992	56182154	51	F	1	0	X	X
262288993	56182154	32	M	1	2	X	517508091
262419790	56177252	82	M	1	0	X	X
262552744	56178939	58	M	1	1	X	517508541
262552745	56178939	57	F	1	0	X	517508002
262552746	56180772	58	M	1	1	X	517507827
262552747	56180772	57	F	1	0	X	517507481
262552748	56179374	58	M	1	1	X	517508804
262552749	56179374	57	F	1	0	X	517508002
262565713	56178112	23	F	1	1	X	506980048
262578851	56178195	17	F	1	2	450096777	X
262578853	56178195	21	F	1	2	X	517662850
262578854	56178195	45	F	1	1	X	517663180
262578879	56184653	17	F	1	2	450096777	X
262578880	56184653	46	M	1	0	X	517663328
262578882	56184653	45	F	1	1	X	517662794
262578900	56182387	46	M	1	0	X	517507587
262578901	56182387	21	F	1	2	X	517508057
262578927	56178804	17	F	1	2	450096777	X
262578928	56178804	46	M	1	0	X	517508015
262578929	56178804	21	F	1	2	X	517507854
262578930	56178804	45	F	1	1	X	517507933
262578963	56181047	17	F	1	2	450096777	X
262578964	56181047	46	M	1	0	X	517508157
262578965	56181047	21	F	1	2	X	517507810
262955551	56176809	68	M	1	0	X	506317429
262955553	56178283	68	M	1	0	X	517508739
262955563	56184904	68	M	1	0	X	517508364
262955564	56184904	58	F	1	1	X	X
262955570	56178228	58	F	1	1	X	X
262955578	56178522	58	F	1	1	X	X
262955597	56178251	68	M	1	0	X	517662848
262955598	56178251	58	F	1	1	X	X
263033058	56178123	64	F	1	0	X	X
263094195	56181644	62	M	1	0	X	517663328
263094196	56181644	15	M	1	2	450096777	X
263094201	56181270	62	M	1	0	X	506980041
263094202	56181270	15	M	1	2	450096777	X
263209470	56182160	6	F	1	5	450096761	X
263209471	56182160	5	F	1	5	450094430	X
263209473	56182160	1	F	1	5	X	X
263209477	56178855	7	F	1	5	450096761	X
263209478	56178855	6	F	1	5	450096761	X
263209479	56178855	5	F	1	5	450094430	X
263209480	56178855	56	F	1	0	X	517508002
263209482	56178855	59	M	1	1	X	517508057
263209485	56176853	7	F	1	5	450097548	X
263209487	56176853	5	F	1	5	450094430	X
263209489	56176853	1	F	1	5	X	X
263209500	56181348	32	M	1	2	X	X
263209501	56181348	7	F	1	5	450096761	X
263209503	56181348	5	F	1	5	450094430	X
263209504	56181348	56	F	1	0	X	517507836
263209505	56181348	1	F	1	5	X	X
263209506	56181348	59	M	1	1	X	506878227
263209510	56177560	6	F	1	5	450096761	X
263209512	56177560	56	F	1	0	X	517508777
263209514	56177560	59	M	1	1	X	517662850
263209515	56177560	29	F	1	6	X	517662850
263209519	56181083	5	F	1	5	450094430	X
263209522	56181083	59	M	1	1	X	517507580
263209557	56183305	7	F	1	5	450096761	X
263209558	56183305	6	F	1	5	450096761	X
263209561	56183305	1	F	1	5	X	X
263209562	56183305	59	M	1	1	X	517508002
263209563	56183305	29	F	1	6	X	517508844
263417287	56178517	68	F	1	1	X	517508179
264084650	56180665	23	F	1	0	X	517508779
264084663	56184344	23	F	1	0	X	517507789
264084671	56181466	23	F	1	0	X	517508171
264084672	56180722	23	F	1	0	X	517508510
264101080	56179324	48	F	1	1	X	517507928
264101100	56185001	26	M	1	2	X	517508002
264101143	56181735	48	F	1	1	X	517507882
264101144	56181735	51	M	1	0	X	517662682
264101158	56179672	48	F	1	1	X	517508358
264133257	56178960	47	F	1	0	X	517507933
264133272	56179547	47	F	1	0	X	517508187
264133273	56179547	15	M	1	2	450096777	X
264133274	56179547	43	M	1	1	X	517508499
264133283	56177172	43	M	1	1	X	517662923
264133299	56183412	47	F	1	0	X	517508237
264133300	56183412	15	M	1	2	450096777	X
264133302	56181098	47	F	1	0	X	517508707
264133304	56181098	43	M	1	1	X	517508322
264302854	56181038	56	M	1	1	X	517507877
264302855	56181038	55	F	1	0	X	517507677
264695639	56181267	48	F	1	0	X	517508765
264695646	56176946	51	M	1	1	X	517507334
264695653	56180698	48	F	1	0	X	517508086
264695657	56177514	48	F	1	0	X	517663177
265005341	56180265	19	M	1	2	X	517508296
265005342	56180265	50	M	1	0	X	517507329
265005343	56180265	46	F	1	1	X	517662730
265005350	56179944	19	M	1	2	X	517507673
265035276	56180438	17	M	1	2	450096777	X
265035278	56185087	63	M	1	0	X	X
265035279	56185087	17	M	1	2	450096777	X
265035280	56185087	19	M	1	2	X	X
265090199	56177391	7	M	1	2	450096761	X
265090203	56177391	11	F	1	2	450096778	X
265090228	56183709	0	M	1	2	X	X
265090230	56183709	5	F	1	2	450096761	X
265090314	56184469	5	F	1	2	450096761	X
265090315	56184469	43	M	1	1	X	517507592
265090445	56183374	7	M	1	2	450096761	X
265090446	56183374	5	F	1	2	450096761	X
265090447	56183374	43	M	1	1	X	517508426
265090449	56183374	11	F	1	2	450096778	X
265090451	56184312	7	M	1	2	450096761	X
265090452	56184312	5	F	1	2	450096761	X
265090453	56184312	43	M	1	1	X	517508290
265090454	56184312	28	F	1	0	X	517507660
265090455	56184312	11	F	1	2	450096778	X
265094865	56178155	5	M	1	2	450096761	X
265094868	56178155	4	F	1	2	450094430	X
265094873	56179822	5	M	1	2	450096761	X
265094877	56179822	31	M	1	0	X	517508525
265094879	56179822	0	F	1	2	X	X
265201705	56178012	69	M	1	0	X	X
265640583	56183414	8	F	1	2	450096761	X
265640586	56183414	31	M	1	1	X	517508881
265746861	56184306	24	M	1	0	X	517505402
265746870	56182781	24	M	1	0	X	517507721
265788227	56177498	19	M	1	2	X	517507679
265788228	56177498	16	M	1	2	450096777	517662850
265788229	56177498	44	F	1	0	X	X
265788248	56180966	16	M	1	2	450096777	517508179
265788249	56180966	44	F	1	0	X	X
265788255	56184808	19	M	1	2	X	517507324
265788256	56184808	16	M	1	2	450096777	517508300
265788257	56184808	44	F	1	0	X	X
265788258	56184808	45	M	1	1	X	517508884
265788266	56182370	45	M	1	1	X	517508408
265879668	56179534	76	F	1	0	X	X
265879671	56184523	76	F	1	0	X	X
265879692	56179380	76	F	1	0	X	X
265879695	56184426	76	F	1	0	X	X
265879698	56180346	76	F	1	0	X	X
265879700	56179321	76	F	1	0	X	X
265916812	56178688	71	F	1	1	X	X
265916817	56178747	73	M	1	0	X	X
265916827	56185616	73	M	1	0	X	X
265916828	56180258	71	F	1	1	X	X
265916850	56177626	71	F	1	1	X	X
265916852	56181028	71	F	1	1	X	X
265916853	56181028	73	M	1	0	X	X
266313153	56177294	61	F	1	0	X	517508057
266534859	56184030	52	F	1	1	X	517507692
266534872	56176981	38	M	1	0	X	X
266534873	56176981	52	F	1	1	X	517507355
266534881	56180836	52	F	1	1	X	517507744
266534893	56177730	52	F	1	1	X	517662747
266534895	56181091	52	F	1	1	X	517662896
266534905	56180078	52	F	1	1	X	517508803
267100391	56180827	69	F	1	1	X	X
267100405	56179818	69	F	1	1	X	X
267100406	56179818	68	M	1	0	X	X
267100410	56185014	68	M	1	0	X	X
267234912	56181684	56	M	1	0	X	517508781
267359350	56182506	39	M	1	0	X	517507484
267359354	56183119	39	M	1	0	X	517508881
267359358	56176818	39	M	1	0	X	517507863
267359362	56182517	39	M	1	0	X	517508686
267359364	56178625	39	M	1	0	X	517508293
267359366	56183079	39	M	1	0	X	517508452
267359378	56183035	39	M	1	0	X	517508372
267359385	56182803	39	M	1	0	X	517507981
267359386	56183015	39	M	1	0	X	517508346
267359399	56182964	39	M	1	0	X	517508364
267359405	56182976	39	M	1	0	X	517507565
267359422	56182900	39	M	1	0	X	517508396
267359427	56183018	39	M	1	0	X	517508869
267359467	56182579	39	M	1	0	X	517663272
267359469	56182838	39	M	1	0	X	517508885
267359492	56182595	39	M	1	0	X	517507693
267359509	56178451	39	M	1	0	X	517662847
267359524	56182593	39	M	1	0	X	517507580
267359532	56183067	39	M	1	0	X	517507580
267375854	56180876	23	F	1	0	X	517508296
267375859	56183507	26	M	1	1	X	517508002
267507469	56180348	51	F	1	0	X	X
267507482	56182802	55	M	1	1	X	517508002
267507489	56180380	51	F	1	0	X	X
267507499	56178528	51	F	1	0	X	X
267507509	56179859	51	F	1	0	X	X
267507524	56180002	55	M	1	1	X	517507355
267507527	56179729	51	F	1	0	X	X
267507544	56181512	55	M	1	1	X	517508341
267507545	56181512	51	F	1	0	X	X
267882085	56185441	44	F	1	2	X	517508014
267882121	56179476	44	F	1	2	X	517507329
267894480	56185198	63	M	1	0	X	517508148
267894489	56178569	63	M	1	0	X	517662725
267894491	56183534	63	M	1	0	X	517508454
267894492	56185594	63	M	1	0	X	517508002
267894493	56176990	63	M	1	0	X	517662850
267894497	56177292	63	M	1	0	X	506316811
267894498	56185158	63	M	1	0	X	517508426
267894502	56184828	63	M	1	0	X	517508024
267894503	56179101	63	M	1	0	X	517508086
267894504	56177258	63	M	1	0	X	517662850
267894510	56181097	63	M	1	0	X	517663278
267894511	56184851	63	M	1	0	X	517508821
267967700	56176971	76	F	1	0	X	X
268037618	56185205	48	F	1	0	X	517507544
268037619	56182587	56	M	1	1	X	517508097
268037627	56184863	56	M	1	1	X	517507500
268037639	56183380	56	M	1	1	X	517507561
268037640	56183380	48	F	1	0	X	517507933
268053922	56182946	20	F	1	0	X	517508372
268053923	56182946	26	M	1	10	X	517507580
268053980	56181676	20	F	1	0	X	517507394
268255408	56183320	37	F	1	2	X	517508727
268255409	56183320	57	F	1	1	X	517508092
268255410	56183320	59	M	1	0	X	517508739
268255411	56183320	11	M	1	5	450096778	X
268255413	56183320	39	M	1	6	X	517508262
268255440	56178725	37	F	1	2	X	509156889
268255445	56178725	39	M	1	6	X	517508479
268255446	56178725	14	F	1	5	450096777	X
268255447	56178725	17	M	1	5	450096777	517663159
268279283	56183404	53	M	1	1	X	517663180
268279296	56180054	52	F	1	0	X	517508433
268279297	56179810	53	M	1	1	X	506979785
268279298	56179810	52	F	1	0	X	517507580
268279307	56183688	53	M	1	1	X	517508109
268279308	56183688	52	F	1	0	X	517507651
268279311	56183045	53	M	1	1	X	517507778
268279312	56183045	52	F	1	0	X	517507276
268279324	56181627	52	F	1	0	X	517508510
268279337	56183105	53	M	1	1	X	517508346
268279338	56183105	52	F	1	0	X	517662745
268521576	56177805	28	F	1	1	X	X
268521577	56177805	32	M	1	0	X	517508499
268521588	56177838	28	F	1	1	X	X
268521589	56177838	32	M	1	0	X	517507948
268521606	56184222	8	M	1	2	450096761	X
268521608	56184222	28	F	1	1	X	X
268521639	56180631	2	F	1	2	X	X
268553987	56177331	64	F	1	0	X	517508225
268554003	56183541	64	F	1	0	X	517508578
268711852	56181204	74	M	1	0	X	X
268711873	56185283	74	M	1	0	X	X
268711875	56180446	74	M	1	0	X	X
268714612	56183328	25	M	1	0	X	517507948
268714628	56181686	25	M	1	0	X	517663277
268714641	56179606	25	M	1	0	X	517508057
268714645	56178769	25	M	1	0	X	517663184
268714652	56181558	25	M	1	0	X	517508752
268714653	56180344	25	M	1	0	X	506979517
268770472	56180794	70	M	1	0	X	517507773
268770486	56177780	70	M	1	0	X	506980120
268795981	56179168	18	M	9	2	X	X
268795982	56179168	51	M	9	0	X	X
268795983	56179168	6	F	9	2	450096761	X
268795984	56179168	60	F	6	1	X	517508014
268993886	56179761	54	M	1	0	X	X
269044278	56179389	54	M	1	0	X	517507495
269044281	56182554	52	F	1	1	X	517508057
269044290	56182299	54	M	1	0	X	517507680
269068330	56177142	16	F	1	2	450096777	517662923
269068332	56177142	22	M	1	2	X	517663146
269180672	56180864	52	F	1	1	X	X
269180694	56180567	52	F	1	1	X	X
269180697	56178593	60	M	1	0	X	510063001
269266044	56180134	44	M	1	0	X	517508726
269266046	56180134	33	F	1	10	X	517507886
269266047	56185111	3	M	1	2	X	X
269266048	56185111	44	M	1	0	X	517507961
269266063	56185621	3	M	1	2	X	X
269266065	56185621	5	M	1	2	X	X
269266108	56179353	44	M	1	0	X	517508589
269266110	56179353	33	F	1	10	X	517507735
269266115	56180898	3	M	1	2	X	X
269266116	56180898	44	M	1	0	X	517507983
269266117	56180898	5	M	1	2	X	X
269266118	56180898	33	F	1	10	X	517507500
269266818	56177965	65	F	1	0	X	517662861
269280152	56181579	9	M	1	2	450096761	X
269280154	56181579	30	F	1	1	X	X
269337643	56183525	41	M	1	10	X	517507690
269337645	56183525	48	F	1	0	X	517507388
269337646	56183525	12	F	1	2	450096778	X
269337656	56177633	18	M	1	12	450096777	X
269337657	56177633	48	F	1	0	X	517662701
269347499	56177275	42	M	1	0	X	517507608
269347502	56179674	42	M	1	0	X	517507863
269347517	56179530	42	M	1	0	X	517507632
269347533	56184912	42	M	1	0	X	517507696
269347541	56185186	42	M	1	0	X	517508807
269347546	56179396	42	M	1	0	X	517507582
269347548	56184102	42	M	1	0	X	517508634
269347560	56182103	42	M	1	0	X	506980700
269406789	56183911	3	M	1	2	X	X
269406790	56183911	36	F	1	1	X	X
269406795	56180076	37	M	1	0	X	517508290
269406798	56180076	36	F	1	1	X	X
269406804	56179124	2	M	1	2	X	X
269406806	56179124	36	F	1	1	X	X
269728913	56183166	11	M	1	2	450096778	X
269728914	56183166	35	F	1	0	X	517663252
269728915	56183166	37	M	1	1	X	517508358
269728916	56183166	16	M	1	2	450096777	X
269728922	56185094	35	F	1	0	X	517508544
269728924	56185094	16	M	1	2	450096777	X
269728929	56180645	11	M	1	2	450096778	X
269728932	56180645	16	M	1	2	450096777	X
269776597	56176771	59	M	1	0	X	517662746
269776604	56185545	59	M	1	0	X	517507739
269776606	56185147	59	M	1	0	X	517507765
269776609	56178530	59	M	1	0	X	517508657
269855374	56179728	13	M	1	2	450096778	X
269855376	56179728	3	F	1	2	450058854	X
269855377	56179728	22	F	1	10	X	X
269855393	56178874	4	F	1	2	450058854	X
269855394	56178874	3	F	1	2	450058854	X
269855397	56178874	6	M	1	2	450096761	X
269879027	56180524	93	M	1	0	X	X
269879028	56182273	93	M	1	0	X	X
270069267	56180790	47	F	1	1	X	517507798
270069268	56180790	46	M	1	0	X	517507303
270069290	56177759	18	F	1	2	450096777	509155045
270069291	56177759	47	F	1	1	X	517509015
270069312	56180304	46	M	1	0	X	517508426
270133746	56177591	87	M	1	0	X	X
270209756	56178116	55	M	1	1	X	X
270209757	56178116	70	F	1	0	X	X
270209765	56182836	70	F	1	0	X	X
270373993	56181518	69	M	1	1	X	517663295
270460464	56176788	57	M	1	0	X	506979521
270460465	56176788	57	F	1	1	X	X
270665785	56178847	57	F	1	1	X	517508358
270665808	56177767	24	M	1	2	X	503068839
270665819	56178205	55	M	1	0	X	517508293
270665829	56184841	24	M	1	2	X	517508109
270665830	56184841	57	F	1	1	X	517507728
270665835	56181950	24	M	1	2	X	517507897
270665844	56178675	24	M	1	2	X	517508802
270665845	56178675	57	F	1	1	X	517508473
270665846	56178675	55	M	1	0	X	517508842
270695684	56179852	4	M	1	2	450094430	X
270695685	56179852	6	M	1	2	450096761	X
270695687	56179852	11	F	1	2	450096778	X
270695688	56179852	38	M	1	0	X	506878227
270695701	56182348	38	F	1	1	X	517507382
270695702	56182348	4	M	1	2	450094430	X
270695703	56182348	6	M	1	2	450096761	X
270695705	56182348	11	F	1	2	450096778	X
270695706	56182348	38	M	1	0	X	517508358
270695710	56184359	10	M	1	2	450096761	X
270695713	56182807	38	F	1	1	X	517508652
270695714	56182807	4	M	1	2	450094430	X
270695715	56182807	6	M	1	2	450096761	X
270695716	56182807	10	M	1	2	450096761	X
270695717	56182807	11	F	1	2	450096778	X
270695718	56182807	38	M	1	0	X	517508675
270695719	56179708	38	F	1	1	X	517508002
270695720	56179708	4	M	1	2	450094430	X
270695721	56179708	6	M	1	2	450096761	X
270695722	56179708	10	M	1	2	450096761	X
270695749	56181464	38	F	1	1	X	517507269
270695750	56181464	4	M	1	2	450094430	X
270695751	56181464	6	M	1	2	450096761	X
270695752	56181464	10	M	1	2	450096761	X
270695754	56181464	38	M	1	0	X	517662850
270790767	56182107	38	F	1	0	X	517508296
270790785	56179902	38	F	1	0	X	517508297
270790806	56184599	7	F	1	2	450096761	X
270790810	56183993	7	F	1	2	450096761	X
270790811	56183993	38	F	1	0	X	501428504
270790814	56182251	7	F	1	2	450096761	X
270790815	56182251	38	F	1	0	X	506877226
270817622	56184295	93	F	1	0	X	X
270817652	56179742	93	F	1	0	X	X
270817655	56183944	93	F	1	0	X	X
270817672	56179412	93	F	1	0	X	X
270891588	56182244	78	F	1	1	X	X
270891589	56184034	77	M	1	0	X	517508495
270891590	56184034	78	F	1	1	X	X
270918115	56182744	35	M	1	0	X	517508063
270918145	56180125	35	M	1	0	X	517663338
270928624	56184334	11	M	1	2	450096778	X
270928626	56184334	38	F	1	1	X	X
270928627	56184334	35	M	1	0	X	517507299
270928641	56179573	8	M	1	2	450096761	X
270928644	56179573	38	F	1	1	X	X
270928659	56179039	8	M	1	2	450096761	X
270928660	56179039	11	M	1	2	450096778	X
270928662	56179039	38	F	1	1	X	X
270928664	56179039	4	M	1	2	X	X
271047234	56178168	18	M	1	2	450096777	517508353
271047239	56178049	50	F	1	1	X	517507352
271060557	56176834	11	F	1	2	450088673	X
271060558	56176834	11	F	1	2	450088673	X
271060559	56176834	39	M	1	0	X	517507750
271307146	56177268	93	F	1	0	X	X
271370031	56180480	49	F	1	0	X	X
271416552	56184816	37	M	1	0	X	517508766
271541689	56179598	52	M	1	2	X	517508727
271594839	56178715	56	M	1	0	X	X
271594871	56182682	56	M	1	0	X	X
271594923	56176807	56	M	1	0	X	X
271594953	56177787	56	M	1	0	X	X
271599314	56183715	34	M	1	1	X	517508350
271599316	56183715	2	M	1	2	X	X
271599362	56179718	34	M	1	1	X	517508828
271599363	56179718	3	M	1	2	X	X
271639278	56177832	68	F	1	0	X	X
271639289	56178177	68	F	1	0	X	X
271639292	56179084	68	F	1	0	X	X
271639308	56177957	68	F	1	0	X	X
272357813	56185023	22	F	1	6	X	517508871
272357814	56185023	55	M	1	0	X	517662923
272357822	56178482	22	F	1	6	X	517509362
272357823	56178482	55	M	1	0	X	517507690
272357827	56181923	20	M	1	2	X	517508179
272357829	56181923	55	M	1	0	X	517662846
272357854	56178650	20	M	1	2	X	517508603
272357855	56178650	22	F	1	6	X	517662850
272357856	56178650	55	M	1	0	X	517662850
272734906	56185399	29	F	8	10	X	X
272734908	56185399	11	F	8	2	450096778	X
272734943	56184525	28	M	8	0	X	517507979
272757760	56178111	62	F	1	0	X	517662850
272757772	56177431	62	F	1	0	X	517662847
272757789	56182385	63	M	1	1	X	517508727
272917884	56181180	82	M	1	0	X	X
272938567	56177100	26	M	1	0	X	517662829
272938594	56177387	24	F	1	1	X	506317429
272938595	56177387	26	M	1	0	X	517662847
273057018	56182910	36	F	1	0	X	517507987
273075214	56183922	93	M	1	0	X	X
273110809	56185042	45	F	1	0	X	517508512
273110810	56185042	55	M	1	1	X	517507612
273110811	56185042	4	M	1	2	450058854	X
273110833	56177811	45	F	1	0	X	517508483
273110836	56177811	8	F	1	2	450097548	X
273110838	56181327	55	M	1	1	X	517508841
273110839	56181327	4	M	1	2	450058854	X
273110840	56181327	8	F	1	2	450096761	X
273110883	56180811	4	M	1	2	450066968	X
273110884	56180811	8	F	1	2	450096761	X
273110917	56184632	45	F	1	0	X	517508179
273110918	56184632	55	M	1	1	X	517508109
273110919	56184632	4	M	1	2	450058854	X
273110920	56184632	8	F	1	2	450096761	X
273110942	56182005	55	M	1	1	X	517508479
273110944	56182005	8	F	1	2	450096761	X
273110949	56179035	45	F	1	0	X	517507265
273110950	56179035	55	M	1	1	X	517508590
273110961	56180887	45	F	1	0	X	517662850
273110963	56180887	4	M	1	2	450066968	X
273110972	56185402	8	F	1	2	450096761	X
273110983	56178632	4	M	1	2	450058854	X
273110994	56177721	55	M	1	1	X	517662850
273129688	56177974	24	M	1	0	X	X
273129701	56181066	20	F	1	10	X	517663124
273129705	56180815	20	F	1	10	X	517663272
273129707	56181217	20	F	1	10	X	517507843
273129708	56181217	24	M	1	0	X	X
273129711	56180342	20	F	1	10	X	517507744
273994644	56180228	56	M	1	0	X	517507810
273994663	56178588	61	F	1	1	X	X
273994664	56178588	56	M	1	0	X	503068825
274354423	56179044	54	M	1	0	X	X
274354430	56183316	54	M	1	0	X	X
274358132	56182214	40	M	1	0	X	517507744
274358164	56184988	40	M	1	0	X	517508669
274358166	56184988	11	M	1	2	450096778	X
274358167	56184988	36	F	1	1	X	517508706
274358176	56181269	40	M	1	0	X	517508470
274358177	56181269	15	M	1	2	450096777	X
274358179	56181269	36	F	1	1	X	517508563
274358194	56181184	11	M	1	2	450096778	X
274358195	56181184	36	F	1	1	X	517507607
274358208	56182790	40	M	1	0	X	517507281
274358210	56182790	11	M	1	2	450096778	X
274358211	56182790	36	F	1	1	X	517507655
274358296	56183994	40	M	1	0	X	517663314
274358297	56183994	15	M	1	2	450096777	X
274358298	56183994	11	M	1	2	450096778	X
274536767	56178689	55	F	1	0	X	517507580
274536771	56177950	55	F	1	0	X	517508057
274805543	56185388	4	F	1	5	450058854	X
274805560	56183277	51	M	1	0	X	517508882
274805562	56183277	52	F	1	1	X	X
274805563	56183277	4	F	1	5	450058854	X
274805571	56184842	4	F	1	5	450058854	X
274805581	56179300	28	M	1	2	X	517507744
274805583	56179300	4	F	1	5	450058854	X
274887755	56176772	67	M	1	0	X	X
274887769	56185672	67	M	1	0	X	X
274887773	56176878	67	M	1	0	X	X
274887774	56177326	66	F	1	1	X	X
274887775	56177326	67	M	1	0	X	X
275103475	56183484	31	F	1	0	X	517507587
275103477	56178666	31	F	1	0	X	517508577
275103481	56177063	31	F	1	0	X	517662850
275103498	56178372	31	F	1	0	X	517509354
275103501	56180157	31	F	1	0	X	517507633
275103502	56180387	31	F	1	0	X	517507827
275117777	56184662	20	F	9	0	X	517508789
275117779	56184662	17	M	9	12	450096777	517663148
275117780	56184662	21	M	9	9	X	517508142
275180242	56178110	71	M	1	10	X	X
275180246	56178290	71	M	1	10	X	X
275190499	56185483	54	M	1	0	X	517508346
275824950	56177428	45	M	1	0	X	517662850
275828525	56182108	35	M	1	0	X	X
275828526	56182108	31	F	1	1	X	X
275828546	56179200	31	F	1	1	X	X
275828548	56179200	0	M	1	2	X	X
275905773	56181538	49	F	1	0	X	X
275905777	56176937	49	F	1	0	X	X
276337210	56182894	47	F	1	1	X	517508612
276337225	56179462	47	F	1	1	X	517508451
276337242	56185613	51	M	1	0	X	517507520
276337243	56185613	47	F	1	1	X	517663278
276337245	56185299	51	M	1	0	X	517508426
276337246	56185299	47	F	1	1	X	517507364
276337271	56182360	17	M	1	2	450096777	517662923
276337272	56182360	51	M	1	0	X	517508002
276337318	56183467	47	F	1	1	X	517508766
276337319	56176872	17	M	1	2	450096777	517507655
276337321	56176872	47	F	1	1	X	517507726
276337325	56179915	17	M	1	2	450096777	517663246
276337403	56184541	17	M	1	2	450096777	517662794
276337405	56184541	47	F	1	1	X	517662805
276337415	56183814	17	M	1	2	450096777	517508066
276337417	56183814	47	F	1	1	X	517507582
276899677	56184048	47	M	1	10	X	517507815
277070762	56179946	9	F	1	2	450096761	X
277070773	56180052	30	F	1	0	X	517508867
277070774	56180052	9	F	1	2	450096761	X
277070781	56178759	35	M	1	1	X	517663173
277070782	56178759	30	F	1	0	X	517508298
277194095	56178264	21	F	1	2	X	517662850
277194096	56178264	57	M	1	0	X	517507690
277194135	56184811	21	F	1	2	X	517507587
277194139	56182368	21	F	1	2	X	517508510
277194140	56182368	57	M	1	0	X	517507846
277223883	56178150	56	F	1	0	X	517662923
277480285	56178263	3	M	1	2	X	X
277480286	56178263	33	F	1	0	X	X
277480292	56178460	35	M	1	1	X	517508518
277480293	56178460	3	M	1	2	X	X
277865214	56180973	61	M	1	0	X	X
277865215	56180973	61	F	1	1	X	X
277957390	56177328	74	M	1	0	X	X
277957399	56179778	74	M	1	0	X	X
277957405	56179799	74	M	1	0	X	X
278227105	56179289	53	F	9	0	X	517508494
278227117	56179065	53	F	9	0	X	517508395
278485316	56184105	30	M	1	0	X	501428504
278485317	56184105	26	M	1	3	X	501428188
278485323	56177675	26	M	1	3	X	517662701
278485324	56184365	30	M	1	0	X	517507592
278485325	56184365	26	M	1	3	X	517508893
278485334	56178007	30	M	1	0	X	517508589
278485337	56179790	26	M	1	3	X	517508296
278485357	56181696	26	M	1	3	X	517507582
278485374	56181557	30	M	1	0	X	517663345
278485375	56181557	26	M	1	3	X	517508358
278544369	56178472	31	M	1	0	X	517508357
279224838	56179012	6	M	1	2	450096761	X
279224839	56179012	44	F	1	0	X	517508394
279224871	56182252	6	M	1	2	450096761	X
279602077	56178046	66	M	1	0	X	X
279602081	56182941	66	M	1	0	X	X
279731359	56177313	43	M	1	1	X	517508057
279731361	56177313	1	F	1	2	X	X
279731386	56178175	40	F	1	0	X	X
279731390	56184219	40	F	1	0	X	X
279731391	56184219	43	M	1	1	X	517507577
279731398	56184908	40	F	1	0	X	X
279731401	56184908	1	F	1	2	X	X
279731405	56181850	1	F	1	2	X	X
279731413	56180829	1	F	1	2	X	X
279731418	56182408	40	F	1	0	X	X
279731420	56182408	5	M	1	2	450058854	X
279731421	56182408	1	F	1	2	X	X
279731422	56182395	40	F	1	0	X	X
279731430	56182650	40	F	1	0	X	X
279731431	56182650	43	M	1	1	X	517507961
279731433	56182650	1	F	1	2	X	X
279731438	56182210	40	F	1	0	X	X
279731441	56182210	1	F	1	2	X	X
279731442	56185171	40	F	1	0	X	X
279731443	56185171	43	M	1	1	X	517507745
279952876	56183876	27	M	1	0	X	517508200
279952877	56183876	26	M	1	9	X	517663095
279952878	56184401	27	M	1	0	X	517508719
279952879	56184401	26	M	1	9	X	517508128
279952887	56178052	26	M	1	9	X	517507947
279952890	56182703	27	M	1	0	X	517662923
279952891	56182703	26	M	1	9	X	517508235
279952892	56180240	27	M	1	0	X	506880851
279952893	56180240	26	M	1	9	X	517662730
279952896	56183351	27	M	1	0	X	517508086
279952897	56183351	26	M	1	9	X	517508804
279952908	56178664	27	M	1	0	X	517662745
279952927	56183973	26	M	1	9	X	517662883
279952928	56183369	27	M	1	0	X	517508886
279952929	56183369	26	M	1	9	X	517508821
279952953	56180164	26	M	1	9	X	517507826
279952964	56184121	27	M	1	0	X	517508057
279952965	56184121	26	M	1	9	X	501428206
280185596	56177664	77	M	1	0	X	X
280185627	56177373	63	F	1	1	X	X
280185628	56177373	77	M	1	0	X	X
280185633	56185680	63	F	1	1	X	X
280185634	56185680	77	M	1	0	X	X
280365841	56184764	56	M	1	0	X	517508291
280434474	56179961	59	M	1	1	X	517507291
280434488	56184042	59	M	1	1	X	517508351
280434495	56176943	50	F	1	0	X	517662902
280510256	56179787	5	F	1	2	450094430	X
280510258	56179787	32	F	1	1	X	517663286
280510259	56179787	10	M	1	2	450096761	X
280510276	56180461	5	F	1	2	450094430	X
280510280	56180461	6	F	1	2	450096761	X
280675554	56180291	2	M	1	2	X	X
280675555	56180291	27	M	1	0	X	517662879
280795863	56181749	12	M	1	2	450096778	X
280795866	56182238	12	M	1	2	450096778	X
280795867	56182238	47	M	1	0	X	517508520
280795868	56182238	44	F	1	1	X	517508851
280795870	56184671	47	M	1	0	X	517507522
280795878	56176909	12	M	1	2	450096778	X
280795879	56176909	47	M	1	0	X	517662850
280795880	56176909	44	F	1	1	X	517662807
280795888	56184993	47	M	1	0	X	517507603
280795897	56178591	47	M	1	0	X	517508489
280795911	56177507	12	M	1	2	450088673	X
280795917	56182150	12	M	1	2	450096778	X
280795918	56182150	47	M	1	0	X	517507309
280795919	56182150	44	F	1	1	X	517663273
280795923	56182557	12	M	1	2	450096778	X
280795925	56182557	44	F	1	1	X	517508066
280844146	56181508	12	M	1	2	450096778	X
280844147	56181508	14	F	1	2	450096778	X
280844148	56181508	16	M	1	2	450096777	517507605
280844151	56181508	50	M	1	1	X	517508057
280950695	56178343	69	M	1	0	X	X
280950696	56178343	67	F	1	1	X	X
280950700	56179070	67	F	1	1	X	X
280950717	56180374	69	M	1	0	X	X
280950718	56180374	67	F	1	1	X	X
280950734	56181079	67	F	1	1	X	X
281898334	56180420	20	M	1	0	X	X
281898339	56183198	22	F	1	1	X	X
281898341	56183198	0	F	1	2	X	X
281898348	56184452	22	F	1	1	X	X
281898349	56184452	20	M	1	0	X	X
282201724	56183518	63	M	1	0	X	X
282201725	56183518	56	F	1	1	X	X
282270467	56183310	3	M	1	2	450058854	X
282274702	56183661	51	M	1	0	X	517507368
282274706	56183309	51	M	1	0	X	517506824
282274708	56183596	51	M	1	0	X	517508345
282274715	56181409	51	M	1	0	X	506980120
282379758	56179036	47	F	1	0	X	517508707
282379760	56179036	5	M	1	2	450058854	X
282379769	56177399	5	M	1	2	450058854	X
282379779	56184812	47	F	1	0	X	517508107
282379780	56184812	39	M	1	1	X	517508803
282379781	56184812	5	M	1	2	450058854	X
282379791	56182285	47	F	1	0	X	517508358
282379792	56182285	39	M	1	1	X	517508421
282497141	56176826	54	M	1	1	X	517508123
282497147	56184781	54	M	1	1	X	517508499
282497148	56184781	53	F	1	0	X	517508495
282497163	56185630	54	M	1	1	X	517508170
282497164	56185630	53	F	1	0	X	517508110
282497165	56180929	54	M	1	1	X	517508057
282497166	56180929	53	F	1	0	X	517507364
282497171	56183460	54	M	1	1	X	517662682
282497201	56181248	54	M	1	1	X	517508229
282497202	56181248	53	F	1	0	X	517508636
282756387	56184676	55	F	1	0	X	517508451
282756388	56184676	17	M	1	2	450096777	X
282756392	56184636	52	M	1	1	X	517663273
282756394	56184636	17	M	1	2	450096777	X
282756396	56178412	55	F	1	0	X	517507928
282756401	56178207	52	M	1	1	X	517662919
282756403	56178207	17	M	1	2	450096777	X
282756405	56180771	55	F	1	0	X	506880320
282756406	56180771	17	M	1	2	450096777	X
282756411	56184976	55	F	1	0	X	517508293
282842584	56177842	40	F	1	1	X	517509372
282842596	56181939	40	F	1	1	X	517507355
282842597	56181939	14	F	1	2	450096777	X
282842598	56181939	44	M	1	0	X	517507827
282842601	56179183	44	M	1	0	X	517508057
282993967	56182943	9	M	1	2	450096761	X
282993970	56181247	44	F	1	0	X	X
282993971	56181247	9	M	1	2	450096761	X
283231273	56185336	59	F	6	0	X	517508804
283231281	56185693	59	F	6	0	X	517663338
283231285	56185362	59	F	6	0	X	517662923
283231289	56184729	59	F	6	0	X	517507365
283427888	56181418	31	M	1	2	X	517507853
283497436	56182468	60	F	1	0	X	X
283497464	56181476	60	F	1	0	X	X
283655225	56176993	69	M	1	0	X	X
283655226	56176993	67	F	1	1	X	517508057
283655230	56177524	67	F	1	1	X	517662850
283655231	56177370	69	M	1	0	X	X
283819307	56179109	62	M	1	0	X	X
283819311	56179362	62	M	1	0	X	X
283819315	56182334	62	M	1	0	X	X
283819324	56179253	62	M	1	0	X	X
283819332	56181375	62	M	1	0	X	X
283819341	56181244	62	M	1	0	X	X
283819352	56183432	62	M	1	0	X	X
283819353	56177690	62	M	1	0	X	X
283909611	56179147	38	M	1	0	X	517508499
283909614	56185257	47	F	1	10	X	517508869
284052431	56180600	26	M	1	1	X	517662923
284052447	56179792	26	M	1	1	X	517508532
284052448	56179792	25	F	1	0	X	517508057
284078104	56182279	9	F	1	2	450066968	X
284078105	56182279	40	F	1	0	X	X
284078106	56182279	9	F	1	2	450066968	X
284078107	56182279	50	M	1	1	X	517662850
284078141	56180495	40	F	1	0	X	X
284078142	56180495	9	F	1	2	450066968	X
284078143	56180495	50	M	1	1	X	517508592
284078186	56184579	9	F	1	2	450058854	X
284078187	56184579	50	M	1	1	X	517507931
284078196	56184099	9	F	1	2	450058854	X
284078198	56184099	9	F	1	2	450058854	X
284078199	56184099	50	M	1	1	X	517663140
284193212	56178138	6	F	1	2	450096761	X
284193213	56178138	18	M	1	3	450096777	517507347
284193214	56178138	1	F	1	2	X	X
284193217	56178138	8	F	1	2	450096761	X
284238687	56179178	39	F	1	0	X	517508201
284238698	56178920	39	F	1	0	X	517508467
284238710	56183950	39	F	1	0	X	517507640
284411944	56177098	26	M	1	2	X	517662850
284411945	56177098	51	F	1	1	X	X
284411965	56181490	51	F	1	1	X	X
284411966	56181490	52	M	1	0	X	517507646
284411977	56185056	23	M	1	2	X	X
284411980	56185056	51	F	1	1	X	X
284411983	56184797	22	F	1	6	X	517508158
284411984	56184797	26	M	1	2	X	517507324
284411986	56184797	52	M	1	0	X	517507948
284411991	56185507	52	M	1	0	X	517507582
284411995	56179216	51	F	1	1	X	X
284411996	56179216	52	M	1	0	X	517508624
284412007	56179113	23	M	1	2	X	X
284412008	56179113	22	F	1	6	X	517508317
284412009	56179113	26	M	1	2	X	517508524
284412010	56179113	51	F	1	1	X	X
284412012	56180433	23	M	1	2	X	X
284412013	56180433	22	F	1	6	X	517662883
284412014	56180433	26	M	1	2	X	517662882
284412015	56180433	51	F	1	1	X	X
284412016	56180433	52	M	1	0	X	517507363
284412032	56179111	23	M	1	2	X	X
284412033	56179111	22	F	1	6	X	517508057
284412034	56179111	26	M	1	2	X	517508002
284412036	56179111	52	M	1	0	X	517507747
284412037	56180316	23	M	1	2	X	X
284412038	56180316	22	F	1	6	X	517509012
284412039	56180316	26	M	1	2	X	517507598
284412070	56181969	51	F	1	1	X	X
284412099	56185710	26	M	1	2	X	517508837
284412100	56185710	51	F	1	1	X	X
284412124	56184952	26	M	1	2	X	517508717
284412126	56184952	52	M	1	0	X	517507799
284412162	56183554	23	M	1	2	X	X
284412164	56183554	26	M	1	2	X	517508031
284412165	56183554	51	F	1	1	X	X
284412166	56183554	52	M	1	0	X	501427804
284412212	56184140	23	M	1	2	X	X
284412215	56184140	51	F	1	1	X	X
284412245	56184285	51	F	1	1	X	X
284412246	56184285	52	M	1	0	X	517508448
284429468	56179191	2	M	1	2	X	X
284429471	56179191	37	F	1	1	X	517508237
284429472	56179191	9	F	1	2	450096761	X
284554580	56179981	34	F	1	0	X	517507578
284554581	56179981	6	M	1	2	X	X
284554582	56179981	4	M	1	2	X	X
284554586	56178458	6	M	1	2	X	X
284554742	56183797	4	M	1	2	X	X
284719063	56185717	57	F	1	0	X	X
284719065	56185561	57	F	1	0	X	X
284754016	56181015	48	M	1	1	X	517507263
284754024	56181747	48	M	1	1	X	517507907
284754029	56178626	46	F	1	0	X	517662724
284754060	56177715	48	M	1	1	X	517662725
284754061	56177715	46	F	1	0	X	517662701
284813914	56181721	12	M	1	5	450096778	X
284813915	56179205	64	M	1	1	X	517507290
284813916	56179205	17	M	1	5	450096777	X
284813917	56179205	62	F	1	0	X	517508719
284813918	56179205	12	M	1	5	450096778	X
285460593	56185134	71	M	1	0	X	X
285570218	56182788	46	M	1	1	X	517508826
285570219	56182788	45	F	1	0	X	517508097
285570221	56177060	45	F	1	0	X	517508429
285570255	56181278	45	F	1	0	X	517507827
285570268	56181758	46	M	1	1	X	517507607
285570288	56177724	46	M	1	1	X	517508057
285573735	56184939	2	F	1	2	X	X
285573744	56178179	2	F	1	2	X	X
285583346	56177385	5	M	1	2	450066968	X
285583374	56183939	5	M	1	2	450058854	X
285583375	56183939	8	F	1	2	450096761	X
285583412	56178070	29	F	1	0	X	517508002
285583414	56178070	5	M	1	2	450066968	X
285583421	56176773	36	M	1	1	X	517662923
285583437	56183902	36	M	1	1	X	517507828
285583454	56181665	5	M	1	2	450058854	X
285583455	56181665	8	F	1	2	450096761	X
285583502	56178534	5	M	1	2	450058854	X
285583503	56178534	8	F	1	2	450096761	X
285583505	56183792	36	M	1	1	X	517508563
285583506	56183792	5	M	1	2	450058854	X
285637195	56181329	15	M	1	2	450096777	X
285637196	56181329	9	M	1	2	450096761	X
285637197	56181329	45	F	1	0	X	517507355
285637228	56184011	15	M	1	2	450096777	X
285637261	56184915	15	M	1	2	450096777	X
285637264	56181193	15	M	1	2	450096777	X
285637265	56181193	9	M	1	2	450096761	X
285637266	56181193	45	F	1	0	X	517508179
285687925	56181703	62	M	1	0	X	X
285687936	56180641	59	F	1	1	X	X
285687937	56180641	62	M	1	0	X	X
285734239	56184925	42	F	1	1	X	517508229
285734241	56184925	17	M	1	2	450096777	517508804
285734242	56184925	7	F	1	2	450096761	X
286812593	56180292	17	F	1	2	450096777	517507607
286812616	56183001	39	M	1	0	X	517507791
286812618	56183001	17	F	1	2	450096777	517507592
286900159	56180544	68	M	1	0	X	X
286900165	56183145	68	M	1	0	X	X
286900166	56183145	66	F	1	1	X	X
287364035	56177153	53	F	1	1	X	X
287440214	56178034	45	M	1	1	X	517662865
287440215	56178034	41	F	1	0	X	517662847
287440227	56182165	41	F	1	0	X	517507516
287440228	56183228	45	M	1	1	X	517508093
287440240	56180599	45	M	1	1	X	517508780
287440244	56177347	45	M	1	1	X	517663174
287440245	56177347	41	F	1	0	X	517508023
287440254	56178977	45	M	1	1	X	517507520
287440263	56180538	41	F	1	0	X	517507827
287440272	56185313	45	M	1	1	X	517507930
287440273	56185313	41	F	1	0	X	517507491
287440282	56178727	45	M	1	1	X	517508283
287440293	56180406	41	F	1	0	X	517508864
287459904	56180069	39	M	1	0	X	517508433
287459907	56178334	39	M	1	0	X	517662850
287519132	56184783	36	M	1	0	X	517508606
287519133	56184783	37	F	1	1	X	517508502
287519134	56184783	1	F	1	2	X	X
287886420	56180792	5	F	1	2	450094430	X
287886661	56179254	93	M	1	1	X	X
288249148	56178459	93	F	1	4	X	X
288249149	56178459	59	M	1	0	X	X
288249158	56179236	93	F	1	4	X	X
288249160	56182120	93	F	1	4	X	X
288249161	56182120	59	M	1	0	X	X
288249164	56177961	93	F	1	4	X	X
288249177	56178387	59	M	1	0	X	X
288249179	56177980	59	M	1	0	X	X
288354982	56183865	28	F	1	1	X	X
288354983	56183865	40	M	1	0	X	517508262
288354984	56183865	0	M	1	2	X	X
288355012	56180755	28	F	1	1	X	X
288355014	56180755	0	M	1	2	X	X
288355018	56183173	28	F	1	1	X	X
288355019	56183173	40	M	1	0	X	517507612
288694663	56183707	6	F	1	2	450096761	X
288694667	56183707	2	F	1	2	X	X
289091346	56179344	82	F	1	0	X	517507355
289091349	56179197	82	F	1	0	X	517508802
289115795	56177920	24	F	1	1	X	517662923
289115833	56179797	24	F	1	1	X	517508242
289115834	56179797	27	M	1	0	X	517508129
289115838	56183793	27	M	1	0	X	517508887
289115840	56178214	27	M	1	0	X	517508250
289171524	56181552	51	M	1	0	X	517507827
289171529	56182048	54	F	1	1	X	517508179
289171532	56184637	51	M	1	0	X	517508002
289389879	56185129	30	M	1	2	X	517507324
289389885	56179418	30	M	1	2	X	517508707
289389886	56179418	48	M	1	1	X	517663346
289389891	56183529	30	M	1	2	X	517508652
289424153	56183716	65	M	1	1	X	X
289424158	56177553	49	F	1	0	X	517507904
289570586	56177327	46	F	1	1	X	X
289570597	56181440	48	M	1	0	X	517507827
289570598	56181440	46	F	1	1	X	X
289570601	56181366	48	M	1	0	X	517508735
289570602	56181366	46	F	1	1	X	X
289576864	56183676	23	M	1	0	X	517507364
289576865	56183676	18	M	1	8	450096777	517508057
289576866	56183676	20	F	1	1	X	517508642
289665516	56179721	62	M	1	1	X	X
289665530	56182204	62	M	1	1	X	X
289665544	56182121	62	M	1	1	X	X
289665545	56182121	62	F	1	0	X	X
289961455	56179158	17	M	1	2	450096777	517508002
289961465	56180241	49	M	1	0	X	X
289961466	56181925	50	F	1	1	X	X
289961505	56183436	50	F	1	1	X	X
289961519	56180367	49	M	1	0	X	X
289997167	56180658	54	M	1	0	X	X
290137947	56178611	66	F	1	0	X	X
290137950	56178065	67	M	1	1	X	X
290137961	56185636	66	F	1	0	X	X
290137962	56185636	67	M	1	1	X	X
290214200	56178899	66	M	1	0	X	X
290214201	56178899	10	F	1	2	450096778	X
290214202	56178899	57	F	1	1	X	X
290214207	56178319	12	F	1	2	450096778	X
290214223	56181078	12	F	1	2	450096778	X
290214225	56181078	10	F	1	2	450096778	X
290214226	56181078	57	F	1	1	X	X
290214243	56183070	12	F	1	2	450096778	X
290253643	56178905	4	M	1	2	450058854	X
290253655	56183259	4	M	1	2	450058854	X
290253679	56185245	4	M	1	2	450058854	X
290253680	56185245	41	F	1	1	X	517507928
290431442	56185333	52	F	1	0	X	517507324
290431446	56178495	52	F	1	0	X	517662850
290431452	56181594	52	F	1	0	X	517507871
290431454	56182366	52	F	1	0	X	506878227
290431459	56178864	52	F	1	0	X	517662850
290431460	56181609	52	F	1	0	X	517507625
290431470	56181301	52	F	1	0	X	517508057
290539343	56183645	49	M	1	0	X	517508398
290539350	56177667	48	F	1	1	X	509157637
290539351	56177667	49	M	1	0	X	517508372
290539356	56183425	48	F	1	1	X	517507637
290539357	56183425	49	M	1	0	X	517508358
290539358	56177093	48	F	1	1	X	517662745
290539359	56177093	49	M	1	0	X	517663174
290539364	56179992	48	F	1	1	X	517507827
290539365	56179992	49	M	1	0	X	517508727
290539369	56178672	49	M	1	0	X	517508470
290539376	56179357	48	F	1	1	X	517508379
290539377	56179357	49	M	1	0	X	517508481
290539378	56182983	48	F	1	1	X	517508355
290621516	56178732	60	M	1	1	X	517662865
290621517	56178732	63	F	1	0	X	X
290621521	56185084	63	F	1	0	X	X
290621542	56177163	60	M	1	1	X	510061550
290621543	56177163	63	F	1	0	X	X
290621547	56180280	63	F	1	0	X	X
290621550	56180562	60	M	1	1	X	517662879
290621551	56180562	63	F	1	0	X	X
290621558	56180338	60	M	1	1	X	517662923
290621559	56180338	63	F	1	0	X	X
290621565	56178548	63	F	1	0	X	X
290625860	56177491	9	M	1	2	450096761	X
290625862	56177491	26	M	1	0	X	517662850
290625863	56177491	5	F	1	2	X	X
290631684	56185565	36	M	1	0	X	517508603
290631729	56181932	36	M	1	0	X	517662850
290631731	56181932	34	F	1	1	X	517508470
290631748	56179871	9	F	1	2	450096761	X
290631754	56180714	9	F	1	2	450096761	X
290631755	56180714	34	F	1	1	X	517507934
290631765	56185460	36	M	1	0	X	517507580
290631766	56185460	9	F	1	2	450096761	X
290631768	56184092	36	M	1	0	X	517508045
290631771	56182487	36	M	1	0	X	506877260
290631781	56177293	9	F	1	2	450096761	X
290631782	56177293	34	F	1	1	X	517663165
290631787	56184163	9	F	1	2	450096761	X
290631789	56181871	36	M	1	0	X	517508893
290631790	56181871	9	F	1	2	450096761	X
290631791	56181871	34	F	1	1	X	517507632
290631798	56185448	36	M	1	0	X	517508590
290631802	56182052	9	F	1	2	450096761	X
290631803	56182052	34	F	1	1	X	517508395
290631806	56183221	34	F	1	1	X	517508110
290631807	56180410	36	M	1	0	X	517508803
290631808	56180410	9	F	1	2	450096761	X
290631809	56180410	34	F	1	1	X	517507680
290631810	56180126	36	M	1	0	X	517662682
290631811	56180126	9	F	1	2	450096761	X
290631812	56180126	34	F	1	1	X	517508428
290631819	56184298	36	M	1	0	X	517663171
290631822	56178597	36	M	1	0	X	517508700
290631823	56178597	9	F	1	2	450096761	X
290631840	56181638	36	M	1	0	X	517508589
290631841	56181638	9	F	1	2	450096761	X
290847393	56179900	58	M	1	0	X	517507798
290847399	56177192	58	M	1	0	X	517662876
290989642	56183888	35	M	9	1	X	517507562
290989644	56183888	14	M	9	2	450096777	X
290989646	56177875	40	F	1	0	X	517508002
290989663	56183071	35	M	9	1	X	517508269
290989664	56183071	40	F	1	0	X	517508293
290989665	56183071	14	M	9	2	450096777	X
290989674	56177169	14	M	9	2	450096777	X
291423032	56183075	48	F	1	0	X	517508538
291423034	56183504	48	F	1	0	X	517507292
291423035	56183504	47	M	1	1	X	517507745
291682430	56181479	51	M	1	0	X	517507827
291682436	56182748	51	M	1	0	X	517508451
291682440	56182035	51	M	1	0	X	517507800
291755651	56177454	1	M	1	5	X	X
291755652	56177454	22	F	1	2	X	517663180
291774779	56182476	54	F	1	1	X	517507293
291774803	56179978	54	F	1	1	X	517508270
291774804	56179978	57	M	1	0	X	517508372
291774832	56182840	57	M	1	0	X	517508097
291774855	56178466	54	F	1	1	X	503066759
291774856	56178466	57	M	1	0	X	517508841
291774865	56181624	54	F	1	1	X	517663177
291774866	56181624	57	M	1	0	X	517662745
291774904	56179134	57	M	1	0	X	517508057
291844969	56181259	29	F	1	0	X	517508643
291844970	56181259	37	M	1	1	X	517508283
291845056	56178097	3	F	1	2	X	X
291845057	56178097	29	F	1	0	X	517662848
291845058	56178097	37	M	1	1	X	517663173
291845065	56178101	29	F	1	0	X	517662850
291845066	56178101	37	M	1	1	X	506320958
292058083	56177776	79	M	1	0	X	X
292058084	56177776	77	F	1	1	X	X
292058097	56177480	79	M	1	0	X	X
292284522	56179491	39	F	1	1	X	517508729
292284550	56179783	16	M	1	2	450096777	X
292284573	56183010	39	F	1	1	X	517662735
292320998	56178081	24	F	1	10	X	509158401
292321018	56177902	24	F	1	10	X	517662919
292321019	56177902	27	M	1	0	X	517507582
292321020	56180160	24	F	1	10	X	517508783
292321021	56180160	27	M	1	0	X	514193139
292321025	56181000	27	M	1	0	X	517507315
292347278	56181776	32	M	1	0	X	506880852
292347282	56183469	32	M	1	0	X	517662748
292347287	56181521	32	M	1	0	X	517508454
292347291	56184186	32	M	1	0	X	517507958
292349840	56177197	61	F	1	1	X	517662794
292349841	56177197	65	M	1	0	X	X
292349842	56177197	15	M	1	2	450096777	X
292357205	56177171	39	M	1	0	X	517508057
292357206	56177171	37	F	1	1	X	517663173
292357217	56179554	39	M	1	0	X	517508353
292357218	56179554	37	F	1	1	X	517507928
292357235	56184582	39	M	1	0	X	517508875
292357236	56184582	37	F	1	1	X	517506182
292357243	56184501	39	M	1	0	X	517662896
292357244	56184501	37	F	1	1	X	517507796
292535089	56181772	65	F	1	0	X	X
292535090	56181772	65	M	1	1	X	X
292535099	56179164	65	F	1	0	X	X
292535100	56179164	65	M	1	1	X	X
292535112	56177533	65	M	1	1	X	X
292688321	56180215	47	M	1	0	X	517508179
292818632	56184569	1	F	1	2	X	X
292818645	56184175	19	F	1	0	X	517508314
293408643	56180642	9	F	1	2	450096761	X
293408645	56180642	38	F	1	1	X	517508451
293408662	56183031	41	M	1	0	X	X
293408663	56183031	9	F	1	2	450096761	X
293408687	56181287	9	F	1	2	450096761	X
293620251	56183008	24	F	1	0	X	X
293620263	56182686	24	F	1	0	X	X
293620264	56182811	24	F	1	0	X	X
293796163	56179037	7	F	1	2	450096761	X
293796263	56177114	47	M	1	0	X	506980249
293796265	56177114	7	F	1	2	450096761	X
293796268	56177114	39	F	1	1	X	517662855
293796317	56183381	47	M	1	0	X	517508541
293796318	56183381	4	F	1	2	X	X
293796320	56183381	9	F	1	2	450097548	X
293796322	56183381	39	F	1	1	X	517507582
293796329	56185696	47	M	1	0	X	517663180
293796332	56185696	9	F	1	2	450097548	X
293796334	56185696	39	F	1	1	X	517508103
293796349	56184666	7	F	1	2	450097548	X
293796351	56184666	11	M	1	2	450096778	X
294134267	56182722	74	M	1	0	X	X
294134290	56180680	74	M	1	0	X	X
294134291	56180719	74	M	1	0	X	X
294134293	56179693	74	M	1	0	X	X
294134304	56184862	74	M	1	0	X	X
294134307	56181524	74	M	1	0	X	X
294202504	56179753	46	M	1	0	X	517508804
294245581	56182619	50	F	1	1	X	517508768
294245582	56182619	50	M	1	0	X	517662807
294245589	56180079	50	F	1	1	X	517508179
294245590	56180079	50	M	1	0	X	517662850
294245597	56180162	50	F	1	1	X	517507592
294455280	56182485	61	F	1	1	X	X
294455281	56182485	61	M	1	0	X	X
294455296	56184169	61	F	1	1	X	X
294455316	56181764	61	F	1	1	X	X
294595812	56183570	57	M	1	0	X	517508525
294662988	56183552	18	M	1	2	450096777	X
294662992	56183552	17	M	6	12	450096777	X
294662993	56183552	11	F	1	2	450096778	X
294663029	56182065	14	M	1	2	450096778	X
294663030	56182065	18	M	1	2	450096777	X
294663031	56182065	10	F	1	2	450097548	X
294663032	56182065	49	M	1	1	X	517508057
294663033	56182065	48	F	1	0	X	X
294663034	56182065	17	M	6	12	450096777	X
294663035	56182065	11	F	1	2	450096778	X
294708858	56183746	0	F	1	2	X	X
294708871	56179727	1	M	1	2	X	X
294708873	56179727	24	F	1	1	X	517508179
294708910	56184496	0	F	1	2	X	X
294872136	56181981	55	M	1	0	X	506880326
294917881	56177316	25	F	1	10	X	517662923
294917892	56177968	5	M	1	2	450097548	X
294917894	56177968	26	M	1	0	X	517509354
294917898	56182958	5	M	1	2	450096761	X
294917899	56182958	25	F	1	10	X	517507745
295063854	56180028	51	M	1	0	X	506979583
295063855	56180028	47	F	1	1	X	X
295063864	56182586	51	M	1	0	X	517505499
295063865	56182586	47	F	1	1	X	X
295384416	56177970	60	F	1	1	X	517507678
295384447	56181370	73	M	1	0	X	517507784
295577067	56178961	52	M	1	0	X	517508839
295577077	56181779	52	M	1	0	X	517508404
295598639	56184028	38	F	1	0	X	517662850
295598645	56184089	38	F	1	0	X	501428504
295863188	56178818	66	F	1	1	X	517508314
295863200	56178301	66	F	1	1	X	517662850
295863217	56182501	49	M	1	0	X	517663169
295893244	56184515	44	F	8	1	X	517508396
295893245	56184515	47	M	8	0	X	517508541
296037335	56184467	60	F	1	1	X	X
296037336	56184467	69	M	1	0	X	X
296040032	56181200	58	F	1	0	X	517508798
296040042	56183387	58	F	1	0	X	517507500
297075937	56183671	45	F	1	0	X	517508843
297075938	56183671	13	F	1	2	450096778	X
297075939	56183671	17	M	1	2	450096777	517507524
297438082	56183612	48	F	1	0	X	517508832
297438083	56183612	55	M	1	1	X	517508002
297438085	56180038	55	M	1	1	X	517508881
297438090	56180183	48	F	1	0	X	517663278
297438092	56180023	48	F	1	0	X	517507988
297438093	56180023	55	M	1	1	X	517662745
297438109	56185337	55	M	1	1	X	517507286
297438112	56184711	48	F	1	0	X	517508560
297438113	56184711	55	M	1	1	X	517507542
297438117	56176968	55	M	1	1	X	509157003
297801695	56180559	75	F	1	0	X	517508357
297801710	56179006	75	F	1	0	X	517507309
297917153	56181104	75	M	1	0	X	X
297917173	56180723	75	M	1	0	X	X
297917174	56180723	77	F	1	1	X	X
297941843	56178483	63	F	1	0	X	X
297941853	56178950	63	F	1	0	X	X
297941865	56181847	63	F	1	0	X	X
297982465	56179886	45	M	1	9	X	517663341
297982466	56179886	34	M	1	0	X	517507587
297982478	56176977	34	M	1	0	X	517508853
297982493	56183728	45	M	1	9	X	517507281
297982494	56183728	34	M	1	0	X	517508236
297982495	56184468	45	M	1	9	X	517507799
297982496	56184468	34	M	1	0	X	517507682
297982506	56178359	34	M	1	0	X	517508620
297982523	56177718	45	M	1	9	X	517662738
297982524	56177718	34	M	1	0	X	517508872
297982561	56179864	45	M	1	9	X	517662794
297982562	56179864	34	M	1	0	X	517507502
298077508	56181127	23	M	1	0	X	517663328
298077512	56184420	23	M	1	0	X	517508490
298077517	56184330	23	M	1	0	X	517662850
298077518	56182873	23	M	1	0	X	517508235
298077524	56180850	23	M	1	0	X	517508756
298697886	56185128	45	M	1	1	X	517507815
298697887	56185128	13	M	1	2	450096778	X
298752502	56181007	22	F	1	0	X	517508499
298752507	56182786	22	F	1	0	X	517508871
298752514	56181027	22	F	1	0	X	517508418
298752515	56180303	22	F	1	0	X	517508411
298801768	56178544	59	F	1	0	X	517662850
298801771	56185401	59	F	1	0	X	517508396
298801779	56183697	61	M	1	1	X	517508426
298801780	56183697	59	F	1	0	X	517508396
298801781	56183697	27	M	1	2	X	X
298841664	56183594	59	M	1	0	X	517508057
298841668	56180837	59	M	1	0	X	517508179
298841671	56181231	57	F	1	1	X	517508093
298841672	56181231	59	M	1	0	X	506980147
298841695	56181288	57	F	1	1	X	517507958
298841696	56181288	59	M	1	0	X	517508501
299229511	56179114	2	M	1	2	X	X
299229513	56179114	41	F	9	0	X	X
299300060	56177809	24	F	1	0	X	517508643
299300061	56177809	23	M	1	1	X	517507827
299454904	56177686	76	F	1	1	X	X
299500127	56182644	51	M	1	0	X	517507739
299500129	56177914	51	M	1	0	X	517507324
299500133	56181175	51	M	1	0	X	517662794
299502443	56177462	50	M	1	1	X	517509003
299550456	56178553	23	M	1	2	X	X
299550457	56178553	53	F	1	1	X	517662923
299550458	56185290	66	M	1	0	X	X
299550459	56185290	23	M	1	2	X	X
299550460	56185290	53	F	1	1	X	517508317
299550465	56184692	23	M	1	2	X	X
299550466	56184692	53	F	1	1	X	517507785
299550477	56185280	23	M	1	2	X	X
299550479	56180321	66	M	1	0	X	X
299550488	56178157	66	M	1	0	X	X
299550493	56177363	53	F	1	1	X	517663177
299566115	56185408	52	M	1	1	X	X
299566116	56181172	43	F	1	0	X	517507489
299566128	56182286	43	F	1	0	X	517663338
299566134	56181316	43	F	1	0	X	517507493
299566135	56181316	52	M	1	1	X	X
299674789	56176915	49	M	1	0	X	517508110
299674797	56184165	49	M	1	0	X	517663295
299674802	56182977	43	F	1	1	X	517508002
299674806	56180046	43	F	1	1	X	517662807
299674831	56180399	49	M	1	0	X	517508470
299674836	56183274	43	F	1	1	X	517663270
299674839	56182247	49	M	1	0	X	517508179
299674840	56182247	43	F	1	1	X	517508830
299674843	56179921	49	M	1	0	X	517508804
300215224	56180223	42	F	1	1	X	X
300661359	56180390	60	M	1	0	X	X
300661974	56179201	87	M	1	0	X	X
300865848	56183882	13	M	1	2	450096778	X
300865849	56183882	16	F	1	2	450096777	X
300865879	56179698	41	M	1	0	X	517508869
300865881	56179698	16	F	1	2	450096777	X
300893995	56178169	10	F	1	2	450097548	X
300893996	56178169	8	F	1	2	450097548	X
300912751	56183736	56	F	1	0	X	517507618
301149518	56183343	52	F	1	1	X	517662794
301149519	56183343	60	M	1	0	X	517508330
301162287	56177600	66	M	1	0	X	X
301162298	56178240	65	F	1	1	X	X
301364437	56180710	78	F	1	0	X	X
301364442	56184570	78	F	1	0	X	X
301706953	56181566	67	F	1	0	X	X
302125790	56182800	50	F	1	1	X	517508362
302271924	56184336	12	M	3	2	450096778	X
302271925	56184336	14	M	3	2	450096778	X
302271926	56184336	35	F	3	0	X	517507726
302271927	56184336	34	M	1	1	X	517507668
302271930	56185206	35	F	3	0	X	517663326
302271931	56185206	34	M	1	1	X	517507736
302271933	56184338	14	M	3	2	450096778	X
302271935	56184338	34	M	1	1	X	517508618
302271962	56184605	35	F	3	0	X	517508358
302271963	56184605	34	M	1	1	X	517662866
302271968	56184556	12	M	3	2	450096778	X
302271987	56184860	34	M	1	1	X	517507519
302271989	56184502	14	M	3	2	450096778	X
302271990	56184502	35	F	3	0	X	501428504
302271991	56184502	34	M	1	1	X	517508093
302432181	56184520	9	M	1	2	450097548	X
302432186	56184520	36	F	1	1	X	X
302432189	56184520	12	F	1	2	450096778	X
302432217	56184802	9	M	1	2	450097548	X
302432221	56184802	0	M	1	2	X	X
302432222	56184802	36	F	1	1	X	X
302432223	56184802	13	F	1	2	450096778	X
302432298	56181382	9	M	1	2	450097548	X
302432301	56181382	3	F	1	2	450094430	X
302432302	56181382	0	M	1	2	X	X
302432305	56181382	37	M	1	0	X	517507628
302432306	56181382	12	F	1	2	450096778	X
302432397	56180366	9	M	1	2	450097548	X
302432398	56180366	7	F	1	2	450088673	X
302432399	56180366	5	F	1	2	450096761	X
302432400	56180366	3	F	1	2	450094430	X
302432401	56180366	0	M	1	2	X	X
302432405	56180366	12	F	1	2	450096778	X
302534591	56178733	15	M	1	5	450096777	X
302534592	56178733	36	F	1	2	X	X
302534594	56178733	60	F	1	0	X	517662850
302534615	56185614	15	M	1	5	450096777	X
302534616	56185614	36	F	1	2	X	X
302534618	56185614	60	F	1	0	X	517508763
302534648	56185000	36	F	1	2	X	X
302534649	56185000	18	F	1	5	450096777	X
302534650	56185000	60	F	1	0	X	517508635
302534659	56178185	15	M	1	5	450096777	X
302534660	56178185	36	F	1	2	X	X
302534661	56178185	18	F	1	5	450096777	X
302534665	56178608	18	F	1	5	450096777	X
302534666	56178608	60	F	1	0	X	517508262
302534672	56184852	36	F	1	2	X	X
302534673	56184852	18	F	1	5	450096777	X
302534674	56184852	60	F	1	0	X	517662741
302534772	56183545	36	F	1	2	X	X
302534773	56183545	18	F	1	5	450096777	X
302638477	56177249	58	F	1	0	X	517662850
302638493	56177589	58	F	1	0	X	517508871
302660924	56184777	55	F	1	0	X	517508805
302660925	56184777	54	M	1	10	X	X
302660927	56179275	54	M	1	10	X	X
302694770	56177750	71	M	1	0	X	X
302694773	56185470	71	M	1	0	X	X
302694775	56185446	71	M	1	0	X	X
302694784	56179977	71	M	1	0	X	X
302694790	56179896	71	M	1	0	X	X
302694793	56178002	71	M	1	0	X	X
302694796	56178643	71	M	1	0	X	X
302694798	56178934	71	M	1	0	X	X
302694802	56178300	71	M	1	0	X	X
302694813	56178129	71	M	1	0	X	X
302694828	56177788	71	M	1	0	X	X
302694833	56177178	71	M	1	0	X	X
302976233	56182337	56	F	1	0	X	517508318
302976239	56178750	56	F	1	0	X	517509372
302976249	56178438	56	F	1	0	X	517508861
303004222	56185182	60	M	1	0	X	517508121
303004223	56185182	60	F	1	10	X	517662884
303004229	56180754	60	F	1	10	X	517662730
303004231	56177595	60	F	1	10	X	517508379
303004243	56185066	60	F	1	10	X	517508875
303004247	56176879	60	F	1	10	X	517662850
303004260	56177624	60	M	1	0	X	517662850
303059707	56182138	47	F	1	12	X	517507988
303059719	56185475	47	F	1	12	X	517508864
303059722	56181277	48	M	1	0	X	517662850
303059723	56181277	47	F	1	12	X	517507582
303059728	56181659	48	M	1	0	X	517662850
303095743	56182500	8	M	1	2	450088673	X
303095744	56182500	5	F	1	2	450058854	X
303095745	56182500	49	F	1	0	X	517507159
303266304	56185635	14	M	9	2	450096777	X
303598953	56179982	48	M	1	1	X	517508377
303598954	56179982	47	F	1	0	X	X
303598959	56182417	48	M	1	1	X	517663324
303598975	56183280	48	M	1	1	X	517508426
303598976	56183280	47	F	1	0	X	X
303603960	56183163	2	M	1	2	X	X
303603961	56183163	0	F	1	2	X	X
303603984	56182934	2	M	1	2	X	X
303603986	56182934	20	F	1	0	X	517508653
303967388	56178338	73	M	1	10	X	X
303967389	56178338	68	F	1	0	X	X
303967391	56178338	12	M	1	5	450096778	X
303967393	56185510	68	F	1	0	X	X
303967394	56185510	47	F	1	2	X	517662860
303967395	56185510	12	M	1	5	450096778	X
304203779	56177025	67	F	1	1	X	517662741
304203780	56177025	68	M	1	0	X	X
304234363	56184075	77	M	1	0	X	X
304234364	56184075	6	F	1	5	450088673	X
304234366	56184075	36	F	1	2	X	X
304450469	56180041	5	F	1	2	450058854	X
304450478	56184403	5	M	1	2	450058854	X
304450479	56184403	52	F	1	0	X	X
304450481	56184403	5	F	1	2	450058854	X
304450498	56184944	5	M	1	2	450058854	X
304450500	56184944	40	M	1	1	X	517507932
304450501	56184944	5	F	1	2	450058854	X
304450521	56177201	5	F	1	2	450066968	X
304450530	56177355	5	M	1	2	450066968	X
304450552	56179185	40	M	1	1	X	517508002
304450553	56179185	5	F	1	2	450058854	X
304450563	56181982	52	F	1	0	X	X
304450564	56181982	40	M	1	1	X	517663095
304673464	56184170	30	F	1	0	X	X
304673466	56184170	31	M	1	1	X	517508538
305009559	56178056	59	F	1	0	X	510063148
305009570	56180561	64	M	1	1	X	517508481
305009571	56180561	59	F	1	0	X	517508057
305060984	56182124	55	F	1	1	X	517507633
305060985	56182124	63	M	1	0	X	517508179
305060992	56180623	55	F	1	1	X	517508817
305060993	56180623	63	M	1	0	X	517663278
305061009	56184744	63	M	1	0	X	517507292
305061012	56181195	55	F	1	1	X	517507586
305061013	56181195	63	M	1	0	X	517663324
305120461	56176854	67	F	1	0	X	517662850
305120463	56180578	67	F	1	0	X	517507404
305120470	56177158	67	F	1	0	X	517662923
305120475	56177581	67	F	1	0	X	517508836
305120476	56176884	67	F	1	0	X	506980028
305120477	56176890	67	F	1	0	X	517663184
305410989	56182724	13	M	1	2	450096778	X
305410990	56182724	16	M	1	2	450096777	X
305410991	56182724	43	F	1	0	X	517508548
305410992	56182724	40	M	1	10	X	517662888
305411017	56181891	13	M	1	2	450096778	X
305411025	56178077	13	M	1	2	450096778	X
305411027	56178077	43	F	1	0	X	517662725
305411028	56178077	40	M	1	10	X	517662850
305411037	56185548	13	M	1	2	450096778	X
305411038	56185548	16	M	1	2	450096777	X
305411039	56185548	43	F	1	0	X	517662866
305411050	56184919	16	M	1	2	450096777	X
305411051	56184919	43	F	1	0	X	517508813
305543888	56180142	21	F	1	3	X	517508589
305652444	56177941	0	M	1	2	X	X
305652445	56177941	19	F	1	1	X	X
305652446	56177941	22	M	1	0	X	517508516
305652490	56183126	19	F	1	1	X	X
305652491	56183126	22	M	1	0	X	517508657
305652496	56182584	19	F	1	1	X	X
305652497	56182584	22	M	1	0	X	517508179
305652502	56182615	19	F	1	1	X	X
305652503	56182615	22	M	1	0	X	517508624
305652507	56184001	0	M	1	2	X	X
305652509	56184001	22	M	1	0	X	517662850
305652510	56184416	0	M	1	2	X	X
305652511	56184416	19	F	1	1	X	X
305652532	56182555	19	F	1	1	X	X
305652533	56182555	22	M	1	0	X	517508652
305740446	56177578	31	M	1	0	X	517662850
305937494	56177630	59	M	1	0	X	X
305937500	56183765	59	M	1	0	X	X
305937503	56177233	59	M	1	0	X	X
306088178	56176911	55	M	1	0	X	517507580
306088183	56180554	64	F	1	1	X	X
306088184	56180554	55	M	1	0	X	517663246
306088185	56178722	64	F	1	1	X	X
306088186	56178722	55	M	1	0	X	503066919
306088193	56181465	64	F	1	1	X	X
306088195	56184871	64	F	1	1	X	X
306088196	56184871	55	M	1	0	X	517508107
306116062	56185579	65	F	1	1	X	X
306116083	56184368	65	M	1	0	X	517507745
306116084	56184368	65	F	1	1	X	X
306116093	56180029	65	M	1	0	X	517663314
306116094	56180029	65	F	1	1	X	X
306116103	56178595	65	M	1	0	X	517662850
306116104	56178595	65	F	1	1	X	X
306421444	56182927	9	M	1	2	450088673	X
306421446	56182927	37	F	1	0	X	517662701
306421460	56180614	15	F	1	2	450096777	X
306708974	56182537	46	F	1	1	X	517508107
306758094	56177464	27	F	1	1	X	517662923
306758095	56177464	2	F	1	2	X	X
306758100	56177515	27	F	1	1	X	517508737
306758106	56178275	27	F	1	1	X	517508845
306758108	56178275	28	M	1	0	X	517663174
306852548	56177522	61	M	1	0	X	517662848
306991174	56185549	17	F	1	2	450096777	517507343
306991175	56185549	54	F	1	1	X	X
306991176	56185549	54	M	1	0	X	517508283
306991196	56181368	54	F	1	1	X	X
307068456	56182494	51	F	1	0	X	517507697
307069035	56181012	56	F	1	0	X	517663307
307069043	56180637	56	F	1	0	X	517662884
307069046	56181855	56	F	1	0	X	517662850
307069054	56180808	56	F	1	0	X	517507933
307093113	56178889	25	M	1	2	X	517508873
307093127	56179393	59	M	1	0	X	517508057
307093129	56179393	58	F	1	1	X	X
307093145	56184850	59	M	1	0	X	517507364
307093147	56184850	58	F	1	1	X	X
307093148	56185013	59	M	1	0	X	517507612
307157976	56183153	62	M	1	0	X	X
307158005	56180594	57	F	1	1	X	517508063
307158039	56185654	57	F	1	1	X	517508096
307223807	56183878	21	F	1	0	X	517508024
307236140	56181489	30	F	1	1	X	517663146
307236157	56177362	27	M	1	0	X	517507281
307236158	56177362	30	F	1	1	X	517662701
307236177	56183851	27	M	1	0	X	517508034
307236178	56183851	30	F	1	1	X	517663288
307236185	56183251	27	M	1	0	X	517508177
307511391	56183161	37	F	1	0	X	517508293
307511401	56178425	17	M	1	2	450096777	517662896
307511402	56178425	37	M	1	1	X	517509354
307511438	56181790	37	M	1	1	X	517508749
307511446	56182173	17	M	1	2	450096777	517508796
307511447	56182173	37	M	1	1	X	517507271
307552491	56185370	78	M	1	0	X	X
307552496	56185380	78	M	1	0	X	X
307552503	56177516	78	M	1	0	X	X
307730867	56184079	79	M	1	0	X	X
307730893	56177028	79	M	1	0	X	X
307730924	56177513	65	F	1	1	X	X
307758688	56178967	56	M	1	0	X	X
307782410	56183987	15	F	1	2	450096777	X
307782426	56182987	15	F	1	2	450096777	X
307782427	56182987	44	F	1	0	X	517508002
307782428	56181829	15	F	1	2	450096777	X
307811173	56181546	55	F	1	1	X	517508158
307811174	56181546	57	M	1	0	X	X
307811179	56185230	55	F	1	1	X	517663328
307811180	56185230	57	M	1	0	X	X
307982552	56177971	34	M	1	0	X	517508678
307982553	56177971	29	F	1	10	X	517662717
308117455	56179173	21	M	1	2	X	X
308117457	56179173	53	F	1	0	X	X
308117461	56179106	21	M	1	2	X	X
308117463	56179106	53	F	1	0	X	X
308117478	56182362	53	F	1	0	X	X
308117479	56177896	21	M	1	2	X	X
308117480	56177896	56	M	1	1	X	X
308117481	56177896	53	F	1	0	X	X
308160522	56177286	72	M	1	0	X	X
308160523	56177286	72	F	1	1	X	X
308160533	56182562	72	F	1	1	X	X
308160537	56178603	72	F	1	1	X	X
308502539	56181057	51	M	1	1	X	517507269
308502541	56181057	16	M	1	2	450096777	X
308502543	56185033	47	F	1	0	X	X
308502568	56183481	16	M	1	2	450096777	X
308970220	56182891	60	F	1	1	X	517508497
308970221	56182891	71	M	1	0	X	X
308970233	56179346	71	M	1	0	X	X
308970249	56178956	71	M	1	0	X	X
308970251	56178454	71	M	1	0	X	X
308970252	56177702	60	F	1	1	X	517662850
308970253	56177702	71	M	1	0	X	X
308970260	56178698	60	F	1	1	X	517507587
308970261	56178698	71	M	1	0	X	X
309003953	56177890	25	F	1	1	X	X
309003954	56177890	28	M	1	0	X	517507702
309003956	56177890	1	F	1	2	X	X
309003977	56181020	25	F	1	1	X	X
309003979	56181020	3	F	1	2	X	X
309003980	56181020	1	F	1	2	X	X
309004005	56180767	25	F	1	1	X	X
309035355	56185590	13	F	1	2	450096778	X
309035398	56179764	15	F	1	2	450096777	X
309035402	56179764	35	M	1	1	X	517663273
309543546	56178518	54	F	1	0	X	517507942
309860332	56178368	6	M	1	2	X	X
309860333	56178368	6	M	1	2	X	X
309860335	56178368	14	M	1	2	450096778	X
309860336	56178368	44	F	1	1	X	517509355
309860337	56178368	48	M	1	0	X	517507293
310158375	56180340	59	M	1	0	X	517663301
310463144	56181580	60	M	1	0	X	X
310613458	56178453	57	M	1	0	X	X
310613459	56178928	57	F	1	1	X	517508592
310613469	56180025	57	F	1	1	X	517663095
310613471	56177565	57	F	1	1	X	506979649
310613472	56177565	57	M	1	0	X	X
310613475	56182817	57	F	1	1	X	517507587
310775256	56184182	7	F	1	2	450088673	X
310775257	56184182	35	M	1	0	X	517508652
310775276	56182377	31	F	1	1	X	X
310775277	56182377	2	F	1	2	X	X
310775278	56182377	4	M	1	2	X	X
310775279	56182377	6	F	1	2	450088673	X
310775280	56182377	7	F	1	2	450088673	X
310775281	56182377	35	M	1	0	X	517507728
310775307	56181774	2	F	1	2	X	X
310915278	56182022	44	M	1	0	X	517507726
310915304	56179823	15	M	1	2	450096777	X
310915306	56179823	39	F	1	1	X	517507355
310915307	56182174	15	M	1	2	450096777	X
311148290	56180302	50	M	1	0	X	506878255
311148291	56180302	18	M	1	9	450096777	X
311354060	56185735	58	F	1	1	X	517507787
311354063	56185419	58	M	1	0	X	X
311354073	56183677	58	M	1	0	X	X
311354077	56177627	58	M	1	0	X	X
311354093	56177461	58	M	1	0	X	X
311354094	56182019	58	F	1	1	X	517508103
311354095	56182019	58	M	1	0	X	X
311354098	56185529	58	F	1	1	X	517508179
311380113	56185164	62	F	1	0	X	517508069
311380302	56179612	62	M	1	1	X	517508804
311560754	56185539	58	F	1	1	X	517508563
311560755	56185539	61	M	1	0	X	517508140
311560758	56177694	58	F	1	1	X	517662865
311987808	56178962	58	F	1	1	X	517507623
311987809	56178962	36	M	1	2	X	517508317
311987810	56183575	60	M	1	0	X	517508499
311987812	56183575	36	M	1	2	X	517662843
311987878	56185193	36	M	1	2	X	517508110
311987882	56185610	60	M	1	0	X	517508498
311987883	56185610	58	F	1	1	X	517507696
311987884	56185610	36	M	1	2	X	517662923
311987894	56181905	60	M	1	0	X	517662919
311987895	56181905	58	F	1	1	X	517507558
311988563	56181620	63	M	1	1	X	517507858
311988573	56181941	63	M	1	1	X	517662745
312148576	56179171	94	F	1	0	X	X
312148595	56176902	94	F	1	0	X	X
312183728	56178000	52	F	1	1	X	X
312183732	56183643	52	F	1	1	X	X
312183733	56180621	54	M	1	0	X	517663305
312183734	56180621	52	F	1	1	X	X
312183737	56180955	54	M	1	0	X	506979768
312183738	56180955	52	F	1	1	X	X
312183740	56181283	52	F	1	1	X	X
312183743	56183690	54	M	1	0	X	517508245
312183744	56183690	52	F	1	1	X	X
312233651	56185553	51	M	1	0	X	517507281
312233652	56182270	51	M	1	0	X	517662850
312388901	56177107	34	F	1	0	X	517507860
312388902	56177107	37	M	1	1	X	517662850
312388903	56177107	11	F	1	2	450096778	X
312388913	56184070	34	F	1	0	X	517508404
312388914	56184070	37	M	1	1	X	517507728
312388915	56184070	11	F	1	2	450096778	X
312388916	56184070	9	M	1	2	450088673	X
312573240	56184371	52	M	1	0	X	X
312573248	56182488	52	M	1	0	X	X
312573252	56182880	52	M	1	0	X	X
312573263	56179354	52	M	1	0	X	X
312604462	56178642	59	F	1	0	X	X
312788398	56183734	56	F	1	0	X	517508792
312788399	56183734	54	M	1	1	X	X
312788405	56183508	54	M	1	1	X	X
312935601	56183930	62	M	9	1	X	517508062
312935611	56179499	62	M	9	1	X	517507382
312935612	56179499	59	F	1	0	X	517508520
312935619	56179739	62	M	9	1	X	517508002
313021029	56177511	14	F	1	2	450096777	X
313021034	56181572	39	F	1	1	X	517507845
313076363	56178171	57	M	1	0	X	X
313076365	56178171	42	F	1	1	X	517662917
313076384	56180475	57	M	1	0	X	X
313076386	56180475	42	F	1	1	X	517508765
313076394	56185034	8	F	1	2	450088673	X
313076399	56181667	57	M	1	0	X	X
313076400	56181667	8	F	1	2	450088673	X
313156599	56179980	17	F	1	2	450096777	X
313156606	56182529	37	M	1	0	X	X
313156610	56180474	37	M	1	0	X	X
313156612	56177011	37	M	1	0	X	X
313156613	56177011	17	F	1	2	450096777	X
313156629	56184183	17	F	1	2	450096777	X
313156670	56183099	37	M	1	0	X	X
313156722	56177473	37	M	1	0	X	X
313156723	56177473	17	F	1	2	450096777	X
313672386	56176967	61	F	1	1	X	X
313672387	56176967	64	M	1	0	X	517507714
314062423	56180113	6	M	1	2	450096761	X
314062426	56180113	16	M	1	2	450096777	X
314062475	56180333	6	M	1	2	450096761	X
314062478	56180333	16	M	1	2	450096777	X
314308207	56185203	8	F	1	2	450058854	X
314308209	56185203	46	F	1	1	X	517507681
314308210	56185203	14	M	1	2	450096778	X
314308218	56180230	14	M	1	2	450096778	X
314308239	56185426	8	F	1	2	450058645	X
314308267	56178579	8	F	1	2	450058854	X
314308268	56178579	47	M	1	0	X	517662847
314308269	56178579	46	F	1	1	X	517507616
314308281	56178979	46	F	1	1	X	517508002
314308282	56178979	14	M	1	2	450096778	X
314308299	56183304	8	F	1	2	450058854	X
314308301	56183304	46	F	1	1	X	517507324
314308302	56183304	14	M	1	2	450096778	X
314308342	56184189	14	M	1	2	450096778	X
314430149	56179310	48	M	1	0	X	517508002
314430150	56179310	17	M	9	2	450096777	X
314430158	56182352	48	M	1	0	X	517507558
314430159	56182352	17	M	9	2	450096777	X
314430164	56183311	48	M	1	0	X	517508048
314430166	56183311	49	F	1	1	X	517508396
314430197	56178680	48	M	1	0	X	517508563
314430199	56178680	49	F	1	1	X	517508479
314660148	56178556	58	F	1	1	X	517508766
314660161	56177241	63	M	1	0	X	X
314660162	56177241	58	F	1	1	X	506979808
314925518	56183037	74	M	1	0	X	X
314925556	56178250	74	M	1	0	X	X
315011194	56178572	14	F	9	2	450096777	X
315011195	56178572	36	M	1	0	X	517662850
315011196	56178572	33	F	1	1	X	X
315011206	56185162	14	F	9	2	450096777	X
315011209	56185162	13	M	9	2	450096778	X
315011210	56184931	14	F	9	2	450096777	X
315011213	56184931	13	M	9	2	450096778	X
315011218	56183172	14	F	9	2	450096777	X
315011220	56183172	33	F	1	1	X	X
315011221	56183172	13	M	9	2	450096778	X
315011242	56181456	14	F	9	2	450096777	X
315011243	56181456	36	M	1	0	X	517507967
315011327	56181069	36	M	1	0	X	517509354
315011329	56181069	13	M	9	2	450096778	X
315011330	56182578	14	F	9	2	450096777	X
315503783	56183384	25	F	1	1	X	X
315503785	56183384	42	M	1	6	X	517507322
315503787	56183384	28	M	1	0	X	517508193
315503801	56184481	25	F	1	1	X	X
315503802	56184481	6	F	1	2	450096761	X
315503804	56184481	29	M	1	3	X	517662919
315503809	56178317	42	M	1	6	X	517662923
315503810	56178317	29	M	1	3	X	517507766
315503811	56178317	28	M	1	0	X	517662847
315503812	56178317	2	F	1	2	X	X
315675711	56179634	53	F	1	0	X	517508002
315675713	56179287	53	F	1	0	X	517663295
315675715	56185425	53	F	1	0	X	517507655
315675721	56179937	53	F	1	0	X	517507588
315994223	56185259	48	F	1	1	X	517507994
316073335	56182183	50	F	1	0	X	517508756
316073336	56182183	72	F	1	4	X	X
316173342	56184220	35	F	1	1	X	X
316173343	56184220	8	M	1	2	450088673	X
316173344	56184220	17	M	1	2	450096777	X
316173383	56182725	36	M	1	0	X	517507582
316173462	56179551	35	F	1	1	X	X
316173464	56179551	17	M	1	2	450096777	X
316173466	56179551	5	F	1	2	450058854	X
316173467	56179551	36	M	1	0	X	517507909
316333108	56184196	12	M	1	2	450096778	X
316333109	56184196	15	F	1	2	450096777	X
316333151	56183864	43	F	1	0	X	517507827
316333152	56183864	12	M	1	2	450096778	X
316333211	56181507	43	F	1	0	X	517508451
316333212	56181507	12	M	1	2	450096778	X
316408175	56182493	12	F	1	2	450096778	X
316408179	56182493	42	F	1	1	X	517507331
316408180	56182493	44	M	1	0	X	517508690
316408181	56182493	10	M	1	2	450088673	X
316408182	56182493	7	M	1	2	450088673	X
316427764	56180382	79	M	1	0	X	X
316427765	56180382	75	F	1	1	X	517508150
316427770	56181844	79	M	1	0	X	X
316427771	56181844	75	F	1	1	X	517508748
316427791	56184072	75	F	1	1	X	517507941
316514487	56180096	30	F	1	1	X	517508747
316514489	56178640	0	F	1	2	X	X
316514528	56182923	0	F	1	2	X	X
316514529	56182923	30	F	1	1	X	517508511
316514531	56183891	0	F	1	2	X	X
316514532	56183891	30	F	1	1	X	517507726
316514533	56183891	36	M	1	0	X	517663338
316514543	56185397	0	F	1	2	X	X
316514544	56185397	30	F	1	1	X	517508290
316514555	56185322	0	F	1	2	X	X
316514587	56184384	36	M	1	0	X	517508166
316514608	56184058	36	M	1	0	X	517508305
316557429	56182700	72	F	1	0	X	X
316557440	56177916	72	F	1	0	X	X
316680536	56180379	46	M	1	0	X	517507697
316680537	56180379	39	F	1	1	X	517508374
316680539	56180379	15	F	1	2	450096777	X
316680561	56182268	39	F	1	1	X	517662682
316680580	56177066	46	M	1	0	X	517507324
316680581	56177066	39	F	1	1	X	517662850
316680582	56177066	17	F	1	2	450096777	510063215
316680583	56177066	15	F	1	2	450096777	X
316680584	56184909	46	M	1	0	X	517663288
316680604	56178367	46	M	1	0	X	506980656
316680607	56178367	15	F	1	2	450096777	X
317085399	56183948	7	M	1	2	450088673	X
317085400	56183948	37	M	1	10	X	517507563
317085401	56183948	11	F	1	2	450096778	X
317085402	56183948	29	F	1	0	X	X
317085428	56178677	8	F	1	2	450088673	X
317085430	56178677	37	M	1	10	X	509156169
317085431	56178677	11	F	1	2	450096778	X
317433526	56181971	58	M	1	1	X	517508369
317433528	56181890	58	M	1	1	X	517663146
317433541	56180774	57	F	1	0	X	506980249
317433546	56183499	58	M	1	1	X	517508134
317433547	56183499	57	F	1	0	X	517663177
317433564	56178514	58	M	1	1	X	517662753
317632869	56184135	75	F	1	0	X	X
317632870	56184135	75	M	1	1	X	X
317690737	56178645	53	M	1	1	X	517507501
317690738	56178645	47	F	1	0	X	517508830
317690748	56177398	47	F	1	0	X	517508057
317690756	56178958	47	F	1	0	X	517507739
317690760	56178614	47	F	1	0	X	517508524
317690762	56180412	47	F	1	0	X	517508057
317690765	56177042	53	M	1	1	X	517508179
317690766	56177042	47	F	1	0	X	517508002
317690820	56177772	47	F	1	0	X	517662923
317716144	56183100	69	F	1	1	X	X
317725336	56182749	34	F	1	1	X	X
317725340	56179633	34	F	1	1	X	X
317750136	56179371	7	M	1	2	X	X
317750137	56179371	48	M	1	0	X	517508357
317750138	56179371	47	F	1	1	X	517508242
317750139	56179371	9	M	1	2	450088673	X
317750140	56179371	15	F	1	2	450096777	X
317750141	56179371	17	F	1	2	450096777	X
317791670	56181840	60	F	1	0	X	517663184
318131461	56181788	15	M	1	2	450096777	X
318131467	56182745	15	M	1	2	450096777	X
318131485	56182013	15	M	1	2	450096777	X
318131486	56182013	68	M	1	1	X	517663177
318131507	56178663	68	M	1	1	X	517662850
318131508	56178663	61	F	1	0	X	517662923
318131515	56184703	15	M	1	2	450096777	X
318131516	56184703	68	M	1	1	X	517508540
318131517	56184703	61	F	1	0	X	517507932
318131545	56178270	15	M	1	2	450096777	X
318131552	56182187	68	M	1	1	X	517508179
318131553	56182187	61	F	1	0	X	517508014
318131599	56182102	15	M	1	2	450096777	X
318131600	56182102	68	M	1	1	X	517508499
318131601	56182102	61	F	1	0	X	517663278
318131603	56180363	68	M	1	1	X	517662896
318131604	56180363	61	F	1	0	X	517663338
318131612	56181866	68	M	1	1	X	517663138
318418745	56178408	31	M	1	1	X	517508623
318418752	56180493	28	F	1	0	X	X
318418753	56180493	31	M	1	1	X	506980671
318535765	56177394	33	M	1	1	X	517662705
318535766	56177394	4	M	1	2	X	X
318535767	56177394	37	F	1	9	X	517662850
318535812	56178729	32	F	1	0	X	517507705
318535813	56178729	33	M	1	1	X	517663178
318535867	56177104	37	F	1	9	X	517508015
318535945	56179899	33	M	1	1	X	517507281
318535970	56180689	4	M	1	2	X	X
318536012	56184321	32	F	1	0	X	517509352
318536014	56184321	4	M	1	2	X	X
318536015	56184321	37	F	1	9	X	517507395
318536073	56178648	33	M	1	1	X	517662730
318536075	56178648	37	F	1	9	X	517508080
318536077	56177446	33	M	1	1	X	517507281
318536088	56178315	32	F	1	0	X	517509348
318536089	56178315	33	M	1	1	X	506979568
318536132	56177054	32	F	1	0	X	517507830
318536220	56178145	32	F	1	0	X	517662850
318536222	56178145	4	M	1	2	X	X
318603354	56180212	37	M	1	0	X	517507828
318719919	56178257	63	F	1	0	X	517662847
318719925	56177441	63	F	1	0	X	517508309
318719928	56181952	65	M	3	1	X	517508002
318719932	56178160	65	M	3	1	X	503022692
318719933	56178160	63	F	1	0	X	517662850
318719944	56185347	65	M	3	1	X	517508852
318740424	56178181	72	F	1	0	X	517508481
319059420	56177837	58	M	1	0	X	517662850
319059421	56177837	52	F	1	1	X	517662850
319258683	56177506	44	M	1	0	X	517508057
319258684	56177506	44	F	1	1	X	517508560
319258693	56182780	44	M	1	0	X	517507324
319258694	56182780	44	F	1	1	X	517508057
319458443	56184901	55	M	1	0	X	517507587
319458444	56184901	51	F	1	1	X	517508356
319458449	56177358	55	M	1	0	X	517662850
319458459	56182186	51	F	1	1	X	517508739
319458460	56182186	82	M	1	6	X	X
319458467	56182250	55	M	1	0	X	517508179
319458469	56182250	82	M	1	6	X	X
319663631	56176865	37	M	1	1	X	517662850
319663632	56176865	10	F	1	2	450088673	X
319663633	56176865	34	F	1	0	X	517662850
319663642	56177152	5	F	1	2	450058854	X
319663643	56177152	37	M	1	1	X	517662701
319663644	56177152	10	F	1	2	450088673	X
319663666	56179991	5	F	1	2	450066968	X
319663670	56179579	5	F	1	2	450058854	X
319663671	56179579	37	M	1	1	X	517508057
319663672	56179579	10	F	1	2	450088673	X
319663673	56179579	34	F	1	0	X	517663095
319663679	56179203	37	M	1	1	X	517663278
319663680	56179203	10	F	1	2	450088673	X
319663681	56179203	34	F	1	0	X	517508002
320067608	56184927	58	M	1	0	X	517508588
320067609	56184927	55	F	1	1	X	517508047
320067612	56181563	58	M	1	0	X	517508002
320067613	56181563	55	F	1	1	X	517508804
320067620	56181807	58	M	1	0	X	517507843
320067634	56185394	58	M	1	0	X	517508396
320075904	56185704	46	F	1	1	X	517508002
320075906	56185704	16	M	1	2	450096777	517507674
320075920	56185050	60	M	1	0	X	517508499
320075932	56179433	60	M	1	0	X	517508002
320075937	56178780	46	F	1	1	X	503067768
320075938	56178780	60	M	1	0	X	517663096
320075939	56178780	16	M	1	2	450096777	517507895
320075940	56185052	46	F	1	1	X	517663173
320075944	56178547	60	M	1	0	X	517507365
320075945	56178547	16	M	1	2	450096777	517508014
320588068	56178137	66	F	1	1	X	X
320588069	56178137	67	M	1	0	X	517663175
320588077	56178617	67	M	1	0	X	517662850
320588085	56184784	67	M	1	0	X	517508057
320644164	56185335	63	M	1	0	X	517508497
320644166	56185335	18	M	1	2	450058854	X
320644174	56185586	18	M	1	2	450058854	X
320644191	56185109	16	M	1	2	450058645	X
320644192	56185109	63	M	1	0	X	517663330
320644199	56181458	16	M	1	2	450058854	X
320644200	56181458	63	M	1	0	X	517508485
320644201	56181458	58	F	1	1	X	X
320644204	56181457	63	M	1	0	X	517507261
320644205	56181457	58	F	1	1	X	X
320644229	56185500	58	F	1	1	X	X
320644230	56185500	18	M	1	2	450058646	X
320645245	56179949	25	M	1	0	X	517507827
320645251	56176833	25	M	1	0	X	517508746
320645252	56179825	25	M	1	0	X	517507489
320645263	56176966	25	M	1	0	X	517663131
320645277	56179903	25	M	1	0	X	517507355
320645281	56177662	25	M	1	0	X	517507510
320645282	56178082	25	M	1	0	X	517662850
320645292	56180892	25	M	1	0	X	517507884
320645298	56184935	25	M	1	0	X	517508623
320645300	56179806	25	M	1	0	X	517663275
320724771	56185065	27	M	1	2	X	517508322
320724772	56185065	57	F	1	0	X	517508007
320724773	56185065	29	M	1	12	X	517508426
320724800	56185705	29	M	1	12	X	517508426
320724803	56182459	29	M	1	12	X	517508802
320724813	56177642	27	M	1	2	X	517507914
320724814	56177642	57	F	1	0	X	509156890
320724815	56177642	29	M	1	12	X	517663169
320724816	56178371	27	M	1	2	X	517662745
320724818	56178371	29	M	1	12	X	517507984
320724822	56178434	27	M	1	2	X	517508769
320724823	56178434	57	F	1	0	X	517508057
320724824	56178434	29	M	1	12	X	510063035
320724834	56178091	27	M	1	2	X	517508178
320724836	56178091	29	M	1	12	X	517662835
320724837	56182390	27	M	1	2	X	517507491
320724840	56184658	27	M	1	2	X	517662850
320724844	56177122	57	F	1	0	X	517662923
320802041	56184434	11	F	1	2	450096778	X
320802042	56184434	10	M	1	2	450088673	X
320802052	56179229	36	M	1	1	X	517508425
320802053	56179229	11	F	1	2	450096778	X
320802054	56179229	10	M	1	2	450096761	X
320802055	56179229	37	F	1	0	X	517507580
320802056	56179356	36	M	1	1	X	517508641
320802058	56179356	10	M	1	2	450096761	X
320802059	56179356	37	F	1	0	X	517508364
320924533	56180065	72	F	1	0	X	X
321074469	56185713	20	F	9	0	X	517507582
321134471	56178220	57	F	1	0	X	X
321134478	56178154	57	F	1	0	X	X
321134479	56178463	57	F	1	0	X	X
321134501	56177685	57	F	1	0	X	X
322328524	56181106	63	F	1	1	X	X
322328531	56184846	67	M	1	0	X	X
322328532	56178745	63	F	1	1	X	X
322328533	56178745	67	M	1	0	X	X
322328553	56178494	67	M	1	0	X	X
322328560	56178681	63	F	1	1	X	X
322328563	56180318	67	M	1	0	X	X
322370990	56180540	72	M	1	0	X	X
322370994	56179091	72	M	1	0	X	X
322582258	56178109	6	F	1	2	450096761	X
322582260	56178109	33	M	1	0	X	517662838
322582261	56178109	3	F	1	2	450058854	X
322582266	56178424	6	F	1	2	450096761	X
322582267	56178424	33	F	1	1	X	517662923
322582268	56178424	33	M	1	0	X	517508451
322582269	56178424	3	F	1	2	450058854	X
322582286	56183269	6	F	1	2	450096761	X
322582287	56183269	33	F	1	1	X	517662850
322582288	56183269	33	M	1	0	X	517508283
322582299	56176996	33	F	1	1	X	517508293
322582300	56176996	33	M	1	0	X	517508305
322582306	56183629	6	F	1	2	450096761	X
322582308	56183629	33	M	1	0	X	517663175
322582309	56183629	3	F	1	2	450058854	X
322582315	56184786	33	F	1	1	X	517663288
322582317	56184786	3	F	1	2	450058854	X
322586790	56178970	23	M	1	9	X	517662923
322586813	56180644	24	F	1	0	X	517507826
322586822	56183002	23	M	1	9	X	517508315
322586839	56183325	24	F	1	0	X	501428188
322872855	56180307	8	M	1	2	450091718	X
322872858	56180307	12	M	1	2	450096778	X
322872935	56183401	8	M	1	2	450096761	X
322872945	56178350	29	F	1	0	X	517507765
322872947	56180026	8	M	1	2	450091718	X
322872949	56180026	29	F	1	0	X	517509003
322872959	56178296	8	M	1	2	450091718	X
322872960	56178296	7	F	1	2	450091718	X
322873047	56180797	8	M	1	2	450091718	X
322873048	56180797	7	F	1	2	450091718	X
322873050	56180797	12	M	1	2	450096778	X
322873055	56184055	8	M	1	2	450096761	X
322873056	56184055	7	F	1	2	450096761	X
322873058	56184055	12	M	1	2	450096778	X
322873136	56182852	7	F	1	2	450091718	X
323024591	56181495	66	M	1	1	X	517508290
323024592	56181495	62	F	1	0	X	X
323135853	56180916	22	M	1	0	X	517507309
323135861	56180854	22	M	1	0	X	517663169
323216438	56180422	52	F	1	0	X	517507897
323216465	56177519	50	M	1	1	X	517662850
323216466	56177519	52	F	1	0	X	517662725
323216475	56177978	50	M	1	1	X	517507345
323302641	56185249	54	M	1	0	X	517508290
323302642	56185249	51	F	1	3	X	517508623
323302643	56185249	39	M	1	3	X	517508091
323302647	56179196	54	M	1	0	X	517508187
323302648	56179196	51	F	1	3	X	517508538
323302649	56179196	39	M	1	3	X	517508002
323302662	56181726	54	M	1	0	X	517507739
323302663	56181726	51	F	1	3	X	517507827
323302665	56181628	54	M	1	0	X	517507671
323302666	56181628	51	F	1	3	X	517507933
323524525	56181868	57	M	1	1	X	517508843
323731821	56181141	24	M	1	0	X	517662919
323731823	56184247	24	M	1	0	X	517508086
323731827	56181397	24	M	1	0	X	517508872
323731828	56183427	24	M	1	0	X	517508293
323731836	56177845	24	M	1	0	X	517507728
324340332	56181910	56	F	8	1	X	X
324340334	56178966	56	F	8	1	X	X
324340350	56180648	56	F	8	1	X	X
324396924	56185573	64	M	1	10	X	517508110
324396925	56185573	68	F	1	0	X	517508479
324396944	56185479	64	M	1	10	X	517508426
324568180	56178151	53	M	1	0	X	X
324568194	56182834	53	M	1	0	X	X
324759554	56184024	4	M	1	2	X	X
324759556	56184024	32	M	1	0	X	517662850
324759598	56185692	4	M	1	2	X	X
324759599	56185692	0	M	1	2	X	X
324759600	56185692	32	M	1	0	X	517662794
324759601	56185692	28	F	1	1	X	517508775
324999659	56182966	27	F	1	0	X	517508121
325007613	56180886	55	M	1	1	X	517507410
325007615	56180702	55	M	1	1	X	517507826
325007618	56177458	55	F	1	0	X	517663180
325007621	56180701	55	M	1	1	X	517507497
325007624	56179377	55	F	1	0	X	517508867
325007625	56179377	55	M	1	1	X	517508568
325007628	56185722	55	F	1	0	X	517509014
325118513	56179651	3	F	1	2	X	X
325118514	56179651	31	M	1	0	X	517508726
325118516	56183342	3	F	1	2	X	X
325118547	56180206	31	M	1	0	X	517508559
325183578	56177165	2	F	1	2	X	X
325183579	56177165	4	F	1	2	X	X
325183580	56177165	38	M	1	1	X	517662850
325183584	56185494	38	M	1	1	X	517508166
325183609	56177663	33	F	1	0	X	517663177
325183610	56177663	2	F	1	2	X	X
325183625	56185572	33	F	1	0	X	517662887
325183626	56185572	2	F	1	2	X	X
325183627	56185572	4	F	1	2	X	X
325183628	56185572	38	M	1	1	X	517508727
325183633	56176951	33	F	1	0	X	517663173
325183634	56176951	2	F	1	2	X	X
325183635	56176951	4	F	1	2	X	X
325183660	56184773	38	M	1	1	X	517508875
325183677	56180122	33	F	1	0	X	517507702
325183680	56180122	38	M	1	1	X	517508107
325293673	56183679	53	M	1	0	X	517508235
325293674	56183679	54	F	1	1	X	501428504
325293704	56178188	54	F	1	1	X	517662850
325293705	56178188	22	M	1	2	X	X
325293706	56181463	53	M	1	0	X	506979933
325293707	56181463	54	F	1	1	X	517663180
325293708	56181463	22	M	1	2	X	X
325293714	56180726	22	M	1	2	X	X
325293733	56182118	53	M	1	0	X	517662847
325293735	56182118	22	M	1	2	X	X
325293749	56181956	54	F	1	1	X	517508019
325293750	56181956	22	M	1	2	X	X
325293764	56184628	54	F	1	1	X	517508676
325293768	56180913	22	M	1	2	X	X
325541394	56183964	4	M	1	2	450094430	X
325541396	56183964	31	M	1	0	X	501428504
325541413	56178256	1	M	1	2	X	X
325603572	56184796	69	M	1	0	X	X
325603573	56184796	68	F	1	1	X	X
325603575	56177405	68	F	1	1	X	X
325603586	56179897	69	M	1	0	X	X
325603587	56179897	68	F	1	1	X	X
325603589	56177949	68	F	1	1	X	X
325809158	56183750	52	M	1	0	X	517507827
325809159	56183750	19	M	1	2	X	517507544
325809160	56183750	56	F	1	1	X	517507281
325809176	56185404	52	M	1	0	X	517662923
325809177	56185404	19	M	1	2	X	517507580
325809178	56185404	56	F	1	1	X	517507696
325868617	56182681	54	F	1	1	X	517508229
325868618	56182681	59	M	1	0	X	517663257
325868623	56182697	54	F	1	1	X	517508307
325868624	56182697	59	M	1	0	X	517508013
325868630	56178581	59	M	1	0	X	517507690
325868640	56182314	59	M	1	0	X	517662923
326112453	56183681	56	F	1	1	X	517507696
326112455	56184911	18	M	1	2	450096777	X
326112491	56185629	18	M	1	2	450096777	X
326112531	56182543	56	F	1	1	X	517507596
326112535	56185429	57	M	1	0	X	517508002
326112537	56185429	56	F	1	1	X	517507790
326112547	56182227	57	M	1	0	X	517662850
326112568	56183480	57	M	1	0	X	517507974
326112570	56183480	56	F	1	1	X	517508420
326112571	56181601	57	M	1	0	X	517507690
326112601	56178792	57	M	1	0	X	517508372
326112602	56178792	18	M	1	2	450096777	X
326112603	56178792	56	F	1	1	X	517507930
326112604	56179304	57	M	1	0	X	517508366
326156858	56181280	49	F	1	1	X	517507582
326156859	56181280	19	M	1	2	X	517663257
326156875	56185120	15	F	1	2	X	X
326156876	56185120	49	F	1	1	X	517508107
326156879	56185120	18	M	1	2	X	517663328
326212690	56185471	49	F	1	1	X	X
326212711	56179849	49	F	1	1	X	X
326212712	56179849	15	M	1	2	450096777	X
326212716	56177447	48	M	1	0	X	517508396
326222788	56181702	29	M	1	0	X	517507897
326222801	56184223	29	M	1	0	X	517507986
326342989	56176812	7	M	1	2	450097548	X
326343004	56182841	36	F	1	0	X	X
326343011	56182768	7	M	1	2	450091718	X
326343019	56183182	7	M	1	2	450091718	X
326343020	56183182	36	F	1	0	X	X
326549264	56182649	48	M	1	0	X	517507679
326549269	56180388	48	M	1	0	X	517508014
326549272	56182414	48	M	1	0	X	517508014
326594466	56179069	56	F	1	1	X	517508057
326594467	56179069	59	M	1	0	X	517507702
326594469	56177777	59	M	1	0	X	517508473
326594484	56182201	56	F	1	1	X	517508002
326594485	56182201	59	M	1	0	X	517507896
326594494	56181410	56	F	1	1	X	517507826
326619312	56184369	23	M	1	10	X	517508121
326619313	56184369	22	F	1	0	X	X
326619326	56182677	23	M	1	10	X	517508293
326619348	56184386	23	M	1	10	X	517508057
326654703	56179399	52	M	1	1	X	517508197
326654704	56179399	45	F	1	0	X	517508375
326654710	56182857	45	F	1	0	X	517508242
326654725	56182505	45	F	1	0	X	517507580
326654778	56183990	52	M	1	1	X	517508057
326654787	56185068	52	M	1	1	X	517507562
326654815	56185088	45	F	1	0	X	517663273
326654822	56178778	19	F	1	2	X	X
326654837	56185392	19	F	1	2	X	X
326654838	56185392	52	M	1	1	X	517508705
326654839	56185392	45	F	1	0	X	517507580
326654855	56178896	19	F	1	2	X	X
326654856	56178896	52	M	1	1	X	517508057
326654888	56180174	19	F	1	2	X	X
326654890	56180174	45	F	1	0	X	517507933
326662608	56183454	27	F	1	0	X	517507827
326662618	56180947	27	F	1	0	X	517507607
326662619	56180947	31	M	1	10	X	517508510
326662623	56179898	31	M	1	10	X	517508179
326662637	56178379	31	M	1	10	X	517508888
326662648	56179994	27	F	1	0	X	517507404
326760198	56185687	55	M	1	0	X	517508623
326760208	56178783	55	M	1	0	X	517508358
326760211	56180298	55	M	1	0	X	517508510
326769267	56179874	65	M	1	0	X	517508726
326899772	56179748	39	F	1	10	X	X
326899773	56179748	41	F	1	0	X	517507495
326899783	56182916	41	F	1	0	X	517507586
326949728	56184695	49	F	1	1	X	517507721
326949729	56184695	63	M	1	0	X	517508520
326949743	56177219	63	M	1	0	X	517662850
327063670	56178951	79	F	1	0	X	X
327063672	56176976	79	F	1	0	X	X
327063683	56178930	79	F	1	0	X	X
327063684	56184210	79	F	1	0	X	X
327063695	56178865	79	F	1	0	X	X
327063698	56177005	79	F	1	0	X	X
327300609	56183951	5	M	1	2	X	X
327300610	56183951	24	F	1	0	X	517508540
327300611	56183951	7	F	1	2	450096761	X
327300763	56182906	3	F	1	2	X	X
327300764	56182906	5	M	1	2	X	X
327300765	56182906	24	F	1	0	X	517508426
327300767	56182906	26	M	1	1	X	X
327300779	56182559	5	M	1	2	X	X
327300780	56182559	24	F	1	0	X	517508495
327300781	56182559	7	F	1	2	450091718	X
327300782	56182559	26	M	1	1	X	X
327346414	56178953	64	M	1	0	X	X
327346444	56183942	64	M	1	0	X	X
327481905	56183634	34	M	1	0	X	517507278
327481908	56177705	34	M	1	0	X	510062910
327481913	56180201	34	M	1	0	X	517507933
327481916	56178291	34	M	1	0	X	506317429
327481925	56181063	34	M	1	0	X	517663303
327766504	56179340	52	F	1	0	X	X
327766505	56179340	54	M	1	1	X	517508756
327766517	56181041	54	M	1	1	X	517663328
327766518	56179097	52	F	1	0	X	X
327766526	56182305	52	F	1	0	X	X
327766527	56182305	54	M	1	1	X	517508487
327917071	56177285	32	F	1	9	X	517508572
327917072	56177285	33	M	1	0	X	517508869
327917081	56178108	32	F	1	9	X	517507884
327917111	56177203	32	F	1	9	X	517662923
327917119	56184134	32	F	1	9	X	517507878
327917132	56177022	33	M	1	0	X	503067794
327917145	56177599	32	F	1	9	X	517508867
327917146	56177599	33	M	1	0	X	517509347
327926232	56177547	45	F	1	0	X	503022692
327926233	56178937	45	F	1	0	X	517508563
327926241	56179056	45	F	1	0	X	517508002
327926246	56179769	45	F	1	0	X	517508000
327926249	56180063	45	F	1	0	X	517507690
327926252	56181481	45	F	1	0	X	517507785
327926256	56179968	45	F	1	0	X	517508456
327933054	56183431	50	F	1	0	X	X
327933055	56183431	11	F	1	2	450096778	X
327933056	56183431	16	F	1	2	450096777	X
328129047	56182764	21	F	1	2	X	517507582
328129048	56182764	44	M	1	1	X	517508685
328129068	56184787	21	F	1	2	X	517508040
328129073	56185727	41	F	1	0	X	517508069
328129074	56185727	21	F	1	2	X	517507785
328191068	56182219	10	F	1	2	450096778	X
328475073	56177585	63	F	1	0	X	X
328475081	56185611	63	F	1	0	X	X
328475085	56183544	63	F	1	0	X	X
328482510	56185618	2	F	1	2	X	X
328482511	56185618	4	F	1	2	X	X
328482512	56185618	28	M	1	0	X	517508634
328482541	56181798	25	F	1	1	X	506979984
328482543	56181798	4	F	1	2	X	X
328505684	56176922	57	F	1	1	X	517508525
328505685	56176922	53	M	1	0	X	517662725
328505688	56184905	57	F	1	1	X	517508890
328505689	56184905	53	M	1	0	X	517508677
328505694	56185675	57	F	1	1	X	517507580
328505695	56185675	53	M	1	0	X	517508098
328505718	56185603	57	F	1	1	X	517508654
328505726	56177181	57	F	1	1	X	517662850
328505727	56177181	53	M	1	0	X	517663177
328505732	56177143	57	F	1	1	X	517662850
328505733	56177143	53	M	1	0	X	517663173
328697065	56179442	55	M	1	0	X	517508110
328697076	56185387	52	F	1	1	X	517507974
328697085	56179766	55	M	1	0	X	517662878
328697086	56179766	52	F	1	1	X	517507590
328697087	56181689	55	M	1	0	X	517508109
328697088	56181689	52	F	1	1	X	506880838
328697091	56177154	55	M	1	0	X	517663177
328697107	56180121	55	M	1	0	X	517508510
328744837	56184894	43	M	1	0	X	517507580
328744852	56184565	43	M	1	0	X	517662838
328744853	56184565	23	M	1	2	X	517507984
328744854	56184565	40	F	1	1	X	517507580
328744858	56185278	43	M	1	0	X	517508086
328744859	56185278	23	M	1	2	X	517507587
328744867	56180471	43	M	1	0	X	517662850
328744868	56180471	23	M	1	2	X	517663315
328744874	56182043	23	M	1	2	X	517662880
328744883	56180476	23	M	1	2	X	517662878
328782585	56178156	34	F	1	1	X	517662850
328782586	56178156	14	M	1	2	450096777	X
328782592	56183718	14	M	1	2	450096777	X
328782593	56183718	33	M	1	0	X	517662850
328782628	56180032	14	M	1	2	450096777	X
328782648	56183804	34	F	1	1	X	517508358
328782649	56183804	14	M	1	2	450096777	X
328782650	56183804	33	M	1	0	X	517662839
328782654	56185083	34	F	1	1	X	517506172
328782656	56185083	33	M	1	0	X	517508131
328879942	56178852	58	F	1	0	X	517508160
328879943	56179082	58	F	1	0	X	517508002
328879952	56183324	58	F	1	0	X	517508817
329079445	56185002	11	F	1	2	450096778	X
329079446	56185002	10	F	1	2	450091718	X
329079469	56180669	26	F	1	1	X	X
329079470	56180669	11	F	1	2	450096778	X
329079493	56178328	33	M	1	0	X	517663338
329079494	56178328	26	F	1	1	X	X
329079504	56177602	26	F	1	1	X	X
329079512	56180266	3	F	1	2	X	X
329079513	56180266	33	M	1	0	X	517507827
329079514	56180266	26	F	1	1	X	X
329079515	56180266	11	F	1	2	450096778	X
329147311	56183398	64	F	1	0	X	517508109
329147314	56180603	64	F	1	0	X	517663246
329765970	56185305	51	F	1	1	X	517508426
329765980	56184806	5	F	1	2	450058854	X
329765981	56184806	62	M	8	0	X	517507279
329765982	56184806	51	F	1	1	X	517507772
329765997	56185019	51	F	1	1	X	517507364
329825061	56179328	62	F	1	0	X	517508635
329993354	56180431	25	M	1	7	X	517507505
329993407	56180405	52	F	1	0	X	X
329993414	56180882	25	M	1	7	X	517507388
329993415	56180882	52	F	1	0	X	X
329993422	56180646	25	M	1	7	X	517507616
330048279	56184314	42	F	1	0	X	517508179
330048284	56179685	42	F	1	0	X	517662896
330048285	56184342	42	F	1	0	X	517508693
330112266	56184289	90	M	1	1	X	X
330112267	56184289	88	F	1	0	X	X
330127721	56182898	67	M	1	0	X	X
330127723	56184801	67	M	1	0	X	X
330127726	56178613	65	F	1	1	X	X
330127727	56178613	67	M	1	0	X	X
330168987	56180784	61	F	1	10	X	X
330168988	56180784	64	M	1	0	X	X
330168991	56181964	64	M	1	0	X	X
330168999	56181838	61	F	1	10	X	X
330169000	56181838	64	M	1	0	X	X
330169024	56181236	64	M	1	0	X	X
330190140	56184759	70	M	1	0	X	501428199
330190149	56185009	64	F	1	1	X	517508776
330190155	56182759	64	F	1	1	X	517507346
330461119	56184553	68	F	1	0	X	X
330778187	56185700	47	M	1	0	X	517508131
330778194	56180552	49	F	8	1	X	X
330778195	56180552	47	M	1	0	X	517507827
330778199	56182027	47	M	1	0	X	517507410
330778211	56177429	47	M	1	0	X	517508739
330778219	56177543	47	M	1	0	X	517662850
330778220	56176919	49	F	8	1	X	X
330778247	56181249	47	M	1	0	X	517663305
330778251	56179995	47	M	1	0	X	517507582
330778254	56181067	49	F	8	1	X	X
330778264	56182203	49	F	8	1	X	X
330778265	56182203	47	M	1	0	X	517508653
330990451	56178051	70	M	1	0	X	X
330990464	56180517	71	F	1	1	X	X
330990465	56180517	70	M	1	0	X	X
330990518	56185284	71	F	1	1	X	X
330990519	56185284	70	M	1	0	X	X
330990532	56180672	71	F	1	1	X	X
331096441	56179161	94	M	1	0	X	X
331231773	56183329	1	M	9	2	X	X
331231774	56183329	5	M	9	2	450096761	X
331231777	56183329	31	F	1	0	X	X
331231791	56180190	1	M	9	2	X	X
331231792	56180190	5	M	9	2	450096761	X
331231795	56180190	31	F	1	0	X	X
331245956	56183830	30	M	8	10	X	517505220
331245957	56183830	2	M	9	2	X	X
331245971	56184144	30	M	8	10	X	517507597
331245972	56184144	2	M	9	2	X	X
331245978	56184540	2	M	9	2	X	X
331286122	56181796	50	M	1	0	X	517507354
331286123	56181796	50	F	1	1	X	517508066
331286124	56181796	29	M	1	2	X	517507493
331286125	56181796	17	M	1	2	450096777	X
331286126	56179526	50	M	1	0	X	517508057
331286127	56179526	50	F	1	1	X	517508563
331286137	56181500	17	M	1	2	450096777	X
331286138	56181148	50	M	1	0	X	517507702
331286139	56181148	50	F	1	1	X	517507385
331286140	56181148	29	M	1	2	X	517507787
331286147	56185393	50	F	1	1	X	517507696
331286149	56185393	17	M	1	2	450096777	X
331299608	56181708	55	M	1	1	X	517508057
331399381	56177204	77	F	1	0	X	X
331399386	56183893	77	F	1	0	X	X
331598439	56179490	1	M	1	2	X	X
331598443	56179490	16	M	1	2	450096777	X
331598444	56179490	15	M	1	2	450096777	X
331598445	56179490	11	M	1	2	450096778	X
331598446	56179490	43	F	1	0	X	X
331598584	56181182	4	M	1	2	450094430	X
331598585	56181182	9	M	1	2	450091718	X
331598587	56181182	16	M	1	2	450096777	X
331598590	56181182	43	F	1	0	X	X
331598620	56179707	15	M	1	2	450096777	X
331598656	56181984	4	M	1	2	450094430	X
331598657	56181984	9	M	1	2	450091718	X
331598658	56181984	44	M	1	1	X	517662682
331598659	56181984	16	M	1	2	450096777	X
331598660	56181984	15	M	1	2	450096777	X
331598661	56181984	11	M	1	2	450096778	X
331598662	56181984	43	F	1	0	X	X
331598666	56183910	44	M	1	1	X	517662850
331598668	56183910	15	M	1	2	450096777	X
331598671	56184383	1	M	1	2	X	X
331598674	56184383	44	M	1	1	X	517508057
331598675	56184383	16	M	1	2	450096777	X
331598677	56184383	11	M	1	2	450096778	X
331598678	56184383	43	F	1	0	X	X
331598772	56180862	15	M	1	2	450096777	X
331703413	56184128	4	M	1	2	450058854	X
331703414	56184128	8	M	1	2	450096761	X
331703433	56177277	4	M	1	2	450058854	X
331703435	56177277	30	M	1	1	X	517508358
331703444	56176862	30	F	1	0	X	517662730
332050982	56185728	38	F	9	0	X	X
332050983	56185728	17	M	1	2	450096777	X
332050984	56185728	15	F	1	2	450096777	X
332270622	56185676	53	F	1	1	X	517507529
332270624	56182638	53	F	1	1	X	517507592
332270627	56182743	53	M	1	0	X	517507726
332270631	56184184	53	M	1	0	X	517507587
332274925	56180777	80	F	1	0	X	X
332317891	56185688	43	M	1	0	X	517508626
332317893	56185688	4	M	1	2	450058854	X
332317915	56178749	43	M	1	0	X	509157012
332317916	56178749	45	F	6	1	X	517663322
332317921	56183823	43	M	1	0	X	517508481
332317923	56183823	4	M	1	2	450058854	X
332317940	56185605	45	F	6	1	X	517508315
332317941	56185605	4	M	1	2	450058854	X
332317948	56185125	43	M	1	0	X	517508169
332722860	56178332	62	M	1	0	X	517508300
332722861	56178332	59	F	1	1	X	X
332722886	56178120	62	M	1	0	X	517662730
332722895	56183312	59	F	1	1	X	X
332722937	56177469	59	F	1	1	X	X
332722941	56185317	59	F	1	1	X	X
332931731	56179437	23	F	1	1	X	517508712
333051224	56185506	53	F	1	1	X	501426236
333051238	56182058	53	F	1	1	X	517508559
333051239	56182058	61	M	1	0	X	X
333074119	56180569	67	M	1	0	X	X
333183407	56185324	72	M	1	0	X	X
333183416	56178728	72	M	1	0	X	X
333357313	56177259	65	F	1	0	X	X
333685221	56184992	45	M	1	0	X	517508096
333685223	56184992	15	M	1	2	450096777	X
333685239	56177049	15	M	1	2	450096777	X
333685240	56177049	43	F	1	1	X	503066909
333685245	56182535	45	M	1	0	X	517508563
333685246	56182535	13	F	1	2	450096778	X
333685248	56182535	43	F	1	1	X	517508893
333685257	56182551	45	M	1	0	X	517662725
333685259	56182551	15	M	1	2	450096777	X
333685260	56182551	43	F	1	1	X	517508339
333685283	56179182	15	M	1	2	450096777	X
333685284	56179182	43	F	1	1	X	517508179
333685294	56180016	13	F	1	2	450096778	X
333685296	56180016	43	F	1	1	X	517508475
333685301	56179132	45	M	1	0	X	517662883
333685304	56179132	43	F	1	1	X	517508002
333746158	56185353	28	F	1	1	X	517507281
333820361	56185395	63	F	1	1	X	X
333848011	56179341	88	F	1	0	X	X
333872403	56183487	45	F	1	1	X	517507910
333872406	56179176	49	M	1	0	X	517507520
333872411	56184017	45	F	1	1	X	517508544
333880865	56177703	21	F	1	2	X	517662850
333880868	56177703	15	M	1	2	450096777	X
333880870	56177703	17	F	1	2	450096777	X
333880919	56176986	19	F	1	2	X	X
333880920	56176986	47	M	1	1	X	517508813
333880925	56176986	45	F	1	0	X	517508002
333880928	56177758	47	M	1	1	X	517663177
333880929	56177758	21	F	1	2	X	517508592
333880930	56177758	18	F	1	2	450096777	X
333880932	56177758	15	M	1	2	450096777	X
333880934	56177758	17	F	1	2	450096777	X
333881015	56183394	19	F	1	2	X	X
333881016	56183394	47	M	1	1	X	517505220
333881017	56183394	21	F	1	2	X	517508110
333881018	56183394	18	F	1	2	450096777	X
333881020	56183394	15	M	1	2	450096777	X
333881021	56183394	45	F	1	0	X	517508057
333881023	56183322	19	F	1	2	X	X
333881024	56183322	47	M	1	1	X	517507942
333881025	56183322	21	F	1	2	X	517507629
334078837	56182144	57	F	1	0	X	517508809
334247718	56182980	73	F	1	0	X	X
334247723	56179269	73	F	1	0	X	X
334484967	56184002	69	M	1	0	X	X
334484970	56184419	69	M	1	0	X	X
334719398	56183717	57	F	1	0	X	517507324
334719405	56179110	57	F	1	0	X	517508063
334719408	56181116	57	F	1	0	X	517663278
334719414	56176786	57	F	1	0	X	517508014
334870630	56180951	57	M	1	1	X	517508739
334870636	56176816	57	M	1	1	X	517508368
334870642	56182901	57	M	1	1	X	517508250
334870650	56178978	57	M	1	1	X	517508737
334870651	56178978	54	F	1	0	X	517508002
334870666	56185102	57	M	1	1	X	517508057
334870667	56185102	54	F	1	0	X	517507587
334870670	56180116	57	M	1	1	X	517507874
334870671	56180116	54	F	1	0	X	517508296
334921792	56179223	84	M	1	0	X	X
334921795	56184106	81	F	1	1	X	X
334921796	56184106	84	M	1	0	X	X
334921803	56177351	81	F	1	1	X	X
334921806	56177168	84	M	1	0	X	X
334921820	56177289	84	M	1	0	X	X
335135264	56176791	78	M	1	1	X	X
335138944	56180877	39	M	1	0	X	517507883
335138946	56180877	40	F	1	1	X	X
335138947	56180877	14	M	1	2	450096778	X
335138956	56177768	39	M	1	0	X	517507778
335138957	56177768	17	M	1	2	450096777	X
335138958	56177768	40	F	1	1	X	X
335138959	56177768	14	M	1	2	450096778	X
335138983	56185172	14	M	1	2	450096778	X
335138988	56181096	39	M	1	0	X	517508002
335138994	56180018	40	F	1	1	X	X
335260141	56178965	74	M	1	1	X	X
335260142	56178965	77	F	1	0	X	X
335260148	56179527	77	F	1	0	X	X
335260159	56182316	74	M	1	1	X	X
335260160	56182316	77	F	1	0	X	X
335260167	56179291	74	M	1	1	X	X
335260168	56179291	77	F	1	0	X	X
335260199	56185644	74	M	1	1	X	X
335260200	56185644	77	F	1	0	X	X
335276645	56184465	5	M	1	2	X	X
335276646	56184465	3	F	1	2	X	X
335276647	56184465	29	F	1	1	X	X
335276709	56180195	1	M	1	2	X	X
335276710	56180195	5	M	1	2	X	X
335276711	56180195	3	F	1	2	X	X
335276712	56180195	29	F	1	1	X	X
335313211	56184857	2	M	9	2	X	X
335313212	56184857	31	F	1	1	X	X
335313213	56184857	37	M	9	0	X	517507745
335321540	56180351	8	M	1	2	450091718	X
335357096	56185684	4	F	1	2	X	X
335357098	56185684	28	F	1	0	X	X
335661043	56178396	50	F	1	1	X	X
335661044	56178396	50	M	1	0	X	X
335819161	56179135	72	F	1	0	X	X
335819162	56179637	72	F	1	0	X	X
335860716	56180822	22	M	1	2	X	517507481
335860717	56180822	21	M	1	2	X	517508057
335860718	56180822	58	M	1	0	X	517663324
335860720	56184677	22	M	1	2	X	517508426
335860721	56184677	21	M	1	2	X	517507689
335860722	56184677	58	M	1	0	X	517508002
335860723	56184677	55	F	1	1	X	X
336052459	56184589	34	M	1	0	X	517508166
336052501	56177859	34	M	1	0	X	517662864
336052546	56178067	29	F	1	1	X	X
336052547	56178067	34	M	1	0	X	517508388
336052568	56177840	29	F	1	1	X	X
336088053	56182228	62	F	1	1	X	X
336088054	56182228	60	M	1	0	X	517508316
336390622	56184201	29	F	1	0	X	517508066
336390623	56184201	31	M	1	1	X	517507988
336390632	56183330	29	F	1	0	X	517507293
336392670	56182960	4	M	1	2	450058854	X
336392673	56182960	38	M	1	0	X	517507324
336392690	56177279	4	M	1	2	450058854	X
336392691	56177279	2	M	1	2	X	X
336392701	56182869	38	M	1	0	X	517508468
336392702	56180910	4	M	1	2	450066968	X
336392704	56180910	35	F	1	1	X	514185868
336392705	56180910	38	M	1	0	X	517662714
336634957	56183953	86	F	1	0	X	X
336634979	56177058	86	F	1	0	X	X
336812792	56179979	49	F	3	1	X	517662896
336812807	56180497	49	F	3	1	X	517508389
336812821	56176819	50	M	1	0	X	517662850
336925249	56178369	56	M	1	0	X	517507708
336925250	56178369	19	M	1	2	X	X
336925253	56182033	19	M	1	2	X	X
336925258	56178246	56	M	1	0	X	517508792
336979075	56179286	14	F	1	2	450096777	X
336979105	56182042	40	M	1	0	X	517507502
336979107	56182042	14	F	1	2	450096777	X
336994927	56179498	43	M	1	0	X	517508262
336994929	56180109	43	M	1	0	X	517508862
337048092	56182127	36	M	1	0	X	517507536
337048096	56183952	36	M	1	0	X	517508480
337048097	56183952	1	F	1	2	X	X
337048099	56183952	3	M	1	2	450094430	X
337048196	56184020	36	M	1	0	X	517507659
337048198	56184020	35	F	1	1	X	517507932
337587711	56178641	28	M	1	0	X	517508673
337587718	56178563	28	M	1	0	X	517507587
337587735	56176989	28	M	1	0	X	517509354
337587736	56183124	28	M	1	0	X	501427806
337587750	56177141	28	M	1	0	X	517508675
337587754	56177255	28	M	1	0	X	517508049
337634250	56184675	48	M	1	1	X	517508262
337634252	56184675	47	F	3	0	X	517507324
337892378	56178098	43	M	1	1	X	517508737
337896553	56181839	61	F	1	0	X	517507850
337896563	56182062	61	F	1	0	X	517507744
338165808	56178685	10	F	1	5	450091718	X
338165811	56178685	41	M	1	2	X	506980724
338165812	56178685	17	F	1	5	450096777	X
338165817	56180753	41	M	1	2	X	506980711
338165819	56180753	6	M	1	5	450094430	X
338165839	56180932	67	M	1	0	X	X
338165840	56180932	64	F	1	1	X	X
338165841	56180932	41	M	1	2	X	517508293
338165842	56180932	17	F	1	5	450096777	X
338165843	56180932	6	M	1	5	450094430	X
338165856	56178869	10	F	1	5	450096761	X
338165858	56178869	64	F	1	1	X	X
338165859	56178869	41	M	1	2	X	517508463
338165861	56178869	6	M	1	5	450094430	X
338237102	56183669	0	M	1	2	X	X
338237103	56183669	21	M	1	0	X	517508404
338272898	56184949	37	M	1	0	X	517509363
338272900	56182959	37	M	1	0	X	517507764
338272913	56184374	37	M	1	0	X	517508247
338272917	56180597	37	M	1	0	X	517508881
338272928	56185732	37	M	1	0	X	517507293
338272934	56179395	37	M	1	0	X	517508201
338272940	56180269	37	M	1	0	X	517663315
338272945	56179939	37	M	1	0	X	517663328
338272946	56178837	37	M	1	0	X	517508014
338297618	56185183	55	M	1	0	X	517508816
338540581	56183633	52	F	1	1	X	517507815
338540582	56183633	53	M	1	0	X	501428504
338540590	56181551	53	M	1	0	X	517507827
338540593	56177422	52	F	1	1	X	517508727
338540602	56176972	53	M	1	0	X	517509381
338540607	56180365	52	F	1	1	X	517508296
338540609	56177744	52	F	1	1	X	517662850
338944911	56177544	60	M	1	1	X	X
339361676	56180487	48	M	1	0	X	517508881
339361681	56180467	46	F	1	1	X	517507588
339361690	56181468	48	M	1	0	X	517507827
339724571	56181151	61	M	1	0	X	X
339724572	56181151	62	F	1	1	X	X
339724573	56182416	61	M	1	0	X	X
339724582	56185724	62	F	1	1	X	X
339846617	56181016	41	M	1	1	X	517508572
339846618	56181016	15	F	1	2	450096777	X
339846619	56181016	10	M	1	2	450091718	X
339846620	56181016	42	F	1	0	X	517507337
339846657	56178330	41	M	1	1	X	517508578
339846660	56178330	42	F	1	0	X	517508499
339846677	56184737	41	M	1	1	X	517508002
339846678	56184737	15	F	1	2	450096777	X
339846679	56184737	10	M	1	2	450091718	X
339846680	56184737	42	F	1	0	X	517508283
339846685	56184706	41	M	1	1	X	517508499
339846686	56184706	15	F	1	2	450096777	X
339846687	56184706	10	M	1	2	450091718	X
339846708	56180154	42	F	1	0	X	506881749
339846725	56179927	41	M	1	1	X	517507363
339846726	56179927	15	F	1	2	450096777	X
339846728	56179927	42	F	1	0	X	517663271
339976873	56184654	18	M	8	2	450058854	X
339976874	56184654	1	F	1	2	X	X
339976877	56184654	42	M	1	0	X	517507738
339976878	56184398	6	M	1	2	450096761	X
339976880	56184398	1	F	1	2	X	X
339976882	56184398	37	F	8	1	X	X
339976883	56184398	42	M	1	0	X	517508058
339976920	56182067	6	M	1	2	450091718	X
339976922	56182067	1	F	1	2	X	X
339976923	56182067	16	F	1	2	450058646	517507948
339976924	56182067	37	F	8	1	X	X
339976925	56182067	42	M	1	0	X	517663262
339976944	56177635	6	M	1	2	450096761	X
339976946	56177635	1	F	1	2	X	X
339976947	56177635	16	F	1	2	450063600	517662733
339976949	56177635	42	M	1	0	X	517662747
339976986	56181751	6	M	1	2	450096761	X
339976987	56181751	18	M	8	2	450058646	X
339976988	56181751	1	F	1	2	X	X
339976989	56181751	16	F	1	2	450058646	517662794
339977022	56182979	6	M	1	2	450091718	X
339977023	56182979	18	M	8	2	450058646	X
339977046	56185076	6	M	1	2	450091718	X
339977047	56185076	18	M	8	2	450058646	X
339977050	56185076	37	F	8	1	X	X
339977058	56181761	6	M	1	2	450096761	X
339977060	56181761	1	F	1	2	X	X
339977063	56181761	42	M	1	0	X	517507516
340116240	56181531	46	F	1	1	X	517508015
340116245	56180550	13	F	1	2	450096778	X
340116246	56180550	46	F	1	1	X	517508613
340116281	56182306	13	F	1	2	450096778	X
340116282	56182306	46	F	1	1	X	517508179
340334018	56184110	2	M	1	2	X	X
340334043	56180858	4	F	1	2	X	X
340334044	56180858	32	M	1	1	X	506877231
340334045	56180858	27	F	1	0	X	517508002
340334055	56181427	4	F	1	2	X	X
340334056	56181427	32	M	1	1	X	517663338
340334058	56181427	2	M	1	2	X	X
340421252	56182580	8	M	1	2	450091718	X
340421267	56177492	36	F	1	0	X	517663173
340490672	56179361	39	F	1	1	X	X
340490675	56179361	9	M	1	2	450096761	X
340490779	56181904	50	M	1	0	X	X
340571593	56183128	8	F	1	2	450091718	X
340571597	56183128	10	M	1	2	450091718	X
340571633	56185196	8	F	1	2	450091718	X
340571635	56185196	46	M	1	0	X	517507582
340571636	56185196	5	M	1	2	X	X
340571637	56185196	10	M	1	2	450091718	X
340571644	56182621	37	F	1	1	X	X
340571645	56182621	46	M	1	0	X	517508727
340571668	56183560	8	F	1	2	450096761	X
340571669	56183560	37	F	1	1	X	X
340657455	56182601	15	M	1	2	450096777	X
340657458	56182601	35	M	1	1	X	517508828
340657459	56182601	33	F	1	0	X	517508002
340947825	56180577	62	M	1	0	X	X
340947848	56178210	55	F	1	1	X	X
340947852	56180581	55	F	1	1	X	X
340947853	56180581	62	M	1	0	X	X
340994610	56182699	71	M	1	0	X	517507520
341002945	56182866	51	F	1	0	X	517507875
341002948	56181843	51	F	1	0	X	517663338
341002954	56179616	51	F	1	0	X	517508242
341002963	56179540	51	F	1	0	X	517508160
341002982	56181987	51	F	1	0	X	517507281
341272582	56184319	22	F	1	0	X	X
341272583	56184319	27	M	1	12	X	517507636
341367362	56185706	68	F	1	0	X	X
341368057	56178766	58	M	1	0	X	517507507
341368061	56180939	58	M	1	0	X	517508499
341645399	56179481	45	M	1	0	X	517507826
341645413	56182896	45	M	1	0	X	517508002
341645422	56184997	45	M	1	0	X	517507587
341645430	56178758	45	M	1	0	X	517508127
341645433	56183684	45	M	1	0	X	517508803
341645441	56183373	45	M	1	0	X	517662826
341645453	56179953	45	M	1	0	X	517663328
341645458	56179713	45	M	1	0	X	517508014
341645460	56177991	45	M	1	0	X	517662865
341645461	56180072	45	M	1	0	X	517662833
341645462	56179298	45	M	1	0	X	517508002
341645466	56179931	45	M	1	0	X	517508806
341645469	56177004	45	M	1	0	X	517508002
341645470	56184448	45	M	1	0	X	517507952
341645471	56177374	45	M	1	0	X	517508057
341645472	56184758	45	M	1	0	X	517508455
341645476	56183514	45	M	1	0	X	517508096
341645484	56184883	45	M	1	0	X	501428188
341716114	56181615	45	F	1	0	X	X
341716115	56181615	50	M	1	1	X	517662737
341716117	56179386	50	M	1	1	X	517508674
341716118	56180735	45	F	1	0	X	X
341716119	56180735	50	M	1	1	X	517507928
341716132	56183988	45	F	1	0	X	X
341716133	56183988	50	M	1	1	X	517663125
341928923	56182083	52	F	1	0	X	517507271
341952295	56184914	62	F	1	1	X	517508804
342183477	56177761	63	F	1	0	X	517508451
342183478	56177761	72	M	1	1	X	X
342420922	56184462	23	M	1	9	X	517508358
342420923	56184462	27	M	1	0	X	X
342466252	56177061	4	F	1	2	450066968	X
342466253	56177061	34	M	1	0	X	517662925
342466255	56177061	7	F	1	2	450097548	X
342466266	56184844	31	F	1	1	X	517507618
342525001	56182318	60	F	1	0	X	X
342525011	56183573	60	F	1	0	X	X
342525012	56183573	63	M	1	1	X	X
342525019	56177530	60	F	1	0	X	X
342525020	56177530	63	M	1	1	X	X
342587119	56183201	12	F	1	2	450096778	X
342587120	56183201	67	M	1	0	X	X
342587122	56180731	10	F	1	2	450096778	X
342587125	56182652	57	F	1	1	X	X
342587126	56182652	10	F	1	2	450096778	X
342690213	56176912	79	M	1	0	X	509158401
342716685	56180759	4	F	1	2	X	X
342716686	56180759	31	M	1	0	X	517508000
342716687	56180759	26	F	1	1	X	517507281
342716707	56180171	31	M	1	0	X	517508873
342716708	56180171	26	F	1	1	X	517507744
342854354	56180468	0	M	1	2	X	X
342854355	56180468	23	F	1	0	X	517662738
343072348	56178183	59	F	1	0	X	X
343072350	56177850	59	F	1	0	X	X
343072370	56181125	59	F	1	0	X	X
343072371	56181125	58	M	1	10	X	517507897
343072378	56181042	59	F	1	0	X	X
343072379	56181042	58	M	1	10	X	517507485
343338397	56182338	59	F	1	1	X	517507827
343338398	56182338	61	M	1	0	X	517508002
343338413	56179446	59	F	1	1	X	517508682
343338414	56179446	61	M	1	0	X	517508804
343338415	56179446	1	F	1	5	X	X
343338416	56182198	17	F	1	5	450096777	X
343338418	56182198	61	M	1	0	X	517663288
343338419	56182198	1	F	1	5	X	X
343385507	56181173	71	M	1	0	X	X
343385509	56177504	71	M	1	0	X	X
343385512	56185307	69	F	1	1	X	517508092
343385513	56185307	71	M	1	0	X	X
343385520	56185222	69	F	1	1	X	517508200
343466270	56181018	73	M	1	0	X	X
343466271	56179419	69	F	1	1	X	X
343466272	56179419	73	M	1	0	X	X
343466276	56178507	73	M	1	0	X	X
343466278	56181152	73	M	1	0	X	X
343466279	56185225	69	F	1	1	X	X
344209678	56180865	70	M	1	1	X	517508040
344209709	56179009	70	F	1	0	X	X
344209726	56177055	70	M	1	1	X	517508057
344209727	56177055	70	F	1	0	X	X
344209735	56184727	70	F	1	0	X	X
344325291	56185043	13	M	1	2	450096778	X
344325293	56185043	45	F	1	1	X	517508426
344325363	56181284	13	M	1	2	450096778	X
344325364	56181284	13	F	1	2	450096778	X
344418158	56184514	72	F	1	0	X	X
344665043	56178505	70	F	1	0	X	X
344966659	56185157	54	M	1	1	X	517508290
344966660	56185157	45	M	1	7	X	X
345113288	56177396	55	F	1	1	X	X
345113289	56177396	55	M	1	0	X	517663171
345113297	56185587	55	M	1	0	X	517508330
345113298	56183530	55	F	1	1	X	X
345113324	56180513	55	F	1	1	X	X
345113325	56180513	55	M	1	0	X	517508293
345113346	56177673	55	F	1	1	X	X
345113347	56177673	55	M	1	0	X	517507744
345113371	56177227	55	M	1	0	X	517507407
345113372	56177115	55	F	1	1	X	X
345193931	56180791	4	M	1	2	X	X
345193933	56180791	40	F	9	1	X	514195079
345193934	56180791	12	F	1	2	450096778	X
345193935	56182197	40	M	1	0	X	517508179
345193936	56182197	4	M	1	2	X	X
345193938	56182197	40	F	9	1	X	517662609
345193942	56184924	71	F	5	4	X	517507874
345193944	56184924	12	F	1	2	450096778	X
345193985	56185152	40	M	1	0	X	517507696
345193988	56185152	40	F	9	1	X	517508002
345193989	56185152	12	F	1	2	450096778	X
345303627	56182098	47	F	1	1	X	517507386
345303628	56182098	16	F	1	2	450096777	517508832
345303636	56181454	47	F	1	1	X	517663328
345558928	56183422	61	F	1	0	X	X
345558929	56183422	57	M	1	10	X	517508563
345558934	56180616	61	F	1	0	X	X
345558949	56180572	57	M	1	10	X	506881715
345741890	56178172	38	F	1	0	X	517508682
345741891	56178172	9	F	1	2	450096761	X
345741894	56178172	4	M	1	2	X	X
345741925	56184355	38	F	1	0	X	517508057
345741927	56184355	4	M	1	2	X	X
345741929	56184355	4	M	1	2	X	X
345741935	56182635	38	F	1	0	X	517508620
345741936	56182635	9	F	1	2	450091718	X
345741937	56182635	4	M	1	2	X	X
345741938	56182635	7	F	1	2	450091718	X
345741947	56178927	4	M	1	2	X	X
345741948	56178927	7	F	1	2	450096761	X
345741949	56178927	4	M	1	2	X	X
345780246	56182287	54	F	1	0	X	517508082
345780247	56177606	55	M	1	1	X	517509014
345780248	56177606	54	F	1	0	X	517508516
345780251	56179854	55	M	1	1	X	517507358
345780275	56179593	55	M	1	1	X	517507827
345983570	56177199	60	F	1	0	X	517663324
345983594	56184770	60	F	1	0	X	517508086
345983595	56184770	62	F	1	3	X	517662850
346047096	56184687	14	M	1	2	450096778	X
346047172	56183588	37	F	1	1	X	X
346047173	56183588	48	M	1	0	X	517508314
346047174	56183588	14	M	1	2	450096778	X
346563358	56180667	12	F	1	2	450096778	X
346563366	56180733	40	F	1	1	X	517663324
346563367	56180733	12	F	1	2	450096778	X
346767395	56180129	1	F	1	2	X	X
346767396	56180129	28	M	1	0	X	517507305
346767397	56180129	27	F	1	1	X	X
346767449	56181315	1	F	1	2	X	X
346767461	56183348	1	F	1	2	X	X
346767466	56178354	27	F	1	1	X	X
346767474	56180574	28	M	1	0	X	517507827
346767476	56183256	1	F	1	2	X	X
346767478	56183256	27	F	1	1	X	X
346767479	56177439	1	F	1	2	X	X
346767480	56177439	28	M	1	0	X	517662730
346767481	56177439	27	F	1	1	X	X
346767485	56178765	1	F	1	2	X	X
346767487	56178765	27	F	1	1	X	X
346767492	56185168	28	M	1	0	X	517508179
346767500	56177748	1	F	1	2	X	X
346767502	56177748	27	F	1	1	X	X
346767515	56178089	1	F	1	2	X	X
346767517	56178089	27	F	1	1	X	X
346767521	56178784	1	F	1	2	X	X
346767536	56184326	1	F	1	2	X	X
346767537	56184326	28	M	1	0	X	517507580
346767539	56178604	1	F	1	2	X	X
346767541	56178604	27	F	1	1	X	X
346771220	56178126	59	M	1	0	X	517663173
346771228	56185236	59	M	1	0	X	517508525
346771232	56185480	59	M	1	0	X	517507293
346837429	56179488	70	M	1	1	X	X
346864873	56177140	46	F	1	1	X	506980045
346864878	56181384	52	M	1	0	X	517507525
347001540	56184147	63	F	1	0	X	517508110
347001542	56182327	63	F	1	0	X	517508179
347001548	56184855	63	F	1	0	X	517508057
347191818	56177102	13	F	1	2	450058854	X
347191824	56184970	13	F	1	2	450058645	X
347191826	56184839	13	F	1	2	450058645	X
347191831	56185458	42	F	1	0	X	517508739
347191832	56185458	13	F	1	2	450058645	X
347191845	56181058	42	F	1	0	X	517508589
347191846	56181058	13	F	1	2	450067304	X
347191878	56184068	13	F	1	2	450058854	X
347271565	56179425	12	F	1	2	450096778	X
347271575	56182522	39	M	1	0	X	517508396
347271576	56182522	18	F	1	2	450096777	517508549
347271577	56182522	12	F	1	2	450096778	X
347271579	56182522	40	F	1	1	X	517663145
347369878	56185312	67	F	1	1	X	X
347369880	56185312	28	F	1	2	X	517508875
347462335	56180757	59	F	1	0	X	X
347523360	56179738	44	M	1	0	X	517508002
347523365	56184547	44	M	1	0	X	517508483
347523379	56183052	44	M	1	0	X	517508066
347523380	56183021	44	M	1	0	X	517507319
347523381	56183092	44	M	1	0	X	517508353
347523391	56182229	44	M	1	0	X	517508652
347523395	56179454	44	M	1	0	X	517662794
347523401	56180684	44	M	1	0	X	517507363
347523403	56182567	44	M	1	0	X	517508884
347523404	56179169	44	M	1	0	X	517508871
348017634	56184877	48	M	1	0	X	517508057
348017635	56185029	48	M	1	0	X	517508773
348017641	56184772	48	M	1	0	X	517508726
348020892	56180499	37	F	1	0	X	517507582
348020895	56181494	2	M	1	2	X	X
348020899	56183114	2	M	1	2	X	X
348020900	56183114	37	F	1	0	X	517507533
348020901	56183114	42	M	1	1	X	517508002
348020902	56183114	0	M	1	2	X	X
348020927	56182453	2	M	1	2	X	X
348020928	56182453	37	F	1	0	X	517509353
348020961	56182787	42	M	1	1	X	517508495
348020962	56182787	0	M	1	2	X	X
348020964	56177315	37	F	1	0	X	517662847
348020965	56177315	42	M	1	1	X	517507898
348020983	56184578	2	M	1	2	X	X
348020985	56184578	42	M	1	1	X	517662879
348020993	56180602	42	M	1	1	X	517507847
348020995	56181679	2	M	1	2	X	X
348020997	56181679	42	M	1	1	X	517508562
348510472	56184033	80	F	1	1	X	X
348510473	56184033	81	M	1	0	X	X
348809124	56183415	12	F	1	2	450096778	X
348809126	56183415	19	M	1	2	X	517507946
348809128	56183509	15	M	1	2	450096777	X
348809129	56183509	33	F	1	0	X	517507592
348809133	56183509	19	M	1	2	X	517508002
348809134	56183509	6	F	1	2	450096761	X
348809206	56176962	33	F	1	0	X	509156157
348809209	56176962	6	M	1	2	450096761	X
348809210	56176962	19	M	1	2	X	517508290
348809234	56179925	33	F	1	0	X	517508293
348809235	56179925	39	M	1	1	X	517663273
348809236	56179925	12	F	1	2	450096778	X
348809237	56179925	6	M	1	2	450096761	X
348809239	56179925	6	F	1	2	450096761	X
348809249	56180080	39	M	1	1	X	517508517
348809250	56180080	12	F	1	2	450096778	X
348809251	56180080	6	M	1	2	450096761	X
348809252	56180080	19	M	1	2	X	517507587
348809253	56180080	6	F	1	2	450096761	X
348809275	56183586	15	M	1	2	450096777	X
348809277	56183586	39	M	1	1	X	517508067
348809279	56183586	6	M	1	2	450096761	X
348809280	56183586	19	M	1	2	X	517508727
348818186	56183620	60	M	1	0	X	517508262
348818191	56183810	27	F	1	2	X	X
348818192	56183810	60	M	1	0	X	517662850
348818203	56178669	27	F	1	2	X	X
348818211	56177088	27	F	1	2	X	X
348818212	56177088	60	M	1	0	X	517662850
349020320	56177555	28	M	1	0	X	517662850
349020321	56177555	5	F	1	2	X	X
349020336	56184704	28	M	1	0	X	517507732
349020339	56184704	27	F	1	1	X	X
349020352	56182538	28	M	1	0	X	517507497
349020353	56182538	5	F	1	2	X	X
349020354	56182538	0	F	1	2	X	X
349020356	56181163	28	M	1	0	X	517508109
349020359	56181163	27	F	1	1	X	X
349020361	56185270	5	F	1	2	X	X
349020362	56185270	0	F	1	2	X	X
349020363	56185270	27	F	1	1	X	X
349294449	56178405	73	F	1	0	X	X
349294450	56178405	34	F	1	2	X	X
349294455	56178808	73	F	1	0	X	X
349294456	56178808	34	F	1	2	X	X
349294457	56178808	50	F	1	2	X	X
349324131	56181795	49	M	1	0	X	X
349517097	56178336	30	M	1	0	X	X
349517098	56182796	30	M	1	0	X	X
349517105	56180354	30	M	1	0	X	X
349517107	56177503	30	M	1	0	X	X
349517123	56179435	30	M	1	0	X	X
349517129	56178404	30	M	1	0	X	X
349517132	56183610	30	M	1	0	X	X
349517137	56181444	30	M	1	0	X	X
349517139	56179940	30	M	1	0	X	X
349587325	56182309	61	M	1	0	X	517508510
349587333	56178502	61	M	1	0	X	517662850
349626693	56182801	65	M	1	0	X	X
349705459	56179391	72	F	1	0	X	X
349705460	56179414	72	F	1	0	X	X
350157560	56182672	49	M	1	0	X	517508057
350157568	56179217	49	M	1	0	X	517507613
350157602	56180064	49	M	1	0	X	517508353
350180380	56180396	62	F	1	1	X	517663252
350180399	56177254	52	M	1	0	X	X
350180400	56177254	62	F	1	1	X	517508470
350218405	56184566	77	F	1	0	X	X
350274887	56182263	54	M	1	0	X	517508426
350274889	56177110	54	M	1	0	X	506979992
350274897	56181979	54	M	1	0	X	517508002
350274903	56180035	54	M	1	0	X	517508014
350274904	56180035	54	F	1	1	X	517508179
350398227	56179402	10	M	1	2	450096778	X
350398228	56179402	33	F	1	1	X	517508181
350398230	56179402	34	M	1	0	X	X
350398233	56179402	6	M	1	2	450096761	X
350398234	56179402	8	M	1	2	450096761	X
350681525	56182854	8	M	1	2	450091718	X
350681526	56182854	6	F	1	2	450091718	X
350681527	56182854	37	F	1	0	X	517507324
350681528	56182854	39	M	1	1	X	517507488
350681529	56182854	10	F	1	2	450096778	X
350681585	56185497	8	M	1	2	450091718	X
350681587	56185497	37	F	1	0	X	517508387
350681588	56185497	39	M	1	1	X	517508345
350681589	56185497	10	F	1	2	450096778	X
350701810	56178076	44	M	1	0	X	517663117
350701812	56178076	8	F	1	2	450091718	X
350701813	56178076	4	M	1	2	450058854	X
350714210	56184847	65	F	1	1	X	X
350714211	56184847	35	M	1	2	X	501428517
350714212	56184847	25	M	1	5	X	X
350714216	56185292	25	M	1	5	X	X
350714221	56179116	65	M	1	0	X	517508589
350714225	56181080	65	M	1	0	X	517507827
350714226	56181080	65	F	1	1	X	X
350714227	56181080	35	M	1	2	X	517662836
350714228	56181080	25	M	1	5	X	X
350714237	56178312	65	M	1	0	X	517662741
350714238	56178312	65	F	1	1	X	X
350896429	56180335	25	M	1	0	X	517663173
350896434	56181760	25	M	1	0	X	517507320
350896436	56177070	25	M	1	0	X	517662705
350922173	56177187	63	M	1	0	X	517662923
350922184	56183604	59	F	1	1	X	X
350922187	56178314	63	M	1	0	X	517662741
350922197	56178708	63	M	1	0	X	503068847
351102604	56181361	1	M	1	2	X	X
351102606	56181361	25	F	1	0	X	X
351172058	56179644	38	M	1	0	X	517508358
351172059	56179644	39	F	1	1	X	X
351484607	56178402	20	M	1	1	X	517663169
351484631	56183149	20	M	1	1	X	517663178
351484632	56183149	3	F	1	2	X	X
351484709	56182813	20	M	1	1	X	501427903
351484710	56182813	3	F	1	2	X	X
351484727	56182990	20	M	1	1	X	517663338
351484728	56182990	3	F	1	2	X	X
351484729	56182990	18	F	1	0	X	X
351484743	56182549	3	F	1	2	X	X
351596457	56177984	63	M	1	0	X	X
351596461	56184928	63	M	1	0	X	X
351596469	56185585	63	M	1	0	X	X
351596474	56178271	63	M	1	0	X	X
351723356	56183618	64	F	1	1	X	X
351723357	56183618	62	M	1	0	X	517507939
351723388	56180950	64	F	1	1	X	X
351723404	56183113	64	F	1	1	X	X
351723405	56183113	62	M	1	0	X	517507324
351747456	56183254	63	F	1	0	X	517508109
351747459	56182226	66	M	1	1	X	517507259
351747498	56183970	63	F	1	0	X	517507325
351747518	56179673	63	F	1	0	X	517508842
351747520	56182382	63	F	1	0	X	517507914
351764187	56177179	34	F	1	1	X	517507402
351764189	56177179	9	F	1	2	450096761	X
351764190	56177179	11	F	1	2	450096778	X
351764191	56177179	6	F	1	2	450096761	X
351803568	56177496	34	M	1	0	X	517508256
351803583	56176900	6	M	1	2	450096761	X
351803584	56176900	13	M	1	2	450088673	X
351803585	56176900	35	F	1	1	X	517663177
352351701	56181497	69	F	1	12	X	X
352351703	56181497	44	M	1	12	X	X
352351727	56185526	44	M	1	12	X	X
352541402	56179308	8	F	1	2	450096761	X
352541403	56181597	46	M	1	0	X	517507734
352541404	56181597	42	F	1	1	X	X
352541405	56181597	12	M	1	2	450088673	X
352541406	56181597	8	F	1	2	450096761	X
352541407	56183776	46	M	1	0	X	517662923
352541408	56183776	42	F	1	1	X	X
352676009	56177144	50	M	1	0	X	517662896
352763097	56179311	30	M	1	1	X	517508618
352763112	56181797	26	F	1	0	X	X
352763113	56181797	30	M	1	1	X	517508242
352763115	56181797	0	M	1	2	X	X
352763124	56185681	26	F	1	0	X	X
352763125	56185681	30	M	1	1	X	517507655
352763127	56185681	0	M	1	2	X	X
352777267	56183176	18	F	1	2	450096777	517508052
352777268	56183176	49	F	1	0	X	517508002
352784440	56179484	41	M	1	1	X	517508563
352784444	56176813	41	M	1	1	X	517508737
352784459	56184132	41	F	1	0	X	517509354
352784460	56184132	41	M	1	1	X	517508499
352784466	56179493	41	M	1	1	X	517507808
352784486	56181719	41	M	1	1	X	517662730
352784495	56179988	41	F	1	0	X	517507872
352784496	56179988	41	M	1	1	X	517508781
352784501	56180267	41	F	1	0	X	517508623
352784502	56180267	41	M	1	1	X	517508092
352784507	56178835	41	F	1	0	X	517508059
352784508	56178835	41	M	1	1	X	517663283
352784512	56179808	41	M	1	1	X	517663273
352784526	56179715	41	M	1	1	X	517662919
352784529	56181603	41	F	1	0	X	517507276
352830931	56178003	35	M	9	1	X	517662850
352830935	56178003	10	F	1	2	450088673	X
352830985	56179180	35	M	9	1	X	517508451
352830986	56179180	15	F	9	2	450096777	X
352830989	56179180	10	F	1	2	450096778	X
352831012	56178475	5	F	1	2	450096761	X
352831026	56178435	12	F	1	2	450091718	X
352831030	56178435	5	F	1	2	450096761	X
352831090	56177146	5	F	1	2	450096761	X
352831091	56177146	10	F	1	2	450096778	X
353572011	56184049	43	M	1	0	X	517507544
353572013	56184049	3	F	1	2	X	X
353572018	56181341	40	F	1	1	X	517663263
353572055	56179762	3	F	1	2	X	X
353572071	56182600	43	M	1	0	X	517508278
353572073	56182600	3	F	1	2	X	X
353572077	56180873	43	M	1	0	X	517508179
353572078	56180873	40	F	1	1	X	517663303
353572079	56180873	3	F	1	2	X	X
353572090	56184124	40	F	1	1	X	517663327
353572107	56177825	43	M	1	0	X	517508426
353572109	56177825	3	F	1	2	X	X
353572110	56180222	43	M	1	0	X	517508179
353572112	56180222	3	F	1	2	X	X
353731358	56181587	50	M	1	0	X	506979986
353731371	56176844	49	F	1	1	X	517662850
353731388	56176806	50	M	1	0	X	517662752
353731389	56176806	49	F	1	1	X	517663133
353796343	56178013	26	M	1	0	X	517508499
353796344	56178013	33	M	1	12	X	506979654
353890460	56184459	31	F	1	1	X	X
353890461	56184459	5	F	1	2	X	X
353890462	56184459	7	F	1	2	450058854	X
353890562	56179684	31	F	1	1	X	X
353890563	56179684	5	F	1	2	X	X
353890564	56179684	7	F	1	2	450058854	X
353890566	56179684	3	F	1	2	X	X
353890634	56178527	31	F	1	1	X	X
353890635	56178527	5	F	1	2	X	X
353890639	56178527	30	M	1	0	X	517663097
353890700	56179378	31	F	1	1	X	X
353890701	56179378	5	F	1	2	X	X
353890703	56179378	1	M	1	2	X	X
353890704	56179378	3	F	1	2	X	X
354137044	56181995	23	F	1	2	X	X
354137046	56181995	53	F	1	1	X	517663095
354137065	56181720	23	F	1	2	X	X
354137066	56181720	57	M	1	0	X	517508387
354137067	56181720	53	F	1	1	X	517663244
354137091	56185485	53	F	1	1	X	517508832
354137092	56180441	23	F	1	2	X	X
354152791	56180653	59	F	1	0	X	517508765
354152802	56181176	59	M	1	1	X	517507407
354152804	56183537	59	M	1	1	X	517508109
354152805	56183537	59	F	1	0	X	517508145
354152810	56180891	59	M	1	1	X	517507324
354386785	56178552	62	F	1	1	X	517662850
354386786	56178552	62	M	1	0	X	X
354386787	56185386	62	F	1	1	X	517508739
354386788	56185386	62	M	1	0	X	X
354386808	56180612	62	M	1	0	X	X
354575141	56180942	59	F	1	1	X	X
354575142	56180942	60	M	1	0	X	X
354575143	56184754	59	F	1	1	X	X
354575144	56184754	60	M	1	0	X	X
354626365	56177634	68	F	1	1	X	X
354626366	56177634	81	M	1	0	X	517663117
354626371	56178723	68	F	1	1	X	X
354626376	56177156	81	M	1	0	X	506980249
354734324	56180299	55	F	1	0	X	X
354962541	56182588	71	F	1	0	X	X
354962545	56183226	71	F	1	0	X	X
354962553	56180903	71	F	1	0	X	X
354962578	56180782	71	F	1	0	X	X
355188019	56176935	65	M	1	0	X	517508563
355188020	56176935	59	F	1	1	X	517508058
355188027	56177603	65	M	1	0	X	517509360
355351852	56183595	48	F	1	0	X	X
355351853	56183595	52	M	1	1	X	517508888
355351856	56181785	48	F	1	0	X	X
355351872	56183352	48	F	1	0	X	X
355351881	56182372	52	M	1	1	X	517508093
355356653	56184854	42	F	1	0	X	517507324
355356658	56182275	15	M	1	2	450096777	X
355356660	56181914	44	M	1	1	X	517508056
355356662	56181914	42	F	1	0	X	517508002
355356669	56183091	44	M	1	1	X	517662725
355356671	56183091	42	F	1	0	X	517662850
355356678	56183238	44	M	1	1	X	517508047
355356688	56184156	15	M	1	2	450096777	X
355356689	56184156	42	F	1	0	X	517508458
355356705	56183202	44	M	1	1	X	517508215
355356706	56183202	15	M	1	2	450096777	X
355356707	56183202	42	F	1	0	X	517508520
355649855	56177198	54	M	1	0	X	517662850
355649866	56179767	52	F	1	10	X	517507281
355649871	56183817	54	M	1	0	X	517508057
355649872	56183817	52	F	1	10	X	517508379
355696690	56185606	55	F	1	1	X	X
355696706	56180634	55	F	1	1	X	X
356011548	56179067	60	M	1	0	X	517508589
356214549	56178302	19	F	1	5	X	X
356214554	56182356	29	M	1	9	X	X
356214556	56182356	62	F	1	0	X	X
356295457	56183714	46	F	1	1	X	517508193
356295495	56180243	50	M	1	0	X	517663338
356295528	56182157	50	M	1	0	X	517507702
356295561	56182774	50	M	1	0	X	517662923
356295563	56183133	12	M	1	2	450091718	X
356295564	56183133	50	M	1	0	X	517508498
356295567	56177575	50	M	1	0	X	517662730
356295619	56181671	46	F	1	1	X	517507827
356461304	56180062	50	M	1	9	X	517663282
356461305	56180062	27	M	1	0	X	517508724
356461320	56184151	50	M	1	9	X	517508109
356461321	56184151	27	M	1	0	X	517508057
356461342	56179450	50	M	1	9	X	517508780
356461346	56180049	50	M	1	9	X	517663278
356461352	56177557	50	M	1	9	X	517662701
356461353	56177557	27	M	1	0	X	517662838
356461356	56178413	50	M	1	9	X	517507293
356461364	56180239	50	M	1	9	X	517507625
356461387	56180007	27	M	1	0	X	517508470
356461390	56181714	50	M	1	9	X	517663328
356461391	56181714	27	M	1	0	X	517507495
356461434	56178135	50	M	1	9	X	517662741
356461456	56181723	50	M	1	9	X	517507917
356461457	56181723	27	M	1	0	X	517663249
356461461	56184022	27	M	1	0	X	517507270
356695992	56178373	78	M	1	1	X	517507281
356879511	56178774	65	M	1	0	X	X
356879515	56177588	65	M	1	0	X	X
357376641	56183535	4	M	1	2	X	X
357578169	56183703	0	F	1	2	X	X
357578175	56182663	0	F	1	2	X	X
357578176	56182663	22	F	1	1	X	517508516
357578177	56182663	22	M	1	0	X	501427784
357578203	56182515	22	F	1	1	X	517508478
357578204	56182515	22	M	1	0	X	517508415
357578205	56178730	0	F	1	2	X	X
357578206	56178730	22	F	1	1	X	517508049
357578207	56178730	22	M	1	0	X	517663177
357578212	56184027	22	F	1	1	X	517507322
357578245	56184286	22	F	1	1	X	517508470
357578246	56184286	22	M	1	0	X	517508871
357578253	56183286	0	F	1	2	X	X
357578254	56183286	22	F	1	1	X	517508871
357578283	56183400	0	F	1	2	X	X
357578285	56183400	22	M	1	0	X	517662741
357578295	56185420	0	F	1	2	X	X
357578297	56185420	22	M	1	0	X	517507930
357578312	56185396	22	M	1	0	X	517507827
357578340	56183383	0	F	1	2	X	X
357578341	56183383	22	F	1	1	X	517508092
357578355	56183932	0	F	1	2	X	X
357578356	56183932	22	F	1	1	X	517508128
357578357	56183932	22	M	1	0	X	517507529
357578376	56183622	0	F	1	2	X	X
357578377	56183622	22	F	1	1	X	517508097
357578378	56183622	22	M	1	0	X	517508567
357578446	56184221	22	F	1	1	X	517508727
357578472	56183335	0	F	1	2	X	X
357578473	56183335	22	F	1	1	X	517508096
357578478	56183771	0	F	1	2	X	X
357578479	56183771	22	F	1	1	X	517508296
357578480	56183771	22	M	1	0	X	517508147
357578490	56183649	0	F	1	2	X	X
357578491	56183649	22	F	1	1	X	517508372
357578492	56183649	22	M	1	0	X	517505223
357578501	56178010	22	M	1	0	X	517663176
357578553	56178106	0	F	1	2	X	X
357578555	56178106	22	M	1	0	X	517508451
357578593	56184730	22	F	1	1	X	517507827
357578598	56183696	0	F	1	2	X	X
357965271	56183879	1	M	1	2	X	X
357965273	56183879	34	F	1	1	X	X
357965274	56183879	32	M	1	0	X	517508380
358112810	56183115	18	M	1	2	450096777	X
358112811	56183115	39	M	1	0	X	517663327
358112812	56183115	44	F	1	1	X	517508404
358112824	56185597	44	F	1	1	X	517507935
358209323	56177239	68	F	1	1	X	X
358209332	56184466	69	M	1	0	X	X
358209333	56184466	68	F	1	1	X	X
358209359	56178418	68	F	1	1	X	X
358227560	56181214	76	F	1	0	X	514195428
358227561	56181214	79	M	1	1	X	517508097
358412118	56183080	15	M	1	2	450096777	X
358412120	56183080	20	F	1	2	X	X
358412141	56177637	47	F	1	1	X	517662923
358412144	56177637	20	F	1	2	X	X
358412193	56180861	47	F	1	1	X	517507481
358412195	56180861	47	M	1	0	X	517507850
358629050	56185378	78	F	1	0	X	X
358676572	56179333	62	M	1	0	X	X
358676586	56181178	62	M	1	0	X	X
358676611	56178911	55	F	1	1	X	X
359289488	56185477	40	F	1	0	X	517508041
359289489	56185477	15	F	1	2	450096777	X
359289510	56184734	15	F	1	2	450096777	X
359289581	56184476	40	F	1	0	X	517508107
359289590	56184810	40	F	1	0	X	517508624
359289591	56184810	15	F	1	2	450096777	X
359289607	56183147	32	M	1	10	X	517508803
359289608	56183147	40	F	1	0	X	517508636
359289625	56185385	32	M	1	10	X	517508721
359289626	56185385	40	F	1	0	X	517508086
359289640	56178509	32	M	1	10	X	517662850
359289641	56178509	40	F	1	0	X	517663273
359289642	56178509	15	F	1	2	450096777	X
359289646	56185234	32	M	1	10	X	517508374
359289648	56185234	15	F	1	2	450096777	X
359289655	56180377	32	M	1	10	X	517663095
359289657	56180377	15	F	1	2	450096777	X
359289680	56181029	40	F	1	0	X	517508161
359455709	56179029	46	F	1	0	X	517508235
359455719	56181239	46	F	1	0	X	517662879
359455735	56180820	46	F	1	0	X	517662896
359455736	56180820	53	M	1	1	X	517662850
359455737	56177147	46	F	1	0	X	517507592
359455738	56177147	53	M	1	1	X	517662850
359481837	56183456	10	F	1	2	450096778	X
359481839	56183456	14	M	1	2	450096778	X
359481860	56182007	14	M	1	2	450096778	X
359731938	56183958	40	M	1	1	X	517507293
359731939	56183958	38	F	1	0	X	X
359731941	56183958	13	M	1	2	450096778	X
359731991	56180107	38	F	1	0	X	X
359731993	56180107	13	M	1	2	450091718	X
359732000	56181967	19	M	1	2	X	517662923
359732026	56179866	40	M	1	1	X	517508179
359732028	56179866	19	M	1	2	X	517507619
359732035	56183096	38	F	1	0	X	X
359732122	56178389	40	M	1	1	X	517662922
359732123	56178389	38	F	1	0	X	X
359732134	56183962	40	M	1	1	X	517508148
359732135	56183962	38	F	1	0	X	X
359732136	56183962	19	M	1	2	X	517508014
359732137	56183962	13	M	1	2	450096778	X
359844389	56181835	61	M	1	1	X	517508086
359926868	56183417	50	M	1	0	X	517508875
359926871	56179571	50	M	1	0	X	517507632
359926872	56179571	18	F	1	2	X	517508842
359926883	56182159	50	M	1	0	X	506979785
359926884	56182159	18	F	1	2	X	517663338
359926887	56183464	18	F	1	2	X	517508145
359926902	56176945	18	F	1	2	X	517508404
359926909	56179302	45	F	1	1	X	517508002
359926912	56184626	45	F	1	1	X	517507603
359926913	56184626	50	M	1	0	X	517508366
359984050	56177094	60	F	1	1	X	517507497
359984059	56179735	59	M	1	0	X	517508409
359984085	56183405	59	M	1	0	X	517507596
360046910	56182542	8	F	1	2	450091718	X
360046911	56182542	10	M	1	2	450091718	X
360046912	56182542	49	M	1	1	X	517505515
360046918	56184640	8	F	1	2	450091718	X
360046919	56184640	10	M	1	2	450091718	X
360046920	56184640	49	M	1	1	X	517507281
360046950	56183982	8	F	1	2	450091718	X
360046951	56183982	10	M	1	2	450091718	X
360046957	56182919	42	F	1	0	X	517507587
360046958	56182919	8	F	1	2	450091718	X
360046970	56179050	8	F	1	2	450096761	X
360046972	56179050	49	M	1	1	X	517508194
360046998	56177234	8	F	1	2	450091718	X
360063051	56182827	18	F	1	0	X	517507636
360088597	56178912	63	M	1	0	X	X
360088598	56181934	63	M	1	0	X	X
360088607	56183831	63	M	1	0	X	X
360088609	56178997	63	M	1	0	X	X
360100374	56182281	10	F	1	2	450091718	X
360112009	56181089	54	F	1	0	X	X
360112010	56181089	26	M	1	2	X	517508092
360112021	56179379	54	F	1	0	X	X
360112022	56179379	26	M	1	2	X	517508002
360218609	56183947	81	F	1	0	X	X
360218610	56183947	85	M	1	1	X	X
360390621	56182899	73	F	1	0	X	X
360390630	56177912	73	F	1	0	X	X
360390637	56183102	73	F	1	0	X	X
360436695	56178075	61	F	1	1	X	517662903
360436697	56178075	8	M	1	2	450096761	X
360436774	56181924	63	M	1	0	X	517507363
360436795	56178948	61	F	1	1	X	517508002
360436797	56178948	8	M	1	2	450096761	X
360436798	56178948	63	M	1	0	X	517508379
360436799	56182020	61	F	1	1	X	517508672
360436800	56182020	7	F	1	2	450091718	X
360436802	56182020	63	M	1	0	X	517507355
360436839	56181823	61	F	1	1	X	517662892
360436840	56181823	7	F	1	2	450091718	X
360436842	56181823	63	M	1	0	X	517508322
360436843	56179581	61	F	1	1	X	517508773
360436864	56184714	7	F	1	2	450091718	X
360436865	56184714	8	M	1	2	450091718	X
360692540	56178224	0	M	1	2	X	X
360692543	56176811	0	M	1	2	X	X
360692544	56176811	32	M	1	1	X	517508656
360692587	56180155	26	F	1	0	X	517509005
360692588	56180155	0	M	1	2	X	X
360692596	56183759	26	F	1	0	X	517507739
360692598	56183759	32	M	1	1	X	517508166
360692602	56178366	26	F	1	0	X	517507587
360692603	56178366	0	M	1	2	X	X
360692614	56178403	26	F	1	0	X	509157656
360692636	56178381	0	M	1	2	X	X
360692638	56179120	26	F	1	0	X	517507933
360692639	56179120	0	M	1	2	X	X
360692640	56179120	32	M	1	1	X	517507726
360822695	56182564	55	M	1	1	X	517508559
360822707	56182400	55	M	1	1	X	517508451
360822708	56182400	53	F	1	0	X	517508014
360905159	56181342	56	F	1	1	X	517507582
360905163	56180403	56	F	1	1	X	517507269
360905177	56177014	56	F	1	1	X	517663180
360905191	56177240	56	F	1	1	X	517662850
360905201	56177466	56	F	1	1	X	517508057
361358997	56182826	48	M	1	0	X	X
361359038	56178196	16	F	1	2	450096777	X
361359064	56182867	16	F	1	2	450096777	X
361359070	56182847	16	F	1	2	450096777	X
361359071	56182847	48	M	1	0	X	X
361359092	56178446	16	F	1	2	450096777	X
361359101	56182878	48	M	1	0	X	X
361407574	56178644	64	M	1	0	X	517507696
361407577	56181406	67	F	1	1	X	517662850
361485223	56181503	61	M	1	0	X	X
361485224	56181503	56	F	1	1	X	517508179
361571072	56177817	24	M	1	0	X	517662730
361571083	56177964	29	M	1	10	X	X
361941522	56180925	33	F	1	0	X	517662831
361941559	56180136	33	M	1	10	X	517508710
361941574	56179619	33	F	1	0	X	517508597
361941584	56180246	33	F	1	0	X	517507789
361941611	56183650	33	M	1	10	X	517507699
361941615	56180188	33	M	1	10	X	517508057
361941616	56176825	33	F	1	0	X	510061550
361941617	56176825	33	M	1	10	X	517507942
361941626	56177189	33	F	1	0	X	517662850
361941633	56177296	33	M	1	10	X	517508253
361941638	56180090	33	F	1	0	X	517508179
361941639	56180090	33	M	1	10	X	517507558
361970100	56180840	37	M	1	1	X	517508589
361970110	56179800	37	M	1	1	X	517507355
362038734	56183465	25	M	1	0	X	517508097
362038742	56179443	25	M	1	0	X	517508757
362051432	56177044	67	F	1	0	X	517662923
362051473	56182617	61	F	1	3	X	517508889
362051482	56177917	67	F	1	0	X	517662850
362051492	56181577	67	F	1	0	X	517508451
362051493	56181577	61	F	1	3	X	517662919
362139980	56182860	71	F	1	0	X	X
362139981	56182860	77	M	1	1	X	X
362140001	56180305	77	M	1	1	X	X
362140046	56177879	71	F	1	0	X	X
362140047	56177879	77	M	1	1	X	X
362140060	56180814	71	F	1	0	X	X
362140061	56180814	77	M	1	1	X	X
362140071	56180494	77	M	1	1	X	X
362140078	56182691	71	F	1	0	X	X
362199859	56184532	44	M	1	0	X	517507751
362207943	56184246	15	M	8	2	450096777	X
362207946	56184518	41	F	8	1	X	X
362207947	56184518	15	M	8	2	450096777	X
362207948	56184518	39	M	8	0	X	517507836
362207965	56184438	5	F	8	2	450097548	X
362207966	56184438	41	F	8	1	X	X
362207968	56184438	39	M	8	0	X	517508116
362207997	56184574	5	F	8	2	450097548	X
362208094	56184230	41	F	8	1	X	X
362208095	56184230	15	M	8	2	450096777	X
362208096	56184230	39	M	8	0	X	517508495
362208150	56184393	41	F	8	1	X	X
362208151	56184393	15	M	8	2	450096777	X
362839533	56178883	77	F	1	0	X	X
362918392	56180823	36	F	1	1	X	X
362918404	56183928	6	M	1	2	450088673	X
362918405	56183928	3	M	1	2	X	X
362918406	56183928	4	M	1	2	X	X
362918407	56183928	36	F	1	1	X	X
362918484	56180404	6	M	1	2	450088673	X
362918486	56180404	4	M	1	2	X	X
362918488	56180404	36	M	1	0	X	517663308
362988898	56181731	44	F	1	10	X	517508434
363119268	56180083	54	M	1	0	X	517508726
363346406	56179424	65	M	1	0	X	517663112
363346407	56179424	62	F	1	1	X	X
363346408	56182911	65	M	1	0	X	517506621
363410555	56183744	23	F	1	0	X	517663315
363410558	56185304	25	M	1	1	X	517507345
363561794	56183899	49	F	1	1	X	517507792
363561799	56182320	50	M	1	0	X	517508792
363617079	56185536	73	F	1	0	X	X
363617093	56180776	73	F	1	0	X	X
363617113	56177452	73	F	1	0	X	X
363617115	56179793	73	F	1	0	X	X
363688948	56180699	76	F	1	0	X	X
363713727	56185055	47	M	1	0	X	X
363713728	56185055	22	M	1	2	X	517508442
363713746	56181598	18	M	1	2	450096777	X
363764205	56184118	12	M	1	5	450096778	X
363764215	56178798	62	M	1	1	X	X
363764216	56178798	63	F	1	0	X	X
363764217	56178798	12	M	1	5	450096778	X
363764265	56182981	12	M	1	5	450091718	X
364079548	56183034	26	F	1	0	X	517508379
364320492	56177940	57	M	1	0	X	517508520
364320493	56177940	57	F	9	1	X	X
364320507	56177926	57	F	9	1	X	X
364320509	56180845	57	F	9	1	X	X
364320547	56184966	57	F	9	1	X	X
364320568	56178212	57	M	1	0	X	517662745
364361775	56177323	53	M	1	0	X	517507733
364478094	56179038	80	M	1	0	X	X
364478102	56180539	80	M	1	0	X	X
364478103	56180539	78	F	1	1	X	X
364478115	56179128	78	F	1	1	X	X
364478143	56176768	78	F	1	1	X	X
364478151	56183898	78	F	1	1	X	X
364478160	56178828	80	M	1	0	X	X
364478161	56178828	78	F	1	1	X	X
364478193	56180362	78	F	1	1	X	X
364478230	56184100	80	M	1	0	X	X
364478231	56184100	78	F	1	1	X	X
365080097	56181011	59	F	1	0	X	517508049
365080102	56182264	59	F	1	0	X	517507367
365080106	56180697	59	F	1	0	X	506880363
365141552	56176984	65	F	1	1	X	517662730
365141561	56182001	56	M	1	0	X	517507517
365141562	56182001	65	F	1	1	X	517508346
365419406	56181343	50	M	1	0	X	517662807
365419407	56181343	47	F	1	1	X	X
365419425	56183730	0	M	1	2	X	X
365419426	56183730	5	M	1	2	450058854	X
365419428	56183730	47	F	1	1	X	X
365419429	56183730	10	F	1	2	450058854	X
365692250	56179881	61	M	1	1	X	517508618
365974651	56178854	54	F	1	0	X	517508002
365974652	56178854	58	F	1	3	X	517507572
365974664	56177213	58	F	1	3	X	517507690
365974667	56180688	54	F	1	0	X	517508734
365974678	56179457	58	F	1	3	X	517508229
366260708	56182913	60	F	1	0	X	517507672
366260709	56182913	68	M	1	1	X	X
366363016	56178346	32	M	1	0	X	517662850
366586129	56178519	29	F	1	1	X	503066759
366586130	56178519	31	M	1	0	X	517508541
366586131	56178519	9	F	1	2	450091718	X
366586137	56184619	29	F	1	1	X	517508624
366586161	56178631	29	F	1	1	X	517662859
366586163	56178631	9	F	1	2	450091718	X
366586168	56177220	6	F	1	2	450091718	X
366586182	56177129	31	M	1	0	X	517662850
366586183	56177129	9	F	1	2	450096761	X
366648294	56179148	58	M	1	0	X	517508179
366860581	56182922	28	F	1	0	X	X
366860591	56178198	28	F	1	0	X	X
366862083	56176836	55	M	1	0	X	517508654
366862084	56176836	53	F	1	1	X	506317429
366862087	56178235	55	M	1	0	X	517662825
366862088	56178235	53	F	1	1	X	517662865
366862106	56180332	53	F	1	1	X	517508043
366903698	56180868	57	M	1	0	X	517507598
366903699	56180868	53	F	1	1	X	517663338
367096705	56180639	50	M	1	0	X	517508470
367096707	56178753	50	M	1	0	X	517508002
367216446	56185709	57	M	1	0	X	517507611
367216448	56185709	52	F	1	1	X	517508139
367216474	56184936	17	F	1	2	450096777	517507364
367398479	56181894	41	M	1	1	X	517508270
367398480	56185488	19	M	1	2	X	517507281
367398481	56185488	41	F	1	0	X	517662725
367398483	56185488	41	M	1	1	X	517507701
367398496	56181537	19	M	1	2	X	517507578
367398497	56181537	41	F	1	0	X	517507407
367398498	56181537	12	M	1	2	450096778	X
367398499	56181537	41	M	1	1	X	517508276
367398532	56182004	19	M	1	2	X	517508451
367398534	56182004	12	M	1	2	450096778	X
367605268	56181335	49	F	1	1	X	517662807
367605269	56181335	10	M	1	2	450091718	X
367605270	56181335	14	M	1	2	450096778	X
367605273	56181335	20	M	1	2	X	X
367605274	56181335	7	F	1	2	450088673	X
367605275	56181335	52	M	1	0	X	517508744
367787895	56179474	34	F	1	0	X	517507744
367787897	56179474	34	M	1	1	X	517508520
367787913	56177003	34	F	1	0	X	510061989
367787914	56177003	4	F	1	2	450094430	X
367787915	56177003	34	M	1	1	X	509155653
368031805	56176954	60	F	1	0	X	517662850
368031806	56176954	62	M	1	1	X	X
368031823	56181111	60	F	1	0	X	517508624
368031840	56183601	62	M	1	1	X	X
368031844	56185287	62	M	1	1	X	X
368031848	56178127	62	M	1	1	X	X
368031849	56178471	60	F	1	0	X	517508110
368031850	56178471	62	M	1	1	X	X
368031886	56183590	62	M	1	1	X	X
368046325	56178023	70	F	1	1	X	X
368046326	56178023	70	M	1	0	X	X
368524767	56184625	51	F	1	0	X	517508130
368524769	56178954	27	M	1	2	X	X
368524770	56178954	51	F	1	0	X	517508804
368524775	56185095	27	M	1	2	X	X
368524777	56185095	56	M	1	1	X	517508803
368524821	56181669	51	F	1	0	X	517508869
368524822	56181669	56	M	1	1	X	517507972
368524832	56184872	27	M	1	2	X	X
368524834	56184872	56	M	1	1	X	517508512
368524835	56181722	27	M	1	2	X	X
368524837	56181722	56	M	1	1	X	517507404
368524841	56185645	27	M	1	2	X	X
368524842	56185645	51	F	1	0	X	517508852
368524843	56185645	56	M	1	1	X	517508647
368524874	56181849	27	M	1	2	X	X
368524876	56181849	56	M	1	1	X	517507865
368524877	56184646	27	M	1	2	X	X
368524878	56184646	51	F	1	0	X	501427989
368772812	56182746	29	M	1	1	X	X
368772823	56182955	10	F	1	2	450091718	X
368772825	56182955	36	F	1	0	X	X
368787137	56185472	56	F	1	1	X	517508692
368787138	56185472	73	M	1	0	X	517663282
368787145	56176885	56	F	1	1	X	510062999
368787146	56176885	73	M	1	0	X	517662896
369038788	56184634	67	F	1	0	X	517508775
369038804	56178649	67	F	1	0	X	517508339
369038809	56184233	67	F	1	0	X	517508624
369038810	56185104	67	F	1	0	X	517508014
369038811	56184731	67	F	1	0	X	517508397
369038812	56184785	67	F	1	0	X	517662923
369065472	56185412	19	M	1	3	X	517505511
369065473	56185412	21	M	1	0	X	517507334
369065474	56185412	19	F	1	10	X	517507696
369088365	56180092	49	F	1	0	X	517663278
369088375	56182072	49	F	1	0	X	517662850
369088393	56179805	49	F	1	0	X	517507289
369913296	56183516	49	F	1	0	X	517506578
369993943	56176992	85	F	1	0	X	X
369993979	56177380	85	F	1	0	X	X
369997860	56178038	73	F	1	1	X	X
369997866	56178020	73	F	1	1	X	X
370028848	56179464	11	F	1	2	450096778	X
370028850	56179464	14	F	1	2	450096778	X
370028851	56179464	38	M	1	0	X	517507680
370028868	56182512	14	F	1	2	450091718	X
370028869	56182512	38	M	1	0	X	517507276
370028871	56182512	9	M	1	2	450091718	X
370028887	56184473	38	M	1	0	X	517508179
370028890	56181422	11	F	1	2	450096778	X
370028892	56181422	14	F	1	2	450096778	X
370028895	56181422	9	M	1	2	450091718	X
370028908	56182767	11	F	1	2	450091718	X
370028909	56182767	4	M	1	2	450094430	X
370028912	56182767	36	F	1	1	X	X
370028913	56182767	9	M	1	2	450091718	X
370028920	56181976	11	F	1	2	450096778	X
370028921	56181976	4	M	1	2	450094430	X
370028922	56181976	14	F	1	2	450096778	X
370028925	56181976	9	M	1	2	450091718	X
370028958	56180389	14	F	1	2	450096778	X
370028960	56180389	36	F	1	1	X	X
370458340	56180584	28	F	1	1	X	506979788
370458341	56177214	31	M	1	0	X	517508542
370458346	56177613	28	F	1	1	X	517507261
370458353	56176938	31	M	1	0	X	517508317
370458354	56176938	28	F	1	1	X	517662850
370458360	56178299	28	F	1	1	X	517508346
370458367	56180566	31	M	1	0	X	506980646
370668535	56178282	23	M	1	2	X	517508057
370668536	56178282	55	M	1	0	X	517662755
370668538	56178282	52	F	1	1	X	517509005
370668539	56178282	17	M	1	2	450096777	517662850
370668550	56178361	23	M	1	2	X	517662746
370668554	56178361	17	M	1	2	450096777	517663184
370988858	56185633	20	F	1	2	X	517508057
370988859	56185633	22	M	1	2	X	517508654
370988898	56181643	20	F	1	2	X	517507295
370988900	56181643	42	F	1	1	X	517663331
370988902	56181643	13	M	1	2	450096778	X
370988904	56179066	22	M	1	2	X	517508229
370988906	56179066	47	M	1	0	X	517508262
370988959	56182342	22	M	1	2	X	517507942
370988962	56182342	13	M	1	2	450096778	X
370988994	56182731	22	M	1	2	X	517662850
370988995	56182731	42	F	1	1	X	517663338
370988996	56182731	47	M	1	0	X	501428519
370989018	56183752	20	F	1	2	X	517507912
370989019	56183752	22	M	1	2	X	517508775
370989020	56183752	42	F	1	1	X	517507305
370989021	56183752	47	M	1	0	X	517508875
370989022	56183752	13	M	1	2	450096778	X
370989063	56179228	20	F	1	2	X	517508242
370989065	56179228	42	F	1	1	X	517508630
370989066	56179228	47	M	1	0	X	517508358
370989067	56179228	13	M	1	2	450096778	X
370989103	56181462	20	F	1	2	X	517507582
370989104	56181462	22	M	1	2	X	517507928
370989143	56182378	20	F	1	2	X	517507337
370989144	56182378	22	M	1	2	X	517507582
370989145	56182378	42	F	1	1	X	517507977
370989147	56182378	13	M	1	2	450091718	X
370989279	56185092	22	M	1	2	X	517509354
370989280	56185092	42	F	1	1	X	517508299
370989282	56185092	13	M	1	2	450091718	X
371190735	56182479	39	F	1	1	X	X
371190736	56182479	6	F	1	2	450091718	X
371190737	56182479	2	M	1	2	X	X
371190771	56181347	39	F	1	1	X	X
371190772	56181347	6	F	1	2	450091718	X
371190774	56181347	4	M	1	2	X	X
371190775	56181347	11	M	1	2	450096778	X
371190776	56181347	40	M	1	0	X	517508776
371190941	56182548	2	M	1	2	X	X
371190942	56182548	4	M	1	2	X	X
371190943	56182548	11	M	1	2	450091718	X
371190947	56184577	2	M	1	2	X	X
371190948	56184577	4	M	1	2	X	X
371190949	56184577	11	M	1	2	450096778	X
371190950	56184577	40	M	1	0	X	517507281
371388704	56178329	61	F	1	0	X	X
371388705	56178329	52	M	1	1	X	517507281
371392548	56185439	39	F	1	1	X	517507635
371392550	56185439	50	M	1	0	X	517508739
371392556	56178833	39	F	1	1	X	517508002
371392557	56178833	9	M	1	2	450096761	X
371392572	56183258	39	F	1	1	X	517508727
371392573	56183258	9	M	1	2	450096761	X
371392574	56183258	50	M	1	0	X	517508540
371392575	56183258	9	F	1	2	450096761	X
371397179	56176907	76	F	1	0	X	X
371797260	56185192	66	F	1	12	X	X
371797264	56177195	66	F	1	12	X	X
371797265	56177195	69	M	1	0	X	517508415
371825181	56182892	7	F	1	2	450091718	X
371825183	56182892	38	M	1	0	X	517508249
371825184	56182892	32	F	1	1	X	517508893
371825195	56179667	38	M	1	0	X	517507329
371825198	56179667	16	F	1	2	450096777	X
371867944	56176769	12	M	1	2	450097548	X
371867945	56176769	12	F	1	2	450097548	X
371867952	56182670	12	M	1	2	450091718	X
371867953	56182670	12	F	1	2	450091718	X
371867954	56182670	42	F	1	0	X	X
371867955	56182670	45	M	1	1	X	517507520
371867965	56183213	12	F	1	2	450096778	X
371925314	56177486	20	M	1	2	X	X
371925315	56177486	44	F	1	0	X	517508002
371925316	56184227	20	M	1	2	X	X
371925317	56184227	44	F	1	0	X	517508290
372131621	56184488	1	M	1	2	X	X
372131622	56184488	30	F	1	0	X	X
372131624	56181741	1	M	1	2	X	X
372131626	56181741	37	M	1	1	X	517663178
372231355	56178080	66	M	1	0	X	X
372231356	56178080	54	F	1	1	X	517509351
372387513	56177921	64	F	1	1	X	517662850
372387516	56185698	63	M	1	0	X	517508065
372387523	56176767	64	F	1	1	X	517662701
372387524	56176767	63	M	1	0	X	517508591
372387529	56181035	64	F	1	1	X	517507516
372387530	56181035	63	M	1	0	X	506878239
372387557	56179500	64	F	1	1	X	517508372
372387558	56179500	63	M	1	0	X	517508086
372614755	56184178	59	M	1	1	X	517507531
372614781	56185667	59	M	1	1	X	517508602
372614788	56177931	57	F	1	0	X	X
372614789	56177931	59	M	1	1	X	517663273
372625726	56177408	58	F	1	0	X	517663173
372628473	56180617	58	F	1	0	X	X
372628485	56184617	58	F	1	0	X	X
372628489	56183664	58	F	1	0	X	X
372628494	56177132	56	M	1	1	X	X
372628523	56183741	58	F	1	0	X	X
372628524	56183741	56	M	1	1	X	X
372628536	56185216	56	M	1	1	X	X
372659254	56179068	48	M	1	0	X	517508353
372659255	56182437	48	M	1	0	X	517662850
372659257	56181586	48	M	1	0	X	517508828
372659260	56182220	48	M	1	0	X	517663171
372659261	56177186	48	M	1	0	X	517662730
372659268	56177741	48	M	1	0	X	517507872
372659270	56183433	48	M	1	0	X	517507582
372659272	56182623	48	M	1	0	X	517508197
372659273	56181441	48	M	1	0	X	517508173
372687162	56183606	30	M	1	0	X	517508364
372687165	56177209	30	M	1	0	X	517662850
372791882	56185628	42	M	1	0	X	517507272
372791883	56185628	35	F	1	1	X	517507310
372791884	56177853	42	M	1	0	X	517662850
372791885	56177853	35	F	1	1	X	517508547
372791888	56184760	42	M	1	0	X	517508093
372791889	56184760	35	F	1	1	X	517508653
372791890	56178223	42	M	1	0	X	517507772
372791903	56180127	35	F	1	1	X	506979592
373100192	56180692	67	M	1	0	X	517507798
373100193	56180692	61	F	1	1	X	X
373100196	56179760	67	M	1	0	X	517507355
373100197	56179760	61	F	1	1	X	X
373329117	56178284	57	M	1	0	X	X
373329118	56178284	46	F	1	1	X	517662850
373329119	56178284	16	M	1	2	450096777	X
373392612	56183844	15	M	1	2	450096777	X
373392613	56183844	41	M	1	1	X	517508002
373392618	56184155	15	M	1	2	450096777	X
373392619	56184155	41	M	1	1	X	517508097
373392620	56184155	40	F	1	0	X	X
373392632	56178803	40	F	1	0	X	X
373392636	56178882	15	M	1	2	450096777	X
373392637	56178882	41	M	1	1	X	517663095
373392654	56179062	15	M	1	2	450096777	X
373392658	56181304	41	M	1	1	X	517508179
373392659	56181304	40	F	1	0	X	X
373468300	56178118	58	F	1	0	X	517662923
373468302	56178178	58	F	1	0	X	517508057
373468309	56182300	58	F	1	0	X	517508290
373468311	56181902	58	F	1	0	X	506880790
373824123	56183811	51	M	1	0	X	517508495
373977334	56178555	70	M	1	0	X	517508694
373977336	56185239	70	M	1	0	X	517508499
373977340	56178567	70	M	1	0	X	517662701
373977347	56182820	70	M	1	0	X	517663180
374131174	56179251	76	M	1	0	X	X
374131184	56184480	76	M	1	0	X	X
374131191	56185484	76	M	1	0	X	X
374414984	56180503	79	M	1	0	X	X
374414986	56184006	79	M	1	0	X	X
374414990	56181846	79	M	1	0	X	X
374414991	56184455	79	M	1	0	X	X
374414992	56181993	79	M	1	0	X	X
374542594	56179712	35	M	1	1	X	517663323
374542600	56178703	10	F	1	2	450091718	X
374542601	56178703	29	F	1	0	X	510061930
374542602	56178703	35	M	1	1	X	503022767
374578304	56184025	78	M	1	0	X	517508409
374578305	56184025	68	F	1	1	X	X
374578343	56182178	68	F	1	1	X	X
374578358	56177463	78	M	1	0	X	517662850
374578359	56177463	68	F	1	1	X	X
374823301	56178981	18	M	1	2	450096777	X
374823302	56178981	51	M	1	0	X	517508716
374823303	56178981	52	F	1	1	X	517662889
374823307	56182464	18	M	1	2	450096777	X
374823308	56182464	51	M	1	0	X	517663288
374897281	56179295	49	M	1	0	X	517508494
374897295	56179541	49	M	1	0	X	517508396
374897303	56183770	49	M	1	0	X	517508875
374897305	56180361	49	M	1	0	X	517508372
374897310	56181802	49	M	1	0	X	517508460
375365415	56185325	48	F	1	1	X	517508116
375365421	56178560	48	F	1	1	X	517662850
375365433	56181452	48	F	1	1	X	517507804
375365435	56181452	50	M	1	0	X	517508043
375365461	56179121	19	F	1	2	X	517508803
375365462	56179121	50	M	1	0	X	517508643
375365463	56182092	48	F	1	1	X	517507887
375365464	56182092	19	F	1	2	X	517508358
375374509	56177789	63	F	1	0	X	X
375400027	56184109	0	F	1	2	X	X
375400062	56184482	26	F	1	0	X	517662745
375537857	56182458	47	M	1	0	X	517508792
375537863	56181021	47	M	1	0	X	506979537
375725478	56178550	52	F	1	1	X	517509015
375725491	56178227	52	M	1	0	X	517508510
375725493	56177568	52	M	1	0	X	517662850
375725512	56176796	52	F	1	1	X	517662850
375725513	56176796	52	M	1	0	X	517509013
375725525	56177056	52	M	1	0	X	517508396
375725528	56182492	52	F	1	1	X	517508849
375725532	56182122	52	F	1	1	X	506880320
375725538	56179829	52	F	1	1	X	517508804
375821177	56181657	66	M	1	3	X	X
375821178	56181657	69	F	1	0	X	X
375821182	56179811	69	F	1	0	X	X
375821193	56183059	66	M	1	3	X	X
375852126	56183382	9	M	1	2	450096761	X
375852127	56183382	32	M	1	1	X	517507633
376389647	56179533	70	F	1	0	X	X
376389648	56179533	17	M	1	5	450096777	517508810
376389649	56179533	47	F	1	2	X	517508297
376513571	56180828	56	F	1	0	X	X
376513581	56182044	56	F	1	0	X	X
376513582	56182044	53	M	1	1	X	517507827
376513587	56179221	56	F	1	0	X	X
376513588	56179221	53	M	1	1	X	517662923
376609565	56176858	35	F	1	1	X	509158401
376609566	56176858	6	M	1	2	450097548	X
376609567	56176858	10	F	1	2	450097548	X
376609615	56185486	10	F	1	2	450091718	X
376609619	56185112	10	F	1	2	450091718	X
376609634	56185244	6	M	1	2	450096761	X
376609635	56185244	10	F	1	2	450091718	X
376609637	56177388	35	F	1	1	X	517662923
376609640	56177388	38	M	1	0	X	517662850
376609645	56185406	35	F	1	1	X	517508169
376609646	56185406	6	M	1	2	450096761	X
376609647	56185406	10	F	1	2	450091718	X
376609661	56184974	35	F	1	1	X	517508871
376609662	56184974	6	M	1	2	450096761	X
376609663	56184974	10	F	1	2	450091718	X
376923131	56184799	55	M	1	0	X	X
376923135	56177731	55	M	1	0	X	X
376923149	56180846	55	M	1	0	X	X
376923154	56181994	55	M	1	0	X	X
376923167	56180500	55	M	1	0	X	X
376923175	56183476	55	M	1	0	X	X
376923176	56181407	55	M	1	0	X	X
377097486	56179850	49	M	1	0	X	517508510
377097487	56179850	44	F	1	1	X	X
377097497	56185006	13	M	1	2	450091718	X
377097499	56185006	44	F	1	1	X	X
377174866	56179688	52	F	1	0	X	517508435
377174874	56184891	52	F	1	0	X	517507618
377174877	56183429	52	F	1	0	X	517508313
377174884	56183522	52	F	1	0	X	517507544
377464842	56178406	27	M	1	0	X	517508229
377464843	56178406	21	F	1	1	X	517508225
377572405	56177550	49	M	1	1	X	517507636
377572414	56179868	49	M	1	1	X	514200975
377572416	56182217	12	M	1	2	450091718	X
377572417	56182217	49	M	1	1	X	517662850
377572418	56182217	49	F	1	0	X	506979785
377572437	56180105	12	M	1	2	450091718	X
377572438	56180105	49	M	1	1	X	517508202
377572449	56179293	12	M	1	2	450096778	X
377572453	56177909	49	M	1	1	X	517662923
377572455	56181791	12	M	1	2	450096778	X
377572457	56181791	49	F	1	0	X	514201259
377572461	56184766	12	M	1	2	450091718	X
377572463	56184766	49	F	1	0	X	517508499
377707195	56176892	74	F	1	1	X	X
377707196	56176892	73	M	1	0	X	X
377984719	56179290	66	M	1	0	X	517507548
378063481	56179486	67	F	1	0	X	517508139
378063483	56178731	67	F	1	0	X	517507587
378063484	56177160	67	F	1	0	X	517507582
378063492	56182995	67	F	1	0	X	517507930
378063494	56182609	67	F	1	0	X	517662730
378063498	56178561	67	F	1	0	X	517508563
378063540	56177643	67	F	1	0	X	517662923
378063545	56178501	67	F	1	0	X	517662923
378063554	56176994	67	F	1	0	X	517662701
378063557	56177930	67	F	1	0	X	517662749
378063561	56180074	67	F	1	0	X	517507355
378063572	56182561	67	F	1	0	X	517507721
378063578	56177774	67	F	1	0	X	517508516
378092219	56183761	9	M	1	2	450096761	X
378092220	56183761	14	F	1	2	450096777	X
378092221	56183761	0	M	1	2	X	X
378092223	56183761	1	M	1	2	X	X
378092224	56183761	11	F	1	2	450096778	X
378092253	56182563	35	F	1	1	X	X
378092255	56182563	14	F	1	2	450096777	X
378092256	56182563	0	M	1	2	X	X
378092261	56183392	9	M	1	2	450096761	X
378092263	56183392	0	M	1	2	X	X
378092264	56183392	29	M	1	0	X	517508499
378155015	56179906	27	M	1	0	X	517508057
378266734	56185293	63	M	1	0	X	517507799
378266735	56179155	58	F	1	1	X	X
378266736	56179155	63	M	1	0	X	517508481
378266737	56180376	58	F	1	1	X	X
378266738	56180376	63	M	1	0	X	517507545
378274661	56184638	24	M	9	1	X	517508178
378274665	56184638	2	F	9	2	X	X
378274705	56183490	2	F	9	2	X	X
378274747	56182851	4	F	9	2	X	X
378274749	56182851	1	F	9	2	X	X
378274750	56182851	2	F	9	2	X	X
378274763	56178526	23	F	1	0	X	X
378274764	56178526	1	F	9	2	X	X
378274765	56178526	2	F	9	2	X	X
378550261	56180706	23	F	1	10	X	517508043
378550262	56180706	24	M	1	0	X	517508841
378782604	56181645	50	M	1	0	X	517663295
378782628	56179695	50	M	1	0	X	517508572
378782631	56179862	48	F	1	9	X	517663338
378782632	56179862	50	M	1	0	X	517508451
378782635	56178321	48	F	1	9	X	517507507
378782636	56178321	50	M	1	0	X	517662747
378782648	56183241	50	M	1	0	X	517662850
379225914	56181129	17	M	9	2	450058854	X
379225915	56181129	57	M	1	1	X	517507558
379225916	56181129	55	F	1	0	X	517507827
379225923	56185268	17	M	9	2	450058854	X
379225925	56185268	55	F	1	0	X	517662686
379225932	56182168	17	M	9	2	450058645	X
379225933	56182168	57	M	1	1	X	517507835
379225966	56182089	57	M	1	1	X	517507845
379225967	56182089	55	F	1	0	X	517507355
379225968	56177976	17	M	9	2	450063600	X
379225969	56177976	57	M	1	1	X	517508258
379225970	56177976	55	F	1	0	X	503068832
379225981	56185041	57	M	1	1	X	517507646
379255038	56184061	80	F	1	0	X	X
379304718	56185371	47	M	6	0	X	517507601
379304719	56185371	46	F	6	1	X	517507585
379304720	56185371	13	M	6	2	450058645	X
379304770	56185053	47	M	6	0	X	517508413
379304772	56185053	13	M	6	2	450058645	X
379304778	56185274	47	M	6	0	X	517508097
379304779	56185274	46	F	6	1	X	517507903
379304780	56185274	13	M	6	2	450058645	X
379367251	56185047	65	F	1	0	X	X
379367254	56182582	69	M	1	1	X	X
379367255	56182582	65	F	1	0	X	X
379367267	56176956	65	F	1	0	X	X
379367269	56177732	65	F	1	0	X	X
379367278	56177138	69	M	1	1	X	X
379367279	56177138	65	F	1	0	X	X
379367306	56177113	69	M	1	1	X	X
379367308	56178423	69	M	1	1	X	X
379367309	56178423	65	F	1	0	X	X
379407952	56178293	35	F	1	1	X	517508589
379407954	56178293	6	M	1	2	450096761	X
379407955	56178293	37	M	1	0	X	517662850
379498754	56178811	64	F	1	0	X	517508841
379498755	56178811	65	M	1	1	X	X
379498760	56183361	64	F	1	0	X	517508652
379498761	56183361	65	M	1	1	X	X
379520936	56185493	48	F	1	1	X	517663338
379520938	56185493	17	F	1	2	450096777	X
379520947	56181595	14	M	1	2	450096777	X
379520979	56184746	47	M	1	0	X	517507341
379520981	56184746	48	F	1	1	X	517508179
379520982	56184746	14	M	1	2	450096777	X
379521004	56182775	47	M	1	0	X	517508727
379521007	56182775	14	M	1	2	450096777	X
379521008	56182775	17	F	1	2	450096777	X
379709747	56178362	63	M	1	0	X	X
379709748	56178362	60	F	1	1	X	X
379750886	56185624	61	F	8	1	X	517507364
379820160	56181550	60	F	1	0	X	517508727
379820161	56181550	59	M	1	1	X	X
379835110	56179219	88	F	1	1	X	X
379835111	56179219	87	M	1	0	X	X
379835125	56184007	87	M	1	0	X	X
379858850	56176841	27	M	1	0	X	517509381
380023137	56179518	67	F	1	1	X	X
380023138	56179518	68	M	1	0	X	X
380023152	56177898	68	M	1	0	X	X
380023165	56180439	67	F	1	1	X	X
380023166	56180439	68	M	1	0	X	X
380023168	56182875	68	M	1	0	X	X
380023171	56178512	67	F	1	1	X	X
380023176	56177846	68	M	1	0	X	X
380052398	56183416	50	M	1	0	X	517507596
380052403	56183577	50	M	1	0	X	517507343
380172434	56179703	77	M	1	0	X	X
380199468	56182277	64	F	1	0	X	517507826
380199472	56181432	64	F	1	0	X	517508315
380199485	56177081	62	M	1	1	X	517509354
380199486	56177081	64	F	1	0	X	517662850
380199497	56183474	62	M	1	1	X	517662850
380199500	56181156	64	F	1	0	X	517663180
380464238	56184265	12	M	1	2	450096778	X
380464240	56184265	35	F	1	1	X	517507582
380464241	56184265	16	F	1	2	450096777	X
380559766	56181998	10	M	1	2	450091718	X
380559769	56181998	44	F	1	0	X	517507836
380559770	56182903	10	M	1	2	450091718	X
380559771	56182903	45	M	1	10	X	501428188
380559772	56182903	13	M	1	2	450096778	X
380559773	56182903	44	F	1	0	X	517507933
380753266	56184887	14	F	1	2	450091718	X
380753331	56182618	44	M	1	1	X	517507341
380753333	56182618	12	M	1	2	450091718	X
380753334	56182618	14	F	1	2	450091718	X
380753339	56180970	44	M	1	1	X	517507842
380753341	56180970	12	M	1	2	450096778	X
380753342	56180970	14	F	1	2	450096778	X
380753349	56179250	12	M	1	2	450096778	X
380753350	56179250	14	F	1	2	450096778	X
380753371	56181781	44	M	1	1	X	517508002
380753373	56181781	12	M	1	2	450096778	X
380753374	56181781	14	F	1	2	450096778	X
380753376	56182155	45	F	1	0	X	517663278
380753378	56182155	14	F	1	2	450091718	X
381063954	56179441	31	F	1	0	X	517507928
381063955	56179441	36	M	1	9	X	517508110
381063956	56180205	31	F	1	0	X	517508014
381063992	56179751	31	F	1	0	X	517508296
381063998	56184203	31	F	1	0	X	517508107
381064003	56184127	36	M	1	9	X	517507663
381064017	56183644	36	M	1	9	X	501428045
381064020	56183639	31	F	1	0	X	517508499
381064024	56179112	31	F	1	0	X	517508014
381064034	56179087	31	F	1	0	X	517507552
381064077	56183363	36	M	1	9	X	517508262
381064098	56183583	31	F	1	0	X	517507908
381064099	56183583	36	M	1	9	X	517508387
381064106	56184299	31	F	1	0	X	517507285
381064107	56184299	36	M	1	9	X	517508451
381064165	56181474	36	M	1	9	X	517508063
381320914	56182797	19	F	1	2	X	517662847
381320915	56182797	53	F	1	0	X	517662923
381320925	56185237	26	M	1	2	X	517508882
381320929	56177451	19	F	1	2	X	517509354
381320930	56177451	53	F	1	0	X	517662850
381320934	56180502	26	M	1	2	X	517508451
381320942	56183244	53	F	1	0	X	517508358
381320943	56183244	26	M	1	2	X	517508002
381455005	56181314	52	F	1	0	X	517508499
381455011	56181584	52	F	1	0	X	517508057
381455013	56181584	14	M	8	2	450096777	X
381455027	56184886	63	M	8	1	X	517508871
381455028	56184886	14	M	8	2	450096777	X
381455062	56182853	52	F	1	0	X	517663295
381455063	56182853	63	M	8	1	X	517663344
381455075	56179926	63	M	8	1	X	517662879
381649038	56184287	34	M	1	1	X	517507827
381649039	56184287	27	F	1	0	X	517508623
381649083	56179546	27	F	1	0	X	517508499
381649089	56178305	27	F	1	0	X	517662850
381649091	56185515	27	F	1	0	X	517508293
381649092	56179452	34	M	1	1	X	517663249
381649093	56179452	27	F	1	0	X	517507815
381649105	56183857	27	F	1	0	X	517507281
381649116	56177884	34	M	1	1	X	517507324
381649117	56177884	27	F	1	0	X	517507395
381649121	56176950	27	F	1	0	X	517662865
381707171	56179218	60	F	1	0	X	517507922
381707185	56184076	60	F	1	0	X	517663184
381718676	56184682	34	F	1	1	X	517508803
381718678	56178629	9	F	1	2	450091718	X
381718679	56178629	7	M	1	2	450091718	X
381718680	56178629	4	M	1	2	450058854	X
381718682	56178629	34	M	1	0	X	517508499
381718734	56178269	7	M	1	2	450091718	X
381887997	56184200	46	M	1	1	X	517507276
381888002	56181498	61	F	1	0	X	X
381888004	56180930	61	F	1	0	X	X
381888041	56181194	46	M	1	1	X	517507481
381888056	56180442	61	F	1	0	X	X
382036907	56183539	29	M	1	0	X	517507580
382036908	56183539	2	F	1	2	X	X
382036916	56179019	2	F	1	2	X	X
382225812	56178711	31	M	1	0	X	517662701
382573225	56179756	70	M	1	1	X	X
382573226	56179756	58	F	1	7	X	517508057
382573227	56179756	54	F	1	0	X	517508845
382573235	56182912	58	F	1	7	X	517507932
382573236	56182912	54	F	1	0	X	517508002
382573249	56177683	70	M	1	1	X	X
382573250	56177683	58	F	1	7	X	517508296
383623572	56184297	11	F	1	2	450096778	X
383652990	56184150	23	F	1	0	X	517508792
383652992	56184150	27	M	1	10	X	517507281
384079697	56178279	39	M	1	0	X	503022767
384079699	56178279	10	M	1	2	450091718	X
384079721	56184768	39	M	1	0	X	517507721
384079723	56184768	10	M	1	2	450091718	X
384079724	56177719	11	M	1	2	450100228	X
384079725	56177719	39	M	1	0	X	503066723
384079726	56177719	32	F	1	1	X	X
384079727	56177719	10	M	1	2	450100228	X
384187564	56179964	45	M	1	0	X	506979785
384187569	56182859	45	M	1	0	X	517508107
384187570	56177401	45	M	1	0	X	517507946
384187572	56178755	45	M	1	0	X	517662729
384215748	56177484	44	F	1	1	X	517663177
384215782	56177559	8	M	1	2	450096761	X
384215794	56180058	8	M	1	2	450091718	X
384215795	56180058	10	M	1	2	450091718	X
384215797	56180058	43	M	1	0	X	X
384215812	56185462	44	F	1	1	X	517508364
384215813	56185462	43	M	1	0	X	X
384215827	56183871	10	M	1	2	450096761	X
384215828	56183871	44	F	1	1	X	517508096
384215834	56185505	8	M	1	2	450091718	X
384215835	56185505	10	M	1	2	450091718	X
384215837	56185505	43	M	1	0	X	X
384215843	56181250	10	M	1	2	450096761	X
384215844	56181250	44	F	1	1	X	517507364
384215845	56181250	43	M	1	0	X	X
384337673	56181056	56	M	1	1	X	517508179
384352196	56177733	60	M	1	1	X	517508473
384352197	56177733	65	F	1	0	X	X
384352216	56185699	60	M	1	1	X	517508623
384352217	56185699	65	F	1	0	X	X
384352220	56176848	60	M	1	1	X	517508589
384352221	56176848	65	F	1	0	X	X
384352236	56185319	60	M	1	1	X	517508404
384352239	56185364	65	F	1	0	X	X
384352246	56177455	60	M	1	1	X	517663116
384416301	56177709	28	F	1	1	X	506317429
384416310	56178702	27	M	1	0	X	517662701
384416311	56178702	28	F	1	1	X	517508014
384689964	56183845	12	M	1	2	450096778	X
384689965	56183845	41	F	1	0	X	X
384690017	56181942	41	F	1	0	X	X
384750771	56177563	55	F	1	1	X	X
384750779	56185403	17	F	1	2	450096777	X
384863000	56178686	55	F	1	0	X	517508238
384863001	56178686	23	F	1	2	X	517509022
385472008	56185328	55	F	1	10	X	X
385472917	56179390	64	M	1	0	X	X
385472921	56182379	64	M	1	0	X	X
385852612	56181138	18	M	1	2	450096777	X
386125217	56183824	0	M	1	2	X	X
386125218	56183824	3	M	1	2	450094430	X
386125219	56183824	29	F	1	1	X	X
386125220	56183824	35	M	1	0	X	517507580
386125241	56183243	0	M	1	2	X	X
386125242	56183243	3	M	1	2	450094430	X
386125243	56183243	29	F	1	1	X	X
386125246	56181674	3	M	1	2	450094430	X
386125256	56178786	35	M	1	0	X	517663173
386279935	56177529	58	F	1	1	X	517662850
386279936	56177529	58	M	1	0	X	517662705
386279937	56179387	58	F	1	1	X	517508497
386279938	56179387	58	M	1	0	X	517508325
386279950	56177419	58	M	1	0	X	517508358
386279953	56177444	58	F	1	1	X	517662701
386279955	56177210	58	F	1	1	X	517662850
386279956	56177210	58	M	1	0	X	517662850
386279959	56177819	58	F	1	1	X	517508597
386382197	56178295	8	M	1	2	450091718	X
386382198	56178295	5	M	1	2	450094430	X
386382201	56178295	31	F	1	1	X	X
386382207	56184930	8	M	1	2	450091718	X
386382208	56184930	5	M	1	2	450094430	X
386382210	56184930	32	M	1	0	X	517508647
386382211	56184930	31	F	1	1	X	X
386382232	56177166	8	M	1	2	450097548	X
386382233	56177166	5	M	1	2	450094430	X
386382235	56177166	32	M	1	0	X	503023296
386382236	56177166	31	F	1	1	X	X
386382243	56181554	5	M	1	2	450094430	X
386382244	56181554	1	F	1	2	X	X
386382277	56184283	8	M	1	2	450096761	X
386382278	56184283	5	M	1	2	450094430	X
386382279	56184283	1	F	1	2	X	X
386501508	56178609	58	M	1	1	X	517662852
386501510	56178609	61	F	1	0	X	517662850
386546367	56184668	46	F	1	0	X	517507592
386546368	56184668	19	M	1	2	X	517508553
386546374	56178554	19	M	1	2	X	517508875
386546376	56184945	46	F	1	0	X	517508093
386546378	56184945	46	M	1	1	X	501427832
386546385	56178721	46	F	1	0	X	517662701
386546386	56178721	19	M	1	2	X	517508481
386546390	56185167	46	M	1	1	X	517508094
386546414	56182452	46	M	1	1	X	517508002
386546421	56177889	46	F	1	0	X	517662850
386546422	56177889	19	M	1	2	X	510063109
386546423	56177889	46	M	1	1	X	517507682
386546428	56179277	19	M	1	2	X	517507772
386546430	56181373	46	F	1	0	X	517663278
386546432	56181373	46	M	1	1	X	517663279
386546486	56178719	46	M	1	1	X	517508023
386546526	56181655	46	F	1	0	X	517508066
386546530	56177283	19	M	1	2	X	517663180
386546563	56182003	19	M	1	2	X	517508270
386546578	56183547	19	M	1	2	X	517507520
386546610	56181943	46	F	1	0	X	517508804
386546611	56181943	19	M	1	2	X	506980676
386546627	56181307	46	M	1	1	X	517507363
386546636	56182008	46	M	1	1	X	517507878
386546644	56180608	19	M	1	2	X	517508766
386546645	56180608	46	M	1	1	X	517662850
386546670	56178839	46	F	1	0	X	517508499
386546695	56185651	19	M	1	2	X	517508002
386546696	56185651	46	M	1	1	X	517507593
386546704	56182059	19	M	1	2	X	517507815
386546705	56182059	46	M	1	1	X	517507785
386546707	56179998	19	M	1	2	X	517508647
386594271	56179465	1	M	9	2	X	X
386594273	56179465	4	M	9	2	X	X
386853381	56180945	48	M	1	0	X	517508293
386853382	56180945	46	F	1	1	X	517507306
386853383	56179058	48	M	1	0	X	517508358
386853384	56179058	46	F	1	1	X	517508259
386853418	56182262	46	F	1	1	X	517507816
386853421	56183521	48	M	1	0	X	517508054
386853436	56181899	46	F	1	1	X	517507602
386853442	56179627	46	F	1	1	X	517508829
386868828	56177435	38	M	1	1	X	517662850
386868829	56177435	2	M	1	2	X	X
386868830	56177435	4	M	1	2	X	X
387123564	56185715	43	F	1	1	X	517508166
387158693	56182728	39	F	1	0	X	517508236
387158705	56182218	39	F	1	0	X	517508373
387158745	56179654	39	F	1	0	X	517662882
387158746	56179654	8	F	1	2	450096761	X
387158756	56179641	8	F	1	2	450096761	X
387158770	56179724	8	F	1	2	450096761	X
387158777	56181568	39	F	1	0	X	517508283
387158778	56181568	8	F	1	2	450091718	X
387158793	56184279	39	F	1	0	X	517507495
387158815	56180378	39	F	1	0	X	517663305
387158820	56181862	8	F	1	2	450091718	X
387158828	56179733	8	F	1	2	450096761	X
387158852	56179690	8	F	1	2	450096761	X
387158860	56182298	8	F	1	2	450091718	X
387158863	56182871	39	F	1	0	X	517507827
387158869	56182402	39	F	1	0	X	517508002
387158879	56183139	39	F	1	0	X	517507958
387158880	56183139	8	F	1	2	450091718	X
387158905	56184098	39	F	1	0	X	517508636
387158915	56182307	39	F	1	0	X	517508325
387158916	56182307	8	F	1	2	450091718	X
387218059	56181654	40	M	1	1	X	517507897
387218062	56181654	10	M	1	2	450091718	X
387218087	56185555	40	M	1	1	X	517508103
387218089	56185555	15	F	1	2	450096777	X
387218090	56185555	10	M	1	2	450091718	X
387218107	56181216	40	M	1	1	X	517663293
387482009	56184701	39	M	1	0	X	517508057
387482010	56184701	3	M	1	2	450094430	X
387482020	56177121	36	F	1	1	X	517662847
387556275	56179468	7	F	1	2	450096761	X
387556276	56179468	11	F	1	2	450096778	X
387556277	56179468	14	F	1	2	450096778	X
387556278	56180657	31	M	1	1	X	517507281
387556281	56180657	7	F	1	2	450091718	X
387556411	56180613	31	F	1	0	X	506880320
387556412	56180613	9	F	1	2	450091718	X
387556415	56180613	14	F	1	2	450096778	X
387603214	56180349	15	M	1	2	450096777	X
387603218	56178667	41	F	1	0	X	517662923
387603226	56185214	15	M	1	2	450096777	X
387603227	56185214	41	F	1	0	X	517508086
387603228	56185214	23	M	1	2	X	517508602
387603230	56182823	41	F	1	0	X	517508047
387603231	56182823	23	M	1	2	X	517508002
387603245	56179894	41	F	1	0	X	517508752
387603246	56179894	23	M	1	2	X	517508470
387603254	56185372	41	F	1	0	X	517508804
387603259	56181242	15	M	1	2	450096777	X
387603260	56181242	41	F	1	0	X	517508577
387603261	56181242	23	M	1	2	X	517507582
387603272	56184745	41	F	1	0	X	517507596
387873162	56179272	58	M	1	0	X	517508834
387873172	56176927	58	M	1	0	X	517507827
387873173	56176927	60	F	1	1	X	517663173
388039347	56181968	56	F	1	0	X	517507749
388039348	56180765	56	F	1	0	X	517508518
388039366	56182060	56	F	1	0	X	517663338
388208778	56181313	26	F	1	0	X	517508470
388208795	56184385	26	F	1	0	X	517508063
388208806	56179785	26	F	1	0	X	517508109
388208808	56178009	26	F	1	0	X	517508086
388208810	56184489	26	F	1	0	X	517508510
388208814	56183775	26	F	1	0	X	517508109
388472312	56177411	12	M	1	2	450096778	X
388472314	56180398	16	M	1	2	450096777	X
388472315	56180398	49	M	1	1	X	517508624
388472316	56180398	12	M	1	2	450096778	X
388649790	56181154	30	M	1	0	X	517507541
388649792	56181154	26	F	1	1	X	X
388796066	56176974	50	M	1	0	X	517507261
388796069	56179089	51	F	1	1	X	517508792
388796094	56185547	50	M	1	0	X	517507836
388796095	56185547	51	F	1	1	X	501428504
388833481	56177512	81	F	1	0	X	X
388996399	56180005	2	F	1	2	X	X
388996400	56180005	30	F	1	0	X	517663328
388996441	56183700	2	F	1	2	X	X
388996465	56184498	2	F	1	2	X	X
389122870	56177572	0	M	1	2	X	X
389122871	56177572	5	M	1	2	450066968	X
389122872	56177572	30	M	1	0	X	517662730
389122873	56177572	32	F	1	1	X	X
389339993	56178562	2	F	1	2	X	X
389339994	56178562	32	F	1	0	X	X
389340044	56178245	2	F	1	2	X	X
389340045	56178245	32	F	1	0	X	X
389340046	56178245	10	M	1	2	450091718	X
389430243	56181224	64	F	1	0	X	X
389430246	56183894	67	M	1	1	X	X
389430264	56179262	67	M	1	1	X	X
389439317	56181107	37	M	1	0	X	517507582
389439327	56183169	37	M	1	0	X	517508419
389439335	56182248	37	M	1	0	X	517509354
389439352	56181487	37	F	1	1	X	517508179
389739097	56177839	54	F	1	0	X	517507522
389739106	56183614	54	F	1	0	X	517508867
389739115	56183440	54	F	1	0	X	517662850
389739120	56180435	54	F	1	0	X	517507842
389739133	56178764	54	F	1	0	X	503023296
389739137	56183368	54	F	1	0	X	517508813
389739141	56180011	54	F	1	0	X	517663338
389739145	56184917	54	F	1	0	X	517508452
390293593	56183054	69	F	1	1	X	X
390374945	56184207	38	F	1	0	X	517508707
390374951	56182099	38	F	1	0	X	517507582
390374963	56182604	38	F	1	0	X	517508766
390406129	56181618	62	F	1	3	X	X
390406130	56181618	54	M	1	3	X	517508128
390406149	56185642	51	M	1	0	X	X
390406150	56185642	62	F	1	3	X	X
390521468	56179156	67	M	1	1	X	X
390521476	56182055	67	M	1	1	X	X
390521486	56184091	67	M	1	1	X	X
390521488	56179098	67	M	1	1	X	X
390521489	56179098	75	F	1	0	X	X
390521501	56184073	75	F	1	0	X	X
390580713	56184154	54	F	1	0	X	X
390580717	56185450	54	F	1	0	X	X
390807710	56181529	53	M	1	1	X	517507363
390807711	56181529	56	F	1	0	X	517508107
390807714	56180748	53	M	1	1	X	517508783
390807726	56177795	53	M	1	1	X	517507683
390807727	56177795	56	F	1	0	X	517507933
390807732	56185482	53	M	1	1	X	517508097
390807733	56185482	56	F	1	0	X	517507299
390807734	56177383	53	M	1	1	X	517662850
390807735	56177383	56	F	1	0	X	517662850
390807738	56184614	53	M	1	1	X	517662745
390807739	56184614	56	F	1	0	X	517508517
390807743	56177308	56	F	1	0	X	517662865
390813521	56177918	29	M	1	0	X	517663280
390813523	56179563	29	M	1	0	X	517662865
391009930	56182478	56	M	1	1	X	517508202
391009931	56182478	58	F	1	0	X	517663328
391009964	56183856	56	M	1	1	X	517507281
391118405	56181240	36	F	9	1	X	517663246
391118407	56180739	36	F	9	1	X	517508002
391118408	56180739	59	M	1	0	X	517662794
391118444	56181573	59	M	1	0	X	517507898
391186006	56178754	43	M	1	1	X	517508592
391186007	56178754	2	M	1	2	X	X
391186008	56178754	40	F	1	0	X	X
391186009	56178754	2	F	1	2	X	X
391186014	56183854	43	M	1	1	X	517507999
391186016	56183854	40	F	1	0	X	X
391261411	56179364	51	M	9	0	X	517507281
391261412	56179364	49	F	1	1	X	517663344
391261413	56179364	14	M	9	2	450096777	X
391415328	56178687	31	F	1	0	X	517662850
391415329	56178687	14	M	1	2	450091718	X
391415383	56177415	31	M	1	1	X	517508596
391415384	56177415	31	F	1	0	X	517662850
391415385	56177415	14	M	1	2	450096778	X
391415386	56177415	4	F	1	2	X	X
391415472	56183276	31	F	1	0	X	517508451
391415473	56183276	14	M	1	2	450096778	X
391415491	56178651	31	M	1	1	X	517508057
391415492	56178651	31	F	1	0	X	517662730
391415493	56178651	14	M	1	2	450091718	X
391415511	56178809	31	M	1	1	X	517508002
391415512	56178809	31	F	1	0	X	517508259
391415513	56178809	14	M	1	2	450096778	X
391415528	56178096	31	F	1	0	X	517508708
391415529	56178096	14	M	1	2	450091718	X
391415530	56178096	4	F	1	2	X	X
391415535	56183297	31	M	1	1	X	517508804
391415536	56183297	31	F	1	0	X	517508103
391415538	56183297	4	F	1	2	X	X
391596129	56182341	55	F	1	0	X	517508499
391596131	56182341	20	M	1	2	X	517507265
391596132	56182026	55	F	1	0	X	506980147
391596133	56182026	57	M	1	1	X	517508179
391596134	56182026	20	M	1	2	X	517663177
391596146	56178857	20	M	1	2	X	517508520
391596171	56178087	55	F	1	0	X	517507815
391596172	56178087	57	M	1	1	X	517663180
391596189	56179296	55	F	1	0	X	517508190
391596190	56179296	57	M	1	1	X	517508451
391596191	56179296	20	M	1	2	X	517508412
391596195	56180741	55	F	1	0	X	517508014
391596197	56180741	20	M	1	2	X	517508495
391596214	56178422	57	M	1	1	X	517507827
391596252	56184963	55	F	1	0	X	517508623
391649486	56178807	86	F	1	0	X	X
391738850	56179404	33	M	1	0	X	517508426
391738864	56181693	33	M	1	0	X	517507880
391977922	56184180	56	M	1	0	X	517509381
391977928	56182409	56	M	1	0	X	517507826
392033134	56181545	30	M	1	10	X	517508792
392033154	56180835	30	M	1	10	X	517508271
392033156	56177211	30	M	1	10	X	517507859
392033212	56180490	30	M	1	10	X	517508023
392033224	56178316	30	M	1	10	X	517508499
392033229	56178094	29	F	1	0	X	503065956
392033244	56180676	30	M	1	10	X	517507582
392033245	56180676	29	F	1	0	X	506980249
392033248	56185731	30	M	1	10	X	517507286
392033252	56178272	30	M	1	10	X	517662850
392033254	56183977	30	M	1	10	X	517508002
392033266	56181255	30	M	1	10	X	517663278
392033267	56181255	29	F	1	0	X	517507582
392033276	56183800	30	M	1	10	X	517507789
392074953	56184689	56	M	1	0	X	517507580
392074954	56184689	55	F	1	1	X	X
392074958	56185139	55	F	1	1	X	X
392074959	56184995	56	M	1	0	X	517507341
392074960	56184995	55	F	1	1	X	X
392074961	56180662	56	M	1	0	X	517508451
392074963	56176782	56	M	1	0	X	517508842
392074971	56178274	56	M	1	0	X	517507587
392074972	56178274	55	F	1	1	X	X
392403220	56180660	74	M	1	0	X	X
392403221	56179274	68	F	1	1	X	X
392583402	56179403	71	F	1	1	X	X
392583405	56181059	74	M	1	0	X	517663288
392583408	56177858	71	F	1	1	X	X
392583415	56178073	74	M	1	0	X	517662856
392583435	56177864	74	M	1	0	X	517663179
392779077	56181501	27	M	1	2	X	X
392779089	56180370	27	M	1	2	X	X
392987647	56178898	50	M	1	1	X	517507260
393297367	56182469	38	M	1	0	X	517508324
393297386	56182328	37	F	1	1	X	517663278
393297387	56182328	38	M	1	0	X	517508613
393297389	56182328	10	M	1	2	450091718	X
393297444	56183025	12	F	1	2	450096778	X
393297445	56183025	10	M	1	2	450096778	X
393297450	56182006	37	F	1	1	X	517508364
393297452	56182006	12	F	1	2	450096778	X
393397831	56177386	4	M	1	2	X	X
393397833	56176777	31	F	1	1	X	517662807
393397835	56176777	4	M	1	2	X	X
393397836	56176777	30	M	1	0	X	517662923
393397897	56185077	31	F	1	1	X	517507281
393397898	56185077	7	M	1	2	450091718	X
393397899	56185077	4	M	1	2	X	X
393530926	56184977	58	M	1	0	X	517508669
393530930	56181675	58	M	1	0	X	517507847
393561068	56185398	63	F	1	1	X	X
393561069	56185398	62	M	1	0	X	517508116
393561071	56179639	62	M	1	0	X	517508509
393561076	56183589	63	F	1	1	X	X
393711749	56182965	57	M	1	1	X	517508650
393711750	56182965	51	F	1	0	X	517508739
393711755	56185063	57	M	1	1	X	517508622
393711757	56183502	57	M	1	1	X	517662850
393711769	56179241	57	M	1	1	X	517508536
393711770	56179241	51	F	1	0	X	517508792
393711776	56185726	51	F	1	0	X	517508364
393758633	56179136	43	F	1	1	X	517508061
393758638	56179136	54	M	1	0	X	517508358
393758655	56185136	6	F	1	2	450096761	X
393758656	56185136	54	M	1	0	X	517508013
393758693	56181394	43	F	1	1	X	506879856
393758694	56181394	18	M	1	2	450096777	X
393758738	56182992	14	M	1	2	450091718	X
393758739	56182992	6	F	1	2	450096761	X
393972327	56179363	83	M	1	0	X	X
393972331	56179613	83	M	1	0	X	X
394523325	56178623	6	M	1	2	450096761	X
394523327	56178623	27	F	1	1	X	X
394523337	56179556	6	M	1	2	450096761	X
394523338	56179556	32	M	1	0	X	517508817
394523366	56183783	27	F	1	1	X	X
394535838	56185096	49	F	1	0	X	517507736
394535839	56185096	52	M	1	1	X	517507644
394535840	56179928	49	F	1	0	X	517507836
394745228	56184112	10	M	1	2	450096778	X
394745229	56184112	38	F	1	10	X	517507787
394745230	56184112	16	M	1	2	450096777	X
394745238	56185132	16	M	1	2	450096777	X
394745239	56185132	42	M	1	0	X	517508097
394745241	56178955	38	F	1	10	X	517508380
394745243	56178955	42	M	1	0	X	517508765
394745261	56180148	38	F	1	10	X	517508451
394745262	56180148	16	M	1	2	450096777	X
394745293	56180455	38	F	1	10	X	517508179
394745301	56181455	38	F	1	10	X	517508727
394745303	56181455	42	M	1	0	X	517507489
394745309	56184615	38	F	1	10	X	517507587
394745310	56184615	16	M	1	2	450096777	X
394745311	56184615	42	M	1	0	X	517507634
394745329	56184818	38	F	1	10	X	517505435
394745346	56182793	16	M	1	2	450096777	X
394745347	56182793	42	M	1	0	X	517507592
394745348	56176899	10	M	1	2	450096778	X
394745350	56176899	16	M	1	2	450096777	X
394745351	56176899	42	M	1	0	X	517662923
394745353	56182091	38	F	1	10	X	517507607
394745354	56182091	16	M	1	2	450096777	X
394745355	56182091	42	M	1	0	X	517507529
395024092	56179252	23	F	1	2	X	517508086
395024093	56179252	51	M	1	1	X	517507942
395024103	56178455	48	F	1	0	X	517508155
395024109	56183673	48	F	1	0	X	517508507
395024111	56183673	51	M	1	1	X	517508540
395111632	56177274	51	F	1	0	X	517662923
395111633	56177274	66	M	1	1	X	X
395111638	56182351	51	F	1	0	X	517507702
395111639	56182351	66	M	1	1	X	X
395111653	56184932	66	M	1	1	X	X
395111654	56183006	51	F	1	0	X	517508154
395111655	56183006	66	M	1	1	X	X
395111656	56181691	51	F	1	0	X	517508015
395111657	56181691	66	M	1	1	X	X
395111675	56184996	66	M	1	1	X	X
395111682	56185377	51	F	1	0	X	517507745
395111707	56182552	66	M	1	1	X	X
395111712	56177453	51	F	1	0	X	517508623
395111713	56177453	66	M	1	1	X	X
395111740	56184861	51	F	1	0	X	517662730
395111741	56184861	66	M	1	1	X	X
395111748	56177474	51	F	1	0	X	517662850
395289304	56179472	12	F	1	2	450096778	X
395289306	56179472	7	M	1	2	450096761	X
395289314	56180128	31	F	1	0	X	517507355
395289315	56180128	7	M	1	2	450091718	X
395289341	56177834	31	F	1	0	X	517508719
395289403	56183751	12	F	1	2	450096778	X
395289405	56183751	7	M	1	2	450096761	X
395289409	56178635	12	F	1	2	450091718	X
395289412	56185315	12	F	1	2	450091718	X
395289413	56185315	31	F	1	0	X	517508725
395289414	56185315	7	M	1	2	450091718	X
395289419	56179945	31	F	1	0	X	517508804
395289431	56177645	31	F	1	0	X	517662850
395289484	56178322	12	F	1	2	450091718	X
395289486	56178322	7	M	1	2	450091718	X
395289494	56179796	31	F	1	0	X	517507955
395289495	56179796	7	M	1	2	450091718	X
395458842	56181032	3	M	1	5	450094430	X
395458845	56181032	27	M	1	2	X	517508515
395458867	56181574	16	M	1	2	450058854	X
395458868	56181574	6	M	1	5	450096761	X
395458869	56181574	21	F	1	2	X	517508340
395458870	56181574	3	M	1	5	450094430	X
395458871	56181574	19	F	1	2	X	506980743
395458872	56181574	48	F	1	0	X	X
395684847	56180448	68	M	1	0	X	X
395684848	56180448	66	F	1	1	X	X
395684855	56184699	68	M	1	0	X	X
395684868	56184923	66	F	1	1	X	X
395798374	56179520	64	F	1	1	X	X
395807523	56181716	56	F	1	1	X	517663328
395807524	56181716	60	M	1	0	X	517508422
395807527	56176955	56	F	1	1	X	506317429
395807528	56176955	60	M	1	0	X	517662850
396262057	56182077	43	F	1	0	X	517507798
396262062	56183174	43	F	1	0	X	517508139
396262070	56181065	43	F	1	0	X	517508451
396384974	56178693	57	M	1	0	X	517508473
396384988	56181605	57	M	1	0	X	517508014
396384989	56181605	56	F	1	1	X	517507489
396384994	56185530	57	M	1	0	X	517508749
396384995	56185530	56	F	1	1	X	517508059
396659661	56177874	66	F	1	1	X	X
396659662	56177874	65	M	1	0	X	X
396659676	56181013	65	M	1	0	X	X
396659689	56180798	66	F	1	1	X	X
396659690	56180798	65	M	1	0	X	X
396659693	56181160	66	F	1	1	X	X
396734698	56178348	52	F	1	1	X	X
396734724	56185189	52	F	1	1	X	X
397067697	56182616	48	F	1	0	X	517508726
397067698	56182843	48	F	1	0	X	517508481
397067707	56182969	48	F	1	0	X	517508375
397067712	56177582	48	F	1	0	X	517508319
397067718	56178268	48	F	1	0	X	509156985
397067720	56182772	48	F	1	0	X	517507580
397067755	56183042	48	F	1	0	X	517508002
397067756	56183240	48	F	1	0	X	517508109
397162371	56185130	60	M	1	0	X	517663173
397162385	56179104	60	M	1	0	X	517507309
397162410	56181206	60	M	1	0	X	517662879
397162428	56181211	60	M	1	0	X	517508764
397162429	56183189	60	M	1	0	X	517508882
397162443	56181486	60	M	1	0	X	517508510
397745162	56185451	43	F	1	0	X	517507580
397745163	56185451	84	F	1	4	X	X
397806836	56183160	27	M	1	0	X	517662794
397806838	56183720	27	M	1	0	X	517662730
397806848	56179388	27	M	1	0	X	517507836
397806849	56180373	27	M	1	0	X	517662682
397806851	56177371	27	M	1	0	X	517662923
397806852	56183991	27	M	1	0	X	517508563
397983011	56180484	58	F	1	0	X	517508057
397983018	56178506	58	M	1	1	X	503021618
398012844	56182544	51	F	1	1	X	X
398012845	56182544	52	M	1	0	X	517507733
398012846	56180564	51	F	1	1	X	X
398169258	56181583	0	F	1	2	X	X
398169260	56181583	29	F	1	1	X	517507884
398193228	56178858	75	M	1	0	X	X
398193231	56178933	75	M	1	0	X	X
398193234	56177510	75	M	1	0	X	X
398301676	56182491	54	M	1	0	X	X
398301680	56181045	54	M	1	0	X	X
398301682	56178878	54	M	1	0	X	X
398304195	56183909	82	F	1	0	X	X
398771098	56185093	63	M	1	1	X	X
398771106	56178276	63	M	1	1	X	X
398889980	56180830	57	F	1	0	X	X
398889997	56182070	66	M	1	1	X	X
399237161	56180548	54	M	1	0	X	517663159
399237165	56178345	54	M	1	0	X	517662850
399237176	56185527	57	F	1	1	X	517507932
399237177	56185527	54	M	1	0	X	517508002
399286658	56179676	30	M	1	0	X	517508235
399286672	56183651	30	M	1	0	X	517508057
399319110	56178484	7	M	1	2	450091718	X
399319111	56178484	34	M	1	10	X	517508002
399319120	56183388	34	M	1	10	X	517508486
399319122	56184088	7	M	1	2	450091718	X
399319123	56184088	34	M	1	10	X	517508002
399319125	56179887	7	M	1	2	450091718	X
399319126	56179887	34	M	1	10	X	517508009
399319127	56179887	28	F	1	0	X	517508792
399319141	56184461	34	M	1	10	X	517508597
399319142	56184461	28	F	1	0	X	517508192
399319143	56181768	7	M	1	2	450096761	X
399319170	56178457	7	M	1	2	450096761	X
399319182	56181754	7	M	1	2	450096761	X
399319184	56181754	28	F	1	0	X	517507572
399319251	56177901	7	M	1	2	450100228	X
399319252	56177901	34	M	1	10	X	517662919
399319253	56177901	28	F	1	0	X	517662923
399319257	56176924	7	M	1	2	450097548	X
399319258	56176924	34	M	1	10	X	517663112
399319259	56176924	28	F	1	0	X	517508200
399319267	56183772	34	M	1	10	X	517508727
399319268	56183772	28	F	1	0	X	517508107
399319279	56185714	34	M	1	10	X	517508836
399319287	56184423	7	M	1	2	450096761	X
399319288	56184423	34	M	1	10	X	517508328
399319289	56184423	28	F	1	0	X	517507582
399319306	56183840	34	M	1	10	X	517507690
399319307	56183840	28	F	1	0	X	517508804
399319342	56176894	34	M	1	10	X	517508359
399319350	56176789	7	M	1	2	450096761	X
399319363	56178018	34	M	1	10	X	517508869
399512668	56183822	2	F	1	2	X	X
399681055	56183572	52	F	1	0	X	517508383
399982835	56176965	6	F	1	2	450096761	X
399982879	56180728	6	F	1	2	450096761	X
399982881	56180728	6	F	1	2	450066968	X
399982891	56185647	6	F	1	2	450096761	X
399982899	56185716	6	F	1	2	450096761	X
399982900	56185716	39	M	1	0	X	517508023
399982901	56185716	6	F	1	2	450058854	X
400027435	56180343	76	F	1	0	X	X
400027438	56182293	76	F	1	0	X	X
400431885	56178712	65	M	1	0	X	X
400431886	56178712	63	F	1	1	X	517662850
400863366	56180619	55	M	1	0	X	517508765
400863369	56181220	55	M	1	0	X	517508451
400863371	56181783	55	M	1	0	X	517662682
400863378	56183685	55	M	1	0	X	517508563
400863381	56179697	55	M	1	0	X	517508571
400863391	56182254	55	M	1	0	X	514200000
401138805	56176942	19	F	1	2	X	517508396
401138806	56176942	40	F	1	0	X	517508804
401138807	56176942	52	M	1	1	X	517508166
401138820	56182921	19	F	1	2	X	517663338
401138833	56179495	40	F	1	0	X	517508673
401138835	56184296	19	F	1	2	X	501427950
401138851	56179548	40	F	1	0	X	517508057
401138871	56184475	19	F	1	2	X	517508002
401138873	56184475	52	M	1	1	X	517507827
401138881	56183121	40	F	1	0	X	517663304
401138892	56184942	19	F	1	2	X	517508067
401138894	56184942	52	M	1	1	X	517507701
401138916	56184712	19	F	1	2	X	517508024
401138917	56184712	40	F	1	0	X	517507582
401138918	56184712	52	M	1	1	X	517508439
401138947	56182412	40	F	1	0	X	517508350
401138948	56182412	52	M	1	1	X	517662850
401138971	56185650	40	F	1	0	X	517508057
401138972	56185650	52	M	1	1	X	517508787
401138985	56183143	19	F	1	2	X	517508426
401138987	56183143	52	M	1	1	X	517508112
401138991	56185341	19	F	1	2	X	517507354
401138993	56185341	52	M	1	1	X	517508057
401138998	56178880	40	F	1	0	X	517662850
401138999	56178880	52	M	1	1	X	517508676
401241010	56181380	51	M	1	0	X	517508270
401388471	56185276	50	F	1	1	X	X
401388476	56183214	52	M	1	0	X	517508495
401471205	56185577	72	F	1	0	X	X
401471208	56178078	72	F	1	0	X	X
401471210	56178140	72	F	1	0	X	X
401471211	56182712	72	F	1	0	X	X
401489835	56177608	79	F	1	0	X	X
401513696	56180424	58	M	1	0	X	517663328
401524404	56177936	34	M	1	0	X	517663179
401524417	56177870	34	M	1	0	X	503022709
401524418	56183230	34	M	1	0	X	517508057
401524419	56179706	34	M	1	0	X	517508057
401524420	56180061	34	M	1	0	X	517507744
401524438	56180256	34	M	1	0	X	517508297
401524443	56177295	34	M	1	0	X	506980147
401524444	56180395	34	M	1	0	X	517662875
401524453	56183451	34	M	1	0	X	501428517
401618366	56178946	3	M	1	5	X	X
401618368	56178946	48	M	1	1	X	517508525
401657616	56181853	50	M	1	1	X	X
401657621	56182260	50	F	1	0	X	517507355
401657647	56181818	50	F	1	0	X	517508156
401657653	56180189	50	F	1	0	X	517508581
401667245	56183057	58	M	1	0	X	X
401667246	56178452	56	F	1	1	X	X
401667248	56178139	56	F	1	1	X	X
401667249	56178139	58	M	1	0	X	X
401667254	56185008	56	F	1	1	X	X
401667255	56185008	58	M	1	0	X	X
401667257	56182985	58	M	1	0	X	X
401804410	56183156	41	M	1	1	X	517508096
401804437	56181738	52	F	1	0	X	517508002
401804438	56181738	41	M	1	1	X	517507878
401993085	56179680	57	F	1	10	X	X
401993107	56178211	57	F	1	10	X	X
401993108	56178211	57	M	1	0	X	X
401993111	56183278	57	F	1	10	X	X
402449959	56183859	67	M	1	0	X	517507293
402449960	56183859	70	F	1	1	X	X
402449969	56184686	67	M	1	0	X	517508643
402449970	56184686	70	F	1	1	X	X
402449981	56181733	67	M	1	0	X	517662879
402449993	56185123	67	M	1	0	X	517507772
402603279	56181099	36	F	1	1	X	517663243
402621566	56183875	31	F	1	0	X	517508624
402621579	56184167	10	M	1	2	450096778	X
402621580	56184167	8	M	1	2	450096761	X
402621582	56183981	10	M	1	2	450096778	X
402621595	56184043	8	M	1	2	450096761	X
402701695	56184406	39	M	1	1	X	517663328
402701703	56179569	39	M	1	1	X	517508002
402701704	56179569	43	F	1	0	X	X
402883745	56177820	24	M	1	0	X	517663305
402883754	56184422	24	M	1	0	X	517508346
402883767	56183450	24	M	1	0	X	517507519
402944479	56179330	69	F	1	1	X	X
402944480	56179330	69	M	1	0	X	X
403013754	56180020	52	F	1	0	X	X
403013774	56178709	52	F	1	0	X	X
403021127	56180135	48	F	6	1	X	X
403021134	56180691	51	M	1	0	X	517662850
403021147	56178134	48	F	6	1	X	X
403021158	56180172	51	M	1	0	X	517508043
403124781	56178298	66	M	1	1	X	X
403124787	56185691	66	M	1	1	X	X
403124788	56185691	66	F	1	0	X	X
403124791	56178084	66	M	1	1	X	X
403124792	56178084	66	F	1	0	X	X
403242329	56184215	75	M	1	0	X	X
403501190	56185070	66	F	1	1	X	517507582
403501191	56185070	67	M	1	0	X	X
403501192	56184953	66	F	1	1	X	517507726
403501198	56177324	66	F	1	1	X	517508470
403501199	56177324	67	M	1	0	X	X
403564132	56177128	55	F	1	1	X	X
403564144	56180833	55	F	1	1	X	X
403572296	56179420	72	M	1	0	X	X
403603501	56178344	85	F	1	0	X	X
403623515	56178057	68	F	1	0	X	517508673
403623516	56178057	70	M	1	1	X	X
404046038	56181308	58	F	1	0	X	517508752
404116663	56181809	47	F	1	1	X	X
404116665	56181809	58	M	1	0	X	517507837
404116702	56178932	47	F	1	1	X	X
404116732	56184185	47	F	1	1	X	X
404116733	56184185	22	M	1	12	X	517662794
404116734	56184185	58	M	1	0	X	517508727
404116743	56179099	58	M	1	0	X	517662794
404116746	56182415	58	M	1	0	X	517507846
404116747	56179270	47	F	1	1	X	X
404116748	56179270	22	M	1	12	X	517508002
404116749	56179270	58	M	1	0	X	517508229
404376354	56181812	8	F	1	2	450091718	X
404376355	56181812	39	M	1	1	X	517508783
404520323	56185457	36	F	1	0	X	517508783
404520327	56184440	36	F	1	0	X	517508875
404520330	56180640	36	F	1	0	X	517507892
404520335	56182547	36	F	1	0	X	517507527
404531453	56177273	57	F	1	1	X	517662850
404531454	56177273	63	M	1	0	X	517508493
404533650	56184288	43	M	1	0	X	517508572
404533653	56179984	43	M	1	0	X	517507607
404533665	56181592	43	M	1	0	X	517508499
404533667	56183885	43	M	1	0	X	517507815
404533669	56181272	43	M	1	0	X	517507827
404533672	56183938	43	M	1	0	X	517508470
404533677	56182364	43	M	1	0	X	517508289
404533683	56182486	43	M	1	0	X	517508057
404533687	56183901	43	M	1	0	X	517508242
404533688	56178814	43	M	1	0	X	517508854
404533689	56183867	43	M	1	0	X	517508768
404533700	56183908	43	M	1	0	X	517508224
404533701	56179188	43	M	1	0	X	517663319
404533717	56184160	43	M	1	0	X	517508426
404533720	56176904	43	M	1	0	X	517508258
404533721	56182399	43	M	1	0	X	517662730
404533722	56183211	43	M	1	0	X	517508636
404641297	56181207	49	F	1	1	X	506979780
404641298	56181207	53	M	1	0	X	517508014
404641327	56177736	15	F	1	2	450096777	X
404641328	56177736	11	F	1	2	450096778	X
404641330	56177736	53	M	1	0	X	510063287
404641346	56184815	53	M	1	0	X	517507592
404641396	56185725	11	F	1	2	450091718	X
404710629	56177270	21	F	1	2	X	X
404710631	56177270	46	F	1	0	X	517509008
404710672	56183473	51	M	1	1	X	X
404710673	56183473	13	M	1	2	450096778	X
404710675	56183473	23	M	1	2	X	X
404730759	56181876	60	M	1	0	X	517508109
404730764	56177660	63	F	1	1	X	X
404836396	56183725	52	M	1	0	X	517508807
404836399	56184008	52	M	1	0	X	517508002
404836400	56184008	16	F	1	2	450096777	X
404836408	56178969	52	M	1	0	X	517508862
404836409	56178969	16	F	1	2	450096777	X
404836435	56183640	52	M	1	0	X	517508360
404836437	56183640	51	F	1	1	X	517507726
404836441	56179599	52	M	1	0	X	517508057
404836442	56179599	16	F	1	2	450096777	X
404836444	56182353	52	M	1	0	X	517507882
404836445	56182353	16	F	1	2	450096777	X
404836486	56179722	52	M	1	0	X	517508538
404836487	56179722	16	F	1	2	450096777	X
404836488	56179722	51	F	1	1	X	517508756
404836492	56183747	52	M	1	0	X	517662701
404836493	56183747	16	F	1	2	450096777	X
404836498	56185232	52	M	1	0	X	517508200
404836499	56185232	16	F	1	2	450096777	X
404836500	56185232	51	F	1	1	X	517508597
404836543	56184858	52	M	1	0	X	501427989
404836545	56184858	51	F	1	1	X	517508572
404836576	56179235	52	M	1	0	X	517508066
404836577	56179235	16	F	1	2	450096777	X
404836578	56179235	51	F	1	1	X	517507582
404836579	56181424	52	M	1	0	X	517508808
404836580	56181424	16	F	1	2	450096777	X
404836581	56181424	51	F	1	1	X	517663177
404836585	56180727	52	M	1	0	X	517663327
404836586	56180727	16	F	1	2	450096777	X
404836595	56180207	16	F	1	2	450096777	X
404836654	56179966	52	M	1	0	X	517508869
404836655	56179966	16	F	1	2	450096777	X
404836681	56184143	52	M	1	0	X	517507270
404836683	56184143	51	F	1	1	X	517662850
405000591	56177552	59	M	1	0	X	517662850
405000592	56185445	56	F	1	10	X	X
405000593	56185445	59	M	1	0	X	501428328
405000594	56185503	56	F	1	10	X	X
405000595	56185503	59	M	1	0	X	517507364
405000604	56185074	56	F	1	10	X	X
405000605	56185074	59	M	1	0	X	517508059
405000608	56183790	56	F	1	10	X	X
405000612	56177001	56	F	1	10	X	X
405000613	56177001	59	M	1	0	X	517662850
405047894	56184568	24	M	1	0	X	517508013
405047900	56183051	24	M	1	0	X	517508483
405047905	56177869	24	M	1	0	X	517663173
405077714	56184346	36	M	1	0	X	517507293
405077716	56184346	14	F	1	12	450096778	X
405077726	56181389	36	M	1	0	X	517508469
405077727	56181389	16	M	1	12	450096777	X
405077728	56181389	14	F	1	12	450096778	X
405077729	56181389	34	F	1	10	X	517508871
405358675	56180934	71	F	1	1	X	X
405358676	56180934	74	M	1	0	X	X
405597770	56185537	87	M	6	0	X	X
405597777	56185005	82	F	6	1	X	X
405597778	56185005	87	M	6	0	X	X
405770161	56179657	67	F	1	0	X	X
405936468	56178337	24	F	1	1	X	517663180
405936513	56180290	24	F	1	1	X	517507586
405936515	56180290	25	M	1	0	X	517507481
405936537	56183985	24	F	1	1	X	517508833
405936538	56183985	1	F	1	2	X	X
405936539	56183985	25	M	1	0	X	517508426
405936570	56176921	24	F	1	1	X	517507293
405936572	56176921	25	M	1	0	X	517508024
405945620	56182194	36	F	1	0	X	517508563
406090588	56182825	57	F	1	1	X	X
406090589	56182825	57	M	1	0	X	517508812
406428155	56180557	55	F	1	1	X	X
406490808	56183110	3	F	1	2	X	X
406490809	56183110	1	F	1	2	X	X
406490810	56183110	7	M	1	2	450091718	X
406490812	56183110	31	M	1	0	X	517508057
406490813	56183110	29	F	1	1	X	X
406490827	56176875	1	F	1	2	X	X
406490828	56176875	7	M	1	2	450096761	X
406624384	56177935	53	F	1	1	X	517662850
406624387	56177829	62	M	2	0	X	X
406624388	56177997	53	F	1	1	X	517663177
406624389	56177997	62	M	2	0	X	X
406624391	56177900	62	M	2	0	X	X
406624392	56177803	53	F	1	1	X	517663180
406624394	56177806	53	F	1	1	X	517662850
406624406	56177862	53	F	1	1	X	506979768
406624407	56177862	62	M	2	0	X	X
406624411	56178026	62	M	2	0	X	X
406624417	56177953	62	M	2	0	X	X
406624420	56178001	53	F	1	1	X	517662850
406624421	56178001	62	M	2	0	X	X
406624422	56178066	53	F	1	1	X	517508470
406624423	56178066	62	M	2	0	X	X
406624427	56178069	62	M	2	0	X	X
406624430	56178043	53	F	1	1	X	517508516
406624432	56177973	53	F	1	1	X	517508002
406624433	56177973	62	M	2	0	X	X
406624442	56177848	53	F	1	1	X	517507847
406624443	56177848	62	M	2	0	X	X
406624444	56177814	53	F	1	1	X	517663149
406624445	56177814	62	M	2	0	X	X
406624448	56177992	53	F	1	1	X	517662609
406624449	56177992	62	M	2	0	X	X
406624463	56177865	62	M	2	0	X	X
406624464	56178015	53	F	1	1	X	517508364
406624465	56178015	62	M	2	0	X	X
406624470	56177844	53	F	1	1	X	517509014
406624471	56177844	62	M	2	0	X	X
406624478	56177826	53	F	1	1	X	517508391
406624479	56177826	62	M	2	0	X	X
406624488	56177800	53	F	1	1	X	517508828
406624489	56177800	62	M	2	0	X	X
406714572	56180286	39	M	1	0	X	517507623
406714573	56180286	32	F	1	1	X	517662919
406714574	56180286	4	F	1	2	450066968	X
406714603	56183076	1	F	1	2	X	X
406714604	56183076	39	M	1	0	X	517662730
406714605	56183076	32	F	1	1	X	517508057
406714606	56183076	4	F	1	2	450058854	X
406819134	56183753	30	F	1	0	X	517507721
406819135	56183753	31	M	1	1	X	517507363
406878885	56184205	24	M	9	10	X	517508179
406878932	56184056	21	F	1	0	X	517663146
407220391	56181103	63	F	1	1	X	517662896
407220392	56181103	65	M	1	0	X	X
407220393	56177043	63	F	1	1	X	517508304
407220394	56177043	65	M	1	0	X	X
407220403	56176797	63	F	1	1	X	517662850
407220413	56177708	63	F	1	1	X	517663295
407231397	56185099	62	F	1	3	X	517508652
407231415	56182149	62	F	1	3	X	517508582
407248312	56183461	57	F	1	0	X	517663184
407248313	56183461	10	M	1	5	450096761	X
407542347	56185492	28	M	9	0	X	X
407545149	56183024	55	M	1	0	X	501427779
407742878	56182429	62	M	1	1	X	517508270
407742892	56177520	62	M	1	1	X	517662850
407742896	56185071	62	M	1	1	X	517508434
407742897	56185071	58	F	1	0	X	X
407750186	56185588	67	M	1	1	X	517508112
407750197	56184752	63	F	1	0	X	517508058
407750200	56181416	67	M	1	1	X	517507635
407750203	56178511	63	F	1	0	X	517508767
407856688	56177528	6	M	1	2	450097548	X
407856690	56177528	43	M	1	1	X	517662850
407898746	56182540	51	M	1	0	X	517508426
407898747	56182540	52	F	1	1	X	517508002
407898757	56177119	52	F	1	1	X	517507799
407898758	56183097	51	M	1	0	X	517507690
407898759	56183097	52	F	1	1	X	517508511
407898768	56177693	51	M	1	0	X	517662850
408051709	56179679	46	F	1	6	X	X
408051765	56181218	44	M	1	2	X	X
408051766	56181218	46	F	1	6	X	X
408051767	56181218	67	F	1	0	X	X
408284895	56177707	52	M	1	0	X	517508339
408548712	56177333	12	F	1	2	450096778	X
408548724	56179617	12	F	1	2	450096778	X
408548729	56184104	34	F	1	0	X	517662896
408548747	56184499	34	F	1	0	X	517507690
408548749	56184499	11	M	1	2	450058854	X
408857488	56182530	18	F	1	2	450096777	X
408857489	56182530	43	F	1	1	X	517508673
408857496	56182632	40	M	1	0	X	517508426
408857498	56182632	43	F	1	1	X	517508045
408987873	56182884	45	F	1	0	X	517507324
409855067	56182973	52	F	1	0	X	517508615
409855077	56181403	52	F	1	0	X	517508014
409855081	56182295	52	F	1	0	X	517507582
409855101	56181470	52	F	1	0	X	517507798
409855102	56181470	52	M	1	10	X	517508043
410133793	56176923	5	M	1	2	450096761	X
410133794	56176923	27	M	1	0	X	517508804
410133800	56180413	7	M	1	2	450091718	X
410246940	56183494	29	F	1	0	X	517507799
410675460	56182126	50	M	1	0	X	517663331
410675461	56182126	57	F	1	1	X	517508657
410899842	56176944	60	F	1	0	X	517509009
410899847	56178895	60	F	1	0	X	517508763
410936568	56179016	56	M	1	1	X	517507928
410936601	56179170	56	M	1	1	X	517507675
410936609	56185090	16	F	1	7	450096777	X
410936611	56185090	55	F	1	0	X	X
410936627	56178679	16	F	1	7	450096777	X
410936629	56178679	55	F	1	0	X	X
411122687	56180734	55	F	1	1	X	517507721
411122702	56182037	59	M	1	0	X	X
411122703	56182037	55	F	1	1	X	517507500
411315854	56182278	50	M	1	0	X	517507582
411315855	56182278	47	F	1	1	X	X
411315856	56182278	14	M	1	2	450096777	X
411315867	56183004	47	F	1	1	X	X
411315868	56183004	14	M	1	2	450096777	X
411315880	56185213	14	M	1	2	450096777	X
411315883	56184739	14	M	1	2	450096777	X
411315907	56184867	14	M	1	2	450096777	X
411315937	56177773	14	M	1	2	450096777	X
411396473	56181024	49	M	1	0	X	517508358
411396474	56181024	51	F	1	10	X	517508436
411396489	56181926	49	M	1	0	X	517508014
411396490	56181926	51	F	1	10	X	517508007
411396492	56185571	51	F	1	10	X	517508103
411396497	56185059	49	M	1	0	X	517507500
411396502	56181653	51	F	1	10	X	514204246
411396533	56181094	49	M	1	0	X	517662850
411647699	56179620	70	F	1	0	X	X
411647702	56179668	70	F	1	0	X	X
411715614	56178697	56	F	1	1	X	517507972
411715635	56177650	48	M	1	0	X	517663301
412232090	56182928	44	M	1	0	X	517508636
412232091	56182928	17	M	1	2	450096777	517663280
412232096	56180117	23	F	1	2	X	506979625
412232097	56180117	44	F	1	1	X	517663248
412248786	56183637	26	M	1	0	X	517507959
412248787	56179460	26	M	1	0	X	517507365
412248815	56183419	26	M	1	0	X	517507324
412248824	56185423	26	M	1	0	X	517662747
412248830	56183574	26	M	1	0	X	517508281
412248844	56177361	26	M	1	0	X	517662746
412248848	56179916	26	M	1	0	X	517508057
412248857	56179788	26	M	1	0	X	517507582
412248860	56181505	26	M	1	0	X	517662878
412248869	56178515	26	M	1	0	X	517508002
412276474	56183109	50	F	1	0	X	517662919
412276494	56183892	50	F	1	0	X	517508804
412276497	56179647	57	M	1	1	X	517508002
412387042	56184276	30	F	1	10	X	517662923
412387043	56184276	39	M	1	0	X	517507948
412387057	56183927	39	M	1	0	X	517508238
412387073	56183019	39	M	1	0	X	517508637
412387078	56182808	30	F	1	10	X	517508763
412387079	56182808	39	M	1	0	X	517508057
412387119	56184195	39	M	1	0	X	517507889
412387147	56183065	39	M	1	0	X	517507912
412387153	56182738	39	M	1	0	X	517507815
412387176	56183101	30	F	1	10	X	517508097
412387177	56183101	39	M	1	0	X	517508881
412387178	56179513	30	F	1	10	X	517507293
412387180	56183069	30	F	1	10	X	517662850
412387181	56183069	39	M	1	0	X	517662850
412623775	56182475	55	F	1	0	X	517508780
412623819	56180632	55	F	1	0	X	517508109
412623820	56180632	61	M	1	10	X	517508102
412628584	56179059	69	F	1	0	X	517508057
412628585	56179059	25	F	9	8	X	X
412628587	56179059	28	M	1	5	X	X
412628611	56185612	4	M	9	8	X	X
412628612	56185612	28	M	1	5	X	X
412628613	56185612	74	M	1	1	X	X
413076123	56182221	56	M	1	0	X	517507827
413096210	56180276	27	M	1	0	X	517508532
413231810	56184765	50	F	1	1	X	X
413231859	56177571	67	M	1	0	X	517662850
413263288	56182719	3	F	1	2	X	X
413274407	56182315	58	M	1	0	X	517508179
414168114	56185027	64	M	1	0	X	517508612
414168115	56185027	56	F	1	1	X	517506611
414168150	56181471	64	M	1	0	X	517663338
414168151	56181471	56	F	1	1	X	517508057
414257250	56176827	49	M	1	0	X	517508739
414257253	56178992	49	M	1	0	X	517508563
414526642	56185685	35	M	1	0	X	517507785
414526648	56180200	35	M	1	0	X	506878227
414526658	56178989	35	M	1	0	X	517508002
414713847	56181060	82	F	1	1	X	X
414713848	56181060	79	M	1	0	X	X
414713859	56176850	82	F	1	1	X	X
414713860	56176850	79	M	1	0	X	X
414713873	56177658	82	F	1	1	X	X
414713874	56177658	79	M	1	0	X	X
414917442	56182707	26	M	1	2	X	517508092
414917457	56182988	26	M	1	2	X	517508623
414917461	56178787	50	M	1	0	X	X
414931261	56185701	26	F	1	1	X	X
414931267	56184982	26	F	1	1	X	X
414931270	56184604	29	M	8	0	X	517662850
414931271	56184604	26	F	1	1	X	X
414931272	56184333	29	M	8	0	X	517508426
414931285	56184318	26	F	1	1	X	X
414931303	56184407	26	F	1	1	X	X
414931305	56184280	26	F	1	1	X	X
414931307	56184590	26	F	1	1	X	X
414931343	56184814	26	F	1	1	X	X
414931344	56184457	29	M	8	0	X	517508112
414931348	56185187	29	M	8	0	X	517508339
414931368	56185082	29	M	8	0	X	517508730
414931369	56185082	26	F	1	1	X	X
414931378	56184274	29	M	8	0	X	517508884
414931379	56184274	26	F	1	1	X	X
414931380	56184270	29	M	8	0	X	517507778
414957545	56179596	65	M	1	0	X	X
414957546	56179596	64	F	1	1	X	517662884
414957554	56185207	64	F	1	1	X	517509004
414957562	56184343	64	F	1	1	X	517508200
414957564	56178923	64	F	1	1	X	517507914
414957571	56179410	65	M	1	0	X	X
414957572	56179410	64	F	1	1	X	517508788
415000495	56180021	32	F	1	1	X	517508200
415000497	56183567	32	F	1	1	X	517508290
415000526	56183692	34	M	1	0	X	517508869
415000528	56179511	34	M	1	0	X	517508672
415000529	56179511	32	F	1	1	X	517663095
415115895	56185671	72	M	1	0	X	517507292
415115896	56176929	56	F	1	1	X	517662923
415115897	56176929	72	M	1	0	X	517663176
415115918	56177561	56	F	1	1	X	517509347
415115951	56180169	72	M	1	0	X	517507619
415115959	56178016	72	M	1	0	X	517663177
415536275	56180421	62	M	1	0	X	517662803
415536282	56181745	62	M	1	0	X	517508788
415536284	56178914	62	M	1	0	X	517508002
415536321	56180543	62	M	1	0	X	517508418
415536335	56180330	62	M	1	0	X	517508110
415536336	56180408	62	M	1	0	X	517507306
415627528	56183520	13	M	1	2	450096778	X
415627533	56183839	78	M	1	6	X	X
415627535	56183839	44	M	1	1	X	517508520
415627553	56179280	78	M	1	6	X	X
415627555	56179280	44	M	1	1	X	517508497
415627556	56179280	13	M	1	2	450096778	X
415627560	56179574	13	M	1	2	450096778	X
415627666	56184726	46	F	1	0	X	X
415627667	56184726	44	M	1	1	X	517508875
415627668	56184726	13	M	1	2	450091718	X
415847442	56176980	92	M	1	0	X	X
415847450	56177080	92	M	1	0	X	X
416060753	56176856	60	F	1	0	X	506979967
416060757	56183132	60	F	1	0	X	517505220
416105765	56184458	0	F	9	2	X	X
416105766	56184458	50	F	1	1	X	517507826
416105767	56184421	37	M	8	0	X	X
416105773	56184404	37	M	8	0	X	X
416105779	56184252	37	M	8	0	X	X
416105780	56184252	0	F	9	2	X	X
416187822	56183967	79	F	1	0	X	X
416187827	56180463	79	F	1	0	X	X
416222329	56179892	35	M	1	1	X	517508179
416222342	56178234	5	M	1	2	450096761	X
416222357	56183318	35	M	1	1	X	517507518
416222358	56183318	5	M	1	2	450096761	X
416222359	56183318	34	F	1	0	X	517508387
416241473	56183701	26	M	1	0	X	517507947
416241476	56181088	21	F	1	1	X	X
416241492	56179717	21	F	1	1	X	X
416241493	56179717	26	M	1	0	X	517507933
416366459	56182009	55	M	1	2	X	517663295
416366460	56182009	77	F	1	0	X	X
416366476	56176891	53	M	1	2	X	517662850
416366477	56176891	55	M	1	2	X	517663126
416366479	56177123	53	M	1	2	X	517662850
416366480	56177123	55	M	1	2	X	517662847
416366492	56184629	55	M	1	2	X	517662850
416366493	56184629	77	F	1	0	X	X
416448734	56185233	56	F	1	0	X	517508753
416448745	56176934	56	F	1	0	X	517663177
416631280	56182333	35	F	1	0	X	X
416631281	56182333	43	M	1	1	X	517507744
416631313	56180400	10	M	1	2	450091718	X
416631315	56180400	35	F	1	0	X	X
416631316	56180400	43	M	1	1	X	517508057
416631360	56181978	35	F	1	0	X	X
416631362	56181978	8	F	1	2	450091718	X
416750762	56184202	27	F	1	10	X	517662686
416750798	56176793	27	F	1	10	X	517508585
416750806	56184444	27	F	1	10	X	517508867
416750810	56183887	27	F	1	10	X	517508116
416750811	56183887	28	M	1	0	X	517508486
416750837	56177569	28	M	1	0	X	517508766
416750848	56184348	27	F	1	10	X	517508112
416961491	56182202	5	M	1	2	450058854	X
416961493	56182202	40	M	1	0	X	517508788
417051885	56183442	49	M	1	0	X	517507929
417127720	56185409	58	F	1	0	X	517507814
417130814	56182049	92	F	1	0	X	X
417130828	56182403	92	F	1	0	X	X
417222164	56177246	57	F	1	1	X	517663103
417222165	56177246	57	M	1	0	X	517507516
417222190	56178701	57	F	1	1	X	517507693
417222196	56179032	57	F	1	1	X	517508373
417222199	56179122	57	M	1	0	X	517507830
417253919	56178221	3	M	1	2	X	X
417253920	56178221	27	F	1	0	X	X
417253921	56178221	31	M	1	1	X	517507544
417253955	56177816	27	F	1	0	X	X
417253956	56177816	31	M	1	1	X	506317429
417253957	56177816	5	F	1	2	450094430	X
417253958	56177816	0	M	1	2	X	X
417526778	56185248	18	M	1	2	X	517508057
417526789	56180793	46	M	1	1	X	517508428
417526798	56184875	46	M	1	1	X	517507364
417526801	56179381	46	M	1	1	X	517508059
417526803	56180971	44	F	1	0	X	517507744
417526804	56180971	46	M	1	1	X	517508744
417526805	56180971	18	M	1	2	X	517507558
417526809	56179922	44	F	1	0	X	517508347
417526819	56182391	46	M	1	1	X	517663180
417571641	56183712	24	F	1	0	X	X
417571642	56183712	1	F	1	2	X	X
417571643	56183712	4	M	1	2	X	X
417571644	56183712	28	M	1	1	X	517508109
417571649	56184149	24	F	1	0	X	X
417571651	56184149	4	M	1	2	X	X
417696317	56181055	80	M	1	1	X	517507545
417696334	56184212	77	F	1	0	X	X
417970141	56180027	19	M	1	2	X	517663278
417970142	56180027	24	M	1	2	X	517508510
417970163	56183184	45	F	1	1	X	X
417970170	56182953	24	M	1	2	X	517662850
417970172	56182953	49	M	1	0	X	517508128
418043172	56181856	57	F	1	0	X	517508415
418043173	56181856	57	M	1	1	X	517508293
418043193	56180060	57	M	1	1	X	517508881
418043196	56178335	57	F	1	0	X	517507263
418043205	56180426	57	M	1	1	X	517508532
418043209	56182193	57	M	1	1	X	517508776
418095258	56178740	60	F	1	1	X	X
418095259	56178740	57	M	1	0	X	X
418095276	56182882	60	F	1	1	X	X
418095277	56182882	57	M	1	0	X	X
418095299	56180287	57	M	1	0	X	X
418095301	56184946	57	M	1	0	X	X
418095315	56178063	57	M	1	0	X	X
418095366	56181897	60	F	1	1	X	X
418147197	56178568	70	F	1	0	X	X
418147209	56179430	70	F	1	0	X	X
418147210	56179157	69	M	1	1	X	X
418147224	56176940	69	M	1	1	X	X
418147225	56176940	70	F	1	0	X	X
418147238	56176876	69	M	1	1	X	X
418147239	56176876	70	F	1	0	X	X
418317344	56185346	4	M	1	12	X	X
418317345	56185346	30	F	1	10	X	517508017
418317346	56185346	36	M	9	0	X	517508324
418353916	56176776	5	M	1	2	450096761	X
418353918	56176776	33	F	1	0	X	517507305
418353932	56184225	11	M	1	2	450096778	X
418414435	56180051	52	M	1	0	X	517508002
418414436	56180051	50	F	1	1	X	X
418470384	56185272	48	M	1	0	X	517508789
418543303	56182444	56	M	1	1	X	517507305
418543304	56182444	54	F	1	0	X	517662887
418578317	56178024	69	M	1	0	X	X
418578327	56180760	69	M	1	0	X	X
418731547	56179883	39	M	1	0	X	517508703
418731548	56183095	39	M	1	0	X	517508538
418731549	56185599	39	M	1	0	X	517507964
418731557	56184268	39	M	1	0	X	517508002
418760356	56178815	15	M	1	2	450096777	X
418839423	56180045	31	F	8	1	X	517508063
418839424	56180045	42	M	1	0	X	517508730
418839427	56184445	31	F	8	1	X	517508014
418839428	56184445	42	M	1	0	X	517508107
418839449	56180047	31	F	8	1	X	517508456
418839456	56184477	42	M	1	0	X	517507942
418839462	56183890	42	M	1	0	X	517507511
418839510	56183205	42	M	1	0	X	517508426
418839522	56182195	42	M	1	0	X	517508295
419121515	56184683	12	F	1	2	450091718	X
419121516	56184683	37	M	1	1	X	517507928
419121517	56185252	41	F	1	0	X	X
419121561	56184824	37	M	1	1	X	517507914
419233939	56182438	17	F	1	2	450096777	X
419233946	56178258	57	F	1	0	X	517509009
419233963	56180401	17	F	1	2	450096777	X
419233964	56180401	57	F	1	0	X	517508575
419324519	56180225	30	M	1	0	X	517508627
419324520	56178564	30	M	1	0	X	517507945
419324522	56177135	30	M	1	0	X	517508669
419326713	56178124	28	F	1	2	X	517663171
419326714	56178124	54	M	1	1	X	517663177
419326718	56184171	54	M	1	1	X	517508049
419370790	56180745	47	M	1	0	X	517508516
419370791	56180745	48	F	1	1	X	X
419370796	56181889	47	M	1	0	X	517662850
419370797	56181889	48	F	1	1	X	X
419370804	56177206	47	M	1	0	X	517508674
419370807	56184767	48	F	1	1	X	X
419370808	56178622	47	M	1	0	X	517507281
419370809	56178622	48	F	1	1	X	X
419370810	56185546	47	M	1	0	X	517508235
419370816	56180609	47	M	1	0	X	506880272
419370817	56180609	48	F	1	1	X	X
419380412	56183880	35	F	1	1	X	517507324
419380414	56183880	14	F	1	2	450096777	X
419380416	56183880	17	F	1	2	450096777	X
419380418	56180233	35	F	1	1	X	517508179
419380419	56180233	41	M	1	0	X	517508043
419380420	56180233	14	F	1	2	450096777	X
419380421	56180233	16	F	1	2	450096777	X
419380481	56183921	16	F	1	2	450096777	X
419380482	56183921	17	F	1	2	450096777	X
419408865	56180114	50	M	1	0	X	506878750
419408887	56180249	50	M	1	0	X	517663260
419408891	56177237	50	M	1	0	X	517507910
419408907	56177086	50	M	1	0	X	517508674
419523222	56181596	61	F	1	1	X	X
419523236	56183292	61	F	1	1	X	X
419523244	56181235	61	F	1	1	X	X
419523283	56182191	64	M	1	0	X	X
419523295	56180368	64	M	1	0	X	X
419552327	56181892	82	F	1	1	X	X
419552328	56181892	82	M	1	0	X	X
419552334	56179149	82	M	1	0	X	X
419552343	56180375	82	F	1	1	X	X
419552344	56180375	82	M	1	0	X	X
124213792	56183726	17	M	1	2	450096777	X
124213793	56183726	50	M	1	0	X	517507981
124213794	56178917	49	F	1	1	X	517508057
124213795	56178917	17	M	1	2	450096777	X
124213797	56183372	49	F	1	1	X	517662741
124213798	56183372	17	M	1	2	450096777	X
124213799	56183372	50	M	1	0	X	517508140
124262461	56183350	4	F	1	2	450058854	X
124262462	56183350	29	M	1	1	X	517508756
124262476	56178388	4	F	1	2	450058854	X
124262478	56178388	27	F	1	0	X	503068839
124282378	56180673	26	M	1	0	X	517508856
124299469	56183680	51	F	1	0	X	517508197
124299470	56183680	50	M	1	1	X	517508057
124299475	56181715	51	F	1	0	X	517508014
124299477	56185413	51	F	1	0	X	517507582
124299484	56179014	50	M	1	1	X	517508542
124299493	56181153	51	F	1	0	X	517663306
124299495	56180295	51	F	1	0	X	517507827
124299496	56180295	50	M	1	1	X	517507690
124299501	56183766	51	F	1	0	X	517507785
124299502	56183766	50	M	1	1	X	517508873
124299507	56182086	51	F	1	0	X	517507355
124299527	56182577	51	F	1	0	X	517663177
124299528	56182577	50	M	1	1	X	517507745
124309634	56179522	54	M	1	0	X	517507582
124358818	56178994	92	F	1	0	X	X
124369428	56182822	49	F	1	0	X	517507582
124369436	56183655	49	F	1	0	X	517507932
124419784	56184037	69	M	1	0	X	517508726
124419801	56180976	68	F	1	1	X	X
124450016	56177639	55	F	1	0	X	517508713
124450017	56177639	55	M	1	1	X	510063139
124477699	56180050	35	M	1	0	X	517663289
124477719	56182015	35	M	1	0	X	517507481
124531301	56179370	20	M	1	2	X	517507410
124531336	56176947	45	M	1	0	X	517662825
124556115	56184650	59	F	1	0	X	517507587
124556122	56182185	62	M	1	1	X	X
124785819	56180579	17	F	1	2	450096777	X
124785825	56181345	17	F	1	2	450096777	X
124785827	56180969	14	M	1	2	450096778	X
124785828	56180969	17	F	1	2	450096777	X
124785837	56181014	17	F	1	2	450096777	X
124785845	56184190	14	M	1	2	450096778	X
124785846	56184190	17	F	1	2	450096777	X
124894881	56181534	60	F	1	1	X	X
124894882	56181534	1	M	1	5	X	X
124894883	56181534	2	F	1	5	X	X
124894884	56181534	61	M	1	0	X	517507820
124894885	56181534	27	M	1	2	X	517507677
124894886	56181534	24	F	1	2	X	X
124894905	56178365	60	F	1	1	X	X
124894906	56178365	1	M	1	5	X	X
124894907	56178365	2	F	1	5	X	X
124894908	56178365	61	M	1	0	X	517507958
124894910	56178365	24	F	1	2	X	X
124894920	56183389	61	M	1	0	X	517508826
124894921	56183389	27	M	1	2	X	517508023
124894922	56183389	24	F	1	2	X	X
124922301	56179618	66	F	1	0	X	X
124922318	56178535	66	F	1	0	X	X
125132746	56180769	56	M	1	0	X	517507390
125274678	56182625	24	F	1	0	X	517508623
125274684	56182565	24	F	1	0	X	517508107
125588138	56183183	13	M	1	2	450091718	X
125627552	56181332	25	M	1	0	X	517508451
125933502	56177045	47	M	1	0	X	517663294
125960270	56179840	42	F	1	0	X	517507855
125960274	56179558	42	F	1	0	X	517508432
125960276	56182758	42	F	1	0	X	517507925
126177343	56177545	36	M	1	1	X	509156244
126177352	56177632	36	F	1	0	X	517508652
126177354	56177494	36	F	1	0	X	517508285
126177357	56183961	36	M	1	1	X	517508869
126177358	56183961	36	F	1	0	X	517508403
126313153	56177735	56	M	1	1	X	517662923
126313154	56177735	55	F	1	0	X	517508057
126313157	56181044	56	M	1	1	X	517507607
126355799	56179597	28	M	1	0	X	517508618
126355881	56180221	8	F	1	2	450091718	X
126355883	56179791	28	M	1	0	X	517507580
126355890	56183587	8	F	1	2	450096761	X
126355896	56184505	8	F	1	2	450096761	X
126711494	56184166	44	F	1	0	X	517507690
126711496	56184166	15	F	1	2	450096777	X
126711498	56184166	11	M	1	2	450096778	X
126711501	56182259	44	F	1	0	X	517507934
126711502	56182259	15	M	1	2	450096777	X
126711503	56182259	15	F	1	2	450096777	X
126711504	56182259	17	M	1	2	450096777	517508752
126711537	56181919	15	M	1	2	450096777	X
126711538	56181919	15	F	1	2	450096777	X
126711541	56181919	19	F	1	2	X	517507798
126711542	56184408	6	M	1	2	450096761	X
126711543	56184408	44	F	1	0	X	517507550
126711545	56184408	15	F	1	2	450096777	X
126711548	56184408	19	F	1	2	X	517507930
126711572	56182029	15	M	1	2	450096777	X
126711573	56182029	15	F	1	2	450096777	X
126711591	56182069	6	M	1	2	450091718	X
126711595	56182069	17	M	1	2	450096777	517507933
126711596	56182069	11	M	1	2	450091718	X
126711636	56184261	15	F	1	2	450096777	X
126711639	56184261	19	F	1	2	X	517507796
126711654	56184542	6	M	1	2	450096761	X
126711657	56184542	15	F	1	2	450096777	X
126711675	56184500	6	M	1	2	450096761	X
126711677	56184500	15	M	1	2	450096777	X
126711678	56184500	15	F	1	2	450096777	X
126716797	56178957	2	M	1	5	X	X
126716799	56178957	23	F	1	2	X	517508002
126716821	56183479	2	M	1	5	X	X
126716822	56183479	0	F	1	5	X	X
126716823	56183479	23	F	1	2	X	517507958
127285447	56184305	7	M	8	2	450096761	X
127285451	56184305	32	F	8	1	X	517507592
127285452	56184305	36	M	8	0	X	517507406
127285453	56184548	20	M	8	7	X	517508544
127285455	56184548	13	M	8	2	450096778	X
127285456	56184548	14	F	8	2	450096778	X
127285457	56184548	15	F	8	2	450096777	X
127529788	56177764	24	M	1	5	X	X
127529835	56178771	68	F	1	0	X	X
127733514	56177793	66	F	1	1	X	X
127798568	56178795	56	M	8	1	X	517508278
127798583	56181660	54	F	1	0	X	X
127812031	56182269	50	M	1	0	X	X
127812033	56181436	50	M	1	0	X	X
127812041	56177077	50	M	1	0	X	X
127812061	56180742	50	M	1	0	X	X
127812064	56181360	50	M	1	0	X	X
127812065	56185011	50	M	1	0	X	X
127812086	56181560	50	M	1	0	X	X
127812087	56178407	50	M	1	0	X	X
127812094	56179942	50	M	1	0	X	X
127812095	56177692	50	M	1	0	X	X
128075366	56183933	7	M	1	2	450096761	X
128075367	56183933	33	F	1	0	X	517508464
128075368	56183933	38	M	1	1	X	517508451
128075369	56183933	2	F	1	2	X	X
128386687	56184673	47	F	1	1	X	X
128386693	56179711	47	F	1	1	X	X
128386720	56179470	47	F	1	1	X	X
128386721	56179470	11	M	1	2	450096778	X
128386727	56185296	11	M	1	2	450091718	X
128386774	56179879	47	F	1	1	X	X
128386775	56179879	11	M	1	2	450091718	X
128386776	56179879	50	M	1	0	X	517508057
128386787	56178779	11	M	1	2	450097548	X
128386788	56178779	50	M	1	0	X	509156267
128482899	56181664	7	M	1	2	450091718	X
128482900	56181664	10	F	1	2	450096778	X
128482901	56181664	31	F	1	1	X	517662793
128482902	56181664	36	M	1	0	X	517508092
128488290	56182581	2	F	1	5	X	X
128488292	56182581	16	M	1	2	450096777	517508129
128488334	56182311	51	F	1	0	X	517508014
128488335	56182311	2	F	1	5	X	X
128488336	56182311	13	M	1	5	450091718	X
128488337	56182311	16	M	1	2	450096777	517508673
128488338	56182311	56	M	1	1	X	517507582
128488475	56178906	2	F	1	5	X	X
128488476	56178906	13	M	1	5	450096778	X
128488600	56179022	2	F	1	5	X	X
128488603	56179022	56	M	1	1	X	517508415
128488625	56180118	2	F	1	5	X	X
128488627	56180118	16	M	1	2	450096777	517508882
128488628	56180118	56	M	1	1	X	517663306
128488649	56182294	51	F	1	0	X	517507639
128488650	56182294	2	F	1	5	X	X
128488652	56182294	16	M	1	2	450096777	517508086
128488653	56182294	56	M	1	1	X	517662850
128488680	56183654	2	F	1	5	X	X
128488683	56183654	56	M	1	1	X	517507767
128488749	56181817	51	F	1	0	X	514200000
128488751	56181817	13	M	1	5	450096778	X
128488752	56181817	16	M	1	2	450096777	517508873
128488753	56181817	56	M	1	1	X	517662893
128546444	56181608	24	M	1	0	X	517508236
128546446	56182680	24	M	1	0	X	517507951
128546452	56181297	24	M	1	0	X	517508074
129134050	56182326	54	F	1	1	X	517507592
129134060	56178888	54	F	1	1	X	517507355
129134062	56180881	54	F	1	1	X	517508200
129221849	56182751	48	M	1	1	X	517508262
129221851	56182751	12	M	1	2	450091718	X
129221852	56182751	16	M	1	2	450096777	517507827
129221853	56182751	19	M	1	2	X	517508875
129221854	56183033	48	M	1	1	X	517506829
129221856	56183033	12	M	1	2	450096778	X
129221858	56183033	19	M	1	2	X	517507580
129221860	56182524	48	F	1	0	X	517507933
129221862	56182524	16	M	1	2	450096777	517507630
129221863	56182524	19	M	1	2	X	517508047
129221869	56181922	48	M	1	1	X	517508623
129221871	56181922	12	M	1	2	450096778	X
129221873	56181922	19	M	1	2	X	517508802
129221891	56185570	12	M	1	2	450091718	X
129221893	56185570	19	M	1	2	X	517507726
129221944	56183777	48	M	1	1	X	517507534
129221945	56183777	48	F	1	0	X	517507696
129221946	56183777	12	M	1	2	450096778	X
129327048	56178909	72	F	1	0	X	X
129677833	56176795	10	F	1	2	450096778	X
129677885	56178741	35	F	1	1	X	517508520
129677887	56178741	10	F	1	2	450091718	X
129678061	56176999	10	F	1	2	450097548	X
129678063	56176999	34	M	1	0	X	517507316
129703469	56184546	7	M	1	2	450096761	X
129703471	56184546	37	M	1	0	X	517507292
129703510	56184643	9	M	1	2	450091718	X
129703511	56184643	37	M	1	0	X	517508296
129703512	56184643	4	M	1	2	450094430	X
129703525	56184390	9	M	1	2	450096778	X
129703526	56184390	37	M	1	0	X	517507522
129749576	56185161	27	F	8	2	X	X
129749577	56185161	6	M	8	5	450096761	X
129749578	56185161	4	M	8	5	450094430	X
129749631	56185467	27	F	8	2	X	X
129749632	56185467	6	M	8	5	450096761	X
129749634	56185467	25	M	8	2	X	X
129824190	56177335	79	M	1	0	X	X
130311063	56178551	31	M	1	0	X	517508293
130311068	56178417	31	M	1	0	X	517662753
130345838	56184238	22	F	1	0	X	517507324
130346540	56183838	50	F	1	1	X	517663272
130346544	56183943	50	F	1	1	X	517508013
130346545	56183943	43	M	1	0	X	517507580
130349952	56180901	76	M	1	0	X	X
130633325	56180301	62	M	1	1	X	X
130633326	56180301	66	F	1	0	X	X
130673736	56183036	1	M	1	2	X	X
130673737	56183036	34	F	1	1	X	501428519
130673752	56181276	34	F	1	1	X	517507616
130673753	56181276	39	M	1	0	X	517508057
130673770	56184074	34	F	1	1	X	517507587
130673771	56184074	39	M	1	0	X	517507533
130673779	56181816	34	F	1	1	X	517663095
130673780	56181816	39	M	1	0	X	517507671
131271613	56178537	60	M	1	1	X	517508014
131271614	56178537	58	F	1	0	X	517662850
131271625	56178540	60	M	1	1	X	517508099
131271627	56178540	4	M	1	5	450094430	X
131271628	56178540	34	M	1	2	X	517662850
131271657	56178358	60	M	1	1	X	517662850
131271659	56178358	4	M	1	5	450094430	X
131271660	56178358	34	M	1	2	X	517508300
131271677	56179212	60	M	1	1	X	517507928
131271679	56179212	4	M	1	5	450094430	X
131271680	56179212	34	M	1	2	X	517508002
131369222	56177357	46	M	1	0	X	517508897
131369223	56176991	46	M	1	0	X	517508804
131369227	56185634	46	M	1	0	X	517508293
131369232	56181147	46	M	1	0	X	514203965
131369238	56181951	46	M	1	0	X	517508451
131970130	56183866	21	M	1	0	X	517508623
131970131	56183866	18	F	1	9	450096777	517507355
131970136	56183768	21	M	1	0	X	517508312
131970137	56183768	18	F	1	9	450096777	517508198
131970153	56183482	18	F	1	10	X	517508179
131970155	56183482	18	F	1	9	450096777	501428206
131970180	56181305	18	F	1	10	X	517508057
131970181	56181305	21	M	1	0	X	517508166
131970182	56181305	18	F	1	9	450096777	517508368
131970184	56183834	21	M	1	0	X	517508358
131984840	56181008	61	M	1	0	X	517507481
131984856	56183418	61	M	1	0	X	517508501
131984867	56178421	61	M	1	0	X	517508057
132010510	56182237	62	M	1	0	X	517507525
132010512	56182237	40	F	1	2	X	517507592
132031790	56181480	28	M	1	6	X	517508296
132031794	56181480	51	M	1	0	X	517507265
132031815	56177584	2	M	9	5	X	X
132031816	56177584	5	M	9	5	450096761	X
132031921	56179000	46	F	9	1	X	517507876
132031922	56179000	28	M	1	6	X	517507948
132031923	56179000	2	M	9	5	X	X
132031925	56179000	26	F	9	2	X	X
132031938	56185229	51	M	1	0	X	517508096
132031943	56181901	26	F	9	2	X	X
132196360	56178870	15	F	1	2	450096777	X
132196361	56178870	49	F	1	1	X	517508626
132196362	56178870	51	M	1	0	X	517507582
132349958	56181681	53	F	1	0	X	X
132596634	56181748	37	M	1	0	X	517508470
132596636	56176830	37	M	1	0	X	517508119
132596649	56177015	37	M	1	0	X	517663159
132596656	56179913	37	M	1	0	X	517662838
132596659	56180944	37	M	1	0	X	517508451
132596661	56181604	37	M	1	0	X	517507267
132666329	56179496	34	M	1	0	X	517508740
132666330	56178763	34	M	1	0	X	517663169
132666332	56183449	34	M	1	0	X	517509363
132666333	56181215	34	M	1	0	X	517507608
132698402	56182463	15	F	1	2	450096777	X
132698425	56185640	13	M	1	2	450091718	X
132698427	56185640	43	M	1	0	X	517508161
132698440	56180958	42	F	1	1	X	517508216
132698441	56180958	13	M	1	2	450096778	X
132698443	56180958	43	M	1	0	X	517507614
132698444	56185151	42	F	1	1	X	517662919
132731401	56182211	9	M	1	5	450091718	X
132731402	56182211	48	F	1	0	X	X
132731409	56182436	9	M	1	5	450091718	X
132731410	56182436	48	F	1	0	X	X
132809943	56182929	64	F	1	1	X	X
132859702	56178232	34	F	1	0	X	517508705
132859717	56179920	34	F	1	0	X	517663273
132859731	56178390	16	M	1	2	450096777	X
132859732	56178390	34	F	1	0	X	517663177
132897075	56181279	68	M	1	1	X	X
132897076	56181279	64	F	1	0	X	517507582
132897085	56177384	68	M	1	1	X	X
132897099	56177174	68	M	1	1	X	X
132897109	56181954	68	M	1	1	X	X
132985163	56179996	59	M	1	1	X	517508319
133205157	56185131	54	F	1	0	X	517508107
133205179	56182398	54	F	1	0	X	517508451
133205184	56177743	55	M	1	1	X	517508179
133423670	56185381	62	F	1	1	X	X
133423677	56177111	64	M	1	0	X	X
133719371	56183287	34	M	1	0	X	517508623
133719373	56183287	32	F	1	1	X	517507778
133719411	56178465	34	M	1	0	X	517662923
133719412	56178465	7	F	1	2	450091718	X
133880513	56177012	6	F	1	2	450097548	X
133880688	56177325	8	F	1	2	450091718	X
133880689	56177325	5	F	1	2	450058854	X
133880691	56177325	32	M	1	0	X	517508156
134186698	56184710	34	F	1	1	X	517508049
134186778	56178355	34	F	1	1	X	517508179
134186779	56178355	34	M	1	0	X	517508304
134186781	56178355	3	F	1	2	450058854	X
134186838	56185241	34	F	1	1	X	517508114
134186840	56185241	1	F	1	2	X	X
134186841	56185241	3	F	1	2	450058854	X
134186850	56180165	34	F	1	1	X	517508043
134186851	56180165	34	M	1	0	X	517663252
134186852	56180165	1	F	1	2	X	X
134186853	56180165	3	F	1	2	450066968	X
134186862	56178093	34	F	1	1	X	517508002
134186865	56178093	3	F	1	2	450058854	X
134186884	56185105	1	F	1	2	X	X
134186888	56178449	1	F	1	2	X	X
134186894	56184272	34	F	1	1	X	517508451
134186897	56184272	3	F	1	2	450058854	X
134457492	56179492	30	M	1	7	X	517508057
134457510	56180872	30	M	1	7	X	514185895
134457515	56177414	31	M	1	0	X	517508451
134457519	56183313	31	M	1	0	X	517507875
134457523	56178903	31	M	1	0	X	517508358
134457524	56178903	30	M	1	7	X	517508318
134457530	56178577	30	M	1	7	X	517662923
134457534	56184379	30	M	1	7	X	517508001
134457568	56183319	30	M	1	7	X	517508592
134457580	56180262	30	M	1	7	X	517507582
134457587	56179567	31	M	1	0	X	517508057
134457588	56179567	30	M	1	7	X	517508727
134628326	56177400	26	F	1	9	X	517508673
134628332	56184864	26	F	1	9	X	517663338
134628341	56183569	26	F	1	9	X	517508426
134628343	56183569	32	M	1	9	X	517507293
134628345	56181423	32	M	1	0	X	517507355
134628346	56181423	32	M	1	9	X	517507800
134628363	56178428	32	M	1	0	X	517507580
134628382	56178349	32	M	1	9	X	517508843
134628393	56184000	32	M	1	0	X	517507552
134628401	56180869	26	F	1	9	X	517662701
134628402	56180869	32	M	1	0	X	517507516
134628403	56180869	32	M	1	9	X	517508685
134628413	56177583	26	F	1	9	X	517663178
134628415	56177583	32	M	1	9	X	517662847
134628432	56177280	32	M	1	0	X	517662701
134628433	56177280	32	M	1	9	X	517663180
134628450	56177652	32	M	1	0	X	517509381
134628452	56184543	26	F	1	9	X	517507597
134628453	56184543	32	M	1	0	X	517507580
134628454	56184543	32	M	1	9	X	517508296
134628464	56180908	26	F	1	9	X	517508804
134628466	56180908	32	M	1	9	X	517507653
134628480	56178531	32	M	1	0	X	517663168
134628489	56181543	32	M	1	0	X	517507827
134628505	56185285	32	M	1	9	X	517508245
134628506	56177235	26	F	1	9	X	517663171
134755258	56184780	62	M	1	0	X	X
134755271	56177164	62	F	1	1	X	517663112
134755284	56178510	62	M	1	0	X	X
135617795	56184464	28	F	1	0	X	517507324
135700302	56180576	63	M	1	0	X	517508792
135700303	56180576	36	M	1	9	X	517662923
135700304	56180576	54	M	1	9	X	517508426
135706453	56177587	69	F	8	1	X	X
135706464	56179439	69	M	1	0	X	X
135998865	56184339	24	F	1	0	X	517508024
135998866	56184339	24	M	1	1	X	517508591
135998867	56184339	3	F	1	2	X	X
135998875	56182848	24	M	1	1	X	517507696
135998881	56183897	24	M	1	1	X	517507712
135998894	56181400	3	F	1	2	X	X
135998908	56181666	24	M	1	1	X	517508112
135998931	56184271	24	F	1	0	X	517508242
135998935	56181525	24	M	1	1	X	517507578
136147705	56180144	38	M	1	0	X	517507819
136147706	56180144	35	F	1	1	X	506878227
136147733	56184066	38	M	1	0	X	517507964
136164932	56177760	41	F	1	1	X	503067794
136164933	56177760	42	M	1	0	X	517662745
136164934	56177760	10	M	1	2	450096761	X
136222691	56182413	15	M	1	2	X	X
136222693	56182413	22	M	1	2	X	517508451
136222700	56178164	50	F	1	1	X	X
136279416	56183597	47	F	1	0	X	517508223
136279417	56183597	52	M	1	1	X	517508451
136279420	56182599	47	F	1	0	X	517663245
136279421	56182599	52	M	1	1	X	517508340
136279424	56179307	47	F	1	0	X	517508721
136279425	56179307	52	M	1	1	X	517508002
136543982	56183616	55	F	1	1	X	517507364
136544006	56183670	55	F	1	1	X	517508150
136544045	56179090	55	F	1	1	X	517507787
136833323	56176933	92	F	1	0	X	X
136833345	56177036	92	F	1	0	X	X
137040014	56176983	52	F	1	0	X	509155024
137040015	56176983	55	M	1	1	X	517662923
137040018	56177133	52	F	1	0	X	517663173
137040027	56185438	55	M	1	1	X	517506585
137040028	56178292	52	F	1	0	X	517663173
137040029	56178292	55	M	1	1	X	517508014
137040038	56182924	52	F	1	0	X	517662730
137040039	56182924	55	M	1	1	X	517662868
137040046	56182489	52	F	1	0	X	517507516
137040049	56177287	55	M	1	1	X	517507640
137040065	56183785	55	M	1	1	X	517507728
137040066	56179557	52	F	1	0	X	517508283
137107337	56177344	41	M	1	0	X	517507810
137107362	56179504	41	M	1	0	X	517508464
137107365	56179504	14	M	1	2	450096778	X
137107411	56182321	9	F	1	2	450091718	X
137107413	56182321	37	F	1	1	X	517508495
137107415	56182321	14	M	1	2	450096778	X
137107421	56180328	9	F	1	2	450091718	X
137107422	56180328	41	M	1	0	X	517507884
137107423	56180328	37	F	1	1	X	517508401
137107424	56180328	16	M	1	2	450096777	X
137279298	56180180	45	M	1	0	X	517507564
137640862	56184244	33	F	1	1	X	517508490
137640890	56184439	33	F	1	1	X	517507592
138396432	56184621	53	M	1	1	X	517508002
138396433	56184621	52	F	1	0	X	517508826
138396442	56179983	53	M	1	1	X	517508843
138396443	56179983	52	F	1	0	X	517663338
138396456	56177346	53	M	1	1	X	517662850
138396457	56177346	52	F	1	0	X	517663173
138396480	56181378	53	M	1	1	X	517508293
138396481	56181378	52	F	1	0	X	517507363
138396490	56181626	53	M	1	1	X	517507815
138396499	56178498	52	F	1	0	X	517662850
138396502	56177052	53	M	1	1	X	517663180
138396503	56177052	52	F	1	0	X	517509018
138520783	56185110	25	F	1	8	X	517508892
138520784	56185110	23	M	1	8	X	517508356
138520856	56183763	23	M	1	8	X	501427789
138520857	56183763	24	M	1	0	X	517508428
138520878	56183907	22	M	1	8	X	517508197
138520881	56183907	24	M	1	0	X	517663338
138520883	56183370	25	F	1	8	X	517507710
138520885	56183370	24	M	1	0	X	517662850
138625852	56184315	75	F	1	0	X	X
138625868	56184412	75	F	1	0	X	X
138849602	56176852	19	M	1	2	X	517662850
138849603	56185418	46	M	1	0	X	517507696
138849604	56185418	45	F	1	1	X	517508093
138849605	56185418	19	M	1	2	X	517508888
138849612	56178243	46	M	1	0	X	517508516
138849613	56178243	45	F	1	1	X	517508057
138849614	56178243	19	M	1	2	X	517507933
138849617	56185327	19	M	1	2	X	517663278
138852406	56177432	43	F	1	1	X	X
138876613	56180591	57	M	1	0	X	517508647
138934483	56185678	27	M	1	2	X	517508893
138934484	56185678	54	M	1	0	X	517508128
138934486	56185678	18	M	1	2	450096777	517508726
138952374	56185316	50	F	1	0	X	517662923
138983491	56183367	30	M	1	1	X	517508510
138983504	56181338	24	F	1	0	X	517507502
138983516	56185156	24	F	1	0	X	517508804
138983519	56183391	30	M	1	1	X	517508751
139000631	56181509	25	F	1	0	X	517507578
139000633	56184536	25	F	1	0	X	517505499
139000636	56178102	25	F	1	0	X	517662923
139040589	56179832	54	F	1	1	X	X
139040590	56179832	52	M	1	0	X	506980036
139196253	56185354	46	F	1	1	X	517508396
139196262	56179079	49	M	1	0	X	517508057
139196263	56179079	46	F	1	1	X	517508002
139196326	56183303	9	F	1	2	450058854	X
139196327	56183303	53	M	1	0	X	517507324
139196344	56181553	9	F	1	2	450058854	X
139196360	56185566	53	M	1	0	X	517507569
139289047	56179256	62	F	1	0	X	X
139289048	56179256	68	M	1	1	X	X
139492524	56184437	36	M	1	0	X	517508515
139492525	56182637	36	M	1	0	X	517508013
139492534	56182849	36	M	1	0	X	517508179
139492543	56182624	36	M	1	0	X	517507345
139729198	56181022	3	F	1	2	450058854	X
139729199	56181022	30	M	1	0	X	517508735
139729200	56181022	31	F	1	1	X	517508014
139729225	56179909	3	F	1	2	450066968	X
139729227	56179909	31	F	1	1	X	517507826
139729231	56177368	3	F	1	2	450058854	X
139729246	56177882	3	F	1	2	450066968	X
139729248	56177882	31	F	1	1	X	503023296
139729249	56181472	3	F	1	2	450058854	X
139729251	56181472	31	F	1	1	X	517508804
139764766	56182938	7	F	1	2	450091718	X
139764767	56182938	4	M	1	2	450094430	X
139764818	56184137	7	F	1	2	450091718	X
139764819	56184137	4	M	1	2	450094430	X
139764821	56184137	26	M	1	0	X	517508654
139857474	56177106	59	M	1	0	X	517663159
139857479	56179426	52	F	1	1	X	517663095
139857483	56177597	52	F	1	1	X	503067794
139857484	56177597	59	M	1	0	X	517663173
139857487	56180871	52	F	1	1	X	517508096
139857525	56177467	52	F	1	1	X	517663091
139857529	56185153	52	F	1	1	X	517508597
139928620	56182473	62	M	1	1	X	X
139928621	56182473	51	F	1	0	X	517508057
139928622	56177607	62	M	1	1	X	X
139928655	56182188	51	F	1	0	X	517508028
139928660	56177382	62	M	1	1	X	X
139928661	56177382	51	F	1	0	X	517663159
139928664	56177481	62	M	1	1	X	X
139928665	56177481	51	F	1	0	X	517508563
139975744	56184367	40	M	1	1	X	517507846
139975753	56184495	40	M	1	1	X	517507260
139975754	56184495	1	M	1	2	X	X
139975764	56178546	28	F	1	0	X	517662927
140319118	56184563	54	F	1	0	X	517507630
140319119	56184563	49	M	1	1	X	517508293
140351623	56184152	2	M	1	2	X	X
140351626	56184152	29	F	1	0	X	X
140351638	56178921	2	M	1	2	X	X
140351640	56178921	2	M	1	2	X	X
140351641	56178921	29	F	1	0	X	X
140351664	56183652	34	M	1	1	X	501428504
140351666	56183652	29	F	1	0	X	X
140351667	56183652	0	F	1	2	X	X
140402573	56182063	9	M	1	2	450091718	X
140402574	56182063	10	F	1	2	450091718	X
140402575	56182063	31	F	1	1	X	517508451
140402576	56182063	43	M	1	0	X	517508086
140402579	56184402	31	F	1	1	X	517662889
140402580	56184402	43	M	1	0	X	517662850
140402581	56184032	9	M	1	2	450096761	X
140402582	56184032	10	F	1	2	450096761	X
140437317	56183843	20	F	1	0	X	517508536
140437321	56183262	20	F	1	0	X	517508013
140437322	56183262	27	M	1	10	X	517663278
140437347	56184041	20	F	1	0	X	517662794
140437364	56183136	27	M	1	10	X	517507587
140888837	56176888	52	M	1	0	X	517508109
140888843	56179882	52	M	1	0	X	517663328
141165788	56178959	13	F	1	2	450096778	X
141165813	56178545	16	M	1	2	450096777	517507502
141165814	56178545	46	F	1	1	X	517508477
141165816	56179911	13	F	1	2	450091718	X
141165818	56179911	46	F	1	1	X	517663291
141165819	56184446	46	M	1	0	X	517508396
141165821	56184446	16	M	1	2	450096777	517507948
141165828	56177489	13	F	1	2	450096778	X
141165829	56177489	16	M	1	2	450096777	517507914
141165830	56177489	46	F	1	1	X	517663112
141267183	56183733	64	M	1	1	X	517507785
141267198	56177218	62	F	1	0	X	X
141267199	56177218	64	M	1	1	X	517508575
141497471	56184791	77	M	1	1	X	X
141497477	56177403	77	M	1	1	X	X
141497493	56178121	77	M	1	1	X	X
141497494	56178121	72	F	1	0	X	X
141497507	56179784	77	M	1	1	X	X
141497516	56177717	72	F	1	0	X	X
141497528	56177072	72	F	1	0	X	X
141497531	56185523	77	M	1	1	X	X
141497538	56177301	72	F	1	0	X	X
141497546	56177867	72	F	1	0	X	X
141864046	56178493	40	M	1	2	X	517662850
141864048	56178493	65	F	1	1	X	X
141864049	56178122	40	M	1	2	X	517662833
141864051	56178122	65	F	1	1	X	X
142266315	56177076	57	M	1	0	X	506317429
142266321	56184994	57	M	1	0	X	517507815
142266322	56184994	60	F	1	1	X	517507614
142266330	56181541	60	F	1	1	X	517507582
142266332	56185215	60	F	1	1	X	517507364
142266342	56179034	60	F	1	1	X	517508572
142353834	56182012	84	M	1	0	X	X
142353858	56184512	84	M	1	0	X	X
142353866	56180533	84	M	1	0	X	X
142359862	56178735	1	M	1	2	X	X
142359878	56178176	1	M	1	2	X	X
142359879	56178176	3	M	1	2	X	X
142437330	56177539	76	F	1	1	X	X
142437331	56177539	79	M	1	0	X	X
142437332	56177672	76	F	1	1	X	X
142437338	56180626	76	F	1	1	X	X
142437339	56180626	79	M	1	0	X	X
142587195	56178036	62	F	1	1	X	X
142587201	56178602	62	F	1	1	X	X
142587202	56178602	67	M	1	0	X	517662923
142664636	56182855	9	M	1	2	450091718	X
142664638	56182855	48	F	1	1	X	517508057
142664640	56178936	46	M	1	0	X	517508330
142664641	56178936	48	F	1	1	X	517663278
142664693	56182747	9	M	1	2	450091718	X
142664695	56182747	48	F	1	1	X	517508804
142921032	56176835	53	M	1	0	X	506980075
142921041	56183000	54	F	1	1	X	517508499
142985813	56177856	59	M	1	0	X	X
142985819	56179367	59	M	1	0	X	X
142985836	56179327	60	M	1	10	X	X
142985837	56179327	59	M	1	0	X	X
142985844	56180922	60	M	1	10	X	X
143302846	56179174	53	F	1	1	X	517508609
143744287	56185481	50	M	1	0	X	517663338
143744288	56185481	43	F	1	1	X	517662885
143744289	56185447	10	M	1	2	450091718	X
143744290	56185447	50	M	1	0	X	517508396
143744291	56185447	43	F	1	1	X	517507721
143744292	56182381	10	M	1	2	450096778	X
143744293	56182381	50	M	1	0	X	517508202
143744295	56184822	10	M	1	2	450091718	X
143744296	56184822	50	M	1	0	X	517508451
143744297	56184822	43	F	1	1	X	517507959
143867783	56183232	1	M	1	2	X	X
143867784	56183232	20	F	1	0	X	X
143867807	56178610	1	M	1	2	X	X
143867808	56178610	20	F	1	0	X	X
143867812	56182842	20	F	1	0	X	X
143867833	56182701	1	M	1	2	X	X
143867887	56182846	1	M	1	2	X	X
143867888	56182846	20	F	1	0	X	X
144014309	56180761	60	M	1	0	X	517508058
144014320	56178239	59	F	1	1	X	517507866
144014322	56185690	59	F	1	1	X	517508097
144018013	56183963	76	F	1	0	X	X
144095929	56177137	41	F	1	2	X	X
144095930	56177137	77	F	1	0	X	X
144095949	56184324	41	F	1	2	X	X
144095950	56184324	77	F	1	0	X	X
144179964	56178191	17	F	1	2	450096777	517507778
144179965	56178191	46	F	1	0	X	517508057
144355375	56181145	80	M	1	0	X	X
144451569	56179747	29	M	1	0	X	517508159
144451596	56180515	29	M	1	0	X	517508002
144451601	56177682	28	M	1	9	X	517508544
144451630	56178773	34	M	1	3	X	517508372
144533036	56183158	26	F	1	8	X	517508451
144533037	56183158	27	M	1	8	X	501428534
144533039	56183158	23	F	1	0	X	517508013
144533144	56180696	26	F	1	8	X	517662850
144533146	56180696	44	F	1	8	X	517662888
144533160	56184456	26	F	1	8	X	517508004
144533162	56184456	44	F	1	8	X	517508107
144533163	56184456	23	F	1	0	X	517508002
144533197	56182633	27	M	1	8	X	517508510
144533199	56182633	23	F	1	0	X	517508092
145202837	56184938	60	M	1	0	X	517508484
145202839	56183424	60	M	1	0	X	517508290
145202846	56183337	60	M	1	0	X	517663278
145221462	56184531	42	F	1	0	X	517508057
145221466	56182791	42	F	1	0	X	517508057
145221467	56180263	42	F	1	0	X	517508179
145455994	56176936	60	M	1	0	X	X
145455995	56176936	50	F	1	1	X	X
145455998	56179449	60	M	1	0	X	X
145829921	56180560	60	F	1	1	X	517508451
145829922	56180560	65	M	1	0	X	X
145829943	56177177	60	F	1	1	X	517662826
145829951	56176905	60	F	1	1	X	517662850
145829952	56176905	65	M	1	0	X	X
145932323	56179804	42	M	1	0	X	506979502
146513784	56183178	53	F	1	1	X	X
146513793	56180878	63	M	1	0	X	X
146513794	56180878	53	F	1	1	X	X
146513801	56178297	63	M	1	0	X	X
146513809	56185048	63	M	1	0	X	X
146513819	56177746	63	M	1	0	X	X
146663274	56185512	46	M	1	0	X	517507629
146668043	56183298	25	F	1	1	X	517507520
146668045	56183298	1	F	1	2	X	X
146684516	56180196	45	M	1	0	X	514201250
146684519	56180196	39	F	1	6	X	517662850
146684521	56180196	39	F	1	1	X	X
147112829	56182407	60	F	1	0	X	X
147112831	56182317	60	F	1	0	X	X
147112838	56177999	60	F	1	0	X	X
147112846	56179473	60	F	1	0	X	X
147112855	56179167	60	F	1	0	X	X
147187122	56179624	7	F	1	2	450096761	X
147187123	56179624	64	M	1	4	X	X
147187124	56179624	6	M	1	2	450096761	X
147187125	56179624	10	M	1	2	450096778	X
147187126	56179624	12	M	1	2	450096778	X
147187128	56179624	38	M	1	1	X	517508293
147187138	56179932	7	F	1	2	450091718	X
147187139	56179932	64	M	1	4	X	X
147187140	56179932	6	M	1	2	450096761	X
147187141	56179932	10	M	1	2	450091718	X
147187142	56179932	12	M	1	2	450091718	X
147187143	56179932	14	M	1	2	450091718	X
147187144	56179932	38	M	1	1	X	517508014
147187145	56179932	37	F	1	0	X	517507847
147187162	56179865	7	F	1	2	450091718	X
147187164	56179865	6	M	1	2	450096761	X
147187166	56179865	12	M	1	2	450091718	X
147187169	56179865	37	F	1	0	X	506980228
147372783	56184054	36	F	1	0	X	517507324
147372786	56185114	36	F	1	0	X	517507580
147686680	56181174	51	M	1	0	X	517508845
147686681	56185297	62	F	1	1	X	517508829
147686682	56185297	51	M	1	0	X	517662850
147686692	56183062	51	M	1	0	X	517508179
147807459	56184103	26	M	1	0	X	517508047
147807460	56184103	25	F	1	1	X	517507676
147807475	56183727	26	M	1	0	X	517507681
147807476	56183727	25	F	1	1	X	517508765
147807518	56183020	25	F	1	1	X	517507320
147807543	56184424	26	M	1	0	X	517508645
147807547	56182815	26	M	1	0	X	517507587
147807548	56182815	25	F	1	1	X	517507345
147905149	56183289	49	M	1	1	X	517507696
147905150	56183289	45	F	1	0	X	517508110
147905168	56182147	45	F	1	0	X	517507391
147905174	56180070	45	F	1	0	X	517508601
147905185	56183475	49	M	1	1	X	517508271
147905189	56183803	49	M	1	1	X	517508290
147905212	56180981	45	F	1	0	X	517507827
147905215	56182236	49	M	1	1	X	506980249
147925053	56176828	76	M	1	0	X	510063035
147925054	56176828	69	F	1	1	X	X
148235861	56182462	47	F	1	0	X	517663328
148518682	56180416	72	M	1	0	X	X
148595225	56182325	46	M	1	10	X	517508624
148595233	56176914	46	M	1	10	X	506980002
148595235	56177416	46	M	1	10	X	517663174
148595238	56177224	48	M	1	0	X	517663134
148595239	56177224	46	M	1	10	X	506980642
148595255	56179740	46	M	1	10	X	517662850
148595262	56177526	48	M	1	0	X	506317429
148595263	56177526	46	M	1	10	X	517507833
148791796	56181658	58	M	1	0	X	517662794
148791821	56185223	55	F	1	1	X	517508057
148846089	56182346	51	F	1	0	X	517507281
148846103	56182895	12	F	1	2	450096778	X
148846105	56182895	73	F	1	4	X	517508109
148846118	56182365	12	F	1	2	450096778	X
148846120	56182365	73	F	1	4	X	517508792
148846142	56177182	12	F	1	2	450096778	X
148846143	56177182	51	F	1	0	X	517662701
148846144	56177182	73	F	1	4	X	517662861
148846145	56178949	12	F	1	2	450096778	X
148846160	56176805	12	F	1	2	450096778	X
148846161	56176805	51	F	1	0	X	517662923
148846162	56176805	73	F	1	4	X	517507988
149543964	56183706	48	F	1	1	X	517507281
149543966	56179959	48	F	1	1	X	517507857
149543969	56177734	51	M	1	0	X	517663173
149546051	56181911	10	M	1	2	450096778	X
149546053	56181911	36	F	1	0	X	517508693
149546055	56181911	3	F	1	2	X	X
149546081	56183049	10	M	1	2	450091718	X
149546083	56183049	36	F	1	0	X	517507979
149546084	56183049	35	M	1	1	X	517507580
149546085	56183049	3	F	1	2	X	X
149546152	56182789	16	M	1	12	450096777	X
149546153	56182789	36	F	1	0	X	517508708
149546154	56182789	35	M	1	1	X	517508676
149546185	56184447	3	F	1	2	X	X
149546207	56182296	16	M	1	12	450096777	X
149546208	56182296	36	F	1	0	X	517508128
149546218	56179923	36	F	1	0	X	517508064
149546219	56179923	35	M	1	1	X	517508470
149546246	56180521	10	M	1	2	450096778	X
149546247	56180521	16	M	1	12	450096777	X
149546249	56180521	35	M	1	1	X	517507751
149546250	56180521	3	F	1	2	X	X
149568320	56184975	43	F	1	0	X	517508652
149597160	56180198	44	F	1	0	X	517663095
149597161	56185733	44	M	1	10	X	517506182
149597162	56185733	44	F	1	0	X	517508624
149597171	56178916	44	M	1	10	X	517507834
149597174	56181582	44	F	1	0	X	517507500
149597175	56180459	44	M	1	10	X	517507314
149597176	56180459	44	F	1	0	X	517507276
149597179	56184350	44	M	1	10	X	517508110
149597180	56184350	44	F	1	0	X	517508794
149758302	56184941	53	F	1	1	X	X
149863988	56182336	60	M	1	1	X	517508206
149864031	56181438	57	F	1	0	X	X
149950056	56178931	47	F	1	1	X	517508435
149950057	56178931	47	M	1	0	X	517509354
149950062	56181742	47	F	1	1	X	517507708
150176990	56177184	56	M	1	0	X	517508584
150177014	56178213	56	M	1	0	X	506980180
150211716	56182648	52	M	1	0	X	517508803
150211724	56181001	52	M	1	0	X	517662850
150470838	56183157	35	M	1	0	X	517508002
150470839	56183157	36	F	1	1	X	517507561
150470844	56181179	35	M	1	0	X	517508451
150470845	56181179	36	F	1	1	X	517663246
150470853	56182684	35	M	1	0	X	517508002
150470855	56182684	4	F	6	2	450058854	X
150500843	56182606	49	M	1	1	X	517508397
150500844	56182606	12	M	1	2	450091718	X
150500846	56182606	47	F	1	0	X	517508725
150567660	56179193	53	M	1	0	X	517507351
150756453	56178053	27	F	1	10	X	X
150756454	56178053	20	M	1	0	X	X
150756459	56181372	27	F	1	10	X	X
150756465	56184117	27	F	1	10	X	X
150797976	56182130	46	F	1	0	X	517663184
150797978	56182130	17	F	1	2	450096777	517508420
150797982	56184736	46	F	1	0	X	517508057
150798007	56181913	16	M	1	2	X	X
150798008	56181913	17	F	1	2	450096777	517508426
150798036	56180284	46	F	1	0	X	517508187
150798037	56180284	16	M	1	2	X	X
150798038	56180284	17	F	1	2	450096777	517508002
150798051	56178968	46	F	1	0	X	517507482
150798111	56182978	46	F	1	0	X	517508079
150798112	56182978	16	M	1	2	X	X
150798176	56176874	17	F	1	2	450096777	517507728
150798201	56178671	46	F	1	0	X	517508807
150798228	56177659	46	F	1	0	X	517508643
150798238	56183699	16	M	1	2	X	X
150798246	56185434	46	F	1	0	X	517663128
150798248	56185434	17	F	1	2	450096777	517663177
150798289	56179828	16	M	1	2	X	X
150798290	56179828	17	F	1	2	450096777	517507724
150798295	56177180	16	M	1	2	X	X
150798296	56177180	17	F	1	2	450096777	517508385
150833721	56185135	24	F	1	0	X	517508323
150833747	56181395	29	M	1	1	X	517507500
150833748	56181395	24	F	1	0	X	517662896
150833753	56183250	29	M	1	1	X	517662850
150833755	56183250	30	M	1	9	X	517508881
150833761	56183506	30	M	1	9	X	517508817
150834024	56178576	2	F	1	2	X	X
150834026	56178576	7	M	1	2	450091718	X
150854046	56185589	56	F	1	0	X	517507618
150894376	56177641	17	F	1	2	450096777	517662860
150894377	56177641	9	F	1	2	450096761	X
150894379	56177641	11	F	1	2	450097548	X
150894380	56177641	42	F	1	0	X	517508092
150894381	56177641	15	M	1	2	450096777	X
150894407	56182962	9	F	1	2	450091718	X
150894409	56182962	11	F	1	2	450096778	X
150894424	56182526	17	F	1	2	450096777	517507622
150894426	56182526	7	F	1	2	450091718	X
150894428	56182526	42	F	1	0	X	517662850
150894592	56182760	17	F	1	2	450096777	517508223
150894593	56182760	9	F	1	2	450091718	X
150894594	56182760	7	F	1	2	450091718	X
150894595	56182760	11	F	1	2	450091718	X
150894597	56182760	15	M	1	2	450096777	X
150894678	56182710	7	F	1	2	450091718	X
150894680	56182710	42	F	1	0	X	517507520
150926317	56182799	39	F	1	0	X	X
150926318	56182799	47	M	1	1	X	517507582
150956649	56178742	55	M	1	0	X	517508532
150956655	56178313	55	M	1	0	X	517662923
151413701	56177947	22	F	1	0	X	517662923
151413712	56184191	22	M	1	10	X	517507408
151413713	56184191	22	F	1	0	X	517508290
151495125	56182331	43	F	1	0	X	517508470
151495128	56182331	20	F	1	2	X	514204246
151495149	56181101	43	F	1	0	X	517508140
151495152	56181101	20	F	1	2	X	517508128
151495157	56182809	43	F	1	0	X	517508478
151495158	56182809	1	F	1	5	X	X
151495165	56181933	43	F	1	0	X	506980750
151495168	56181933	20	F	1	2	X	517662919
151495179	56181262	14	F	1	2	450096778	X
151495216	56182110	20	F	1	2	X	517507854
151495218	56182129	1	F	1	5	X	X
151495219	56182129	14	F	1	2	450096778	X
151495246	56183073	1	F	1	5	X	X
151495247	56183073	14	F	1	2	450091718	X
151495249	56182112	43	F	1	0	X	517507271
151495252	56182112	20	F	1	2	X	517508153
151495286	56181857	1	F	1	5	X	X
151495287	56181857	14	F	1	2	450096778	X
151495288	56181857	20	F	1	2	X	517507849
151495294	56182265	1	F	1	5	X	X
151495295	56182265	14	F	1	2	450096778	X
151495296	56182265	20	F	1	2	X	517662850
151495297	56181377	43	F	1	0	X	517507677
151495302	56182951	1	F	1	5	X	X
151495342	56180880	1	F	1	5	X	X
151495343	56180880	14	F	1	2	450096778	X
151495344	56180880	20	F	1	2	X	517507847
151495347	56184187	14	F	1	2	450096778	X
151495368	56182151	20	F	1	2	X	517663244
151495417	56179669	43	F	1	0	X	517508756
151495418	56179669	1	F	1	5	X	X
151495420	56179669	20	F	1	2	X	517507544
151495473	56183144	43	F	1	0	X	517507655
151495474	56183144	1	F	1	5	X	X
151495475	56183144	14	F	1	2	450091718	X
151495476	56183144	20	F	1	2	X	517507339
151496284	56176978	0	M	1	2	X	X
151496295	56184663	8	M	1	2	450091718	X
151496297	56184663	52	M	1	0	X	517508110
151496298	56184663	45	F	1	1	X	517507668
151496314	56183638	45	F	1	1	X	517507589
151496341	56182297	52	M	1	0	X	517508739
151496343	56178873	8	M	1	2	450096761	X
151496344	56178873	0	M	1	2	X	X
151496355	56178598	8	M	1	2	450091718	X
151496356	56178598	0	M	1	2	X	X
151496357	56178598	52	M	1	0	X	517508296
151496358	56178598	45	F	1	1	X	517508578
151496367	56178678	8	M	1	2	450091718	X
151496368	56178678	0	M	1	2	X	X
151496370	56178678	45	F	1	1	X	517662850
151525267	56181271	6	F	1	2	450096761	X
151525268	56181271	1	F	1	2	X	X
151525269	56181271	4	F	1	2	450066968	X
151525270	56181271	30	F	1	1	X	517508436
151525299	56183321	4	F	1	2	450058854	X
151525300	56183321	30	F	1	1	X	517508140
151525308	56183603	1	F	1	2	X	X
151594600	56183285	55	M	1	0	X	X
151594603	56178393	55	M	1	0	X	X
151594616	56184747	55	M	1	0	X	X
151594620	56177962	55	M	1	0	X	X
151594625	56177479	55	M	1	0	X	X
151631824	56179768	21	F	1	1	X	X
151631837	56183326	0	F	1	2	X	X
151631838	56183326	1	F	1	2	X	X
151631840	56183326	21	F	1	1	X	X
151993754	56176821	50	M	1	1	X	517663175
152366946	56180907	53	M	1	0	X	517663095
152366947	56180907	53	F	1	1	X	517507561
152366950	56181622	53	M	1	0	X	517663328
152366958	56185400	53	M	1	0	X	517507343
152369681	56181646	4	F	1	2	450058854	X
152369682	56181646	23	F	1	1	X	517507582
152369695	56180989	26	M	1	0	X	517507309
152369697	56180989	23	F	1	1	X	517508426
152369699	56183796	4	F	1	2	450058854	X
152369700	56183796	23	F	1	1	X	517507281
152529311	56178307	13	M	1	2	450091718	X
152529316	56178307	11	F	1	2	450091718	X
152529318	56178307	9	F	1	2	450091718	X
152654547	56179127	52	F	1	0	X	517508057
152654552	56181652	52	F	1	0	X	517663146
152654553	56176864	52	F	1	0	X	517662847
152791350	56179812	35	M	1	10	X	517508179
152791374	56179681	35	M	1	10	X	517508785
152791375	56179681	25	F	1	0	X	517508057
152791376	56179681	3	M	1	2	450094430	X
152791383	56178261	35	M	1	10	X	517662752
152791384	56178261	25	F	1	0	X	517507721
152791385	56178261	3	M	1	2	450094430	X
152796365	56179051	81	F	1	0	X	X
153114656	56184591	47	F	1	1	X	517508581
153411428	56183675	58	M	1	0	X	517508262
153411429	56183675	57	F	1	1	X	X
153411451	56183376	57	F	1	1	X	X
153693811	56180279	23	M	1	2	X	517508613
153693816	56184064	50	F	1	0	X	517507324
153693830	56180017	50	F	1	0	X	517508258
153768661	56183358	24	F	1	0	X	X
153768662	56183358	24	M	1	1	X	517508697
153900969	56180582	70	F	1	0	X	517507815
154910489	56185176	39	M	1	0	X	517508497
154910491	56185176	36	F	1	1	X	517508057
154910517	56182131	39	M	1	0	X	517508655
154910519	56182131	36	F	1	1	X	517507702
154910522	56180938	8	F	1	2	450091718	X
154910524	56180938	5	F	1	2	450066968	X
154910535	56185051	36	F	1	1	X	517509024
154910537	56184284	39	M	1	0	X	517508727
154910538	56184284	8	F	1	2	450096761	X
154910539	56184284	36	F	1	1	X	517508463
154910540	56184284	5	F	1	2	450058854	X
154910541	56185226	39	M	1	0	X	517508701
154910544	56185226	5	F	1	2	450058854	X
155067375	56177654	9	F	1	2	450096761	X
155067377	56177654	51	M	1	0	X	517662850
155067381	56178489	9	F	1	2	450091718	X
155067383	56178489	51	M	1	0	X	517662701
155067388	56181467	52	F	1	1	X	517662923
155067389	56181467	51	M	1	0	X	517662850
155067390	56180542	9	F	1	2	450091718	X
155701648	56178748	68	M	1	0	X	X
155701658	56178775	68	M	1	0	X	X
155701674	56183028	68	M	1	0	X	X
155701675	56183028	65	F	1	1	X	X
155896629	56184922	63	M	1	0	X	517508727
155973611	56179261	73	M	1	0	X	517508014
155973612	56179261	79	F	1	1	X	X
155973621	56180218	73	M	1	0	X	517508419
155973632	56179594	79	F	1	1	X	X
155973644	56178674	79	F	1	1	X	X
156345998	56183940	61	F	1	1	X	X
156345999	56183940	61	M	1	0	X	X
156346003	56177751	61	M	1	0	X	X
156346006	56181530	61	F	1	1	X	X
156346011	56177421	61	M	1	0	X	X
156346028	56181385	61	F	1	1	X	X
156346036	56179165	61	F	1	1	X	X
156346037	56179165	61	M	1	0	X	X
156359872	56177336	60	M	1	0	X	517508002
156359877	56181887	60	F	1	1	X	517508236
156359907	56184895	60	F	1	1	X	517508624
156359908	56184895	60	M	1	0	X	501427950
156359910	56176918	60	M	1	0	X	517508516
156359913	56178204	60	F	1	1	X	517662701
156359915	56181192	60	F	1	1	X	517508451
156359916	56181192	60	M	1	0	X	517508107
156359927	56179730	60	F	1	1	X	517508531
156753480	56184776	44	M	1	1	X	517507410
156753487	56184697	42	F	1	0	X	517508098
156753512	56177057	44	M	1	1	X	517662850
156753514	56179478	44	M	1	1	X	517663244
156835572	56178022	72	M	1	0	X	517508563
156835578	56177678	72	M	1	0	X	517508002
156835579	56177678	63	F	1	1	X	X
156835596	56181333	72	M	1	0	X	517508071
156835602	56185730	72	M	1	0	X	517508247
156835603	56185730	63	F	1	1	X	X
156870657	56185332	47	F	1	1	X	X
156870659	56184761	47	F	1	1	X	X
156870677	56184869	47	F	1	1	X	X
156870678	56184869	50	M	1	0	X	X
156870685	56182687	47	F	1	1	X	X
156870689	56183011	47	F	1	1	X	X
156912789	56182874	3	F	1	2	450058854	X
156912790	56182874	49	M	1	0	X	517507715
156931755	56182510	66	F	1	0	X	X
157145126	56179947	24	F	1	1	X	517507935
157145137	56179907	26	M	1	0	X	517508726
157145138	56179907	24	F	1	1	X	517663292
157145147	56179795	26	M	1	0	X	517507681
157145148	56179795	24	F	1	1	X	517662881
157145152	56180194	24	F	1	1	X	517662801
157271705	56180904	30	M	1	8	X	517508510
157271706	56180904	21	M	1	0	X	517662888
157271707	56180904	24	M	1	3	X	506879311
157271717	56183406	30	M	1	8	X	517508451
157271718	56183406	21	M	1	0	X	517508586
157271719	56183406	24	M	1	3	X	501427818
157271720	56183495	30	M	1	8	X	517507619
157271736	56183686	21	M	1	0	X	517663338
157271737	56183686	24	M	1	3	X	517507281
157271753	56183283	30	M	1	8	X	517508426
157271754	56183283	21	M	1	0	X	517663286
157271768	56178838	30	M	1	8	X	517508451
157271769	56178838	21	M	1	0	X	517508443
157271770	56178838	24	M	1	3	X	517507785
157389646	56181144	15	F	1	2	450096777	X
157389655	56184763	43	F	1	1	X	517508119
157389656	56184763	37	M	1	0	X	501428483
157395746	56182205	60	F	1	0	X	X
157431415	56180664	72	F	1	0	X	X
157431434	56182989	72	M	1	1	X	X
157431440	56182718	72	M	1	1	X	X
157578360	56183919	43	F	1	1	X	517507552
157968061	56181854	26	M	1	5	X	517507308
157968062	56181854	50	F	1	2	X	517507932
157968077	56184307	50	F	1	2	X	517508713
157968100	56184019	26	M	1	5	X	517508359
157968115	56178867	26	M	1	5	X	517508339
157968116	56178867	50	F	1	2	X	517508674
157968117	56183923	84	M	1	0	X	X
157968118	56183923	26	M	1	5	X	517507812
157968119	56183923	50	F	1	2	X	517507997
157968150	56182304	84	M	1	0	X	X
157968151	56182304	26	M	1	5	X	517507897
157968152	56182304	50	F	1	2	X	517663288
158139707	56181931	88	F	1	0	X	X
158139712	56180770	88	F	1	0	X	X
158280577	56177802	71	F	1	0	X	X
158306348	56185003	32	M	8	1	X	517508810
158306349	56185003	36	F	1	0	X	517507765
158306364	56179615	32	M	8	1	X	517507558
158306386	56179781	32	M	8	1	X	517507977
158306387	56179781	36	F	1	0	X	517508379
158306394	56179580	32	M	8	1	X	517508624
158306399	56182591	36	F	1	0	X	517508396
158306402	56179935	32	M	8	1	X	506878227
158306404	56180392	32	M	8	1	X	517662745
158429252	56184096	50	M	1	0	X	517508057
158465627	56183215	35	M	1	0	X	517507847
158465633	56182739	35	M	1	0	X	517507334
158763155	56180570	82	M	1	0	X	X
158825619	56182862	42	F	1	1	X	X
158825656	56179186	38	M	1	0	X	517508199
158825657	56179186	15	M	1	2	450096777	X
158825658	56179186	14	F	1	2	450096777	X
158882507	56177109	17	M	1	2	450063600	517508109
158882508	56177109	39	F	1	0	X	517508346
158882509	56177109	54	M	1	1	X	517662730
158882516	56184345	17	M	1	2	450058854	517508817
158882527	56184999	54	M	1	1	X	517508002
158882549	56180091	17	M	1	2	450063600	517507932
158882551	56180091	54	M	1	1	X	517508801
158882565	56178647	39	F	1	0	X	517507796
158882579	56185342	17	M	1	2	450058646	517508112
158882580	56185342	39	F	1	0	X	517508364
158882581	56185342	54	M	1	1	X	517508065
159293697	56178982	31	F	1	0	X	517508057
159293700	56178399	31	F	1	0	X	517509005
159293706	56183767	31	F	1	0	X	517508269
159322217	56185564	67	F	1	0	X	X
159322245	56178710	67	F	1	0	X	X
159322246	56178710	74	M	1	1	X	X
159461623	56184509	53	M	1	0	X	517508499
159461654	56178461	53	M	1	0	X	517508057
159461676	56179249	53	M	1	0	X	517662850
159562317	56178657	47	F	1	1	X	517662923
159562318	56178657	54	M	1	0	X	510063139
159562323	56184853	47	F	1	1	X	517507281
159562324	56184853	54	M	1	0	X	517507728
159562325	56176798	47	F	1	1	X	517507292
159562326	56176798	54	M	1	0	X	517508591
159562335	56180159	47	F	1	1	X	517662883
159562336	56180159	54	M	1	0	X	517507587
159562342	56181158	54	M	1	0	X	517507827
159683225	56180486	18	F	1	2	450096777	X
159683233	56180841	18	F	1	2	450096777	X
159683234	56180841	57	M	1	0	X	517662753
159683248	56178806	57	M	1	0	X	517508216
159683251	56182101	18	F	1	2	450096777	X
159683252	56182101	57	M	1	0	X	517507503
159748781	56177221	44	M	1	2	X	517508788
159748810	56185522	65	F	1	0	X	517507582
160131380	56178201	64	M	1	0	X	517662850
160131381	56178201	61	F	1	1	X	X
160131396	56178352	64	M	1	0	X	517508652
160131412	56177256	64	M	1	0	X	517507989
160131416	56181869	64	M	1	0	X	517507582
160203989	56178599	60	M	1	0	X	X
160284841	56184789	5	F	9	5	450091718	X
160284842	56184789	68	M	9	0	X	X
160284843	56184789	29	M	9	2	X	517507687
160284853	56178980	5	F	9	5	450096761	X
160284865	56185267	5	F	9	5	450091718	X
160284866	56185267	68	M	9	0	X	X
160284881	56184916	68	M	9	0	X	X
160321947	56181771	53	M	1	1	X	517508179
160321966	56181928	49	M	1	7	X	517662850
160321967	56181928	49	F	1	0	X	517508057
160321968	56181928	53	M	1	1	X	517507360
160321969	56181352	49	M	1	7	X	517662807
160321970	56181352	49	F	1	0	X	517508494
160550343	56178630	61	F	1	1	X	517662850
160550344	56178630	65	M	1	0	X	517508470
160550345	56178630	10	F	1	5	450091718	X
160550358	56178717	61	F	1	1	X	517662838
160550359	56178717	65	M	1	0	X	517508643
160550360	56178717	10	F	1	5	450091718	X
160550366	56184845	10	F	1	5	450091718	X
160550367	56178410	61	F	1	1	X	510061981
160935301	56177944	5	M	9	2	X	X
160935341	56182668	5	M	9	2	X	X
160935342	56182668	49	F	1	0	X	517508479
161312829	56179141	12	M	1	2	450096778	X
161312857	56184216	12	M	1	2	450096778	X
161312858	56184216	8	M	1	2	450096761	X
161312859	56184216	33	M	1	1	X	517507944
161312905	56185089	12	M	1	2	450091718	X
161312906	56185089	8	M	1	2	450091718	X
161312907	56185089	33	M	1	1	X	517507715
161312914	56178990	8	M	1	2	450096761	X
161312916	56178990	37	F	1	0	X	517508706
161312922	56179636	8	M	1	2	450096761	X
161312924	56179636	37	F	1	0	X	517508864
161356845	56177497	27	F	1	10	X	503068834
161356857	56182742	27	F	1	10	X	517508470
161356859	56181084	27	F	1	10	X	517507790
161356867	56180681	27	F	1	10	X	517663304
161356868	56180681	35	M	1	0	X	517663173
161356871	56185643	27	F	1	10	X	517508802
161356872	56185643	35	M	1	0	X	517508103
161376929	56181698	64	M	1	0	X	X
161455656	56177706	81	M	1	0	X	X
161460298	56183936	83	M	1	0	X	X
161460300	56178941	83	M	1	0	X	X
161606174	56177549	50	M	1	0	X	517507847
161606175	56177549	51	F	1	1	X	517508057
161606212	56180296	50	M	1	0	X	517507744
161606213	56180296	51	F	1	1	X	517508820
161606222	56184827	50	M	1	0	X	517508540
161652081	56184277	34	M	1	1	X	517507674
161652090	56179555	34	M	1	1	X	517507935
161652092	56178525	8	M	1	2	450091718	X
161652093	56178525	34	M	1	1	X	517662850
161703283	56178035	64	M	1	0	X	503069107
161703290	56185607	58	F	1	1	X	517663328
161802046	56179772	70	F	1	1	X	X
161802049	56181374	71	M	1	0	X	X
161802062	56185246	70	F	1	1	X	X
161947378	56184906	13	M	1	2	450091718	X
161947401	56182082	49	M	1	1	X	517508825
161947402	56182082	13	M	1	2	450096778	X
161947403	56182082	11	F	1	2	450096778	X
161947404	56182082	47	F	1	0	X	517508097
161947407	56181188	11	F	1	2	450096778	X
161947457	56180633	49	M	1	1	X	517663278
161947458	56180633	13	M	1	2	450096778	X
161947459	56180633	11	F	1	2	450096778	X
161947460	56180633	47	F	1	0	X	517508247
161947477	56180956	49	M	1	1	X	517508888
161947478	56180956	13	M	1	2	450096778	X
161947492	56185405	47	F	1	0	X	517508245
162044708	56179971	40	F	1	0	X	517507355
162044716	56184179	40	F	1	0	X	517508535
162044718	56180866	40	F	1	0	X	517508770
162044724	56182199	40	F	1	0	X	517508674
162044728	56179577	40	F	1	0	X	517508002
162044745	56184601	40	F	1	0	X	517507767
162044748	56183009	40	F	1	0	X	517508647
162044749	56182373	40	F	1	0	X	517508358
162044751	56183903	40	F	1	0	X	517508834
162044753	56184188	40	F	1	0	X	517508403
162044761	56183949	40	F	1	0	X	517508726
162044765	56183206	40	F	1	0	X	517507773
162044768	56181411	40	F	1	0	X	517663346
162106962	56178477	57	M	1	0	X	506980182
162106963	56178477	62	F	1	1	X	517508538
162106990	56179119	57	M	1	0	X	517507954
162110563	56179744	61	F	1	3	X	X
162110564	56179744	47	F	1	9	X	X
162110566	56177791	61	F	1	3	X	X
162110567	56177791	47	F	1	9	X	X
162110601	56178751	67	M	1	0	X	X
162110678	56183220	47	F	1	9	X	X
162110688	56176998	67	M	1	0	X	X
162110690	56176998	47	F	1	9	X	X
162110692	56178208	61	F	1	3	X	X
162110730	56184978	67	M	1	0	X	X
162110731	56184978	61	F	1	3	X	X
162110732	56184978	47	F	1	9	X	X
162120101	56179973	51	M	1	0	X	517663286
162120102	56182213	51	M	1	0	X	517507600
162120108	56179040	51	M	1	0	X	517508412
162304517	56179720	13	M	1	2	450096778	X
162304518	56179720	48	F	1	0	X	517508792
162304519	56179720	16	M	1	2	450096777	X
162304536	56185499	48	F	1	0	X	517508624
162304537	56185499	16	M	1	2	450096777	X
162320016	56183635	39	M	1	10	X	517508002
162320031	56183842	58	F	1	0	X	517508481
162320032	56183842	39	M	1	10	X	517507696
162535459	56183048	22	M	1	9	X	517507785
162535496	56182736	19	F	1	0	X	517507940
162535504	56183212	19	F	1	0	X	517507587
162535505	56183212	22	M	1	9	X	517662850
162569608	56177409	67	F	1	0	X	X
162569612	56178360	67	F	1	0	X	X
162569615	56178871	67	F	1	0	X	X
162569625	56184559	67	F	1	0	X	X
162750340	56180678	67	M	1	0	X	X
162868806	56179045	63	M	1	1	X	517508002
163140729	56177701	58	F	1	0	X	517662850
163140737	56178174	58	F	1	0	X	517663177
163140747	56185575	58	F	1	0	X	517508328
163140775	56180912	58	F	1	0	X	517507578
163140783	56178215	58	F	1	0	X	517662850
163140784	56178215	63	M	1	1	X	517663173
163154765	56184833	16	F	9	2	450096777	517508136
163154766	56184833	39	F	1	0	X	517508056
163154769	56184833	32	M	1	9	X	517663305
163154815	56184618	16	F	9	2	450096777	517508002
163154817	56184618	6	M	1	2	450091718	X
163154818	56184618	1	F	1	2	X	X
163154819	56184618	32	M	1	9	X	517508426
163154840	56181379	16	F	9	2	450096777	517663273
163154844	56181379	32	M	1	9	X	517507273
163154905	56184890	16	F	9	2	450096777	517508807
163154906	56184890	39	F	1	0	X	517508696
163154908	56184890	1	F	1	2	X	X
163154934	56177360	32	M	1	9	X	517663173
163154945	56177245	16	F	9	2	450096777	517662730
163154947	56177245	6	M	1	2	450091718	X
163155001	56182057	39	F	1	0	X	517663322
163155003	56182057	1	F	1	2	X	X
163301089	56181392	58	M	1	0	X	X
163301090	56181963	58	M	1	0	X	X
163301102	56178987	58	M	1	0	X	X
163301106	56181825	58	M	1	0	X	X
163301108	56184979	58	M	1	0	X	X
163301112	56183375	58	M	1	0	X	X
163375979	56183666	50	M	1	0	X	517508103
163375984	56184874	44	F	1	1	X	517507665
163375987	56184874	50	M	1	0	X	517507271
163376003	56184693	50	M	1	0	X	517508166
163376026	56181219	12	M	1	2	450096778	X
163376027	56181219	50	M	1	0	X	517507897
163376032	56177886	44	F	1	1	X	517508739
163376033	56177886	16	M	1	2	450096777	X
163376035	56177886	50	M	1	0	X	517662850
163528294	56182068	14	M	1	2	450096778	X
163528295	56182068	46	F	1	1	X	517507890
163528297	56182068	46	M	1	0	X	517508107
163528303	56183818	46	F	1	1	X	517662865
163528305	56183818	46	M	1	0	X	517663328
163550949	56183900	35	F	1	0	X	517508109
163550952	56183900	13	F	1	2	450096778	X
163550993	56182000	35	F	1	0	X	517508470
163550994	56182000	15	F	1	2	450096777	X
163550995	56182000	35	M	1	1	X	517507582
163551011	56181136	35	M	1	1	X	517507582
163655485	56181746	59	M	1	0	X	517508526
163655487	56180906	59	M	1	0	X	517507578
163655488	56181446	56	F	1	1	X	517663346
163655489	56181446	59	M	1	0	X	517663295
163655497	56178203	59	M	1	0	X	517508426
163655502	56183294	56	F	1	1	X	517508690
163655509	56176895	59	M	1	0	X	517508732
163655510	56184724	56	F	1	1	X	517507410
163655511	56184724	59	M	1	0	X	517506627
163851633	56177538	28	M	1	1	X	517662850
163851634	56177538	29	F	1	0	X	517508374
163851649	56184050	28	M	1	1	X	517508062
163851657	56183605	28	M	1	1	X	517662794
163905626	56183074	17	M	1	2	450096777	X
163905627	56183074	18	F	1	2	450096777	X
163905629	56183074	44	F	1	1	X	X
163905638	56178705	17	M	1	2	450096777	X
163905640	56178705	46	M	1	0	X	517662847
163905641	56178705	44	F	1	1	X	X
163977915	56183557	21	F	1	0	X	517507588
163977944	56182496	22	M	1	1	X	517507265
163977945	56182496	21	F	1	0	X	517507293
163977946	56184389	22	M	1	1	X	517508464
163977947	56184389	21	F	1	0	X	517663338
163977950	56178789	22	M	1	1	X	517508352
