sp_id	stcotrbg	hh_race	hh_income	latitude	longitude
56616225	560330001001	1	85000	44.7906323	-106.9444852
56616226	560330001001	1	29500	44.7949013	-106.9463628
56616227	560330001001	1	71000	44.7741821	-106.9470058
56616228	560330001001	1	66300	44.7924575	-106.9396942
56616229	560330001001	1	80000	44.7911432	-106.9395740
56616230	560330001001	1	22000	44.7951231	-106.9470299
56616231	560330001001	1	15100	44.7864282	-106.9397488
56616232	560330001001	1	8600	44.7932903	-106.9466113
56616233	560330001001	1	7570	44.7833246	-106.9443256
56616234	560330001001	1	21400	44.7751965	-106.9469166
56616235	560330001001	1	85000	44.7871258	-106.9429148
56616236	560330001001	1	18000	44.7861058	-106.9419968
56616237	560330001001	1	47000	44.7898752	-106.9479591
56616238	560330001001	1	25200	44.7906831	-106.9406580
56616239	560330001001	1	77000	44.7899661	-106.9468610
56616240	560330001001	1	151500	44.7817678	-106.9449325
56616241	560330001001	1	188000	44.7889613	-106.9471125
56616242	560330001001	1	10600	44.7872033	-106.9436316
56616243	560330001001	1	31400	44.7817550	-106.9468520
56616244	560330001001	1	72300	44.7976248	-106.9426141
56616245	560330001001	1	69000	44.7766677	-106.9406812
56616246	560330001001	1	8400	44.7985093	-106.9447943
56616247	560330001001	1	52400	44.7762707	-106.9366683
56616248	560330001001	1	85500	44.7772022	-106.9373454
56616249	560330001001	1	15100	44.7979523	-106.9440933
56616250	560330001001	1	12000	44.7990279	-106.9419433
56616251	560330001001	1	20700	44.7990105	-106.9409072
56616252	560330001001	1	6200	44.7876389	-106.9446600
56616253	560330001001	1	66400	44.7987769	-106.9373386
56616254	560330001001	1	225600	44.7745258	-106.9455039
56616255	560330001001	1	28180	44.7907881	-106.9438410
56616256	560330001001	1	13500	44.7909607	-106.9443850
56616257	560330001001	1	49000	44.7869197	-106.9365054
56616258	560330001001	1	22000	44.7891923	-106.9373319
56616259	560330001001	1	116500	44.7988183	-106.9470742
56616260	560330001001	1	7200	44.7808675	-106.9458078
56616261	560330001001	1	4700	44.7745063	-106.9369295
56616262	560330001001	1	151700	44.7974560	-106.9407011
56616263	560330001001	1	370	44.7874919	-106.9370924
56616264	560330001001	1	101600	44.7941613	-106.9392365
56616265	560330001001	1	61000	44.7884051	-106.9380438
56616266	560330001001	1	122000	44.7869535	-106.9373203
56616267	560330001001	1	36650	44.7899337	-106.9383224
56616268	560330001001	1	21710	44.7939113	-106.9370723
56616269	560330001001	1	58000	44.7857064	-106.9377430
56616270	560330001001	1	82000	44.7955718	-106.9382148
56616271	560330001001	1	14900	44.7921609	-106.9388897
56616272	560330001001	1	4720	44.7852724	-106.9369147
56616273	560330001001	1	41280	44.7949330	-106.9406635
56616274	560330001001	1	8000	44.7946336	-106.9379540
56616275	560330001001	1	20000	44.7923821	-106.9419219
56616276	560330001001	1	18000	44.7838002	-106.9365885
56616277	560330001001	1	41500	44.7975846	-106.9377178
56616278	560330001001	1	55000	44.7913763	-106.9371979
56616279	560330001001	1	17400	44.7940401	-106.9413226
56616280	560330001001	1	1100	44.7950608	-106.9402613
56616281	560330001001	1	103020	44.7919276	-106.9387311
56616282	560330001001	1	81000	44.7753441	-106.9479243
56616283	560330001001	1	36000	44.7963202	-106.9405308
56616284	560330001001	1	57500	44.7985970	-106.9410584
56616285	560330001001	1	51300	44.7903593	-106.9439683
56616286	560330001001	1	13500	44.7920272	-106.9370302
56616287	560330001001	1	20200	44.7919353	-106.9406741
56616288	560330001001	1	32000	44.7820157	-106.9368161
56616289	560330001001	1	40000	44.7817599	-106.9369233
56616290	560330001001	1	5000	44.7797683	-106.9366394
56616291	560330001001	1	20910	44.7882236	-106.9367825
56616292	560330001001	1	50000	44.7915703	-106.9423107
56616293	560330001001	1	27800	44.7939343	-106.9382434
56616294	560330001001	1	50600	44.7956763	-106.9406916
56616295	560330001001	1	1004	44.7927734	-106.9403555
56616296	560330001001	1	24000	44.7930389	-106.9382764
56616297	560330001001	1	8400	44.7966525	-106.9416198
56616298	560330001001	1	7800	44.7952217	-106.9403576
56616299	560330001001	1	47304	44.7949884	-106.9391709
56616300	560330001001	1	61400	44.7903453	-106.9445120
56616301	560330001001	1	67000	44.7911308	-106.9440302
56616302	560330001001	1	24100	44.7909604	-106.9442753
56616303	560330001001	1	8300	44.7906829	-106.9448437
56616304	560330001001	1	37000	44.7908674	-106.9443756
56616305	560330001001	1	18000	44.7903606	-106.9438850
56616306	560330001001	1	56010	44.7910657	-106.9444157
56616307	560330001001	1	13900	44.7907895	-106.9438627
56616308	560330001001	1	11700	44.7908116	-106.9438596
56616309	560330001001	1	82360	44.7906742	-106.9449015
56616310	560330001001	1	70000	44.7908312	-106.9437562
56616311	560330001001	1	30500	44.7909271	-106.9437907
56616312	560330001001	1	97000	44.7910573	-106.9438146
56616313	560330001001	1	17500	44.7858916	-106.9449473
56616314	560330001001	1	33000	44.7861998	-106.9443869
56616315	560330001001	1	104900	44.7864924	-106.9446907
56616316	560330001001	1	42000	44.7858754	-106.9451546
56616317	560330001001	1	52300	44.7931295	-106.9432962
56616318	560330001001	1	66700	44.7954279	-106.9458105
56616319	560330001001	1	500	44.7838713	-106.9444988
56616320	560330001001	1	16400	44.7933422	-106.9436440
56616321	560330001001	1	247500	44.7859886	-106.9449288
56616322	560330001001	1	22000	44.7951535	-106.9459558
56616323	560330001001	1	35000	44.7859387	-106.9447432
56616324	560330001001	1	31800	44.7948225	-106.9461855
56616325	560330001001	1	25000	44.7953172	-106.9467576
56616326	560330001001	1	64500	44.7860594	-106.9442057
56616327	560330001001	1	12830	44.7863591	-106.9449478
56616328	560330001001	1	21710	44.7953696	-106.9468464
56616329	560330001001	1	38000	44.7955179	-106.9459307
56616330	560330001001	1	82000	44.7946209	-106.9459932
56616331	560330001001	1	50000	44.7938770	-106.9436233
56616332	560330001001	1	94000	44.7933203	-106.9432469
56616333	560330001001	1	53600	44.7964021	-106.9446043
56616334	560330001001	1	11200	44.7895962	-106.9435503
56616335	560330001001	1	95900	44.7945720	-106.9468596
56616336	560330001001	1	14400	44.7948530	-106.9459557
56616337	560330001001	1	60000	44.7948179	-106.9457994
56616338	560330001001	1	80000	44.7949202	-106.9458732
56616339	560330001001	1	64300	44.7952260	-106.9461566
56616340	560330001001	1	7500	44.7955001	-106.9458446
56616341	560330001001	1	8000	44.7901851	-106.9440528
56616342	560330001001	1	20000	44.7900354	-106.9447014
56616343	560330001001	1	7200	44.7946534	-106.9468004
56616344	560330001001	1	120000	44.7895956	-106.9445393
56616345	560330001001	1	37000	44.7899586	-106.9445096
56616346	560330001001	1	35400	44.7901908	-106.9440562
56616347	560330001001	1	20500	44.7902237	-106.9442833
56616348	560330001001	1	93200	44.7965480	-106.9432671
56616349	560330001001	1	144200	44.7965925	-106.9426949
56616350	560330001001	1	21000	44.7897513	-106.9435505
56616351	560330001001	1	46540	44.7899498	-106.9438496
56616352	560330001001	1	85000	44.7900140	-106.9443111
56616353	560330001001	1	16700	44.7958479	-106.9423717
56616354	560330001001	1	36000	44.7900651	-106.9444617
56616355	560330001001	1	47000	44.7958412	-106.9421738
56616356	560330001001	1	63900	44.7965342	-106.9421809
56616357	560330001001	1	52200	44.7966488	-106.9427478
56616358	560330001001	1	186000	44.7959775	-106.9423430
56616359	560330001001	1	95900	44.7966494	-106.9423127
56616360	560330001001	1	22400	44.7958909	-106.9430892
56616361	560330001001	1	14400	44.7959463	-106.9423255
56616362	560330001001	1	220000	44.7960221	-106.9421440
56616363	560330001001	1	67000	44.7930899	-106.9430125
56616364	560330001001	1	61000	44.7938135	-106.9441875
56616365	560330001001	1	110100	44.7925165	-106.9444332
56616366	560330001001	1	47000	44.7961313	-106.9436615
56616367	560330001001	1	18700	44.7961733	-106.9437959
56616368	560330001001	1	13500	44.7960807	-106.9438738
56616369	560330001001	1	74000	44.7957794	-106.9433211
56616370	560330001001	1	28800	44.7965510	-106.9435788
56616371	560330001001	1	85000	44.7962813	-106.9441402
56616372	560330001001	1	74200	44.7927975	-106.9445350
56616373	560330001001	1	17400	44.7958051	-106.9440579
56616374	560330001001	1	77800	44.7961325	-106.9433768
56616375	560330001001	1	63440	44.7963997	-106.9437925
56616376	560330001001	1	100400	44.7921423	-106.9450099
56616377	560330001001	1	105304	44.7958054	-106.9435837
56616378	560330001001	1	13530	44.7938372	-106.9470346
56616379	560330001001	1	6500	44.7914889	-106.9442622
56616380	560330001001	1	19200	44.7914048	-106.9446793
56616381	560330001001	1	10300	44.7920573	-106.9446278
56616382	560330001001	1	38000	44.7922597	-106.9448286
56616383	560330001001	1	17400	44.7925937	-106.9448663
56616384	560330001001	1	10000	44.7923820	-106.9450606
56616385	560330001001	1	20100	44.7926890	-106.9443102
56616386	560330001001	1	55033	44.7921038	-106.9443304
56616387	560330001001	1	42000	44.7915672	-106.9441567
56616388	560330001001	1	13700	44.7912426	-106.9449075
56616389	560330001001	1	8000	44.7914996	-106.9447096
56616390	560330001001	1	15000	44.7911340	-106.9443457
56616391	560330001001	1	4600	44.7918687	-106.9440517
56616392	560330001001	1	46000	44.7913837	-106.9446630
56616393	560330001001	1	100000	44.7916447	-106.9442951
56616394	560330001001	1	37000	44.7935347	-106.9463909
56616395	560330001001	1	28000	44.7924351	-106.9460044
56616396	560330001001	1	83600	44.7757986	-106.9382039
56616397	560330001001	1	76830	44.7956136	-106.9446291
56616398	560330001001	1	40750	44.7835078	-106.9437933
56616399	560330001001	1	23000	44.7758438	-106.9381090
56616400	560330001001	1	34000	44.7837172	-106.9449567
56616401	560330001001	1	8400	44.7837885	-106.9438608
56616402	560330001001	1	56300	44.7868612	-106.9450119
56616403	560330001001	1	20980	44.7850191	-106.9451321
56616404	560330001001	1	35300	44.7844478	-106.9449452
56616405	560330001001	1	37500	44.7831635	-106.9449549
56616406	560330001001	1	4600	44.7831537	-106.9437308
56616407	560330001001	1	27800	44.7837767	-106.9447944
56616408	560330001001	1	57900	44.7843107	-106.9441885
56616409	560330001001	1	6800	44.7834133	-106.9446836
56616410	560330001001	1	4600	44.7845920	-106.9452132
56616411	560330001001	1	6200	44.7850330	-106.9449086
56616412	560330001001	1	141000	44.7841546	-106.9447297
56616413	560330001001	1	9200	44.7843319	-106.9439321
56616414	560330001001	1	62000	44.7845239	-106.9440509
56616415	560330001001	1	40000	44.7841070	-106.9449089
56616416	560330001001	1	60000	44.7846729	-106.9440726
56616417	560330001001	1	15100	44.7842946	-106.9448035
56616418	560330001001	1	4720	44.7869101	-106.9449639
56616419	560330001001	1	81500	44.7851543	-106.9443414
56616420	560330001001	1	28000	44.7851538	-106.9452730
56616421	560330001001	1	80050	44.7849353	-106.9442431
56616422	560330001001	1	17400	44.7848340	-106.9447266
56616423	560330001001	1	50000	44.7854203	-106.9451484
56616424	560330001001	1	88000	44.7850539	-106.9449149
56616425	560330001001	1	134400	44.7851245	-106.9440919
56616426	560330001001	1	18000	44.7866769	-106.9452616
56616427	560330001001	1	18000	44.7867131	-106.9450309
56616428	560330001001	1	26360	44.7872405	-106.9451360
56616429	560330001001	1	33200	44.7869036	-106.9445556
56616430	560330001001	1	45200	44.7867816	-106.9445243
56616431	560330001001	1	146200	44.7869013	-106.9447712
56616432	560330001001	1	14000	44.7873744	-106.9456818
56616433	560330001001	1	24000	44.7954307	-106.9452740
56616434	560330001001	1	31200	44.7909600	-106.9450785
56616435	560330001001	1	24000	44.7782440	-106.9375320
56616436	560330001001	1	11400	44.7750128	-106.9379497
56616437	560330001001	1	13970	44.7754732	-106.9383663
56616438	560330001001	1	66500	44.7755471	-106.9381654
56616439	560330001001	1	13100	44.7755875	-106.9380463
56616440	560330001001	1	9600	44.7760582	-106.9378707
56616441	560330001001	1	90000	44.7762513	-106.9378081
56616442	560330001001	1	14400	44.7761082	-106.9385938
56616443	560330001001	1	36000	44.7759659	-106.9380459
56616444	560330001001	1	15500	44.7748578	-106.9383051
56616445	560330001001	1	39500	44.7749753	-106.9383095
56616446	560330001001	1	10000	44.7746170	-106.9376603
56616447	560330001001	1	8400	44.7751317	-106.9379839
56616448	560330001001	1	58000	44.7753976	-106.9373984
56616449	560330001001	1	23000	44.7750940	-106.9378808
56616450	560330001001	1	46100	44.7745868	-106.9383781
56616451	560330001001	1	81000	44.7786865	-106.9376638
56616452	560330001001	1	24000	44.7769144	-106.9384753
56616453	560330001001	1	40411	44.7764931	-106.9378911
56616454	560330001001	1	40000	44.7754113	-106.9374490
56616455	560330001001	1	116500	44.7768651	-106.9378244
56616456	560330001001	1	117000	44.7770314	-106.9382515
56616457	560330001001	1	31900	44.7770709	-106.9378534
56616458	560330001001	1	36000	44.7765615	-106.9387209
56616459	560330001001	1	38450	44.7786925	-106.9377344
56616460	560330001001	1	16000	44.7763645	-106.9378764
56616461	560330001001	1	46000	44.7772099	-106.9376734
56616462	560330001001	1	45600	44.7767326	-106.9377486
56616463	560330001001	1	119000	44.7788069	-106.9373559
56616464	560330001001	1	26800	44.7783658	-106.9377749
56616465	560330001001	1	169000	44.7783310	-106.9368813
56616466	560330001001	1	2400	44.7909771	-106.9459146
56616467	560330001001	1	77000	44.7789628	-106.9383345
56616468	560330001001	1	94000	44.7775495	-106.9373459
56616469	560330001001	1	36000	44.7786643	-106.9375295
56616470	560330001001	1	38000	44.7782282	-106.9370422
56616471	560330001001	1	43200	44.7784947	-106.9369065
56616472	560330001001	1	12830	44.7774631	-106.9371061
56616473	560330001001	1	37900	44.7775733	-106.9374562
56616474	560330001001	1	15450	44.7775001	-106.9374147
56616475	560330001001	1	10500	44.7783070	-106.9388151
56616476	560330001001	1	86470	44.7774076	-106.9373082
56616477	560330001001	1	31600	44.7773023	-106.9367833
56616478	560330001001	1	16700	44.7779387	-106.9372414
56616479	560330001001	1	80000	44.7786367	-106.9382843
56616480	560330001001	1	22500	44.7781551	-106.9379219
56616481	560330001001	1	11200	44.7781391	-106.9385870
56616482	560330001001	1	18000	44.7909598	-106.9458856
56616483	560330001001	1	25000	44.7776289	-106.9384770
56616484	560330001001	1	30000	44.7785391	-106.9386829
56616485	560330001001	1	13200	44.7789538	-106.9383764
56616486	560330001001	1	58000	44.7788427	-106.9384529
56616487	560330001001	1	32000	44.7773278	-106.9378995
56616488	560330001001	1	33200	44.7786026	-106.9383996
56616489	560330001001	1	10600	44.7772618	-106.9378576
56616490	560330001001	1	35780	44.7903651	-106.9458597
56616491	560330001001	1	8000	44.7773173	-106.9389245
56616492	560330001001	1	122300	44.7778774	-106.9388331
56616493	560330001001	1	17000	44.7775626	-106.9386150
56616494	560330001001	1	26500	44.7780002	-106.9390005
56616495	560330001001	1	16700	44.7779748	-106.9387765
56616496	560330001001	1	103300	44.7776932	-106.9386401
56616497	560330001001	1	52500	44.7950233	-106.9455534
56616498	560330001001	1	37000	44.7844052	-106.9378991
56616499	560330001001	1	11500	44.7817764	-106.9379258
56616500	560330001001	1	3700	44.7804872	-106.9372078
56616501	560330001001	1	18700	44.7904355	-106.9450247
56616502	560330001001	1	46000	44.7904457	-106.9451148
56616503	560330001001	1	43000	44.7905249	-106.9456498
56616504	560330001001	1	31200	44.7804620	-106.9378364
56616505	560330001001	1	30400	44.7908001	-106.9455887
56616506	560330001001	1	65900	44.7807698	-106.9376826
56616507	560330001001	1	11300	44.7820231	-106.9382825
56616508	560330001001	1	21500	44.7800616	-106.9371777
56616509	560330001001	1	33300	44.7806139	-106.9381134
56616510	560330001001	1	35000	44.7802479	-106.9371266
56616511	560330001001	1	6200	44.7820460	-106.9383383
56616512	560330001001	1	56800	44.7806983	-106.9370497
56616513	560330001001	1	32000	44.7800603	-106.9380023
56616514	560330001001	1	23000	44.7841665	-106.9378774
56616515	560330001001	1	45000	44.7833787	-106.9386270
56616516	560330001001	1	23100	44.7820097	-106.9375887
56616517	560330001001	1	70900	44.7819009	-106.9381056
56616518	560330001001	1	36000	44.7823294	-106.9380108
56616519	560330001001	1	40000	44.7828706	-106.9384221
56616520	560330001001	1	29200	44.7819475	-106.9371842
56616521	560330001001	1	13970	44.7820566	-106.9383963
56616522	560330001001	1	40000	44.7840854	-106.9383626
56616523	560330001001	1	12700	44.7830172	-106.9380693
56616524	560330001001	1	55000	44.7827635	-106.9374137
56616525	560330001001	1	182100	44.7832795	-106.9377491
56616526	560330001001	1	20100	44.7829296	-106.9379160
56616527	560330001001	1	48700	44.7829665	-106.9375516
56616528	560330001001	1	10000	44.7834171	-106.9383495
56616529	560330001001	1	23000	44.7950258	-106.9452107
56616530	560330001001	1	7200	44.7918304	-106.9461569
56616531	560330001001	1	32000	44.7879056	-106.9472590
56616532	560330001001	1	59200	44.7840811	-106.9382516
56616533	560330001001	1	37500	44.7836609	-106.9375232
56616534	560330001001	1	103300	44.7840705	-106.9379325
56616535	560330001001	1	50500	44.7873744	-106.9472347
56616536	560330001001	1	11400	44.7839545	-106.9377409
56616537	560330001001	1	9900	44.7842973	-106.9387253
56616538	560330001001	1	28000	44.7912880	-106.9460740
56616539	560330001001	1	344200	44.7874115	-106.9482406
56616540	560330001001	1	1000	44.7877098	-106.9480108
56616541	560330001001	1	37400	44.7878190	-106.9477853
56616542	560330001001	1	20100	44.7877019	-106.9475205
56616543	560330001001	1	18800	44.7874308	-106.9482472
56616544	560330001001	1	17000	44.7876930	-106.9480843
56616545	560330001001	1	7400	44.7954971	-106.9456423
56616546	560330001001	1	10000	44.7952240	-106.9421234
56616547	560330001001	1	20000	44.7914736	-106.9454040
56616548	560330001001	1	74000	44.7911308	-106.9459145
56616549	560330001001	1	85600	44.7918472	-106.9463498
56616550	560330001001	1	82000	44.7955513	-106.9425837
56616551	560330001001	1	239000	44.7915309	-106.9455758
56616552	560330001001	1	43000	44.7916917	-106.9452011
56616553	560330001001	1	24000	44.7950955	-106.9447341
56616554	560330001001	1	42800	44.7957056	-106.9423635
56616555	560330001001	1	4290	44.7949210	-106.9425575
56616556	560330001001	1	35000	44.7956913	-106.9421121
56616557	560330001001	1	18600	44.7953352	-106.9454388
56616558	560330001001	1	16400	44.7954671	-106.9430866
56616559	560330001001	1	54200	44.7950839	-106.9429469
56616560	560330001001	1	33200	44.7920385	-106.9460625
56616561	560330001001	1	76200	44.7921038	-106.9454069
56616562	560330001001	1	18000	44.7828354	-106.9461050
56616563	560330001001	1	36000	44.7952384	-106.9437183
56616564	560330001001	1	9300	44.7945266	-106.9462081
56616565	560330001001	1	20000	44.7957563	-106.9462286
56616566	560330001001	1	41000	44.7956021	-106.9436181
56616567	560330001001	1	13600	44.7955265	-106.9439724
56616568	560330001001	1	9600	44.7945273	-106.9457820
56616569	560330001001	1	32400	44.7950045	-106.9433411
56616570	560330001001	1	42700	44.7956442	-106.9442334
56616571	560330001001	1	62000	44.7948695	-106.9437104
56616572	560330001001	1	32000	44.7937458	-106.9465456
56616573	560330001001	1	41000	44.7956512	-106.9432753
56616574	560330001001	1	36000	44.7938256	-106.9456317
56616575	560330001001	1	2500	44.7823296	-106.9449287
56616576	560330001001	1	115000	44.7933570	-106.9453546
56616577	560330001001	1	40000	44.7934864	-106.9450556
56616578	560330001001	1	105400	44.7945097	-106.9457956
56616579	560330001001	1	60000	44.7945025	-106.9464604
56616580	560330001001	1	32400	44.7932600	-106.9441064
56616581	560330001001	1	18000	44.7930910	-106.9443825
56616582	560330001001	1	84000	44.7930635	-106.9445149
56616583	560330001001	1	45000	44.7835531	-106.9459350
56616584	560330001001	1	41000	44.7829613	-106.9460791
56616585	560330001001	1	14000	44.7931534	-106.9443182
56616586	560330001001	1	13700	44.7828690	-106.9458636
56616587	560330001001	1	0	44.7835658	-106.9462046
56616588	560330001001	1	158020	44.7833230	-106.9452002
56616589	560330001001	1	92000	44.7829774	-106.9461964
56616590	560330001001	1	26000	44.7961085	-106.9467673
56616591	560330001001	1	8300	44.7816273	-106.9379804
56616592	560330001001	1	37800	44.7833669	-106.9470503
56616593	560330001001	1	2000	44.7824446	-106.9458497
56616594	560330001001	1	104900	44.7828520	-106.9451187
56616595	560330001001	1	67700	44.7823315	-106.9458660
56616596	560330001001	1	11500	44.7828949	-106.9472956
56616597	560330001001	1	8000	44.7827131	-106.9452368
56616598	560330001001	1	96500	44.7828345	-106.9464871
56616599	560330001001	1	60000	44.7814290	-106.9373128
56616600	560330001001	1	24900	44.7832920	-106.9465138
56616601	560330001001	1	18600	44.7834085	-106.9471272
56616602	560330001001	1	16300	44.7832492	-106.9467294
56616603	560330001001	1	8000	44.7817419	-106.9375399
56616604	560330001001	1	6000	44.7816597	-106.9371903
56616605	560330001001	1	42000	44.7808980	-106.9374026
56616606	560330001001	1	15300	44.7917689	-106.9476281
56616607	560330001001	1	34300	44.7827941	-106.9445387
56616608	560330001001	1	2400	44.7821750	-106.9440870
56616609	560330001001	1	18600	44.7810135	-106.9374988
56616610	560330001001	1	45000	44.7828805	-106.9439085
56616611	560330001001	1	16800	44.7820988	-106.9443547
56616612	560330001001	1	10000	44.7824056	-106.9444177
56616613	560330001001	1	7520	44.7822803	-106.9437890
56616614	560330001001	1	53200	44.7920510	-106.9466801
56616615	560330001001	1	48000	44.7830090	-106.9481612
56616616	560330001001	1	23000	44.7928556	-106.9467706
56616617	560330001001	1	48000	44.7833104	-106.9475935
56616618	560330001001	1	164000	44.7924506	-106.9469599
56616619	560330001001	1	155220	44.7834355	-106.9480366
56616620	560330001001	1	18000	44.7832825	-106.9481979
56616621	560330001001	1	36000	44.7923461	-106.9464146
56616622	560330001001	1	55000	44.7744387	-106.9380377
56616623	560330001001	1	7400	44.7942706	-106.9417255
56616624	560330001001	1	42960	44.7958826	-106.9467804
56616625	560330001001	1	2500	44.7958143	-106.9454245
56616626	560330001001	1	158000	44.7960511	-106.9447448
56616627	560330001001	1	72500	44.7957360	-106.9463999
56616628	560330001001	1	40000	44.7960538	-106.9464978
56616629	560330001001	1	1400	44.7821573	-106.9474422
56616630	560330001001	1	41800	44.7963657	-106.9447916
56616631	560330001001	1	125000	44.7956520	-106.9452808
56616632	560330001001	1	12600	44.7956304	-106.9448249
56616633	560330001001	1	7800	44.7821180	-106.9479008
56616634	560330001001	1	20000	44.7826566	-106.9481611
56616635	560330001001	1	37000	44.7823205	-106.9475318
56616636	560330001001	1	22610	44.7739815	-106.9378514
56616637	560330001001	1	10500	44.7867915	-106.9472213
56616638	560330001001	1	74000	44.7940031	-106.9427936
56616639	560330001001	1	62800	44.7945448	-106.9429357
56616640	560330001001	1	9600	44.7942945	-106.9423348
56616641	560330001001	1	2400	44.7871739	-106.9481080
56616642	560330001001	1	24000	44.7945573	-106.9422823
56616643	560330001001	1	12000	44.7867750	-106.9472841
56616644	560330001001	1	23700	44.7838682	-106.9472496
56616645	560330001001	1	39000	44.7900131	-106.9475209
56616646	560330001001	1	18700	44.7867232	-106.9480722
56616647	560330001001	1	8400	44.7871637	-106.9475945
56616648	560330001001	1	5050	44.7843303	-106.9476150
56616649	560330001001	1	20000	44.7839483	-106.9473582
56616650	560330001001	1	5750	44.7843797	-106.9474220
56616651	560330001001	1	85500	44.7937957	-106.9451194
56616652	560330001001	1	61000	44.7795801	-106.9373264
56616653	560330001001	1	58800	44.7944917	-106.9446074
56616654	560330001001	1	7500	44.7796485	-106.9372447
56616655	560330001001	1	72000	44.7742037	-106.9375262
56616656	560330001001	1	15800	44.7795473	-106.9379350
56616657	560330001001	1	22800	44.7942798	-106.9444025
56616658	560330001001	1	24800	44.7944469	-106.9448271
56616659	560330001001	1	77000	44.7799799	-106.9369033
56616660	560330001001	1	17000	44.7855307	-106.9379038
56616661	560330001001	1	20000	44.7772773	-106.9466939
56616662	560330001001	1	37000	44.7935193	-106.9456626
56616663	560330001001	1	24400	44.7865324	-106.9443992
56616664	560330001001	1	121500	44.7867313	-106.9390363
56616665	560330001001	1	92000	44.7766252	-106.9472048
56616666	560330001001	1	172700	44.7878989	-106.9415468
56616667	560330001001	1	50000	44.7842207	-106.9480646
56616668	560330001001	1	9200	44.7898633	-106.9450718
56616669	560330001001	1	129649	44.7947480	-106.9436415
56616670	560330001001	1	86300	44.7885315	-106.9408922
56616671	560330001001	1	26600	44.7946920	-106.9438687
56616672	560330001001	1	110000	44.7935833	-106.9463825
56616673	560330001001	1	8000	44.7899601	-106.9456595
56616674	560330001001	1	16000	44.7916264	-106.9473863
56616675	560330001001	1	35300	44.7943558	-106.9436671
56616676	560330001001	1	55000	44.7940111	-106.9430435
56616677	560330001001	1	4500	44.7915374	-106.9463785
56616678	560330001001	1	8200	44.7917987	-106.9469825
56616679	560330001001	1	23000	44.7916641	-106.9469481
56616680	560330001001	1	6350	44.7878982	-106.9408995
56616681	560330001001	1	17400	44.7886738	-106.9446747
56616682	560330001001	1	9300	44.7886654	-106.9445619
56616683	560330001001	1	89200	44.7894758	-106.9447824
56616684	560330001001	1	40270	44.7894140	-106.9456988
56616685	560330001001	1	360	44.7888526	-106.9436919
56616686	560330001001	1	10470	44.7892529	-106.9436833
56616687	560330001001	1	80000	44.7884672	-106.9445289
56616688	560330001001	1	22000	44.7842966	-106.9422525
56616689	560330001001	1	8400	44.7883774	-106.9452006
56616690	560330001001	1	13500	44.7887321	-106.9454596
56616691	560330001001	1	54950	44.7886339	-106.9448573
56616692	560330001001	1	13800	44.7841369	-106.9414767
56616693	560330001001	1	10000	44.7841133	-106.9424745
56616694	560330001001	1	42000	44.7846416	-106.9426863
56616695	560330001001	1	14400	44.7737428	-106.9439573
56616696	560330001001	1	76300	44.7773796	-106.9463131
56616697	560330001001	1	8600	44.7835252	-106.9389368
56616698	560330001001	1	58000	44.7877549	-106.9427784
56616699	560330001001	1	148300	44.7889877	-106.9431068
56616700	560330001001	1	23100	44.7880495	-106.9419349
56616701	560330001001	1	9200	44.7893105	-106.9428686
56616702	560330001001	1	205700	44.7879041	-106.9428393
56616703	560330001001	1	36650	44.7894850	-106.9423122
56616704	560330001001	1	40000	44.7893911	-106.9422779
56616705	560330001001	1	24000	44.7843090	-106.9391058
56616706	560330001001	1	44700	44.7896367	-106.9423418
56616707	560330001001	1	42000	44.7884282	-106.9425782
56616708	560330001001	1	65340	44.7882390	-106.9430865
56616709	560330001001	1	19000	44.7902913	-106.9435374
56616710	560330001001	1	83900	44.7901571	-106.9431399
56616711	560330001001	1	45234	44.7900054	-106.9433569
56616712	560330001001	1	12000	44.7879458	-106.9390659
56616713	560330001001	1	23000	44.7886058	-106.9403328
56616714	560330001001	1	8500	44.7848457	-106.9405697
56616715	560330001001	1	10700	44.7841239	-106.9398735
56616716	560330001001	1	46000	44.7839518	-106.9394382
56616717	560330001001	1	102600	44.7878753	-106.9400305
56616718	560330001001	1	7520	44.7847102	-106.9412678
56616719	560330001001	1	176000	44.7842780	-106.9404721
56616720	560330001001	1	1100	44.7876347	-106.9386908
56616721	560330001001	1	100400	44.7926699	-106.9434655
56616722	560330001001	1	2000	44.7886705	-106.9406392
56616723	560330001001	1	11500	44.7903046	-106.9465618
56616724	560330001001	1	10000	44.7874582	-106.9387367
56616725	560330001001	1	15900	44.7925756	-106.9431589
56616726	560330001001	1	52000	44.7925192	-106.9431931
56616727	560330001001	1	27800	44.7739633	-106.9436527
56616728	560330001001	1	8000	44.7744471	-106.9436255
56616729	560330001001	1	27400	44.7760137	-106.9453309
56616730	560330001001	1	3700	44.7758320	-106.9445309
56616731	560330001001	1	14800	44.7768892	-106.9456349
56616732	560330001001	1	37280	44.7769118	-106.9457847
56616733	560330001001	1	500	44.7762384	-106.9454818
56616734	560330001001	1	95000	44.7764560	-106.9446618
56616735	560330001001	1	82700	44.7762828	-106.9439620
56616736	560330001001	1	14400	44.7750362	-106.9446393
56616737	560330001001	1	76300	44.7766976	-106.9440737
56616738	560330001001	1	43500	44.7758753	-106.9460552
56616739	560330001001	1	43000	44.7772276	-106.9448558
56616740	560330001001	1	24000	44.7757730	-106.9438613
56616741	560330001001	1	172700	44.7770774	-106.9450855
56616742	560330001001	1	23000	44.7754151	-106.9444532
56616743	560330001001	1	78000	44.7739458	-106.9438172
56616744	560330001001	1	118000	44.7775132	-106.9435075
56616745	560330001001	1	2400	44.7760652	-106.9437510
56616746	560330001001	1	112700	44.7745367	-106.9446243
56616747	560330001001	1	12550	44.7747048	-106.9438204
56616748	560330001001	1	4290	44.7774341	-106.9440308
56616749	560330001001	1	16800	44.7763316	-106.9427690
56616750	560330001001	1	19600	44.7765452	-106.9438227
56616751	560330001001	1	8500	44.7744799	-106.9423457
56616752	560330001001	1	60000	44.7749948	-106.9432069
56616753	560330001001	1	30000	44.7773388	-106.9438107
56616754	560330001001	1	8000	44.7754192	-106.9435581
56616755	560330001001	1	40700	44.7745065	-106.9433982
56616756	560330001001	1	31200	44.7754397	-106.9430286
56616757	560330001001	1	33000	44.7740850	-106.9427942
56616758	560330001001	1	25000	44.7919579	-106.9429848
56616759	560330001001	1	47000	44.7827653	-106.9466399
56616760	560330001001	1	46000	44.7981693	-106.9451585
56616761	560330001001	1	22400	44.7912458	-106.9421461
56616762	560330001001	1	16000	44.7856563	-106.9394201
56616763	560330001001	1	24000	44.7821053	-106.9466318
56616764	560330001001	1	31400	44.7852301	-106.9379080
56616765	560330001001	1	99010	44.7907240	-106.9432968
56616766	560330001001	1	20000	44.7820781	-106.9470266
56616767	560330001001	1	33800	44.7931884	-106.9427672
56616768	560330001001	1	22000	44.7982381	-106.9482573
56616769	560330001001	1	100000	44.7988159	-106.9482187
56616770	560330001001	1	43000	44.7907336	-106.9434638
56616771	560330001001	1	80000	44.7883650	-106.9435920
56616772	560330001001	1	47000	44.7939082	-106.9427303
56616773	560330001001	1	21100	44.7937697	-106.9428079
56616774	560330001001	1	60000	44.7906852	-106.9426475
56616775	560330001001	1	1100	44.7882193	-106.9434424
56616776	560330001001	1	7200	44.7884363	-106.9436184
56616777	560330001001	1	10500	44.7888212	-106.9384735
56616778	560330001001	1	340700	44.7871727	-106.9409683
56616779	560330001001	1	45000	44.7848347	-106.9392721
56616780	560330001001	1	20000	44.7967596	-106.9470146
56616781	560330001001	1	26000	44.7920571	-106.9435191
56616782	560330001001	1	31900	44.7918322	-106.9433259
56616783	560330001001	1	12600	44.7843022	-106.9399639
56616784	560330001001	1	59000	44.7966994	-106.9461754
56616785	560330001001	1	22500	44.7971663	-106.9467907
56616786	560330001001	1	57000	44.7874281	-106.9416849
56616787	560330001001	1	32000	44.7870218	-106.9405124
56616788	560330001001	1	33200	44.7844539	-106.9391947
56616789	560330001001	1	1000	44.7873949	-106.9403012
56616790	560330001001	1	32000	44.7858486	-106.9425951
56616791	560330001001	1	37000	44.7876437	-106.9403863
56616792	560330001001	1	105000	44.7851858	-106.9419027
56616793	560330001001	1	13000	44.7880795	-106.9383459
56616794	560330001001	1	22150	44.7750319	-106.9452127
56616795	560330001001	1	68400	44.7894113	-106.9404273
56616796	560330001001	1	12500	44.7890613	-106.9419790
56616797	560330001001	1	83900	44.7891366	-106.9413416
56616798	560330001001	1	17900	44.7760129	-106.9473400
56616799	560330001001	1	56400	44.7888619	-106.9401097
56616800	560330001001	1	40000	44.7757922	-106.9472216
56616801	560330001001	1	146600	44.7896171	-106.9391492
56616802	560330001001	1	42000	44.7972587	-106.9451985
56616803	560330001001	1	20100	44.7756622	-106.9454921
56616804	560330001001	1	42000	44.7972815	-106.9451389
56616805	560330001001	1	69600	44.7893365	-106.9395688
56616806	560330001001	1	145000	44.7915071	-106.9376622
56616807	560330001001	1	16000	44.7909172	-106.9383838
56616808	560330001001	1	103000	44.7854547	-106.9408698
56616809	560330001001	1	174000	44.7793467	-106.9450185
56616810	560330001001	1	4700	44.7786030	-106.9466423
56616811	560330001001	1	81000	44.7980106	-106.9460180
56616812	560330001001	1	197900	44.7967648	-106.9435117
56616813	560330001001	1	12550	44.7966553	-106.9438698
56616814	560330001001	1	4600	44.7973364	-106.9430391
56616815	560330001001	1	26000	44.7967309	-106.9428678
56616816	560330001001	1	39700	44.7809559	-106.9464515
56616817	560330001001	1	11500	44.7989405	-106.9452143
56616818	560330001001	1	10000	44.7989478	-106.9381480
56616819	560330001001	1	2700	44.7758373	-106.9389668
56616820	560330001001	1	85000	44.7865937	-106.9411238
56616821	560330001001	1	58100	44.7975238	-106.9463895
56616822	560330001001	1	22000	44.7805498	-106.9473865
56616823	560330001001	1	28100	44.7797845	-106.9466093
56616824	560330001001	1	38000	44.7904465	-106.9415248
56616825	560330001001	1	91500	44.7783732	-106.9439955
56616826	560330001001	1	7400	44.7788495	-106.9446619
56616827	560330001001	1	13700	44.7775758	-106.9451419
56616828	560330001001	1	167200	44.7792357	-106.9435871
56616829	560330001001	1	106000	44.7821800	-106.9431918
56616830	560330001001	1	20000	44.7815795	-106.9442535
56616831	560330001001	1	11300	44.7763010	-106.9393973
56616832	560330001001	1	46000	44.7902919	-106.9394900
56616833	560330001001	1	39600	44.7800006	-106.9438292
56616834	560330001001	1	8400	44.7806325	-106.9436049
56616835	560330001001	1	80000	44.7776692	-106.9472121
56616836	560330001001	1	18000	44.7904901	-106.9410559
56616837	560330001001	1	87000	44.7790076	-106.9470218
56616838	560330001001	1	18000	44.7776456	-106.9465168
56616839	560330001001	1	26100	44.7966142	-106.9422587
56616840	560330001001	1	56000	44.7854906	-106.9439513
56616841	560330001001	1	7804	44.7842836	-106.9458578
56616842	560330001001	1	17300	44.7965487	-106.9426180
56616843	560330001001	1	85000	44.7907812	-106.9440679
56616844	560330001001	1	10000	44.7961642	-106.9432609
56616845	560330001001	1	48400	44.7907352	-106.9446388
56616846	560330001001	1	12600	44.7903953	-106.9444509
56616847	560330001001	1	61000	44.7905552	-106.9448657
56616848	560330001001	1	31800	44.7872291	-106.9483136
56616849	560330001001	1	65000	44.7902964	-106.9443190
56616850	560330001001	1	40000	44.7909713	-106.9441635
56616851	560330001001	1	25000	44.7908139	-106.9439759
56616852	560330001001	1	19300	44.7908502	-106.9445995
56616853	560330001001	1	16200	44.7907957	-106.9438198
56616854	560330001001	1	60200	44.7906598	-106.9447447
56616855	560330001001	1	67600	44.7907450	-106.9439347
56616856	560330001001	1	8800	44.7904683	-106.9448982
56616857	560330001001	1	36530	44.7907435	-106.9445390
56616858	560330001001	1	10400	44.7906216	-106.9440135
56616859	560330001001	1	92200	44.7904680	-106.9439703
56616860	560330001001	1	12600	44.7965152	-106.9430707
56616861	560330001001	1	56800	44.7951774	-106.9463146
56616862	560330001001	1	28000	44.7947708	-106.9460495
56616863	560330001001	1	50100	44.7946085	-106.9469832
56616864	560330001001	1	95050	44.7903410	-106.9447493
56616865	560330001001	1	35500	44.7904087	-106.9440694
56616866	560330001001	1	27000	44.7947705	-106.9468708
56616867	560330001001	1	99800	44.7949123	-106.9466062
56616868	560330001001	1	33200	44.7946909	-106.9463203
56616869	560330001001	1	23100	44.7954342	-106.9468452
56616870	560330001001	1	7200	44.7953436	-106.9462748
56616871	560330001001	1	12000	44.7952484	-106.9460699
56616872	560330001001	1	32100	44.7953280	-106.9464857
56616873	560330001001	1	67500	44.7953870	-106.9468325
56616874	560330001001	1	14000	44.7954120	-106.9468238
56616875	560330001001	1	20000	44.7949694	-106.9457836
56616876	560330001001	1	10000	44.7960702	-106.9428047
56616877	560330001001	1	7570	44.7893791	-106.9438375
56616878	560330001001	1	22000	44.7950100	-106.9461722
56616879	560330001001	1	23000	44.7948616	-106.9467710
56616880	560330001001	1	4900	44.7951594	-106.9462711
56616881	560330001001	1	21000	44.7900371	-106.9444515
56616882	560330001001	1	33200	44.7898671	-106.9444576
56616883	560330001001	1	11600	44.7902137	-106.9439005
56616884	560330001001	1	50000	44.7893730	-106.9444147
56616885	560330001001	1	5000	44.7895584	-106.9439964
56616886	560330001001	1	95000	44.7898105	-106.9446858
56616887	560330001001	1	58490	44.7901584	-106.9444475
56616888	560330001001	1	52000	44.7901427	-106.9437985
56616889	560330001001	1	92000	44.7897962	-106.9446945
56616890	560330001001	1	18000	44.7900646	-106.9445179
56616891	560330001001	1	36000	44.7923178	-106.9441357
56616892	560330001001	1	7200	44.7962086	-106.9442433
56616893	560330001001	1	19300	44.7844375	-106.9454641
56616894	560330001001	1	18600	44.7845438	-106.9452570
56616895	560330001001	1	5000	44.7843742	-106.9453456
56616896	560330001001	1	23000	44.7961877	-106.9441478
56616897	560330001001	1	3700	44.7962639	-106.9427507
56616898	560330001001	1	1100	44.7963662	-106.9427662
56616899	560330001001	1	15600	44.7965074	-106.9423142
56616900	560330001001	1	76900	44.7964288	-106.9427326
56616901	560330001001	1	31900	44.7963124	-106.9423357
56616902	560330001001	1	21700	44.7958530	-106.9431221
56616903	560330001001	1	53150	44.7923301	-106.9450324
56616904	560330001001	1	43500	44.7963902	-106.9435199
56616905	560330001001	1	500	44.7964088	-106.9444004
56616906	560330001001	1	22800	44.7957791	-106.9439915
56616907	560330001001	1	25200	44.7962848	-106.9440066
56616908	560330001001	1	4720	44.7959674	-106.9434431
56616909	560330001001	1	20000	44.7960966	-106.9433028
56616910	560330001001	1	24400	44.7957317	-106.9436395
56616911	560330001001	1	20000	44.7921236	-106.9445176
56616912	560330001001	1	45800	44.7944135	-106.9468981
56616913	560330001001	1	168400	44.7959271	-106.9443587
56616914	560330001001	1	27800	44.7965371	-106.9441443
56616915	560330001001	1	15400	44.7927839	-106.9449836
56616916	560330001001	1	19400	44.7943939	-106.9469641
56616917	560330001001	1	82400	44.7924406	-106.9449828
56616918	560330001001	1	97000	44.7845396	-106.9456837
56616919	560330001001	1	36000	44.7932975	-106.9439637
56616920	560330001001	1	17000	44.7916843	-106.9447172
56616921	560330001001	1	65340	44.7926720	-106.9449590
56616922	560330001001	1	17000	44.7922551	-106.9443307
56616923	560330001001	1	16200	44.7916092	-106.9446765
56616924	560330001001	1	79000	44.7926409	-106.9451820
56616925	560330001001	1	47800	44.7924365	-106.9444744
56616926	560330001001	1	3900	44.7912305	-106.9447810
56616927	560330001001	1	27500	44.7919414	-106.9443999
56616928	560330001001	1	10900	44.7918355	-106.9440581
56616929	560330001001	1	150200	44.7917712	-106.9448560
56616930	560330001001	1	13350	44.7911409	-106.9442429
56616931	560330001001	1	27400	44.7911893	-106.9448902
56616932	560330001001	1	53700	44.7914418	-106.9441222
56616933	560330001001	1	22000	44.7846214	-106.9464021
56616934	560330001001	1	71100	44.7939256	-106.9432686
56616935	560330001001	1	14000	44.7932369	-106.9432659
56616936	560330001001	1	8000	44.7938834	-106.9435201
56616937	560330001001	1	27800	44.7935611	-106.9433199
56616938	560330001001	1	75000	44.7937953	-106.9439227
56616939	560330001001	1	2400	44.7933200	-106.9428510
56616940	560330001001	1	137000	44.7838104	-106.9459607
56616941	560330001001	1	2500	44.7861577	-106.9482854
56616942	560330001001	1	8300	44.7930303	-106.9438712
56616943	560330001001	1	26000	44.7930350	-106.9432537
56616944	560330001001	1	15600	44.7844567	-106.9464154
56616945	560330001001	1	4600	44.7857525	-106.9482823
56616946	560330001001	1	13600	44.7861285	-106.9483295
56616947	560330001001	1	21500	44.7857211	-106.9469885
56616948	560330001001	1	75100	44.7860200	-106.9474567
56616949	560330001001	1	36650	44.7839504	-106.9462721
56616950	560330001001	1	68000	44.7850003	-106.9435102
56616951	560330001001	1	11100	44.7860641	-106.9470795
56616952	560330001001	1	27500	44.7857791	-106.9455534
56616953	560330001001	1	108200	44.7857488	-106.9479741
56616954	560330001001	1	36000	44.7850637	-106.9429240
56616955	560330001001	1	8400	44.7858073	-106.9430470
56616956	560330001001	1	12000	44.7888033	-106.9480707
56616957	560330001001	1	32000	44.7854744	-106.9478621
56616958	560330001001	1	0	44.7859648	-106.9476478
56616959	560330001001	1	130400	44.7862876	-106.9477430
56616960	560330001001	1	19300	44.7862409	-106.9469307
56616961	560330001001	1	37700	44.7859323	-106.9468697
56616962	560330001001	1	137100	44.7857692	-106.9459188
56616963	560330001001	1	54950	44.7848377	-106.9467075
56616964	560330001001	1	12500	44.7846523	-106.9472324
56616965	560330001001	1	67700	44.7851560	-106.9471494
56616966	560330001001	1	20000	44.7850351	-106.9475949
56616967	560330001001	1	13100	44.7854094	-106.9468870
56616968	560330001001	1	18280	44.7847585	-106.9475972
56616969	560330001001	1	5600	44.7851787	-106.9468700
56616970	560330001001	1	16000	44.7860091	-106.9464759
56616971	560330001001	1	41750	44.7864568	-106.9456960
56616972	560330001001	1	23000	44.7851314	-106.9471974
56616973	560330001001	1	42800	44.7848843	-106.9466908
56616974	560330001001	1	2800	44.7855688	-106.9463630
56616975	560330001001	1	196000	44.7862350	-106.9463135
56616976	560330001001	1	30000	44.7858273	-106.9457220
56616977	560330001001	1	39000	44.7889778	-106.9481633
56616978	560330001001	1	7300	44.7868322	-106.9458666
56616979	560330001001	1	21030	44.7877567	-106.9462453
56616980	560330001001	1	4600	44.7881377	-106.9468239
56616981	560330001001	1	36000	44.7857056	-106.9456005
56616982	560330001001	1	70000	44.7858624	-106.9457733
56616983	560330001001	1	32000	44.7877861	-106.9458771
56616984	560330001001	1	26000	44.7873618	-106.9462644
56616985	560330001001	1	84600	44.7876805	-106.9463031
56616986	560330001001	1	15800	44.7872554	-106.9463382
56616987	560330001001	1	42000	44.7874480	-106.9463846
56616988	560330001001	1	45000	44.7877651	-106.9469507
56616989	560330001001	1	28000	44.7882185	-106.9461561
56616990	560330001001	1	13800	44.7869555	-106.9465457
56616991	560330001001	1	1100	44.7875925	-106.9461022
56616992	560330001001	1	45000	44.7872936	-106.9464815
56616993	560330001001	1	12000	44.7887724	-106.9473480
56616994	560330001001	1	43400	44.7851305	-106.9456553
56616995	560330001001	1	40000	44.7871376	-106.9457106
56616996	560330001001	1	47100	44.7869995	-106.9467979
56616997	560330001001	1	85000	44.7871983	-106.9463051
56616998	560330001001	1	197100	44.7852667	-106.9455187
56616999	560330001001	1	11300	44.7869357	-106.9459493
56617000	560330001001	1	19200	44.7867517	-106.9459576
56617001	560330001001	1	49000	44.7855011	-106.9455536
56617002	560330001001	1	18800	44.7851135	-106.9456450
56617003	560330001001	1	46300	44.7853482	-106.9465590
56617004	560330001001	1	18000	44.7854450	-106.9453833
56617005	560330001001	1	8000	44.7855447	-106.9461532
56617006	560330001001	1	4290	44.7851240	-106.9454315
56617007	560330001001	1	125000	44.7849535	-106.9456696
56617008	560330001001	1	12000	44.7854148	-106.9433517
56617009	560330001001	1	18800	44.7884145	-106.9474003
56617010	560330001001	1	27800	44.7850191	-106.9431800
56617011	560330001001	1	57600	44.7851538	-106.9433053
56617012	560330001001	1	44800	44.7849801	-106.9435358
56617013	560330001001	1	25000	44.7883332	-106.9474061
56617014	560330001001	1	24000	44.7886160	-106.9478441
56617015	560330001001	1	13000	44.7886907	-106.9474317
56617016	560330001001	1	9900	44.7887515	-106.9473973
56617017	560330001001	1	78000	44.7855238	-106.9437592
56617018	560330001002	1	47700	44.7875628	-106.9484054
56617019	560330001002	1	25100	44.7817472	-106.9530668
56617020	560330001002	1	30600	44.7819523	-106.9533535
56617021	560330001002	1	53200	44.7872181	-106.9491116
56617022	560330001002	1	40200	44.7875334	-106.9491076
56617023	560330001002	1	28390	44.7822043	-106.9535760
56617024	560330001002	1	111000	44.7863352	-106.9507244
56617025	560330001002	1	63010	44.7874404	-106.9487065
56617026	560330001002	1	24300	44.7869876	-106.9509931
56617027	560330001002	1	121000	44.7820916	-106.9535966
56617028	560330001002	1	74000	44.7874529	-106.9515610
56617029	560330001002	1	1000	44.7862345	-106.9507856
56617030	560330001002	1	23900	44.7864360	-106.9509194
56617031	560330001002	1	82360	44.7872170	-106.9512832
56617032	560330001002	1	73000	44.7873991	-106.9509459
56617033	560330001002	1	150000	44.7874974	-106.9511734
56617034	560330001002	1	68100	44.7875021	-106.9512166
56617035	560330001002	1	95900	44.7876241	-106.9520938
56617036	560330001002	1	8200	44.7872199	-106.9510382
56617037	560330001002	1	283630	44.7865894	-106.9518968
56617038	560330001002	1	64000	44.7859911	-106.9550375
56617039	560330001002	1	75600	44.7874951	-106.9508447
56617040	560330001002	1	1000	44.7870998	-106.9518396
56617041	560330001002	1	25200	44.7871481	-106.9508489
56617042	560330001002	1	45000	44.7858418	-106.9545831
56617043	560330001002	1	32800	44.7861053	-106.9547889
56617044	560330001002	8	31000	44.7859543	-106.9545290
56617045	560330001002	1	27460	44.7864882	-106.9552992
56617046	560330001002	1	108000	44.7859030	-106.9553224
56617047	560330001002	1	61400	44.7860839	-106.9548100
56617048	560330001002	1	96670	44.7862396	-106.9552719
56617049	560330001002	1	28000	44.7859844	-106.9548248
56617050	560330001002	1	11800	44.7857785	-106.9551677
56617051	560330001002	1	103000	44.7857589	-106.9548646
56617052	560330001002	1	26500	44.7816489	-106.9524550
56617053	560330001002	1	12600	44.7767447	-106.9550244
56617054	560330001002	1	153800	44.7870231	-106.9556812
56617055	560330001002	1	18000	44.7836427	-106.9534199
56617056	560330001002	1	56440	44.7840167	-106.9531579
56617057	560330001002	1	77400	44.7865191	-106.9508827
56617058	560330001002	1	8000	44.7865971	-106.9513199
56617059	560330001002	1	146200	44.7863933	-106.9510572
56617060	560330001002	1	88000	44.7861694	-106.9510060
56617061	560330001002	1	38000	44.7863164	-106.9513195
56617062	560330001002	1	55000	44.7861914	-106.9508790
56617063	560330001002	1	82300	44.7840290	-106.9532735
56617064	560330001002	1	57600	44.7837016	-106.9539034
56617065	560330001002	1	41500	44.7832112	-106.9535112
56617066	560330001002	1	65340	44.7840425	-106.9528021
56617067	560330001002	1	11500	44.7833802	-106.9538367
56617068	560330001002	1	85030	44.7835196	-106.9537454
56617069	560330001002	1	69000	44.7833598	-106.9533073
56617070	560330001002	1	30000	44.7873185	-106.9555538
56617071	560330001002	1	85000	44.7837842	-106.9523901
56617072	560330001002	1	28300	44.7841207	-106.9524090
56617073	560330001002	1	30000	44.7840809	-106.9525074
56617074	560330001002	1	30000	44.7840311	-106.9525888
56617075	560330001002	1	19000	44.7841670	-106.9516783
56617076	560330001002	1	108200	44.7839356	-106.9522826
56617077	560330001002	1	56500	44.7833944	-106.9523238
56617078	560330001002	1	35001	44.7871259	-106.9554111
56617079	560330001002	1	40900	44.7873164	-106.9551836
56617080	560330001002	1	63000	44.7838581	-106.9516240
56617081	560330001002	1	8000	44.7840796	-106.9519373
56617082	560330001002	1	115000	44.7869424	-106.9546043
56617083	560330001002	1	33040	44.7872873	-106.9551834
56617084	560330001002	1	60000	44.7866451	-106.9555130
56617085	560330001002	1	43500	44.7770942	-106.9550110
56617086	560330001002	1	49000	44.7782004	-106.9552572
56617087	560330001002	1	60000	44.7789723	-106.9549667
56617088	560330001002	1	64000	44.7792687	-106.9548680
56617089	560330001002	1	54400	44.7869024	-106.9548614
56617090	560330001002	1	124000	44.7875612	-106.9554314
56617091	560330001002	1	66800	44.7786773	-106.9554088
56617092	560330001002	1	11200	44.7793156	-106.9556946
56617093	560330001002	1	0	44.7785996	-106.9545976
56617094	560330001002	1	93200	44.7779039	-106.9551438
56617095	560330001002	1	45000	44.7787924	-106.9557077
56617096	560330001002	1	61900	44.7791291	-106.9557752
56617097	560330001002	1	84400	44.7791381	-106.9558137
56617098	560330001002	1	179600	44.7777244	-106.9545123
56617099	560330001002	1	75000	44.7779052	-106.9545516
56617100	560330001002	1	52908	44.7781543	-106.9554577
56617101	560330001002	1	132400	44.7768688	-106.9545705
56617102	560330001002	1	33240	44.7780005	-106.9543498
56617103	560330001002	1	66900	44.7780094	-106.9549355
56617104	560330001002	1	88000	44.7777738	-106.9546325
56617105	560330001002	1	178000	44.7776674	-106.9547025
56617106	560330001002	1	30000	44.7783338	-106.9534703
56617107	560330001002	1	54000	44.7783424	-106.9532846
56617108	560330001002	1	25000	44.7783894	-106.9538956
56617109	560330001002	1	97000	44.7773538	-106.9544633
56617110	560330001002	1	18600	44.7779118	-106.9533028
56617111	560330001002	1	28800	44.7777098	-106.9540654
56617112	560330001002	1	103300	44.7778455	-106.9541408
56617113	560330001002	1	84000	44.7769918	-106.9550724
56617114	560330001002	1	54200	44.7782977	-106.9536653
56617115	560330001002	1	13000	44.7773695	-106.9549016
56617116	560330001002	1	5000	44.7815698	-106.9532505
56617117	560330001002	1	7000	44.7828992	-106.9540150
56617118	560330001002	1	27500	44.7770992	-106.9568036
56617119	560330001002	1	60000	44.7772993	-106.9565344
56617120	560330001002	1	247500	44.7774334	-106.9561356
56617121	560330001002	1	77000	44.7774819	-106.9549177
56617122	560330001002	1	11500	44.7770519	-106.9548296
56617123	560330001002	1	81000	44.7773285	-106.9559577
56617124	560330001002	1	52200	44.7768150	-106.9565140
56617125	560330001002	1	28800	44.7767633	-106.9559443
56617126	560330001002	1	40000	44.7765158	-106.9575612
56617127	560330001002	1	82200	44.7770680	-106.9558976
56617128	560330001002	1	40000	44.7766752	-106.9554345
56617129	560330001002	1	63010	44.7770628	-106.9567499
56617130	560330001002	1	62910	44.7769864	-106.9571686
56617131	560330001002	1	74000	44.7773614	-106.9576862
56617132	560330001002	1	74600	44.7766648	-106.9569022
56617133	560330001002	1	27000	44.7824096	-106.9545790
56617134	560330001002	1	95000	44.7869768	-106.9497689
56617135	560330001002	1	75400	44.7870426	-106.9500663
56617136	560330001002	1	51800	44.7770410	-106.9574160
56617137	560330001002	1	26600	44.7765486	-106.9568722
56617138	560330001002	1	54200	44.7865164	-106.9494881
56617139	560330001002	1	93600	44.7862367	-106.9502452
56617140	560330001002	1	628000	44.7869544	-106.9505171
56617141	560330001002	1	50000	44.7830624	-106.9545051
56617142	560330001002	1	20000	44.7868127	-106.9503808
56617143	560330001002	1	94004	44.7868102	-106.9502109
56617144	560330001002	1	68500	44.7861954	-106.9500049
56617145	560330001002	1	123800	44.7821503	-106.9549249
56617146	560330001002	1	34300	44.7830083	-106.9547807
56617147	560330001002	1	90000	44.7827339	-106.9540251
56617148	560330001002	1	85000	44.7828940	-106.9536985
56617149	560330001002	1	25000	44.7871700	-106.9505788
56617150	560330001002	1	65190	44.7858325	-106.9490819
56617151	560330001002	1	51000	44.7853895	-106.9487221
56617152	560330001002	1	30000	44.7824430	-106.9550357
56617153	560330001002	1	22400	44.7860967	-106.9491368
56617154	560330001002	1	23330	44.7854357	-106.9485104
56617155	560330001002	1	16000	44.7862355	-106.9486041
56617156	560330001002	1	26170	44.7856113	-106.9489011
56617157	560330001002	1	14000	44.7817053	-106.9548388
56617158	560330001002	1	65000	44.7815546	-106.9542425
56617159	560330001002	1	75000	44.7817821	-106.9544925
56617160	560330001002	1	6350	44.7818838	-106.9544314
56617161	560330001002	1	58000	44.7819379	-106.9541959
56617162	560330001002	1	35600	44.7818174	-106.9546234
56617163	560330001002	1	8200	44.7819845	-106.9545805
56617164	560330001002	1	52500	44.7824935	-106.9529448
56617165	560330001002	1	56400	44.7863693	-106.9536211
56617166	560330001002	1	31800	44.7871049	-106.9507289
56617167	560330001002	1	70000	44.7871003	-106.9497238
56617168	560330001002	1	54950	44.7872429	-106.9501124
56617169	560330001002	1	59120	44.7867189	-106.9535192
56617170	560330001002	1	100000	44.7863311	-106.9538629
56617171	560330001002	1	33440	44.7865669	-106.9543800
56617172	560330001002	1	81200	44.7831148	-106.9530103
56617173	560330001002	1	59100	44.7866850	-106.9533772
56617174	560330001002	1	96000	44.7859280	-106.9540379
56617175	560330001002	1	65050	44.7866754	-106.9533233
56617176	560330001002	1	53300	44.7828154	-106.9537179
56617177	560330001002	1	8800	44.7827097	-106.9527770
56617178	560330001002	1	93200	44.7827434	-106.9532024
56617179	560330001002	1	13800	44.7795138	-106.9552630
56617180	560330001002	1	36000	44.7871635	-106.9514141
56617181	560330001002	1	75500	44.7841714	-106.9513245
56617182	560330001002	1	344200	44.7868163	-106.9534074
56617183	560330001002	1	40000	44.7801262	-106.9556976
56617184	560330001002	1	31400	44.7871038	-106.9534029
56617185	560330001002	1	24800	44.7824474	-106.9562071
56617186	560330001002	1	25000	44.7869806	-106.9535856
56617187	560330001002	1	11600	44.7790949	-106.9538734
56617188	560330001002	1	10500	44.7793307	-106.9533868
56617189	560330001002	1	10000	44.7787127	-106.9537278
56617190	560330001002	1	13000	44.7793686	-106.9544586
56617191	560330001002	1	85000	44.7794014	-106.9533728
56617192	560330001002	1	76300	44.7794436	-106.9535898
56617193	560330001002	1	32800	44.7822990	-106.9556987
56617194	560330001002	1	67600	44.7867664	-106.9530792
56617195	560330001002	1	268000	44.7870590	-106.9528745
56617196	560330001002	1	104800	44.7867129	-106.9541977
56617197	560330001002	1	90000	44.7869393	-106.9539507
56617198	560330001002	1	96000	44.7874529	-106.9538945
56617199	560330001002	1	60000	44.7872046	-106.9526558
56617200	560330001002	1	150000	44.7873848	-106.9525421
56617201	560330001002	1	15800	44.7871865	-106.9529066
56617202	560330001002	1	51300	44.7866553	-106.9527899
56617203	560330001002	1	104900	44.7820166	-106.9578015
56617204	560330001002	1	66200	44.7870299	-106.9524410
56617205	560330001002	1	31600	44.7873311	-106.9529223
56617206	560330001002	1	100000	44.7864960	-106.9529811
56617207	560330001002	1	60000	44.7865415	-106.9522108
56617208	560330001002	1	2000	44.7862022	-106.9522428
56617209	560330001002	1	8500	44.7821346	-106.9560467
56617210	560330001002	1	98600	44.7805066	-106.9526834
56617211	560330001002	1	49000	44.7781652	-106.9558460
56617212	560330001002	1	85030	44.7778854	-106.9563559
56617213	560330001002	1	7400	44.7783192	-106.9564740
56617214	560330001002	1	75000	44.7809453	-106.9531866
56617215	560330001002	1	175360	44.7779281	-106.9566365
56617216	560330001002	1	186000	44.7780095	-106.9557564
56617217	560330001002	1	26360	44.7851924	-106.9487232
56617218	560330001002	1	29000	44.7812047	-106.9528161
56617219	560330001002	1	55000	44.7812352	-106.9525878
56617220	560330001002	1	75000	44.7806307	-106.9526662
56617221	560330001002	1	13000	44.7851405	-106.9490990
56617222	560330001002	1	60000	44.7776764	-106.9568860
56617223	560330001002	1	30000	44.7775276	-106.9577697
56617224	560330001002	1	26000	44.7837241	-106.9502295
56617225	560330001002	1	22700	44.7831345	-106.9498497
56617226	560330001002	1	9900	44.7830434	-106.9521498
56617227	560330001002	1	14000	44.7794572	-106.9568733
56617228	560330001002	1	101000	44.7872456	-106.9562520
56617229	560330001002	1	21710	44.7823402	-106.9556759
56617230	560330001002	1	64000	44.7873074	-106.9562837
56617231	560330001002	1	8200	44.7872702	-106.9565325
56617232	560330001002	1	50800	44.7867277	-106.9568117
56617233	560330001002	1	89000	44.7835353	-106.9495237
56617234	560330001002	1	37000	44.7796539	-106.9563636
56617235	560330001002	1	25000	44.7795438	-106.9569685
56617236	560330001002	1	54400	44.7799037	-106.9563250
56617237	560330001002	1	26900	44.7842780	-106.9497996
56617238	560330001002	1	32000	44.7835746	-106.9495908
56617239	560330001002	1	29100	44.7840233	-106.9499444
56617240	560330001002	1	75500	44.7828401	-106.9496804
56617241	560330001002	1	30000	44.7851670	-106.9548360
56617242	560330001002	1	55300	44.7826703	-106.9521286
56617243	560330001002	1	90000	44.7829833	-106.9516046
56617244	560330001002	1	30000	44.7826800	-106.9521042
56617245	560330001002	1	47500	44.7852911	-106.9542883
56617246	560330001002	1	93200	44.7833641	-106.9485667
56617247	560330001002	1	12400	44.7834796	-106.9484840
56617248	560330001002	1	48000	44.7827081	-106.9491434
56617249	560330001002	1	52200	44.7812066	-106.9552845
56617250	560330001002	1	57350	44.7856702	-106.9545879
56617251	560330001002	1	10400	44.7848957	-106.9545838
56617252	560330001002	1	31600	44.7814798	-106.9553304
56617253	560330001002	1	27800	44.7817330	-106.9550349
56617254	560330001002	1	12000	44.7817924	-106.9561787
56617255	560330001002	1	12700	44.7842448	-106.9505045
56617256	560330001002	1	64300	44.7818247	-106.9484029
56617257	560330001002	1	31800	44.7829173	-106.9495671
56617258	560330001002	1	131900	44.7761255	-106.9544773
56617259	560330001002	1	81000	44.7763466	-106.9549345
56617260	560330001002	1	16000	44.7758930	-106.9549627
56617261	560330001002	1	100000	44.7765555	-106.9541665
56617262	560330001002	1	80600	44.7752049	-106.9541760
56617263	560330001002	1	130000	44.7763516	-106.9567775
56617264	560330001002	1	54500	44.7763952	-106.9570512
56617265	560330001002	1	117000	44.7759161	-106.9577136
56617266	560330001002	1	85000	44.7749736	-106.9543948
56617267	560330001002	1	31880	44.7756637	-106.9547360
56617268	560330001002	1	51000	44.7753238	-106.9547366
56617269	560330001002	1	52800	44.7840860	-106.9513755
56617270	560330001002	1	66700	44.7857496	-106.9516791
56617271	560330001002	1	64800	44.7846652	-106.9508135
56617272	560330001002	1	11500	44.7855192	-106.9507998
56617273	560330001002	1	62910	44.7855653	-106.9508022
56617274	560330001002	1	77000	44.7855161	-106.9513478
56617275	560330001002	1	32100	44.7804739	-106.9539838
56617276	560330001002	1	27500	44.7844671	-106.9509297
56617277	560330001002	1	33000	44.7848906	-106.9513588
56617278	560330001002	1	80000	44.7844081	-106.9505317
56617279	560330001002	1	29700	44.7809885	-106.9542677
56617280	560330001002	1	31500	44.7804502	-106.9536029
56617281	560330001002	1	52500	44.7806338	-106.9536048
56617282	560330001002	1	67200	44.7837627	-106.9539070
56617283	560330001002	1	32800	44.7856593	-106.9534952
56617284	560330001002	1	54200	44.7835802	-106.9549586
56617285	560330001002	1	10400	44.7833330	-106.9552218
56617286	560330001002	1	56010	44.7875136	-106.9517266
56617287	560330001002	1	46820	44.7821140	-106.9488308
56617288	560330001002	1	54000	44.7873763	-106.9513794
56617289	560330001002	1	70000	44.7817731	-106.9496655
56617290	560330001002	1	70000	44.7823120	-106.9490342
56617291	560330001002	1	10400	44.7796473	-106.9554753
56617292	560330001002	1	88400	44.7801486	-106.9556922
56617293	560330001002	1	116500	44.7835555	-106.9546752
56617294	560330001002	1	122000	44.7838262	-106.9553061
56617295	560330001002	1	78000	44.7823900	-106.9491730
56617296	560330001002	1	11860	44.7747698	-106.9545200
56617297	560330001002	1	158800	44.7853838	-106.9540705
56617298	560330001002	1	80000	44.7850983	-106.9530337
56617299	560330001002	1	25300	44.7840127	-106.9555637
56617300	560330001002	1	50000	44.7869000	-106.9492313
56617301	560330001002	1	51000	44.7744264	-106.9548310
56617302	560330001002	1	279500	44.7744001	-106.9546544
56617303	560330001002	1	25200	44.7868562	-106.9487487
56617304	560330001002	1	40000	44.7743710	-106.9545704
56617305	560330001002	1	50000	44.7869970	-106.9490244
56617306	560330001002	1	85000	44.7843507	-106.9557939
56617307	560330001002	1	78000	44.7835077	-106.9563319
56617308	560330001002	1	123800	44.7790912	-106.9576505
56617309	560330001002	1	52400	44.7789262	-106.9577764
56617310	560330001002	1	25000	44.7842635	-106.9559722
56617311	560330001002	1	24000	44.7834648	-106.9564331
56617312	560330001002	1	39400	44.7829933	-106.9561706
56617313	560330001002	1	10000	44.7802385	-106.9563201
56617314	560330001002	1	28300	44.7844924	-106.9500228
56617315	560330001002	1	86000	44.7848085	-106.9546945
56617316	560330001002	1	12700	44.7840552	-106.9548751
56617317	560330001002	1	75000	44.7844431	-106.9546725
56617318	560330001002	1	77400	44.7861285	-106.9498006
56617319	560330001002	1	51000	44.7861460	-106.9494002
56617320	560330001002	1	197400	44.7857074	-106.9494992
56617321	560330001002	1	52000	44.7808631	-106.9570977
56617322	560330001002	1	83020	44.7842534	-106.9515936
56617323	560330001002	1	90000	44.7849995	-106.9493129
56617324	560330001002	1	23500	44.7851927	-106.9492939
56617325	560330001002	1	143000	44.7803209	-106.9571382
56617326	560330001002	1	150000	44.7842001	-106.9521344
56617327	560330001002	1	86470	44.7848511	-106.9520728
56617328	560330001002	1	64600	44.7840064	-106.9536518
56617329	560330001002	1	70000	44.7873643	-106.9512209
56617330	560330001002	1	27000	44.7760398	-106.9516127
56617331	560330001002	1	70410	44.7828517	-106.9569513
56617332	560330001002	1	8060	44.7856425	-106.9527981
56617333	560330001002	1	41900	44.7772283	-106.9530038
56617334	560330001002	1	81000	44.7827451	-106.9503861
56617335	560330001002	1	52000	44.7830028	-106.9507476
56617336	560330001002	1	53000	44.7768977	-106.9535219
56617337	560330001002	1	54400	44.7827373	-106.9512305
56617338	560330001002	1	53000	44.7770499	-106.9539021
56617339	560330001002	1	55000	44.7858054	-106.9524128
56617340	560330001002	1	18000	44.7785596	-106.9557541
56617341	560330001002	1	24000	44.7792748	-106.9558745
56617342	560330001002	1	86470	44.7788453	-106.9564562
56617343	560330001002	1	65190	44.7841729	-106.9529518
56617344	560330001002	1	57600	44.7841135	-106.9537393
56617345	560330001002	1	59150	44.7844719	-106.9537082
56617346	560330001002	1	32400	44.7826336	-106.9575897
56617347	560330001002	1	49000	44.7841325	-106.9569202
56617348	560330001002	1	12000	44.7758901	-106.9559858
56617349	560330001002	1	63100	44.7858056	-106.9526128
56617350	560330001002	1	13500	44.7764653	-106.9560490
56617351	560330001002	1	27600	44.7765711	-106.9476738
56617352	560330001002	1	12700	44.7761342	-106.9564531
56617353	560330001002	1	105000	44.7737223	-106.9556415
56617354	560330001002	1	86200	44.7851757	-106.9578392
56617355	560330001002	1	68600	44.7754406	-106.9558374
56617356	560330001002	1	4600	44.7843615	-106.9570725
56617357	560330001002	1	71000	44.7750100	-106.9557972
56617358	560330001002	1	30000	44.7746900	-106.9556200
56617359	560330001002	1	29000	44.7739699	-106.9538178
56617360	560330001002	1	75500	44.7739577	-106.9553249
56617361	560330001002	1	117000	44.7757652	-106.9537403
56617362	560330001002	1	22700	44.7786483	-106.9522217
56617363	560330001002	1	93600	44.7864518	-106.9578076
56617364	560330001002	1	27480	44.7815282	-106.9497715
56617365	560330001002	1	109000	44.7800692	-106.9540740
56617366	560330001002	1	10500	44.7796933	-106.9543956
56617367	560330001002	1	57600	44.7824416	-106.9509674
56617368	560330001002	1	85300	44.7813219	-106.9486157
56617369	560330001002	1	73650	44.7819377	-106.9510723
56617370	560330001002	1	58000	44.7780352	-106.9520362
56617371	560330001002	1	85000	44.7807472	-106.9554029
56617372	560330001002	1	32700	44.7756072	-106.9567899
56617373	560330001002	1	27880	44.7750303	-106.9565644
56617374	560330001002	1	52200	44.7816565	-106.9520458
56617375	560330001002	1	12000	44.7803254	-106.9550344
56617376	560330001002	1	71000	44.7822997	-106.9522953
56617377	560330001002	1	18000	44.7742187	-106.9512459
56617378	560330001002	1	14200	44.7862878	-106.9562131
56617379	560330001002	1	96000	44.7858044	-106.9571985
56617380	560330001002	1	289550	44.7763421	-106.9481526
56617381	560330001002	1	89500	44.7763603	-106.9478464
56617382	560330001002	1	6500	44.7833398	-106.9565041
56617383	560330001002	1	53400	44.7855327	-106.9565591
56617384	560330001002	1	74000	44.7737816	-106.9500276
56617385	560330001002	1	42400	44.7760845	-106.9537093
56617386	560330001002	1	27000	44.7797873	-106.9532998
56617387	560330001002	1	7500	44.7815206	-106.9572082
56617388	560330001002	1	30000	44.7793680	-106.9526698
56617389	560330001002	1	26700	44.7760637	-106.9521952
56617390	560330001002	1	26500	44.7808216	-106.9512936
56617391	560330001002	1	47304	44.7769328	-106.9526270
56617392	560330001002	1	25000	44.7837235	-106.9528149
56617393	560330001002	1	11300	44.7873188	-106.9520163
56617394	560330001002	1	66500	44.7875630	-106.9487218
56617395	560330001002	1	26000	44.7744768	-106.9571325
56617396	560330001002	1	13500	44.7764191	-106.9482751
56617397	560330001002	1	12300	44.7775626	-106.9485207
56617398	560330001002	1	65200	44.7760312	-106.9513164
56617399	560330001002	1	55000	44.7765437	-106.9491877
56617400	560330001002	1	72300	44.7773997	-106.9506280
56617401	560330001002	1	97600	44.7769082	-106.9507388
56617402	560330001002	1	59000	44.7804140	-106.9484629
56617403	560330001002	1	62500	44.7737628	-106.9532346
56617404	560330001002	1	38000	44.7754396	-106.9490401
56617405	560330001002	1	68100	44.7749798	-106.9528052
56617406	560330001002	1	55800	44.7751690	-106.9505706
56617407	560330001002	1	53300	44.7747039	-106.9523752
56617408	560330001002	1	10800	44.7749837	-106.9492183
56617409	560330001002	1	9600	44.7872671	-106.9493358
56617410	560330001002	1	33000	44.7794483	-106.9506516
56617411	560330001002	1	80000	44.7810294	-106.9501451
56617412	560330001002	1	26000	44.7798992	-106.9483696
56617413	560330001002	1	45860	44.7786587	-106.9493494
56617414	560330001002	1	12000	44.7799140	-106.9510795
56617415	560330001002	1	88000	44.7805152	-106.9506162
56617416	560330001002	1	39200	44.7740153	-106.9493601
56617417	560330001002	1	11700	44.7874252	-106.9490264
56617418	560330001002	1	103000	44.7780269	-106.9504319
56617419	560330001002	1	102000	44.7792399	-106.9517599
56617420	560330001002	1	65880	44.7780440	-106.9513208
56617421	560330001002	1	233600	44.7872159	-106.9487009
56617422	560330001002	1	32200	44.7771574	-106.9495746
56617423	560330001002	1	118000	44.7750609	-106.9484513
56617424	560330001002	1	47000	44.7866763	-106.9518309
56617425	560330001002	1	80000	44.7864431	-106.9547675
56617426	560330001002	1	28800	44.7869853	-106.9518648
56617427	560330001002	1	52300	44.7870897	-106.9507948
56617428	560330001002	1	1100	44.7873574	-106.9494277
56617429	560330001002	1	11500	44.7869729	-106.9515478
56617430	560330001002	1	32150	44.7872482	-106.9489401
56617431	560330001002	1	67000	44.7872189	-106.9492389
56617432	560330001002	1	25100	44.7871895	-106.9489413
56617433	560330001002	1	69060	44.7860704	-106.9547755
56617434	560330001002	1	71000	44.7871829	-106.9518247
56617435	560330001002	1	2300	44.7874101	-106.9512231
56617436	560330001002	1	9600	44.7875713	-106.9518574
56617437	560330001002	1	58000	44.7858984	-106.9551683
56617438	560330001002	1	10000	44.7861376	-106.9551269
56617439	560330001002	1	30000	44.7861223	-106.9546396
56617440	560330001002	1	26000	44.7865665	-106.9518732
56617441	560330001002	1	54000	44.7864377	-106.9509036
56617442	560330001002	1	38000	44.7861472	-106.9556603
56617443	560330001002	1	18800	44.7860335	-106.9547696
56617444	560330001002	1	33100	44.7862440	-106.9550889
56617445	560330001002	1	27400	44.7859127	-106.9549121
56617446	560330001002	1	77400	44.7864843	-106.9552386
56617447	560330001002	1	22000	44.7857614	-106.9551213
56617448	560330001002	1	51100	44.7863820	-106.9507877
56617449	560330001002	1	79000	44.7868482	-106.9509691
56617450	560330001002	1	70000	44.7860166	-106.9518276
56617451	560330001002	1	34004	44.7863499	-106.9507613
56617452	560330001002	1	84000	44.7866813	-106.9511532
56617453	560330001002	1	23200	44.7862901	-106.9507917
56617454	560330001002	1	13200	44.7866343	-106.9515350
56617455	560330001002	1	35000	44.7768779	-106.9558699
56617456	560330001002	1	28600	44.7790714	-106.9547360
56617457	560330001002	1	10000	44.7838593	-106.9524769
56617458	560330001002	1	25200	44.7835392	-106.9527360
56617459	560330001002	1	10700	44.7835416	-106.9530210
56617460	560330001002	1	64500	44.7836304	-106.9529635
56617461	560330001002	1	12100	44.7837868	-106.9532979
56617462	560330001002	1	30000	44.7836723	-106.9531490
56617463	560330001002	1	32400	44.7838076	-106.9530137
56617464	560330001002	1	29200	44.7841244	-106.9523343
56617465	560330001002	1	32000	44.7834682	-106.9520367
56617466	560330001002	1	52700	44.7840240	-106.9520853
56617467	560330001002	1	60000	44.7840581	-106.9520376
56617468	560330001002	1	26920	44.7837983	-106.9527146
56617469	560330001002	1	7200	44.7836284	-106.9519981
56617470	560330001002	1	99100	44.7838252	-106.9520516
56617471	560330001002	1	14000	44.7788639	-106.9545716
56617472	560330001002	1	101000	44.7867781	-106.9549745
56617473	560330001002	1	75000	44.7868158	-106.9547701
56617474	560330001002	1	31000	44.7835964	-106.9515228
56617475	560330001002	1	13000	44.7872957	-106.9553462
56617476	560330001002	1	51300	44.7868600	-106.9555892
56617477	560330001002	1	30900	44.7870220	-106.9556378
56617478	560330001002	1	11600	44.7874998	-106.9549854
56617479	560330001002	1	30000	44.7791338	-106.9548986
56617480	560330001002	1	41600	44.7875987	-106.9547617
56617481	560330001002	1	33200	44.7868202	-106.9549527
56617482	560330001002	1	10100	44.7869117	-106.9545465
56617483	560330001002	1	24800	44.7790738	-106.9551435
56617484	560330001002	1	14600	44.7785438	-106.9549314
56617485	560330001002	1	10100	44.7792270	-106.9546585
56617486	560330001002	1	29500	44.7770317	-106.9565844
56617487	560330001002	1	52200	44.7779884	-106.9537651
56617488	560330001002	1	70000	44.7776835	-106.9553602
56617489	560330001002	1	83000	44.7778991	-106.9551706
56617490	560330001002	1	13000	44.7792456	-106.9551259
56617491	560330001002	1	72300	44.7790941	-106.9547077
56617492	560330001002	1	80000	44.7776421	-106.9553106
56617493	560330001002	1	6800	44.7778135	-106.9552544
56617494	560330001002	1	10400	44.7780706	-106.9551493
56617495	560330001002	1	32400	44.7783855	-106.9538103
56617496	560330001002	1	10000	44.7781222	-106.9553301
56617497	560330001002	1	26500	44.7781053	-106.9543837
56617498	560330001002	1	177140	44.7778574	-106.9543472
56617499	560330001002	1	27500	44.7778310	-106.9532856
56617500	560330001002	1	107600	44.7778382	-106.9539900
56617501	560330001002	1	26000	44.7783987	-106.9539374
56617502	560330001002	1	53000	44.7771503	-106.9565785
56617503	560330001002	1	26480	44.7772288	-106.9554428
56617504	560330001002	1	84900	44.7781714	-106.9535583
56617505	560330001002	1	56400	44.7777119	-106.9538405
56617506	560330001002	1	37800	44.7778807	-106.9541423
56617507	560330001002	1	72500	44.7775745	-106.9549778
56617508	560330001002	1	27500	44.7775428	-106.9548133
56617509	560330001002	1	5750	44.7776062	-106.9545925
56617510	560330001002	1	57200	44.7772968	-106.9565565
56617511	560330001002	1	76500	44.7770362	-106.9551291
56617512	560330001002	1	11000	44.7767086	-106.9552939
56617513	560330001002	1	47800	44.7767546	-106.9552535
56617514	560330001002	1	24600	44.7769340	-106.9563129
56617515	560330001002	1	79000	44.7772135	-106.9546109
56617516	560330001002	1	141000	44.7766879	-106.9559723
56617517	560330001002	1	130500	44.7769155	-106.9574890
56617518	560330001002	1	90000	44.7769708	-106.9577043
56617519	560330001002	1	8300	44.7769191	-106.9557702
56617520	560330001002	1	80700	44.7769387	-106.9557309
56617521	560330001002	1	26600	44.7770453	-106.9575996
56617522	560330001002	1	59150	44.7771106	-106.9576403
56617523	560330001002	1	89000	44.7768286	-106.9573206
56617524	560330001002	1	96300	44.7865635	-106.9502337
56617525	560330001002	1	37500	44.7768569	-106.9577195
56617526	560330001002	1	31000	44.7771296	-106.9571263
56617527	560330001002	1	11200	44.7769141	-106.9569044
56617528	560330001002	1	55450	44.7869934	-106.9502771
56617529	560330001002	1	35000	44.7866362	-106.9500334
56617530	560330001002	1	10500	44.7867928	-106.9496588
56617531	560330001003	1	37000	44.7866625	-106.9594400
56617532	560330001003	1	51000	44.7811180	-106.9657184
56617533	560330001003	1	52908	44.7843482	-106.9605403
56617534	560330001003	1	59050	44.7838847	-106.9653071
56617535	560330001003	1	52500	44.7836593	-106.9647835
56617536	560330001003	1	65000	44.7809631	-106.9674247
56617537	560330001003	1	36900	44.7838900	-106.9612291
56617538	560330001003	1	112000	44.7841012	-106.9605755
56617539	560330001003	1	82000	44.7842164	-106.9610828
56617540	560330001003	1	28500	44.7809995	-106.9658568
56617541	560330001003	1	38000	44.7850080	-106.9668217
56617542	560330001003	1	91500	44.7835401	-106.9615776
56617543	560330001003	1	87700	44.7834793	-106.9604512
56617544	560330001003	1	12000	44.7864285	-106.9593205
56617545	560330001003	1	75600	44.7838438	-106.9606075
56617546	560330001003	1	136700	44.7836409	-106.9615238
56617547	560330001003	1	97000	44.7839961	-106.9615126
56617548	560330001003	1	40100	44.7869069	-106.9595520
56617549	560330001003	1	97000	44.7815247	-106.9600886
56617550	560330001003	1	58900	44.7808864	-106.9616598
56617551	560330001003	1	52000	44.7809486	-106.9623872
56617552	560330001003	1	88000	44.7843089	-106.9605289
56617553	560330001003	1	46900	44.7842869	-106.9615097
56617554	560330001003	1	65000	44.7834914	-106.9604461
56617555	560330001003	1	62200	44.7812271	-106.9621058
56617556	560330001003	1	57100	44.7808603	-106.9620573
56617557	560330001003	1	4290	44.7813637	-106.9621429
56617558	560330001003	1	46000	44.7811687	-106.9621102
56617559	560330001003	1	80050	44.7807529	-106.9622985
56617560	560330001003	1	45000	44.7812213	-106.9614718
56617561	560330001003	1	69000	44.7808015	-106.9621417
56617562	560330001003	1	61100	44.7808795	-106.9615163
56617563	560330001003	1	51000	44.7807701	-106.9613192
56617564	560330001003	1	123800	44.7806572	-106.9622813
56617565	560330001003	1	60000	44.7812170	-106.9609876
56617566	560330001003	1	67740	44.7833800	-106.9623357
56617567	560330001003	1	23100	44.7835447	-106.9618307
56617568	560330001003	1	73000	44.7840851	-106.9622375
56617569	560330001003	1	13000	44.7837703	-106.9626496
56617570	560330001003	1	354000	44.7840795	-106.9617411
56617571	560330001003	1	52000	44.7834789	-106.9623287
56617572	560330001003	1	13700	44.7840126	-106.9624145
56617573	560330001003	1	92000	44.7814359	-106.9601340
56617574	560330001003	1	60400	44.7840223	-106.9624117
56617575	560330001003	1	7200	44.7835279	-106.9627036
56617576	560330001003	1	76000	44.7837140	-106.9620984
56617577	560330001003	1	110000	44.7812949	-106.9607713
56617578	560330001003	1	52500	44.7810719	-106.9605137
56617579	560330001003	1	67700	44.7814078	-106.9601870
56617580	560330001003	1	19410	44.7802471	-106.9625668
56617581	560330001003	1	53000	44.7813708	-106.9665360
56617582	560330001003	1	32800	44.7836030	-106.9674506
56617583	560330001003	1	57600	44.7814382	-106.9608001
56617584	560330001003	1	74800	44.7809132	-106.9607209
56617585	560330001003	1	106200	44.7809428	-106.9607921
56617586	560330001003	1	104000	44.7837979	-106.9672646
56617587	560330001003	1	44000	44.7836512	-106.9675183
56617588	560330001003	1	47500	44.7832637	-106.9672678
56617589	560330001003	1	40000	44.7818225	-106.9664628
56617590	560330001003	1	30000	44.7836237	-106.9668970
56617591	560330001003	1	34500	44.7829813	-106.9676197
56617592	560330001003	1	93000	44.7834949	-106.9677646
56617593	560330001003	1	60000	44.7812010	-106.9672782
56617594	560330001003	1	88000	44.7835325	-106.9679709
56617595	560330001003	1	49000	44.7832823	-106.9674134
56617596	560330001003	1	85000	44.7797529	-106.9623211
56617597	560330001003	1	77800	44.7794760	-106.9592336
56617598	560330001003	1	55000	44.7819961	-106.9667277
56617599	560330001003	1	93200	44.7812191	-106.9665864
56617600	560330001003	1	56410	44.7817978	-106.9665684
56617601	560330001003	1	97000	44.7795083	-106.9589675
56617602	560330001003	1	88900	44.7813390	-106.9670854
56617603	560330001003	1	18280	44.7818290	-106.9672846
56617604	560330001003	1	84500	44.7803898	-106.9628918
56617605	560330001003	1	47900	44.7792682	-106.9591081
56617606	560330001003	1	46500	44.7797392	-106.9590310
56617607	560330001003	1	94004	44.7798369	-106.9588266
56617608	560330001003	1	39300	44.7794621	-106.9585117
56617609	560330001003	1	63010	44.7798869	-106.9591539
56617610	560330001003	1	14000	44.7798986	-106.9596246
56617611	560330001003	1	77800	44.7825945	-106.9666283
56617612	560330001003	1	89700	44.7865154	-106.9585195
56617613	560330001003	1	67700	44.7828536	-106.9681425
56617614	560330001003	1	113500	44.7866142	-106.9588017
56617615	560330001003	1	151400	44.7870918	-106.9592397
56617616	560330001003	1	51030	44.7830339	-106.9683348
56617617	560330001003	1	77800	44.7812544	-106.9681543
56617618	560330001003	1	85500	44.7866751	-106.9591752
56617619	560330001003	1	66300	44.7838171	-106.9685203
56617620	560330001003	1	80000	44.7815342	-106.9684520
56617621	560330001003	1	51000	44.7816714	-106.9679536
56617622	560330001003	1	65200	44.7817924	-106.9684957
56617623	560330001003	1	36500	44.7827852	-106.9668912
56617624	560330001003	1	106200	44.7824223	-106.9592304
56617625	560330001003	1	50600	44.7834451	-106.9680545
56617626	560330001003	1	17900	44.7835810	-106.9684667
56617627	560330001003	1	58610	44.7830599	-106.9685733
56617628	560330001003	1	50400	44.7819209	-106.9685978
56617629	560330001003	1	65000	44.7821884	-106.9680324
56617630	560330001003	1	58000	44.7827180	-106.9683474
56617631	560330001003	1	64000	44.7823372	-106.9667019
56617632	560330001003	1	151500	44.7822819	-106.9599912
56617633	560330001003	1	128000	44.7824498	-106.9594238
56617634	560330001003	1	43500	44.7822627	-106.9598520
56617635	560330001003	1	12300	44.7825070	-106.9668014
56617636	560330001003	1	38400	44.7824437	-106.9598971
56617637	560330001003	1	45000	44.7818157	-106.9589834
56617638	560330001003	1	92000	44.7803273	-106.9605308
56617639	560330001003	1	83000	44.7820435	-106.9676585
56617640	560330001003	1	53000	44.7821410	-106.9672081
56617641	560330001003	1	36900	44.7799510	-106.9609227
56617642	560330001003	1	153800	44.7799673	-106.9600575
56617643	560330001003	1	6000	44.7799516	-106.9605405
56617644	560330001003	1	60000	44.7838684	-106.9669887
56617645	560330001003	1	102600	44.7842832	-106.9628752
56617646	560330001003	1	75000	44.7846793	-106.9626636
56617647	560330001003	1	96000	44.7830219	-106.9675408
56617648	560330001003	1	60000	44.7825971	-106.9587889
56617649	560330001003	1	4400	44.7830812	-106.9670096
56617650	560330001003	1	94000	44.7842070	-106.9615661
56617651	560330001003	1	146200	44.7811483	-106.9612905
56617652	560330001003	1	35400	44.7809746	-106.9617523
56617653	560330001003	1	65000	44.7839752	-106.9604616
56617654	560330001003	1	25200	44.7836792	-106.9605695
56617655	560330001003	1	89000	44.7840314	-106.9605413
56617656	560330001003	1	116000	44.7840903	-106.9605647
56617657	560330001003	1	77800	44.7834721	-106.9612315
56617658	560330001003	1	63010	44.7837877	-106.9613693
56617659	560330001003	1	45900	44.7837740	-106.9606564
56617660	560330001003	1	17400	44.7806759	-106.9621730
56617661	560330001003	1	73400	44.7838682	-106.9614271
56617662	560330001003	1	46500	44.7836593	-106.9608077
56617663	560330001003	1	97600	44.7840606	-106.9614684
56617664	560330001003	1	79000	44.7807794	-106.9618418
56617665	560330001003	1	102100	44.7839831	-106.9608517
56617666	560330001003	1	48380	44.7806396	-106.9623614
56617667	560330001003	1	22150	44.7828842	-106.9678914
56617668	560330001003	1	95900	44.7835936	-106.9621174
56617669	560330001003	1	57510	44.7811756	-106.9623911
56617670	560330001003	1	101000	44.7809935	-106.9623588
56617671	560330001003	1	75000	44.7814824	-106.9613389
56617672	560330001003	1	92000	44.7813554	-106.9623155
56617673	560330001003	1	76000	44.7813685	-106.9613236
56617674	560330001003	1	78100	44.7814339	-106.9622509
56617675	560330001003	1	69250	44.7811767	-106.9615416
56617676	560330001003	1	54400	44.7838442	-106.9625563
56617677	560330001003	1	85000	44.7833966	-106.9618417
56617678	560330001003	1	70000	44.7836486	-106.9616807
56617679	560330001003	1	50000	44.7834801	-106.9624337
56617680	560330001003	1	86800	44.7835310	-106.9628852
56617681	560330001003	1	38000	44.7841423	-106.9620184
56617682	560330001003	1	17300	44.7835183	-106.9628170
56617683	560330001003	1	38000	44.7830762	-106.9667515
56617684	560330001003	1	63400	44.7810137	-106.9609423
56617685	560330001003	1	12600	44.7809784	-106.9606850
56617686	560330001003	1	52000	44.7838214	-106.9628342
56617687	560330001003	1	20200	44.7835454	-106.9627168
56617688	560330001003	1	82300	44.7808392	-106.9609184
56617689	560330001003	1	42800	44.7813709	-106.9603825
56617690	560330001003	1	70000	44.7811461	-106.9610421
56617691	560330001003	1	105000	44.7835674	-106.9673731
56617692	560330001003	1	60000	44.7811354	-106.9607598
56617693	560330001003	1	95000	44.7809600	-106.9602543
56617694	560330001003	1	89200	44.7808752	-106.9604117
56617695	560330001003	1	22000	44.7832033	-106.9674256
56617696	560330001003	1	70000	44.7808597	-106.9610024
56617697	560330001003	1	61900	44.7830964	-106.9675352
56617698	560330001003	1	84700	44.7824744	-106.9588951
56617699	560330001003	1	58000	44.7828851	-106.9676403
56617700	560330001003	1	45000	44.7871075	-106.9590557
56617701	560330001003	1	38400	44.7794442	-106.9590132
56617702	560330001003	1	40270	44.7814379	-106.9664203
56617703	560330001003	1	65000	44.7834584	-106.9669708
56617704	560330001003	1	54100	44.7829116	-106.9673776
56617705	560330001003	1	65000	44.7816470	-106.9669794
56617706	560330001003	1	24000	44.7814739	-106.9676287
56617707	560330001003	1	99000	44.7819932	-106.9670367
56617708	560330001003	1	49000	44.7794153	-106.9586095
56617709	560330001003	1	42000	44.7813129	-106.9672909
56617710	560330001003	1	42000	44.7814008	-106.9667334
56617711	560330001003	1	178000	44.7812481	-106.9670899
56617712	560330001003	1	35560	44.7795887	-106.9591451
56617713	560330001003	1	83300	44.7818260	-106.9668252
56617714	560330001003	1	12500	44.7794079	-106.9593747
56617715	560330001003	1	45000	44.7871631	-106.9584715
56617716	560330001003	1	41000	44.7802321	-106.9623742
56617717	560330001003	1	37000	44.7791409	-106.9588479
56617718	560330001003	1	36000	44.7799107	-106.9589925
56617719	560330001003	1	54200	44.7790659	-106.9594746
56617720	560330001003	1	84000	44.7797198	-106.9627822
56617721	560330001003	1	41740	44.7796987	-106.9586296
56617722	560330001003	1	65000	44.7800405	-106.9629844
56617723	560330001003	1	60000	44.7870316	-106.9588590
56617724	560330001003	1	40000	44.7798147	-106.9624836
56617725	560330001003	1	95900	44.7802851	-106.9632177
56617726	560330001003	1	75000	44.7803791	-106.9625745
56617727	560330001003	1	60800	44.7774568	-106.9632675
56617728	560330001003	1	30000	44.7802125	-106.9623760
56617729	560330001003	1	108200	44.7799090	-106.9624633
56617730	560330001003	1	18000	44.7826649	-106.9674559
56617731	560330001003	1	45450	44.7831039	-106.9684104
56617732	560330001003	1	174000	44.7841630	-106.9683662
56617733	560330001003	1	41400	44.7866807	-106.9587046
56617734	560330001003	1	74500	44.7872458	-106.9584442
56617735	560330001003	1	35000	44.7866813	-106.9589665
56617736	560330001003	1	77800	44.7838352	-106.9681658
56617737	560330001003	1	35300	44.7869507	-106.9595119
56617738	560330001003	1	70000	44.7842119	-106.9683511
56617739	560330001003	1	86000	44.7836811	-106.9683234
56617740	560330001003	1	14400	44.7816244	-106.9683897
56617741	560330001003	1	55000	44.7816608	-106.9685196
56617742	560330001003	1	45000	44.7814381	-106.9677468
56617743	560330001003	1	53100	44.7831670	-106.9681520
56617744	560330001003	1	58000	44.7814554	-106.9678040
56617745	560330001003	1	70000	44.7831760	-106.9683867
56617746	560330001003	1	58800	44.7825018	-106.9675818
56617747	560330001003	1	81500	44.7825722	-106.9596448
56617748	560330001003	1	54400	44.7825210	-106.9682498
56617749	560330001003	1	50000	44.7821376	-106.9679830
56617750	560330001003	1	50000	44.7824933	-106.9684245
56617751	560330001003	1	39000	44.7823140	-106.9595594
56617752	560330001003	1	45860	44.7820023	-106.9677817
56617753	560330001003	1	18000	44.7823021	-106.9685172
56617754	560330001003	1	23000	44.7821552	-106.9668495
56617755	560330001003	1	82600	44.7819479	-106.9591891
56617756	560330001003	1	38000	44.7820265	-106.9597283
56617757	560330001003	1	149100	44.7825922	-106.9597529
56617758	560330001003	1	87150	44.7827366	-106.9668185
56617759	560330001003	1	71100	44.7821661	-106.9597388
56617760	560330001003	1	75600	44.7823635	-106.9676459
56617761	560330001003	1	76500	44.7824606	-106.9584505
56617762	560330001003	1	50300	44.7826599	-106.9581881
56617763	560330001003	1	57000	44.7790439	-106.9607716
56617764	560330001003	1	44100	44.7800167	-106.9605661
56617765	560330001003	1	98000	44.7803861	-106.9609902
56617766	560330001003	1	32000	44.7803384	-106.9608672
56617767	560330001003	1	77000	44.7804956	-106.9610979
56617768	560330001003	1	63100	44.7802444	-106.9609764
56617769	560330001003	1	35001	44.7862022	-106.9583415
56617770	560330001003	1	58000	44.7860107	-106.9590319
56617771	560330001003	1	17000	44.7802246	-106.9604701
56617772	560330001003	1	55000	44.7862262	-106.9583050
56617773	560330001003	1	86900	44.7862612	-106.9594145
56617774	560330001003	1	162000	44.7859761	-106.9594381
56617775	560330001003	1	87300	44.7855397	-106.9592152
56617776	560330001003	1	20200	44.7823954	-106.9583254
56617777	560330001003	1	51300	44.7793374	-106.9604537
56617778	560330001003	1	44300	44.7796956	-106.9609974
56617779	560330001003	1	340500	44.7794017	-106.9599747
56617780	560330001003	1	50000	44.7795385	-106.9598835
56617781	560330001003	1	57000	44.7791866	-106.9603919
56617782	560330001003	1	40500	44.7843879	-106.9618028
56617783	560330001003	1	19410	44.7847135	-106.9671307
56617784	560330001003	1	41400	44.7810854	-106.9640571
56617785	560330001003	1	17000	44.7850713	-106.9619153
56617786	560330001003	1	13000	44.7846084	-106.9613952
56617787	560330001003	1	122300	44.7845683	-106.9626600
56617788	560330001003	1	53000	44.7844040	-106.9618855
56617789	560330001003	1	65000	44.7817819	-106.9642700
56617790	560330001003	1	115000	44.7848712	-106.9607259
56617791	560330001003	1	70000	44.7786450	-106.9627711
56617792	560330001003	1	65000	44.7846368	-106.9616664
56617793	560330001003	1	47000	44.7844497	-106.9605887
56617794	560330001003	1	100000	44.7778962	-106.9626880
56617795	560330001003	1	45860	44.7822518	-106.9613052
56617796	560330001003	1	133000	44.7828600	-106.9606579
56617797	560330001003	1	65200	44.7787886	-106.9596819
56617798	560330001003	1	35100	44.7785208	-106.9598775
56617799	560330001003	1	51500	44.7851349	-106.9606207
56617800	560330001003	1	20000	44.7848140	-106.9617087
56617801	560330001003	1	100000	44.7785855	-106.9600329
56617802	560330001003	1	18600	44.7787270	-106.9604879
56617803	560330001003	1	89200	44.7784043	-106.9605252
56617804	560330001003	1	93600	44.7826781	-106.9609182
56617805	560330001003	1	78000	44.7847410	-106.9582702
56617806	560330001003	1	39310	44.7853533	-106.9585403
56617807	560330001003	1	10500	44.7851397	-106.9582365
56617808	560330001003	1	60000	44.7827526	-106.9614523
56617809	560330001003	1	53000	44.7851176	-106.9592906
56617810	560330001003	1	6200	44.7848449	-106.9588510
56617811	560330001003	1	36000	44.7818232	-106.9606663
56617812	560330001003	1	55000	44.7821346	-106.9626422
56617813	560330001003	1	69000	44.7849017	-106.9602118
56617814	560330001003	1	56440	44.7831713	-106.9606544
56617815	560330001003	1	48000	44.7832473	-106.9613553
56617816	560330001003	1	20000	44.7851603	-106.9605572
56617817	560330001003	1	128000	44.7848964	-106.9597345
56617818	560330001003	1	55660	44.7847323	-106.9593486
56617819	560330001003	1	47000	44.7820176	-106.9607903
56617820	560330001003	1	70000	44.7818529	-106.9625090
56617821	560330001003	1	93000	44.7823781	-106.9617393
56617822	560330001003	1	231300	44.7820332	-106.9622190
56617823	560330001003	1	97000	44.7818584	-106.9604216
56617824	560330001003	1	20200	44.7819236	-106.9623021
56617825	560330001003	1	76300	44.7819541	-106.9604143
56617826	560330001003	1	150000	44.7780329	-106.9623320
56617827	560330001003	1	75000	44.7782358	-106.9592155
56617828	560330001003	1	15300	44.7776411	-106.9599417
56617829	560330001003	1	38000	44.7827514	-106.9616152
56617830	560330001003	1	81000	44.7827127	-106.9627548
56617831	560330001003	1	9900	44.7827260	-106.9619637
56617832	560330001003	1	82000	44.7777631	-106.9597619
56617833	560330001003	1	48700	44.7832388	-106.9618303
56617834	560330001003	1	60000	44.7832160	-106.9621071
56617835	560330001003	1	67200	44.7789884	-106.9586026
56617836	560330001003	1	97000	44.7774625	-106.9602482
56617837	560330001003	1	65000	44.7780124	-106.9600746
56617838	560330001003	1	7200	44.7776909	-106.9606036
56617839	560330001003	1	36700	44.7785682	-106.9587141
56617840	560330001003	1	44100	44.7789046	-106.9595356
56617841	560330001003	1	94500	44.7787649	-106.9593974
56617842	560330001003	1	17500	44.7785620	-106.9626212
56617843	560330001003	1	115000	44.7773556	-106.9588209
56617844	560330001003	1	45000	44.7779183	-106.9588947
56617845	560330001003	1	0	44.7872619	-106.9585324
56617846	560330001003	1	41200	44.7875383	-106.9592078
56617847	560330001003	1	24000	44.7775674	-106.9590244
56617848	560330001003	1	146200	44.7773318	-106.9593152
56617849	560330001003	1	11000	44.7779153	-106.9587270
56617850	560330001003	1	30000	44.7784781	-106.9624191
56617851	560330001003	1	40000	44.7784162	-106.9608842
56617852	560330001003	1	44100	44.7778893	-106.9579606
56617853	560330001003	1	20000	44.7784913	-106.9620285
56617854	560330001003	1	17000	44.7787336	-106.9618446
56617855	560330001003	1	45450	44.7787266	-106.9615317
56617856	560330001003	1	19300	44.7787582	-106.9615547
56617857	560330001003	1	103000	44.7821200	-106.9647835
56617858	560330001003	1	123800	44.7812737	-106.9633476
56617859	560330001003	1	51000	44.7802566	-106.9593488
56617860	560330001003	1	5000	44.7829802	-106.9591253
56617861	560330001003	1	24000	44.7861136	-106.9596213
56617862	560330001003	1	27500	44.7774167	-106.9626092
56617863	560330001003	1	77800	44.7777400	-106.9630967
56617864	560330001003	1	75100	44.7863697	-106.9597066
56617865	560330001003	1	56800	44.7773700	-106.9623620
56617866	560330001003	1	63400	44.7871678	-106.9596861
56617867	560330001003	1	60000	44.7827079	-106.9597349
56617868	560330001003	1	58000	44.7836568	-106.9597232
56617869	560330001003	1	48000	44.7860266	-106.9597228
56617870	560330001003	1	61100	44.7861580	-106.9595837
56617871	560330001003	1	49000	44.7835932	-106.9594778
56617872	560330001003	1	45000	44.7843496	-106.9595567
56617873	560330001003	1	17800	44.7843335	-106.9600580
56617874	560330001003	1	77000	44.7803676	-106.9593703
56617875	560330001003	1	50000	44.7804186	-106.9620383
56617876	560330001003	1	8400	44.7841925	-106.9581244
56617877	560330001003	1	39500	44.7829132	-106.9590260
56617878	560330001003	1	67400	44.7832308	-106.9596336
56617879	560330001003	1	103000	44.7837117	-106.9590801
56617880	560330001003	1	87400	44.7840593	-106.9580273
56617881	560330001003	1	85000	44.7837903	-106.9583381
56617882	560330001003	1	51280	44.7809086	-106.9592114
56617883	560330001003	1	37000	44.7801293	-106.9615117
56617884	560330001003	1	39000	44.7802672	-106.9623556
56617885	560330001003	1	97000	44.7804169	-106.9615457
56617886	560330001003	1	36400	44.7811356	-106.9591247
56617887	560330001003	1	104600	44.7816289	-106.9592237
56617888	560330001003	1	60000	44.7811863	-106.9599449
56617889	560330001003	1	92000	44.7826031	-106.9630501
56617890	560330001003	1	95000	44.7787058	-106.9582345
56617891	560330001003	1	28000	44.7790127	-106.9624869
56617892	560330001003	1	71910	44.7796577	-106.9616623
56617893	560330001003	1	107000	44.7807966	-106.9590125
56617894	560330001003	1	51000	44.7805049	-106.9586060
56617895	560330001003	1	10000	44.7791279	-106.9618930
56617896	560330001003	1	30000	44.7790070	-106.9609388
56617897	560330001003	1	122000	44.7797070	-106.9622361
56617898	560330001003	1	97000	44.7831534	-106.9588346
56617899	560330001003	1	344200	44.7793398	-106.9624627
56617900	560330001003	1	74800	44.7791874	-106.9622738
56617901	560330001003	1	100000	44.7793496	-106.9622767
56617902	560330001003	1	108000	44.7832353	-106.9588786
56617903	560330001003	1	17800	44.7834893	-106.9585144
56617904	560330001003	1	59050	44.7827922	-106.9589330
56617905	560330001003	1	42800	44.7824043	-106.9639781
56617906	560330001003	1	22700	44.7845029	-106.9638013
56617907	560330001003	1	57000	44.7773409	-106.9610034
56617908	560330001003	1	1100	44.7790093	-106.9578075
56617909	560330001003	1	60000	44.7790732	-106.9579774
56617910	560330001003	1	75900	44.7850074	-106.9638128
56617911	560330001003	1	65200	44.7776924	-106.9619518
56617912	560330001003	1	36000	44.7840778	-106.9641993
56617913	560330001003	1	6200	44.7823267	-106.9638176
56617914	560330001003	1	9700	44.7845596	-106.9660241
56617915	560330001003	1	47000	44.7840487	-106.9666371
56617916	560330001003	1	12000	44.7841855	-106.9660040
56617917	560330001003	1	38000	44.7828876	-106.9649282
56617918	560330001003	1	101600	44.7827241	-106.9642966
56617919	560330001003	1	54400	44.7824323	-106.9646951
56617920	560330001003	1	65900	44.7822046	-106.9660558
56617921	560330001003	1	79700	44.7826139	-106.9663403
56617922	560330001003	1	60000	44.7816730	-106.9659850
56617923	560330001003	1	38300	44.7812806	-106.9634686
56617924	560330001003	1	32400	44.7839066	-106.9662147
56617925	560330001003	1	80000	44.7833538	-106.9655189
56617926	560330001003	1	65000	44.7812039	-106.9627554
56617927	560330001003	1	20200	44.7833701	-106.9663466
56617928	560330001003	1	60000	44.7816920	-106.9661297
56617929	560330001003	1	46100	44.7847038	-106.9644847
56617930	560330001003	1	55000	44.7846529	-106.9646911
56617931	560330001003	1	85000	44.7841842	-106.9650651
56617932	560330001003	1	22700	44.7818763	-106.9636876
56617933	560330001003	1	59000	44.7815295	-106.9626404
56617934	560330001003	1	39000	44.7823338	-106.9630258
56617935	560330001003	1	123800	44.7822397	-106.9662783
56617936	560330001003	1	37000	44.7813743	-106.9658892
56617937	560330001003	1	67500	44.7836700	-106.9636741
56617938	560330001003	1	12000	44.7835216	-106.9633812
56617939	560330001003	1	21000	44.7847844	-106.9669528
56617940	560330001003	1	50000	44.7835235	-106.9640220
56617941	560330001004	1	37500	44.7763190	-106.9580254
56617942	560330001004	1	21000	44.7762569	-106.9587014
56617943	560330001004	1	80000	44.7714842	-106.9631067
56617944	560330001004	1	33070	44.7715940	-106.9638237
56617945	560330001004	1	38200	44.7683617	-106.9379829
56617946	560330001004	1	57000	44.7688122	-106.9385239
56617947	560330001004	1	18800	44.7687873	-106.9377865
56617948	560330001004	1	53000	44.7689284	-106.9385704
56617949	560330001004	1	105000	44.7689286	-106.9376401
56617950	560330001004	1	73400	44.7686158	-106.9379255
56617951	560330001004	1	58900	44.7682330	-106.9375916
56617952	560330001004	1	40000	44.7681474	-106.9383628
56617953	560330001004	1	72000	44.7684571	-106.9387129
56617954	560330001004	1	7200	44.7686663	-106.9377481
56617955	560330001004	1	60000	44.7687239	-106.9381387
56617956	560330001004	1	60000	44.7683965	-106.9383084
56617957	560330001004	1	100500	44.7683216	-106.9375837
56617958	560330001004	1	93200	44.7685241	-106.9382302
56617959	560330001004	1	60000	44.7684043	-106.9382439
56617960	560330001004	1	22400	44.7689583	-106.9376098
56617961	560330001004	1	28200	44.7686719	-106.9383990
56617962	560330001004	1	17600	44.7683243	-106.9382714
56617963	560330001004	1	25700	44.7688389	-106.9381834
56617964	560330001004	1	24500	44.7683878	-106.9386765
56617965	560330001004	1	32700	44.7689931	-106.9377604
56617966	560330001004	1	134800	44.7688626	-106.9384532
56617967	560330001004	1	66900	44.7686483	-106.9385357
56617968	560330001004	1	110000	44.7685966	-106.9383366
56617969	560330001004	1	15900	44.7687357	-106.9386756
56617970	560330001004	1	30100	44.7687268	-106.9382273
56617971	560330001004	1	23100	44.7714530	-106.9631910
56617972	560330001004	1	63400	44.7706981	-106.9625887
56617973	560330001004	1	18000	44.7687234	-106.9377766
56617974	560330001004	1	323800	44.7712258	-106.9622654
56617975	560330001004	1	32000	44.7682962	-106.9383921
56617976	560330001004	1	81000	44.7682086	-106.9379141
56617977	560330001004	1	20100	44.7681908	-106.9378746
56617978	560330001004	1	31000	44.7711316	-106.9627479
56617979	560330001004	1	85000	44.7681469	-106.9379834
56617980	560330001004	1	61000	44.7688419	-106.9377978
56617981	560330001004	1	7400	44.7682887	-106.9377647
56617982	560330001004	1	60500	44.7709535	-106.9631696
56617983	560330001004	1	20200	44.7685759	-106.9378551
56617984	560330001004	1	81000	44.7714538	-106.9623099
56617985	560330001004	1	92000	44.7712776	-106.9629738
56617986	560330001004	1	88500	44.7709368	-106.9622709
56617987	560330001004	1	74000	44.7710734	-106.9633166
56617988	560330001004	1	97000	44.7708002	-106.9622021
56617989	560330001004	1	84000	44.7708844	-106.9629341
56617990	560330001004	1	31400	44.7707159	-106.9627053
56617991	560330001004	1	101000	44.7711485	-106.9630969
56617992	560330001004	1	67700	44.7714610	-106.9624950
56617993	560330001004	1	25460	44.7717214	-106.9635447
56617994	560330001004	1	22730	44.7719898	-106.9646006
56617995	560330001004	1	6000	44.7714611	-106.9643791
56617996	560330001004	1	82300	44.7728740	-106.9577206
56617997	560330001004	1	145000	44.7732288	-106.9574506
56617998	560330001004	1	14000	44.7708219	-106.9628519
56617999	560330001004	1	31400	44.7707165	-106.9620952
56618000	560330001004	1	71000	44.7710810	-106.9632315
56618001	560330001004	1	100000	44.7712021	-106.9623647
56618002	560330001004	1	20000	44.7709863	-106.9626236
56618003	560330001004	1	101000	44.7732056	-106.9586305
56618004	560330001004	1	30400	44.7711197	-106.9628462
56618005	560330001004	1	39000	44.7714867	-106.9624237
56618006	560330001004	1	118000	44.7714191	-106.9632584
56618007	560330001004	1	15780	44.7736577	-106.9575274
56618008	560330001004	1	24200	44.7707056	-106.9625290
56618009	560330001004	1	70000	44.7710286	-106.9626386
56618010	560330001004	1	95100	44.7734305	-106.9583859
56618011	560330001004	1	103120	44.7731732	-106.9581005
56618012	560330001004	1	122300	44.7734709	-106.9585031
56618013	560330001004	1	95000	44.7730306	-106.9576637
56618014	560330001004	1	24000	44.7728769	-106.9581857
56618015	560330001004	1	156000	44.7732678	-106.9581810
56618016	560330001004	1	46700	44.7728215	-106.9582418
56618017	560330001004	1	20200	44.7736229	-106.9582936
56618018	560330001004	1	81200	44.7731365	-106.9577221
56618019	560330001004	1	60800	44.7734810	-106.9584650
56618020	560330001004	1	17600	44.7730862	-106.9579709
56618021	560330001004	1	55000	44.7734431	-106.9583226
56618022	560330001004	1	25640	44.7735064	-106.9583641
56618023	560330001004	1	110000	44.7735664	-106.9584048
56618024	560330001004	1	124020	44.7736372	-106.9576926
56618025	560330001004	1	43600	44.7760412	-106.9644923
56618026	560330001004	1	63400	44.7771135	-106.9641667
56618027	560330001004	1	28390	44.7656609	-106.9372456
56618028	560330001004	1	116500	44.7658291	-106.9373407
56618029	560330001004	1	18400	44.7729124	-106.9574903
56618030	560330001004	1	17600	44.7654676	-106.9381830
56618031	560330001004	1	69200	44.7661247	-106.9375781
56618032	560330001004	1	67500	44.7655481	-106.9382241
56618033	560330001004	1	16000	44.7658500	-106.9380001
56618034	560330001004	1	20300	44.7661695	-106.9375819
56618035	560330001004	1	27600	44.7656355	-106.9371557
56618036	560330001004	1	65100	44.7655485	-106.9383008
56618037	560330001004	1	20700	44.7656847	-106.9371972
56618038	560330001004	1	55000	44.7661318	-106.9377390
56618039	560330001004	1	58100	44.7660770	-106.9383239
56618040	560330001004	1	16900	44.7657116	-106.9383212
56618041	560330001004	1	100000	44.7766581	-106.9649250
56618042	560330001004	1	59800	44.7734879	-106.9376687
56618043	560330001004	1	80000	44.7770385	-106.9632421
56618044	560330001004	1	87150	44.7769989	-106.9631886
56618045	560330001004	1	31800	44.7771108	-106.9636352
56618046	560330001004	1	77400	44.7728788	-106.9374608
56618047	560330001004	1	16700	44.7733780	-106.9371472
56618048	560330001004	1	23100	44.7730142	-106.9372486
56618049	560330001004	1	62500	44.7766248	-106.9648874
56618050	560330001004	1	52400	44.7733884	-106.9372002
56618051	560330001004	1	23000	44.7734948	-106.9374967
56618052	560330001004	1	74000	44.7732188	-106.9377277
56618053	560330001004	1	81000	44.7755915	-106.9642695
56618054	560330001004	1	20000	44.7750367	-106.9648668
56618055	560330001004	1	20000	44.7750071	-106.9645401
56618056	560330001004	1	83700	44.7715796	-106.9646110
56618057	560330001004	1	64000	44.7721961	-106.9640410
56618058	560330001004	1	70000	44.7770957	-106.9589405
56618059	560330001004	1	14600	44.7484210	-106.9483549
56618060	560330001004	1	146000	44.7770261	-106.9590469
56618061	560330001004	1	53700	44.7515796	-106.9611635
56618062	560330001004	1	14400	44.7769228	-106.9582113
56618063	560330001004	1	8200	44.7715967	-106.9630889
56618064	560330001004	1	27000	44.7673249	-106.9382692
56618065	560330001004	1	150000	44.7742242	-106.9630868
56618066	560330001004	1	115000	44.7766334	-106.9632536
56618067	560330001004	1	29700	44.7767891	-106.9632706
56618068	560330001004	1	70000	44.7717217	-106.9635974
56618069	560330001004	1	35000	44.7762206	-106.9631300
56618070	560330001004	1	65050	44.7763965	-106.9631341
56618071	560330001004	1	31200	44.7768811	-106.9635018
56618072	560330001004	1	100400	44.7746766	-106.9636861
56618073	560330001004	1	60000	44.7743844	-106.9631912
56618074	560330001004	1	58200	44.7767721	-106.9638954
56618075	560330001004	1	29000	44.7762757	-106.9642694
56618076	560330001004	1	66100	44.7745569	-106.9632594
56618077	560330001004	1	118000	44.7750438	-106.9629940
56618078	560330001004	1	37800	44.7742098	-106.9636056
56618079	560330001004	1	55000	44.7673784	-106.9379580
56618080	560330001004	1	134800	44.7708246	-106.9641177
56618081	560330001004	1	85500	44.7711693	-106.9639380
56618082	560330001004	1	65200	44.7745146	-106.9630633
56618083	560330001004	1	85000	44.7711619	-106.9636233
56618084	560330001004	1	56800	44.7705324	-106.9639768
56618085	560330001004	1	60000	44.7709919	-106.9640140
56618086	560330001004	1	31000	44.7706739	-106.9644842
56618087	560330001004	1	183200	44.7677533	-106.9382930
56618088	560330001004	1	19300	44.7741425	-106.9640773
56618089	560330001004	1	48300	44.7712454	-106.9638488
56618090	560330001004	1	46000	44.7746854	-106.9649867
56618091	560330001004	1	65000	44.7743074	-106.9641101
56618092	560330001004	1	60000	44.7742454	-106.9642688
56618093	560330001004	1	40100	44.7743639	-106.9645656
56618094	560330001004	1	55000	44.7715919	-106.9629072
56618095	560330001004	1	51500	44.7671858	-106.9422281
56618096	560330001004	1	28250	44.7674373	-106.9394571
56618097	560330001004	1	69000	44.7674075	-106.9373538
56618098	560330001004	1	30900	44.7679805	-106.9376221
56618099	560330001004	1	84700	44.7681202	-106.9379254
56618100	560330001004	1	103120	44.7677326	-106.9396993
56618101	560330001004	1	45800	44.7676591	-106.9374211
56618102	560330001004	1	14000	44.7677220	-106.9393477
56618103	560330001004	1	628000	44.7674085	-106.9423577
56618104	560330001004	1	31400	44.7674776	-106.9394463
56618105	560330001004	1	27500	44.7673418	-106.9391929
56618106	560330001004	1	35000	44.7673747	-106.9394318
56618107	560330001004	1	1000	44.7677690	-106.9424077
56618108	560330001004	1	21500	44.7679353	-106.9392189
56618109	560330001004	1	21700	44.7673704	-106.9415549
56618110	560330001004	1	22730	44.7720816	-106.9629578
56618111	560330001004	1	15400	44.7675681	-106.9442110
56618112	560330001004	1	73400	44.7670712	-106.9411632
56618113	560330001004	1	31400	44.7678376	-106.9416135
56618114	560330001004	1	6350	44.7671926	-106.9422621
56618115	560330001004	1	18200	44.7673645	-106.9442350
56618116	560330001004	1	16700	44.7675510	-106.9444196
56618117	560330001004	1	103120	44.7675573	-106.9443564
56618118	560330001004	1	96000	44.7719687	-106.9634275
56618119	560330001004	1	9600	44.7671738	-106.9443778
56618120	560330001004	1	33400	44.7668309	-106.9448206
56618121	560330001004	1	49550	44.7670581	-106.9447386
56618122	560330001004	1	23000	44.7719871	-106.9634710
56618123	560330001004	1	85000	44.7772589	-106.9595807
56618124	560330001004	1	24900	44.7715450	-106.9627240
56618125	560330001004	1	628000	44.7508406	-106.9619169
56618126	560330001004	1	40200	44.7726453	-106.9448656
56618127	560330001004	1	123000	44.7643976	-106.9439692
56618128	560330001004	1	18200	44.7487705	-106.9591200
56618129	560330001004	1	63010	44.7758605	-106.9581578
56618130	560330001004	1	113000	44.7765961	-106.9591026
56618131	560330001004	1	18000	44.7769173	-106.9586344
56618132	560330001004	1	61600	44.7701217	-106.9638548
56618133	560330001004	1	88400	44.7579374	-106.9617046
56618134	560330001004	1	79000	44.7587664	-106.9609605
56618135	560330001004	1	90800	44.7736558	-106.9523808
56618136	560330001004	1	31000	44.7508069	-106.9576157
56618137	560330001004	1	93200	44.7480110	-106.9583284
56618138	560330001004	1	15120	44.7492918	-106.9588530
56618139	560330001004	1	134800	44.7477921	-106.9491503
56618140	560330001004	1	47210	44.7489725	-106.9601763
56618141	560330001004	1	50000	44.7505944	-106.9615202
56618142	560330001004	1	56000	44.7554320	-106.9572426
56618143	560330001004	1	7200	44.7573578	-106.9590454
56618144	560330001004	1	125100	44.7714511	-106.9429863
56618145	560330001004	1	59000	44.7725635	-106.9416618
56618146	560330001004	1	84900	44.7723564	-106.9410063
56618147	560330001004	1	64000	44.7721312	-106.9369136
56618148	560330001004	1	47700	44.7558420	-106.9601095
56618149	560330001004	1	28400	44.7557659	-106.9586372
56618150	560330001004	1	173000	44.7540560	-106.9613813
56618151	560330001004	1	80000	44.7543014	-106.9605816
56618152	560330001004	1	72000	44.7721949	-106.9599192
56618153	560330001004	1	28400	44.7544977	-106.9594066
56618154	560330001004	1	47000	44.7560339	-106.9582520
56618155	560330001004	1	101020	44.7717013	-106.9374430
56618156	560330001004	1	7500	44.7584644	-106.9569665
56618157	560330001004	1	61400	44.7505708	-106.9605827
56618158	560330001004	1	22700	44.7578512	-106.9592951
56618159	560330001004	1	31200	44.7633520	-106.9435560
56618160	560330001004	1	60000	44.7717187	-106.9440900
56618161	560330001004	1	27500	44.7729561	-106.9438243
56618162	560330001004	1	60800	44.7714506	-106.9447360
56618163	560330001004	1	26000	44.7716865	-106.9467309
56618164	560330001004	1	20800	44.7705686	-106.9436483
56618165	560330001004	1	24000	44.7695542	-106.9442921
56618166	560330001004	1	49700	44.7576144	-106.9602216
56618167	560330001004	1	82000	44.7548571	-106.9612443
56618168	560330001004	1	25300	44.7551910	-106.9601099
56618169	560330001004	1	49550	44.7549278	-106.9583047
56618170	560330001004	1	100000	44.7493022	-106.9566472
56618171	560330001004	1	54000	44.7574907	-106.9585123
56618172	560330001004	1	90400	44.7567761	-106.9579853
56618173	560330001004	1	78000	44.7474203	-106.9580147
56618174	560330001004	1	146500	44.7513423	-106.9586257
56618175	560330001004	1	86000	44.7500087	-106.9568806
56618176	560330001004	1	23330	44.7476348	-106.9583517
56618177	560330001004	1	21000	44.7589556	-106.9583816
56618178	560330001004	1	102400	44.7515873	-106.9593132
56618179	560330001004	1	145000	44.7510831	-106.9573595
56618180	560330001004	1	53700	44.7463896	-106.9608528
56618181	560330001004	1	32150	44.7724087	-106.9459008
56618182	560330001004	1	65000	44.7486973	-106.9615511
56618183	560330001004	1	70000	44.7494689	-106.9582279
56618184	560330001004	1	24600	44.7590866	-106.9595283
56618185	560330001004	1	208790	44.7723351	-106.9382843
56618186	560330001004	1	45450	44.7473160	-106.9607908
56618187	560330001004	1	410000	44.7474865	-106.9533614
56618188	560330001004	1	80000	44.7415344	-106.9499963
56618189	560330001004	1	50000	44.7366058	-106.9516550
56618190	560330001004	1	55000	44.7483637	-106.9543972
56618191	560330001004	1	18000	44.7464642	-106.9507187
56618192	560330001004	1	90000	44.7524379	-106.9589042
56618193	560330001004	1	33800	44.7527744	-106.9594135
56618194	560330001004	1	113500	44.7533082	-106.9572383
56618195	560330001004	1	63010	44.7702042	-106.9612760
56618196	560330001004	1	75400	44.7547079	-106.9571571
56618197	560330001004	1	74200	44.7483374	-106.9567311
56618198	560330001004	1	60000	44.7705827	-106.9424613
56618199	560330001004	1	60800	44.7525928	-106.9604400
56618200	560330001004	1	78000	44.7445291	-106.9486288
56618201	560330001004	1	366400	44.7529871	-106.9589299
56618202	560330001004	1	32200	44.7514902	-106.9570283
56618203	560330001004	1	17200	44.7534389	-106.9598573
56618204	560330001004	1	51000	44.7650651	-106.9447825
56618205	560330001004	1	95740	44.7539605	-106.9490745
56618206	560330001004	1	42300	44.7425658	-106.9510664
56618207	560330001004	1	80000	44.7428019	-106.9504258
56618208	560330001004	1	16130	44.7530522	-106.9608109
56618209	560330001004	1	24336	44.7480427	-106.9501093
56618210	560330001004	1	22800	44.7682143	-106.9439582
56618211	560330001004	1	128000	44.7663616	-106.9457189
56618212	560330001004	1	109000	44.7712024	-106.9608469
56618213	560330001004	1	17800	44.7721288	-106.9395270
56618214	560330001004	1	97000	44.7481507	-106.9507059
56618215	560330001004	1	82700	44.7492476	-106.9507402
56618216	560330001004	1	26500	44.7468734	-106.9554968
56618217	560330001004	1	0	44.7470925	-106.9564997
56618218	560330001004	1	102000	44.7494780	-106.9549839
56618219	560330001004	1	71100	44.7709214	-106.9448919
56618220	560330001004	1	61100	44.7452363	-106.9619970
56618221	560330001004	1	51800	44.7710581	-106.9386517
56618222	560330001004	1	130000	44.7492167	-106.9541188
56618223	560330001004	1	35150	44.7526174	-106.9567565
56618224	560330001004	1	27000	44.7486075	-106.9552023
56618225	560330001004	1	103600	44.7451030	-106.9484545
56618226	560330001004	1	7900	44.7467990	-106.9596370
56618227	560330001004	1	66300	44.7474124	-106.9590120
56618228	560330001004	1	19200	44.7693612	-106.9627957
56618229	560330001004	1	36000	44.7691406	-106.9371821
56618230	560330001004	1	45600	44.7704223	-106.9599035
56618231	560330001004	1	23001	44.7687066	-106.9371448
56618232	560330001004	1	8400	44.7469991	-106.9521007
56618233	560330001004	1	25640	44.7702899	-106.9374581
56618234	560330001004	1	33200	44.7460950	-106.9503930
56618235	560330001004	1	54000	44.7708280	-106.9402649
56618236	560330001004	1	31000	44.7453100	-106.9526928
56618237	560330001004	1	55000	44.7707553	-106.9410629
56618238	560330001004	1	2300	44.7693887	-106.9446018
56618239	560330001004	1	174000	44.7666550	-106.9457463
56618240	560330001004	1	30400	44.7731090	-106.9390316
56618241	560330001004	1	222080	44.7468935	-106.9538499
56618242	560330001004	1	30000	44.7637669	-106.9454793
56618243	560330001004	1	628000	44.7461792	-106.9486997
56618244	560330001004	1	288600	44.7448484	-106.9510014
56618245	560330001004	1	115000	44.7450976	-106.9526908
56618246	560330001004	1	22700	44.7455015	-106.9540648
56618247	560330001004	1	16000	44.7464386	-106.9550600
56618248	560330001004	1	76000	44.7451822	-106.9497119
56618249	560330001004	1	119920	44.7458281	-106.9507148
56618250	560330001004	1	103000	44.7397214	-106.9512874
56618251	560330001004	1	263000	44.7597981	-106.9614515
56618252	560330001004	1	53000	44.7683471	-106.9646259
56618253	560330001004	1	85000	44.7696467	-106.9618134
56618254	560330001004	1	87400	44.7720408	-106.9584858
56618255	560330001004	1	77000	44.7661052	-106.9643986
56618256	560330001004	1	70000	44.7655832	-106.9639920
56618257	560330001004	1	16400	44.7658626	-106.9367811
56618258	560330001004	1	82000	44.7686321	-106.9464153
56618259	560330001004	1	15200	44.7461709	-106.9604097
56618260	560330001004	1	79600	44.7646051	-106.9642559
56618261	560330001004	1	23100	44.7668537	-106.9631275
56618262	560330001004	1	73200	44.7673566	-106.9634831
56618263	560330001004	1	42100	44.7459520	-106.9570819
56618264	560330001004	1	16700	44.7424485	-106.9605106
56618265	560330001004	1	67500	44.7681234	-106.9640727
56618266	560330001004	1	87700	44.7537134	-106.9565741
56618267	560330001004	1	112600	44.7398815	-106.9504605
56618268	560330001004	1	30000	44.7428257	-106.9606211
56618269	560330001004	1	27000	44.7592194	-106.9600793
56618270	560330001004	1	55000	44.7441790	-106.9574961
56618271	560330001004	1	58300	44.7547082	-106.9564726
56618272	560330001004	1	36900	44.7443165	-106.9605869
56618273	560330001004	1	52300	44.7405635	-106.9516361
56618274	560330001004	1	51000	44.7699035	-106.9600164
56618275	560330001004	1	69060	44.7693774	-106.9460438
56618276	560330001004	1	41900	44.7407161	-106.9504546
56618277	560330001004	1	27000	44.7636415	-106.9367480
56618278	560330001004	1	30000	44.7692083	-106.9582208
56618279	560330001004	1	25000	44.7710791	-106.9592757
56618280	560330001004	1	88000	44.7706495	-106.9583656
56618281	560330001004	1	46200	44.7695262	-106.9637290
56618282	560330001004	1	21000	44.7453265	-106.9597409
56618283	560330001004	1	71100	44.7739720	-106.9590423
56618284	560330001004	1	87100	44.7674908	-106.9435570
56618285	560330001004	1	51800	44.7742805	-106.9608823
56618286	560330001004	1	65000	44.7670419	-106.9430874
56618287	560330001004	1	84600	44.7680089	-106.9429989
56618288	560330001004	1	84000	44.7735665	-106.9634968
56618289	560330001004	1	71000	44.7681536	-106.9427964
56618290	560330001004	1	63200	44.7758423	-106.9584955
56618291	560330001004	1	24500	44.7735853	-106.9632245
56618292	560330001004	1	75500	44.7739510	-106.9628653
56618293	560330001004	1	170700	44.7757245	-106.9639407
56618294	560330001004	1	64000	44.7762718	-106.9579781
56618295	560330001004	1	22610	44.7759335	-106.9636093
56618296	560330001004	1	82200	44.7752922	-106.9633642
56618297	560330001004	1	19200	44.7759310	-106.9640917
56618298	560330001004	1	60000	44.7757660	-106.9636073
56618299	560330001004	1	25700	44.7682131	-106.9431633
56618300	560330001004	1	112000	44.7682914	-106.9398685
56618301	560330001004	1	109000	44.7728986	-106.9647115
56618302	560330001004	1	27000	44.7725989	-106.9637602
56618303	560330001004	1	36000	44.7737542	-106.9627682
56618304	560330001004	1	75000	44.7733929	-106.9637358
56618305	560330001004	1	50600	44.7726886	-106.9648304
56618306	560330001004	1	94000	44.7724064	-106.9644439
56618307	560330001004	1	32400	44.7726788	-106.9649452
56618308	560330001004	1	43700	44.7682381	-106.9396126
56618309	560330001004	1	50000	44.7737510	-106.9647040
56618310	560330001004	1	27000	44.7732488	-106.9641898
56618311	560330001004	1	135200	44.7733291	-106.9645945
56618312	560330001004	1	42300	44.7680828	-106.9388748
56618313	560330001004	1	21700	44.7733755	-106.9644775
56618314	560330001004	1	78900	44.7736249	-106.9650051
56618315	560330001004	1	85000	44.7682258	-106.9426722
56618316	560330001004	1	41300	44.7687141	-106.9420254
56618317	560330001004	1	74000	44.7682912	-106.9414140
56618318	560330001004	1	22400	44.7682602	-106.9391174
56618319	560330001004	1	20200	44.7688985	-106.9391162
56618320	560330001004	1	35400	44.7679494	-106.9413632
56618321	560330001004	1	31200	44.7681277	-106.9413291
56618322	560330001004	1	20000	44.7681053	-106.9417555
56618323	560330001004	1	107000	44.7679500	-106.9430963
56618324	560330001004	1	42000	44.7682222	-106.9404390
56618325	560330001004	1	60000	44.7686780	-106.9405978
56618326	560330001004	1	106970	44.7687307	-106.9409475
56618327	560330001004	1	77800	44.7771150	-106.9619858
56618328	560330001004	1	130000	44.7688029	-106.9402758
56618329	560330001004	1	67110	44.7688119	-106.9404168
56618330	560330001004	1	22700	44.7689424	-106.9414732
56618331	560330001004	1	103000	44.7733892	-106.9597239
56618332	560330001004	1	31200	44.7413276	-106.9493433
56618333	560330001004	1	15900	44.7675141	-106.9435245
56618334	560330001004	1	30000	44.7668208	-106.9434999
56618335	560330001004	1	42300	44.7690938	-106.9419661
56618336	560330001004	1	109000	44.7752342	-106.9625574
56618337	560330001004	1	74000	44.7761662	-106.9621513
56618338	560330001004	1	115000	44.7676204	-106.9428018
56618339	560330001004	1	27880	44.7765687	-106.9628578
56618340	560330001004	1	89000	44.7754349	-106.9620567
56618341	560330001004	1	57400	44.7762119	-106.9628690
56618342	560330001004	1	67700	44.7769109	-106.9623190
56618343	560330001004	1	73000	44.7693870	-106.9423536
56618344	560330001004	1	16900	44.7754256	-106.9588451
56618345	560330001004	1	28390	44.7755044	-106.9622418
56618346	560330001004	1	34600	44.7758192	-106.9618311
56618347	560330001004	1	30000	44.7749077	-106.9581549
56618348	560330001004	1	109400	44.7754310	-106.9581557
56618349	560330001004	1	28300	44.7752603	-106.9579824
56618350	560330001004	1	36900	44.7729751	-106.9588621
56618351	560330001004	1	40000	44.7413268	-106.9473973
56618352	560330001004	1	35000	44.7421940	-106.9486320
56618353	560330001004	1	18000	44.7694714	-106.9432121
56618354	560330001004	1	65000	44.7692195	-106.9423293
56618355	560330001004	1	55000	44.7690807	-106.9434131
56618356	560330001004	1	27000	44.7421672	-106.9492025
56618357	560330001004	1	137100	44.7691103	-106.9428793
56618358	560330001004	1	17900	44.7686429	-106.9431539
56618359	560330001004	1	16700	44.7417128	-106.9481351
56618360	560330001004	1	92200	44.7422526	-106.9482617
56618361	560330001004	1	80000	44.7424420	-106.9485935
56618362	560330001004	1	16440	44.7424819	-106.9491051
56618363	560330001004	1	208790	44.7422972	-106.9484067
56618364	560330001004	1	75000	44.7425223	-106.9481298
56618365	560330001004	1	92200	44.7423895	-106.9485011
56618366	560330001004	1	51000	44.7735913	-106.9380712
56618367	560330001004	1	103000	44.7727564	-106.9634919
56618368	560330001004	1	25700	44.7747047	-106.9619564
56618369	560330001004	1	76300	44.7412437	-106.9472351
56618370	560330001004	1	21400	44.7414539	-106.9474092
56618371	560330001004	1	56800	44.7746687	-106.9620882
56618372	560330001004	1	19410	44.7747174	-106.9623889
56618373	560330001004	1	68400	44.7751316	-106.9616048
56618374	560330001004	1	60400	44.7741873	-106.9614583
56618375	560330001004	1	124020	44.7725908	-106.9627013
56618376	560330001004	1	32000	44.7725551	-106.9628095
56618377	560330001004	1	22500	44.7726854	-106.9624694
56618378	560330001004	1	46500	44.7741772	-106.9619200
56618379	560330001004	1	48400	44.7735139	-106.9618545
56618380	560330001004	1	84000	44.7739581	-106.9616686
56618381	560330001004	1	90000	44.7733906	-106.9608751
56618382	560330001004	1	70000	44.7506473	-106.9483169
56618383	560330001004	1	111000	44.7676191	-106.9404234
56618384	560330001004	1	74000	44.7676012	-106.9411135
56618385	560330001004	1	78900	44.7735817	-106.9593900
56618386	560330001004	1	75000	44.7727984	-106.9586851
56618387	560330001004	1	15780	44.7503579	-106.9476028
56618388	560330001004	1	99100	44.7433000	-106.9483719
56618389	560330001004	1	88400	44.7675285	-106.9405094
56618390	560330001004	1	82700	44.7429624	-106.9480638
56618391	560330001004	1	6200	44.7503214	-106.9477652
56618392	560330001004	1	47000	44.7429561	-106.9480280
56618393	560330001004	1	137100	44.7772730	-106.9615667
56618394	560330001004	1	75400	44.7728588	-106.9606317
56618395	560330001004	1	23000	44.7550274	-106.9492084
56618396	560330001004	1	57510	44.7527465	-106.9485057
56618397	560330001004	1	50000	44.7523211	-106.9483361
56618398	560330001004	1	31500	44.7551621	-106.9481084
56618399	560330001004	1	52020	44.7521918	-106.9483699
56618400	560330001004	1	49000	44.7550703	-106.9481316
56618401	560330001004	1	27700	44.7762992	-106.9604246
56618402	560330001004	1	71070	44.7766312	-106.9597742
56618403	560330001004	1	58000	44.7767541	-106.9603880
56618404	560330001004	1	81000	44.7555497	-106.9610721
56618405	560330001004	1	68800	44.7731544	-106.9602707
56618406	560330001004	1	241500	44.7410532	-106.9486636
56618407	560330001004	1	35600	44.7698971	-106.9440859
56618408	560330001004	1	110000	44.7419056	-106.9490170
56618409	560330001004	1	32000	44.7518523	-106.9493398
56618410	560330001004	1	94000	44.7526741	-106.9496929
56618411	560330001004	1	25100	44.7474182	-106.9474053
56618412	560330001004	1	8400	44.7671514	-106.9373821
56618413	560330001004	1	113000	44.7549010	-106.9476898
56618414	560330001004	1	40000	44.7665773	-106.9385631
56618415	560330001004	1	45000	44.7468574	-106.9478624
56618416	560330001004	1	25000	44.7554826	-106.9478173
56618417	560330001004	1	5000	44.7526058	-106.9490236
56618418	560330001004	1	27000	44.7667700	-106.9388372
56618419	560330001004	1	49000	44.7550480	-106.9474952
56618420	560330001004	1	17300	44.7727444	-106.9616419
56618421	560330001004	1	70000	44.7494640	-106.9481840
56618422	560330001004	1	116500	44.7664059	-106.9445327
56618423	560330001004	1	53300	44.7671448	-106.9386722
56618424	560330001004	1	23000	44.7661257	-106.9442977
56618425	560330001004	1	63010	44.7409493	-106.9482989
56618426	560330001004	1	22800	44.7666689	-106.9445833
56618427	560330001004	1	93300	44.7734250	-106.9558587
56618428	560330001004	1	38000	44.7733363	-106.9624976
56618429	560330001004	1	30000	44.7699666	-106.9404992
56618430	560330001004	1	90400	44.7497046	-106.9475192
56618431	560330001004	1	27400	44.7494331	-106.9477903
56618432	560330001004	1	70000	44.7733848	-106.9615800
56618433	560330001004	1	21030	44.7704393	-106.9406998
56618434	560330001004	1	43400	44.7703216	-106.9409221
56618435	560330001004	1	47800	44.7691345	-106.9402784
56618436	560330001004	1	28300	44.7664071	-106.9418613
56618437	560330001004	1	21500	44.7702081	-106.9388605
56618438	560330001004	1	100400	44.7734378	-106.9434683
56618439	560330001004	1	84250	44.7666156	-106.9375957
56618440	560330001004	1	56800	44.7665348	-106.9374243
56618441	560330001004	1	51300	44.7702536	-106.9381224
56618442	560330001004	1	113000	44.7731149	-106.9435941
56618443	560330001004	1	22730	44.7700783	-106.9386301
56618444	560330001004	1	25900	44.7666443	-106.9411386
56618445	560330001004	1	50000	44.7698328	-106.9398065
56618446	560330001004	1	41500	44.7699159	-106.9395579
56618447	560330001004	1	166700	44.7700373	-106.9400525
56618448	560330001004	1	28400	44.7509329	-106.9490974
56618449	560330001004	1	30400	44.7505420	-106.9493067
56618450	560330001004	1	76500	44.7506868	-106.9488666
56618451	560330001004	1	17600	44.7697302	-106.9403103
56618452	560330001004	1	116000	44.7478082	-106.9614428
56618453	560330001004	1	84400	44.7535767	-106.9467836
56618454	560330001004	1	161000	44.7539380	-106.9474580
56618455	560330001004	1	59800	44.7540308	-106.9473448
56618456	560330001004	1	107300	44.7733627	-106.9542734
56618457	560330001004	1	110000	44.7532178	-106.9466275
56618458	560330001004	1	28400	44.7733439	-106.9542370
56618459	560330001004	1	49200	44.7646015	-106.9424392
56618460	560330001004	1	20910	44.7502112	-106.9594625
56618461	560330001004	1	45800	44.7473788	-106.9613209
56618462	560330001004	1	27500	44.7508713	-106.9591795
56618463	560330001004	1	14600	44.7644637	-106.9425145
56618464	560330001004	1	58200	44.7640866	-106.9420835
56618465	560330001004	1	31200	44.7638752	-106.9422754
56618466	560330001004	1	33900	44.7766867	-106.9605577
56618467	560330001004	1	104600	44.7523488	-106.9473822
56618468	560330001004	1	25500	44.7700637	-106.9428257
56618469	560330001004	1	99100	44.7748279	-106.9601955
56618470	560330001004	1	32000	44.7732023	-106.9564516
56618471	560330001004	1	23000	44.7533482	-106.9494902
56618472	560330001004	1	27600	44.7513875	-106.9486939
56618473	560330001004	1	50000	44.7514935	-106.9484976
56618474	560330001004	1	17100	44.7661862	-106.9404688
56618475	560330001004	1	34000	44.7529656	-106.9492705
56618476	560330001004	1	85000	44.7664833	-106.9406075
56618477	560330001004	1	17000	44.7698429	-106.9425620
56618478	560330001004	1	80000	44.7495432	-106.9618882
56618479	560330001004	1	31200	44.7433920	-106.9495449
56618480	560330001004	1	167200	44.7522076	-106.9466401
56618481	560330001004	1	134400	44.7484794	-106.9579606
56618482	560330001004	1	109000	44.7432141	-106.9493698
56618483	560330001004	1	30000	44.7483887	-106.9584120
56618484	560330001004	1	55200	44.7507305	-106.9505000
56618485	560330001004	1	29300	44.7462069	-106.9474591
56618486	560330001004	1	70000	44.7491231	-106.9616175
56618487	560330001004	1	59000	44.7460167	-106.9475143
56618488	560330001004	1	76200	44.7507057	-106.9503087
56618489	560330001004	1	131000	44.7490531	-106.9473546
56618490	560330001004	1	100500	44.7483953	-106.9474204
56618491	560330001004	1	95120	44.7690685	-106.9396796
56618492	560330001004	1	113000	44.7770299	-106.9618173
56618493	560330001004	1	70000	44.7567284	-106.9604381
56618494	560330001004	1	63400	44.7746783	-106.9603768
56618495	560330001004	1	58610	44.7694679	-106.9385831
56618496	560330001004	1	50000	44.7730730	-106.9446835
56618497	560330001004	1	22700	44.7739371	-106.9587201
56618498	560330001004	1	94000	44.7571585	-106.9610774
56618499	560330001004	1	30800	44.7742621	-106.9588300
56618500	560330001004	1	106200	44.7363280	-106.9477460
56618501	560330001004	1	30600	44.7494308	-106.9610974
56618502	560330001004	1	21600	44.7499100	-106.9601110
56618503	560330001004	1	153800	44.7698944	-106.9384256
56618504	560330001004	1	27000	44.7664474	-106.9429586
56618505	560330001004	1	88500	44.7483712	-106.9472417
56618506	560330001004	1	111000	44.7481583	-106.9475138
56618507	560330001004	1	50060	44.7603181	-106.9452076
56618508	560330001004	1	16200	44.7668311	-106.9426604
56618509	560330001004	1	56400	44.7601545	-106.9450933
56618510	560330001004	1	27600	44.7709626	-106.9620503
56618511	560330001004	1	30900	44.7493352	-106.9493200
56618512	560330001004	1	252600	44.7560678	-106.9470508
56618513	560330001004	1	56004	44.7563090	-106.9620158
56618514	560330001004	1	28000	44.7693693	-106.9397504
56618515	560330001004	1	86040	44.7564716	-106.9613961
56618516	560330001004	1	28300	44.7557034	-106.9473168
56618517	560330001004	1	75100	44.7464958	-106.9502882
56618518	560330001004	1	22150	44.7471768	-106.9504112
56618519	560330001004	1	31000	44.7492744	-106.9490267
56618520	560330001004	1	75400	44.7600693	-106.9597159
56618521	560330001004	1	60000	44.7558877	-106.9494038
56618522	560330001004	1	100500	44.7559460	-106.9491992
56618523	560330001004	1	30700	44.7704573	-106.9623375
56618524	560330001004	1	288600	44.7520934	-106.9618690
56618525	560330001004	1	18000	44.7700270	-106.9627498
56618526	560330001004	1	65000	44.7712358	-106.9609573
56618527	560330001004	1	98000	44.7536840	-106.9493013
56618528	560330001004	1	50100	44.7532655	-106.9481978
56618529	560330001004	1	24600	44.7513671	-106.9495705
56618530	560330001004	1	27480	44.7513765	-106.9496098
56618531	560330001004	1	87700	44.7722112	-106.9613032
56618532	560330001004	1	23000	44.7531276	-106.9484576
56618533	560330001004	1	73410	44.7719710	-106.9615825
56618534	560330001004	1	21100	44.7761223	-106.9601417
56618535	560330001004	1	63000	44.7472381	-106.9481258
56618536	560330001004	1	24000	44.7543931	-106.9503263
56618537	560330001004	1	24000	44.7470006	-106.9492875
56618538	560330001004	1	37000	44.7761216	-106.9600044
56618539	560330001004	1	25800	44.7761456	-106.9616272
56618540	560330001004	1	125100	44.7756576	-106.9615560
56618541	560330002001	1	51100	44.7924231	-106.9533545
56618542	560330002001	9	48500	44.7888115	-106.9540959
56618543	560330002001	1	85000	44.7938472	-106.9480005
56618544	560330002001	1	60000	44.7924398	-106.9534114
56618545	560330002001	1	33000	44.7924087	-106.9524337
56618546	560330002001	1	51000	44.7924956	-106.9528608
56618547	560330002001	1	50000	44.7944960	-106.9474076
56618548	560330002001	9	48500	44.7941935	-106.9473377
56618549	560330002001	1	88000	44.7933385	-106.9483584
56618550	560330002001	1	67700	44.7919036	-106.9514306
56618551	560330002001	9	65600	44.7913872	-106.9522270
56618552	560330002001	8	27600	44.7893755	-106.9497411
56618553	560330002001	1	83000	44.7922074	-106.9543017
56618554	560330002001	1	81200	44.7923279	-106.9544210
56618555	560330002001	1	64300	44.7890487	-106.9488386
56618556	560330002001	1	30000	44.7921690	-106.9541798
56618557	560330002001	1	24100	44.7891310	-106.9489107
56618558	560330002001	3	63000	44.7906439	-106.9516443
56618559	560330002001	1	353000	44.7897706	-106.9496902
56618560	560330002001	1	70000	44.7894942	-106.9489288
56618561	560330002001	1	68640	44.7896349	-106.9487965
56618562	560330002001	1	26100	44.7890378	-106.9497240
56618563	560330002001	1	26500	44.7898179	-106.9488387
56618564	560330002001	1	51000	44.7895323	-106.9495892
56618565	560330002001	1	17000	44.7920456	-106.9515167
56618566	560330002001	1	53000	44.7905972	-106.9522122
56618567	560330002001	1	18000	44.7913623	-106.9522228
56618568	560330002001	1	0	44.7906777	-106.9520056
56618569	560330002001	9	27000	44.7906339	-106.9515572
56618570	560330002001	8	44200	44.7909084	-106.9525850
56618571	560330002001	1	64100	44.7912582	-106.9520710
56618572	560330002001	1	60000	44.7907057	-106.9516450
56618573	560330002001	1	55000	44.7915505	-106.9511200
56618574	560330002001	1	26000	44.7923345	-106.9506077
56618575	560330002001	1	266000	44.7914827	-106.9513972
56618576	560330002001	8	24000	44.7923333	-106.9506699
56618577	560330002001	1	31200	44.7922928	-106.9511719
56618578	560330002001	1	47800	44.7920984	-106.9504344
56618579	560330002001	1	31000	44.7916317	-106.9503956
56618580	560330002001	1	71090	44.7929544	-106.9488840
56618581	560330002001	1	35300	44.7911087	-106.9501254
56618582	560330002001	1	22730	44.7915272	-106.9524203
56618583	560330002001	1	85000	44.7915220	-106.9516407
56618584	560330002001	1	30100	44.7922337	-106.9517663
56618585	560330002001	1	111000	44.7916274	-106.9519912
56618586	560330002001	1	65000	44.7918817	-106.9526456
56618587	560330002001	1	64450	44.7919101	-106.9526968
56618588	560330002001	1	55020	44.7914932	-106.9523714
56618589	560330002001	1	26000	44.7911996	-106.9508761
56618590	560330002001	1	27000	44.7915060	-106.9503411
56618591	560330002001	1	15200	44.7922880	-106.9520857
56618592	560330002001	1	110000	44.7917050	-106.9526762
56618593	560330002001	1	38450	44.7909267	-106.9505536
56618594	560330002001	1	60000	44.7912177	-106.9514003
56618595	560330002001	1	24000	44.7908725	-106.9512826
56618596	560330002001	1	53200	44.7929880	-106.9485494
56618597	560330002001	1	51000	44.7884935	-106.9501836
56618598	560330002001	1	89500	44.7907987	-106.9512228
56618599	560330002001	1	80000	44.7913405	-106.9512259
56618600	560330002001	1	97000	44.7912855	-106.9509278
56618601	560330002001	1	31000	44.7879804	-106.9501288
56618602	560330002001	1	186000	44.7879976	-106.9503603
56618603	560330002001	3	8000	44.7879576	-106.9501640
56618604	560330002001	1	61700	44.7926863	-106.9479160
56618605	560330002001	1	90100	44.7885614	-106.9501777
56618606	560330002001	1	85000	44.7880213	-106.9500284
56618607	560330002001	1	50100	44.7879646	-106.9508588
56618608	560330002001	1	73000	44.7932804	-106.9486626
56618609	560330002001	1	35600	44.7929203	-106.9486867
56618610	560330002001	1	21700	44.7932714	-106.9489111
56618611	560330002001	1	8400	44.7895426	-106.9501443
56618612	560330002001	1	23000	44.7894518	-106.9539856
56618613	560330002001	1	75400	44.7890121	-106.9539209
56618614	560330002001	1	50000	44.7889576	-106.9536458
56618615	560330002001	1	60600	44.7950169	-106.9489773
56618616	560330002001	1	28800	44.7889237	-106.9507835
56618617	560330002001	1	11000	44.7902184	-106.9521811
56618618	560330002001	1	39400	44.7889456	-106.9503316
56618619	560330002001	1	25000	44.7941322	-106.9478496
56618620	560330002001	1	26500	44.7944854	-106.9472177
56618621	560330002001	1	18280	44.7895856	-106.9538265
56618622	560330002001	1	28390	44.7878289	-106.9505125
56618623	560330002001	1	42000	44.7889296	-106.9499496
56618624	560330002001	1	57000	44.7892566	-106.9509162
56618625	560330002001	9	26000	44.7890106	-106.9499084
56618626	560330002001	1	79200	44.7879376	-106.9499655
56618627	560330002001	2	12000	44.7895775	-106.9501345
56618628	560330002001	1	108300	44.7878465	-106.9498765
56618629	560330002001	1	55000	44.7899749	-106.9537808
56618630	560330002001	1	60000	44.7959465	-106.9520395
56618631	560330002001	1	13000	44.7907931	-106.9540790
56618632	560330002001	1	50600	44.7909064	-106.9541510
56618633	560330002001	1	24500	44.7961172	-106.9521607
56618634	560330002001	1	75000	44.7961612	-106.9511645
56618635	560330002001	1	55050	44.7961685	-106.9521598
56618636	560330002001	1	45000	44.7900127	-106.9514347
56618637	560330002001	1	34000	44.7936103	-106.9489626
56618638	560330002001	1	20500	44.7940737	-106.9503359
56618639	560330002001	9	38700	44.7935988	-106.9494784
56618640	560330002001	1	12000	44.7894596	-106.9537662
56618641	560330002001	1	64000	44.7939026	-106.9496793
56618642	560330002001	1	39050	44.7939017	-106.9494371
56618643	560330002001	1	70000	44.7942257	-106.9502032
56618644	560330002001	1	32000	44.7939629	-106.9499029
56618645	560330002001	1	49010	44.7942593	-106.9491926
56618646	560330002001	1	21710	44.7932166	-106.9492116
56618647	560330002001	1	10300	44.7933854	-106.9496327
56618648	560330002001	1	59000	44.7932929	-106.9494414
56618649	560330002001	1	72000	44.7931523	-106.9499118
56618650	560330002001	1	43500	44.7926986	-106.9492884
56618651	560330002001	1	15120	44.7928823	-106.9502818
56618652	560330002001	1	83020	44.7891486	-106.9517269
56618653	560330002001	1	37000	44.7902794	-106.9503912
56618654	560330002001	1	27000	44.7938494	-106.9482167
56618655	560330002001	1	38000	44.7937974	-106.9482055
56618656	560330002001	1	31600	44.7939953	-106.9486443
56618657	560330002001	1	33400	44.7902880	-106.9510390
56618658	560330002001	9	4120	44.7936864	-106.9483118
56618659	560330002001	1	80600	44.7899132	-106.9504768
56618660	560330002001	1	28000	44.7890119	-106.9516560
56618661	560330002001	1	37000	44.7900867	-106.9499827
56618662	560330002001	1	76000	44.7904419	-106.9507610
56618663	560330002001	1	32000	44.7902978	-106.9506221
56618664	560330002001	1	60000	44.7888278	-106.9518700
56618665	560330002001	9	8000	44.7891828	-106.9517652
56618666	560330002001	1	60000	44.7895239	-106.9516134
56618667	560330002001	1	65880	44.7945197	-106.9481365
56618668	560330002001	1	27500	44.7951570	-106.9486018
56618669	560330002001	1	80000	44.7948283	-106.9502425
56618670	560330002001	1	85000	44.7897982	-106.9523663
56618671	560330002001	1	24500	44.7932525	-106.9542193
56618672	560330002001	1	14000	44.7932264	-106.9535127
56618673	560330002001	1	82200	44.7896847	-106.9513159
56618674	560330002001	1	4600	44.7898141	-106.9523897
56618675	560330002001	1	25000	44.7944138	-106.9499421
56618676	560330002001	1	60000	44.7938809	-106.9534822
56618677	560330002001	1	29000	44.7933908	-106.9542805
56618678	560330002001	9	27000	44.7935704	-106.9538682
56618679	560330002001	1	81200	44.7945712	-106.9503650
56618680	560330002001	1	48000	44.7947294	-106.9506651
56618681	560330002001	1	27500	44.7945394	-106.9503315
56618682	560330002001	1	43600	44.7948103	-106.9487742
56618683	560330002001	3	57600	44.7949500	-106.9484489
56618684	560330002001	1	29000	44.7908546	-106.9488720
56618685	560330002001	9	44920	44.7885458	-106.9490551
56618686	560330002001	1	52000	44.7924413	-106.9528968
56618687	560330002001	8	30000	44.7926804	-106.9516698
56618688	560330002001	1	102000	44.7913667	-106.9500866
56618689	560330002001	1	110000	44.7914584	-106.9500601
56618690	560330002001	1	58900	44.7880552	-106.9493081
56618691	560330002001	1	71400	44.7913554	-106.9501116
56618692	560330002001	1	25000	44.7912680	-106.9494483
56618693	560330002001	1	21710	44.7912954	-106.9532369
56618694	560330002001	1	65200	44.7912150	-106.9530226
56618695	560330002001	1	41500	44.7904602	-106.9536690
56618696	560330002001	1	32400	44.7904752	-106.9528001
56618697	560330002001	1	52000	44.7910549	-106.9532579
56618698	560330002001	1	51800	44.7912881	-106.9529736
56618699	560330002001	1	33000	44.7907332	-106.9532763
56618700	560330002001	1	1000	44.7905811	-106.9537806
56618701	560330002001	1	32400	44.7904458	-106.9532425
56618702	560330002001	1	100000	44.7907060	-106.9529575
56618703	560330002001	1	11800	44.7911255	-106.9527493
56618704	560330002001	1	70000	44.7905711	-106.9535317
56618705	560330002001	1	28000	44.7908738	-106.9526666
56618706	560330002001	9	17250	44.7910764	-106.9496208
56618707	560330002001	1	38000	44.7876734	-106.9492806
56618708	560330002001	1	31600	44.7909758	-106.9528033
56618709	560330002001	1	335000	44.7904945	-106.9536675
56618710	560330002001	1	74000	44.7910941	-106.9528553
56618711	560330002001	1	66000	44.7880184	-106.9489079
56618712	560330002001	8	31000	44.7875943	-106.9489883
56618713	560330002001	1	51000	44.7879322	-106.9492941
56618714	560330002001	1	68090	44.7912688	-106.9490568
56618715	560330002001	1	34000	44.7913221	-106.9490481
56618716	560330002001	2	157500	44.7878894	-106.9483866
56618717	560330002001	1	42000	44.7875949	-106.9495190
56618718	560330002001	1	95000	44.7911258	-106.9497018
56618719	560330002001	1	69000	44.7909360	-106.9488539
56618720	560330002001	1	100000	44.7909780	-106.9500554
56618721	560330002001	1	0	44.7912039	-106.9497488
56618722	560330002001	2	152000	44.7886469	-106.9488606
56618723	560330002001	8	25000	44.7881775	-106.9494095
56618724	560330002001	1	64800	44.7897304	-106.9526767
56618725	560330002001	1	21700	44.7925693	-106.9525338
56618726	560330002001	1	50000	44.7923790	-106.9526567
56618727	560330002001	2	12000	44.7915517	-106.9493534
56618728	560330002001	1	52000	44.7908054	-106.9488431
56618729	560330002001	1	23000	44.7907914	-106.9499347
56618730	560330002001	1	83000	44.7914391	-106.9495680
56618731	560330002001	1	82400	44.7915126	-106.9496119
56618732	560330002001	1	10400	44.7929024	-106.9525950
56618733	560330002001	1	22700	44.7929890	-106.9526723
56618734	560330002001	1	30000	44.7923555	-106.9519977
56618735	560330002001	1	113000	44.7929145	-106.9519840
56618736	560330002001	1	90000	44.7928658	-106.9527615
56618737	560330002001	1	31400	44.7927566	-106.9529244
56618738	560330002001	1	91900	44.7930500	-106.9526201
56618739	560330002001	9	75000	44.7902393	-106.9528789
56618740	560330002001	1	60000	44.7904481	-106.9526275
56618741	560330002001	1	90000	44.7930685	-106.9524321
56618742	560330002001	1	45000	44.7926407	-106.9523133
56618743	560330002001	1	37700	44.7926611	-106.9526540
56618744	560330002001	1	99100	44.7902593	-106.9527647
56618745	560330002001	1	31200	44.7930996	-106.9525325
56618746	560330002001	1	21700	44.7930441	-106.9521088
56618747	560330002001	1	74000	44.7899464	-106.9531327
56618748	560330002001	1	82000	44.7897489	-106.9533342
56618749	560330002001	1	84500	44.7901303	-106.9525976
56618750	560330002001	1	85000	44.7900965	-106.9537257
56618751	560330002001	9	26000	44.7894989	-106.9534362
56618752	560330002001	1	78600	44.7898020	-106.9530751
56618753	560330002001	1	63810	44.7902716	-106.9527110
56618754	560330002001	1	28800	44.7887751	-106.9494888
56618755	560330002001	1	70000	44.7883552	-106.9513927
56618756	560330002001	1	22500	44.7881189	-106.9517287
56618757	560330002001	1	36000	44.7895723	-106.9525346
56618758	560330002001	1	85000	44.7895114	-106.9534569
56618759	560330002001	1	30000	44.7900832	-106.9529483
56618760	560330002001	1	27000	44.7885278	-106.9517379
56618761	560330002001	1	78400	44.7883744	-106.9515368
56618762	560330002001	1	99370	44.7881896	-106.9511274
56618763	560330002001	1	57780	44.7881277	-106.9512341
56618764	560330002001	1	23000	44.7883543	-106.9513433
56618765	560330002001	1	73900	44.7881850	-106.9516437
56618766	560330002001	9	27000	44.7884464	-106.9521808
56618767	560330002001	8	52000	44.7886103	-106.9515327
56618768	560330002001	1	49010	44.7882818	-106.9521303
56618769	560330002001	1	13500	44.7880506	-106.9516996
56618770	560330002001	1	70410	44.7883071	-106.9487291
56618771	560330002001	3	46200	44.7877651	-106.9517234
56618772	560330002001	1	30000	44.7877972	-106.9518992
56618773	560330002001	1	50000	44.7885765	-106.9516098
56618774	560330002001	1	35400	44.7879888	-106.9513931
56618775	560330002001	1	85500	44.7876832	-106.9516418
56618776	560330002001	1	67000	44.7877135	-106.9519617
56618777	560330002001	1	34000	44.7877177	-106.9508561
56618778	560330002001	1	82000	44.7888763	-106.9492396
56618779	560330002001	1	88610	44.7886679	-106.9485464
56618780	560330002001	1	67000	44.7876326	-106.9512965
56618781	560330002001	1	25640	44.7882223	-106.9493984
56618782	560330002001	9	30400	44.7880148	-106.9494491
56618783	560330002001	1	21710	44.7881630	-106.9486760
56618784	560330002001	1	23000	44.7888411	-106.9489197
56618785	560330002001	1	27400	44.7911368	-106.9490093
56618786	560330002001	1	47800	44.7909661	-106.9480826
56618787	560330002001	1	95050	44.7929737	-106.9515565
56618788	560330002001	9	26000	44.7934034	-106.9472235
56618789	560330002001	1	31000	44.7887636	-106.9526326
56618790	560330002001	1	85000	44.7885107	-106.9539526
56618791	560330002001	1	22500	44.7877384	-106.9534700
56618792	560330002001	1	57500	44.7891084	-106.9535447
56618793	560330002001	1	30000	44.7891403	-106.9530656
56618794	560330002001	3	24600	44.7895197	-106.9526807
56618795	560330002001	8	38500	44.7922272	-106.9474381
56618796	560330002001	1	49550	44.7882008	-106.9531194
56618797	560330002001	1	22000	44.7932050	-106.9473614
56618798	560330002001	8	77100	44.7934219	-106.9475902
56618799	560330002001	1	57500	44.7883780	-106.9530552
56618800	560330002001	1	87000	44.7877112	-106.9533085
56618801	560330002001	1	25000	44.7882711	-106.9533814
56618802	560330002001	2	157500	44.7902230	-106.9487197
56618803	560330002001	1	55000	44.7933510	-106.9509863
56618804	560330002001	1	58470	44.7926079	-106.9510004
56618805	560330002001	1	40000	44.7931618	-106.9516291
56618806	560330002001	8	77100	44.7925410	-106.9507833
56618807	560330002001	1	15400	44.7933968	-106.9507793
56618808	560330002001	1	44000	44.7941715	-106.9507297
56618809	560330002001	1	50000	44.7940184	-106.9508489
56618810	560330002001	1	25000	44.7898172	-106.9495614
56618811	560330002001	9	75000	44.7919830	-106.9498396
56618812	560330002001	8	30000	44.7922271	-106.9494849
56618813	560330002001	1	50000	44.7922131	-106.9501914
56618814	560330002001	1	53400	44.7902930	-106.9490123
56618815	560330002001	1	40000	44.7924672	-106.9497437
56618816	560330002001	1	60000	44.7901100	-106.9490241
56618817	560330002001	1	56900	44.7913631	-106.9498537
56618818	560330002001	1	27000	44.7907881	-106.9530195
56618819	560330002001	1	18000	44.7959858	-106.9539702
56618820	560330002001	1	11700	44.7902041	-106.9485572
56618821	560330002001	1	10600	44.7913886	-106.9486328
56618822	560330002001	2	12000	44.7913415	-106.9477622
56618823	560330002001	1	32000	44.7958388	-106.9535472
56618824	560330002001	1	28000	44.7906854	-106.9481313
56618825	560330002001	1	50000	44.7959215	-106.9550624
56618826	560330002001	2	38100	44.7912230	-106.9533940
56618827	560330002001	1	28300	44.7943514	-106.9523861
56618828	560330002001	1	40000	44.7931532	-106.9529391
56618829	560330002001	1	54950	44.7944087	-106.9533852
56618830	560330002001	1	36000	44.7906860	-106.9528278
56618831	560330002001	1	53000	44.7911898	-106.9533692
56618832	560330002001	1	27000	44.7905079	-106.9537557
56618833	560330002001	1	9000	44.7878619	-106.9495797
56618834	560330002001	1	43000	44.7912346	-106.9534619
56618835	560330002001	1	56010	44.7907246	-106.9537532
56618836	560330002001	1	87150	44.7910182	-106.9527806
56618837	560330002001	1	88370	44.7906199	-106.9532558
56618838	560330002001	3	54000	44.7906970	-106.9527494
56618839	560330002001	1	81400	44.7911324	-106.9536533
56618840	560330002001	1	40000	44.7905612	-106.9529985
56618841	560330002001	1	55020	44.7879543	-106.9484288
56618842	560330002001	1	35100	44.7911610	-106.9532512
56618843	560330002001	9	27000	44.7906180	-106.9534870
56618844	560330002001	1	40000	44.7912320	-106.9534748
56618845	560330002001	1	66900	44.7877306	-106.9486924
56618846	560330002001	1	88000	44.7904048	-106.9534008
56618847	560330002001	1	60000	44.7876043	-106.9493191
56618848	560330002001	1	71100	44.7928941	-106.9526227
56618849	560330002001	9	15900	44.7912615	-106.9499488
56618850	560330002001	1	26000	44.7925188	-106.9518921
56618851	560330002001	1	88610	44.7931758	-106.9519839
56618852	560330002001	1	40000	44.7925734	-106.9519727
56618853	560330002001	1	64800	44.7907892	-106.9492569
56618854	560330002001	1	84000	44.7926477	-106.9526816
56618855	560330002001	2	12000	44.7911681	-106.9500121
56618856	560330002001	1	53000	44.7915461	-106.9499918
56618857	560330002001	1	103000	44.7914263	-106.9493768
56618858	560330002001	1	21710	44.7923178	-106.9520584
56618859	560330002001	1	14000	44.7925112	-106.9518593
56618860	560330002001	1	20000	44.7913194	-106.9500790
56618861	560330002001	1	25000	44.7907973	-106.9488928
56618862	560330002001	1	70000	44.7931865	-106.9517860
56618863	560330002001	1	18000	44.7913431	-106.9498722
56618864	560330002001	1	70000	44.7910732	-106.9489496
56618865	560330002001	1	18400	44.7929363	-106.9520737
56618866	560330002001	1	59800	44.7903750	-106.9527706
56618867	560330002001	1	46010	44.7922177	-106.9483800
56618868	560330002001	1	74600	44.7920871	-106.9485216
56618869	560330002001	1	43000	44.7926158	-106.9529063
56618870	560330002001	1	26000	44.7923445	-106.9526327
56618871	560330002001	1	77000	44.7950669	-106.9527042
56618872	560330002001	1	65000	44.7955443	-106.9479696
56618873	560330002001	1	31800	44.7956416	-106.9552606
56618874	560330002001	1	76300	44.7916243	-106.9536463
56618875	560330002001	1	31500	44.7877106	-106.9514327
56618876	560330002001	1	65000	44.7903629	-106.9526874
56618877	560330002001	1	27000	44.7902482	-106.9528231
56618878	560330002001	1	30000	44.7900205	-106.9530130
56618879	560330002001	8	20000	44.7900611	-106.9534083
56618880	560330002001	1	64600	44.7900793	-106.9526626
56618881	560330002001	1	32000	44.7899803	-106.9537625
56618882	560330002001	1	42000	44.7899725	-106.9528493
56618883	560330002001	1	54000	44.7903612	-106.9533887
56618884	560330002001	1	54400	44.7898428	-106.9533079
56618885	560330002001	1	24320	44.7896720	-106.9527221
56618886	560330002001	1	77800	44.7900541	-106.9531907
56618887	560330002001	1	115000	44.7895933	-106.9529611
56618888	560330002001	1	25000	44.7899957	-106.9534395
56618889	560330002001	1	45500	44.7876587	-106.9512802
56618890	560330002001	8	65000	44.7886591	-106.9511919
56618891	560330002001	2	152000	44.7879546	-106.9510973
56618892	560330002001	8	48000	44.7886472	-106.9515270
56618893	560330002001	1	22700	44.7881837	-106.9517803
56618894	560330002001	2	157500	44.7886853	-106.9519054
56618895	560330002001	1	62000	44.7884350	-106.9519722
56618896	560330002001	1	65000	44.7880382	-106.9512917
56618897	560330002001	3	63000	44.7879781	-106.9519634
56618898	560330002001	1	46500	44.7883674	-106.9517977
56618899	560330002001	8	18000	44.7880047	-106.9514794
56618900	560330002001	1	60000	44.7880921	-106.9518296
56618901	560330002001	1	60000	44.7879735	-106.9515413
56618902	560330002001	1	88400	44.7886278	-106.9519024
56618903	560330002001	1	38000	44.7883380	-106.9513281
56618904	560330002001	9	69000	44.7920364	-106.9540972
56618905	560330002001	1	64400	44.7888608	-106.9493233
56618906	560330002001	1	50000	44.7881478	-106.9495007
56618907	560330002001	1	25600	44.7877522	-106.9519863
56618908	560330002001	1	41500	44.7877299	-106.9518526
56618909	560330002001	1	56000	44.7876284	-106.9512392
56618910	560330002001	1	36700	44.7880731	-106.9495583
56618911	560330002001	1	60000	44.7877404	-106.9509735
56618912	560330002001	1	55660	44.7880849	-106.9490720
56618913	560330002001	1	48000	44.7888114	-106.9486915
56618914	560330002001	1	56100	44.7882053	-106.9485606
56618915	560330002001	1	35000	44.7880794	-106.9492132
56618916	560330002001	1	8000	44.7889230	-106.9489941
56618917	560330002001	1	21000	44.7885273	-106.9495146
56618918	560330002001	1	44500	44.7883903	-106.9486107
56618919	560330002001	1	33000	44.7888377	-106.9492737
56618920	560330002001	9	26000	44.7920508	-106.9539738
56618921	560330002001	1	64000	44.7929086	-106.9540240
56618922	560330002001	1	90000	44.7928878	-106.9532572
56618923	560330002001	1	65400	44.7884346	-106.9486875
56618924	560330002001	1	40000	44.7925010	-106.9536817
56618925	560330002001	1	50060	44.7928019	-106.9532900
56618926	560330002001	2	70000	44.7928045	-106.9534086
56618927	560330002001	1	60400	44.7922713	-106.9533690
56618928	560330002001	1	102000	44.7913566	-106.9532883
56618929	560330002001	1	36000	44.7928715	-106.9536258
56618930	560330002001	8	91000	44.7926683	-106.9531473
56618931	560330002001	1	38450	44.7926207	-106.9530339
56618932	560330002001	1	16800	44.7924038	-106.9538663
56618933	560330002001	9	70140	44.7924826	-106.9534298
56618934	560330002001	1	25000	44.7930070	-106.9541013
56618935	560330002001	1	39000	44.7954178	-106.9548642
56618936	560330002001	3	14000	44.7956859	-106.9549161
56618937	560330002001	9	87400	44.7948060	-106.9471351
56618938	560330002001	1	52000	44.7917740	-106.9528207
56618939	560330002001	1	25000	44.7919872	-106.9531400
56618940	560330002001	1	87000	44.7913364	-106.9536682
56618941	560330002001	1	61200	44.7920539	-106.9539223
56618942	560330002001	1	69600	44.7947525	-106.9473449
56618943	560330002001	1	32000	44.7915221	-106.9531997
56618944	560330002001	1	11600	44.7914131	-106.9534820
56618945	560330002001	1	18400	44.7914870	-106.9535961
56618946	560330002001	1	35000	44.7950242	-106.9474033
56618947	560330002001	1	100000	44.7914209	-106.9531462
56618948	560330002001	1	67400	44.7948347	-106.9478550
56618949	560330002001	1	23900	44.7954608	-106.9548624
56618950	560330002001	1	42000	44.7953204	-106.9549222
56618951	560330002001	1	114000	44.7952134	-106.9477401
56618952	560330002001	1	46820	44.7953597	-106.9549664
56618953	560330002001	1	84400	44.7947045	-106.9474675
56618954	560330002001	1	103400	44.7952427	-106.9475242
56618955	560330002001	1	94000	44.7948011	-106.9475351
56618956	560330002001	1	74850	44.7920378	-106.9478260
56618957	560330002001	1	14800	44.7921401	-106.9483769
56618958	560330002001	1	95000	44.7925940	-106.9485298
56618959	560330002001	8	91000	44.7916540	-106.9533694
56618960	560330002001	1	85000	44.7923511	-106.9479905
56618961	560330002001	9	69000	44.7928456	-106.9542210
56618962	560330002001	8	34530	44.7922340	-106.9532142
56618963	560330002001	1	30800	44.7925195	-106.9531102
56618964	560330002001	1	35000	44.7922362	-106.9540745
56618965	560330002001	1	35000	44.7930246	-106.9536087
56618966	560330002001	1	18000	44.7924266	-106.9535903
56618967	560330002001	1	65050	44.7929174	-106.9540774
56618968	560330002001	1	67700	44.7923140	-106.9539482
56618969	560330002001	1	12800	44.7926531	-106.9540448
56618970	560330002001	8	24000	44.7919002	-106.9477663
56618971	560330002001	1	25640	44.7953416	-106.9471744
56618972	560330002001	1	96000	44.7920064	-106.9530643
56618973	560330002001	1	140000	44.7916750	-106.9536042
56618974	560330002001	1	65000	44.7920072	-106.9532193
56618975	560330002001	1	25100	44.7914686	-106.9534387
56618976	560330002001	1	90000	44.7918931	-106.9537611
56618977	560330002001	1	11100	44.7921608	-106.9535798
56618978	560330002001	1	36530	44.7913306	-106.9531069
56618979	560330002001	1	115800	44.7952641	-106.9480460
56618980	560330002001	1	38900	44.7914489	-106.9535401
56618981	560330002001	8	38500	44.7915412	-106.9532130
56618982	560330002001	1	95000	44.7918534	-106.9540299
56618983	560330002001	1	82200	44.7947740	-106.9481123
56618984	560330002001	1	60000	44.7917677	-106.9529624
56618985	560330002001	1	90400	44.7953107	-106.9482532
56618986	560330002001	1	18000	44.7922020	-106.9480320
56618987	560330002001	1	51300	44.7953454	-106.9547133
56618988	560330002001	1	28500	44.7950971	-106.9481516
56618989	560330002001	1	119920	44.7946819	-106.9475198
56618990	560330002001	1	42040	44.7945684	-106.9477987
56618991	560330002001	1	154600	44.7955179	-106.9547176
56618992	560330002001	1	50000	44.7950857	-106.9476957
56618993	560330002001	1	34010	44.7953204	-106.9474463
56618994	560330002001	1	13500	44.7921191	-106.9478823
56618995	560330002001	1	55020	44.7962610	-106.9481762
56618996	560330002001	1	32800	44.7955662	-106.9555398
56618997	560330002001	1	45000	44.7955079	-106.9554342
56618998	560330002001	2	38100	44.7924942	-106.9490563
56618999	560330002001	1	45000	44.7920888	-106.9479788
56619000	560330002001	2	14200	44.7925851	-106.9483105
56619001	560330002001	1	121000	44.7956908	-106.9519420
56619002	560330002001	1	85000	44.7949704	-106.9528356
56619003	560330002001	1	30000	44.7955202	-106.9532597
56619004	560330002001	1	56010	44.7954402	-106.9527812
56619005	560330002001	1	90400	44.7958315	-106.9528749
56619006	560330002001	1	55000	44.7921960	-106.9486160
56619007	560330002001	1	42700	44.7956310	-106.9523239
56619008	560330002001	1	21000	44.7950449	-106.9521610
56619009	560330002001	1	35000	44.7955455	-106.9525338
56619010	560330002001	1	27400	44.7955899	-106.9529726
56619011	560330002001	1	71070	44.7925419	-106.9481219
56619012	560330002001	1	55000	44.7956745	-106.9509482
56619013	560330002001	1	122000	44.7956152	-106.9512204
56619014	560330002001	1	19800	44.7953597	-106.9527060
56619015	560330002001	1	30400	44.7954491	-106.9525499
56619016	560330002001	9	15900	44.7955675	-106.9532874
56619017	560330002001	1	56000	44.7950769	-106.9525173
56619018	560330002001	1	78000	44.7953938	-106.9509453
56619019	560330002001	1	27500	44.7950706	-106.9518530
56619020	560330002001	1	49550	44.7954454	-106.9520575
56619021	560330002001	1	25000	44.7958613	-106.9514148
56619022	560330002001	1	36000	44.7951242	-106.9508137
56619023	560330002001	1	18400	44.7956953	-106.9510384
56619024	560330002001	1	34000	44.7957825	-106.9514993
56619025	560330002001	1	32000	44.7917629	-106.9484548
56619026	560330002001	1	30000	44.7957919	-106.9513723
56619027	560330002001	1	34000	44.7962231	-106.9481846
56619028	560330002001	1	74000	44.7942517	-106.9513461
56619029	560330002001	1	58100	44.7948101	-106.9515896
56619030	560330002001	1	37700	44.7945453	-106.9513796
56619031	560330002001	1	25600	44.7922590	-106.9482433
56619032	560330002001	2	38100	44.7919161	-106.9486409
56619033	560330002001	1	42000	44.7917867	-106.9483194
56619034	560330002001	1	22800	44.7918883	-106.9480638
56619035	560330002001	9	26000	44.7917981	-106.9482235
56619036	560330002001	1	48000	44.7955711	-106.9528540
56619037	560330002001	8	24000	44.7956370	-106.9531944
56619038	560330002001	1	1004	44.7957122	-106.9531338
56619039	560330002001	1	52200	44.7960014	-106.9479806
56619040	560330002001	1	36000	44.7960280	-106.9482361
56619041	560330002001	1	30000	44.7955359	-106.9481993
56619042	560330002001	1	28000	44.7958460	-106.9529333
56619043	560330002001	1	24500	44.7947598	-106.9513161
56619044	560330002001	1	29000	44.7960669	-106.9483362
56619045	560330002001	1	54600	44.7942262	-106.9511349
56619046	560330002001	1	26100	44.7942692	-106.9512525
56619047	560330002001	1	27800	44.7952756	-106.9528556
56619048	560330002001	1	55000	44.7957305	-106.9476882
56619049	560330002001	1	38840	44.7947749	-106.9515935
56619050	560330002001	1	75000	44.7959326	-106.9480797
56619051	560330002001	1	85000	44.7944932	-106.9517381
56619052	560330002001	1	16600	44.7942967	-106.9512689
56619053	560330002001	9	48500	44.7947728	-106.9513363
56619054	560330002001	1	61100	44.7960949	-106.9482236
56619055	560330002001	1	175000	44.7916342	-106.9543254
56619056	560330002001	1	40500	44.7912916	-106.9543723
56619057	560330002001	1	50000	44.7954476	-106.9478622
56619058	560330002001	1	86000	44.7914927	-106.9541673
56619059	560330002001	1	77500	44.7950106	-106.9529490
56619060	560330002001	1	298800	44.7950022	-106.9528578
56619061	560330002002	1	40000	44.7904414	-106.9577145
56619062	560330002002	1	130500	44.7971128	-106.9600425
56619063	560330002002	1	61460	44.7972075	-106.9606536
56619064	560330002002	9	38400	44.7926583	-106.9592341
56619065	560330002002	1	16500	44.7973057	-106.9608058
56619066	560330002002	1	58000	44.7892445	-106.9560179
56619067	560330002002	1	57700	44.7890616	-106.9550621
56619068	560330002002	1	25500	44.7970158	-106.9612811
56619069	560330002002	1	38000	44.7888262	-106.9557241
56619070	560330002002	1	39400	44.7963059	-106.9646644
56619071	560330002002	1	30700	44.7971134	-106.9602923
56619072	560330002002	1	104800	44.7932805	-106.9575440
56619073	560330002002	1	63010	44.7965742	-106.9644106
56619074	560330002002	1	4700	44.7931820	-106.9574421
56619075	560330002002	1	4700	44.7970997	-106.9608812
56619076	560330002002	1	340700	44.7972277	-106.9584814
56619077	560330002002	1	40270	44.7972559	-106.9582519
56619078	560330002002	1	8400	44.7971638	-106.9603430
56619079	560330002002	1	56004	44.7972542	-106.9601990
56619080	560330002002	1	15300	44.7929837	-106.9572085
56619081	560330002002	1	45000	44.7927891	-106.9578138
56619082	560330002002	1	63500	44.7927625	-106.9580258
56619083	560330002002	1	8000	44.7933969	-106.9574581
56619084	560330002002	1	41000	44.7933829	-106.9573627
56619085	560330002002	1	23900	44.7934601	-106.9574755
56619086	560330002002	1	23000	44.7929148	-106.9570387
56619087	560330002002	1	8400	44.7965640	-106.9648666
56619088	560330002002	1	21960	44.7888969	-106.9588058
56619089	560330002002	1	97000	44.7884962	-106.9589277
56619090	560330002002	1	47500	44.7930883	-106.9574517
56619091	560330002002	1	9900	44.7935760	-106.9571581
56619092	560330002002	8	91000	44.7930999	-106.9575209
56619093	560330002002	1	102000	44.7885916	-106.9594034
56619094	560330002002	1	31900	44.7936164	-106.9570188
56619095	560330002002	1	98680	44.7929357	-106.9574489
56619096	560330002002	1	56500	44.7884110	-106.9593895
56619097	560330002002	1	12000	44.7886600	-106.9594692
56619098	560330002002	1	80000	44.7883802	-106.9591037
56619099	560330002002	1	6000	44.7887659	-106.9598023
56619100	560330002002	1	56800	44.7885377	-106.9588388
56619101	560330002002	1	93600	44.7882531	-106.9591461
56619102	560330002002	1	64170	44.7882812	-106.9588833
56619103	560330002002	1	89000	44.7965724	-106.9638402
56619104	560330002002	1	41900	44.7967894	-106.9627949
56619105	560330002002	1	50000	44.7960746	-106.9635829
56619106	560330002002	1	65200	44.7887757	-106.9587502
56619107	560330002002	1	5750	44.7884692	-106.9589856
56619108	560330002002	1	82400	44.7963496	-106.9635032
56619109	560330002002	1	38000	44.7968343	-106.9628616
56619110	560330002002	1	25000	44.7960902	-106.9635384
56619111	560330002002	8	18000	44.7961221	-106.9638380
56619112	560330002002	1	25800	44.7964167	-106.9635069
56619113	560330002002	1	46500	44.7963207	-106.9625465
56619114	560330002002	1	52300	44.7959245	-106.9633617
56619115	560330002002	1	42300	44.7964871	-106.9625950
56619116	560330002002	1	54350	44.7966015	-106.9629144
56619117	560330002002	1	44500	44.7963405	-106.9627720
56619118	560330002002	1	9600	44.7890192	-106.9551952
56619119	560330002002	1	27000	44.7929193	-106.9550485
56619120	560330002002	1	30000	44.7968365	-106.9643680
56619121	560330002002	1	31000	44.7957388	-106.9635126
56619122	560330002002	1	30800	44.7966685	-106.9649803
56619123	560330002002	1	22500	44.7963793	-106.9641567
56619124	560330002002	1	13200	44.7958539	-106.9640503
56619125	560330002002	1	8400	44.7959818	-106.9642296
56619126	560330002002	1	7300	44.7964488	-106.9647286
56619127	560330002002	1	7000	44.7958318	-106.9633385
56619128	560330002002	1	9200	44.7957460	-106.9641085
56619129	560330002002	1	18000	44.7966142	-106.9645271
56619130	560330002002	1	14400	44.7956023	-106.9642189
56619131	560330002002	1	20400	44.7957707	-106.9635068
56619132	560330002002	1	39000	44.7957161	-106.9642696
56619133	560330002002	1	30550	44.7958306	-106.9633297
56619134	560330002002	1	75600	44.7950845	-106.9562062
56619135	560330002002	1	52000	44.7949589	-106.9562194
56619136	560330002002	1	51000	44.7952746	-106.9626623
56619137	560330002002	1	12790	44.7951742	-106.9623825
56619138	560330002002	1	28200	44.7958879	-106.9634412
56619139	560330002002	1	106000	44.7948283	-106.9562382
56619140	560330002002	1	26000	44.7956820	-106.9625403
56619141	560330002002	1	32100	44.7947586	-106.9565251
56619142	560330002002	1	37800	44.7953223	-106.9569216
56619143	560330002002	1	55020	44.7947757	-106.9564079
56619144	560330002002	1	225000	44.7947045	-106.9570837
56619145	560330002002	1	25000	44.7949340	-106.9559984
56619146	560330002002	1	3300	44.7954825	-106.9563347
56619147	560330002002	1	0	44.7953551	-106.9569543
56619148	560330002002	1	59300	44.7949287	-106.9562757
56619149	560330002002	1	32100	44.7929225	-106.9548941
56619150	560330002002	1	160000	44.7972945	-106.9632564
56619151	560330002002	1	21000	44.7949320	-106.9553653
56619152	560330002002	1	62910	44.7972799	-106.9643896
56619153	560330002002	1	88000	44.7969578	-106.9642889
56619154	560330002002	1	66300	44.7971319	-106.9646509
56619155	560330002002	1	26000	44.7949512	-106.9555446
56619156	560330002002	8	30200	44.7970428	-106.9638531
56619157	560330002002	1	5050	44.7951983	-106.9549703
56619158	560330002002	1	47304	44.7969375	-106.9638140
56619159	560330002002	1	46100	44.7949329	-106.9545728
56619160	560330002002	1	30600	44.7952083	-106.9554682
56619161	560330002002	1	29500	44.7953617	-106.9556724
56619162	560330002002	1	15000	44.7971051	-106.9636072
56619163	560330002002	1	60000	44.7970521	-106.9628359
56619164	560330002002	1	104000	44.7970513	-106.9636312
56619165	560330002002	1	65340	44.7919623	-106.9545456
56619166	560330002002	1	0	44.7920513	-106.9607720
56619167	560330002002	1	6200	44.7917089	-106.9605223
56619168	560330002002	1	22700	44.7970662	-106.9628383
56619169	560330002002	1	8200	44.7922169	-106.9606061
56619170	560330002002	1	21500	44.7916418	-106.9610975
56619171	560330002002	1	146600	44.7923463	-106.9617543
56619172	560330002002	1	20200	44.7920152	-106.9613636
56619173	560330002002	1	53100	44.7916838	-106.9544932
56619174	560330002002	1	17000	44.7918724	-106.9615593
56619175	560330002002	1	41600	44.7922197	-106.9607793
56619176	560330002002	1	84000	44.7922433	-106.9616959
56619177	560330002002	1	38001	44.7913247	-106.9544754
56619178	560330002002	1	60400	44.7920421	-106.9552299
56619179	560330002002	1	18600	44.7915079	-106.9548125
56619180	560330002002	1	25300	44.7884161	-106.9559304
56619181	560330002002	1	90000	44.7882450	-106.9557918
56619182	560330002002	1	53600	44.7934714	-106.9568090
56619183	560330002002	1	40700	44.7921578	-106.9553623
56619184	560330002002	1	77000	44.7934616	-106.9554255
56619185	560330002002	1	71000	44.7928252	-106.9552354
56619186	560330002002	1	14310	44.7928023	-106.9549145
56619187	560330002002	8	24000	44.7929527	-106.9547419
56619188	560330002002	1	23000	44.7938286	-106.9553343
56619189	560330002002	1	75600	44.7935972	-106.9551497
56619190	560330002002	1	6200	44.7936309	-106.9553424
56619191	560330002002	1	14400	44.7937421	-106.9548756
56619192	560330002002	1	36530	44.7938482	-106.9544519
56619193	560330002002	1	28180	44.7930264	-106.9544893
56619194	560330002002	1	8200	44.7932616	-106.9548687
56619195	560330002002	1	57000	44.7890607	-106.9586252
56619196	560330002002	1	32000	44.7937167	-106.9557460
56619197	560330002002	1	46300	44.7930484	-106.9557323
56619198	560330002002	8	30000	44.7936990	-106.9559150
56619199	560330002002	1	39000	44.7932074	-106.9565272
56619200	560330002002	1	107300	44.7929850	-106.9559558
56619201	560330002002	1	100000	44.7935530	-106.9567306
56619202	560330002002	1	9500	44.7932261	-106.9556171
56619203	560330002002	1	84500	44.7893091	-106.9575434
56619204	560330002002	1	45000	44.7892310	-106.9577336
56619205	560330002002	1	73000	44.7896130	-106.9576967
56619206	560330002002	1	36600	44.7898056	-106.9578929
56619207	560330002002	1	9200	44.7892205	-106.9575625
56619208	560330002002	1	38400	44.7896413	-106.9582045
56619209	560330002002	1	18200	44.7890844	-106.9585486
56619210	560330002002	1	118000	44.7887643	-106.9551641
56619211	560330002002	1	26000	44.7878891	-106.9557421
56619212	560330002002	1	26000	44.7886884	-106.9559681
56619213	560330002002	1	7300	44.7879764	-106.9553485
56619214	560330002002	1	18000	44.7883411	-106.9560439
56619215	560330002002	1	43000	44.7879919	-106.9547631
56619216	560330002002	1	33000	44.7877629	-106.9550674
56619217	560330002002	1	55000	44.7880495	-106.9554166
56619218	560330002002	1	53600	44.7930648	-106.9584417
56619219	560330002002	1	8200	44.7887466	-106.9549377
56619220	560330002002	1	13200	44.7924175	-106.9612783
56619221	560330002002	1	37000	44.7948455	-106.9593226
56619222	560330002002	1	12500	44.7936115	-106.9610164
56619223	560330002002	1	85000	44.7969288	-106.9619234
56619224	560330002002	1	68500	44.7927623	-106.9581782
56619225	560330002002	1	60200	44.7923502	-106.9601397
56619226	560330002002	1	86000	44.7928395	-106.9586868
56619227	560330002002	1	23200	44.7925291	-106.9595067
56619228	560330002002	1	14600	44.7937070	-106.9618195
56619229	560330002002	1	27500	44.7920580	-106.9595968
56619230	560330002002	1	2400	44.7925121	-106.9594339
56619231	560330002002	1	2300	44.7924549	-106.9600347
56619232	560330002002	1	17000	44.7923689	-106.9601383
56619233	560330002002	1	25200	44.7917121	-106.9599110
56619234	560330002002	1	14000	44.7917393	-106.9599818
56619235	560330002002	1	47304	44.7962149	-106.9606861
56619236	560330002002	1	35810	44.7926470	-106.9563877
56619237	560330002002	1	25000	44.7949213	-106.9617995
56619238	560330002002	1	81000	44.7939911	-106.9620491
56619239	560330002002	1	16440	44.7938243	-106.9614205
56619240	560330002002	1	34000	44.7941092	-106.9609298
56619241	560330002002	1	165000	44.7947476	-106.9615834
56619242	560330002002	1	83000	44.7934867	-106.9613668
56619243	560330002002	1	2400	44.7937406	-106.9610766
56619244	560330002002	1	89000	44.7928636	-106.9555160
56619245	560330002002	1	27500	44.7943164	-106.9613251
56619246	560330002002	1	6000	44.7948774	-106.9617676
56619247	560330002002	1	75600	44.7944625	-106.9612945
56619248	560330002002	1	5000	44.7927667	-106.9557827
56619249	560330002002	1	64500	44.7950885	-106.9618887
56619250	560330002002	1	30000	44.7947321	-106.9619864
56619251	560330002002	1	35000	44.7967822	-106.9607502
56619252	560330002002	1	52400	44.7965657	-106.9619109
56619253	560330002002	1	25100	44.7922684	-106.9559627
56619254	560330002002	1	8300	44.7926357	-106.9565077
56619255	560330002002	1	12200	44.7920458	-106.9562692
56619256	560330002002	1	84000	44.7968251	-106.9617506
56619257	560330002002	1	52900	44.7920668	-106.9555512
56619258	560330002002	1	30000	44.7965288	-106.9623471
56619259	560330002002	1	38700	44.7966592	-106.9605073
56619260	560330002002	1	30000	44.7966326	-106.9618561
56619261	560330002002	1	14900	44.7967179	-106.9614813
56619262	560330002002	1	10000	44.7969060	-106.9620636
56619263	560330002002	1	13300	44.7964971	-106.9610431
56619264	560330002002	1	53000	44.7961551	-106.9610301
56619265	560330002002	1	37000	44.7970365	-106.9600306
56619266	560330002002	1	52700	44.7947552	-106.9596368
56619267	560330002002	1	33400	44.7957200	-106.9620248
56619268	560330002002	1	17800	44.7954074	-106.9605303
56619269	560330002002	1	13970	44.7886217	-106.9575617
56619270	560330002002	1	18000	44.7887890	-106.9577420
56619271	560330002002	3	28500	44.7969805	-106.9625105
56619272	560330002002	1	370	44.7888994	-106.9583661
56619273	560330002002	1	56800	44.7884434	-106.9582275
56619274	560330002002	1	89000	44.7884428	-106.9575905
56619275	560330002002	1	46820	44.7889813	-106.9583156
56619276	560330002002	1	62110	44.7956647	-106.9602245
56619277	560330002002	1	35000	44.7886078	-106.9571714
56619278	560330002002	1	8300	44.7887018	-106.9564372
56619279	560330002002	1	96000	44.7883744	-106.9573175
56619280	560330002002	1	47500	44.7885408	-106.9568157
56619281	560330002002	9	15900	44.7886513	-106.9570706
56619282	560330002002	1	43000	44.7889306	-106.9570934
56619283	560330002002	1	6000	44.7952901	-106.9615395
56619284	560330002002	1	44000	44.7950048	-106.9602339
56619285	560330002002	1	55000	44.7960276	-106.9608839
56619286	560330002002	1	71090	44.7955423	-106.9609161
56619287	560330002002	1	22800	44.7955235	-106.9607987
56619288	560330002002	1	22700	44.7947883	-106.9597995
56619289	560330002002	1	44000	44.7961737	-106.9599012
56619290	560330002002	1	17000	44.7945618	-106.9606976
56619291	560330002002	1	103300	44.7952153	-106.9612788
56619292	560330002002	1	41600	44.7946006	-106.9603358
56619293	560330002002	1	49700	44.7946612	-106.9597883
56619294	560330002002	1	7500	44.7950965	-106.9607958
56619295	560330002002	1	35780	44.7952377	-106.9617659
56619296	560330002002	3	92200	44.7957116	-106.9620240
56619297	560330002002	1	50000	44.7956114	-106.9614356
56619298	560330002002	1	43100	44.7907802	-106.9551248
56619299	560330002002	1	29000	44.7897077	-106.9551377
56619300	560330002002	1	38200	44.7941799	-106.9604018
56619301	560330002002	1	25200	44.7891977	-106.9569989
56619302	560330002002	1	32000	44.7896037	-106.9568324
56619303	560330002002	1	82700	44.7898081	-106.9575181
56619304	560330002002	1	40000	44.7900147	-106.9563739
56619305	560330002002	1	20980	44.7896793	-106.9566179
56619306	560330002002	1	10000	44.7897187	-106.9571754
56619307	560330002002	1	43300	44.7901829	-106.9545370
56619308	560330002002	1	77400	44.7943427	-106.9598834
56619309	560330002002	1	91900	44.7938401	-106.9605579
56619310	560330002002	1	18600	44.7940137	-106.9598912
56619311	560330002002	1	0	44.7902692	-106.9545690
56619312	560330002002	1	22000	44.7938437	-106.9604221
56619313	560330002002	1	239000	44.7940484	-106.9602020
56619314	560330002002	1	10000	44.7904978	-106.9547963
56619315	560330002002	1	169000	44.7958082	-106.9652314
56619316	560330002002	1	36500	44.7895599	-106.9562000
56619317	560330002002	3	30600	44.7894425	-106.9558555
56619318	560330002002	1	16130	44.7894755	-106.9562198
56619319	560330002002	1	35150	44.7962550	-106.9652415
56619320	560330002002	1	8200	44.7894396	-106.9561267
56619321	560330002002	1	36000	44.7900392	-106.9552942
56619322	560330002002	1	45800	44.7907962	-106.9549538
56619323	560330002002	9	26000	44.7906462	-106.9557942
56619324	560330002002	1	64600	44.7907405	-106.9558865
56619325	560330002002	1	9900	44.7909912	-106.9554333
56619326	560330002002	1	40700	44.7910228	-106.9557727
56619327	560330002002	1	26200	44.7905509	-106.9555990
56619328	560330002002	1	58700	44.7910646	-106.9553318
56619329	560330002002	1	41000	44.7923759	-106.9611900
56619330	560330002002	1	23000	44.7879574	-106.9595814
56619331	560330002002	1	48000	44.7918201	-106.9561932
56619332	560330002002	1	62000	44.7964269	-106.9576415
56619333	560330002002	1	32800	44.7914335	-106.9605446
56619334	560330002002	1	75000	44.7939343	-106.9621397
56619335	560330002002	1	2400	44.7946911	-106.9592009
56619336	560330002002	1	25300	44.7945194	-106.9585150
56619337	560330002002	3	46200	44.7934163	-106.9622168
56619338	560330002002	1	43000	44.7946088	-106.9587896
56619339	560330002002	1	11860	44.7945423	-106.9594309
56619340	560330002002	1	39000	44.7913218	-106.9607475
56619341	560330002002	1	7520	44.7945719	-106.9625101
56619342	560330002002	1	12100	44.7941033	-106.9628404
56619343	560330002002	1	23900	44.7947257	-106.9624642
56619344	560330002002	1	19400	44.7949811	-106.9627245
56619345	560330002002	1	32800	44.7943408	-106.9622248
56619346	560330002002	1	72800	44.7950644	-106.9622515
56619347	560330002002	1	16300	44.7967967	-106.9577970
56619348	560330002002	1	40000	44.7941991	-106.9578238
56619349	560330002002	1	4700	44.7906500	-106.9614979
56619350	560330002002	1	549200	44.7908742	-106.9614898
56619351	560330002002	1	44200	44.7910967	-106.9606087
56619352	560330002002	1	20000	44.7941799	-106.9576571
56619353	560330002002	1	50500	44.7914952	-106.9610530
56619354	560330002002	1	16900	44.7942384	-106.9577511
56619355	560330002002	1	18900	44.7964703	-106.9586426
56619356	560330002002	1	85500	44.7942116	-106.9575237
56619357	560330002002	1	100000	44.7937797	-106.9576478
56619358	560330002002	1	70000	44.7937844	-106.9579055
56619359	560330002002	1	50000	44.7964191	-106.9576374
56619360	560330002002	1	25500	44.7969736	-106.9586456
56619361	560330002002	1	78000	44.7964232	-106.9579005
56619362	560330002002	1	27400	44.7914964	-106.9563409
56619363	560330002002	1	56300	44.7940501	-106.9585293
56619364	560330002002	1	70000	44.7898642	-106.9592012
56619365	560330002002	1	111000	44.7895888	-106.9608516
56619366	560330002002	1	73400	44.7890505	-106.9611267
56619367	560330002002	1	20500	44.7891666	-106.9610219
56619368	560330002002	1	68000	44.7897879	-106.9591535
56619369	560330002002	1	70000	44.7892919	-106.9600937
56619370	560330002002	1	29700	44.7895169	-106.9609455
56619371	560330002002	1	2700	44.7938279	-106.9592643
56619372	560330002002	1	15000	44.7890385	-106.9593403
56619373	560330002002	1	178800	44.7890612	-106.9597299
56619374	560330002002	1	56300	44.7891517	-106.9590565
56619375	560330002002	1	67700	44.7942622	-106.9592780
56619376	560330002002	1	1100	44.7944015	-106.9584759
56619377	560330002002	1	67000	44.7944696	-106.9585215
56619378	560330002002	8	38500	44.7914015	-106.9574768
56619379	560330002002	1	84400	44.7947289	-106.9549660
56619380	560330002002	1	21000	44.7904093	-106.9576379
56619381	560330002002	1	25300	44.7905481	-106.9570201
56619382	560330002002	1	37500	44.7907861	-106.9571650
56619383	560330002002	1	14400	44.7945898	-106.9555056
56619384	560330002002	1	18200	44.7906978	-106.9576404
56619385	560330002002	1	25800	44.7907715	-106.9576003
56619386	560330002002	1	26500	44.7913036	-106.9572940
56619387	560330002002	8	20000	44.7943157	-106.9557291
56619388	560330002002	1	36400	44.7946732	-106.9548025
56619389	560330002002	1	16800	44.7942949	-106.9556777
56619390	560330002002	1	126900	44.7914506	-106.9574251
56619391	560330002002	1	3601	44.7914686	-106.9571218
56619392	560330002002	1	35400	44.7918739	-106.9572272
56619393	560330002002	1	44100	44.7916750	-106.9608775
56619394	560330002002	1	43200	44.7947718	-106.9568086
56619395	560330002002	1	17100	44.7957070	-106.9645071
56619396	560330002002	1	21100	44.7960004	-106.9637686
56619397	560330002002	1	25100	44.7917458	-106.9557806
56619398	560330002002	1	21000	44.7911873	-106.9559542
56619399	560330002002	9	17250	44.7915464	-106.9556711
56619400	560330002002	1	41300	44.7961418	-106.9646125
56619401	560330002002	1	45300	44.7966279	-106.9642487
56619402	560330002002	1	54600	44.7963854	-106.9645477
56619403	560330002002	1	65200	44.7957866	-106.9646644
56619404	560330002002	1	53000	44.7961128	-106.9646754
56619405	560330002002	1	29000	44.7964346	-106.9648399
56619406	560330002002	1	25600	44.7960870	-106.9642340
56619407	560330002002	1	172500	44.7955385	-106.9642277
56619408	560330002002	1	96000	44.7959403	-106.9642889
56619409	560330002002	1	29000	44.7962828	-106.9647587
56619410	560330002002	1	42000	44.7948609	-106.9563973
56619411	560330002002	9	26000	44.7951402	-106.9626245
56619412	560330002002	1	7520	44.7953686	-106.9626501
56619413	560330002002	1	6800	44.7957902	-106.9639169
56619414	560330002002	1	85000	44.7954625	-106.9628178
56619415	560330002002	1	34000	44.7954284	-106.9623640
56619416	560330002002	1	84390	44.7958981	-106.9627674
56619417	560330002002	1	34004	44.7957494	-106.9631131
56619418	560330002002	1	33200	44.7953483	-106.9561882
56619419	560330002002	1	29000	44.7951397	-106.9624801
56619420	560330002002	1	45000	44.7956726	-106.9624038
56619421	560330002002	1	93400	44.7950704	-106.9625503
56619422	560330002002	1	20000	44.7948156	-106.9566657
56619423	560330002002	1	36000	44.7956878	-106.9632425
56619424	560330002002	1	25000	44.7947504	-106.9560480
56619425	560330002002	1	208790	44.7919021	-106.9616282
56619426	560330002002	1	75000	44.7951893	-106.9554374
56619427	560330002002	1	8000	44.7973396	-106.9644414
56619428	560330002002	1	79000	44.7955121	-106.9560837
56619429	560330002002	1	26500	44.7955204	-106.9563417
56619430	560330002002	1	88610	44.7950002	-106.9564865
56619431	560330002002	1	4720	44.7949275	-106.9559315
56619432	560330002002	1	12790	44.7953762	-106.9569474
56619433	560330002002	1	7500	44.7954440	-106.9568228
56619434	560330002002	1	20500	44.7952968	-106.9551902
56619435	560330002002	1	4600	44.7967854	-106.9648885
56619436	560330002002	1	63200	44.7970372	-106.9647807
56619437	560330002002	1	65000	44.7972392	-106.9641620
56619438	560330002002	1	18900	44.7951439	-106.9555100
56619439	560330002002	1	37900	44.7951367	-106.9548170
56619440	560330002002	1	19200	44.7953826	-106.9555918
56619441	560330002002	1	44100	44.7917570	-106.9609406
56619442	560330002002	1	71200	44.7968413	-106.9631879
56619443	560330002002	1	12000	44.7949346	-106.9557481
56619444	560330002002	1	36000	44.7948218	-106.9555911
56619445	560330002002	1	21710	44.7951818	-106.9550494
56619446	560330002002	1	97600	44.7972664	-106.9635159
56619447	560330002002	1	26100	44.7971347	-106.9633140
56619448	560330002002	1	8000	44.7970399	-106.9634057
56619449	560330002002	1	74000	44.7921666	-106.9605813
56619450	560330002002	9	75000	44.7972423	-106.9628195
56619451	560330002002	1	41280	44.7972742	-106.9638238
56619452	560330002002	1	87000	44.7972023	-106.9635235
56619453	560330002002	1	31400	44.7916072	-106.9609402
56619454	560330002002	1	39000	44.7968222	-106.9637686
56619455	560330002002	1	96200	44.7923814	-106.9611041
56619456	560330002002	1	33100	44.7936632	-106.9618164
56619457	560330002002	1	21500	44.7932946	-106.9558721
56619458	560330002002	1	80800	44.7928134	-106.9544894
56619459	560330002002	1	56000	44.7918039	-106.9547479
56619460	560330002002	1	14600	44.7918421	-106.9549663
56619461	560330002002	1	21000	44.7924048	-106.9606572
56619462	560330002002	1	8200	44.7916425	-106.9551692
56619463	560330002002	1	11500	44.7920573	-106.9548461
56619464	560330002002	1	30000	44.7912535	-106.9552201
56619465	560330002002	1	17000	44.7920716	-106.9553262
56619466	560330002002	1	36650	44.7924382	-106.9546849
56619467	560330002002	1	1100	44.7915527	-106.9545536
56619468	560330002002	1	55020	44.7922256	-106.9550124
56619469	560330002002	1	7200	44.7928545	-106.9553361
56619470	560330002002	1	33000	44.7923000	-106.9546511
56619471	560330002002	1	29000	44.7921574	-106.9547731
56619472	560330002002	1	80000	44.7932126	-106.9560970
56619473	560330002002	1	37700	44.7937476	-106.9554056
56619474	560330002002	1	42000	44.7934248	-106.9546227
56619475	560330002002	1	26000	44.7927082	-106.9548536
56619476	560330002002	1	23130	44.7932161	-106.9549949
56619477	560330002002	1	0	44.7933949	-106.9551937
56619478	560330002002	1	31400	44.7936520	-106.9551340
56619479	560330002002	1	7800	44.7933807	-106.9555597
56619480	560330002002	1	19410	44.7929780	-106.9556882
56619481	560330002002	1	20500	44.7936231	-106.9545026
56619482	560330002002	1	81490	44.7934662	-106.9544841
56619483	560330002002	1	2400	44.7933573	-106.9554922
56619484	560330002002	1	2760	44.7935677	-106.9565439
56619485	560330002002	1	23000	44.7932299	-106.9559485
56619486	560330002002	1	76300	44.7936486	-106.9559436
56619487	560330002002	1	12500	44.7925289	-106.9593255
56619488	560330002002	1	11700	44.7880251	-106.9554415
56619489	560330002002	1	18000	44.7892181	-106.9575809
56619490	560330002002	1	65000	44.7892145	-106.9578588
56619491	560330002002	1	18000	44.7930353	-106.9566093
56619492	560330002002	1	30900	44.7937235	-106.9560168
56619493	560330002002	1	12600	44.7897897	-106.9585704
56619494	560330002002	1	83000	44.7897580	-106.9579413
56619495	560330002002	1	11800	44.7891196	-106.9579397
56619496	560330002002	1	52000	44.7881869	-106.9547470
56619497	560330002002	3	8000	44.7893503	-106.9579149
56619498	560330002002	1	107500	44.7899580	-106.9584619
56619499	560330002002	1	45200	44.7892824	-106.9580342
56619500	560330002002	1	40000	44.7882471	-106.9552524
56619501	560330002002	1	124000	44.7881103	-106.9556007
56619502	560330002002	1	8500	44.7879511	-106.9558122
56619503	560330002002	1	8200	44.7922563	-106.9594945
56619504	560330002002	1	24500	44.7890974	-106.9557205
56619505	560330002002	1	8000	44.7887251	-106.9554607
56619506	560330002002	1	19000	44.7888495	-106.9559875
56619507	560330002002	1	85000	44.7887051	-106.9555646
56619508	560330002002	1	25700	44.7892527	-106.9557429
56619509	560330002002	1	17000	44.7891367	-106.9559918
56619510	560330002002	1	11800	44.7887161	-106.9560520
56619511	560330002002	1	93200	44.7919884	-106.9602269
56619512	560330002002	1	55660	44.7916673	-106.9602836
56619513	560330002002	1	30000	44.7887942	-106.9554046
56619514	560330002002	1	50400	44.7925004	-106.9593920
56619515	560330002002	1	27460	44.7917568	-106.9599283
56619516	560330002002	1	2300	44.7921893	-106.9599811
56619517	560330002002	1	13000	44.7916431	-106.9603042
56619518	560330002002	1	86000	44.7947501	-106.9614888
56619519	560330002002	1	28300	44.7940498	-106.9614206
56619520	560330002002	1	39000	44.7939177	-106.9617457
56619521	560330002002	9	54700	44.7937226	-106.9610849
56619522	560330002002	1	13174	44.7936345	-106.9611767
56619523	560330002002	1	42300	44.7941572	-106.9611011
56619524	560330002002	1	58700	44.7934945	-106.9610468
56619525	560330002002	1	14800	44.7948271	-106.9618949
56619526	560330002002	1	13604	44.7947935	-106.9619702
56619527	560330002002	1	9600	44.7947765	-106.9614299
56619528	560330002002	1	31000	44.7948205	-106.9614384
56619529	560330002002	1	20000	44.7971441	-106.9610189
56619530	560330002002	1	8200	44.7965439	-106.9641396
56619531	560330002002	1	116000	44.7909812	-106.9585300
56619532	560330002002	1	14000	44.7910163	-106.9584988
56619533	560330002002	1	36000	44.7909280	-106.9581936
56619534	560330002002	1	25000	44.7915337	-106.9580447
56619535	560330002002	1	2500	44.7902575	-106.9579874
56619536	560330002002	1	81000	44.7905547	-106.9577544
56619537	560330002002	1	27400	44.7901859	-106.9583763
56619538	560330002002	1	80430	44.7960595	-106.9629000
56619539	560330002002	1	86900	44.7876807	-106.9603194
56619540	560330002002	1	69000	44.7879501	-106.9604398
56619541	560330002002	1	23100	44.7880454	-106.9546274
56619542	560330002002	1	54200	44.7877288	-106.9604515
56619543	560330002002	1	15000	44.7892782	-106.9546847
56619544	560330002002	1	76000	44.7888853	-106.9545385
56619545	560330002002	8	51000	44.7886495	-106.9599698
56619546	560330002002	1	49500	44.7924037	-106.9584809
56619547	560330002002	1	56600	44.7927389	-106.9576427
56619548	560330002002	1	61460	44.7925793	-106.9567729
56619549	560330002002	1	71100	44.7926712	-106.9576911
56619550	560330002002	1	11500	44.7925168	-106.9581923
56619551	560330002002	1	6200	44.7924966	-106.9577593
56619552	560330002002	1	28600	44.7922535	-106.9590499
56619553	560330002002	1	35000	44.7884616	-106.9604870
56619554	560330002002	1	71500	44.7878290	-106.9571961
56619555	560330002002	1	55300	44.7925428	-106.9586698
56619556	560330002002	1	15400	44.7879752	-106.9570912
56619557	560330002002	1	69000	44.7881893	-106.9607033
56619558	560330002002	1	102800	44.7879372	-106.9566834
56619559	560330002002	1	14900	44.7885300	-106.9599993
56619560	560330002002	1	12000	44.7964284	-106.9630953
56619561	560330002002	1	84000	44.7884613	-106.9598094
56619562	560330002002	1	4600	44.7906998	-106.9616269
56619563	560330002002	1	27400	44.7928152	-106.9601473
56619564	560330002002	1	17000	44.7868070	-106.9600349
56619565	560330002002	1	54400	44.7901191	-106.9590271
56619566	560330002002	1	6800	44.7903377	-106.9598227
56619567	560330002002	1	18000	44.7899297	-106.9600788
56619568	560330002002	3	92200	44.7902879	-106.9598725
56619569	560330002002	3	57600	44.7926559	-106.9596985
56619570	560330002002	1	82600	44.7901712	-106.9605143
56619571	560330002002	1	23600	44.7899318	-106.9613099
56619572	560330002002	1	81000	44.7903178	-106.9608973
56619573	560330002002	1	22730	44.7932090	-106.9600029
56619574	560330002002	1	45450	44.7904920	-106.9611400
56619575	560330002002	1	1000	44.7931983	-106.9603845
56619576	560330002002	1	18000	44.7908334	-106.9618349
56619577	560330002002	1	73000	44.7916444	-106.9596043
56619578	560330002002	1	20000	44.7929042	-106.9618912
56619579	560330002002	1	80650	44.7927535	-106.9627927
56619580	560330002002	1	32200	44.7928779	-106.9623099
56619581	560330002002	1	44000	44.7912419	-106.9594824
56619582	560330002002	1	43300	44.7924502	-106.9620979
56619583	560330002002	1	75000	44.7910079	-106.9593244
56619584	560330002002	1	118000	44.7971154	-106.9592264
56619585	560330002002	1	22700	44.7954386	-106.9590748
56619586	560330002002	1	71000	44.7915185	-106.9599854
56619587	560330002002	1	8200	44.7959453	-106.9586229
56619588	560330002002	1	41500	44.7964653	-106.9595457
56619589	560330002002	1	5050	44.7960490	-106.9588439
56619590	560330002002	1	24000	44.7965989	-106.9592921
56619591	560330002002	1	10500	44.7881819	-106.9596988
56619592	560330002002	1	27900	44.7930407	-106.9572751
56619593	560330002002	1	72500	44.7971891	-106.9603960
56619594	560330002002	1	55000	44.7952559	-106.9584464
56619595	560330002002	1	4600	44.7929732	-106.9617622
56619596	560330002002	1	40000	44.7931094	-106.9607405
56619597	560330002002	1	10600	44.7922073	-106.9619026
56619598	560330002002	1	63200	44.7951752	-106.9576705
56619599	560330002002	1	363500	44.7920236	-106.9628177
56619600	560330002002	1	18000	44.7928509	-106.9570887
56619601	560330002002	1	28090	44.7970242	-106.9611207
56619602	560330002002	1	19300	44.7973066	-106.9609355
56619603	560330002002	1	4600	44.7970650	-106.9612703
56619604	560330002002	1	40430	44.7933885	-106.9572329
56619605	560330002002	1	38000	44.7971191	-106.9604700
56619606	560330002002	1	13500	44.7972402	-106.9582889
56619607	560330002002	1	30200	44.7887014	-106.9593331
56619608	560330002002	1	116	44.7929490	-106.9572530
56619609	560330002002	1	25300	44.7935076	-106.9573331
56619610	560330002002	1	83020	44.7931349	-106.9572540
56619611	560330002002	1	45860	44.7931991	-106.9576816
56619612	560330002002	1	23100	44.7930713	-106.9576777
56619613	560330002002	1	25300	44.7934410	-106.9580446
56619614	560330002002	1	34100	44.7929724	-106.9573488
56619615	560330002002	1	93200	44.7887936	-106.9598962
56619616	560330002002	1	38200	44.7932676	-106.9571916
56619617	560330002002	1	7600	44.7931396	-106.9578432
56619618	560330002002	9	94000	44.7931751	-106.9577836
56619619	560330002002	1	36000	44.7884225	-106.9597957
56619620	560330002002	1	135000	44.7931295	-106.9574050
56619621	560330002002	1	50000	44.7884535	-106.9590047
56619622	560330002002	1	9600	44.7966801	-106.9634290
56619623	560330002002	1	64300	44.7960687	-106.9630439
56619624	560330002002	1	60200	44.7962120	-106.9636452
56619625	560330002002	1	26100	44.7888957	-106.9587709
56619626	560330002002	1	33900	44.7967050	-106.9626299
56619627	560330002002	1	30000	44.7888454	-106.9592983
56619628	560330002002	1	68700	44.7887539	-106.9591326
56619629	560330002002	8	66400	44.7887171	-106.9595999
56619630	560330002002	1	20500	44.7961517	-106.9626888
56619631	560330002002	1	47500	44.7961237	-106.9636603
56619632	560330002002	1	23500	44.7885847	-106.9596711
56619633	560330002002	1	29300	44.7884026	-106.9598532
56619634	560330002002	1	33900	44.7963350	-106.9635317
56619635	560330002002	1	28400	44.7966385	-106.9626622
56619636	560330002002	1	78000	44.7963318	-106.9626968
56619637	560330002002	1	13000	44.7965627	-106.9639502
56619638	560330002003	1	37000	44.7946029	-106.9731303
56619639	560330002003	1	108000	44.7832971	-106.9734489
56619640	560330002003	1	50000	44.7840470	-106.9767237
56619641	560330002003	1	39000	44.7871614	-106.9673534
56619642	560330002003	1	15200	44.7853684	-106.9643395
56619643	560330002003	1	35600	44.7806366	-106.9717039
56619644	560330002003	1	47804	44.7800546	-106.9665718
56619645	560330002003	1	75000	44.7963152	-106.9654290
56619646	560330002003	1	37800	44.7957664	-106.9653659
56619647	560330002003	1	9600	44.7800974	-106.9661669
56619648	560330002003	1	60000	44.7937371	-106.9722551
56619649	560330002003	1	91000	44.7921180	-106.9733992
56619650	560330002003	1	15500	44.7890224	-106.9776860
56619651	560330002003	1	40000	44.7906827	-106.9692437
56619652	560330002003	1	56004	44.7952798	-106.9687559
56619653	560330002003	1	33800	44.7926598	-106.9700255
56619654	560330002003	1	79300	44.7960327	-106.9737403
56619655	560330002003	1	122000	44.7904367	-106.9725758
56619656	560330002003	1	17100	44.7899989	-106.9767590
56619657	560330002003	1	64400	44.7954778	-106.9719565
56619658	560330002003	1	73410	44.7872768	-106.9617742
56619659	560330002003	1	65000	44.7960192	-106.9710908
56619660	560330002003	1	78400	44.7799927	-106.9682950
56619661	560330002003	1	50000	44.7855252	-106.9624187
56619662	560330002003	1	38000	44.7882351	-106.9613544
56619663	560330002003	1	12200	44.7856199	-106.9608809
56619664	560330002003	1	61000	44.7909457	-106.9770245
56619665	560330002003	1	71000	44.7911528	-106.9709935
56619666	560330002003	1	40500	44.7779054	-106.9660734
56619667	560330002003	1	40000	44.7872226	-106.9786473
56619668	560330002003	1	60000	44.7813836	-106.9709710
56619669	560330002003	1	111000	44.7910215	-106.9702997
56619670	560330002003	1	80000	44.7907957	-106.9728809
56619671	560330002003	1	86000	44.7877414	-106.9721693
56619672	560330002003	1	135000	44.7846965	-106.9721079
56619673	560330002003	1	34700	44.7833341	-106.9740671
56619674	560330002003	1	20100	44.7890255	-106.9719319
56619675	560330002003	1	58200	44.7885246	-106.9784303
56619676	560330002003	1	64000	44.7892440	-106.9707988
56619677	560330002003	1	45000	44.7847173	-106.9682320
56619678	560330002003	1	34900	44.7948633	-106.9765365
56619679	560330002003	1	37700	44.7955920	-106.9731687
56619680	560330002003	1	162000	44.7849035	-106.9736009
56619681	560330002003	1	61460	44.7865942	-106.9715973
56619682	560330002003	1	52400	44.7842094	-106.9728310
56619683	560330002003	1	134600	44.7878026	-106.9705044
56619684	560330002003	1	37000	44.7865923	-106.9733066
56619685	560330002003	1	39000	44.7836618	-106.9750840
56619686	560330002003	1	62200	44.7857562	-106.9719960
56619687	560330002003	1	17000	44.7940914	-106.9763194
56619688	560330002003	1	47700	44.7857332	-106.9746653
56619689	560330002003	1	79000	44.7804657	-106.9735683
56619690	560330002003	1	85000	44.7858417	-106.9722689
56619691	560330002003	1	23000	44.7844744	-106.9752182
56619692	560330002003	1	100000	44.7857185	-106.9701854
56619693	560330002003	1	19000	44.7867605	-106.9710035
56619694	560330002003	1	36500	44.7881377	-106.9695360
56619695	560330002003	1	70000	44.7922763	-106.9729372
56619696	560330002003	1	50000	44.7918491	-106.9718476
56619697	560330002003	1	87560	44.7833969	-106.9763415
56619698	560330002003	1	75000	44.7807665	-106.9717324
56619699	560330002003	1	55020	44.7825134	-106.9728327
56619700	560330002003	1	40100	44.7921927	-106.9700756
56619701	560330002003	1	102400	44.7849959	-106.9710134
56619702	560330002003	1	82000	44.7858484	-106.9657556
56619703	560330002003	1	56010	44.7929980	-106.9777521
56619704	560330002003	1	39000	44.7825109	-106.9751485
56619705	560330002003	1	88500	44.7940908	-106.9756490
56619706	560330002003	1	74120	44.7898171	-106.9689644
56619707	560330002003	1	54950	44.7777844	-106.9673731
56619708	560330002003	1	35560	44.7902748	-106.9690225
56619709	560330002003	1	43000	44.7856515	-106.9755629
56619710	560330002003	1	75000	44.7888467	-106.9691150
56619711	560330002003	1	24000	44.7852032	-106.9699681
56619712	560330002003	1	78000	44.7789177	-106.9695635
56619713	560330002003	1	124000	44.7793537	-106.9686590
56619714	560330002003	1	126000	44.7792262	-106.9669999
56619715	560330002003	1	63010	44.7788882	-106.9647820
56619716	560330002003	1	75000	44.7785673	-106.9677536
56619717	560330002003	1	9700	44.7887285	-106.9711710
56619718	560330002003	1	40000	44.7863604	-106.9743744
56619719	560330002003	1	48000	44.7851393	-106.9771107
56619720	560330002003	1	38900	44.7782931	-106.9728016
56619721	560330002003	1	40000	44.7773514	-106.9681575
56619722	560330002003	1	89000	44.7793735	-106.9703194
56619723	560330002003	1	16000	44.7774289	-106.9691676
56619724	560330002003	1	15000	44.7784511	-106.9697348
56619725	560330002003	1	32700	44.7882900	-106.9714767
56619726	560330002003	1	39000	44.7811989	-106.9738297
56619727	560330002003	1	75400	44.7898706	-106.9702081
56619728	560330002003	1	80000	44.7792869	-106.9726391
56619729	560330002003	1	32700	44.7772992	-106.9700435
56619730	560330002003	1	50400	44.7885154	-106.9737784
56619731	560330002003	1	64700	44.7816847	-106.9738225
56619732	560330002003	1	69160	44.7792465	-106.9721016
56619733	560330002003	1	95000	44.7873619	-106.9728299
56619734	560330002003	1	43000	44.7856606	-106.9775429
56619735	560330002003	1	100400	44.7873177	-106.9760203
56619736	560330002003	1	122000	44.7779149	-106.9725082
56619737	560330002003	1	40000	44.7781886	-106.9721547
56619738	560330002003	1	20400	44.7881788	-106.9744306
56619739	560330002003	1	44490	44.7779359	-106.9715026
56619740	560330002003	1	65200	44.7817912	-106.9717102
56619741	560330002003	1	108000	44.7867882	-106.9763306
56619742	560330002003	1	84400	44.7862630	-106.9759261
56619743	560330002003	1	116500	44.7868492	-106.9745980
56619744	560330002003	1	18000	44.7861980	-106.9774796
56619745	560330002003	1	62000	44.7865004	-106.9769094
56619746	560330002003	1	12400	44.7870789	-106.9628582
56619747	560330002003	1	35000	44.7857592	-106.9662175
56619748	560330002003	1	130000	44.7879816	-106.9677308
56619749	560330002003	1	78000	44.7860740	-106.9679998
56619750	560330002003	1	45000	44.7887017	-106.9678384
56619751	560330002003	1	92000	44.7921096	-106.9646492
56619752	560330002003	1	51000	44.7871411	-106.9696089
56619753	560330002003	1	30500	44.7933485	-106.9767935
56619754	560330002003	1	23000	44.7857989	-106.9696164
56619755	560330002003	1	78600	44.7927125	-106.9764922
56619756	560330002003	1	65000	44.7883979	-106.9754726
56619757	560330002003	1	117600	44.7914719	-106.9762548
56619758	560330002003	1	17100	44.7937045	-106.9755125
56619759	560330002003	1	50000	44.7919624	-106.9671445
56619760	560330002003	1	20000	44.7932877	-106.9736151
56619761	560330002003	1	42000	44.7928629	-106.9752611
56619762	560330002003	1	110700	44.7921717	-106.9773499
56619763	560330002003	1	12000	44.7930512	-106.9741874
56619764	560330002003	1	52700	44.7948921	-106.9740470
56619765	560330002003	1	101000	44.7893363	-106.9779330
56619766	560330002003	1	43300	44.7910604	-106.9783775
56619767	560330002003	1	100000	44.7917604	-106.9665903
56619768	560330002003	1	45000	44.7904255	-106.9753088
56619769	560330002003	1	118000	44.7950338	-106.9744532
56619770	560330002003	1	12100	44.7917307	-106.9774102
56619771	560330002003	1	70000	44.7911752	-106.9733787
56619772	560330002003	1	38900	44.7921067	-106.9756887
56619773	560330002003	1	10500	44.7900019	-106.9739241
56619774	560330002003	1	57000	44.7971742	-106.9678572
56619775	560330002003	1	194000	44.7878438	-106.9662962
56619776	560330002003	1	12400	44.7869900	-106.9655098
56619777	560330002003	1	47210	44.7964156	-106.9689012
56619778	560330002003	1	91400	44.7862565	-106.9612608
56619779	560330002003	1	54500	44.7881887	-106.9627831
56619780	560330002003	1	109400	44.7889362	-106.9643154
56619781	560330002003	1	37000	44.7885980	-106.9641004
56619782	560330002003	1	137500	44.7883641	-106.9675064
56619783	560330002003	1	59800	44.7902211	-106.9629282
56619784	560330002003	1	36000	44.7892670	-106.9635603
56619785	560330002003	1	40000	44.7883073	-106.9653240
56619786	560330002003	1	42800	44.7903210	-106.9641168
56619787	560330002003	1	21500	44.7968707	-106.9681532
56619788	560330002003	1	92000	44.7908282	-106.9663236
56619789	560330002003	1	65000	44.7894280	-106.9656787
56619790	560330002003	1	21710	44.7869036	-106.9642511
56619791	560330002003	1	84000	44.7886070	-106.9659414
56619792	560330002003	1	128000	44.7908313	-106.9632689
56619793	560330002003	1	33000	44.7902577	-106.9667939
56619794	560330002003	1	68000	44.7900659	-106.9671677
56619795	560330002003	1	80700	44.7973718	-106.9680840
56619796	560330002003	1	224700	44.7796729	-106.9738380
56619797	560330002003	1	20700	44.7904441	-106.9647603
56619798	560330002003	1	50060	44.7914749	-106.9637669
56619799	560330002003	1	48200	44.7973314	-106.9685222
56619800	560330002003	1	13400	44.7789098	-106.9736733
56619801	560330002003	1	35300	44.7774515	-106.9737744
56619802	560330002003	1	66900	44.7966737	-106.9696613
56619803	560330002003	1	85000	44.7950608	-106.9647875
56619804	560330002003	1	9600	44.7964020	-106.9684133
56619805	560330002003	1	12550	44.7968928	-106.9678363
56619806	560330002003	1	58800	44.7972694	-106.9681221
56619807	560330002003	1	37500	44.7972052	-106.9681663
56619808	560330002003	1	115800	44.7969581	-106.9685407
56619809	560330002003	1	91550	44.7966103	-106.9684219
56619810	560330002003	1	60000	44.7970802	-106.9678213
56619811	560330002003	1	70000	44.7953637	-106.9638744
56619812	560330002003	1	52908	44.7953154	-106.9629890
56619813	560330002003	1	11860	44.7964768	-106.9677799
56619814	560330002003	1	59500	44.7965162	-106.9687569
56619815	560330002003	1	54200	44.7950697	-106.9646476
56619816	560330002003	1	16000	44.7951722	-106.9634474
56619817	560330002003	1	95050	44.7952177	-106.9636563
56619818	560330002003	1	23100	44.7963753	-106.9690949
56619819	560330002003	1	38000	44.7943319	-106.9667303
56619820	560330002003	1	197000	44.7972490	-106.9652796
56619821	560330002003	1	60000	44.7972001	-106.9653810
56619822	560330002003	1	16500	44.7972605	-106.9657169
56619823	560330002003	1	50500	44.7939049	-106.9662872
56619824	560330002003	1	47800	44.7972322	-106.9655902
56619825	560330002003	1	19500	44.7971727	-106.9660413
56619826	560330002003	1	95000	44.7969520	-106.9689872
56619827	560330002003	1	82000	44.7945034	-106.9659971
56619828	560330002003	1	32000	44.7941273	-106.9662580
56619829	560330002003	1	73000	44.7941608	-106.9666727
56619830	560330002003	1	43200	44.7968590	-106.9691764
56619831	560330002003	1	75500	44.7945525	-106.9672159
56619832	560330002003	1	69600	44.7942584	-106.9662380
56619833	560330002003	1	47304	44.7958317	-106.9665314
56619834	560330002003	1	49550	44.7964678	-106.9689478
56619835	560330002003	1	92000	44.7966612	-106.9697885
56619836	560330002003	1	42000	44.7957809	-106.9668380
56619837	560330002003	1	41200	44.7959936	-106.9668772
56619838	560330002003	1	36000	44.7957898	-106.9664367
56619839	560330002003	1	37000	44.7962088	-106.9664605
56619840	560330002003	1	38000	44.7957406	-106.9668257
56619841	560330002003	1	23000	44.7960471	-106.9667444
56619842	560330002003	1	64800	44.7831230	-106.9707492
56619843	560330002003	1	40500	44.7826267	-106.9714311
56619844	560330002003	1	65000	44.7957771	-106.9666802
56619845	560330002003	1	90000	44.7826018	-106.9716104
56619846	560330002003	1	50000	44.7963563	-106.9700823
56619847	560330002003	1	57000	44.7968444	-106.9680357
56619848	560330002003	1	103300	44.7953807	-106.9644415
56619849	560330002003	1	68640	44.7967482	-106.9685972
56619850	560330002003	1	72000	44.7965264	-106.9678137
56619851	560330002003	1	91900	44.7973660	-106.9687080
56619852	560330002003	1	88300	44.7953071	-106.9641560
56619853	560330002003	1	92000	44.7966509	-106.9679906
56619854	560330002003	1	28600	44.7964734	-106.9687601
56619855	560330002003	1	42400	44.7966145	-106.9687441
56619856	560330002003	1	20800	44.7971546	-106.9688242
56619857	560330002003	1	10500	44.7967904	-106.9688567
56619858	560330002003	1	12000	44.7968233	-106.9683030
56619859	560330002003	1	37200	44.7972222	-106.9688236
56619860	560330002003	1	37400	44.7951905	-106.9647667
56619861	560330002003	1	38000	44.7951396	-106.9635244
56619862	560330002003	1	15300	44.7971394	-106.9681958
56619863	560330002003	1	87000	44.7953311	-106.9629967
56619864	560330002003	1	39600	44.7953141	-106.9630043
56619865	560330002003	1	79300	44.7950877	-106.9631368
56619866	560330002003	1	40000	44.7950727	-106.9631873
56619867	560330002003	1	18400	44.7966678	-106.9699870
56619868	560330002003	1	10400	44.7938852	-106.9659665
56619869	560330002003	1	55033	44.7973283	-106.9663562
56619870	560330002003	1	18600	44.7951688	-106.9646224
56619871	560330002003	1	35100	44.7951202	-106.9643970
56619872	560330002003	1	31000	44.7955056	-106.9645350
56619873	560330002003	1	91370	44.7969573	-106.9656897
56619874	560330002003	1	132400	44.7950563	-106.9642434
56619875	560330002003	1	40000	44.7970465	-106.9663025
56619876	560330002003	1	80000	44.7939666	-106.9671015
56619877	560330002003	1	17600	44.7944682	-106.9663598
56619878	560330002003	1	85000	44.7968848	-106.9655783
56619879	560330002003	1	89000	44.7969290	-106.9661408
56619880	560330002003	1	45000	44.7938848	-106.9664540
56619881	560330002003	1	50600	44.7944988	-106.9666884
56619882	560330002003	1	42000	44.7971563	-106.9698422
56619883	560330002003	1	87400	44.7967963	-106.9691931
56619884	560330002003	1	33400	44.7938758	-106.9671351
56619885	560330002003	1	38001	44.7946800	-106.9667645
56619886	560330002003	1	54200	44.7966029	-106.9694300
56619887	560330002003	1	38200	44.7970639	-106.9700299
56619888	560330002003	1	38500	44.7970531	-106.9693372
56619889	560330002003	1	26360	44.7831109	-106.9713987
56619890	560330002003	1	40000	44.7823875	-106.9693943
56619891	560330002003	1	37700	44.7927370	-106.9678544
56619892	560330002003	1	58100	44.7961233	-106.9673704
56619893	560330002003	1	60000	44.7961997	-106.9664321
56619894	560330002003	1	79900	44.7958517	-106.9672473
56619895	560330002003	1	70000	44.7961558	-106.9667474
56619896	560330002003	1	78400	44.7959288	-106.9674103
56619897	560330002003	1	32000	44.7957246	-106.9665990
56619898	560330002003	1	247500	44.7964034	-106.9702377
56619899	560330002003	1	58300	44.7967931	-106.9713995
56619900	560330002003	1	91550	44.7966774	-106.9705376
56619901	560330002003	1	92700	44.7966220	-106.9706861
56619902	560330002003	1	96000	44.7969064	-106.9713947
56619903	560330002003	1	50900	44.7968305	-106.9709923
56619904	560330002003	1	75600	44.7970219	-106.9707951
56619905	560330002003	1	42300	44.7823532	-106.9692713
56619906	560330002003	1	158020	44.7782203	-106.9638522
56619907	560330002003	1	30000	44.7927498	-106.9679712
56619908	560330002003	1	37500	44.7927326	-106.9678503
56619909	560330002003	1	77000	44.7923236	-106.9680656
56619910	560330002003	1	80000	44.7784841	-106.9633746
56619911	560330002003	1	108000	44.7921364	-106.9680264
56619912	560330002003	1	9600	44.7925982	-106.9677805
56619913	560330002003	1	92700	44.7825662	-106.9695482
56619914	560330002003	1	35000	44.7779366	-106.9635008
56619915	560330002003	1	30000	44.7781809	-106.9636024
56619916	560330002003	1	28000	44.7782212	-106.9641275
56619917	560330002003	1	38001	44.7773677	-106.9641724
56619918	560330002003	1	60000	44.7777999	-106.9641049
56619919	560330002003	1	58470	44.7775351	-106.9636230
56619920	560330002003	1	14000	44.7830730	-106.9708170
56619921	560330002003	1	77800	44.7832713	-106.9693914
56619922	560330002003	1	50600	44.7824362	-106.9703676
56619923	560330002003	1	40000	44.7834633	-106.9697314
56619924	560330002003	1	80000	44.7831996	-106.9704863
56619925	560330002003	1	40000	44.7823235	-106.9699121
56619926	560330002003	1	60000	44.7827889	-106.9701231
56619927	560330002003	1	33400	44.7835954	-106.9696058
56619928	560330002003	1	38000	44.7791520	-106.9638730
56619929	560330002003	1	37700	44.7802876	-106.9716858
56619930	560330002003	1	65000	44.7788426	-106.9644174
56619931	560330002003	1	63000	44.7787489	-106.9635272
56619932	560330002003	1	20200	44.7791078	-106.9643507
56619933	560330002003	1	83000	44.7955488	-106.9668396
56619934	560330002003	1	30000	44.7806350	-106.9682995
56619935	560330002003	1	42000	44.7952721	-106.9672462
56619936	560330002003	1	74300	44.7949832	-106.9668006
56619937	560330002003	1	18000	44.7960665	-106.9656233
56619938	560330002003	1	73000	44.7959982	-106.9654026
56619939	560330002003	1	35000	44.7956366	-106.9663941
56619940	560330002003	1	100000	44.7960102	-106.9658924
56619941	560330002003	1	82000	44.7952487	-106.9661279
56619942	560330002003	1	12200	44.7802394	-106.9683186
56619943	560330002003	1	36600	44.7833236	-106.9692042
56619944	560330002003	1	38000	44.7942895	-106.9644110
56619945	560330002003	1	12900	44.7947184	-106.9631127
56619946	560330002003	1	27200	44.7945288	-106.9630979
56619947	560330002003	1	82200	44.7942385	-106.9635549
56619948	560330002003	1	40000	44.7944259	-106.9643023
56619949	560330002003	1	127000	44.7946754	-106.9642120
56619950	560330002003	1	68000	44.7830469	-106.9690845
56619951	560330002003	1	88500	44.7837237	-106.9693010
56619952	560330002003	1	18000	44.7946534	-106.9645276
56619953	560330002003	1	14000	44.7843104	-106.9686907
56619954	560330002003	1	43000	44.7812506	-106.9688982
56619955	560330002003	1	84000	44.7815655	-106.9689060
56619956	560330002003	1	66600	44.7815563	-106.9688111
56619957	560330002003	1	55000	44.7804050	-106.9643083
56619958	560330002003	1	79900	44.7802788	-106.9642264
56619959	560330002003	1	69160	44.7936602	-106.9654418
56619960	560330002003	1	91000	44.7936010	-106.9648646
56619961	560330002003	1	90000	44.7796462	-106.9646313
56619962	560330002003	1	41500	44.7937219	-106.9657227
56619963	560330002003	1	37900	44.7934435	-106.9650739
56619964	560330002003	1	54800	44.7802310	-106.9639992
56619965	560330002003	1	55600	44.7803697	-106.9711225
56619966	560330002003	1	12300	44.7805724	-106.9703331
56619967	560330002003	1	55000	44.7941348	-106.9697049
56619968	560330002003	1	86200	44.7945230	-106.9690898
56619969	560330002003	1	29000	44.7865932	-106.9605483
56619970	560330002003	1	71900	44.7901829	-106.9710860
56619971	560330002003	1	12500	44.7871398	-106.9608295
56619972	560330002003	1	14200	44.7923614	-106.9649029
56619973	560330002003	1	84000	44.7778257	-106.9650294
56619974	560330002003	1	63810	44.7777218	-106.9653562
56619975	560330002003	1	66600	44.7929349	-106.9645567
56619976	560330002003	1	38001	44.7777923	-106.9648277
56619977	560330002003	1	50000	44.7784748	-106.9655595
56619978	560330002003	1	17100	44.7886190	-106.9611678
56619979	560330002003	1	65000	44.7921307	-106.9667757
56619980	560330002003	1	67000	44.7929357	-106.9656784
56619981	560330002003	1	80000	44.7924606	-106.9651670
56619982	560330002003	1	61700	44.7923055	-106.9666496
56619983	560330002003	1	82700	44.7925846	-106.9664901
56619984	560330002003	1	52200	44.7926639	-106.9669156
56619985	560330002003	1	16800	44.7905774	-106.9706221
56619986	560330002003	1	10500	44.7930213	-106.9672319
56619987	560330002003	1	81490	44.7927835	-106.9722401
56619988	560330002003	1	47000	44.7775834	-106.9650035
56619989	560330002003	1	78600	44.7863261	-106.9598479
56619990	560330002003	1	75600	44.7859046	-106.9603699
56619991	560330002003	1	81000	44.7928861	-106.9721031
56619992	560330002003	1	50000	44.7774947	-106.9654095
56619993	560330002003	1	38000	44.7774994	-106.9647722
56619994	560330002003	1	10600	44.7932258	-106.9642528
56619995	560330002003	1	60550	44.7923068	-106.9631136
56619996	560330002003	1	28390	44.7931756	-106.9731566
56619997	560330002003	1	51000	44.7924700	-106.9642241
56619998	560330002003	1	37900	44.7931707	-106.9640201
56619999	560330002003	1	12000	44.7928711	-106.9635049
56620000	560330002003	1	71000	44.7934913	-106.9635389
56620001	560330002003	1	48000	44.7904857	-106.9714510
56620002	560330002003	1	20400	44.7936277	-106.9661991
56620003	560330002003	1	69000	44.7945168	-106.9652559
56620004	560330002003	1	13970	44.7934572	-106.9676020
56620005	560330002003	1	45000	44.7935377	-106.9676868
56620006	560330002003	1	80000	44.7934184	-106.9668265
56620007	560330002003	1	18600	44.7943613	-106.9658629
56620008	560330002003	1	49550	44.7946614	-106.9651722
56620009	560330002003	1	13700	44.7961638	-106.9676128
56620010	560330002003	1	90400	44.7948159	-106.9680913
56620011	560330002003	1	38000	44.7930344	-106.9660674
56620012	560330002003	1	17100	44.7954661	-106.9686042
56620013	560330002003	1	99370	44.7955682	-106.9680678
56620014	560330002003	1	80000	44.7947047	-106.9684237
56620015	560330002003	1	51000	44.7963226	-106.9679271
56620016	560330002003	1	12500	44.7807320	-106.9662465
56620017	560330002003	1	23000	44.7942295	-106.9690814
56620018	560330002003	1	51280	44.7882525	-106.9788652
56620019	560330002003	1	80000	44.7962841	-106.9694963
56620020	560330002003	1	36000	44.7928122	-106.9686342
56620021	560330002003	1	67700	44.7960425	-106.9695106
56620022	560330002003	1	40200	44.7955021	-106.9696469
56620023	560330002003	1	16800	44.7929639	-106.9690543
56620024	560330002003	1	22400	44.7807881	-106.9648009
56620025	560330002003	1	79200	44.7919319	-106.9687072
56620026	560330002003	1	56400	44.7949307	-106.9650793
56620027	560330002003	1	75600	44.7938559	-106.9719714
56620028	560330002003	1	12000	44.7939943	-106.9710112
56620029	560330002003	1	44500	44.7924719	-106.9692998
56620030	560330002003	1	49400	44.7952592	-106.9651675
56620031	560330002003	1	49700	44.7972346	-106.9715572
56620032	560330002003	1	77000	44.7808224	-106.9644436
56620033	560330002003	1	98000	44.7811478	-106.9693651
56620034	560330002003	1	32000	44.7855349	-106.9670634
56620035	560330002003	1	42000	44.7815247	-106.9692681
56620036	560330002003	1	41800	44.7971678	-106.9671659
56620037	560330002003	1	38001	44.7807353	-106.9691778
56620038	560330002003	1	87560	44.7807252	-106.9697481
56620039	560330002003	1	60000	44.7972819	-106.9704823
56620040	560330002003	1	75000	44.7889011	-106.9733999
56620041	560330002003	1	17000	44.7884003	-106.9767041
56620042	560330002003	1	92500	44.7836376	-106.9712462
56620043	560330002003	1	36000	44.7836759	-106.9714755
56620044	560330002003	1	75000	44.7914632	-106.9688943
56620045	560330002003	1	26500	44.7880053	-106.9770789
56620046	560330002003	1	89000	44.7916141	-106.9684577
56620047	560330002003	1	176000	44.7807414	-106.9673322
56620048	560330002003	1	82000	44.7845246	-106.9696906
56620049	560330002003	1	74700	44.7896632	-106.9729181
56620050	560330002003	1	14000	44.7840998	-106.9705651
56620051	560330002003	1	62470	44.7804014	-106.9673290
56620052	560330002003	1	45600	44.7823234	-106.9712436
56620053	560330002003	1	73410	44.7823396	-106.9715564
56620054	560330002003	1	9600	44.7968934	-106.9722253
56620055	560330002003	1	28800	44.7937631	-106.9674599
56620056	560330002003	1	12900	44.7961914	-106.9719508
56620057	560330002003	1	95120	44.7876477	-106.9781472
56620058	560330002003	1	628000	44.7931308	-106.9712760
56620059	560330002003	1	13970	44.7925903	-106.9707631
56620060	560330002003	1	35700	44.7950724	-106.9712476
56620061	560330002003	1	23000	44.7946013	-106.9708750
56620062	560330002003	1	59200	44.7938855	-106.9679823
56620063	560330002003	1	40411	44.7946272	-106.9708562
56620064	560330002003	1	47100	44.7946008	-106.9715024
56620065	560330002003	1	71000	44.7944278	-106.9699355
56620066	560330002003	1	78400	44.7936605	-106.9706216
56620067	560330003001	1	7500	44.8068294	-106.9554377
56620068	560330003001	1	14000	44.8010507	-106.9496714
56620069	560330003001	1	13800	44.8063217	-106.9582607
56620070	560330003001	1	138000	44.8036476	-106.9525806
56620071	560330003001	1	28250	44.8038107	-106.9525492
56620072	560330003001	1	3300	44.7984725	-106.9586685
56620073	560330003001	1	50000	44.8055750	-106.9418671
56620074	560330003001	1	109000	44.7984363	-106.9599419
56620075	560330003001	1	31400	44.8037285	-106.9533901
56620076	560330003001	1	11400	44.7982401	-106.9592062
56620077	560330003001	1	77500	44.8068397	-106.9589639
56620078	560330003001	1	7400	44.8037444	-106.9524100
56620079	560330003001	1	74700	44.8037491	-106.9522235
56620080	560330003001	1	7400	44.8035441	-106.9533659
56620081	560330003001	1	37500	44.7978472	-106.9579445
56620082	560330003001	6	6000	44.7980115	-106.9581760
56620083	560330003001	1	12500	44.8066009	-106.9585560
56620084	560330003001	1	365700	44.8038056	-106.9524041
56620085	560330003001	1	25900	44.7975685	-106.9639115
56620086	560330003001	1	44490	44.7977353	-106.9576688
56620087	560330003001	1	43600	44.7975997	-106.9606142
56620088	560330003001	1	45000	44.7973075	-106.9586090
56620089	560330003001	1	13900	44.7976639	-106.9627488
56620090	560330003001	1	10000	44.7978875	-106.9603702
56620091	560330003001	1	53100	44.7976190	-106.9610543
56620092	560330003001	1	13700	44.7975419	-106.9609469
56620093	560330003001	1	5204	44.7979305	-106.9604172
56620094	560330003001	1	8400	44.7973046	-106.9578496
56620095	560330003001	1	40500	44.7978617	-106.9611488
56620096	560330003001	1	37800	44.7977646	-106.9604156
56620097	560330003001	1	47700	44.7977895	-106.9603706
56620098	560330003001	1	28300	44.7978712	-106.9602028
56620099	560330003001	1	103050	44.7976406	-106.9606731
56620100	560330003001	1	33200	44.7975419	-106.9608704
56620101	560330003001	1	28900	44.7975171	-106.9610694
56620102	560330003001	1	31200	44.7980427	-106.9585890
56620103	560330003001	1	11800	44.7974141	-106.9587090
56620104	560330003001	4	9000	44.7974699	-106.9604679
56620105	560330003001	1	141000	44.7974806	-106.9605312
56620106	560330003001	1	2300	44.7978539	-106.9576266
56620107	560330003001	1	7804	44.7973356	-106.9586315
56620108	560330003001	6	6000	44.7980550	-106.9584729
56620109	560330003001	1	1000	44.7974815	-106.9656688
56620110	560330003001	1	30000	44.7966966	-106.9474530
56620111	560330003001	4	9000	44.7979085	-106.9576349
56620112	560330003001	1	154100	44.7981136	-106.9583358
56620113	560330003001	1	43000	44.7975787	-106.9580070
56620114	560330003001	1	10000	44.7977747	-106.9585578
56620115	560330003001	1	27000	44.7978304	-106.9576735
56620116	560330003001	5	25000	44.7974829	-106.9579113
56620117	560330003001	1	30000	44.7974615	-106.9582949
56620118	560330003001	1	83600	44.7963320	-106.9481369
56620119	560330003001	1	141700	44.7974838	-106.9587943
56620120	560330003001	1	85000	44.7979266	-106.9578871
56620121	560330003001	1	101600	44.7979932	-106.9587767
56620122	560330003001	1	5600	44.7963245	-106.9472874
56620123	560330003001	1	34800	44.7977433	-106.9575834
56620124	560330003001	1	55000	44.7979848	-106.9583957
56620125	560330003001	1	17000	44.8020620	-106.9606842
56620126	560330003001	1	71100	44.8015595	-106.9607236
56620127	560330003001	1	152600	44.7966462	-106.9476947
56620128	560330003001	1	44790	44.7969734	-106.9483102
56620129	560330003001	1	2300	44.7970520	-106.9480655
56620130	560330003001	1	14900	44.7968344	-106.9481326
56620131	560330003001	1	41300	44.7971368	-106.9477672
56620132	560330003001	1	35000	44.7965257	-106.9476986
56620133	560330003001	1	4600	44.8019829	-106.9598524
56620134	560330003001	1	65000	44.8020977	-106.9603526
56620135	560330003001	1	153200	44.8022083	-106.9603255
56620136	560330003001	1	8400	44.8018191	-106.9600177
56620137	560330003001	1	4400	44.8015777	-106.9605253
56620138	560330003001	1	8300	44.8020191	-106.9596644
56620139	560330003001	1	8900	44.8022216	-106.9606974
56620140	560330003001	1	8000	44.8063359	-106.9588425
56620141	560330003001	1	8000	44.8019559	-106.9493916
56620142	560330003001	1	1000	44.8023195	-106.9516015
56620143	560330003001	1	8400	44.8045942	-106.9517780
56620144	560330003001	1	57300	44.7975178	-106.9657662
56620145	560330003001	1	85000	44.7975354	-106.9635116
56620146	560330003001	1	6200	44.7976706	-106.9637453
56620147	560330003001	1	33200	44.7976620	-106.9635741
56620148	560330003001	1	18000	44.7979143	-106.9660358
56620149	560330003001	1	121800	44.7974876	-106.9637241
56620150	560330003001	1	40000	44.7974718	-106.9635617
56620151	560330003001	1	31000	44.7976015	-106.9655594
56620152	560330003001	1	9600	44.7982314	-106.9655671
56620153	560330003001	1	12200	44.7981665	-106.9660212
56620154	560330003001	1	89000	44.7983910	-106.9656551
56620155	560330003001	1	19400	44.7975537	-106.9652443
56620156	560330003001	1	74120	44.7976046	-106.9653451
56620157	560330003001	1	5200	44.7982920	-106.9653298
56620158	560330003001	1	8900	44.8028101	-106.9510921
56620159	560330003001	1	28100	44.8044846	-106.9514870
56620160	560330003001	1	92000	44.8043756	-106.9519163
56620161	560330003001	1	22700	44.8042827	-106.9518546
56620162	560330003001	1	115000	44.8042787	-106.9518356
56620163	560330003001	1	67700	44.8044548	-106.9518707
56620164	560330003001	1	7200	44.8042800	-106.9522160
56620165	560330003001	1	21000	44.8047664	-106.9519255
56620166	560330003001	1	8900	44.8023319	-106.9517210
56620167	560330003001	1	12000	44.8013642	-106.9625308
56620168	560330003001	1	21000	44.8013590	-106.9624099
56620169	560330003001	8	40000	44.8013238	-106.9622688
56620170	560330003001	6	6000	44.8009729	-106.9622796
56620171	560330003001	1	41740	44.8013591	-106.9629214
56620172	560330003001	1	25000	44.8008464	-106.9621596
56620173	560330003001	1	30200	44.8021933	-106.9503047
56620174	560330003001	1	49000	44.8019868	-106.9513860
56620175	560330003001	1	30200	44.7980578	-106.9510151
56620176	560330003001	1	225000	44.8028311	-106.9519231
56620177	560330003001	1	0	44.8026390	-106.9509064
56620178	560330003001	1	31200	44.8024694	-106.9516114
56620179	560330003001	1	100500	44.7986067	-106.9504746
56620180	560330003001	3	8000	44.8029806	-106.9512760
56620181	560330003001	1	84500	44.7980651	-106.9512050
56620182	560330003001	1	32400	44.8015900	-106.9513663
56620183	560330003001	1	50000	44.7979525	-106.9501350
56620184	560330003001	1	11750	44.7982971	-106.9502879
56620185	560330003001	1	40000	44.7980261	-106.9509168
56620186	560330003001	1	46100	44.8021985	-106.9513419
56620187	560330003001	1	18000	44.7987105	-106.9506209
56620188	560330003001	1	46700	44.8017189	-106.9509764
56620189	560330003001	1	8400	44.8003173	-106.9619010
56620190	560330003001	1	47900	44.8036598	-106.9521496
56620191	560330003001	1	95420	44.8014687	-106.9512228
56620192	560330003001	1	18800	44.8016319	-106.9515410
56620193	560330003001	1	86300	44.8019377	-106.9506595
56620194	560330003001	1	67700	44.8036178	-106.9516909
56620195	560330003001	1	37800	44.8032431	-106.9519120
56620196	560330003001	1	7810	44.8034098	-106.9511246
56620197	560330003001	1	28000	44.7996401	-106.9623292
56620198	560330003001	1	16200	44.8039580	-106.9521802
56620199	560330003001	1	8400	44.8039545	-106.9512755
56620200	560330003001	1	80000	44.8031629	-106.9520555
56620201	560330003001	1	120000	44.7998776	-106.9622112
56620202	560330003001	1	68600	44.8003186	-106.9620180
56620203	560330003001	1	63000	44.7999233	-106.9618525
56620204	560330003001	1	30100	44.8027187	-106.9535731
56620205	560330003001	1	24900	44.7977279	-106.9624369
56620206	560330003001	1	4600	44.8018654	-106.9619182
56620207	560330003001	1	13300	44.7979452	-106.9648467
56620208	560330003001	1	6230	44.8020700	-106.9503453
56620209	560330003001	1	13000	44.8022348	-106.9495740
56620210	560330003001	1	12900	44.8017423	-106.9497901
56620211	560330003001	1	1000	44.8066281	-106.9541625
56620212	560330003001	1	70000	44.8024226	-106.9496851
56620213	560330003001	1	51500	44.8066392	-106.9542926
56620214	560330003001	1	13200	44.8016131	-106.9611775
56620215	560330003001	1	13200	44.7979576	-106.9650435
56620216	560330003001	1	7500	44.7978452	-106.9646032
56620217	560330003001	1	5050	44.7982977	-106.9651254
56620218	560330003001	1	40000	44.8019585	-106.9609576
56620219	560330003001	1	25000	44.7977387	-106.9644779
56620220	560330003001	1	13200	44.7980418	-106.9641821
56620221	560330003001	1	50000	44.7973865	-106.9622511
56620222	560330003001	1	2400	44.8063303	-106.9465087
56620223	560330003001	1	125000	44.8014490	-106.9619290
56620224	560330003001	1	30000	44.8019608	-106.9619747
56620225	560330003001	1	4290	44.8015289	-106.9616542
56620226	560330003001	1	22800	44.8067501	-106.9470635
56620227	560330003001	1	12000	44.8064047	-106.9473629
56620228	560330003001	1	10400	44.8066710	-106.9473171
56620229	560330003001	1	11800	44.7974524	-106.9614945
56620230	560330003001	1	118000	44.8066024	-106.9478386
56620231	560330003001	1	80000	44.8064615	-106.9482514
56620232	560330003001	1	5200	44.8064132	-106.9486783
56620233	560330003001	1	25000	44.8067189	-106.9460550
56620234	560330003001	1	25600	44.8066169	-106.9451418
56620235	560330003001	1	26500	44.8065608	-106.9456609
56620236	560330003001	1	25640	44.8029886	-106.9537613
56620237	560330003001	3	8000	44.7979764	-106.9590654
56620238	560330003001	1	24000	44.8032025	-106.9546117
56620239	560330003001	1	61000	44.8060767	-106.9511212
56620240	560330003001	1	28800	44.8066081	-106.9503971
56620241	560330003001	1	32400	44.8062211	-106.9512817
56620242	560330003001	1	17900	44.8031212	-106.9545146
56620243	560330003001	1	14400	44.8062516	-106.9512080
56620244	560330003001	1	8200	44.8034720	-106.9535530
56620245	560330003001	1	18800	44.7972998	-106.9593630
56620246	560330003001	1	115020	44.8033172	-106.9537761
56620247	560330003001	1	32400	44.8036570	-106.9545664
56620248	560330003001	1	8400	44.8033885	-106.9539770
56620249	560330003001	1	56000	44.7975517	-106.9599746
56620250	560330003001	1	13400	44.7967376	-106.9517879
56620251	560330003001	1	29300	44.7967517	-106.9511415
56620252	560330003001	1	25000	44.8026408	-106.9534994
56620253	560330003001	1	80430	44.8048234	-106.9485583
56620254	560330003001	1	14000	44.8046461	-106.9487974
56620255	560330003001	1	70000	44.7977714	-106.9599219
56620256	560330003001	1	63450	44.7973507	-106.9595672
56620257	560330003001	1	12500	44.8044652	-106.9495773
56620258	560330003001	1	50500	44.8043939	-106.9487972
56620259	560330003001	1	130400	44.8050585	-106.9492741
56620260	560330003001	1	30500	44.8027967	-106.9544456
56620261	560330003001	1	9600	44.8049896	-106.9507740
56620262	560330003001	1	30000	44.8042874	-106.9502072
56620263	560330003001	1	11900	44.8043040	-106.9509461
56620264	560330003001	1	86900	44.8027393	-106.9544753
56620265	560330003001	1	6200	44.8045454	-106.9509479
56620266	560330003001	1	12000	44.8046344	-106.9502056
56620267	560330003001	1	26000	44.8011680	-106.9502204
56620268	560330003001	1	49330	44.7985640	-106.9634215
56620269	560330003001	1	80000	44.7981504	-106.9636292
56620270	560330003001	6	6000	44.7977995	-106.9633045
56620271	560330003001	1	32000	44.7985098	-106.9632518
56620272	560330003001	1	26200	44.7978392	-106.9629752
56620273	560330003001	1	7810	44.8024462	-106.9486384
56620274	560330003001	1	15300	44.8021956	-106.9488037
56620275	560330003001	1	6200	44.7980901	-106.9587361
56620276	560330003001	1	115300	44.8017027	-106.9491486
56620277	560330003001	1	61700	44.8021630	-106.9483337
56620278	560330003001	1	103000	44.8022033	-106.9488005
56620279	560330003001	1	9600	44.8014271	-106.9504263
56620280	560330003001	1	57900	44.7985715	-106.9588906
56620281	560330003001	1	25000	44.7985964	-106.9582468
56620282	560330003001	3	46200	44.7987541	-106.9579640
56620283	560330003001	1	9600	44.7981252	-106.9593220
56620284	560330003001	6	6000	44.7983882	-106.9586616
56620285	560330003001	1	27000	44.7982398	-106.9600870
56620286	560330003001	1	31000	44.7984112	-106.9592662
56620287	560330003001	1	56400	44.7985890	-106.9596713
56620288	560330003001	1	4900	44.7988009	-106.9591556
56620289	560330003001	1	26800	44.7979970	-106.9598414
56620290	560330003001	1	48400	44.7982888	-106.9601626
56620291	560330003001	1	25600	44.7982443	-106.9582742
56620292	560330003001	1	11710	44.7980899	-106.9594782
56620293	560330003001	1	10970	44.7984080	-106.9593592
56620294	560330003001	1	8900	44.7986752	-106.9592548
56620295	560330003001	1	0	44.7982472	-106.9596606
56620296	560330003001	1	6000	44.7984379	-106.9598839
56620297	560330003001	1	9300	44.7986221	-106.9590461
56620298	560330003001	1	10970	44.7986816	-106.9591044
56620299	560330003001	1	29200	44.7981408	-106.9596225
56620300	560330003001	1	25000	44.7983077	-106.9596721
56620301	560330003001	1	8400	44.7987491	-106.9593974
56620302	560330003001	1	13500	44.7981813	-106.9594805
56620303	560330003001	1	11500	44.7981784	-106.9601468
56620304	560330003001	1	11500	44.7986453	-106.9595408
56620305	560330003001	1	47000	44.7985587	-106.9598436
56620306	560330003001	6	6000	44.7989965	-106.9628802
56620307	560330003001	1	19300	44.7978172	-106.9623660
56620308	560330003001	1	26360	44.7989581	-106.9585643
56620309	560330003001	1	27230	44.8068158	-106.9490737
56620310	560330003001	1	32800	44.7987962	-106.9617476
56620311	560330003001	1	0	44.7982010	-106.9603534
56620312	560330003001	1	40000	44.7995553	-106.9620656
56620313	560330003001	1	88000	44.8028100	-106.9577685
56620314	560330003001	1	40000	44.8030789	-106.9581213
56620315	560330003001	1	37500	44.7981280	-106.9584468
56620316	560330003001	1	12000	44.8028479	-106.9592929
56620317	560330003001	1	11620	44.7981832	-106.9581786
56620318	560330003001	1	101000	44.7988341	-106.9584026
56620319	560330003001	1	28300	44.7983007	-106.9583219
56620320	560330003001	1	141400	44.7988017	-106.9608584
56620321	560330003001	1	100400	44.7984887	-106.9579672
56620322	560330003001	1	40500	44.7981866	-106.9577274
56620323	560330003001	1	8000	44.7987825	-106.9581216
56620324	560330003001	1	10000	44.7988021	-106.9583027
56620325	560330003001	1	44000	44.7990274	-106.9580613
56620326	560330003001	1	31600	44.7985771	-106.9578563
56620327	560330003001	1	12000	44.7982002	-106.9587392
56620328	560330003001	1	80000	44.7987635	-106.9608076
56620329	560330003001	1	43200	44.7983089	-106.9578344
56620330	560330003001	1	19200	44.7989011	-106.9584114
56620331	560330003001	1	9000	44.7987346	-106.9578404
56620332	560330003001	1	41900	44.7984118	-106.9607917
56620333	560330003001	1	39400	44.7984073	-106.9588948
56620334	560330003001	1	8400	44.7984507	-106.9602984
56620335	560330003001	1	10000	44.8063781	-106.9487991
56620336	560330003001	1	12100	44.8059081	-106.9552070
56620337	560330003001	1	105000	44.7979775	-106.9611116
56620338	560330003001	1	13500	44.7987306	-106.9609663
56620339	560330003001	4	9000	44.7983419	-106.9606156
56620340	560330003001	1	37500	44.7984374	-106.9614878
56620341	560330003001	1	127600	44.7986698	-106.9607938
56620342	560330003001	1	88000	44.7984296	-106.9613909
56620343	560330003001	1	6550	44.7986610	-106.9615046
56620344	560330003001	1	117000	44.8059364	-106.9558015
56620345	560330003001	1	28800	44.7986004	-106.9611037
56620346	560330003001	1	79000	44.7981021	-106.9605690
56620347	560330003001	1	8400	44.7984546	-106.9605919
56620348	560330003001	1	-4199	44.8064346	-106.9553671
56620349	560330003001	1	10550	44.7982353	-106.9602831
56620350	560330003001	6	6000	44.7983545	-106.9610885
56620351	560330003001	1	22500	44.8063049	-106.9493157
56620352	560330003001	1	2300	44.8060046	-106.9557507
56620353	560330003001	1	31000	44.8057699	-106.9560353
56620354	560330003001	1	45000	44.8061306	-106.9555258
56620355	560330003001	1	54500	44.8062353	-106.9554227
56620356	560330003001	1	95930	44.8059623	-106.9560866
56620357	560330003001	1	12100	44.8058882	-106.9555659
56620358	560330003001	1	82500	44.8062026	-106.9553028
56620359	560330003001	1	8000	44.8066661	-106.9497006
56620360	560330003001	1	65000	44.8056124	-106.9553348
56620361	560330003001	1	50060	44.8057535	-106.9556221
56620362	560330003001	1	110	44.8058499	-106.9555042
56620363	560330003001	1	52300	44.8062094	-106.9497572
56620364	560330003001	1	0	44.8061647	-106.9563126
56620365	560330003001	1	8200	44.8064270	-106.9496710
56620366	560330003001	1	4400	44.7982126	-106.9626126
56620367	560330003001	1	40000	44.8063327	-106.9575659
56620368	560330003001	1	90000	44.8024317	-106.9561694
56620369	560330003001	1	45000	44.8020008	-106.9564498
56620370	560330003001	1	40000	44.8066351	-106.9497752
56620371	560330003001	1	11750	44.8062061	-106.9487952
56620372	560330003001	1	64000	44.8065754	-106.9500664
56620373	560330003001	1	23700	44.8021911	-106.9560083
56620374	560330003001	1	7800	44.8067496	-106.9496636
56620375	560330003001	1	24870	44.8025139	-106.9568080
56620376	560330003001	1	60000	44.8019685	-106.9567958
56620377	560330003001	1	54000	44.8026553	-106.9566995
56620378	560330003001	1	74000	44.8025037	-106.9562039
56620379	560330003001	1	11700	44.8018911	-106.9566178
56620380	560330003001	1	2300	44.8019549	-106.9568787
56620381	560330003001	1	50100	44.8021555	-106.9567126
56620382	560330003001	1	32100	44.8019352	-106.9568213
56620383	560330003001	1	81200	44.8066674	-106.9570383
56620384	560330003001	1	30000	44.8047657	-106.9525962
56620385	560330003001	1	7600	44.8043157	-106.9526307
56620386	560330003001	1	8800	44.8027152	-106.9571027
56620387	560330003001	1	80000	44.8043005	-106.9532845
56620388	560330003001	1	13800	44.8048112	-106.9531317
56620389	560330003001	1	9600	44.8045773	-106.9532124
56620390	560330003001	1	9000	44.8044196	-106.9534142
56620391	560330003001	1	82000	44.8064760	-106.9573204
56620392	560330003001	1	13700	44.8047120	-106.9529651
56620393	560330003001	1	32700	44.8043938	-106.9535079
56620394	560330003001	1	14000	44.8042906	-106.9529368
56620395	560330003001	1	10400	44.8042149	-106.9524668
56620396	560330003001	1	1000	44.8046417	-106.9533533
56620397	560330003001	1	56300	44.8042521	-106.9533954
56620398	560330003001	6	6000	44.7983424	-106.9625716
56620399	560330003001	1	13000	44.8021528	-106.9548248
56620400	560330003001	1	10500	44.8020897	-106.9555973
56620401	560330003001	1	90000	44.8065731	-106.9568032
56620402	560330003001	1	55000	44.8065738	-106.9570876
56620403	560330003001	1	44790	44.8066312	-106.9575506
56620404	560330003001	1	13300	44.8026166	-106.9557960
56620405	560330003001	1	28800	44.8065956	-106.9566803
56620406	560330003001	1	10800	44.8023236	-106.9550882
56620407	560330003001	1	9600	44.8023816	-106.9549946
56620408	560330003001	6	6000	44.8026487	-106.9546204
56620409	560330003001	1	130000	44.8028105	-106.9557642
56620410	560330003001	1	10000	44.8024474	-106.9553559
56620411	560330003001	1	38000	44.8026207	-106.9554485
56620412	560330003001	1	122000	44.8024838	-106.9549604
56620413	560330003001	1	6200	44.8026491	-106.9558262
56620414	560330003001	1	137000	44.7986047	-106.9624329
56620415	560330003001	1	12000	44.8056436	-106.9493307
56620416	560330003001	1	13300	44.8060903	-106.9488489
56620417	560330003001	1	8400	44.8053617	-106.9494842
56620418	560330003001	1	55000	44.8057369	-106.9495422
56620419	560330003001	1	27700	44.8053695	-106.9487510
56620420	560330003001	1	12060	44.8057250	-106.9499179
56620421	560330003001	1	36530	44.8057598	-106.9498478
56620422	560330003001	1	61200	44.7983822	-106.9618803
56620423	560330003001	1	12000	44.8058052	-106.9499037
56620424	560330003001	1	27800	44.8056874	-106.9487554
56620425	560330003001	1	45000	44.8060968	-106.9488219
56620426	560330003001	1	6000	44.7982799	-106.9618424
56620427	560330003001	1	13000	44.8055637	-106.9486624
56620428	560330003001	1	54400	44.7979889	-106.9619067
56620429	560330003001	1	101000	44.8035695	-106.9387303
56620430	560330003001	1	13500	44.7990666	-106.9581126
56620431	560330003001	6	17500	44.8045355	-106.9557108
56620432	560330003001	1	11700	44.8053558	-106.9540158
56620433	560330003001	1	80000	44.7991416	-106.9628756
56620434	560330003001	1	15100	44.7983112	-106.9619095
56620435	560330003001	1	208790	44.7988141	-106.9618527
56620436	560330003001	8	74030	44.7990055	-106.9627525
56620437	560330003001	1	8000	44.7980663	-106.9621670
56620438	560330003001	1	27900	44.7994872	-106.9627503
56620439	560330003001	1	11860	44.8014019	-106.9503343
56620440	560330003001	1	56000	44.7992951	-106.9620004
56620441	560330003001	1	49000	44.7974199	-106.9645172
56620442	560330003001	1	225000	44.7983803	-106.9615518
56620443	560330003001	1	7000	44.8012479	-106.9500750
56620444	560330003001	1	10000	44.7973791	-106.9643681
56620445	560330003001	1	103000	44.7975072	-106.9641945
56620446	560330003001	1	54300	44.8053945	-106.9554399
56620447	560330003001	1	10800	44.8044356	-106.9543084
56620448	560330003001	1	8200	44.8050194	-106.9546370
56620449	560330003001	1	14000	44.8053167	-106.9543002
56620450	560330003001	1	29500	44.8047525	-106.9546821
56620451	560330003001	1	2800	44.8043896	-106.9536058
56620452	560330003001	8	30000	44.8046198	-106.9547135
56620453	560330003001	1	28800	44.8046723	-106.9546368
56620454	560330003001	1	61000	44.8051231	-106.9554054
56620455	560330003001	1	153800	44.8051381	-106.9563992
56620456	560330003001	1	55000	44.8047630	-106.9563477
56620457	560330003001	1	9700	44.8047519	-106.9568999
56620458	560330003001	1	103050	44.8049800	-106.9559104
56620459	560330003001	1	127500	44.8051126	-106.9573744
56620460	560330003001	1	29100	44.8052283	-106.9560056
56620461	560330003001	1	110200	44.7995002	-106.9585991
56620462	560330003001	1	19300	44.8011820	-106.9492152
56620463	560330003001	1	1100	44.8034550	-106.9500611
56620464	560330003001	1	123800	44.8044932	-106.9549549
56620465	560330003001	1	66400	44.8040814	-106.9551849
56620466	560330003001	6	6000	44.8038769	-106.9555742
56620467	560330003001	1	32000	44.8027263	-106.9504608
56620468	560330003001	6	6000	44.8032694	-106.9497840
56620469	560330003001	1	10000	44.8028273	-106.9507384
56620470	560330003001	1	49000	44.7988017	-106.9651891
56620471	560330003001	1	32000	44.8037428	-106.9488268
56620472	560330003001	1	9600	44.8038826	-106.9507830
56620473	560330003001	1	99300	44.8040200	-106.9499536
56620474	560330003001	1	115000	44.7989223	-106.9642461
56620475	560330003001	1	28800	44.8039608	-106.9484692
56620476	560330003001	1	40000	44.8037016	-106.9486266
56620477	560330003001	1	68000	44.7991917	-106.9590015
56620478	560330003001	1	82360	44.8011586	-106.9564184
56620479	560330003001	1	11200	44.8005123	-106.9559044
56620480	560330003001	1	31000	44.8011859	-106.9486092
56620481	560330003001	1	75000	44.8007997	-106.9483919
56620482	560330003001	1	60400	44.8014724	-106.9568294
56620483	560330003001	1	22000	44.8007798	-106.9555556
56620484	560330003001	1	13300	44.8003411	-106.9555323
56620485	560330003001	1	6800	44.7996621	-106.9601346
56620486	560330003001	1	34400	44.7996063	-106.9610833
56620487	560330003001	1	29000	44.8011049	-106.9565277
56620488	560330003001	1	45860	44.7996529	-106.9605068
56620489	560330003001	1	18000	44.7995542	-106.9595305
56620490	560330003001	1	35810	44.7990539	-106.9610384
56620491	560330003001	1	27000	44.7992172	-106.9601366
56620492	560330003001	1	11700	44.8034437	-106.9385367
56620493	560330003001	1	46500	44.8013346	-106.9609692
56620494	560330003001	1	27400	44.8066997	-106.9533982
56620495	560330003001	1	45500	44.8009810	-106.9589213
56620496	560330003001	1	85000	44.8004285	-106.9587193
56620497	560330003001	1	8500	44.8002971	-106.9584948
56620498	560330003001	6	6000	44.8009723	-106.9581583
56620499	560330003001	1	32800	44.8002173	-106.9591186
56620500	560330003001	1	31200	44.8009896	-106.9583799
56620501	560330003001	1	18280	44.8068205	-106.9531816
56620502	560330003001	1	28300	44.8004856	-106.9577673
56620503	560330003001	1	65000	44.8002676	-106.9576432
56620504	560330003001	1	56400	44.8006548	-106.9579170
56620505	560330003001	1	12100	44.7992404	-106.9577198
56620506	560330003001	1	8000	44.7994197	-106.9577997
56620507	560330003001	1	8000	44.7998307	-106.9567223
56620508	560330003001	1	32000	44.8009106	-106.9607900
56620509	560330003001	1	4600	44.7983798	-106.9541713
56620510	560330003001	1	90000	44.8000647	-106.9594549
56620511	560330003001	1	33800	44.8003595	-106.9606766
56620512	560330003001	1	49550	44.8005161	-106.9607239
56620513	560330003001	1	26100	44.8014218	-106.9596268
56620514	560330003001	1	29000	44.7998532	-106.9603682
56620515	560330003001	1	33000	44.8008765	-106.9599229
56620516	560330003001	1	10800	44.8025534	-106.9603946
56620517	560330003001	1	10500	44.7987123	-106.9540683
56620518	560330003001	1	7000	44.7981290	-106.9548947
56620519	560330003001	1	100000	44.7986641	-106.9543486
56620520	560330003001	1	0	44.8028133	-106.9603360
56620521	560330003001	1	0	44.8027839	-106.9489805
56620522	560330003001	1	25400	44.8025856	-106.9490579
56620523	560330003001	1	38500	44.8027687	-106.9612041
56620524	560330003001	1	175000	44.8062221	-106.9542508
56620525	560330003001	6	6000	44.8052481	-106.9515775
56620526	560330003001	1	58300	44.8057589	-106.9589840
56620527	560330003001	1	25200	44.8059724	-106.9589973
56620528	560330003001	1	5000	44.8060176	-106.9431386
56620529	560330003001	1	30000	44.7986533	-106.9484566
56620530	560330003001	1	14400	44.8061190	-106.9427585
56620531	560330003001	1	46500	44.8062632	-106.9543239
56620532	560330003001	1	12100	44.7993491	-106.9550917
56620533	560330003001	1	24800	44.8050592	-106.9516102
56620534	560330003001	6	6000	44.8001621	-106.9546915
56620535	560330003001	1	8590	44.8017340	-106.9569825
56620536	560330003001	1	18800	44.8049590	-106.9583781
56620537	560330003001	1	50000	44.8017962	-106.9571262
56620538	560330003001	1	10000	44.8051467	-106.9511253
56620539	560330003001	1	7800	44.7977114	-106.9481633
56620540	560330003001	1	197400	44.8054151	-106.9506553
56620541	560330003001	1	7000	44.7974106	-106.9484832
56620542	560330003001	1	353000	44.8034251	-106.9525824
56620543	560330003001	1	54200	44.7985343	-106.9553914
56620544	560330003001	1	66900	44.8056230	-106.9412414
56620545	560330003001	1	10550	44.7982636	-106.9572023
56620546	560330003001	1	27500	44.7974218	-106.9566033
56620547	560330003001	1	40000	44.7981951	-106.9558493
56620548	560330003001	1	2400	44.8032845	-106.9397035
56620549	560330003001	4	9000	44.7992138	-106.9488838
56620550	560330003001	1	98000	44.7965124	-106.9550082
56620551	560330003001	1	26800	44.7963640	-106.9559299
56620552	560330003001	1	18000	44.8059638	-106.9447008
56620553	560330003001	1	78510	44.7965590	-106.9543400
56620554	560330003001	1	17900	44.8064273	-106.9444414
56620555	560330003001	1	7200	44.7986920	-106.9593181
56620556	560330003001	1	25000	44.8036777	-106.9411279
56620557	560330003001	1	13174	44.8033504	-106.9474448
56620558	560330003001	1	9600	44.7970668	-106.9494046
56620559	560330003001	1	71000	44.8000912	-106.9556689
56620560	560330003001	1	12000	44.8058027	-106.9573923
56620561	560330003001	1	9600	44.8056379	-106.9576066
56620562	560330003001	1	25700	44.8003848	-106.9490519
56620563	560330003001	1	13500	44.8057844	-106.9450540
56620564	560330003001	1	11200	44.7982554	-106.9487491
56620565	560330003001	1	35000	44.8018521	-106.9624615
56620566	560330003001	1	15500	44.7971234	-106.9521613
56620567	560330003001	1	39290	44.8049724	-106.9475385
56620568	560330003001	1	24000	44.7990912	-106.9508181
56620569	560330003001	1	60000	44.7992557	-106.9381465
56620570	560330003001	1	25900	44.8002587	-106.9521636
56620571	560330003001	1	30800	44.8034272	-106.9470219
56620572	560330003001	1	41000	44.8005153	-106.9548950
56620573	560330003001	1	13000	44.8042216	-106.9568612
56620574	560330003001	1	65000	44.8061093	-106.9483746
56620575	560330003001	1	12500	44.8029913	-106.9561305
56620576	560330003001	1	14000	44.7988871	-106.9655961
56620577	560330003001	1	10000	44.8029795	-106.9548872
56620578	560330003001	1	43500	44.8041480	-106.9472354
56620579	560330003001	1	4600	44.8017761	-106.9474713
56620580	560330003001	1	32200	44.8013315	-106.9473572
56620581	560330003001	1	37700	44.8015601	-106.9545089
56620582	560330003001	1	8000	44.8001608	-106.9469948
56620583	560330003001	1	39500	44.8025444	-106.9465781
56620584	560330003001	1	94250	44.8016231	-106.9462179
56620585	560330003001	1	12000	44.8008007	-106.9459904
56620586	560330003001	1	45000	44.8044775	-106.9414999
56620587	560330003001	1	13600	44.8033546	-106.9437700
56620588	560330003001	1	82000	44.8018054	-106.9452148
56620589	560330003001	1	165010	44.8059746	-106.9468753
56620590	560330003001	1	5050	44.8036768	-106.9459274
56620591	560330003001	6	6000	44.8050751	-106.9467594
56620592	560330003001	1	8200	44.7990539	-106.9447051
56620593	560330003001	1	75600	44.7999702	-106.9460860
56620594	560330003001	1	48800	44.7991955	-106.9426547
56620595	560330003001	1	27000	44.7996664	-106.9444291
56620596	560330003001	1	2300	44.8010768	-106.9434986
56620597	560330003001	1	14400	44.8017252	-106.9441823
56620598	560330003001	1	32800	44.8005327	-106.9447313
56620599	560330003001	1	121780	44.8000694	-106.9429486
56620600	560330003001	1	3700	44.8026613	-106.9440108
56620601	560330003001	1	13350	44.8026083	-106.9446757
56620602	560330003001	1	22500	44.8000318	-106.9426115
56620603	560330003001	1	22800	44.7994435	-106.9412934
56620604	560330003001	1	81200	44.8038971	-106.9450398
56620605	560330003001	1	30000	44.8037020	-106.9452137
56620606	560330003001	1	5050	44.8046033	-106.9445436
56620607	560330003001	6	6000	44.7990407	-106.9403371
56620608	560330003001	1	73000	44.8054240	-106.9456982
56620609	560330003001	1	110	44.8048576	-106.9445742
56620610	560330003001	1	31000	44.7995431	-106.9411348
56620611	560330003001	1	2300	44.8013287	-106.9422973
56620612	560330003001	1	11800	44.8004540	-106.9411119
56620613	560330003001	1	85000	44.8010011	-106.9420299
56620614	560330003001	8	40000	44.8026653	-106.9425175
56620615	560330003001	1	8200	44.8020150	-106.9409072
56620616	560330003001	1	47500	44.8026141	-106.9407688
56620617	560330003001	1	70000	44.7985504	-106.9600422
56620618	560330003001	1	61000	44.7973116	-106.9601584
56620619	560330003001	1	13300	44.7994567	-106.9371153
56620620	560330003001	1	3700	44.8020086	-106.9379616
56620621	560330003001	1	11600	44.8055769	-106.9432785
56620622	560330003001	1	9300	44.8032900	-106.9426559
56620623	560330003001	1	30500	44.8046021	-106.9424290
56620624	560330003001	1	12000	44.8010734	-106.9392170
56620625	560330003001	1	30000	44.8015316	-106.9379000
56620626	560330003001	1	7300	44.8022555	-106.9401369
56620627	560330003001	1	2400	44.7998643	-106.9507553
56620628	560330003001	1	12000	44.7999505	-106.9399537
56620629	560330003001	1	36530	44.7990995	-106.9396573
56620630	560330003001	1	77500	44.8005513	-106.9382282
56620631	560330003001	1	25300	44.8008332	-106.9516898
56620632	560330003001	1	12400	44.8029256	-106.9390034
56620633	560330003001	1	55000	44.8027272	-106.9393441
56620634	560330003001	1	13700	44.7975505	-106.9613651
56620635	560330003001	1	20000	44.7979252	-106.9603776
56620636	560330003001	1	81000	44.7976513	-106.9612790
56620637	560330003001	1	30000	44.7992928	-106.9499851
56620638	560330003001	1	51300	44.7977434	-106.9610665
56620639	560330003001	1	3900	44.7974063	-106.9603140
56620640	560330003001	1	35000	44.7976725	-106.9606854
56620641	560330003001	6	44400	44.7975521	-106.9605432
56620642	560330003001	1	23600	44.7978530	-106.9603128
56620643	560330003001	1	39700	44.7974059	-106.9604430
56620644	560330003001	1	8200	44.7973389	-106.9601553
56620645	560330003001	1	6550	44.7979625	-106.9602161
56620646	560330003001	1	13200	44.7976623	-106.9608604
56620647	560330003001	1	8400	44.7974584	-106.9609757
56620648	560330003001	1	4700	44.7974301	-106.9608629
56620649	560330003001	1	25600	44.7984212	-106.9593927
56620650	560330003001	1	106100	44.7975071	-106.9576110
56620651	560330003001	1	30600	44.7976652	-106.9578897
56620652	560330003001	1	18300	44.7974435	-106.9601463
56620653	560330003001	1	74600	44.7976482	-106.9604621
56620654	560330003001	1	56400	44.7977878	-106.9606422
56620655	560330003001	1	33200	44.7979016	-106.9586818
56620656	560330003001	1	42000	44.7976920	-106.9611004
56620657	560330003001	1	11200	44.7974978	-106.9587149
56620658	560330003001	1	21000	44.7973714	-106.9581204
56620659	560330003001	1	30000	44.7979768	-106.9578036
56620660	560330003001	6	17500	44.7973296	-106.9584085
56620661	560330003001	1	6230	44.7979132	-106.9577072
56620662	560330003001	1	110000	44.7980105	-106.9587303
56620663	560330003001	1	31600	44.7980110	-106.9581370
56620664	560330003001	1	28800	44.7976902	-106.9582882
56620665	560330003001	1	17100	44.7983612	-106.9598087
56620666	560330003001	1	8000	44.7976209	-106.9583030
56620667	560330003001	1	26000	44.7975748	-106.9575970
56620668	560330003001	1	95100	44.7977564	-106.9578080
56620669	560330003001	1	58200	44.7978798	-106.9587529
56620670	560330003001	1	28300	44.7978293	-106.9579805
56620671	560330003001	1	12000	44.7975511	-106.9581236
56620672	560330003001	1	13800	44.7977918	-106.9582391
56620673	560330003001	1	6800	44.7981326	-106.9594579
56620674	560330003001	1	76300	44.7972890	-106.9577393
56620675	560330003001	1	12600	44.7978294	-106.9587392
56620676	560330003001	1	91500	44.7976104	-106.9582871
56620677	560330003001	1	5600	44.7980545	-106.9599643
56620678	560330003001	1	13200	44.7974390	-106.9584325
56620679	560330003001	1	14000	44.7984054	-106.9595414
56620680	560330003001	1	45000	44.7988940	-106.9577799
56620681	560330003001	1	7200	44.7984081	-106.9595266
56620682	560330003001	1	13200	44.7987465	-106.9591543
56620683	560330003001	1	10000	44.7986119	-106.9598263
56620684	560330003001	1	23000	44.7982926	-106.9589680
56620685	560330003001	1	33800	44.7982919	-106.9591367
56620686	560330003001	1	55000	44.7987843	-106.9602739
56620687	560330003001	1	8200	44.7988712	-106.9601563
56620688	560330003001	1	9200	44.7986446	-106.9596629
56620689	560330003001	1	46000	44.7984106	-106.9601204
56620690	560330003001	1	20000	44.7987308	-106.9601228
56620691	560330003001	1	363500	44.7984456	-106.9590504
56620692	560330003001	1	11700	44.7983019	-106.9584020
56620693	560330003001	1	8200	44.7983025	-106.9585200
56620694	560330003001	1	9200	44.7988939	-106.9599120
56620695	560330003001	1	8200	44.7988026	-106.9598209
56620696	560330003001	1	2100	44.7980938	-106.9591333
56620697	560330003001	1	13500	44.7981688	-106.9585111
56620698	560330003001	1	26100	44.7981078	-106.9593306
56620699	560330003001	1	35200	44.7986292	-106.9593565
56620700	560330003001	1	81400	44.7986440	-106.9581757
56620701	560330003001	1	70000	44.7982986	-106.9587437
56620702	560330003001	1	13800	44.7985686	-106.9579239
56620703	560330003001	6	6000	44.7983792	-106.9586862
56620704	560330003001	1	12790	44.7982940	-106.9580335
56620705	560330003001	1	37000	44.7983561	-106.9586640
56620706	560330003001	1	61460	44.7982281	-106.9588428
56620707	560330003001	1	30000	44.7988127	-106.9589070
56620708	560330003001	1	7500	44.7985308	-106.9579027
56620709	560330003001	1	25500	44.8032591	-106.9529530
56620710	560330003001	1	25000	44.8065056	-106.9561958
56620711	560330003001	1	8400	44.8067960	-106.9556178
56620712	560330003001	1	1000	44.8066229	-106.9557480
56620713	560330003002	1	2300	44.7998811	-106.9629302
56620714	560330003002	1	64600	44.8039122	-106.9657325
56620715	560330003002	1	6200	44.8046052	-106.9660459
56620716	560330003002	1	52000	44.8042576	-106.9655058
56620717	560330003002	1	32000	44.8045942	-106.9654988
56620718	560330003002	1	56000	44.8042831	-106.9658650
56620719	560330003002	1	48400	44.8043183	-106.9660474
56620720	560330003002	1	89700	44.8007260	-106.9721774
56620721	560330003002	1	27480	44.8070032	-106.9620024
56620722	560330003002	1	16440	44.8070142	-106.9616813
56620723	560330003002	1	8400	44.8006904	-106.9628303
56620724	560330003002	1	8200	44.8073893	-106.9617117
56620725	560330003002	1	53600	44.8010890	-106.9725687
56620726	560330003002	1	8400	44.8071757	-106.9626793
56620727	560330003002	1	3300	44.8072546	-106.9622718
56620728	560330003002	1	64500	44.8068689	-106.9623572
56620729	560330003002	1	95050	44.8011476	-106.9723696
56620730	560330003002	3	8000	44.8012995	-106.9723873
56620731	560330003002	1	42400	44.8007807	-106.9728430
56620732	560330003002	1	165010	44.8049189	-106.9691502
56620733	560330003002	1	43500	44.8006292	-106.9722243
56620734	560330003002	1	40000	44.8050606	-106.9695144
56620735	560330003002	8	74030	44.8051326	-106.9701979
56620736	560330003002	1	30000	44.8046586	-106.9694488
56620737	560330003002	1	29780	44.8052286	-106.9695814
56620738	560330003002	1	38000	44.8048862	-106.9697340
56620739	560330003002	8	25000	44.8032527	-106.9691640
56620740	560330003002	1	30900	44.8004181	-106.9629259
56620741	560330003002	1	20200	44.8045701	-106.9719081
56620742	560330003002	1	38001	44.8049048	-106.9719243
56620743	560330003002	1	4400	44.8046829	-106.9717169
56620744	560330003002	1	9600	44.8046789	-106.9718503
56620745	560330003002	1	21960	44.8035292	-106.9715530
56620746	560330003002	1	52300	44.8047599	-106.9716342
56620747	560330003002	1	193000	44.8004129	-106.9628613
56620748	560330003002	1	64450	44.8002357	-106.9625734
56620749	560330003002	1	97100	44.8048806	-106.9723186
56620750	560330003002	1	12800	44.8041581	-106.9718056
56620751	560330003002	1	30000	44.8035256	-106.9713496
56620752	560330003002	1	1000	44.8040554	-106.9717387
56620753	560330003002	1	69900	44.8039788	-106.9730631
56620754	560330003002	1	8200	44.8035693	-106.9721237
56620755	560330003002	1	55000	44.8038336	-106.9721627
56620756	560330003002	1	37000	44.8065580	-106.9606026
56620757	560330003002	1	8200	44.8009426	-106.9699134
56620758	560330003002	1	38000	44.8042300	-106.9614903
56620759	560330003002	1	37900	44.8070458	-106.9661061
56620760	560330003002	1	7100	44.8060965	-106.9661598
56620761	560330003002	1	29200	44.8026562	-106.9700188
56620762	560330003002	8	58900	44.8073810	-106.9637010
56620763	560330003002	1	28800	44.8070049	-106.9635284
56620764	560330003002	1	42300	44.8072891	-106.9635029
56620765	560330003002	1	8500	44.8032754	-106.9711318
56620766	560330003002	1	60000	44.8067984	-106.9637184
56620767	560330003002	1	9900	44.8033478	-106.9705458
56620768	560330003002	1	31400	44.8042490	-106.9692220
56620769	560330003002	1	7400	44.8036825	-106.9687936
56620770	560330003002	1	7500	44.8027164	-106.9708097
56620771	560330003002	1	8200	44.8030653	-106.9709062
56620772	560330003002	1	60800	44.8037274	-106.9698613
56620773	560330003002	8	77100	44.8040962	-106.9698824
56620774	560330003002	1	21500	44.8044111	-106.9693979
56620775	560330003002	1	45000	44.8065952	-106.9655562
56620776	560330003002	1	79000	44.8040664	-106.9642650
56620777	560330003002	1	88500	44.8064025	-106.9665847
56620778	560330003002	1	6000	44.8060199	-106.9656887
56620779	560330003002	1	49000	44.8063246	-106.9661002
56620780	560330003002	1	39000	44.8043649	-106.9646106
56620781	560330003002	1	7520	44.8059881	-106.9662042
56620782	560330003002	1	100000	44.8047767	-106.9641504
56620783	560330003002	1	54300	44.8039516	-106.9640899
56620784	560330003002	1	102000	44.8037644	-106.9645509
56620785	560330003002	1	36500	44.8041997	-106.9649104
56620786	560330003002	1	48000	44.8047196	-106.9648958
56620787	560330003002	1	115000	44.8033751	-106.9648032
56620788	560330003002	1	80000	44.8034289	-106.9640206
56620789	560330003002	1	40000	44.8031813	-106.9640496
56620790	560330003002	1	12900	44.7979313	-106.9696709
56620791	560330003002	1	45800	44.8066952	-106.9711116
56620792	560330003002	1	46500	44.8051546	-106.9621781
56620793	560330003002	1	4900	44.8071418	-106.9657077
56620794	560330003002	1	39000	44.8073442	-106.9662450
56620795	560330003002	1	72000	44.8069429	-106.9662780
56620796	560330003002	1	30400	44.8051015	-106.9625404
56620797	560330003002	1	47700	44.8056106	-106.9615487
56620798	560330003002	1	122000	44.8052635	-106.9619487
56620799	560330003002	1	36000	44.8062600	-106.9715396
56620800	560330003002	1	52800	44.8040433	-106.9709688
56620801	560330003002	1	9500	44.8054923	-106.9621305
56620802	560330003002	3	8000	44.8040388	-106.9713268
56620803	560330003002	1	49200	44.8038714	-106.9709145
56620804	560330003002	1	77300	44.8042262	-106.9712416
56620805	560330003002	1	53300	44.8036234	-106.9702490
56620806	560330003002	1	35000	44.7977805	-106.9694938
56620807	560330003002	1	26100	44.8066482	-106.9635977
56620808	560330003002	1	8800	44.8064611	-106.9711860
56620809	560330003002	8	30200	44.8070069	-106.9708481
56620810	560330003002	1	18200	44.8062436	-106.9709975
56620811	560330003002	1	29700	44.8058693	-106.9632842
56620812	560330003002	1	27600	44.8061765	-106.9630605
56620813	560330003002	1	1000	44.8061772	-106.9628231
56620814	560330003002	1	50000	44.7976761	-106.9697408
56620815	560330003002	1	1000	44.8056569	-106.9608264
56620816	560330003002	1	30600	44.8065616	-106.9639313
56620817	560330003002	1	36500	44.8059350	-106.9607113
56620818	560330003002	1	51000	44.8058549	-106.9602524
56620819	560330003002	1	44000	44.8051565	-106.9611162
56620820	560330003002	1	81000	44.8057001	-106.9606896
56620821	560330003002	1	97000	44.8010413	-106.9702926
56620822	560330003002	1	2400	44.8015983	-106.9673719
56620823	560330003002	1	88000	44.8046518	-106.9665181
56620824	560330003002	1	115000	44.8054902	-106.9666993
56620825	560330003002	1	40000	44.8047551	-106.9616593
56620826	560330003002	1	25800	44.8049012	-106.9620931
56620827	560330003002	1	71000	44.8049958	-106.9623695
56620828	560330003002	1	42800	44.8051896	-106.9671197
56620829	560330003002	1	127600	44.8054261	-106.9670813
56620830	560330003002	1	40000	44.8047599	-106.9667911
56620831	560330003002	1	175000	44.8045693	-106.9673593
56620832	560330003002	1	27500	44.8041949	-106.9681892
56620833	560330003002	1	33940	44.8043528	-106.9676263
56620834	560330003002	1	85000	44.8037140	-106.9675801
56620835	560330003002	1	47700	44.8043828	-106.9668309
56620836	560330003002	1	47700	44.8045223	-106.9679632
56620837	560330003002	1	0	44.8040557	-106.9673314
56620838	560330003002	4	9000	44.8018960	-106.9673003
56620839	560330003002	1	51000	44.8018701	-106.9720826
56620840	560330003002	1	74000	44.8049615	-106.9686759
56620841	560330003002	1	50100	44.8048140	-106.9676640
56620842	560330003002	1	94000	44.8047206	-106.9678887
56620843	560330003002	1	21400	44.8019591	-106.9720437
56620844	560330003002	1	27000	44.8052417	-106.9679742
56620845	560330003002	1	55000	44.8071953	-106.9696269
56620846	560330003002	1	25000	44.8011097	-106.9671881
56620847	560330003002	1	32800	44.8056642	-106.9674457
56620848	560330003002	8	18000	44.8015689	-106.9716611
56620849	560330003002	1	45600	44.8019299	-106.9718223
56620850	560330003002	1	45000	44.8055591	-106.9674640
56620851	560330003002	1	78600	44.8059889	-106.9670768
56620852	560330003002	1	2300	44.8059224	-106.9669772
56620853	560330003002	1	122700	44.8011329	-106.9700505
56620854	560330003002	1	84500	44.8045130	-106.9709602
56620855	560330003002	1	63000	44.8018914	-106.9677620
56620856	560330003002	1	2760	44.8056638	-106.9726489
56620857	560330003002	1	41900	44.8011481	-106.9682666
56620858	560330003002	1	85500	44.8052318	-106.9723809
56620859	560330003002	1	30000	44.8020935	-106.9677446
56620860	560330003002	1	77800	44.8052501	-106.9716130
56620861	560330003002	1	93600	44.8052109	-106.9726979
56620862	560330003002	1	36000	44.8049627	-106.9709906
56620863	560330003002	1	41400	44.8064489	-106.9678257
56620864	560330003002	1	53000	44.8026489	-106.9682293
56620865	560330003002	1	90000	44.8023499	-106.9679357
56620866	560330003002	1	27400	44.8067991	-106.9669491
56620867	560330003002	1	9500	44.8070536	-106.9679651
56620868	560330003002	1	50100	44.8066885	-106.9673439
56620869	560330003002	1	9300	44.8026435	-106.9690341
56620870	560330003002	8	30200	44.8030172	-106.9713104
56620871	560330003002	1	34300	44.8058225	-106.9709267
56620872	560330003002	1	90000	44.8046987	-106.9709728
56620873	560330003002	1	44000	44.8058762	-106.9710590
56620874	560330003002	1	10000	44.8071548	-106.9607437
56620875	560330003002	1	45234	44.8056750	-106.9711421
56620876	560330003002	1	28600	44.8072629	-106.9608354
56620877	560330003002	1	52700	44.8018873	-106.9689681
56620878	560330003002	1	41400	44.8043513	-106.9627741
56620879	560330003002	1	84000	44.8028402	-106.9712233
56620880	560330003002	1	51000	44.8031636	-106.9713539
56620881	560330003002	1	0	44.8026404	-106.9691296
56620882	560330003002	1	16440	44.8041863	-106.9631217
56620883	560330003002	1	8200	44.8048322	-106.9631849
56620884	560330003002	1	35000	44.8064234	-106.9612912
56620885	560330003002	3	8000	44.8039973	-106.9593934
56620886	560330003002	1	45500	44.8028902	-106.9682255
56620887	560330003002	1	35560	44.8038824	-106.9626486
56620888	560330003002	1	32400	44.8017636	-106.9690060
56620889	560330003002	8	30200	44.8018648	-106.9647149
56620890	560330003002	1	38000	44.8012687	-106.9651320
56620891	560330003002	8	77100	44.8017186	-106.9656581
56620892	560330003002	1	134800	44.8012284	-106.9667830
56620893	560330003002	1	10500	44.8018544	-106.9661032
56620894	560330003002	1	57290	44.8017601	-106.9667566
56620895	560330003002	3	8000	44.8039361	-106.9636526
56620896	560330003002	1	110000	44.8023293	-106.9699377
56620897	560330003002	1	197100	44.8008934	-106.9689305
56620898	560330003002	8	38500	44.8008394	-106.9693767
56620899	560330003002	1	79200	44.8036049	-106.9630435
56620900	560330003002	1	43000	44.8021440	-106.9697832
56620901	560330003002	1	55000	44.8022558	-106.9699912
56620902	560330003002	1	1000	44.8029851	-106.9683902
56620903	560330003002	1	87700	44.8058897	-106.9646438
56620904	560330003002	1	2800	44.8057119	-106.9627280
56620905	560330003002	1	33000	44.8052119	-106.9637861
56620906	560330003002	1	7900	44.8052233	-106.9627998
56620907	560330003002	1	7200	44.8031175	-106.9729721
56620908	560330003002	1	231600	44.8031253	-106.9725046
56620909	560330003002	1	51200	44.8026198	-106.9728699
56620910	560330003002	1	44000	44.8027900	-106.9680537
56620911	560330003002	1	34200	44.8066628	-106.9653947
56620912	560330003002	1	21200	44.8057803	-106.9641751
56620913	560330003002	1	72000	44.8066013	-106.9651517
56620914	560330003002	1	113000	44.7993093	-106.9642616
56620915	560330003002	3	92200	44.8066586	-106.9645076
56620916	560330003002	1	8000	44.8071329	-106.9647494
56620917	560330003002	1	1000	44.8040087	-106.9584332
56620918	560330003002	1	43000	44.8058995	-106.9683985
56620919	560330003002	8	27600	44.8020442	-106.9671287
56620920	560330003002	1	80000	44.8034124	-106.9666804
56620921	560330003002	1	201800	44.8030744	-106.9672610
56620922	560330003002	1	8000	44.8035510	-106.9661807
56620923	560330003002	1	75250	44.8020519	-106.9666578
56620924	560330003002	1	40000	44.8069939	-106.9723795
56620925	560330003002	1	77500	44.8073199	-106.9721772
56620926	560330003002	1	47700	44.8037891	-106.9650156
56620927	560330003002	1	37500	44.8027817	-106.9651713
56620928	560330003002	1	25000	44.8024959	-106.9671422
56620929	560330003002	1	67700	44.8028279	-106.9653133
56620930	560330003002	1	0	44.8037852	-106.9658473
56620931	560330003002	1	34000	44.8029227	-106.9659033
56620932	560330003002	1	112000	44.8032071	-106.9649095
56620933	560330003002	1	74000	44.8042131	-106.9581489
56620934	560330003002	1	37000	44.8067860	-106.9705122
56620935	560330003002	1	7800	44.8056476	-106.9699531
56620936	560330003002	1	40000	44.8057786	-106.9678590
56620937	560330003002	1	58000	44.8054264	-106.9690971
56620938	560330003002	1	86900	44.8063546	-106.9704513
56620939	560330003002	1	41900	44.8066164	-106.9690205
56620940	560330003002	1	116500	44.8065668	-106.9685576
56620941	560330003002	1	65000	44.8031665	-106.9596880
56620942	560330003002	1	40000	44.8058127	-106.9599969
56620943	560330003002	1	628000	44.8018725	-106.9723539
56620944	560330003002	1	30100	44.8018990	-106.9731309
56620945	560330003002	1	80700	44.8031548	-106.9613385
56620946	560330003002	8	27600	44.8053280	-106.9595049
56620947	560330003002	1	8000	44.8032170	-106.9612553
56620948	560330003002	1	3300	44.8069453	-106.9603894
56620949	560330003002	1	44100	44.7975427	-106.9682912
56620950	560330003002	1	27400	44.8053372	-106.9651853
56620951	560330003002	1	98680	44.8001431	-106.9670743
56620952	560330003002	1	6000	44.8008778	-106.9710848
56620953	560330003002	1	55600	44.7984044	-106.9709473
56620954	560330003002	1	25000	44.8001409	-106.9689464
56620955	560330003002	1	22800	44.8020221	-106.9626905
56620956	560330003002	1	103120	44.8061927	-106.9729201
56620957	560330003002	1	86900	44.7981691	-106.9670776
56620958	560330003002	1	5000	44.8053385	-106.9651858
56620959	560330003002	1	132000	44.8073243	-106.9673892
56620960	560330003002	1	2400	44.8012342	-106.9633649
56620961	560330003002	1	60000	44.7991061	-106.9662754
56620962	560330003002	1	39400	44.8049189	-106.9646818
56620963	560330003002	1	0	44.8073241	-106.9675006
56620964	560330003002	1	16800	44.8073307	-106.9673525
56620965	560330003002	1	96200	44.7980498	-106.9683399
56620966	560330003002	1	60000	44.8052004	-106.9650604
56620967	560330003002	1	36400	44.8055576	-106.9645174
56620968	560330003002	1	7200	44.8051840	-106.9645831
56620969	560330003002	1	27000	44.8053172	-106.9644377
56620970	560330003002	1	28200	44.8053208	-106.9639911
56620971	560330003002	1	57600	44.8051266	-106.9643080
56620972	560330003002	1	363500	44.8048689	-106.9650775
56620973	560330003002	1	76830	44.7979743	-106.9687427
56620974	560330003002	1	28300	44.7977855	-106.9687682
56620975	560330003002	1	40000	44.8055679	-106.9646435
56620976	560330003002	1	43000	44.7977548	-106.9680348
56620977	560330003002	1	17100	44.7981073	-106.9683153
56620978	560330003002	1	12000	44.7980209	-106.9682418
56620979	560330003002	1	100000	44.7978643	-106.9679427
56620980	560330003002	1	41400	44.8069437	-106.9604883
56620981	560330003002	1	9600	44.8036963	-106.9605685
56620982	560330003002	1	24400	44.8051418	-106.9605935
56620983	560330003002	1	26600	44.8043737	-106.9602390
56620984	560330003002	1	25000	44.8048665	-106.9607427
56620985	560330003002	1	45000	44.8048582	-106.9602512
56620986	560330003002	1	26000	44.8043185	-106.9604031
56620987	560330003002	1	43700	44.8045809	-106.9607237
56620988	560330003002	1	12000	44.8051865	-106.9601726
56620989	560330003002	1	36000	44.8038094	-106.9607190
56620990	560330003002	1	89000	44.8039147	-106.9608764
56620991	560330003002	1	50000	44.8048190	-106.9611494
56620992	560330003002	1	8900	44.8048029	-106.9607731
56620993	560330003002	1	31800	44.8038869	-106.9605333
56620994	560330003002	1	48000	44.8036178	-106.9599209
56620995	560330003002	1	38000	44.8036063	-106.9606808
56620996	560330003002	1	41280	44.8061658	-106.9608400
56620997	560330003002	1	147000	44.8047525	-106.9596191
56620998	560330003002	1	28000	44.8040975	-106.9605611
56620999	560330003002	1	11300	44.8041267	-106.9606223
56621000	560330003002	1	42100	44.8035495	-106.9610160
56621001	560330003002	1	4600	44.8051243	-106.9589551
56621002	560330003002	1	26600	44.8051442	-106.9596351
56621003	560330003002	1	13000	44.8045657	-106.9597473
56621004	560330003002	1	40000	44.8065446	-106.9606665
56621005	560330003002	1	7800	44.8046061	-106.9599543
56621006	560330003002	1	0	44.8047604	-106.9590167
56621007	560330003002	1	85000	44.8044844	-106.9598096
56621008	560330003002	1	25600	44.8060347	-106.9612120
56621009	560330003002	8	148800	44.8052356	-106.9590451
56621010	560330003002	1	27000	44.8061721	-106.9608137
56621011	560330003002	8	25000	44.8073584	-106.9688740
56621012	560330003002	1	69250	44.8027692	-106.9696335
56621013	560330003002	1	7000	44.8054008	-106.9652578
56621014	560330003002	1	8800	44.8029565	-106.9690802
56621015	560330003002	1	56900	44.7979118	-106.9663563
56621016	560330003002	1	29100	44.8028907	-106.9698529
56621017	560330003002	8	38500	44.8027226	-106.9692922
56621018	560330003002	1	197000	44.8029916	-106.9697549
56621019	560330003002	1	60000	44.7975060	-106.9663699
56621020	560330003002	1	22000	44.8033951	-106.9688591
56621021	560330003002	1	95000	44.8028783	-106.9687955
56621022	560330003002	1	35000	44.8072616	-106.9682438
56621023	560330003002	1	2400	44.8040286	-106.9620545
56621024	560330003002	1	33040	44.8047784	-106.9662027
56621025	560330003002	1	63000	44.8053057	-106.9664156
56621026	560330003002	1	40000	44.8051341	-106.9660107
56621027	560330003002	1	54200	44.8048383	-106.9654422
56621028	560330003002	1	66400	44.8048382	-106.9657181
56621029	560330003002	1	90000	44.8050537	-106.9660149
56621030	560330003002	1	44000	44.8072376	-106.9687646
56621031	560330003002	1	8300	44.8038467	-106.9623170
56621032	560330003002	1	45000	44.8040140	-106.9620745
56621033	560330003002	8	53000	44.8034095	-106.9615386
56621034	560330003002	1	67740	44.8034671	-106.9611393
56621035	560330003002	1	6900	44.8036351	-106.9621229
56621036	560330003002	1	91400	44.8035352	-106.9620717
56621037	560330003002	1	42700	44.8007789	-106.9721805
56621038	560330003002	1	46000	44.8063646	-106.9627650
56621039	560330003002	1	9000	44.8064693	-106.9615728
56621040	560330003002	1	28900	44.8060375	-106.9622804
56621041	560330003002	1	113000	44.8065213	-106.9625200
56621042	560330003002	1	0	44.8066944	-106.9624824
56621043	560330003002	1	32000	44.8064928	-106.9621600
56621044	560330003002	1	49000	44.8064963	-106.9619830
56621045	560330003002	1	59000	44.8011435	-106.9721612
56621046	560330003002	1	39000	44.8005201	-106.9630323
56621047	560330003002	1	8200	44.8005122	-106.9630916
56621048	560330003002	1	31200	44.8005475	-106.9624922
56621049	560330003002	1	9600	44.8068892	-106.9618194
56621050	560330003002	1	35000	44.8068857	-106.9624838
56621051	560330003002	1	40000	44.8072065	-106.9626924
56621052	560330003002	1	216900	44.8047108	-106.9696520
56621053	560330003002	1	25700	44.8048535	-106.9702068
56621054	560330003002	1	37100	44.8012286	-106.9731744
56621055	560330003002	1	54200	44.8012713	-106.9722515
56621056	560330003002	1	8200	44.8049229	-106.9691129
56621057	560330003002	1	110000	44.8046438	-106.9690289
56621058	560330003002	1	24900	44.8049365	-106.9689746
56621059	560330003002	1	27000	44.8040725	-106.9650731
56621060	560330003002	1	60000	44.8047702	-106.9700721
56621061	560330003002	1	85000	44.8041908	-106.9658997
56621062	560330003002	1	1000	44.8040590	-106.9658431
56621063	560330003002	1	17700	44.8054066	-106.9650675
56621064	560330003002	1	32000	44.8057662	-106.9641054
56621065	560330003002	8	65000	44.8055668	-106.9652193
56621066	560330003002	1	24800	44.8052998	-106.9641340
56621067	560330003002	1	87560	44.8053310	-106.9640961
56621068	560330003002	8	85500	44.8048411	-106.9647048
56621069	560330003002	1	4600	44.8066247	-106.9624196
56621070	560330003002	1	37000	44.8072599	-106.9681871
56621071	560330003002	1	27000	44.7978044	-106.9690524
56621072	560330003002	1	32700	44.8053372	-106.9643547
56621073	560330003002	1	85000	44.8053358	-106.9650554
56621074	560330003002	1	30000	44.8051842	-106.9643847
56621075	560330003002	1	47000	44.8055380	-106.9650435
56621076	560330003002	1	74200	44.8056358	-106.9643983
56621077	560330003002	1	24500	44.7974060	-106.9678710
56621078	560330003002	1	35000	44.7975482	-106.9680559
56621079	560330003002	1	36000	44.7978207	-106.9681335
56621080	560330003002	1	27000	44.7981062	-106.9690455
56621081	560330003002	1	94300	44.8073172	-106.9685222
56621082	560330003002	1	41750	44.8052022	-106.9590294
56621083	560330003002	1	21500	44.8034654	-106.9608491
56621084	560330003002	1	13200	44.8049038	-106.9602361
56621085	560330003002	1	25700	44.7977892	-106.9687910
56621086	560330003002	1	78000	44.7979370	-106.9687495
56621087	560330003002	1	78000	44.7973850	-106.9682611
56621088	560330003002	1	88400	44.8042887	-106.9606075
56621089	560330003002	1	91900	44.7974512	-106.9677938
56621090	560330003002	1	45600	44.7979281	-106.9680760
56621091	560330003002	1	89600	44.8051459	-106.9601734
56621092	560330003002	1	225600	44.8048236	-106.9602132
56621093	560330003002	1	26000	44.8049783	-106.9605308
56621094	560330003002	1	65000	44.8044554	-106.9602134
56621095	560330003002	1	31000	44.8045060	-106.9608746
56621096	560330003002	1	30000	44.8047407	-106.9601897
56621097	560330003002	1	8000	44.8042641	-106.9611541
56621098	560330003002	1	105000	44.8052260	-106.9596993
56621099	560330003002	1	49550	44.8041904	-106.9610851
56621100	560330003002	1	33900	44.8036423	-106.9599440
56621101	560330003002	1	112600	44.8039830	-106.9603858
56621102	560330003002	1	44000	44.8035616	-106.9605491
56621103	560330003002	1	35700	44.8037262	-106.9609426
56621104	560330003002	1	25000	44.8037277	-106.9603484
56621105	560330003002	1	86300	44.8034673	-106.9598247
56621106	560330003002	1	70000	44.8050094	-106.9590049
56621107	560330003002	1	18400	44.8049332	-106.9589261
56621108	560330003002	1	23000	44.8039496	-106.9610019
56621109	560330003002	1	8300	44.8052040	-106.9591220
56621110	560330003002	1	37000	44.8047193	-106.9590188
56621111	560330003002	1	29300	44.8050075	-106.9594180
56621112	560330003002	1	26800	44.8047918	-106.9599069
56621113	560330003002	1	50100	44.8035153	-106.9620408
56621114	560330003002	1	67200	44.8034737	-106.9694085
56621115	560330003002	3	8500	44.8060105	-106.9614430
56621116	560330003002	1	50600	44.8066830	-106.9609675
56621117	560330003002	1	8800	44.8062776	-106.9606925
56621118	560330003002	1	74000	44.8065058	-106.9614162
56621119	560330003002	1	6550	44.8068369	-106.9604712
56621120	560330003002	1	41500	44.8065083	-106.9603662
56621121	560330003002	1	7200	44.8061377	-106.9605356
56621122	560330003002	1	112000	44.8034944	-106.9694765
56621123	560330003002	1	78000	44.8027747	-106.9686972
56621124	560330003002	1	26100	44.8067461	-106.9609341
56621125	560330003002	1	25180	44.8027558	-106.9691051
56621126	560330003002	1	16000	44.8030944	-106.9687449
56621127	560330003002	1	8000	44.8034519	-106.9689477
56621128	560330003002	1	14900	44.8031659	-106.9692374
56621129	560330003002	1	83000	44.8037367	-106.9618506
56621130	560330003002	1	65000	44.8049469	-106.9661855
56621131	560330003002	1	75000	44.8055376	-106.9661875
56621132	560330003002	1	26000	44.8030039	-106.9689798
56621133	560330003002	1	15450	44.7977756	-106.9662720
56621134	560330003002	1	51000	44.8052829	-106.9652132
56621135	560330003002	1	39000	44.8052684	-106.9655546
56621136	560330003002	1	8500	44.8051229	-106.9664202
56621137	560330003002	1	20100	44.8032936	-106.9615265
56621138	560330003002	1	31400	44.8035589	-106.9613987
56621139	560330003002	1	2300	44.8053227	-106.9653420
56621140	560330003002	1	30000	44.8049857	-106.9662905
56621141	560330003002	1	67740	44.8041677	-106.9615501
56621142	560330003002	1	12000	44.8035353	-106.9614064
56621143	560330003002	1	39500	44.8034714	-106.9622230
56621144	560330003002	8	30200	44.8065792	-106.9623910
56621145	560330003002	1	33100	44.8062230	-106.9626668
56621146	560330003002	1	76500	44.8068463	-106.9621203
56621147	560330003002	1	8000	44.8062030	-106.9626488
56621148	560330003002	1	17600	44.8066732	-106.9624975
56621149	560330003002	1	33200	44.8062988	-106.9620091
56621150	560330003003	9	21600	44.7929952	-106.9857912
56621151	560330003003	1	81000	44.7998967	-106.9787440
56621152	560330003003	1	42000	44.8017565	-106.9748725
56621153	560330003003	1	18000	44.7998157	-106.9790096
56621154	560330003003	1	109000	44.7923052	-106.9850700
56621155	560330003003	1	80430	44.8036127	-106.9857382
56621156	560330003003	1	19900	44.8011338	-106.9745007
56621157	560330003003	1	69060	44.8012743	-106.9762758
56621158	560330003003	1	60000	44.8006459	-106.9744960
56621159	560330003003	1	50000	44.8019357	-106.9767909
56621160	560330003003	1	53200	44.7930478	-106.9849887
56621161	560330003003	1	27000	44.7930034	-106.9850203
56621162	560330003003	1	73000	44.7922934	-106.9853925
56621163	560330003003	1	75000	44.8016435	-106.9764476
56621164	560330003003	1	114100	44.7924283	-106.9851143
56621165	560330003003	1	67700	44.8012476	-106.9762439
56621166	560330003003	1	37700	44.8021889	-106.9832894
56621167	560330003003	1	53600	44.8009096	-106.9746469
56621168	560330003003	6	6000	44.8033517	-106.9768979
56621169	560330003003	6	132200	44.8013470	-106.9771872
56621170	560330003003	1	30000	44.8033249	-106.9765865
56621171	560330003003	1	96500	44.8018837	-106.9768912
56621172	560330003003	1	15100	44.8017289	-106.9765589
56621173	560330003003	1	90800	44.8017027	-106.9766412
56621174	560330003003	1	39600	44.7977356	-106.9753959
56621175	560330003003	1	78800	44.8029527	-106.9767028
56621176	560330003003	1	22730	44.8035916	-106.9771251
56621177	560330003003	1	18000	44.8034048	-106.9769866
56621178	560330003003	1	73700	44.8032788	-106.9772250
56621179	560330003003	1	87000	44.8031595	-106.9771136
56621180	560330003003	1	135000	44.8036848	-106.9769981
56621181	560330003003	1	19200	44.8020033	-106.9757187
56621182	560330003003	1	162000	44.8015546	-106.9751308
56621183	560330003003	1	97000	44.8022970	-106.9766079
56621184	560330003003	1	8200	44.8024936	-106.9740419
56621185	560330003003	1	100000	44.8007383	-106.9734476
56621186	560330003003	1	158800	44.8010635	-106.9735613
56621187	560330003003	3	72000	44.8006867	-106.9737558
56621188	560330003003	1	94000	44.8006859	-106.9745230
56621189	560330003003	1	84400	44.8024082	-106.9740206
56621190	560330003003	1	56004	44.8023053	-106.9745385
56621191	560330003003	1	45000	44.8011127	-106.9740786
56621192	560330003003	1	177000	44.8031400	-106.9741603
56621193	560330003003	1	96200	44.8028446	-106.9743447
56621194	560330003003	1	24000	44.8028443	-106.9740293
56621195	560330003003	1	80000	44.8024731	-106.9744371
56621196	560330003003	1	45234	44.8026052	-106.9766804
56621197	560330003003	1	42400	44.8032577	-106.9760906
56621198	560330003003	1	100000	44.8036254	-106.9759234
56621199	560330003003	1	69000	44.8029623	-106.9741862
56621200	560330003003	6	6000	44.8036164	-106.9757138
56621201	560330003003	1	23000	44.8037396	-106.9759466
56621202	560330003003	1	104000	44.8030677	-106.9757085
56621203	560330003003	1	249930	44.8035578	-106.9751936
56621204	560330003003	1	17500	44.8024249	-106.9762757
56621205	560330003003	1	40000	44.8023308	-106.9766034
56621206	560330003003	1	12500	44.8035847	-106.9762720
56621207	560330003003	1	280800	44.8036651	-106.9763468
56621208	560330003003	1	17600	44.8024704	-106.9765915
56621209	560330003003	1	25900	44.8024380	-106.9763571
56621210	560330003003	9	17250	44.8023049	-106.9762109
56621211	560330003003	1	183200	44.8015733	-106.9755948
56621212	560330003003	1	31600	44.7998160	-106.9809052
56621213	560330003003	1	486300	44.8009566	-106.9802665
56621214	560330003003	1	85000	44.8015759	-106.9799540
56621215	560330003003	1	102000	44.8021863	-106.9768861
56621216	560330003003	1	58610	44.8010514	-106.9798592
56621217	560330003003	1	18800	44.8012227	-106.9799829
56621218	560330003003	1	17000	44.8015751	-106.9800815
56621219	560330003003	1	35560	44.7993879	-106.9816990
56621220	560330003003	8	74030	44.8012435	-106.9804984
56621221	560330003003	6	132200	44.8014511	-106.9804993
56621222	560330003003	6	132200	44.8013337	-106.9800844
56621223	560330003003	1	57000	44.7994622	-106.9813230
56621224	560330003003	6	132200	44.7992794	-106.9809670
56621225	560330003003	1	67700	44.7997093	-106.9809940
56621226	560330003003	1	25800	44.8013723	-106.9758924
56621227	560330003003	1	87000	44.8007871	-106.9753161
56621228	560330003003	1	49400	44.7994259	-106.9818077
56621229	560330003003	1	60000	44.7994599	-106.9818817
56621230	560330003003	1	47500	44.8005377	-106.9751844
56621231	560330003003	1	18000	44.7991030	-106.9809925
56621232	560330003003	1	100000	44.8009402	-106.9754806
56621233	560330003003	1	115000	44.8019510	-106.9753494
56621234	560330003003	1	99000	44.8011650	-106.9751885
56621235	560330003003	1	91500	44.8004202	-106.9753473
56621236	560330003003	1	74000	44.8015336	-106.9748979
56621237	560330003003	1	42000	44.8007633	-106.9749124
56621238	560330003003	1	68700	44.8005733	-106.9753381
56621239	560330003003	1	44700	44.7980029	-106.9742317
56621240	560330003003	1	56010	44.7982397	-106.9783202
56621241	560330003003	1	21500	44.7983129	-106.9747543
56621242	560330003003	1	58100	44.7995529	-106.9786359
56621243	560330003003	1	70000	44.7980924	-106.9792736
56621244	560330003003	9	17250	44.7991657	-106.9795218
56621245	560330003003	1	29000	44.7999085	-106.9795701
56621246	560330003003	1	21000	44.7993360	-106.9789580
56621247	560330003003	9	56020	44.7994999	-106.9782628
56621248	560330003003	1	45000	44.7994666	-106.9804044
56621249	560330003003	1	18000	44.7998330	-106.9791700
56621250	560330003003	1	102000	44.8008497	-106.9820951
56621251	560330003003	1	30000	44.8015625	-106.9821934
56621252	560330003003	1	186000	44.8015036	-106.9819409
56621253	560330003003	1	76000	44.8007918	-106.9817430
56621254	560330003003	1	130400	44.8013556	-106.9820536
56621255	560330003003	1	99100	44.8007979	-106.9812291
56621256	560330003003	1	25600	44.8009880	-106.9814252
56621257	560330003003	1	139000	44.7979766	-106.9790070
56621258	560330003003	1	117600	44.7997510	-106.9750867
56621259	560330003003	1	20000	44.7991625	-106.9750277
56621260	560330003003	1	118000	44.8052883	-106.9756172
56621261	560330003003	1	62900	44.7992411	-106.9799229
56621262	560330003003	1	61000	44.7990327	-106.9804060
56621263	560330003003	1	95930	44.7993370	-106.9798268
56621264	560330003003	1	21000	44.8048976	-106.9765142
56621265	560330003003	1	153800	44.7994864	-106.9802458
56621266	560330003003	6	132200	44.7998594	-106.9808536
56621267	560330003003	1	31900	44.7992879	-106.9747832
56621268	560330003003	1	36000	44.8048690	-106.9762952
56621269	560330003003	1	61800	44.8049509	-106.9763088
56621270	560330003003	1	74900	44.8048617	-106.9760959
56621271	560330003003	1	101500	44.7994523	-106.9751030
56621272	560330003003	1	33070	44.8052362	-106.9762149
56621273	560330003003	1	26200	44.7990652	-106.9745812
56621274	560330003003	1	64800	44.7996518	-106.9751552
56621275	560330003003	1	17400	44.7987638	-106.9756112
56621276	560330003003	1	10000	44.7987278	-106.9767944
56621277	560330003003	1	75000	44.7992740	-106.9745666
56621278	560330003003	1	154600	44.7991386	-106.9747778
56621279	560330003003	1	36000	44.7992767	-106.9763575
56621280	560330003003	1	2400	44.7989357	-106.9758443
56621281	560330003003	1	88610	44.7992449	-106.9758566
56621282	560330003003	1	52000	44.7991424	-106.9772739
56621283	560330003003	1	21030	44.7989627	-106.9778084
56621284	560330003003	1	37800	44.7986459	-106.9763170
56621285	560330003003	1	43200	44.7990716	-106.9775915
56621286	560330003003	1	16000	44.7989194	-106.9779746
56621287	560330003003	1	54180	44.7989601	-106.9770267
56621288	560330003003	9	56020	44.7989793	-106.9779245
56621289	560330003003	1	24000	44.7975088	-106.9789534
56621290	560330003003	1	45700	44.7994376	-106.9780788
56621291	560330003003	1	78510	44.7999979	-106.9767257
56621292	560330003003	1	79000	44.8001523	-106.9751046
56621293	560330003003	1	121780	44.7996937	-106.9745014
56621294	560330003003	1	36400	44.7995277	-106.9745088
56621295	560330003003	1	23900	44.7998663	-106.9766231
56621296	560330003003	1	62000	44.7998295	-106.9751023
56621297	560330003003	8	98000	44.8002450	-106.9763327
56621298	560330003003	1	76800	44.7999579	-106.9774071
56621299	560330003003	1	53200	44.7997508	-106.9764642
56621300	560330003003	1	22000	44.8000459	-106.9760433
56621301	560330003003	1	66400	44.7994459	-106.9762746
56621302	560330003003	1	51000	44.8000446	-106.9779557
56621303	560330003003	1	58000	44.7998448	-106.9773930
56621304	560330003003	6	17500	44.7999995	-106.9781099
56621305	560330003003	1	32000	44.7976023	-106.9789931
56621306	560330003003	1	85000	44.7990196	-106.9794373
56621307	560330003003	1	21030	44.7982374	-106.9791546
56621308	560330003003	1	60000	44.7993067	-106.9781113
56621309	560330003003	1	80300	44.7982872	-106.9787486
56621310	560330003003	1	131500	44.7989568	-106.9786257
56621311	560330003003	1	28700	44.7988744	-106.9783977
56621312	560330003003	1	74300	44.7986246	-106.9788352
56621313	560330003003	1	69000	44.7977638	-106.9784097
56621314	560330003003	1	58000	44.8008483	-106.9791093
56621315	560330003003	1	84390	44.8002794	-106.9788751
56621316	560330003003	1	153800	44.8007444	-106.9787037
56621317	560330003003	1	50070	44.8007686	-106.9784774
56621318	560330003003	1	37800	44.8009427	-106.9786699
56621319	560330003003	1	110200	44.8000875	-106.9784250
56621320	560330003003	1	24000	44.8031599	-106.9852822
56621321	560330003003	1	32000	44.8046441	-106.9792129
56621322	560330003003	1	14600	44.8045594	-106.9797593
56621323	560330003003	1	76800	44.7980971	-106.9826178
56621324	560330003003	1	156000	44.8038332	-106.9857264
56621325	560330003003	1	20100	44.8039256	-106.9854030
56621326	560330003003	1	102000	44.7945936	-106.9860792
56621327	560330003003	6	132200	44.8031884	-106.9854385
56621328	560330003003	1	47500	44.8030317	-106.9853819
56621329	560330003003	1	81000	44.8024796	-106.9853891
56621330	560330003003	1	67500	44.8027262	-106.9853425
56621331	560330003003	1	35000	44.8024737	-106.9855326
56621332	560330003003	1	19000	44.8022819	-106.9854967
56621333	560330003003	1	96300	44.8025460	-106.9853247
56621334	560330003003	1	101000	44.7987758	-106.9819983
56621335	560330003003	1	60000	44.7984558	-106.9750378
56621336	560330003003	1	68000	44.8032197	-106.9857650
56621337	560330003003	1	43100	44.8042261	-106.9847043
56621338	560330003003	1	35000	44.8042962	-106.9846782
56621339	560330003003	1	33100	44.8023681	-106.9854831
56621340	560330003003	1	57000	44.8048132	-106.9853308
56621341	560330003003	1	13600	44.8024411	-106.9855872
56621342	560330003003	1	23200	44.8029309	-106.9853422
56621343	560330003003	1	75000	44.8029005	-106.9852633
56621344	560330003003	1	50000	44.8045122	-106.9850956
56621345	560330003003	9	22004	44.8043088	-106.9850678
56621346	560330003003	1	52000	44.8049938	-106.9846592
56621347	560330003003	1	25200	44.8045026	-106.9849339
56621348	560330003003	1	130100	44.8048164	-106.9847186
56621349	560330003003	1	16130	44.8049478	-106.9850556
56621350	560330003003	1	115100	44.8046710	-106.9849168
56621351	560330003003	1	61800	44.7981649	-106.9750076
56621352	560330003003	1	78900	44.8042028	-106.9842975
56621353	560330003003	1	8200	44.8047233	-106.9853891
56621354	560330003003	1	82600	44.8048820	-106.9846327
56621355	560330003003	6	17500	44.8046912	-106.9851800
56621356	560330003003	1	20000	44.8043393	-106.9846832
56621357	560330003003	1	97000	44.8049332	-106.9842927
56621358	560330003003	6	17500	44.8043179	-106.9851917
56621359	560330003003	1	35560	44.7982706	-106.9745525
56621360	560330003003	6	132200	44.8047498	-106.9848940
56621361	560330003003	1	20500	44.8044185	-106.9846490
56621362	560330003003	1	80680	44.8042963	-106.9845632
56621363	560330003003	1	82300	44.8042496	-106.9850245
56621364	560330003003	1	55000	44.8040816	-106.9851151
56621365	560330003003	1	111000	44.8045578	-106.9843966
56621366	560330003003	1	80000	44.7979247	-106.9827943
56621367	560330003003	1	74600	44.7968891	-106.9774309
56621368	560330003003	1	21000	44.8003432	-106.9802337
56621369	560330003003	1	58300	44.8005694	-106.9819256
56621370	560330003003	1	136700	44.8000611	-106.9815765
56621371	560330003003	1	60200	44.8002430	-106.9811105
56621372	560330003003	1	88000	44.8003425	-106.9806556
56621373	560330003003	1	52500	44.8006232	-106.9820407
56621374	560330003003	1	50000	44.8001329	-106.9818252
56621375	560330003003	1	37000	44.7971972	-106.9766364
56621376	560330003003	1	51000	44.8002007	-106.9802420
56621377	560330003003	1	45000	44.8004288	-106.9806970
56621378	560330003003	1	61700	44.7999182	-106.9804671
56621379	560330003003	1	30000	44.7972193	-106.9775551
56621380	560330003003	1	58000	44.7966757	-106.9773960
56621381	560330003003	1	57900	44.7969274	-106.9765674
56621382	560330003003	1	68100	44.7977337	-106.9760925
56621383	560330003003	1	57500	44.8040426	-106.9777029
56621384	560330003003	3	92200	44.8046898	-106.9762967
56621385	560330003003	1	51000	44.8046254	-106.9758708
56621386	560330003003	1	60000	44.8042839	-106.9756849
56621387	560330003003	1	279500	44.8038878	-106.9767495
56621388	560330003003	1	66800	44.8042378	-106.9761711
56621389	560330003003	6	6000	44.8044281	-106.9754699
56621390	560330003003	1	51100	44.7983810	-106.9756947
56621391	560330003003	1	84000	44.8041744	-106.9774567
56621392	560330003003	1	21100	44.8040206	-106.9770856
56621393	560330003003	1	81400	44.8045935	-106.9766761
56621394	560330003003	1	25690	44.7983514	-106.9756685
56621395	560330003003	1	11500	44.7980190	-106.9765924
56621396	560330003003	1	42000	44.7976825	-106.9759635
56621397	560330003003	8	148800	44.8013132	-106.9796736
56621398	560330003003	1	39200	44.7947610	-106.9864310
56621399	560330003003	9	15900	44.7933119	-106.9832863
56621400	560330003003	1	78000	44.8013855	-106.9831140
56621401	560330003003	1	42300	44.7994812	-106.9821078
56621402	560330003003	1	36500	44.7990885	-106.9830581
56621403	560330003003	1	191400	44.7985528	-106.9822167
56621404	560330003003	1	247500	44.7984848	-106.9824674
56621405	560330003003	1	96000	44.7993004	-106.9827721
56621406	560330003003	1	81000	44.7990352	-106.9824545
56621407	560330003003	1	74900	44.7989868	-106.9824730
56621408	560330003003	1	70000	44.8008815	-106.9825062
56621409	560330003003	1	36000	44.7997909	-106.9831291
56621410	560330003003	1	75000	44.7998653	-106.9821941
56621411	560330003003	6	6000	44.8001733	-106.9831957
56621412	560330003003	1	80800	44.8007863	-106.9832185
56621413	560330003003	1	25600	44.7997937	-106.9829451
56621414	560330003003	1	85000	44.8005254	-106.9822921
56621415	560330003003	1	65610	44.7927783	-106.9827364
56621416	560330003003	1	67700	44.7927700	-106.9843057
56621417	560330003003	1	25000	44.7933593	-106.9844900
56621418	560330003003	1	48000	44.8006671	-106.9824034
56621419	560330003003	1	18400	44.7933475	-106.9843124
56621420	560330003003	1	33100	44.7934956	-106.9843104
56621421	560330003003	1	22000	44.7941066	-106.9846563
56621422	560330003003	1	57000	44.7939000	-106.9846514
56621423	560330003003	1	177000	44.7920220	-106.9843317
56621424	560330003003	1	26360	44.7927099	-106.9838897
56621425	560330003003	1	77300	44.7929118	-106.9843872
56621426	560330003003	1	15600	44.7929390	-106.9835898
56621427	560330003003	1	80800	44.7923362	-106.9845009
56621428	560330003003	1	175000	44.7930087	-106.9840103
56621429	560330003003	1	46900	44.7922905	-106.9845001
56621430	560330003003	1	74900	44.7943878	-106.9873666
56621431	560330003003	1	23700	44.7913833	-106.9862108
56621432	560330003003	1	51600	44.7939970	-106.9864627
56621433	560330003003	1	323800	44.7928139	-106.9831820
56621434	560330003003	1	67100	44.7929741	-106.9830237
56621435	560330003003	1	33000	44.7931489	-106.9824383
56621436	560330003003	1	45000	44.7937739	-106.9871571
56621437	560330003003	1	83600	44.7937173	-106.9863101
56621438	560330003003	1	23900	44.7933638	-106.9863867
56621439	560330003003	1	29000	44.7921049	-106.9862009
56621440	560330003003	1	35000	44.7926854	-106.9867705
56621441	560330003003	1	76500	44.7934934	-106.9872756
56621442	560330003003	1	49200	44.7924960	-106.9864432
56621443	560330003003	1	51900	44.7925161	-106.9869893
56621444	560330003003	1	59150	44.7927288	-106.9868850
56621445	560330003003	1	177000	44.7927563	-106.9866406
56621446	560330003003	1	68000	44.7947235	-106.9868125
56621447	560330003003	1	52320	44.7922541	-106.9849926
56621448	560330003003	1	45600	44.7921421	-106.9861805
56621449	560330003003	1	25000	44.7914506	-106.9860770
56621450	560330003003	1	15780	44.7919616	-106.9864087
56621451	560330003003	1	47210	44.7921329	-106.9858789
56621452	560330003003	1	40000	44.7920510	-106.9857926
56621453	560330003003	1	60000	44.7922661	-106.9852378
56621454	560330003003	1	58700	44.7940227	-106.9874186
56621455	560330003003	1	126800	44.7939560	-106.9859152
56621456	560330003003	1	21000	44.7922715	-106.9848749
56621457	560330003003	9	44920	44.7936720	-106.9856516
56621458	560330003003	1	17100	44.7938601	-106.9858883
56621459	560330003003	1	76300	44.7937141	-106.9860555
56621460	560330003003	1	72500	44.7938035	-106.9855648
56621461	560330003003	1	122300	44.8016586	-106.9788413
56621462	560330003003	1	32400	44.7924944	-106.9823551
56621463	560330003003	1	51000	44.7975571	-106.9751870
56621464	560330003003	1	105000	44.8025545	-106.9761673
56621465	560330003003	1	22500	44.8024534	-106.9733319
56621466	560330003003	6	6000	44.7946717	-106.9873410
56621467	560330003003	1	14600	44.8029426	-106.9732592
56621468	560330003003	1	78800	44.8029328	-106.9750169
56621469	560330003003	1	25000	44.8021659	-106.9760187
56621470	560330003003	1	112800	44.8024984	-106.9753154
56621471	560330003003	1	32800	44.7969808	-106.9749208
56621472	560330003003	1	16000	44.7983514	-106.9775098
56621473	560330003003	1	21000	44.8024308	-106.9755004
56621474	560330003003	1	24000	44.7980319	-106.9776128
56621475	560330003003	1	64800	44.7981514	-106.9774237
56621476	560330003003	1	27000	44.7980386	-106.9773983
56621477	560330003003	1	69400	44.7978886	-106.9773443
56621478	560330003003	1	138000	44.7921032	-106.9829742
56621479	560330003003	1	61400	44.7974458	-106.9798101
56621480	560330003003	1	24800	44.7970023	-106.9744314
56621481	560330003003	1	88000	44.7972640	-106.9745694
56621482	560330003003	1	9700	44.7975548	-106.9746303
56621483	560330003003	1	52400	44.7974881	-106.9802625
56621484	560330003003	1	80000	44.7980107	-106.9793100
56621485	560330003003	1	85000	44.7978480	-106.9801467
56621486	560330003003	1	74000	44.7924609	-106.9829427
56621487	560330003003	1	20700	44.7989424	-106.9810775
56621488	560330003003	1	104900	44.7973490	-106.9794133
56621489	560330003003	1	65000	44.7981771	-106.9811873
56621490	560330003003	1	84600	44.7981602	-106.9809974
56621491	560330003003	1	21000	44.7981969	-106.9816932
56621492	560330003003	1	22700	44.7986432	-106.9811541
56621493	560330003003	1	28300	44.8009403	-106.9792304
56621494	560330003003	1	30000	44.8047526	-106.9740144
56621495	560330003003	1	33070	44.8003168	-106.9771629
56621496	560330003003	1	31400	44.8017765	-106.9777214
56621497	560330003003	1	70000	44.7919910	-106.9832580
56621498	560330003003	1	95000	44.8017825	-106.9775902
56621499	560330003003	1	100000	44.8001335	-106.9779567
56621500	560330003003	1	148000	44.8010663	-106.9777692
56621501	560330003003	1	30100	44.8017113	-106.9780000
56621502	560330003003	1	12100	44.8033885	-106.9750175
56621503	560330003003	1	116000	44.8069443	-106.9731007
56621504	560330003003	1	99000	44.8005463	-106.9783375
56621505	560330003003	1	70000	44.8008287	-106.9781188
56621506	560330003003	1	20500	44.8033149	-106.9743947
56621507	560330003003	1	96000	44.8036463	-106.9742672
56621508	560330003003	1	61000	44.8035825	-106.9749925
56621509	560330003003	1	88400	44.8010676	-106.9794954
56621510	560330003003	1	33940	44.7986640	-106.9794589
56621511	560330003003	1	82000	44.8043229	-106.9743988
56621512	560330003003	1	102000	44.8046186	-106.9738097
56621513	560330003003	1	51000	44.8042050	-106.9734825
56621514	560330003003	1	67400	44.8042931	-106.9745604
56621515	560330003003	1	74200	44.8046420	-106.9749632
56621516	560330003003	1	128000	44.8045283	-106.9742122
56621517	560330003003	1	74600	44.7940727	-106.9837029
56621518	560330003003	6	132200	44.7989340	-106.9800402
56621519	560330003003	1	49000	44.7981682	-106.9800802
56621520	560330003003	1	73200	44.7986638	-106.9804089
56621521	560330003003	1	97200	44.7938349	-106.9826558
56621522	560330003003	1	54600	44.7938984	-106.9835038
56621523	560330003003	1	54200	44.7939887	-106.9831863
56621524	560330003003	1	70250	44.8031852	-106.9779909
56621525	560330003003	1	48000	44.8036573	-106.9783932
56621526	560330003003	6	132200	44.7933985	-106.9820915
56621527	560330003003	1	35000	44.7944033	-106.9859432
56621528	560330003003	1	17900	44.7964453	-106.9765234
56621529	560330003003	1	18800	44.7968201	-106.9800729
56621530	560330003003	1	53300	44.7944104	-106.9860547
56621531	560330003003	1	156800	44.7945015	-106.9852357
56621532	560330003003	1	51000	44.7986775	-106.9735313
56621533	560330003003	6	132200	44.7974139	-106.9719335
56621534	560330003003	1	21200	44.7976077	-106.9728029
56621535	560330003003	1	61400	44.7977176	-106.9727533
56621536	560330003003	1	72500	44.7983523	-106.9731029
56621537	560330003003	1	70000	44.7978656	-106.9737735
56621538	560330003003	1	68400	44.7978930	-106.9735707
56621539	560330003003	9	17250	44.7964766	-106.9782008
56621540	560330003003	1	81000	44.7930227	-106.9881669
56621541	560330003003	1	127600	44.7963773	-106.9768195
56621542	560330003003	1	81000	44.7965048	-106.9766022
56621543	560330003003	1	75500	44.7958071	-106.9769997
56621544	560330003003	6	17500	44.7933789	-106.9886844
56621545	560330003003	1	115000	44.7935432	-106.9877857
56621546	560330003003	1	17400	44.7938221	-106.9885509
56621547	560330003003	1	67500	44.7961245	-106.9789626
56621548	560330003003	1	60800	44.7960572	-106.9794604
56621549	560330003003	1	64800	44.7958875	-106.9798802
56621550	560330003003	1	95000	44.7959558	-106.9790297
56621551	560330003003	1	64400	44.7961231	-106.9789034
56621552	560330003003	6	132200	44.7963493	-106.9790929
56621553	560330003003	1	88000	44.7959775	-106.9779891
56621554	560330003003	1	9200	44.7971717	-106.9801651
56621555	560330003003	1	75000	44.7988810	-106.9736995
56621556	560330003003	1	86000	44.7943669	-106.9884688
56621557	560330003003	8	24000	44.7932184	-106.9819164
56621558	560330003003	1	47900	44.7928105	-106.9816588
56621559	560330003003	1	72000	44.7933655	-106.9817738
56621560	560330003003	1	32700	44.7947341	-106.9882220
56621561	560330003003	1	35600	44.7962374	-106.9829424
56621562	560330003003	1	30100	44.7966972	-106.9830148
56621563	560330003003	1	35000	44.7989153	-106.9733468
56621564	560330003003	1	82700	44.7982828	-106.9722367
56621565	560330003003	1	62500	44.7947578	-106.9881370
56621566	560330003003	1	98000	44.7939671	-106.9880888
56621567	560330003003	6	132200	44.7989195	-106.9733643
56621568	560330003003	1	28400	44.7980950	-106.9728043
56621569	560330003003	1	25100	44.7985829	-106.9729648
56621570	560330003003	1	170700	44.7947844	-106.9794375
56621571	560330003003	1	75000	44.7925432	-106.9884568
56621572	560330003003	1	45900	44.7971657	-106.9828565
56621573	560330003003	1	67000	44.7977493	-106.9829238
56621574	560330003003	1	39500	44.7975294	-106.9818113
56621575	560330003003	1	44800	44.7934992	-106.9823754
56621576	560330003003	9	17250	44.7934754	-106.9819283
56621577	560330003003	1	42000	44.7943690	-106.9818883
56621578	560330003003	1	65640	44.7945735	-106.9798338
56621579	560330003003	1	110000	44.7973983	-106.9740286
56621580	560330003003	1	14600	44.7922615	-106.9878861
56621581	560330003003	1	55000	44.7926075	-106.9875083
56621582	560330003003	1	22800	44.7954211	-106.9800538
56621583	560330003003	1	24900	44.7976585	-106.9731065
56621584	560330003003	1	42800	44.7971973	-106.9729491
56621585	560330003003	1	8400	44.8020976	-106.9780305
56621586	560330003003	1	93600	44.7971123	-106.9760452
56621587	560330003003	1	71400	44.7965974	-106.9803852
56621588	560330003003	1	42300	44.7971601	-106.9800307
56621589	560330003003	1	75000	44.7967913	-106.9828953
56621590	560330003003	1	57600	44.7962106	-106.9807113
56621591	560330003003	1	405600	44.7959556	-106.9809393
56621592	560330003003	1	47500	44.7962536	-106.9803810
56621593	560330003003	1	81000	44.7966075	-106.9805304
56621594	560330003003	1	7400	44.7971359	-106.9815778
56621595	560330003003	8	24000	44.7966382	-106.9822592
56621596	560330003003	1	14800	44.7965272	-106.9816324
56621597	560330003003	1	82000	44.7970614	-106.9814174
56621598	560330003003	1	81800	44.7980114	-106.9805856
56621599	560330003003	1	111000	44.7979581	-106.9807400
56621600	560330003003	9	30400	44.7969334	-106.9762313
56621601	560330003003	1	35400	44.7971256	-106.9786116
56621602	560330003003	1	27500	44.8030518	-106.9850962
56621603	560330003003	1	17400	44.8024614	-106.9841986
56621604	560330003003	1	42800	44.8028478	-106.9848873
56621605	560330003003	1	58000	44.8037683	-106.9845066
56621606	560330003003	1	38001	44.8033002	-106.9845345
56621607	560330003003	1	99000	44.8032661	-106.9844197
56621608	560330003003	1	91000	44.7998193	-106.9737353
56621609	560330003003	1	140000	44.7978329	-106.9712777
56621610	560330003003	1	33100	44.7968487	-106.9782712
56621611	560330003003	1	12200	44.7969405	-106.9782926
56621612	560330003003	1	81000	44.8001870	-106.9738234
56621613	560330003003	1	40000	44.7974177	-106.9712872
56621614	560330003003	1	428300	44.8002507	-106.9740050
56621615	560330003003	9	29900	44.8020741	-106.9775026
56621616	560330003003	1	127500	44.7955329	-106.9819609
56621617	560330003003	6	132200	44.7948609	-106.9841357
56621618	560330003003	1	48000	44.7953140	-106.9818614
56621619	560330003003	1	15120	44.7971947	-106.9753886
56621620	560330003003	1	64000	44.7957236	-106.9822532
56621621	560330003003	1	85000	44.7944079	-106.9843908
56621622	560330003003	1	115000	44.7948098	-106.9840893
56621623	560330003003	1	91500	44.7969734	-106.9833761
56621624	560330003003	1	43200	44.8056839	-106.9853746
56621625	560330003003	1	77000	44.7928131	-106.9860464
56621626	560330003003	1	86000	44.8027923	-106.9832461
56621627	560330003003	1	31400	44.8054072	-106.9847513
56621628	560330003003	1	20000	44.8047682	-106.9844476
56621629	560330003003	1	71070	44.8031908	-106.9838559
56621630	560330003003	1	70360	44.8047456	-106.9850559
56621631	560330003003	1	76000	44.8055558	-106.9851741
56621632	560330003003	1	92200	44.8038109	-106.9857252
56621633	560330003003	1	122700	44.8036713	-106.9856982
56621634	560330003003	1	99800	44.8045627	-106.9848955
56621635	560330003003	1	115600	44.8038163	-106.9823935
56621636	560330003003	1	139000	44.8041589	-106.9827131
56621637	560330003003	1	42000	44.7940967	-106.9810393
56621638	560330003003	1	288800	44.8046227	-106.9826994
56621639	560330003003	1	62200	44.8047807	-106.9834461
56621640	560330003003	6	17500	44.8049623	-106.9841119
56621641	560330003003	1	69000	44.7942693	-106.9805806
56621642	560330003003	6	132200	44.8037576	-106.9839587
56621643	560330003003	6	132200	44.8050329	-106.9824910
56621644	560330003003	1	43100	44.8041288	-106.9833033
56621645	560330003003	1	107300	44.7962850	-106.9744990
56621646	560330003003	1	63400	44.7962645	-106.9764180
56621647	560330003003	6	132200	44.7962231	-106.9754893
56621648	560330003003	1	68000	44.8056774	-106.9790344
56621649	560330003003	1	18200	44.8049805	-106.9791188
56621650	560330003003	1	80000	44.7956307	-106.9827769
56621651	560330003003	9	26000	44.7931413	-106.9807047
56621652	560330003003	1	572000	44.7933777	-106.9805935
56621653	560330003003	1	174000	44.8049173	-106.9807762
56621654	560330003003	1	58470	44.7952502	-106.9830363
56621655	560330003003	1	51600	44.8046694	-106.9811707
56621656	560330003003	1	99370	44.8060403	-106.9789766
56621657	560330003003	6	6000	44.8038000	-106.9813545
56621658	560330003003	1	105400	44.8047040	-106.9779265
56621659	560330003003	1	44000	44.7965588	-106.9738690
56621660	560330003003	1	116000	44.8067254	-106.9791240
56621661	560330003003	1	60000	44.8040838	-106.9807674
56621662	560330003003	1	17400	44.8070202	-106.9793143
56621663	560330003003	1	52500	44.8044613	-106.9842572
56621664	560330003003	1	27400	44.7948499	-106.9887368
56621665	560330003003	1	56300	44.8053670	-106.9837509
56621666	560330003003	1	70000	44.8055318	-106.9809192
56621667	560330003003	1	61000	44.8026665	-106.9805659
56621668	560330003003	6	17500	44.7946503	-106.9784321
56621669	560330003003	1	21710	44.8033415	-106.9802621
56621670	560330003003	1	60000	44.8061725	-106.9806642
56621671	560330003003	1	46500	44.8026692	-106.9824220
56621672	560330003003	1	45900	44.8027798	-106.9817496
56621673	560330003003	1	66900	44.8051962	-106.9840597
56621674	560330003003	1	106300	44.8039375	-106.9781532
56621675	560330003003	1	37700	44.8029381	-106.9790304
56621676	560330003003	1	27300	44.8036422	-106.9790311
56621677	560330003003	1	55000	44.8021849	-106.9792538
56621678	560330003003	1	78700	44.8041912	-106.9788119
56621679	560330003003	1	53000	44.8021905	-106.9793729
56621680	560330003003	1	70000	44.7950943	-106.9871055
56621681	560330003003	1	81500	44.7950795	-106.9814493
56621682	560330003003	1	40000	44.8054063	-106.9829664
56621683	560330003003	1	38200	44.8017221	-106.9819565
56621684	560330003003	1	139000	44.8019473	-106.9817106
56621685	560330003003	1	82000	44.7951563	-106.9776769
56621686	560330003003	1	38001	44.8057665	-106.9823353
56621687	560330003003	1	43000	44.7945142	-106.9795924
56621688	560330003003	1	18400	44.7950847	-106.9894695
56621689	560330003003	1	22700	44.7950314	-106.9837823
56621690	560330003003	1	29150	44.7952654	-106.9805120
56621691	560330003003	1	14600	44.8020521	-106.9803000
56621692	560330003003	1	112800	44.8072072	-106.9798682
56621693	560330003003	1	33940	44.8041593	-106.9791235
56621694	560330003003	1	106200	44.8057772	-106.9797305
56621695	560330003003	1	19200	44.8040876	-106.9850515
56621696	560330003003	1	77800	44.8029257	-106.9854440
56621697	560330003003	1	24000	44.8026666	-106.9853113
56621698	560330003003	1	32000	44.8027644	-106.9857230
56621699	560330003003	1	20000	44.7951235	-106.9914773
56621700	560330003003	1	36000	44.7940965	-106.9894285
56621701	560330003003	1	58100	44.8030990	-106.9855008
56621702	560330003003	1	150000	44.8026110	-106.9851829
56621703	560330003003	1	35600	44.8027329	-106.9854261
56621704	560330003003	1	48200	44.8023409	-106.9852223
56621705	560330003003	1	239000	44.8025823	-106.9855531
56621706	560330003003	1	97100	44.8025589	-106.9853642
56621707	560330003003	1	149100	44.8030347	-106.9853858
56621708	560330003003	1	25000	44.8028635	-106.9857459
56621709	560330003003	1	103050	44.8028089	-106.9853624
56621710	560330003003	1	57600	44.8031032	-106.9856442
56621711	560330003003	8	58900	44.8046981	-106.9849324
56621712	560330003003	1	28000	44.8048098	-106.9848503
56621713	560330003003	9	75000	44.8049652	-106.9847557
56621714	560330003003	1	34300	44.8024215	-106.9856292
56621715	560330003003	1	20100	44.8044166	-106.9853022
56621716	560330003003	6	132200	44.8048789	-106.9842976
56621717	560330003003	1	16000	44.8043187	-106.9850264
56621718	560330003003	1	110000	44.8045975	-106.9849805
56621719	560330003003	6	17500	44.8045561	-106.9843302
56621720	560330003003	1	121000	44.8045645	-106.9846962
56621721	560330003003	1	82300	44.8047751	-106.9848870
56621722	560330003003	1	97000	44.8045730	-106.9843775
56621723	560330003003	1	37000	44.8043801	-106.9846975
56621724	560330003003	1	20600	44.8048341	-106.9848711
56621725	560330003003	1	89000	44.8041905	-106.9841405
56621726	560330003003	9	85000	44.8048577	-106.9847942
56621727	560330003003	1	53000	44.8057200	-106.9854712
56621728	560330003003	1	135000	44.8047648	-106.9850576
56621729	560330003003	1	51200	44.8050034	-106.9845929
56621730	560330003003	1	27400	44.8041333	-106.9846429
56621731	560330003003	1	24400	44.8034627	-106.9856786
56621732	560330003003	1	40000	44.8031809	-106.9852798
56621733	560330003003	1	58100	44.8044943	-106.9846463
56621734	560330003003	1	47500	44.8032436	-106.9856015
56621735	560330003003	1	68700	44.8040178	-106.9854444
56621736	560330003003	1	50000	44.8036717	-106.9856471
56621737	560330003003	1	97200	44.8032850	-106.9855529
56621738	560330003003	1	114000	44.8040048	-106.9856295
56621739	560330003003	1	64600	44.8033836	-106.9854789
56621740	560330003003	1	40000	44.8034745	-106.9855825
56621741	560330003003	1	17000	44.8050046	-106.9849536
56621742	560330003003	1	60000	44.8057435	-106.9847485
56621743	560330003003	1	36000	44.8053597	-106.9852519
56621744	560330003003	6	17500	44.8039607	-106.9737712
56621745	560330003003	1	100000	44.7924177	-106.9856488
56621746	560330003003	8	18300	44.7928824	-106.9860956
56621747	560330003003	1	46600	44.8055540	-106.9771158
56621748	560330003003	1	40000	44.8049500	-106.9852767
56621749	560330003003	1	79000	44.8062797	-106.9770701
56621750	560330003003	1	10000	44.8037149	-106.9733975
56621751	560330003003	1	45000	44.8055898	-106.9851973
56621752	560330003003	1	74300	44.8057248	-106.9850670
56621753	560330003003	1	116000	44.8054635	-106.9847859
56621754	560330003003	1	82200	44.8050380	-106.9847087
56621755	560330003003	1	28000	44.8050842	-106.9846699
56621756	560330003003	1	72000	44.8053723	-106.9847513
56621757	560330003003	1	120000	44.8056998	-106.9845459
56621758	560330003003	1	70700	44.8058387	-106.9774426
56621759	560330003003	1	108000	44.8061640	-106.9776513
56621760	560330003003	1	33200	44.8052396	-106.9854787
56621761	560330003003	1	26480	44.8053534	-106.9852478
56621762	560330003003	6	132200	44.8058209	-106.9853411
56621763	560330003003	1	57100	44.8056808	-106.9850884
56621764	560330003003	1	24900	44.8056703	-106.9849851
56621765	560330003003	1	77000	44.8057180	-106.9854906
56621766	560330003003	1	39000	44.8062704	-106.9779967
56621767	560330003003	1	27300	44.8061213	-106.9780309
56621768	560330003003	1	38700	44.8064875	-106.9773410
56621769	560330003003	1	97600	44.8058092	-106.9777911
56621770	560330003003	1	67200	44.8062663	-106.9775073
56621771	560330003003	1	279500	44.8061784	-106.9779345
56621772	560330003003	1	19000	44.8064284	-106.9780410
56621773	560330003003	1	63000	44.8048079	-106.9775903
56621774	560330003003	1	91550	44.8004377	-106.9762967
56621775	560330003003	1	57300	44.8011066	-106.9764093
56621776	560330003003	6	132200	44.8057837	-106.9774985
56621777	560330003003	1	79000	44.8056782	-106.9770792
56621778	560330003003	1	16200	44.8063301	-106.9772124
56621779	560330003003	1	39000	44.8006064	-106.9767511
56621780	560330003003	1	19000	44.8060817	-106.9773378
56621781	560330003003	6	17500	44.8002101	-106.9769886
56621782	560330003003	1	50000	44.8009020	-106.9767177
56621783	560330003003	1	12000	44.8005400	-106.9765484
56621784	560330003003	1	7900	44.8009841	-106.9767129
56621785	560330003003	1	19410	44.8006061	-106.9768897
56621786	560330003003	1	197400	44.8005712	-106.9767903
56621787	560330003003	1	72300	44.8006894	-106.9770158
56621788	560330003003	1	61400	44.8007531	-106.9767944
56621789	560330003003	1	6000	44.8048271	-106.9769938
56621790	560330003003	1	38000	44.8017570	-106.9736517
56621791	560330003003	1	73000	44.8019042	-106.9746039
56621792	560330003003	1	25900	44.8005845	-106.9765591
56621793	560330003003	3	58200	44.8003768	-106.9768007
56621794	560330003003	1	176800	44.8018386	-106.9738578
56621795	560330003003	1	32000	44.8020010	-106.9743470
56621796	560330003003	1	31600	44.8017439	-106.9745545
56621797	560330003003	1	80000	44.8021352	-106.9739500
56621798	560330003003	1	35734	44.8020226	-106.9738966
56621799	560330003003	1	86000	44.8016202	-106.9741860
56621800	560330003003	1	35100	44.8019334	-106.9745135
56621801	560330003003	1	106400	44.8018435	-106.9742238
56621802	560330003003	1	41400	44.8020792	-106.9748339
56621803	560330003003	1	54180	44.8016177	-106.9744396
56621804	560330003003	1	45000	44.8034680	-106.9735900
56621805	560330003003	1	21500	44.8032201	-106.9735606
56621806	560330003003	1	55000	44.8034778	-106.9731681
56621807	560330003003	1	42400	44.8055359	-106.9779660
56621808	560330003003	1	81500	44.8049749	-106.9778576
56621809	560330003003	1	6200	44.8053464	-106.9774626
56621810	560330003003	1	64400	44.8047434	-106.9774479
56621811	560330003003	1	49000	44.8048034	-106.9768717
56621812	560330003003	1	69060	44.8037558	-106.9738479
56621813	560330003003	1	34400	44.8048758	-106.9776673
56621814	560330003003	1	61100	44.8052978	-106.9778303
56621815	560330003003	1	18000	44.8055280	-106.9772967
56621816	560330003003	1	17600	44.8008136	-106.9732676
56621817	560330003003	1	14410	44.8007433	-106.9732014
56621818	560330003003	1	73000	44.8006846	-106.9731933
56621819	560330004001	1	34010	44.8124112	-106.9599692
56621820	560330004001	1	50000	44.8127735	-106.9539909
56621821	560330004001	1	54400	44.8117779	-106.9593495
56621822	560330004001	1	64200	44.8089413	-106.9512934
56621823	560330004001	1	95000	44.8088995	-106.9512222
56621824	560330004001	1	79680	44.8119025	-106.9587967
56621825	560330004001	1	65000	44.8080664	-106.9426301
56621826	560330004001	1	74700	44.8095094	-106.9511086
56621827	560330004001	1	28400	44.8090752	-106.9513473
56621828	560330004001	1	71300	44.8108318	-106.9601007
56621829	560330004001	1	13000	44.8092839	-106.9511003
56621830	560330004001	1	25500	44.8079419	-106.9415237
56621831	560330004001	1	42000	44.8076927	-106.9414958
56621832	560330004001	1	100000	44.8090590	-106.9508893
56621833	560330004001	1	64400	44.8197846	-106.9563467
56621834	560330004001	1	27000	44.8193965	-106.9571943
56621835	560330004001	1	43000	44.8191408	-106.9567768
56621836	560330004001	1	32000	44.8093821	-106.9510682
56621837	560330004001	1	28900	44.8090631	-106.9514566
56621838	560330004001	1	24800	44.8084403	-106.9426382
56621839	560330004001	1	100400	44.8078310	-106.9427407
56621840	560330004001	1	56000	44.8196955	-106.9564844
56621841	560330004001	1	70410	44.8199250	-106.9561466
56621842	560330004001	1	75000	44.8199410	-106.9568152
56621843	560330004001	1	15100	44.8083419	-106.9430711
56621844	560330004001	1	26500	44.8194071	-106.9569203
56621845	560330004001	1	78100	44.8196488	-106.9566934
56621846	560330004001	1	10000	44.8076722	-106.9423787
56621847	560330004001	1	12900	44.8079930	-106.9427296
56621848	560330004001	1	13000	44.8077794	-106.9428297
56621849	560330004001	1	12000	44.8079024	-106.9429181
56621850	560330004001	1	49550	44.8081482	-106.9426582
56621851	560330004001	1	12000	44.8080342	-106.9428943
56621852	560330004001	1	108400	44.8075593	-106.9435093
56621853	560330004001	1	73000	44.8112248	-106.9605497
56621854	560330004001	1	64200	44.8097064	-106.9555568
56621855	560330004001	1	150000	44.8089550	-106.9569102
56621856	560330004001	1	13000	44.8076073	-106.9567456
56621857	560330004001	1	10000	44.8074522	-106.9580763
56621858	560330004001	1	28900	44.8069965	-106.9586916
56621859	560330004001	1	249930	44.8078580	-106.9426260
56621860	560330004001	1	135000	44.8069622	-106.9582552
56621861	560330004001	1	83000	44.8072557	-106.9587370
56621862	560330004001	1	12000	44.8069871	-106.9580243
56621863	560330004001	1	30000	44.8069132	-106.9584886
56621864	560330004001	1	85000	44.8080789	-106.9571066
56621865	560330004001	1	80000	44.8072422	-106.9581245
56621866	560330004001	1	40000	44.8079318	-106.9583936
56621867	560330004001	1	87560	44.8072024	-106.9590981
56621868	560330004001	1	65000	44.8074621	-106.9576772
56621869	560330004001	1	28800	44.8080330	-106.9587307
56621870	560330004001	1	69000	44.8073160	-106.9579717
56621871	560330004001	1	40000	44.8086269	-106.9578532
56621872	560330004001	1	10000	44.8084680	-106.9585834
56621873	560330004001	1	82200	44.8072965	-106.9570535
56621874	560330004001	1	97000	44.8074791	-106.9570383
56621875	560330004001	1	45000	44.8077206	-106.9576856
56621876	560330004001	1	40411	44.8081265	-106.9584966
56621877	560330004001	1	52000	44.8073258	-106.9574431
56621878	560330004001	1	74000	44.8084707	-106.9583515
56621879	560330004001	1	28400	44.8087114	-106.9572591
56621880	560330004001	1	25000	44.8081291	-106.9588083
56621881	560330004001	1	64600	44.8082573	-106.9588168
56621882	560330004001	1	134600	44.8083799	-106.9589073
56621883	560330004001	1	68600	44.8084386	-106.9568803
56621884	560330004001	1	31500	44.8087384	-106.9587811
56621885	560330004001	1	75000	44.8084506	-106.9579142
56621886	560330004001	1	20000	44.8094163	-106.9547399
56621887	560330004001	1	61000	44.8180273	-106.9546486
56621888	560330004001	1	20700	44.8184482	-106.9576204
56621889	560330004001	1	59150	44.8186982	-106.9582119
56621890	560330004001	1	19300	44.8083188	-106.9570035
56621891	560330004001	1	38001	44.8085337	-106.9575447
56621892	560330004001	1	50000	44.8187136	-106.9584062
56621893	560330004001	1	41900	44.8189245	-106.9577967
56621894	560330004001	1	9600	44.8181716	-106.9581203
56621895	560330004001	1	50100	44.8179573	-106.9548662
56621896	560330004001	1	52000	44.8175830	-106.9556520
56621897	560330004001	1	61460	44.8188578	-106.9584351
56621898	560330004001	1	45800	44.8184556	-106.9573763
56621899	560330004001	1	28300	44.8176612	-106.9551696
56621900	560330004001	1	80000	44.8174928	-106.9554710
56621901	560330004001	1	103000	44.8174888	-106.9548567
56621902	560330004001	1	63000	44.8096356	-106.9548171
56621903	560330004001	1	85000	44.8193854	-106.9577957
56621904	560330004001	1	32400	44.8189443	-106.9583028
56621905	560330004001	1	70360	44.8180059	-106.9551844
56621906	560330004001	1	114000	44.8197819	-106.9575622
56621907	560330004001	1	24000	44.8190130	-106.9574240
56621908	560330004001	1	89000	44.8195888	-106.9577946
56621909	560330004001	1	14800	44.8197421	-106.9573687
56621910	560330004001	1	103000	44.8088072	-106.9498038
56621911	560330004001	1	101000	44.8091323	-106.9504674
56621912	560330004001	1	40000	44.8195197	-106.9580294
56621913	560330004001	1	23000	44.8089804	-106.9499694
56621914	560330004001	1	48000	44.8088098	-106.9500486
56621915	560330004001	1	14400	44.8089681	-106.9498143
56621916	560330004001	1	51500	44.8089537	-106.9496883
56621917	560330004001	1	56010	44.8111914	-106.9608302
56621918	560330004001	1	45000	44.8084380	-106.9541749
56621919	560330004001	1	197900	44.8173471	-106.9560640
56621920	560330004001	1	40000	44.8099855	-106.9535318
56621921	560330004001	1	120000	44.8098018	-106.9544999
56621922	560330004001	1	28000	44.8094389	-106.9556017
56621923	560330004001	1	716000	44.8098616	-106.9549873
56621924	560330004001	1	15500	44.8093516	-106.9540255
56621925	560330004001	1	59000	44.8100702	-106.9538521
56621926	560330004001	1	56400	44.8094536	-106.9536387
56621927	560330004001	1	48000	44.8174084	-106.9557730
56621928	560330004001	1	60000	44.8179169	-106.9570437
56621929	560330004001	1	150000	44.8100242	-106.9541305
56621930	560330004001	1	102400	44.8100344	-106.9542988
56621931	560330004001	1	184000	44.8177405	-106.9565441
56621932	560330004001	1	14800	44.8175200	-106.9569800
56621933	560330004001	1	43000	44.8177771	-106.9559511
56621934	560330004001	1	65000	44.8084946	-106.9537597
56621935	560330004001	1	23700	44.8090470	-106.9550469
56621936	560330004001	1	10300	44.8174208	-106.9576946
56621937	560330004001	1	37700	44.8178590	-106.9574765
56621938	560330004001	1	74000	44.8173728	-106.9578219
56621939	560330004001	1	11500	44.8174550	-106.9581972
56621940	560330004001	1	33000	44.8180391	-106.9573067
56621941	560330004001	1	101000	44.8174934	-106.9581362
56621942	560330004001	1	114000	44.8093209	-106.9539167
56621943	560330004001	1	84100	44.8088662	-106.9549051
56621944	560330004001	1	49000	44.8089447	-106.9555157
56621945	560330004001	1	112600	44.8085413	-106.9547961
56621946	560330004001	1	100400	44.8086569	-106.9542011
56621947	560330004001	1	27000	44.8088732	-106.9543265
56621948	560330004001	1	45600	44.8091284	-106.9544644
56621949	560330004001	1	133100	44.8113001	-106.9602244
56621950	560330004001	1	32100	44.8125172	-106.9566956
56621951	560330004001	1	65000	44.8090723	-106.9479587
56621952	560330004001	1	75000	44.8089664	-106.9483835
56621953	560330004001	1	64000	44.8088151	-106.9532594
56621954	560330004001	1	27000	44.8086463	-106.9539091
56621955	560330004001	1	70050	44.8096617	-106.9491815
56621956	560330004001	1	11300	44.8095013	-106.9490815
56621957	560330004001	1	45700	44.8090602	-106.9485964
56621958	560330004001	1	15900	44.8123567	-106.9577599
56621959	560330004001	1	11860	44.8119910	-106.9584562
56621960	560330004001	1	50000	44.8093898	-106.9484594
56621961	560330004001	1	10500	44.8118542	-106.9581353
56621962	560330004001	1	42100	44.8121692	-106.9582567
56621963	560330004001	1	40000	44.8117724	-106.9577076
56621964	560330004001	1	49550	44.8123475	-106.9584706
56621965	560330004001	1	58600	44.8111096	-106.9607688
56621966	560330004001	1	18000	44.8071296	-106.9446620
56621967	560330004001	1	70400	44.8125380	-106.9566401
56621968	560330004001	1	32000	44.8121939	-106.9564678
56621969	560330004001	1	52500	44.8117819	-106.9571467
56621970	560330004001	1	11700	44.8070336	-106.9450505
56621971	560330004001	1	43000	44.8124955	-106.9573238
56621972	560330004001	1	45000	44.8123473	-106.9567322
56621973	560330004001	1	42800	44.8113811	-106.9604514
56621974	560330004001	1	36000	44.8101533	-106.9605706
56621975	560330004001	1	66900	44.8103895	-106.9599485
56621976	560330004001	1	36000	44.8098244	-106.9598346
56621977	560330004001	1	57780	44.8100715	-106.9605821
56621978	560330004001	1	38000	44.8104936	-106.9599543
56621979	560330004001	1	179300	44.8101435	-106.9605200
56621980	560330004001	1	18000	44.8128306	-106.9568695
56621981	560330004001	1	111000	44.8145515	-106.9540840
56621982	560330004001	1	65000	44.8133557	-106.9591159
56621983	560330004001	1	27000	44.8149365	-106.9555303
56621984	560330004001	1	30500	44.8132331	-106.9600336
56621985	560330004001	1	32400	44.8079812	-106.9514104
56621986	560330004001	1	56010	44.8129858	-106.9598557
56621987	560330004001	1	50000	44.8116372	-106.9589985
56621988	560330004001	1	60400	44.8122672	-106.9545365
56621989	560330004001	1	45000	44.8122691	-106.9596603
56621990	560330004001	1	17100	44.8127988	-106.9598096
56621991	560330004001	1	133100	44.8124615	-106.9589042
56621992	560330004001	1	11600	44.8129067	-106.9598103
56621993	560330004001	1	100000	44.8140738	-106.9545683
56621994	560330004001	1	32700	44.8077968	-106.9492928
56621995	560330004001	1	34000	44.8082893	-106.9498846
56621996	560330004001	1	103000	44.8100998	-106.9593970
56621997	560330004001	1	104100	44.8099750	-106.9593857
56621998	560330004001	1	42100	44.8099270	-106.9594230
56621999	560330004001	1	12900	44.8086760	-106.9495032
56622000	560330004001	1	22800	44.8106078	-106.9585044
56622001	560330004001	1	138000	44.8104996	-106.9592138
56622002	560330004001	1	56000	44.8075880	-106.9501568
56622003	560330004001	1	30000	44.8080728	-106.9502061
56622004	560330004001	1	36000	44.8083384	-106.9495299
56622005	560330004001	1	30000	44.8086663	-106.9498737
56622006	560330004001	1	27000	44.8078216	-106.9494516
56622007	560330004001	1	165000	44.8072326	-106.9497896
56622008	560330004001	1	11900	44.8074604	-106.9492825
56622009	560330004001	1	22600	44.8147852	-106.9546103
56622010	560330004001	1	50000	44.8077106	-106.9489016
56622011	560330004001	1	167200	44.8079574	-106.9486897
56622012	560330004001	1	17000	44.8087249	-106.9481706
56622013	560330004001	1	85000	44.8081167	-106.9486547
56622014	560330004001	1	58300	44.8073360	-106.9476801
56622015	560330004001	1	101000	44.8086444	-106.9483002
56622016	560330004001	1	40000	44.8087178	-106.9480307
56622017	560330004001	1	13200	44.8155414	-106.9553578
56622018	560330004001	1	12000	44.8074931	-106.9483626
56622019	560330004001	1	39000	44.8077803	-106.9480895
56622020	560330004001	1	155800	44.8078301	-106.9481743
56622021	560330004001	1	54350	44.8151839	-106.9541957
56622022	560330004001	1	49900	44.8148358	-106.9543859
56622023	560330004001	1	11700	44.8153883	-106.9548534
56622024	560330004001	1	40000	44.8148846	-106.9559804
56622025	560330004001	1	76000	44.8190468	-106.9588597
56622026	560330004001	1	87000	44.8088804	-106.9453213
56622027	560330004001	1	44000	44.8135036	-106.9542270
56622028	560330004001	1	100000	44.8139759	-106.9541276
56622029	560330004001	1	36500	44.8139667	-106.9545230
56622030	560330004001	1	60000	44.8129788	-106.9538110
56622031	560330004001	1	49700	44.8144629	-106.9540572
56622032	560330004001	1	26000	44.8137663	-106.9539040
56622033	560330004001	1	14000	44.8093200	-106.9451121
56622034	560330004001	1	30500	44.8093412	-106.9444580
56622035	560330004001	1	68090	44.8132315	-106.9540243
56622036	560330004001	1	45700	44.8131390	-106.9544161
56622037	560330004001	1	55050	44.8100468	-106.9447091
56622038	560330004001	1	12700	44.8093260	-106.9449650
56622039	560330004001	1	100000	44.8094631	-106.9442868
56622040	560330004001	1	57000	44.8189185	-106.9588653
56622041	560330004001	1	50200	44.8088549	-106.9440074
56622042	560330004001	1	56004	44.8085062	-106.9451669
56622043	560330004001	1	80000	44.8091229	-106.9447971
56622044	560330004001	1	45700	44.8091453	-106.9447788
56622045	560330004001	1	60000	44.8092212	-106.9429824
56622046	560330004001	1	32200	44.8082662	-106.9451311
56622047	560330004001	1	32400	44.8084836	-106.9427947
56622048	560330004001	1	62000	44.8188099	-106.9597389
56622049	560330004001	1	40000	44.8175215	-106.9606873
56622050	560330004001	1	12600	44.8091453	-106.9434800
56622051	560330004001	1	57780	44.8093009	-106.9430354
56622052	560330004001	1	56440	44.8174552	-106.9598506
56622053	560330004001	1	64000	44.8173522	-106.9606242
56622054	560330004001	1	35000	44.8170497	-106.9596531
56622055	560330004001	1	100400	44.8134595	-106.9563948
56622056	560330004001	1	25600	44.8134948	-106.9572442
56622057	560330004001	1	71900	44.8131324	-106.9581738
56622058	560330004001	1	22000	44.8191077	-106.9585363
56622059	560330004001	1	32800	44.8179833	-106.9592099
56622060	560330004001	1	10000	44.8183619	-106.9595142
56622061	560330004001	1	58000	44.8180177	-106.9594237
56622062	560330004001	1	57300	44.8182000	-106.9589862
56622063	560330004001	1	35000	44.8126806	-106.9581892
56622064	560330004001	1	72000	44.8200664	-106.9609347
56622065	560330004001	1	87560	44.8199736	-106.9607338
56622066	560330004001	1	13800	44.8204541	-106.9605042
56622067	560330004001	1	50000	44.8128150	-106.9586366
56622068	560330004001	1	65200	44.8199715	-106.9601003
56622069	560330004001	1	40270	44.8128331	-106.9580650
56622070	560330004001	1	119000	44.8134703	-106.9570029
56622071	560330004001	1	10600	44.8135927	-106.9573744
56622072	560330004001	1	56400	44.8145843	-106.9558033
56622073	560330004001	1	46000	44.8143829	-106.9572870
56622074	560330004001	1	12000	44.8139220	-106.9565867
56622075	560330004001	1	48000	44.8137535	-106.9569884
56622076	560330004001	1	36530	44.8128438	-106.9552626
56622077	560330004001	1	53000	44.8142531	-106.9563186
56622078	560330004001	1	86000	44.8144320	-106.9554805
56622079	560330004001	1	52000	44.8142901	-106.9558420
56622080	560330004001	1	81500	44.8130072	-106.9556739
56622081	560330004001	1	81200	44.8136382	-106.9555222
56622082	560330004001	1	16700	44.8134567	-106.9554551
56622083	560330004001	1	75000	44.8116490	-106.9575716
56622084	560330004001	1	94000	44.8169158	-106.9561087
56622085	560330004001	1	80000	44.8127476	-106.9557297
56622086	560330004001	1	135000	44.8153247	-106.9559791
56622087	560330004001	1	24000	44.8085982	-106.9506730
56622088	560330004001	1	41600	44.8082086	-106.9510649
56622089	560330004001	1	70360	44.8083302	-106.9504837
56622090	560330004001	1	50100	44.8153982	-106.9486629
56622091	560330004001	1	82200	44.8167331	-106.9551966
56622092	560330004001	1	65000	44.8153533	-106.9570717
56622093	560330004001	1	88610	44.8148125	-106.9566325
56622094	560330004001	1	10400	44.8147738	-106.9567428
56622095	560330004001	1	20000	44.8146225	-106.9562384
56622096	560330004001	1	179300	44.8154176	-106.9569106
56622097	560330004001	1	49360	44.8167025	-106.9555722
56622098	560330004001	1	27000	44.8171959	-106.9545978
56622099	560330004001	1	84250	44.8170672	-106.9545549
56622100	560330004001	1	34000	44.8119923	-106.9548533
56622101	560330004001	1	40000	44.8122978	-106.9550138
56622102	560330004001	1	29300	44.8119996	-106.9560584
56622103	560330004001	1	40700	44.8128093	-106.9554387
56622104	560330004001	1	11500	44.8124918	-106.9553454
56622105	560330004001	1	42000	44.8124100	-106.9559667
56622106	560330004001	1	100000	44.8125529	-106.9549002
56622107	560330004001	1	27800	44.8124282	-106.9551271
56622108	560330004001	1	95900	44.8119326	-106.9555870
56622109	560330004001	1	13800	44.8126817	-106.9552607
56622110	560330004001	1	177000	44.8119820	-106.9549222
56622111	560330004001	1	46100	44.8126870	-106.9551575
56622112	560330004001	1	66900	44.8126625	-106.9558136
56622113	560330004001	1	46820	44.8124945	-106.9555235
56622114	560330004001	1	92000	44.8122319	-106.9549099
56622115	560330004001	1	38000	44.8122758	-106.9558901
56622116	560330004001	1	75400	44.8125785	-106.9555133
56622117	560330004001	1	51000	44.8126767	-106.9549511
56622118	560330004001	1	50000	44.8125058	-106.9556347
56622119	560330004001	1	75000	44.8126963	-106.9551457
56622120	560330004001	1	11700	44.8127413	-106.9561365
56622121	560330004001	1	40500	44.8126686	-106.9554015
56622122	560330004001	1	53800	44.8119984	-106.9558853
56622123	560330004001	1	88300	44.8121709	-106.9560604
56622124	560330004001	1	20000	44.8125938	-106.9557732
56622125	560330004001	1	225000	44.8127181	-106.9551519
56622126	560330004001	1	48200	44.8127679	-106.9558208
56622127	560330004001	1	92000	44.8125052	-106.9549611
56622128	560330004001	1	87700	44.8112503	-106.9575632
56622129	560330004001	1	57900	44.8168466	-106.9566182
56622130	560330004001	1	106000	44.8086304	-106.9504393
56622131	560330004001	1	69000	44.8110039	-106.9585945
56622132	560330004001	1	32800	44.8070126	-106.9577869
56622133	560330004001	1	61600	44.8124554	-106.9551195
56622134	560330004001	1	68640	44.8123794	-106.9560330
56622135	560330004001	1	85000	44.8126543	-106.9554141
56622136	560330004001	1	52000	44.8124801	-106.9556887
56622137	560330004001	1	88300	44.8122905	-106.9556336
56622138	560330004001	1	81490	44.8072431	-106.9568207
56622139	560330004001	1	74000	44.8070245	-106.9489495
56622140	560330004001	1	26000	44.8119962	-106.9559532
56622141	560330004001	1	56010	44.8069844	-106.9489869
56622142	560330004001	1	50000	44.8070408	-106.9573433
56622143	560330004001	1	75000	44.8068411	-106.9494034
56622144	560330004001	1	51000	44.8069529	-106.9566127
56622145	560330004001	1	36000	44.8112492	-106.9591675
56622146	560330004001	1	26700	44.8110684	-106.9591607
56622147	560330004001	1	25100	44.8116269	-106.9586220
56622148	560330004001	1	33000	44.8071598	-106.9570351
56622149	560330004001	1	74700	44.8113759	-106.9590598
56622150	560330004001	1	55000	44.8112803	-106.9585564
56622151	560330004001	1	113000	44.8107356	-106.9590647
56622152	560330004001	1	133100	44.8109606	-106.9595777
56622153	560330004001	1	80700	44.8115024	-106.9588411
56622154	560330004001	1	71500	44.8114090	-106.9594933
56622155	560330004001	1	116500	44.8113548	-106.9589203
56622156	560330004001	1	84000	44.8115678	-106.9588490
56622157	560330004001	1	39000	44.8109253	-106.9587219
56622158	560330004001	1	71100	44.8115571	-106.9589412
56622159	560330004001	1	32700	44.8110681	-106.9585246
56622160	560330004001	1	36000	44.8110580	-106.9584505
56622161	560330004001	1	40000	44.8154501	-106.9570550
56622162	560330004001	1	42100	44.8161618	-106.9559979
56622163	560330004001	1	45000	44.8165644	-106.9559524
56622164	560330004001	1	88400	44.8082530	-106.9504437
56622165	560330004001	1	57780	44.8169877	-106.9564261
56622166	560330004001	1	36600	44.8161810	-106.9555551
56622167	560330004001	1	33200	44.8155668	-106.9566235
56622168	560330004001	1	208790	44.8159754	-106.9560880
56622169	560330004001	1	70700	44.8161228	-106.9574730
56622170	560330004001	1	23000	44.8164227	-106.9550447
56622171	560330004001	1	13700	44.8160091	-106.9545460
56622172	560330004001	1	16500	44.8158784	-106.9554275
56622173	560330004001	1	76000	44.8157319	-106.9572946
56622174	560330004001	1	12550	44.8158184	-106.9545665
56622175	560330004001	1	121000	44.8160027	-106.9573100
56622176	560330004001	1	88000	44.8100383	-106.9578622
56622177	560330004001	1	85200	44.8073079	-106.9538003
56622178	560330004001	1	50000	44.8117745	-106.9604157
56622179	560330004001	1	30000	44.8122868	-106.9607030
56622180	560330004001	1	64700	44.8122189	-106.9604525
56622181	560330004001	1	103000	44.8069723	-106.9537995
56622182	560330004001	1	38000	44.8120985	-106.9599702
56622183	560330004001	1	14000	44.8070839	-106.9534620
56622184	560330004001	1	73410	44.8105928	-106.9576852
56622185	560330004001	1	29250	44.8167657	-106.9577745
56622186	560330004001	1	133100	44.8074444	-106.9539167
56622187	560330004001	1	45500	44.8163626	-106.9578325
56622188	560330004001	1	11700	44.8104019	-106.9582035
56622189	560330004001	1	50000	44.8170957	-106.9581024
56622190	560330004001	1	57000	44.8168649	-106.9571355
56622191	560330004001	1	363500	44.8164286	-106.9489706
56622192	560330004001	1	57000	44.8125827	-106.9488389
56622193	560330004001	1	45000	44.8125185	-106.9526109
56622194	560330004001	1	49000	44.8164326	-106.9586821
56622195	560330004001	1	99000	44.8188097	-106.9600245
56622196	560330004001	1	63900	44.8117052	-106.9561779
56622197	560330004001	1	9600	44.8118338	-106.9562768
56622198	560330004001	1	32000	44.8117836	-106.9565073
56622199	560330004001	1	100400	44.8141422	-106.9578790
56622200	560330004001	1	82200	44.8142252	-106.9580261
56622201	560330004001	1	37000	44.8141838	-106.9583269
56622202	560330004001	1	65050	44.8111260	-106.9558956
56622203	560330004001	1	82200	44.8108934	-106.9556602
56622204	560330004001	1	72000	44.8191461	-106.9602020
56622205	560330004001	1	42500	44.8107385	-106.9549263
56622206	560330004001	1	82000	44.8115261	-106.9550942
56622207	560330004001	1	54350	44.8109191	-106.9561132
56622208	560330004001	1	29500	44.8103718	-106.9562458
56622209	560330004001	1	38000	44.8154199	-106.9536026
56622210	560330004001	1	19200	44.8116733	-106.9531182
56622211	560330004001	1	101000	44.8167398	-106.9606589
56622212	560330004001	1	106300	44.8163776	-106.9591313
56622213	560330004001	1	92000	44.8163959	-106.9595002
56622214	560330004001	1	13000	44.8118513	-106.9525311
56622215	560330004001	1	49550	44.8096003	-106.9528137
56622216	560330004001	1	73000	44.8096526	-106.9526297
56622217	560330004001	1	55050	44.8152620	-106.9530236
56622218	560330004001	1	12000	44.8130683	-106.9531640
56622219	560330004001	1	11700	44.8143171	-106.9535269
56622220	560330004001	1	80000	44.8140287	-106.9533596
56622221	560330004001	1	10000	44.8157865	-106.9537648
56622222	560330004001	1	89000	44.8131487	-106.9530845
56622223	560330004001	1	60000	44.8161856	-106.9534628
56622224	560330004001	1	102600	44.8139580	-106.9498800
56622225	560330004001	1	64800	44.8113094	-106.9520850
56622226	560330004001	1	89200	44.8169042	-106.9537125
56622227	560330004001	1	69000	44.8093997	-106.9518553
56622228	560330004001	1	21000	44.8130187	-106.9530586
56622229	560330004001	1	22800	44.8085839	-106.9521769
56622230	560330004001	1	87700	44.8169053	-106.9542703
56622231	560330004001	1	84400	44.8106647	-106.9530534
56622232	560330004001	1	20000	44.8111742	-106.9532460
56622233	560330004001	1	23000	44.8113503	-106.9518635
56622234	560330004001	1	18000	44.8114835	-106.9496946
56622235	560330004001	1	84250	44.8122719	-106.9499074
56622236	560330004001	1	37000	44.8117164	-106.9503087
56622237	560330004001	1	88000	44.8107737	-106.9512192
56622238	560330004001	1	38300	44.8110253	-106.9502525
56622239	560330004001	1	55000	44.8111228	-106.9514419
56622240	560330004001	1	104100	44.8134944	-106.9495696
56622241	560330004001	1	98000	44.8117517	-106.9490531
56622242	560330004001	1	45000	44.8104530	-106.9512880
56622243	560330004001	1	32800	44.8101454	-106.9501135
56622244	560330004001	1	42000	44.8096738	-106.9505864
56622245	560330004001	1	46700	44.8110739	-106.9486102
56622246	560330004001	1	10000	44.8102898	-106.9507587
56622247	560330004001	1	82750	44.8107131	-106.9490006
56622248	560330004001	1	51000	44.8131777	-106.9522506
56622249	560330004001	1	75600	44.8098347	-106.9485029
56622250	560330004001	1	25500	44.8119007	-106.9486801
56622251	560330004001	1	12550	44.8099798	-106.9492317
56622252	560330004001	1	23700	44.8133933	-106.9513752
56622253	560330004001	1	104400	44.8123157	-106.9519514
56622254	560330004001	1	49900	44.8129660	-106.9516530
56622255	560330004001	1	11300	44.8149842	-106.9486818
56622256	560330004001	1	225000	44.8148878	-106.9503011
56622257	560330004001	1	61000	44.8141537	-106.9595195
56622258	560330004001	1	32000	44.8181250	-106.9605969
56622259	560330004001	1	43600	44.8179057	-106.9543818
56622260	560330004001	1	82300	44.8127586	-106.9487883
56622261	560330004001	1	18700	44.8181388	-106.9543707
56622262	560330004001	1	21000	44.8181430	-106.9608528
56622263	560330004001	1	40000	44.8146485	-106.9526065
56622264	560330004001	1	58000	44.8142011	-106.9517235
56622265	560330004001	1	103050	44.8142835	-106.9593777
56622266	560330004001	1	54350	44.8074118	-106.9475563
56622267	560330004001	1	17100	44.8088327	-106.9472933
56622268	560330004001	1	14400	44.8083661	-106.9476648
56622269	560330004001	1	38840	44.8125312	-106.9508804
56622270	560330004001	1	11700	44.8075438	-106.9471204
56622271	560330004001	1	20500	44.8128513	-106.9504830
56622272	560330004001	1	84000	44.8154730	-106.9586227
56622273	560330004001	1	63900	44.8205034	-106.9556169
56622274	560330004001	1	43400	44.8154704	-106.9598287
56622275	560330004001	1	51000	44.8150181	-106.9581739
56622276	560330004001	1	25600	44.8149166	-106.9586512
56622277	560330004001	1	96200	44.8200079	-106.9560959
56622278	560330004001	1	24900	44.8157395	-106.9593173
56622279	560330004001	1	70000	44.8144292	-106.9593404
56622280	560330004001	1	70000	44.8118550	-106.9478132
56622281	560330004001	1	98000	44.8076249	-106.9453110
56622282	560330004001	1	97000	44.8087496	-106.9455519
56622283	560330004001	1	84000	44.8090671	-106.9455753
56622284	560330004001	1	137100	44.8163659	-106.9521400
56622285	560330004001	1	18000	44.8076266	-106.9460001
56622286	560330004001	1	27000	44.8103531	-106.9470111
56622287	560330004001	1	80000	44.8153559	-106.9504771
56622288	560330004001	1	87400	44.8168719	-106.9459018
56622289	560330004001	1	68640	44.8147946	-106.9489815
56622290	560330004001	1	75900	44.8068493	-106.9425124
56622291	560330004001	1	72000	44.8153106	-106.9517549
56622292	560330004001	1	50000	44.8106110	-106.9467599
56622293	560330004001	1	54400	44.8139660	-106.9503555
56622294	560330004001	1	51100	44.8064704	-106.9419150
56622295	560330004001	1	41900	44.8070701	-106.9420934
56622296	560330004001	1	95000	44.8107873	-106.9478996
56622297	560330004001	1	58490	44.8141879	-106.9486327
56622298	560330004001	1	9600	44.8204460	-106.9595123
56622299	560330004001	1	42000	44.8201064	-106.9579970
56622300	560330004001	1	49050	44.8167884	-106.9523247
56622301	560330004001	1	47000	44.8205809	-106.9604484
56622302	560330004001	1	68640	44.8209201	-106.9595965
56622303	560330004001	1	38000	44.8166428	-106.9505435
56622304	560330004001	1	52000	44.8132045	-106.9481676
56622305	560330004001	1	94000	44.8162882	-106.9441042
56622306	560330004001	1	84000	44.8157407	-106.9458789
56622307	560330004001	1	30000	44.8168824	-106.9436128
56622308	560330004001	1	60800	44.8145109	-106.9432721
56622309	560330004001	1	32100	44.8160329	-106.9437273
56622310	560330004001	1	18400	44.8166752	-106.9452672
56622311	560330004001	1	12200	44.8148302	-106.9472483
56622312	560330004001	1	26100	44.8153120	-106.9437380
56622313	560330004001	1	62200	44.8144986	-106.9461819
56622314	560330004001	1	103050	44.8152269	-106.9443531
56622315	560330004001	1	85000	44.8062535	-106.9400243
56622316	560330004001	1	28000	44.8171112	-106.9472563
56622317	560330004001	1	24000	44.8154849	-106.9476423
56622318	560330004001	1	225000	44.8084100	-106.9402214
56622319	560330004001	1	120400	44.8102812	-106.9423351
56622320	560330004001	1	12550	44.8117111	-106.9469827
56622321	560330004001	1	12600	44.8126997	-106.9467837
56622322	560330004001	1	67700	44.8156986	-106.9493831
56622323	560330004001	1	32300	44.8161415	-106.9491264
56622324	560330004001	1	26000	44.8172040	-106.9414193
56622325	560330004001	1	70000	44.8204044	-106.9431387
56622326	560330004001	1	19300	44.8137477	-106.9465238
56622327	560330004001	1	20200	44.8125201	-106.9463707
56622328	560330004001	1	74000	44.8207075	-106.9452288
56622329	560330004001	1	88000	44.8071113	-106.9402005
56622330	560330004001	1	40000	44.8205079	-106.9466404
56622331	560330004001	1	59000	44.8108286	-106.9398478
56622332	560330004001	1	52700	44.8102123	-106.9401334
56622333	560330004001	1	46500	44.8208370	-106.9490465
56622334	560330004001	1	70700	44.8165530	-106.9403606
56622335	560330004001	1	72000	44.8201766	-106.9436887
56622336	560330004001	1	101000	44.8087188	-106.9402067
56622337	560330004001	1	93600	44.8205502	-106.9498661
56622338	560330004001	1	54700	44.8103284	-106.9426133
56622339	560330004001	1	66900	44.8112147	-106.9411586
56622340	560330004001	1	43000	44.8099490	-106.9406950
56622341	560330004001	1	41750	44.8126656	-106.9410049
56622342	560330004001	1	38000	44.8129854	-106.9396920
56622343	560330004001	1	63440	44.8092892	-106.9416107
56622344	560330004001	1	85500	44.8116580	-106.9414402
56622345	560330004001	1	100000	44.8118983	-106.9404267
56622346	560330004001	1	33000	44.8187638	-106.9430011
56622347	560330004001	1	236100	44.8209361	-106.9456793
56622348	560330004001	1	68700	44.8116977	-106.9425815
56622349	560330004001	1	80000	44.8080421	-106.9396302
56622350	560330004001	1	56000	44.8069726	-106.9391841
56622351	560330004001	1	50000	44.8137871	-106.9425544
56622352	560330004001	1	85000	44.8204908	-106.9515310
56622353	560330004001	1	83600	44.8129521	-106.9422412
56622354	560330004001	1	38000	44.8134014	-106.9411613
56622355	560330004001	1	13970	44.8159936	-106.9421938
56622356	560330004001	1	67200	44.8153748	-106.9417192
56622357	560330004001	1	38500	44.8145999	-106.9416002
56622358	560330004001	1	51000	44.8132528	-106.9400634
56622359	560330004001	1	60000	44.8175257	-106.9421623
56622360	560330004001	1	26500	44.8180826	-106.9421903
56622361	560330004001	1	64200	44.8194469	-106.9442450
56622362	560330004001	1	85000	44.8209466	-106.9481924
56622363	560330004001	1	69160	44.8142885	-106.9399797
56622364	560330004001	1	65000	44.8154500	-106.9409119
56622365	560330004001	1	48400	44.8203917	-106.9498029
56622366	560330004001	1	55000	44.8196336	-106.9515622
56622367	560330004001	1	85000	44.8204199	-106.9508095
56622368	560330004001	1	60000	44.8181647	-106.9486200
56622369	560330004001	1	130000	44.8206663	-106.9473792
56622370	560330004001	1	12000	44.8199724	-106.9524406
56622371	560330004001	1	54200	44.8180785	-106.9495148
56622372	560330004001	1	23700	44.8092208	-106.9561898
56622373	560330004001	1	20000	44.8126523	-106.9548808
56622374	560330004001	1	125210	44.8080345	-106.9532324
56622375	560330004001	1	43000	44.8091861	-106.9562163
56622376	560330004001	1	145000	44.8093005	-106.9421437
56622377	560330004001	1	29500	44.8094611	-106.9566434
56622378	560330004001	1	64000	44.8087187	-106.9416913
56622379	560330004001	1	130000	44.8082334	-106.9516137
56622380	560330004001	1	23000	44.8079897	-106.9506335
56622381	560330004001	1	41900	44.8085017	-106.9513243
56622382	560330004001	1	86000	44.8078735	-106.9503558
56622383	560330004001	1	13200	44.8086250	-106.9506888
56622384	560330004001	1	13700	44.8082222	-106.9505436
56622385	560330004001	1	9600	44.8084717	-106.9515184
56622386	560330004001	1	54400	44.8070511	-106.9560285
56622387	560330004001	1	57100	44.8071233	-106.9563594
56622388	560330004001	1	35000	44.8069475	-106.9555555
56622389	560330004001	1	46500	44.8070294	-106.9563331
56622390	560330004001	1	27000	44.8072762	-106.9563588
56622391	560330004001	1	70000	44.8069607	-106.9565128
56622392	560330004001	1	102000	44.8072818	-106.9562406
56622393	560330004001	1	37100	44.8092712	-106.9566043
56622394	560330004001	1	39400	44.8081210	-106.9553545
56622395	560330004001	1	27000	44.8093244	-106.9428701
56622396	560330004001	1	28500	44.8086088	-106.9427473
56622397	560330004001	1	64600	44.8088412	-106.9418221
56622398	560330004001	1	70000	44.8093320	-106.9423861
56622399	560330004001	1	69000	44.8087324	-106.9417856
56622400	560330004001	1	40000	44.8086151	-106.9427027
56622401	560330004001	1	58000	44.8086137	-106.9415587
56622402	560330004001	1	148700	44.8074872	-106.9550929
56622403	560330004001	1	87560	44.8089978	-106.9416048
56622404	560330004001	1	13700	44.8092376	-106.9424833
56622405	560330004001	1	38001	44.8090758	-106.9424423
56622406	560330004001	1	38000	44.8082020	-106.9552161
56622407	560330004001	1	18000	44.8086810	-106.9415254
56622408	560330004001	1	11700	44.8079317	-106.9548382
56622409	560330004001	1	145200	44.8094500	-106.9566668
56622410	560330004001	1	127500	44.8083568	-106.9545471
56622411	560330004001	1	25700	44.8076473	-106.9543419
56622412	560330004001	1	16700	44.8082741	-106.9542541
56622413	560330004001	1	33200	44.8077469	-106.9552039
56622414	560330004001	1	154600	44.8076483	-106.9541578
56622415	560330004001	1	73000	44.8082440	-106.9547757
56622416	560330004001	1	137000	44.8078977	-106.9549555
56622417	560330004001	1	56010	44.8095265	-106.9565693
56622418	560330004001	1	37000	44.8098839	-106.9560872
56622419	560330004001	1	40270	44.8074722	-106.9551615
56622420	560330004001	1	65000	44.8095960	-106.9559062
56622421	560330004001	1	40270	44.8092525	-106.9565863
56622422	560330004001	1	39000	44.8098357	-106.9557555
56622423	560330004001	1	51000	44.8095791	-106.9557425
56622424	560330004001	1	50000	44.8114875	-106.9543326
56622425	560330004001	1	54700	44.8094664	-106.9571655
56622426	560330004001	1	24000	44.8079219	-106.9529925
56622427	560330004001	1	132360	44.8069539	-106.9542678
56622428	560330004001	1	38001	44.8068821	-106.9550112
56622429	560330004001	1	33000	44.8096370	-106.9576314
56622430	560330004001	1	116500	44.8092857	-106.9580909
56622431	560330004001	1	27500	44.8100069	-106.9558640
56622432	560330004001	1	14410	44.8098249	-106.9575307
56622433	560330004001	1	57100	44.8091530	-106.9572868
56622434	560330004001	1	26000	44.8092726	-106.9571084
56622435	560330004001	1	104000	44.8096319	-106.9577635
56622436	560330004001	1	54000	44.8118492	-106.9543889
56622437	560330004001	1	13000	44.8108443	-106.9545313
56622438	560330004001	1	549200	44.8097647	-106.9575871
56622439	560330004001	1	27880	44.8090709	-106.9580167
56622440	560330004001	1	88500	44.8094154	-106.9574554
56622441	560330004001	1	71000	44.8106700	-106.9543818
56622442	560330004001	1	106000	44.8097620	-106.9572624
56622443	560330004001	1	18000	44.8103134	-106.9532797
56622444	560330004001	1	21000	44.8110661	-106.9533855
56622445	560330004001	1	42000	44.8109246	-106.9535398
56622446	560330004001	1	33200	44.8111323	-106.9539021
56622447	560330004001	1	45860	44.8104230	-106.9537274
56622448	560330004001	1	247500	44.8107984	-106.9541240
56622449	560330004001	1	42000	44.8108715	-106.9539718
56622450	560330004001	1	11500	44.8110827	-106.9534530
56622451	560330004001	1	25000	44.8073399	-106.9542659
56622452	560330004001	1	11200	44.8092693	-106.9588075
56622453	560330004001	1	120000	44.8117407	-106.9544944
56622454	560330004001	1	55000	44.8115600	-106.9536790
56622455	560330004001	1	64100	44.8119795	-106.9536517
56622456	560330004001	1	28300	44.8114887	-106.9539048
56622457	560330004001	1	106500	44.8117075	-106.9538554
56622458	560330004001	1	58100	44.8117236	-106.9544877
56622459	560330004001	1	29300	44.8092483	-106.9593797
56622460	560330004001	1	128000	44.8093824	-106.9594802
56622461	560330004001	1	79600	44.8118191	-106.9546429
56622462	560330004001	1	9600	44.8118267	-106.9538874
56622463	560330004001	1	149000	44.8095029	-106.9589854
56622464	560330004001	1	42000	44.8093909	-106.9588729
56622465	560330004001	1	90400	44.8092897	-106.9591300
56622466	560330004001	1	30000	44.8071786	-106.9548305
56622467	560330004001	1	50000	44.8097234	-106.9479003
56622468	560330004001	1	59050	44.8090820	-106.9584232
56622469	560330004001	1	62000	44.8096406	-106.9592361
56622470	560330004001	1	122240	44.8096481	-106.9477446
56622471	560330004001	1	66900	44.8095131	-106.9585805
56622472	560330004001	1	11200	44.8093672	-106.9472784
56622473	560330004001	1	51000	44.8074827	-106.9543682
56622474	560330004001	1	103000	44.8092036	-106.9477806
56622475	560330004001	1	95000	44.8092433	-106.9477707
56622476	560330004001	1	54500	44.8092286	-106.9472206
56622477	560330004001	1	122000	44.8090978	-106.9471089
56622478	560330004001	1	12400	44.8090633	-106.9479189
56622479	560330004001	1	146600	44.8094621	-106.9469282
56622480	560330004001	1	43400	44.8125812	-106.9547461
56622481	560330004001	1	70000	44.8083666	-106.9534136
56622482	560330004001	1	40270	44.8081618	-106.9539722
56622483	560330004001	1	72000	44.8081824	-106.9531675
56622484	560330004001	1	10600	44.8081019	-106.9541219
56622485	560330004001	1	37000	44.8091623	-106.9460141
56622486	560330004001	1	58100	44.8177801	-106.9587971
56622487	560330004001	1	15100	44.8068407	-106.9510698
56622488	560330004001	1	11700	44.8125289	-106.9540014
56622489	560330004001	1	28800	44.8125970	-106.9538217
56622490	560330004001	1	50000	44.8076785	-106.9531142
56622491	560330004001	1	10000	44.8179442	-106.9583881
56622492	560330004001	1	38000	44.8175092	-106.9584820
56622493	560330004001	1	28000	44.8080783	-106.9531731
56622494	560330004001	1	17000	44.8077494	-106.9540012
56622495	560330004001	1	51000	44.8185336	-106.9567189
56622496	560330004001	1	100000	44.8186638	-106.9571539
56622497	560330004001	1	23000	44.8173893	-106.9589920
56622498	560330004001	1	82360	44.8174443	-106.9585618
56622499	560330004001	1	54400	44.8170488	-106.9592252
56622500	560330004001	1	130000	44.8174161	-106.9584824
56622501	560330004001	1	23000	44.8173377	-106.9589940
56622502	560330004001	1	62000	44.8172086	-106.9585626
56622503	560330004001	1	151500	44.8188725	-106.9561661
56622504	560330004001	1	73000	44.8182341	-106.9561297
56622505	560330004001	1	18400	44.8181662	-106.9570776
56622506	560330004001	1	46300	44.8183008	-106.9567723
56622507	560330004001	1	46010	44.8185662	-106.9561380
56622508	560330004001	1	64800	44.8186299	-106.9568207
56622509	560330004001	1	63200	44.8184992	-106.9563973
56622510	560330004001	1	101000	44.8068980	-106.9501852
56622511	560330004001	1	247500	44.8068938	-106.9484763
56622512	560330004001	1	42000	44.8092777	-106.9454882
56622513	560330004001	1	43500	44.8094858	-106.9466387
56622514	560330004001	1	225000	44.8097500	-106.9457497
56622515	560330004001	1	48000	44.8092385	-106.9465745
56622516	560330004001	1	28000	44.8096222	-106.9465653
56622517	560330004001	1	100800	44.8098030	-106.9461138
56622518	560330004001	1	61000	44.8094042	-106.9459245
56622519	560330004001	1	34300	44.8069741	-106.9485481
56622520	560330004001	1	45300	44.8070675	-106.9463821
56622521	560330004001	1	96700	44.8093024	-106.9458211
56622522	560330004001	1	51000	44.8070123	-106.9476073
56622523	560330004001	1	90000	44.8070488	-106.9465876
56622524	560330004001	1	13000	44.8069813	-106.9472713
56622525	560330004001	1	9700	44.8068458	-106.9468781
56622526	560330004001	1	24000	44.8071127	-106.9455758
56622527	560330004001	1	70700	44.8088251	-106.9602021
56622528	560330004001	1	31400	44.8068425	-106.9488523
56622529	560330004001	1	22800	44.8070631	-106.9479961
56622530	560330004001	1	48000	44.8069377	-106.9486811
56622531	560330004001	1	76000	44.8090001	-106.9596917
56622532	560330004001	1	94300	44.8097150	-106.9601936
56622533	560330004001	1	103000	44.8095147	-106.9600207
56622534	560330004001	1	50000	44.8071801	-106.9456060
56622535	560330004001	1	29000	44.8070631	-106.9456454
56622536	560330004001	1	39000	44.8091526	-106.9596076
56622537	560330004001	1	247500	44.8090460	-106.9594646
56622538	560330004001	1	54000	44.8071802	-106.9451031
56622539	560330004001	1	86200	44.8069272	-106.9458177
56622540	560330004001	1	65000	44.8070261	-106.9462925
56622541	560330004001	1	25900	44.8075803	-106.9514155
56622542	560330004001	1	78000	44.8069443	-106.9507176
56622543	560330004001	1	37000	44.8077283	-106.9504668
56622544	560330004001	1	48000	44.8125795	-106.9537849
56622545	560330004001	1	42800	44.8070575	-106.9510096
56622546	560330004001	1	23300	44.8071497	-106.9503097
56622547	560330004001	1	116500	44.8074287	-106.9507656
56622548	560330004001	1	30000	44.8074752	-106.9503782
56622549	560330004001	1	58610	44.8069402	-106.9507680
56622550	560330004001	1	42800	44.8125921	-106.9548366
56622551	560330004002	1	74800	44.8124656	-106.9720620
56622552	560330004002	1	247500	44.8094642	-106.9621695
56622553	560330004002	1	114900	44.8089809	-106.9624400
56622554	560330004002	1	23000	44.8080930	-106.9686154
56622555	560330004002	1	38000	44.8079870	-106.9691237
56622556	560330004002	1	48400	44.8136561	-106.9693444
56622557	560330004002	1	74000	44.8129009	-106.9717472
56622558	560330004002	1	24000	44.8130553	-106.9727532
56622559	560330004002	1	68640	44.8125472	-106.9720779
56622560	560330004002	1	36000	44.8128804	-106.9718309
56622561	560330004002	1	55000	44.8128975	-106.9720534
56622562	560330004002	1	51000	44.8124492	-106.9720345
56622563	560330004002	1	45000	44.8130093	-106.9723410
56622564	560330004002	1	66600	44.8134916	-106.9696706
56622565	560330004002	1	34300	44.8129675	-106.9716622
56622566	560330004002	1	116	44.8131197	-106.9719001
56622567	560330004002	1	6200	44.8128894	-106.9724361
56622568	560330004002	1	56600	44.8142993	-106.9701820
56622569	560330004002	1	54000	44.8111945	-106.9662220
56622570	560330004002	1	118100	44.8153623	-106.9707046
56622571	560330004002	1	87700	44.8152469	-106.9711343
56622572	560330004002	1	73700	44.8125843	-106.9718043
56622573	560330004002	1	39000	44.8126117	-106.9722801
56622574	560330004002	1	89000	44.8127959	-106.9722281
56622575	560330004002	1	49900	44.8156177	-106.9712636
56622576	560330004002	1	55050	44.8130622	-106.9716046
56622577	560330004002	1	43700	44.8152081	-106.9707132
56622578	560330004002	1	55000	44.8157307	-106.9709542
56622579	560330004002	1	33200	44.8155816	-106.9712338
56622580	560330004002	1	2400	44.8154874	-106.9711665
56622581	560330004002	1	78400	44.8152851	-106.9710870
56622582	560330004002	1	21710	44.8154620	-106.9710340
56622583	560330004002	1	40270	44.8152561	-106.9710147
56622584	560330004002	1	23100	44.8160396	-106.9712849
56622585	560330004002	1	113000	44.8116003	-106.9664539
56622586	560330004002	9	400	44.8113691	-106.9668418
56622587	560330004002	1	36000	44.8153819	-106.9708777
56622588	560330004002	1	95100	44.8154296	-106.9714834
56622589	560330004002	1	127500	44.8158550	-106.9713940
56622590	560330004002	1	8400	44.8114856	-106.9664364
56622591	560330004002	1	70000	44.8157997	-106.9719792
56622592	560330004002	1	36000	44.8118923	-106.9663169
56622593	560330004002	1	33200	44.8116825	-106.9666361
56622594	560330004002	1	157400	44.8112977	-106.9671388
56622595	560330004002	1	67500	44.8110914	-106.9666188
56622596	560330004002	1	88400	44.8112665	-106.9664220
56622597	560330004002	1	6200	44.8112094	-106.9662323
56622598	560330004002	1	8400	44.8118614	-106.9665719
56622599	560330004002	1	140000	44.8113020	-106.9668376
56622600	560330004002	1	74600	44.8140399	-106.9698823
56622601	560330004002	9	117000	44.8135602	-106.9723241
56622602	560330004002	1	60000	44.8139645	-106.9719054
56622603	560330004002	1	35000	44.8141585	-106.9721699
56622604	560330004002	8	74030	44.8114255	-106.9662115
56622605	560330004002	1	66800	44.8117657	-106.9662769
56622606	560330004002	1	60000	44.8136013	-106.9727466
56622607	560330004002	9	27000	44.8138179	-106.9721852
56622608	560330004002	1	35150	44.8136738	-106.9717205
56622609	560330004002	1	54000	44.8136859	-106.9724207
56622610	560330004002	1	90000	44.8139041	-106.9729541
56622611	560330004002	1	93600	44.8138279	-106.9722836
56622612	560330004002	1	18000	44.8138900	-106.9729301
56622613	560330004002	1	7900	44.8140022	-106.9721184
56622614	560330004002	1	8000	44.8137114	-106.9720309
56622615	560330004002	1	82410	44.8137965	-106.9727801
56622616	560330004002	1	18280	44.8145237	-106.9689577
56622617	560330004002	1	47000	44.8166706	-106.9712179
56622618	560330004002	1	29500	44.8161146	-106.9715199
56622619	560330004002	1	5430	44.8161225	-106.9711542
56622620	560330004002	1	42800	44.8161791	-106.9715192
56622621	560330004002	1	64800	44.8163881	-106.9712949
56622622	560330004002	1	67600	44.8162221	-106.9712911
56622623	560330004002	1	93000	44.8168358	-106.9712270
56622624	560330004002	1	51900	44.8144653	-106.9688303
56622625	560330004002	1	8200	44.8168232	-106.9714946
56622626	560330004002	1	45000	44.8169533	-106.9710770
56622627	560330004002	1	32700	44.8167276	-106.9719993
56622628	560330004002	1	86000	44.8146254	-106.9681947
56622629	560330004002	4	9000	44.8168172	-106.9711595
56622630	560330004002	1	20000	44.8153008	-106.9682700
56622631	560330004002	1	67700	44.8152946	-106.9662697
56622632	560330004002	1	35000	44.8134909	-106.9670083
56622633	560330004002	9	400	44.8080240	-106.9690117
56622634	560330004002	1	109600	44.8136723	-106.9695451
56622635	560330004002	1	69600	44.8079179	-106.9691873
56622636	560330004002	1	42000	44.8081341	-106.9709044
56622637	560330004002	1	24000	44.8128864	-106.9628895
56622638	560330004002	9	70140	44.8079384	-106.9687417
56622639	560330004002	1	9200	44.8135215	-106.9698237
56622640	560330004002	1	38000	44.8142539	-106.9702062
56622641	560330004002	8	77100	44.8140730	-106.9697084
56622642	560330004002	1	22500	44.8134369	-106.9702355
56622643	560330004002	1	50000	44.8139891	-106.9693481
56622644	560330004002	1	32100	44.8141606	-106.9702456
56622645	560330004002	1	8200	44.8138639	-106.9701746
56622646	560330004002	1	36000	44.8123518	-106.9629034
56622647	560330004002	3	72000	44.8155849	-106.9662696
56622648	560330004002	1	70000	44.8155232	-106.9669960
56622649	560330004002	1	47900	44.8156244	-106.9669606
56622650	560330004002	1	55000	44.8157112	-106.9674066
56622651	560330004002	1	167300	44.8155923	-106.9658337
56622652	560330004002	1	42000	44.8156132	-106.9669593
56622653	560330004002	1	36000	44.8155915	-106.9662991
56622654	560330004002	1	43200	44.8128678	-106.9629750
56622655	560330004002	1	94000	44.8127022	-106.9627645
56622656	560330004002	1	21000	44.8156753	-106.9660848
56622657	560330004002	1	36000	44.8156870	-106.9659017
56622658	560330004002	1	108100	44.8129509	-106.9634531
56622659	560330004002	9	26000	44.8126754	-106.9628061
56622660	560330004002	1	3300	44.8124882	-106.9632344
56622661	560330004002	1	45000	44.8087419	-106.9717465
56622662	560330004002	1	84000	44.8086291	-106.9708142
56622663	560330004002	1	54000	44.8075549	-106.9685871
56622664	560330004002	1	38000	44.8080573	-106.9693994
56622665	560330004002	1	42300	44.8126518	-106.9636634
56622666	560330004002	1	49330	44.8122196	-106.9629905
56622667	560330004002	1	127000	44.8127614	-106.9629122
56622668	560330004002	9	75000	44.8130559	-106.9632247
56622669	560330004002	1	15800	44.8125464	-106.9631385
56622670	560330004002	1	69900	44.8080525	-106.9701229
56622671	560330004002	1	23000	44.8074540	-106.9713403
56622672	560330004002	1	103000	44.8075316	-106.9692286
56622673	560330004002	1	65000	44.8073952	-106.9706536
56622674	560330004002	1	108000	44.8085144	-106.9705999
56622675	560330004002	1	35000	44.8075853	-106.9718752
56622676	560330004002	1	86470	44.8084928	-106.9703385
56622677	560330004002	1	130000	44.8086977	-106.9649517
56622678	560330004002	1	40500	44.8151266	-106.9679081
56622679	560330004002	1	16000	44.8076856	-106.9706403
56622680	560330004002	1	94000	44.8086185	-106.9697179
56622681	560330004002	1	1004	44.8084615	-106.9705538
56622682	560330004002	1	4600	44.8154407	-106.9672743
56622683	560330004002	1	76500	44.8077499	-106.9706458
56622684	560330004002	1	62000	44.8074072	-106.9704467
56622685	560330004002	9	22004	44.8093222	-106.9647578
56622686	560330004002	1	70410	44.8151925	-106.9673847
56622687	560330004002	1	45000	44.8154749	-106.9672045
56622688	560330004002	1	51000	44.8153626	-106.9676977
56622689	560330004002	1	88000	44.8090268	-106.9647878
56622690	560330004002	1	53300	44.8087084	-106.9657163
56622691	560330004002	1	39000	44.8087433	-106.9657460
56622692	560330004002	1	89000	44.8131879	-106.9669045
56622693	560330004002	1	22700	44.8093910	-106.9706223
56622694	560330004002	1	85200	44.8095648	-106.9633914
56622695	560330004002	1	5204	44.8106250	-106.9648241
56622696	560330004002	1	33040	44.8083149	-106.9716020
56622697	560330004002	1	36000	44.8084626	-106.9718425
56622698	560330004002	1	33000	44.8082277	-106.9709933
56622699	560330004002	1	110000	44.8104550	-106.9653096
56622700	560330004002	9	94000	44.8102438	-106.9636155
56622701	560330004002	1	47900	44.8099367	-106.9636481
56622702	560330004002	1	20000	44.8100778	-106.9646910
56622703	560330004002	1	60000	44.8104874	-106.9654202
56622704	560330004002	1	42000	44.8094670	-106.9644392
56622705	560330004002	9	94000	44.8103128	-106.9656034
56622706	560330004002	1	62500	44.8095843	-106.9700192
56622707	560330004002	1	1400	44.8107026	-106.9657570
56622708	560330004002	9	85000	44.8094350	-106.9702562
56622709	560330004002	1	50900	44.8094040	-106.9700438
56622710	560330004002	1	37280	44.8134403	-106.9670606
56622711	560330004002	1	8200	44.8135712	-106.9668804
56622712	560330004002	1	33000	44.8127530	-106.9676028
56622713	560330004002	1	50500	44.8094031	-106.9708709
56622714	560330004002	8	77100	44.8146937	-106.9665191
56622715	560330004002	3	8000	44.8152608	-106.9655086
56622716	560330004002	1	92000	44.8110378	-106.9618909
56622717	560330004002	1	37000	44.8109269	-106.9646605
56622718	560330004002	1	65000	44.8075403	-106.9606892
56622719	560330004002	1	65050	44.8119533	-106.9663641
56622720	560330004002	1	37000	44.8127267	-106.9669823
56622721	560330004002	1	173000	44.8124163	-106.9664604
56622722	560330004002	1	35150	44.8123018	-106.9672767
56622723	560330004002	1	35150	44.8120667	-106.9671838
56622724	560330004002	1	41000	44.8110203	-106.9638190
56622725	560330004002	1	73000	44.8092401	-106.9642980
56622726	560330004002	1	45300	44.8076749	-106.9614615
56622727	560330004002	1	24200	44.8089210	-106.9643693
56622728	560330004002	1	113400	44.8086682	-106.9641837
56622729	560330004002	1	90200	44.8092013	-106.9640967
56622730	560330004002	1	51300	44.8085483	-106.9637121
56622731	560330004002	1	14600	44.8110683	-106.9612863
56622732	560330004002	1	39500	44.8120276	-106.9642696
56622733	560330004002	1	47000	44.8104506	-106.9639626
56622734	560330004002	1	52300	44.8106886	-106.9637846
56622735	560330004002	1	39000	44.8103624	-106.9644433
56622736	560330004002	1	8400	44.8112364	-106.9638526
56622737	560330004002	1	23000	44.8116041	-106.9641255
56622738	560330004002	1	175000	44.8118812	-106.9639960
56622739	560330004002	3	92200	44.8110712	-106.9612757
56622740	560330004002	1	39500	44.8103638	-106.9672102
56622741	560330004002	1	53400	44.8112111	-106.9642472
56622742	560330004002	1	56400	44.8106864	-106.9670735
56622743	560330004002	1	40800	44.8104693	-106.9660992
56622744	560330004002	1	58000	44.8108548	-106.9668247
56622745	560330004002	1	21000	44.8107148	-106.9664034
56622746	560330004002	1	90000	44.8153535	-106.9643981
56622747	560330004002	1	130000	44.8126182	-106.9659132
56622748	560330004002	1	42000	44.8082058	-106.9615556
56622749	560330004002	1	48400	44.8096020	-106.9685446
56622750	560330004002	1	33200	44.8113301	-106.9615923
56622751	560330004002	1	62910	44.8105957	-106.9615565
56622752	560330004002	1	169000	44.8089840	-106.9692470
56622753	560330004002	1	181000	44.8094000	-106.9688016
56622754	560330004002	1	8700	44.8091627	-106.9684624
56622755	560330004002	1	42000	44.8136379	-106.9665115
56622756	560330004002	1	46000	44.8084060	-106.9609035
56622757	560330004002	4	9000	44.8080348	-106.9605963
56622758	560330004002	1	83000	44.8085476	-106.9608639
56622759	560330004002	1	42960	44.8135939	-106.9652874
56622760	560330004002	1	42800	44.8129365	-106.9659920
56622761	560330004002	1	45000	44.8136910	-106.9662833
56622762	560330004002	1	86470	44.8154553	-106.9649161
56622763	560330004002	1	7400	44.8095313	-106.9646767
56622764	560330004002	1	60000	44.8119682	-106.9658930
56622765	560330004002	1	84000	44.8122342	-106.9659017
56622766	560330004002	1	80000	44.8125752	-106.9652885
56622767	560330004002	1	100000	44.8094181	-106.9646197
56622768	560330004002	1	105000	44.8098819	-106.9649304
56622769	560330004002	1	16800	44.8098785	-106.9654775
56622770	560330004002	9	38700	44.8146422	-106.9655918
56622771	560330004002	1	56400	44.8147455	-106.9650468
56622772	560330004002	1	70000	44.8077063	-106.9725785
56622773	560330004002	1	66900	44.8143264	-106.9645848
56622774	560330004002	1	80000	44.8141122	-106.9653738
56622775	560330004002	1	57000	44.8147809	-106.9644305
56622776	560330004002	1	103600	44.8143906	-106.9665210
56622777	560330004002	1	8500	44.8151321	-106.9667543
56622778	560330004002	1	15300	44.8091486	-106.9628492
56622779	560330004002	1	42000	44.8142672	-106.9699134
56622780	560330004002	1	89000	44.8139590	-106.9701800
56622781	560330004002	1	45000	44.8153864	-106.9712179
56622782	560330004002	1	43300	44.8082133	-106.9671714
56622783	560330004002	1	65000	44.8095781	-106.9721959
56622784	560330004002	1	47000	44.8091878	-106.9727855
56622785	560330004002	1	62110	44.8095837	-106.9608481
56622786	560330004002	1	43100	44.8096157	-106.9610374
56622787	560330004002	1	81200	44.8088035	-106.9618136
56622788	560330004002	1	88000	44.8080829	-106.9726270
56622789	560330004002	1	2400	44.8156851	-106.9654712
56622790	560330004002	1	78700	44.8086076	-106.9730059
56622791	560330004002	9	17250	44.8093664	-106.9677223
56622792	560330004002	9	44920	44.8118666	-106.9619104
56622793	560330004002	1	77800	44.8093547	-106.9723588
56622794	560330004002	1	38500	44.8089955	-106.9726441
56622795	560330004002	1	47900	44.8099748	-106.9676758
56622796	560330004002	1	46000	44.8114126	-106.9620806
56622797	560330004002	1	57650	44.8119379	-106.9612877
56622798	560330004002	1	65000	44.8076518	-106.9669210
56622799	560330004002	1	40000	44.8077208	-106.9672682
56622800	560330004002	1	60000	44.8094823	-106.9671383
56622801	560330004002	1	47000	44.8088929	-106.9711126
56622802	560330004002	8	37600	44.8093365	-106.9660469
56622803	560330004002	1	63000	44.8081547	-106.9679683
56622804	560330004002	1	21100	44.8147362	-106.9602471
56622805	560330004002	1	1000	44.8075966	-106.9680438
56622806	560330004002	1	63010	44.8081579	-106.9671675
56622807	560330004002	1	93200	44.8079849	-106.9679375
56622808	560330004002	1	82000	44.8076090	-106.9674576
56622809	560330004002	1	63000	44.8077991	-106.9680372
56622810	560330004002	1	49360	44.8075087	-106.9674331
56622811	560330004002	1	8700	44.8078628	-106.9674356
56622812	560330004002	1	40000	44.8075169	-106.9679413
56622813	560330004002	1	30600	44.8152297	-106.9713169
56622814	560330004002	1	17900	44.8124789	-106.9721682
56622815	560330004002	1	60000	44.8081457	-106.9672241
56622816	560330004002	1	24000	44.8079659	-106.9677242
56622817	560330004002	1	0	44.8079506	-106.9670490
56622818	560330004002	1	47700	44.8078090	-106.9671268
56622819	560330004002	1	21030	44.8080051	-106.9676964
56622820	560330004002	1	57900	44.8076466	-106.9679253
56622821	560330004002	1	48400	44.8075808	-106.9679782
56622822	560330004002	1	88500	44.8131568	-106.9724401
56622823	560330004002	1	89000	44.8073744	-106.9672674
56622824	560330004002	1	40400	44.8080398	-106.9680517
56622825	560330004002	1	72000	44.8075783	-106.9674977
56622826	560330004002	9	22004	44.8074787	-106.9668588
56622827	560330004002	1	52000	44.8080378	-106.9670459
56622828	560330004002	1	39500	44.8076708	-106.9677293
56622829	560330004002	1	45860	44.8153273	-106.9716392
56622830	560330004002	1	41000	44.8124306	-106.9723402
56622831	560330004002	1	35100	44.8125335	-106.9716752
56622832	560330004002	1	58000	44.8126918	-106.9716541
56622833	560330004002	1	110000	44.8129975	-106.9718011
56622834	560330004002	1	37800	44.8131820	-106.9724286
56622835	560330004002	1	78000	44.8132399	-106.9723272
56622836	560330004002	1	52300	44.8128344	-106.9720817
56622837	560330004002	1	8300	44.8126869	-106.9717586
56622838	560330004002	1	93000	44.8129070	-106.9719117
56622839	560330004002	1	46500	44.8127621	-106.9717206
56622840	560330004002	1	85000	44.8126887	-106.9715567
56622841	560330004002	1	40400	44.8125928	-106.9727410
56622842	560330004002	1	107300	44.8128789	-106.9723440
56622843	560330004002	1	33200	44.8129438	-106.9723708
56622844	560330004002	1	19200	44.8140122	-106.9701185
56622845	560330004002	1	84600	44.8136376	-106.9728141
56622846	560330004002	1	139000	44.8115838	-106.9670450
56622847	560330004002	1	46010	44.8158282	-106.9714601
56622848	560330004002	1	8590	44.8160028	-106.9715340
56622849	560330004002	1	29000	44.8155306	-106.9709686
56622850	560330004002	1	110	44.8153090	-106.9713917
56622851	560330004002	3	102000	44.8158422	-106.9709599
56622852	560330004002	1	19300	44.8158130	-106.9710916
56622853	560330004002	1	100000	44.8152048	-106.9707420
56622854	560330004002	1	41600	44.8114265	-106.9673145
56622855	560330004002	1	252600	44.8157984	-106.9710779
56622856	560330004002	1	50000	44.8152146	-106.9718334
56622857	560330004002	1	28800	44.8155011	-106.9714930
56622858	560330004002	1	64200	44.8111684	-106.9673383
56622859	560330004002	1	14600	44.8157574	-106.9718870
56622860	560330004002	1	65000	44.8158782	-106.9719877
56622861	560330004002	9	8000	44.8137132	-106.9720704
56622862	560330004002	1	59200	44.8114652	-106.9663890
56622863	560330004002	1	74900	44.8113994	-106.9670496
56622864	560330004002	1	57650	44.8111354	-106.9664012
56622865	560330004002	1	40000	44.8111394	-106.9673117
56622866	560330004002	1	55800	44.8109705	-106.9673132
56622867	560330004002	1	27000	44.8109945	-106.9671523
56622868	560330004002	1	40800	44.8110528	-106.9671447
56622869	560330004002	1	45200	44.8135810	-106.9727328
56622870	560330004002	1	40000	44.8112836	-106.9670277
56622871	560330004002	1	152004	44.8118326	-106.9665072
56622872	560330004002	1	25100	44.8111518	-106.9666274
56622873	560330004002	9	4120	44.8133662	-106.9725121
56622874	560330004002	1	18400	44.8113965	-106.9663461
56622875	560330004002	1	49000	44.8140112	-106.9728799
56622876	560330004002	9	48500	44.8141590	-106.9700113
56622877	560330004002	1	80000	44.8162914	-106.9717094
56622878	560330004002	1	70000	44.8138639	-106.9722879
56622879	560330004002	8	77100	44.8140548	-106.9721686
56622880	560330004002	1	51000	44.8134189	-106.9721006
56622881	560330004002	1	66700	44.8141138	-106.9721233
56622882	560330004002	1	8400	44.8140345	-106.9718728
56622883	560330004002	1	51000	44.8140627	-106.9717464
56622884	560330004002	1	89000	44.8133397	-106.9716250
56622885	560330004002	1	42000	44.8166219	-106.9713968
56622886	560330004002	1	7500	44.8160355	-106.9714372
56622887	560330004002	1	80000	44.8134134	-106.9719493
56622888	560330004002	1	50000	44.8163274	-106.9717504
56622889	560330004002	1	75000	44.8164640	-106.9720674
56622890	560330004002	9	22004	44.8163200	-106.9714459
56622891	560330004002	1	65000	44.8159913	-106.9719540
56622892	560330004002	1	84850	44.8143126	-106.9693680
56622893	560330004002	1	52300	44.8148047	-106.9681162
56622894	560330004002	1	58000	44.8165984	-106.9712248
56622895	560330004002	1	40000	44.8164360	-106.9715929
56622896	560330004002	1	60500	44.8166403	-106.9712229
56622897	560330004002	9	48500	44.8145301	-106.9691016
56622898	560330004002	1	81000	44.8161592	-106.9714002
56622899	560330004002	1	40411	44.8162943	-106.9718526
56622900	560330004002	1	67700	44.8138657	-106.9693467
56622901	560330004002	1	130000	44.8138213	-106.9698269
56622902	560330004002	1	42300	44.8148425	-106.9680980
56622903	560330004002	1	95050	44.8146565	-106.9687600
56622904	560330004002	1	78100	44.8141113	-106.9700702
56622905	560330004002	1	95900	44.8142804	-106.9704586
56622906	560330004002	1	25200	44.8136443	-106.9696823
56622907	560330004002	1	6000	44.8079600	-106.9682223
56622908	560330004002	1	44490	44.8156986	-106.9679405
56622909	560330004002	1	8500	44.8130129	-106.9635009
56622910	560330004002	1	36000	44.8155164	-106.9673400
56622911	560330004002	9	400	44.8137292	-106.9691168
56622912	560330004002	1	71500	44.8143168	-106.9696464
56622913	560330004002	1	40000	44.8125840	-106.9633030
56622914	560330004002	3	92200	44.8156733	-106.9667522
56622915	560330004002	1	39000	44.8155832	-106.9660012
56622916	560330004002	9	117000	44.8155834	-106.9660974
56622917	560330004002	1	17300	44.8129669	-106.9633164
56622918	560330004002	1	22700	44.8156770	-106.9658729
56622919	560330004002	9	85000	44.8126339	-106.9630402
56622920	560330004002	1	116500	44.8075726	-106.9687004
56622921	560330004002	1	0	44.8130229	-106.9628561
56622922	560330004002	1	54000	44.8130414	-106.9630489
56622923	560330004002	1	42300	44.8128248	-106.9627393
56622924	560330004002	1	51030	44.8126955	-106.9632548
56622925	560330004002	1	72000	44.8122784	-106.9629405
56622926	560330004002	8	61000	44.8128884	-106.9627726
56622927	560330004002	1	65200	44.8126313	-106.9631119
56622928	560330004002	1	31000	44.8076174	-106.9687409
56622929	560330004002	8	74030	44.8077161	-106.9682416
56622930	560330004002	1	38000	44.8130322	-106.9628059
56622931	560330004002	1	51000	44.8076211	-106.9688697
56622932	560330004002	1	60430	44.8077114	-106.9692324
56622933	560330004002	1	33000	44.8078618	-106.9686143
56622934	560330004002	1	85000	44.8074647	-106.9685850
56622935	560330004002	1	24800	44.8144887	-106.9701197
56622936	560330004002	1	3900	44.8079995	-106.9682684
56622937	560330004002	1	22600	44.8148002	-106.9699085
56622938	560330004002	1	0	44.8130525	-106.9715722
56622939	560330004002	1	7900	44.8141523	-106.9732635
56622940	560330004002	1	33940	44.8077676	-106.9671452
56622941	560330004002	1	36000	44.8084643	-106.9682023
56622942	560330004002	1	100000	44.8076821	-106.9679765
56622943	560330004002	1	78400	44.8142568	-106.9732684
56622944	560330004002	1	80700	44.8079873	-106.9670093
56622945	560330004002	1	7200	44.8076760	-106.9670417
56622946	560330004002	9	27000	44.8080176	-106.9671185
56622947	560330004002	1	84000	44.8105270	-106.9725700
56622948	560330004002	9	17250	44.8142175	-106.9733069
56622949	560330004002	1	63840	44.8077558	-106.9681084
56622950	560330004002	1	2300	44.8075275	-106.9678442
56622951	560330004002	8	74030	44.8080261	-106.9677461
56622952	560330004002	9	8000	44.8080210	-106.9673118
56622953	560330004002	8	77100	44.8078378	-106.9678003
56622954	560330004002	1	30600	44.8075874	-106.9619827
56622955	560330004002	1	8590	44.8142148	-106.9716964
56622956	560330004002	1	90000	44.8077562	-106.9692751
56622957	560330004002	1	24500	44.8078572	-106.9670170
56622958	560330004002	1	50000	44.8075817	-106.9674311
56622959	560330004002	1	83000	44.8078915	-106.9669686
56622960	560330004002	1	51000	44.8078351	-106.9680398
56622961	560330004002	1	1000	44.8077821	-106.9676951
56622962	560330004002	1	6800	44.8076915	-106.9670244
56622963	560330004002	1	58470	44.8073954	-106.9673983
56622964	560330004002	1	27000	44.8079421	-106.9678091
56622965	560330004002	1	46000	44.8074735	-106.9674521
56622966	560330004002	1	91700	44.8081332	-106.9671287
56622967	560330004002	1	64000	44.8079642	-106.9674990
56622968	560330004002	1	40100	44.8075602	-106.9680560
56622969	560330004002	1	122000	44.8076548	-106.9681180
56622970	560330004002	1	36500	44.8075632	-106.9675434
56622971	560330004002	1	78510	44.8145903	-106.9709723
56622972	560330004002	1	122000	44.8144314	-106.9704816
56622973	560330004002	1	32000	44.8144883	-106.9701924
56622974	560330004002	1	50000	44.8149156	-106.9701262
56622975	560330004002	1	42000	44.8143967	-106.9704476
56622976	560330004002	9	75000	44.8146179	-106.9693324
56622977	560330004002	1	60000	44.8151406	-106.9697859
56622978	560330004002	1	70000	44.8143436	-106.9702434
56622979	560330004002	9	38700	44.8145709	-106.9714794
56622980	560330004002	1	93900	44.8149690	-106.9705288
56622981	560330004002	1	75000	44.8144232	-106.9704204
56622982	560330004002	1	90000	44.8146928	-106.9703051
56622983	560330004002	1	101600	44.8144555	-106.9714388
56622984	560330004002	1	73000	44.8145997	-106.9702537
56622985	560330004002	9	38400	44.8150572	-106.9710751
56622986	560330004002	8	18300	44.8074274	-106.9625848
56622987	560330004002	1	32800	44.8144917	-106.9680942
56622988	560330004002	1	94000	44.8142140	-106.9689279
56622989	560330004002	1	42000	44.8149118	-106.9715306
56622990	560330004002	1	79000	44.8142699	-106.9717437
56622991	560330004002	1	14200	44.8144432	-106.9716368
56622992	560330004002	1	44500	44.8149944	-106.9709859
56622993	560330004002	1	43200	44.8146145	-106.9716526
56622994	560330004002	8	34530	44.8143410	-106.9707550
56622995	560330004002	1	122000	44.8142222	-106.9679797
56622996	560330004002	1	84500	44.8138801	-106.9689608
56622997	560330004002	1	83000	44.8139674	-106.9679581
56622998	560330004002	1	1100	44.8144140	-106.9690034
56622999	560330004002	1	67100	44.8139953	-106.9691212
56623000	560330004002	1	103120	44.8142348	-106.9688205
56623001	560330004002	1	58000	44.8140487	-106.9688074
56623002	560330004002	1	80300	44.8077145	-106.9624879
56623003	560330004002	1	9000	44.8138310	-106.9714496
56623004	560330004002	1	91550	44.8136162	-106.9714342
56623005	560330004002	1	37000	44.8143946	-106.9683362
56623006	560330004002	1	18000	44.8142441	-106.9691101
56623007	560330004002	1	35150	44.8137664	-106.9712160
56623008	560330004002	9	8000	44.8136256	-106.9709098
56623009	560330004002	1	78000	44.8137189	-106.9706709
56623010	560330004002	1	7500	44.8076795	-106.9622337
56623011	560330004002	8	91000	44.8134130	-106.9714747
56623012	560330004002	1	67400	44.8134385	-106.9713193
56623013	560330004002	1	62500	44.8137723	-106.9704410
56623014	560330004002	1	36000	44.8142189	-106.9705065
56623015	560330004002	1	84400	44.8137514	-106.9706439
56623016	560330004002	1	63000	44.8134750	-106.9705018
56623017	560330004002	1	35000	44.8143805	-106.9731601
56623018	560330004002	1	50100	44.8080278	-106.9636525
56623019	560330004002	1	80000	44.8081857	-106.9659098
56623020	560330004002	1	44300	44.8120300	-106.9732450
56623021	560330004002	1	43100	44.8096994	-106.9731362
56623022	560330004002	1	101500	44.8111377	-106.9729384
56623023	560330004002	1	48000	44.8111905	-106.9726953
56623024	560330004002	9	117000	44.8110728	-106.9729285
56623025	560330004002	1	82410	44.8107357	-106.9727519
56623026	560330004002	1	60000	44.8110798	-106.9730793
56623027	560330004002	1	113000	44.8102813	-106.9728708
56623028	560330004002	1	92000	44.8104375	-106.9731102
56623029	560330004002	8	38500	44.8101455	-106.9731291
56623030	560330004002	1	3300	44.8097723	-106.9727879
56623031	560330004002	1	91550	44.8098611	-106.9727292
56623032	560330004002	1	113000	44.8102159	-106.9724001
56623033	560330004002	1	70250	44.8103357	-106.9731168
56623034	560330004002	1	35001	44.8078960	-106.9661315
56623035	560330004002	1	56300	44.8116624	-106.9636190
56623036	560330004002	9	8000	44.8116717	-106.9728239
56623037	560330004002	1	19300	44.8114588	-106.9731103
56623038	560330004002	1	96000	44.8119961	-106.9729823
56623039	560330004002	1	34400	44.8116036	-106.9636302
56623040	560330004002	1	56000	44.8114717	-106.9726387
56623041	560330004002	1	8060	44.8116431	-106.9631406
56623042	560330004002	1	85000	44.8114443	-106.9626545
56623043	560330004002	1	77000	44.8120855	-106.9631278
56623044	560330004002	1	22700	44.8119145	-106.9634073
56623045	560330004002	9	85000	44.8120926	-106.9627938
56623046	560330004002	1	32000	44.8116362	-106.9627595
56623047	560330004002	1	89000	44.8121386	-106.9635799
56623048	560330004002	1	82000	44.8119381	-106.9627366
56623049	560330004002	1	17800	44.8084589	-106.9642721
56623050	560330004002	1	20200	44.8078651	-106.9644907
56623051	560330004002	1	35000	44.8082416	-106.9661810
56623052	560330004002	1	59050	44.8075216	-106.9657419
56623053	560330004002	1	45860	44.8079957	-106.9661470
56623054	560330004002	1	45000	44.8074257	-106.9666534
56623055	560330004002	1	46000	44.8078925	-106.9660433
56623056	560330004002	1	88000	44.8076233	-106.9666996
56623057	560330004002	1	71200	44.8075458	-106.9662419
56623058	560330004002	1	40400	44.8083700	-106.9650112
56623059	560330004002	1	61900	44.8083018	-106.9653902
56623060	560330004002	1	35001	44.8078073	-106.9653134
56623061	560330004002	1	82750	44.8081861	-106.9646872
56623062	560330004002	1	4900	44.8078288	-106.9651565
56623063	560330004002	1	8600	44.8084381	-106.9648238
56623064	560330004002	1	8400	44.8078963	-106.9648709
56623065	560330004002	1	2760	44.8080019	-106.9642407
56623066	560330004002	1	32100	44.8132713	-106.9730140
56623067	560330004002	1	41400	44.8125647	-106.9728161
56623068	560330004002	8	48000	44.8079720	-106.9646542
56623069	560330004002	1	4720	44.8131077	-106.9729133
56623070	560330004002	1	57000	44.8137902	-106.9732753
56623071	560330004002	1	26010	44.8131783	-106.9730844
56623072	560330004002	1	33000	44.8124027	-106.9728793
56623073	560330004002	8	38500	44.8075394	-106.9642421
56623074	560330004002	1	94000	44.8076401	-106.9633121
56623075	560330004002	1	54000	44.8136032	-106.9732841
56623076	560330004002	1	77860	44.8137655	-106.9732977
56623077	560330004002	1	26000	44.8075425	-106.9633345
56623078	560330004002	1	57510	44.8075525	-106.9641388
56623079	560330004002	1	8200	44.8074249	-106.9629900
56623080	560330004002	1	363500	44.8097537	-106.9617556
56623081	560330004002	1	85000	44.8096592	-106.9612293
56623082	560330004002	1	35000	44.8085845	-106.9620310
56623083	560330004002	1	62600	44.8076916	-106.9635757
56623084	560330004002	1	8500	44.8080049	-106.9630974
56623085	560330004002	1	64000	44.8081835	-106.9636291
56623086	560330004002	9	27000	44.8077406	-106.9635334
56623087	560330004002	1	74600	44.8079595	-106.9632189
56623088	560330004002	1	35000	44.8079442	-106.9620271
56623089	560330004002	8	20000	44.8080154	-106.9629711
56623090	560330004002	1	77000	44.8078575	-106.9623044
56623091	560330004002	1	59050	44.8083456	-106.9626677
56623092	560330004002	1	60000	44.8085417	-106.9629508
56623093	560330004002	1	100000	44.8084637	-106.9626270
56623094	560330004002	1	2400	44.8079239	-106.9627634
56623095	560330004002	1	16000	44.8104235	-106.9615587
56623096	560330004002	1	84850	44.8099022	-106.9616661
56623097	560330004002	1	90000	44.8098330	-106.9619459
56623098	560330004002	1	40800	44.8099711	-106.9609990
56623099	560330004002	9	44920	44.8103654	-106.9613242
56623100	560330004002	1	32000	44.8105065	-106.9612145
56623101	560330004002	9	400	44.8113698	-106.9692601
56623102	560330004002	1	65000	44.8114830	-106.9689251
56623103	560330004002	1	62000	44.8082300	-106.9678138
56623104	560330004002	1	58610	44.8085932	-106.9682383
56623105	560330004002	1	8200	44.8112542	-106.9690300
56623106	560330004002	1	115000	44.8112240	-106.9690890
56623107	560330004002	9	38400	44.8115711	-106.9687715
56623108	560330004002	1	45000	44.8088870	-106.9674635
56623109	560330004002	1	151400	44.8110945	-106.9657940
56623110	560330004002	8	34530	44.8118245	-106.9702656
56623111	560330004002	1	51000	44.8116669	-106.9693899
56623112	560330004002	1	56400	44.8111773	-106.9690520
56623113	560330004002	1	40000	44.8116379	-106.9712904
56623114	560330004002	9	70140	44.8109156	-106.9623634
56623115	560330004002	1	23600	44.8107370	-106.9709989
56623116	560330004002	1	17600	44.8143930	-106.9670086
56623117	560330004002	1	40500	44.8115391	-106.9652208
56623118	560330004002	3	72000	44.8112125	-106.9654890
56623119	560330004002	1	58000	44.8112174	-106.9651785
56623120	560330004002	1	0	44.8110813	-106.9657966
56623121	560330004002	1	42000	44.8117876	-106.9655160
56623122	560330004002	1	43500	44.8113627	-106.9658103
56623123	560330004002	1	47000	44.8112450	-106.9701928
56623124	560330004002	1	55000	44.8144105	-106.9670700
56623125	560330004002	1	17000	44.8140123	-106.9666153
56623126	560330004002	1	67500	44.8139183	-106.9675971
56623127	560330004002	1	71090	44.8140282	-106.9670907
56623128	560330004002	1	21500	44.8138934	-106.9673090
56623129	560330004002	1	46500	44.8137105	-106.9677671
56623130	560330004002	8	18000	44.8108319	-106.9623973
56623131	560330004002	1	34300	44.8101121	-106.9708829
56623132	560330004002	1	118600	44.8107149	-106.9701953
56623133	560330004002	1	38000	44.8112835	-106.9704774
56623134	560330004002	8	38400	44.8109967	-106.9709223
56623135	560330004002	1	90000	44.8098395	-106.9701820
56623136	560330004002	1	8500	44.8110219	-106.9701398
56623137	560330004002	8	34530	44.8108335	-106.9702059
56623138	560330004002	1	58900	44.8111302	-106.9632242
56623139	560330004002	1	15000	44.8101608	-106.9704961
56623140	560330004002	9	17250	44.8099538	-106.9700015
56623141	560330004002	1	112000	44.8098452	-106.9701005
56623142	560330004002	1	0	44.8107342	-106.9622574
56623143	560330004002	1	34300	44.8106258	-106.9700808
56623144	560330004002	9	56000	44.8106110	-106.9702890
56623145	560330004002	1	4500	44.8104641	-106.9691162
56623146	560330004002	1	71300	44.8125482	-106.9621654
56623147	560330004002	1	85000	44.8127849	-106.9648034
56623148	560330004002	9	75000	44.8110450	-106.9633553
56623149	560330004002	1	43200	44.8105170	-106.9633795
56623150	560330004002	1	60000	44.8112132	-106.9624571
56623151	560330004002	8	60000	44.8121747	-106.9637818
56623152	560330004002	1	46000	44.8129049	-106.9649080
56623153	560330004002	1	2700	44.8128978	-106.9640229
56623154	560330004002	1	15100	44.8125475	-106.9620783
56623155	560330004002	1	41500	44.8126939	-106.9645971
56623156	560330004002	1	76000	44.8129423	-106.9649269
56623157	560330004002	1	8400	44.8127010	-106.9640504
56623158	560330004002	1	9200	44.8130666	-106.9621267
56623159	560330004002	1	39000	44.8123833	-106.9618310
56623160	560330004002	1	31000	44.8127855	-106.9618400
56623161	560330004002	1	52200	44.8102736	-106.9695080
56623162	560330004002	1	79000	44.8114635	-106.9682767
56623163	560330004002	1	72000	44.8117130	-106.9685131
56623164	560330004002	1	43200	44.8126757	-106.9615347
56623165	560330004002	1	14000	44.8129295	-106.9620093
56623166	560330004002	1	58000	44.8112638	-106.9683408
56623167	560330004002	1	38000	44.8116046	-106.9676098
56623168	560330004002	1	164000	44.8112827	-106.9686544
56623169	560330004002	8	49960	44.8098710	-106.9696702
56623170	560330004002	1	95050	44.8102344	-106.9697493
56623171	560330004002	1	22700	44.8115089	-106.9678097
56623172	560330004002	1	52000	44.8114277	-106.9675113
56623173	560330004002	9	60800	44.8105166	-106.9689332
56623174	560330004002	1	60000	44.8101320	-106.9694689
56623175	560330004002	1	84000	44.8104936	-106.9697599
56623176	560330004002	1	3700	44.8086182	-106.9674755
56623177	560330004002	1	157000	44.8120078	-106.9716254
56623178	560330004002	1	108300	44.8118967	-106.9690556
56623179	560330004002	1	140000	44.8133400	-106.9697284
56623180	560330004002	1	8200	44.8127622	-106.9710009
56623181	560330004002	1	2300	44.8117425	-106.9700723
56623182	560330004002	9	92200	44.8122109	-106.9713104
56623183	560330004002	1	69000	44.8132447	-106.9714653
56623184	560330004002	1	292000	44.8118040	-106.9710240
56623185	560330004002	1	57600	44.8121381	-106.9706707
56623186	560330004002	1	114050	44.8134121	-106.9691640
56623187	560330004002	1	85000	44.8131641	-106.9714399
56623188	560330004002	9	70140	44.8133258	-106.9711210
56623189	560330004002	1	62110	44.8128731	-106.9702830
56623190	560330004002	1	142000	44.8133058	-106.9699141
56623191	560330004002	1	35300	44.8126484	-106.9706719
56623192	560330004002	1	62400	44.8131458	-106.9695429
56623193	560330004002	4	9000	44.8123413	-106.9688900
56623194	560330004002	1	40500	44.8131814	-106.9677860
56623195	560330004002	1	35000	44.8127380	-106.9688193
56623196	560330004002	1	68640	44.8132179	-106.9700381
56623197	560330004002	1	248000	44.8126666	-106.9692280
56623198	560330004002	1	74000	44.8132008	-106.9688789
56623199	560330004002	1	84000	44.8133082	-106.9687866
56623200	560330004002	8	49960	44.8127249	-106.9682616
56623201	560330004002	1	47000	44.8137976	-106.9650252
56623202	560330004002	1	97000	44.8135417	-106.9643058
56623203	560330004002	1	45000	44.8130329	-106.9677532
56623204	560330004002	1	49200	44.8138335	-106.9646797
56623205	560330004002	1	15300	44.8130268	-106.9651451
56623206	560330004002	1	79000	44.8133596	-106.9642341
56623207	560330004002	1	17600	44.8133441	-106.9642275
56623208	560330004002	4	9000	44.8120458	-106.9724129
56623209	560330004002	1	19000	44.8102531	-106.9623387
56623210	560330004002	1	89000	44.8125937	-106.9677447
56623211	560330004002	1	62600	44.8121358	-106.9692302
56623212	560330004002	9	70140	44.8121960	-106.9695710
56623213	560330004002	1	73000	44.8121471	-106.9697671
56623214	560330004002	1	70000	44.8122803	-106.9677540
56623215	560330004002	1	75000	44.8118765	-106.9697087
56623216	560330004002	1	60000	44.8121555	-106.9681660
56623217	560330004002	1	44900	44.8103744	-106.9622319
56623218	560330004002	1	80000	44.8122628	-106.9688517
56623219	560330004002	1	46000	44.8121950	-106.9677646
56623220	560330004002	1	84100	44.8123588	-106.9678529
56623221	560330004002	1	20190	44.8097238	-106.9622052
56623222	560330004002	1	58500	44.8101828	-106.9634362
56623223	560330004002	1	54000	44.8095875	-106.9621064
56623224	560330004002	9	75000	44.8119186	-106.9719243
56623225	560330004002	8	60000	44.8101859	-106.9711508
56623226	560330004002	1	78800	44.8097901	-106.9711908
56623227	560330004002	1	71500	44.8097598	-106.9632204
56623228	560330004002	1	24000	44.8100303	-106.9718655
56623229	560330004002	1	31000	44.8098750	-106.9715722
56623230	560330004002	1	39700	44.8098727	-106.9711739
56623231	560330004002	1	37200	44.8100545	-106.9719305
56623232	560330004002	1	15100	44.8118550	-106.9718372
56623233	560330004002	1	51600	44.8114170	-106.9720227
56623234	560330004002	1	2500	44.8112576	-106.9724547
56623235	560330004002	1	67500	44.8114065	-106.9713745
56623236	560330004002	1	75600	44.8111608	-106.9719501
56623237	560330004002	1	14000	44.8109531	-106.9718818
56623238	560330004002	1	50000	44.8109978	-106.9715347
56623239	560330004002	1	40000	44.8089172	-106.9679793
56623240	560330004002	7	120340	44.8085089	-106.9684041
56623241	560330004002	1	72000	44.8090525	-106.9659596
56623242	560330004002	1	43000	44.8120316	-106.9725596
56623243	560330004002	1	6500	44.8102777	-106.9683428
56623244	560330004002	1	94000	44.8103613	-106.9680482
56623245	560330004002	1	84000	44.8123520	-106.9718987
56623246	560330004002	1	38900	44.8108890	-106.9675786
56623247	560330004002	1	20000	44.8088617	-106.9667668
56623248	560330004002	1	7000	44.8104813	-106.9684501
56623249	560330004002	1	68000	44.8102434	-106.9673624
56623250	560330004002	1	49100	44.8107276	-106.9684129
56623251	560330004002	1	43000	44.8086755	-106.9669885
56623252	560330004002	8	24000	44.8088641	-106.9660164
56623253	560330004002	1	40000	44.8087638	-106.9670133
56623254	560330004002	9	38700	44.8089023	-106.9692947
56623255	560330004002	8	51000	44.8083434	-106.9667822
56623256	560330004002	1	78400	44.8085281	-106.9688840
56623257	560330004002	1	80000	44.8083711	-106.9687146
56623258	560330004002	1	43000	44.8089522	-106.9690199
56623259	560330004002	1	51000	44.8086074	-106.9687378
56623260	560330004003	1	124000	44.8108883	-106.9735045
56623261	560330004003	1	500	44.8162930	-106.9811296
56623262	560330004003	1	18400	44.8108923	-106.9733125
56623263	560330004003	1	108000	44.8160848	-106.9822484
56623264	560330004003	8	31000	44.8124194	-106.9839756
56623265	560330004003	1	50000	44.8123357	-106.9773752
56623266	560330004003	1	11100	44.8105946	-106.9735276
56623267	560330004003	1	12000	44.8136918	-106.9879825
56623268	560330004003	1	51500	44.8131049	-106.9841015
56623269	560330004003	1	45000	44.8150145	-106.9687683
56623270	560330004003	1	14200	44.8152765	-106.9689112
56623271	560330004003	1	46700	44.8131918	-106.9876238
56623272	560330004003	1	40000	44.8134467	-106.9880535
56623273	560330004003	3	92200	44.8131123	-106.9876343
56623274	560330004003	1	30300	44.8119078	-106.9876932
56623275	560330004003	1	97100	44.8152327	-106.9829311
56623276	560330004003	1	28800	44.8129467	-106.9854835
56623277	560330004003	1	29300	44.8128181	-106.9835459
56623278	560330004003	1	30000	44.8127341	-106.9837872
56623279	560330004003	1	38200	44.8127780	-106.9850068
56623280	560330004003	1	48000	44.8130714	-106.9830621
56623281	560330004003	1	95120	44.8128709	-106.9847232
56623282	560330004003	1	9600	44.8158117	-106.9822245
56623283	560330004003	8	38500	44.8131161	-106.9844634
56623284	560330004003	1	99100	44.8124483	-106.9848276
56623285	560330004003	1	101000	44.8130243	-106.9850566
56623286	560330004003	8	34530	44.8151334	-106.9832888
56623287	560330004003	1	30000	44.8125464	-106.9846761
56623288	560330004003	1	52908	44.8158877	-106.9831313
56623289	560330004003	1	28300	44.8117792	-106.9878745
56623290	560330004003	1	130000	44.8146280	-106.9857382
56623291	560330004003	1	12200	44.8157267	-106.9821941
56623292	560330004003	1	123800	44.8156091	-106.9823224
56623293	560330004003	1	66900	44.8152799	-106.9832966
56623294	560330004003	1	14800	44.8147703	-106.9849841
56623295	560330004003	1	28300	44.8149041	-106.9848699
56623296	560330004003	1	10000	44.8143903	-106.9852579
56623297	560330004003	1	47900	44.8111433	-106.9872603
56623298	560330004003	1	116000	44.8147950	-106.9852247
56623299	560330004003	1	22400	44.8145507	-106.9849284
56623300	560330004003	1	138000	44.8140494	-106.9857382
56623301	560330004003	1	62500	44.8113400	-106.9877868
56623302	560330004003	1	99000	44.8112044	-106.9877388
56623303	560330004003	1	21300	44.8114069	-106.9875590
56623304	560330004003	1	97000	44.8137100	-106.9869788
56623305	560330004003	1	25600	44.8121189	-106.9858970
56623306	560330004003	1	134800	44.8149102	-106.9836875
56623307	560330004003	1	80300	44.8150057	-106.9834622
56623308	560330004003	1	186000	44.8113424	-106.9874478
56623309	560330004003	1	56010	44.8143519	-106.9843064
56623310	560330004003	1	5204	44.8144996	-106.9843226
56623311	560330004003	1	78400	44.8143840	-106.9841561
56623312	560330004003	1	12000	44.8149664	-106.9841071
56623313	560330004003	1	82750	44.8114155	-106.9855742
56623314	560330004003	1	38000	44.8112801	-106.9857848
56623315	560330004003	1	14600	44.8147097	-106.9844908
56623316	560330004003	1	34000	44.8117802	-106.9853937
56623317	560330004003	1	71000	44.8119348	-106.9864860
56623318	560330004003	1	115600	44.8120009	-106.9857738
56623319	560330004003	1	51000	44.8118920	-106.9861510
56623320	560330004003	1	42000	44.8133324	-106.9872219
56623321	560330004003	1	150200	44.8121849	-106.9878599
56623322	560330004003	1	74900	44.8121383	-106.9876510
56623323	560330004003	1	85000	44.8128140	-106.9879636
56623324	560330004003	1	45000	44.8122227	-106.9876634
56623325	560330004003	1	14300	44.8126162	-106.9873970
56623326	560330004003	1	60000	44.8124692	-106.9877499
56623327	560330004003	1	104800	44.8125680	-106.9874074
56623328	560330004003	1	66900	44.8139324	-106.9859521
56623329	560330004003	1	82200	44.8135459	-106.9860000
56623330	560330004003	1	121800	44.8131610	-106.9861728
56623331	560330004003	1	51000	44.8135292	-106.9857020
56623332	560330004003	1	12600	44.8134833	-106.9866628
56623333	560330004003	1	50060	44.8134137	-106.9861734
56623334	560330004003	1	64000	44.8138766	-106.9864511
56623335	560330004003	1	108000	44.8106013	-106.9733706
56623336	560330004003	1	35000	44.8112976	-106.9762259
56623337	560330004003	3	92200	44.8152186	-106.9845366
56623338	560330004003	1	363500	44.8121604	-106.9860929
56623339	560330004003	1	97000	44.8113506	-106.9758989
56623340	560330004003	1	174000	44.8111795	-106.9760790
56623341	560330004003	1	8200	44.8121650	-106.9810596
56623342	560330004003	1	124000	44.8140190	-106.9876569
56623343	560330004003	1	23900	44.8096346	-106.9734934
56623344	560330004003	1	60000	44.8139688	-106.9870621
56623345	560330004003	1	35000	44.8135894	-106.9870004
56623346	560330004003	1	30000	44.8138541	-106.9875054
56623347	560330004003	1	38000	44.8152223	-106.9837768
56623348	560330004003	1	6200	44.8152812	-106.9857370
56623349	560330004003	1	28300	44.8128731	-106.9867283
56623350	560330004003	1	77000	44.8123311	-106.9859707
56623351	560330004003	1	47100	44.8126394	-106.9861458
56623352	560330004003	1	47700	44.8127844	-106.9861513
56623353	560330004003	1	64400	44.8123154	-106.9856737
56623354	560330004003	1	81200	44.8123397	-106.9860354
56623355	560330004003	1	23000	44.8150647	-106.9836840
56623356	560330004003	1	117600	44.8155996	-106.9848565
56623357	560330004003	1	108000	44.8155652	-106.9854016
56623358	560330004003	1	40800	44.8152700	-106.9852742
56623359	560330004003	1	61800	44.8150096	-106.9848633
56623360	560330004003	1	74000	44.8153818	-106.9855335
56623361	560330004003	1	75500	44.8156561	-106.9851203
56623362	560330004003	1	101000	44.8118876	-106.9807367
56623363	560330004003	1	85000	44.8134327	-106.9749402
56623364	560330004003	1	46500	44.8125201	-106.9750598
56623365	560330004003	1	22400	44.8156322	-106.9840945
56623366	560330004003	1	169000	44.8155289	-106.9841278
56623367	560330004003	1	35000	44.8155134	-106.9835871
56623368	560330004003	1	9000	44.8126976	-106.9743611
56623369	560330004003	1	40100	44.8150633	-106.9837199
56623370	560330004003	3	22900	44.8123139	-106.9741961
56623371	560330004003	1	39000	44.8132597	-106.9744692
56623372	560330004003	1	11000	44.8127434	-106.9742125
56623373	560330004003	1	8400	44.8124353	-106.9742528
56623374	560330004003	1	49000	44.8124128	-106.9743352
56623375	560330004003	1	95050	44.8132871	-106.9748867
56623376	560330004003	1	106970	44.8125170	-106.9742824
56623377	560330004003	1	38500	44.8134830	-106.9750368
56623378	560330004003	1	76000	44.8178016	-106.9716577
56623379	560330004003	1	67700	44.8153341	-106.9763274
56623380	560330004003	1	25000	44.8135691	-106.9754311
56623381	560330004003	1	88610	44.8132787	-106.9748255
56623382	560330004003	1	23700	44.8131848	-106.9745467
56623383	560330004003	1	31000	44.8147770	-106.9763116
56623384	560330004003	1	118800	44.8150055	-106.9767978
56623385	560330004003	1	0	44.8155753	-106.9766823
56623386	560330004003	4	9000	44.8175578	-106.9716714
56623387	560330004003	1	96670	44.8154777	-106.9762682
56623388	560330004003	1	92500	44.8150446	-106.9763428
56623389	560330004003	8	65000	44.8149870	-106.9757593
56623390	560330004003	1	46000	44.8174149	-106.9717501
56623391	560330004003	1	121000	44.8175718	-106.9721547
56623392	560330004003	1	47000	44.8170394	-106.9716724
56623393	560330004003	1	56000	44.8156444	-106.9809121
56623394	560330004003	1	37700	44.8115460	-106.9753600
56623395	560330004003	1	30000	44.8119545	-106.9753664
56623396	560330004003	1	99100	44.8105328	-106.9762168
56623397	560330004003	8	91000	44.8116779	-106.9808929
56623398	560330004003	1	104000	44.8132728	-106.9827673
56623399	560330004003	1	124600	44.8119652	-106.9809055
56623400	560330004003	1	30000	44.8119431	-106.9810318
56623401	560330004003	8	58900	44.8121867	-106.9810384
56623402	560330004003	1	43200	44.8109470	-106.9756334
56623403	560330004003	1	15100	44.8132438	-106.9826254
56623404	560330004003	1	118100	44.8124264	-106.9829044
56623405	560330004003	1	30000	44.8125626	-106.9818967
56623406	560330004003	1	59200	44.8110729	-106.9750617
56623407	560330004003	1	8000	44.8131444	-106.9819200
56623408	560330004003	1	85000	44.8126388	-106.9828739
56623409	560330004003	1	42000	44.8156982	-106.9816992
56623410	560330004003	1	37800	44.8119363	-106.9736000
56623411	560330004003	1	60000	44.8095460	-106.9734748
56623412	560330004003	1	52320	44.8107594	-106.9752881
56623413	560330004003	1	11700	44.8113292	-106.9758658
56623414	560330004003	1	30000	44.8121891	-106.9737685
56623415	560330004003	1	239000	44.8114598	-106.9737801
56623416	560330004003	1	30300	44.8118019	-106.9736455
56623417	560330004003	1	24000	44.8160839	-106.9813974
56623418	560330004003	1	117000	44.8115691	-106.9736515
56623419	560330004003	1	8000	44.8120077	-106.9734068
56623420	560330004003	1	130000	44.8121544	-106.9733342
56623421	560330004003	1	25600	44.8159104	-106.9820614
56623422	560330004003	1	78000	44.8159061	-106.9814872
56623423	560330004003	1	163000	44.8160466	-106.9817116
56623424	560330004003	1	51600	44.8107820	-106.9744901
56623425	560330004003	1	45450	44.8153563	-106.9819347
56623426	560330004003	1	47700	44.8154018	-106.9812206
56623427	560330004003	1	60000	44.8160330	-106.9810245
56623428	560330004003	1	46500	44.8104030	-106.9741408
56623429	560330004003	1	148300	44.8160176	-106.9815518
56623430	560330004003	1	192900	44.8160260	-106.9819852
56623431	560330004003	1	76800	44.8111362	-106.9748449
56623432	560330004003	1	70000	44.8204495	-106.9792305
56623433	560330004003	1	88500	44.8120989	-106.9775033
56623434	560330004003	1	70000	44.8082979	-106.9813003
56623435	560330004003	1	96300	44.8153074	-106.9689237
56623436	560330004003	1	51000	44.8121108	-106.9776053
56623437	560330004003	1	24000	44.8152734	-106.9690379
56623438	560330004003	1	119000	44.8152150	-106.9684228
56623439	560330004003	1	31200	44.8135757	-106.9810219
56623440	560330004003	1	29500	44.8151621	-106.9687451
56623441	560330004003	1	32000	44.8202739	-106.9667857
56623442	560330004003	3	102000	44.8124215	-106.9771737
56623443	560330004003	1	27800	44.8156258	-106.9741487
56623444	560330004003	1	70000	44.8137871	-106.9818476
56623445	560330004003	1	2400	44.8146525	-106.9812774
56623446	560330004003	1	70000	44.8149520	-106.9814605
56623447	560330004003	1	56400	44.8146031	-106.9810718
56623448	560330004003	1	51000	44.8143242	-106.9819225
56623449	560330004003	1	30000	44.8148468	-106.9815725
56623450	560330004003	1	39000	44.8146096	-106.9819325
56623451	560330004003	1	52500	44.8147622	-106.9810226
56623452	560330004003	1	30000	44.8143862	-106.9809697
56623453	560330004003	1	47304	44.8150824	-106.9808492
56623454	560330004003	1	67700	44.8145430	-106.9809241
56623455	560330004003	1	23700	44.8145802	-106.9817729
56623456	560330004003	1	29000	44.8144994	-106.9815345
56623457	560330004003	1	117300	44.8139207	-106.9818457
56623458	560330004003	1	75500	44.8139698	-106.9815878
56623459	560330004003	1	81400	44.8151626	-106.9815619
56623460	560330004003	1	121000	44.8143338	-106.9814224
56623461	560330004003	1	28900	44.8151318	-106.9819232
56623462	560330004003	1	31200	44.8149458	-106.9819833
56623463	560330004003	1	30400	44.8147270	-106.9812888
56623464	560330004003	1	84000	44.8151155	-106.9820614
56623465	560330004003	1	58000	44.8136565	-106.9816773
56623466	560330004003	1	166000	44.8138879	-106.9808199
56623467	560330004003	1	62100	44.8134148	-106.9816517
56623468	560330004003	1	110000	44.8135288	-106.9809537
56623469	560330004003	1	65340	44.8139836	-106.9815950
56623470	560330004003	1	7200	44.8134482	-106.9810996
56623471	560330004003	1	104000	44.8142780	-106.9809141
56623472	560330004003	8	25000	44.8156507	-106.9743095
56623473	560330004003	1	45600	44.8147806	-106.9692415
56623474	560330004003	1	33400	44.8163636	-106.9663864
56623475	560330004003	1	64800	44.8161604	-106.9672629
56623476	560330004003	1	84850	44.8134135	-106.9815316
56623477	560330004003	1	95900	44.8133842	-106.9816629
56623478	560330004003	1	92500	44.8134707	-106.9812846
56623479	560330004003	1	62500	44.8136440	-106.9807093
56623480	560330004003	1	95120	44.8135471	-106.9811780
56623481	560330004003	1	39500	44.8139859	-106.9806904
56623482	560330004003	1	64600	44.8161353	-106.9669675
56623483	560330004003	1	26500	44.8160888	-106.9674625
56623484	560330004003	1	35000	44.8142069	-106.9816414
56623485	560330004003	1	32000	44.8161597	-106.9670794
56623486	560330004003	1	74120	44.8161991	-106.9680551
56623487	560330004003	1	30000	44.8158402	-106.9680546
56623488	560330004003	1	90800	44.8161281	-106.9681085
56623489	560330004003	1	35000	44.8162567	-106.9660216
56623490	560330004003	1	33100	44.8158462	-106.9658658
56623491	560330004003	1	100000	44.8157855	-106.9679776
56623492	560330004003	1	67500	44.8162231	-106.9678528
56623493	560330004003	1	80000	44.8160526	-106.9674518
56623494	560330004003	1	47100	44.8158139	-106.9666710
56623495	560330004003	1	104200	44.8162146	-106.9670259
56623496	560330004003	1	26900	44.8158166	-106.9679122
56623497	560330004003	1	239000	44.8162515	-106.9667832
56623498	560330004003	1	62000	44.8163872	-106.9658454
56623499	560330004003	1	45000	44.8164069	-106.9659782
56623500	560330004003	1	75000	44.8157335	-106.9666970
56623501	560330004003	1	62000	44.8163307	-106.9663421
56623502	560330004003	1	70000	44.8162618	-106.9664719
56623503	560330004003	5	25000	44.8158648	-106.9667851
56623504	560330004003	1	158020	44.8157640	-106.9734472
56623505	560330004003	1	88400	44.8117869	-106.9765948
56623506	560330004003	1	100000	44.8120775	-106.9782186
56623507	560330004003	3	8000	44.8124275	-106.9768629
56623508	560330004003	1	69600	44.8159112	-106.9667091
56623509	560330004003	1	31600	44.8159159	-106.9660222
56623510	560330004003	1	12000	44.8120953	-106.9784537
56623511	560330004003	1	23900	44.8121916	-106.9773126
56623512	560330004003	1	83600	44.8120843	-106.9787086
56623513	560330004003	1	32000	44.8116727	-106.9768866
56623514	560330004003	1	66100	44.8121237	-106.9779141
56623515	560330004003	1	108300	44.8119170	-106.9779947
56623516	560330004003	1	28000	44.8124393	-106.9785370
56623517	560330004003	3	24600	44.8114250	-106.9772401
56623518	560330004003	1	118100	44.8111041	-106.9775246
56623519	560330004003	1	15000	44.8114320	-106.9772540
56623520	560330004003	1	46100	44.8150549	-106.9731729
56623521	560330004003	1	91500	44.8117885	-106.9784044
56623522	560330004003	1	64600	44.8116187	-106.9781737
56623523	560330004003	1	298800	44.8111833	-106.9764783
56623524	560330004003	8	98000	44.8113679	-106.9776848
56623525	560330004003	1	32000	44.8113635	-106.9785548
56623526	560330004003	8	48000	44.8118861	-106.9778448
56623527	560330004003	1	18400	44.8110645	-106.9788554
56623528	560330004003	4	9000	44.8149841	-106.9741752
56623529	560330004003	1	123800	44.8145625	-106.9769777
56623530	560330004003	1	52000	44.8139960	-106.9771563
56623531	560330004003	1	110200	44.8139369	-106.9768173
56623532	560330004003	1	82000	44.8140076	-106.9775133
56623533	560330004003	1	115300	44.8137335	-106.9774820
56623534	560330004003	1	100400	44.8144612	-106.9769081
56623535	560330004003	1	101600	44.8202218	-106.9665806
56623536	560330004003	1	69000	44.8133935	-106.9805477
56623537	560330004003	4	9000	44.8159862	-106.9798635
56623538	560330004003	1	61000	44.8168489	-106.9654015
56623539	560330004003	1	36400	44.8118491	-106.9790431
56623540	560330004003	1	25900	44.8118077	-106.9797748
56623541	560330004003	1	23700	44.8151325	-106.9737173
56623542	560330004003	1	289550	44.8122976	-106.9793434
56623543	560330004003	1	11500	44.8117140	-106.9801000
56623544	560330004003	1	53700	44.8124628	-106.9802895
56623545	560330004003	1	116000	44.8124067	-106.9803392
56623546	560330004003	1	45000	44.8170520	-106.9657592
56623547	560330004003	1	44100	44.8132723	-106.9777487
56623548	560330004003	1	15900	44.8132473	-106.9768258
56623549	560330004003	1	140000	44.8135750	-106.9779218
56623550	560330004003	1	63000	44.8169694	-106.9652610
56623551	560330004003	1	100000	44.8131315	-106.9777058
56623552	560330004003	1	63900	44.8130067	-106.9771428
56623553	560330004003	1	54000	44.8161821	-106.9805987
56623554	560330004003	1	11500	44.8166107	-106.9678949
56623555	560330004003	1	370	44.8171977	-106.9678055
56623556	560330004003	1	30000	44.8173312	-106.9653598
56623557	560330004003	1	27000	44.8167390	-106.9650615
56623558	560330004003	1	26200	44.8171695	-106.9679628
56623559	560330004003	1	100000	44.8168101	-106.9679773
56623560	560330004003	1	29000	44.8166590	-106.9672794
56623561	560330004003	1	73000	44.8157813	-106.9800510
56623562	560330004003	1	45000	44.8163790	-106.9770846
56623563	560330004003	1	80050	44.8157642	-106.9770894
56623564	560330004003	1	39000	44.8157158	-106.9761631
56623565	560330004003	1	27400	44.8159273	-106.9803791
56623566	560330004003	1	20000	44.8158769	-106.9763501
56623567	560330004003	1	61400	44.8157855	-106.9767716
56623568	560330004003	1	32000	44.8133794	-106.9813827
56623569	560330004003	8	24000	44.8183014	-106.9746525
56623570	560330004003	1	69000	44.8186548	-106.9711472
56623571	560330004003	1	363500	44.8147955	-106.9777265
56623572	560330004003	1	95000	44.8157293	-106.9797925
56623573	560330004003	1	23600	44.8149846	-106.9770770
56623574	560330004003	1	40500	44.8153422	-106.9781262
56623575	560330004003	1	26500	44.8148438	-106.9770761
56623576	560330004003	1	12100	44.8148452	-106.9775617
56623577	560330004003	1	71000	44.8183558	-106.9746109
56623578	560330004003	1	24000	44.8181589	-106.9701931
56623579	560330004003	1	108100	44.8185322	-106.9709972
56623580	560330004003	1	86000	44.8183104	-106.9706563
56623581	560330004003	1	83000	44.8177009	-106.9736424
56623582	560330004003	1	50100	44.8184281	-106.9709510
56623583	560330004003	1	106300	44.8177005	-106.9740197
56623584	560330004003	1	37200	44.8131479	-106.9812710
56623585	560330004003	1	11700	44.8159261	-106.9775465
56623586	560330004003	1	73400	44.8172522	-106.9753925
56623587	560330004003	1	30000	44.8179132	-106.9747700
56623588	560330004003	1	27200	44.8172234	-106.9752377
56623589	560330004003	1	134000	44.8168801	-106.9752661
56623590	560330004003	1	51000	44.8173363	-106.9748687
56623591	560330004003	1	58000	44.8167744	-106.9748922
56623592	560330004003	1	24000	44.8146317	-106.9796600
56623593	560330004003	1	37700	44.8161645	-106.9778199
56623594	560330004003	1	12400	44.8160682	-106.9779042
56623595	560330004003	1	43000	44.8161314	-106.9778170
56623596	560330004003	1	10400	44.8149613	-106.9804742
56623597	560330004003	1	123800	44.8149409	-106.9801624
56623598	560330004003	1	46000	44.8145002	-106.9805770
56623599	560330004003	1	73000	44.8196229	-106.9638351
56623600	560330004003	1	46000	44.8136740	-106.9795701
56623601	560330004003	1	125000	44.8174801	-106.9685073
56623602	560330004003	1	100500	44.8159726	-106.9653815
56623603	560330004003	1	7200	44.8186076	-106.9688377
56623604	560330004003	1	25000	44.8126720	-106.9809413
56623605	560330004003	1	32800	44.8182064	-106.9693854
56623606	560330004003	5	12150	44.8157768	-106.9651242
56623607	560330004003	1	67740	44.8186778	-106.9688349
56623608	560330004003	1	140000	44.8182780	-106.9688265
56623609	560330004003	1	29200	44.8177049	-106.9696143
56623610	560330004003	1	128000	44.8174558	-106.9675125
56623611	560330004003	1	167200	44.8163322	-106.9656482
56623612	560330004003	1	40000	44.8162709	-106.9650287
56623613	560330004003	1	117000	44.8177411	-106.9679957
56623614	560330004003	1	395900	44.8178860	-106.9679172
56623615	560330004003	1	87560	44.8177850	-106.9676395
56623616	560330004003	1	84500	44.8141175	-106.9799398
56623617	560330004003	1	12000	44.8091756	-106.9733489
56623618	560330004003	1	15300	44.8187329	-106.9821957
56623619	560330004003	1	27000	44.8171892	-106.9690957
56623620	560330004003	1	2400	44.8178198	-106.9697325
56623621	560330004003	1	26360	44.8087743	-106.9732540
56623622	560330004003	1	78400	44.8184065	-106.9821398
56623623	560330004003	1	66000	44.8182589	-106.9821629
56623624	560330004003	1	76000	44.8140825	-106.9803625
56623625	560330004003	1	96000	44.8191334	-106.9810292
56623626	560330004003	1	5600	44.8196077	-106.9804454
56623627	560330004003	1	85000	44.8190793	-106.9812317
56623628	560330004003	1	30700	44.8164185	-106.9741798
56623629	560330004003	1	65000	44.8161481	-106.9734078
56623630	560330004003	1	96000	44.8162016	-106.9738091
56623631	560330004003	1	38000	44.8201693	-106.9649631
56623632	560330004003	1	50000	44.8163765	-106.9635953
56623633	560330004003	1	70000	44.8168774	-106.9741832
56623634	560330004003	1	48000	44.8108597	-106.9842329
56623635	560330004003	3	46200	44.8106328	-106.9840386
56623636	560330004003	1	92000	44.8106450	-106.9850618
56623637	560330004003	1	58900	44.8168031	-106.9666649
56623638	560330004003	1	45800	44.8166305	-106.9661221
56623639	560330004003	1	25600	44.8171786	-106.9667180
56623640	560330004003	1	71100	44.8165026	-106.9633539
56623641	560330004003	1	79680	44.8187903	-106.9751531
56623642	560330004003	8	24000	44.8172348	-106.9745453
56623643	560330004003	1	115000	44.8171965	-106.9742161
56623644	560330004003	1	71000	44.8157473	-106.9640585
56623645	560330004003	1	20910	44.8189276	-106.9752611
56623646	560330004003	1	45000	44.8186273	-106.9752842
56623647	560330004003	1	14600	44.8201467	-106.9630500
56623648	560330004003	1	50000	44.8188439	-106.9684257
56623649	560330004003	1	32000	44.8187809	-106.9777847
56623650	560330004003	1	26600	44.8187432	-106.9776922
56623651	560330004003	1	122000	44.8182413	-106.9777040
56623652	560330004003	3	58200	44.8191756	-106.9784134
56623653	560330004003	1	26000	44.8195894	-106.9784169
56623654	560330004003	1	63000	44.8198124	-106.9780226
56623655	560330004003	1	35000	44.8197581	-106.9624600
56623656	560330004003	1	33400	44.8189472	-106.9814534
56623657	560330004003	1	60400	44.8184547	-106.9682381
56623658	560330004003	1	15200	44.8187832	-106.9680970
56623659	560330004003	1	80700	44.8177630	-106.9725196
56623660	560330004003	1	34400	44.8195942	-106.9816410
56623661	560330004003	1	69000	44.8180174	-106.9734329
56623662	560330004003	1	116000	44.8131855	-106.9792453
56623663	560330004003	1	51000	44.8204125	-106.9686452
56623664	560330004003	3	72000	44.8134495	-106.9802950
56623665	560330004003	3	72000	44.8081323	-106.9811400
56623666	560330004003	1	110000	44.8082330	-106.9777965
56623667	560330004003	1	120020	44.8075669	-106.9771331
56623668	560330004003	1	74300	44.8207328	-106.9681302
56623669	560330004003	1	62000	44.8195982	-106.9650148
56623670	560330004003	1	176000	44.8199369	-106.9795308
56623671	560330004003	1	32100	44.8196944	-106.9657981
56623672	560330004003	1	48300	44.8218912	-106.9764144
56623673	560330004003	1	47000	44.8199058	-106.9689317
56623674	560330004003	1	148000	44.8164712	-106.9843227
56623675	560330004003	1	23100	44.8165694	-106.9842497
56623676	560330004003	1	71000	44.8205086	-106.9699243
56623677	560330004003	1	141700	44.8206234	-106.9733347
56623678	560330004003	1	90000	44.8210226	-106.9729661
56623679	560330004003	1	165010	44.8215645	-106.9767683
56623680	560330004003	1	99010	44.8184042	-106.9712865
56623681	560330004003	1	121000	44.8110712	-106.9733011
56623682	560330004003	1	32700	44.8161405	-106.9848858
56623683	560330004003	1	69060	44.8159667	-106.9669738
56623684	560330004003	1	55000	44.8159758	-106.9832911
56623685	560330004003	1	42000	44.8165883	-106.9830454
56623686	560330004003	1	54400	44.8125847	-106.9833681
56623687	560330004003	1	103050	44.8211458	-106.9704563
56623688	560330004003	1	36000	44.8174440	-106.9851310
56623689	560330004003	1	1100	44.8096891	-106.9740439
56623690	560330004003	1	72500	44.8097860	-106.9828662
56623691	560330004003	1	77500	44.8185923	-106.9721933
56623692	560330004003	1	108000	44.8196388	-106.9673748
56623693	560330004003	1	130000	44.8199465	-106.9666021
56623694	560330004003	1	13500	44.8157945	-106.9691843
56623695	560330004003	1	6200	44.8157465	-106.9683865
56623696	560330004003	1	28300	44.8097685	-106.9834660
56623697	560330004003	1	23600	44.8105620	-106.9825729
56623698	560330004003	1	100000	44.8210165	-106.9753630
56623699	560330004003	1	33900	44.8211766	-106.9742063
56623700	560330004003	1	54600	44.8105544	-106.9781648
56623701	560330004003	1	37000	44.8102273	-106.9813153
56623702	560330004003	1	12600	44.8102094	-106.9779305
56623703	560330004003	1	130400	44.8094588	-106.9826924
56623704	560330004003	1	8000	44.8079246	-106.9823329
56623705	560330004003	1	132000	44.8187512	-106.9808387
56623706	560330004003	1	100000	44.8205555	-106.9705169
56623707	560330004003	1	10000	44.8205401	-106.9714640
56623708	560330004003	1	11000	44.8103717	-106.9774104
56623709	560330004003	1	10600	44.8188065	-106.9809199
56623710	560330004003	1	103400	44.8189748	-106.9798560
56623711	560330004003	1	2100	44.8098398	-106.9790313
56623712	560330004003	1	64400	44.8205252	-106.9786361
56623713	560330004003	1	93000	44.8200913	-106.9762460
56623714	560330004003	1	30000	44.8194238	-106.9764360
56623715	560330004003	1	66900	44.8080251	-106.9795717
56623716	560330004003	1	0	44.8204560	-106.9825122
56623717	560330004003	1	104400	44.8200987	-106.9724815
56623718	560330004003	1	80000	44.8173879	-106.9838524
56623719	560330004003	1	45000	44.8200831	-106.9852322
56623720	560330004003	1	41500	44.8194811	-106.9714441
56623721	560330004003	1	8200	44.8182756	-106.9752937
56623722	560330004003	1	6800	44.8091895	-106.9808899
56623723	560330004003	1	18000	44.8195797	-106.9731544
56623724	560330004003	1	95930	44.8189436	-106.9727406
56623725	560330004003	1	47500	44.8180784	-106.9773516
56623726	560330004003	1	36000	44.8204045	-106.9840868
56623727	560330004003	1	27000	44.8198832	-106.9859926
56623728	560330004003	1	73700	44.8091044	-106.9744602
56623729	560330004003	1	28000	44.8187912	-106.9743518
56623730	560330004003	1	102000	44.8077641	-106.9828816
56623731	560330004003	1	25800	44.8175709	-106.9670360
56623732	560330004003	1	40000	44.8086293	-106.9765825
56623733	560330004003	1	42000	44.8090469	-106.9817383
56623734	560330004003	1	81000	44.8210324	-106.9789593
56623735	560330004003	1	70000	44.8207502	-106.9854076
56623736	560330004003	1	9600	44.8093050	-106.9752920
56623737	560330004003	1	145000	44.8211715	-106.9832421
56623738	560330004003	1	35300	44.8207651	-106.9756043
56623739	560330004003	1	38001	44.8223330	-106.9806726
56623740	560330004003	1	74600	44.8086864	-106.9805137
56623741	560330004003	1	42000	44.8227022	-106.9809154
56623742	560330004003	5	25000	44.8205892	-106.9776488
56623743	560330004003	1	16000	44.8077239	-106.9800941
56623744	560330004003	1	44500	44.8189714	-106.9833871
56623745	560330004003	1	39150	44.8170646	-106.9695314
56623746	560330004003	1	201800	44.8173125	-106.9764219
56623747	560330004003	1	75600	44.8213965	-106.9803403
56623748	560330004003	1	10900	44.8198215	-106.9743265
56623749	560330004003	1	30000	44.8095629	-106.9883248
56623750	560330004003	1	56004	44.8119657	-106.9882795
56623751	560330004003	1	60200	44.8167719	-106.9802710
56623752	560330004003	1	82000	44.8180944	-106.9795119
56623753	560330004003	1	16900	44.8165930	-106.9727256
56623754	560330004003	1	116500	44.8159291	-106.9721957
56623755	560330004003	1	128500	44.8184038	-106.9856719
56623756	560330004003	5	25000	44.8179301	-106.9774575
56623757	560330004003	1	133100	44.8092721	-106.9784501
56623758	560330004003	1	37800	44.8180851	-106.9850336
56623759	560330004003	1	106000	44.8077405	-106.9809076
56623760	560330004003	1	67110	44.8171239	-106.9805602
56623761	560330004003	1	28300	44.8184644	-106.9859124
56623762	560330004003	1	28500	44.8172926	-106.9795052
56623763	560330004003	1	97000	44.8089478	-106.9883574
56623764	560330004003	1	1000	44.8187586	-106.9848958
56623765	560330004003	1	11800	44.8169412	-106.9775016
56623766	560330004003	1	95120	44.8170860	-106.9790409
56623767	560330004003	1	39000	44.8186735	-106.9830519
56623768	560330004003	1	30000	44.8176589	-106.9818896
56623769	560330004003	1	39050	44.8171872	-106.9832427
56623770	560330004003	1	22800	44.8077016	-106.9879163
56623771	560330004003	1	38200	44.8159514	-106.9675409
56623772	560330004003	8	30000	44.8159300	-106.9679150
56623773	560330004003	8	51000	44.8158187	-106.9673562
56623774	560330004003	1	11100	44.8144322	-106.9810938
56623775	560330004003	1	42000	44.8168407	-106.9721228
56623776	560330004003	1	27200	44.8209795	-106.9677864
56623777	560330004003	1	35000	44.8148414	-106.9814966
56623778	560330004003	1	14000	44.8149749	-106.9817821
56623779	560330004003	1	93300	44.8212252	-106.9747018
56623780	560330004003	1	178720	44.8207986	-106.9717219
56623781	560330004003	1	37200	44.8217107	-106.9853324
56623782	560330004003	1	52500	44.8143448	-106.9813823
56623783	560330004003	1	153200	44.8215382	-106.9777537
56623784	560330004003	1	172700	44.8147972	-106.9809190
56623785	560330004003	1	58000	44.8134965	-106.9807346
56623786	560330004003	1	43000	44.8135544	-106.9813055
56623787	560330004003	1	26800	44.8150115	-106.9814618
56623788	560330004003	1	71700	44.8151355	-106.9809753
56623789	560330004003	1	9300	44.8143180	-106.9818444
56623790	560330004003	1	26000	44.8145191	-106.9819783
56623791	560330004003	1	57350	44.8151509	-106.9813173
56623792	560330004003	1	26300	44.8146675	-106.9814720
56623793	560330004003	1	72300	44.8147423	-106.9815698
56623794	560330004003	1	98030	44.8136586	-106.9812636
56623795	560330004003	1	115000	44.8144453	-106.9808088
56623796	560330004003	1	96000	44.8149133	-106.9811082
56623797	560330004003	1	22150	44.8143779	-106.9807425
56623798	560330004003	1	89700	44.8150801	-106.9810184
56623799	560330004003	1	66500	44.8150003	-106.9817749
56623800	560330004003	1	80000	44.8149413	-106.9813061
56623801	560330004003	1	0	44.8141293	-106.9810837
56623802	560330004003	1	100800	44.8136038	-106.9811426
56623803	560330004003	1	131000	44.8135299	-106.9808210
56623804	560330004003	8	20000	44.8138630	-106.9814055
56623805	560330004003	1	45860	44.8137401	-106.9816013
56623806	560330004003	1	354000	44.8135354	-106.9809196
56623807	560330004003	1	8200	44.8135960	-106.9815048
56623808	560330004003	1	73000	44.8139807	-106.9812820
56623809	560330004003	1	201800	44.8140318	-106.9814595
56623810	560330004003	1	30100	44.8140807	-106.9815240
56623811	560330004003	1	31400	44.8137263	-106.9807372
56623812	560330004003	1	75400	44.8142140	-106.9808743
56623813	560330004003	1	63000	44.8137482	-106.9815658
56623814	560330004003	1	58800	44.8139559	-106.9806974
56623815	560330004003	1	77200	44.8139091	-106.9811826
56623816	560330004003	1	144800	44.8142260	-106.9859143
56623817	560330004003	1	8540	44.8140964	-106.9867373
56623818	560330004003	1	366400	44.8124270	-106.9831811
56623819	560330004003	1	26500	44.8161359	-106.9678745
56623820	560330004003	1	113400	44.8146097	-106.9859406
56623821	560330004003	1	64400	44.8149268	-106.9693343
56623822	560330004003	1	39000	44.8157141	-106.9820931
56623823	560330004003	1	28900	44.8160219	-106.9670896
56623824	560330004003	1	51000	44.8159387	-106.9670973
56623825	560330004003	1	85200	44.8163261	-106.9678456
56623826	560330004003	1	32000	44.8157685	-106.9680868
56623827	560330004003	1	32000	44.8147694	-106.9693866
56623828	560330004003	1	60000	44.8149513	-106.9684454
56623829	560330004003	1	86900	44.8161444	-106.9677735
56623830	560330004003	1	82300	44.8163471	-106.9660891
56623831	560330004003	1	61800	44.8163894	-106.9661872
56623832	560330004003	1	28300	44.8158173	-106.9666742
56623833	560330004003	1	6000	44.8160584	-106.9668233
56623834	560330004003	1	62600	44.8164654	-106.9659810
56623835	560330004003	1	12000	44.8163166	-106.9663206
56623836	560330004003	1	153800	44.8157557	-106.9662809
56623837	560330004003	1	38300	44.8163344	-106.9659963
56623838	560330004003	1	96000	44.8162804	-106.9660894
56623839	560330004003	1	64000	44.8162910	-106.9666759
56623840	560330004003	1	10600	44.8161925	-106.9665169
56623841	560330004003	1	64000	44.8151780	-106.9694086
56623842	560330004003	1	24800	44.8148859	-106.9686837
56623843	560330004003	1	66400	44.8150794	-106.9686458
56623844	560330004003	1	88370	44.8151396	-106.9693307
56623845	560330004003	1	46500	44.8147705	-106.9684742
56623846	560330004003	1	27600	44.8150220	-106.9689146
56623847	560330004003	1	6800	44.8108886	-106.9735807
56623848	560330004003	1	28600	44.8152800	-106.9690658
56623849	560330004003	1	25100	44.8152083	-106.9688338
56623850	560330004003	1	63000	44.8149149	-106.9691920
56623851	560330004003	1	39000	44.8147073	-106.9690232
56623852	560330004003	1	15600	44.8152461	-106.9689019
56623853	560330004003	1	45000	44.8156579	-106.9819130
56623854	560330004003	1	38000	44.8153910	-106.9810397
56623855	560330004003	1	65000	44.8143860	-106.9866520
56623856	560330004003	1	58000	44.8152384	-106.9818659
56623857	560330004003	1	276000	44.8150615	-106.9693241
56623858	560330004003	1	36000	44.8139456	-106.9862199
56623859	560330004003	1	64000	44.8142362	-106.9861713
56623860	560330004003	1	107000	44.8147430	-106.9694588
56623861	560330004003	1	127000	44.8148273	-106.9692880
56623862	560330004003	1	45000	44.8148413	-106.9689956
56623863	560330004003	1	52000	44.8144563	-106.9870484
56623864	560330004003	1	41000	44.8142762	-106.9865421
56623865	560330004003	1	40500	44.8145488	-106.9864044
56623866	560330004003	1	49200	44.8158176	-106.9812386
56623867	560330004003	8	85500	44.8149976	-106.9866102
56623868	560330004003	1	260100	44.8147614	-106.9868742
56623869	560330004003	1	34000	44.8139724	-106.9866362
56623870	560330004003	1	17900	44.8141601	-106.9863399
56623871	560330004003	1	101020	44.8145652	-106.9868157
56623872	560330004003	1	30800	44.8144333	-106.9858863
56623873	560330004003	1	39000	44.8142502	-106.9862205
56623874	560330004003	1	85000	44.8139740	-106.9857584
56623875	560330004003	1	55000	44.8152412	-106.9860559
56623876	560330004003	1	38000	44.8156932	-106.9864940
56623877	560330004003	1	44250	44.8149841	-106.9865023
56623878	560330004003	1	94000	44.8148852	-106.9863973
56623879	560330004003	1	78000	44.8151885	-106.9861282
56623880	560330004003	1	30000	44.8149434	-106.9864941
56623881	560330004003	1	8500	44.8153083	-106.9863099
56623882	560330004003	1	10600	44.8119470	-106.9739077
56623883	560330004003	1	32800	44.8095670	-106.9732772
56623884	560330004003	1	59150	44.8151458	-106.9867531
56623885	560330004003	1	85000	44.8150118	-106.9865093
56623886	560330004003	1	91000	44.8155433	-106.9862890
56623887	560330004003	1	49000	44.8106544	-106.9733878
56623888	560330004003	1	365700	44.8150504	-106.9869452
56623889	560330004003	1	130000	44.8107880	-106.9735812
56623890	560330004003	1	25640	44.8117809	-106.9735874
56623891	560330004003	8	37600	44.8098742	-106.9734047
56623892	560330004003	1	27000	44.8100253	-106.9735580
56623893	560330004003	1	60000	44.8102323	-106.9732023
56623894	560330004003	1	6350	44.8117023	-106.9733639
56623895	560330004003	8	60000	44.8101104	-106.9733951
56623896	560330004003	1	74000	44.8097473	-106.9731668
56623897	560330004003	1	72000	44.8143826	-106.9858439
56623898	560330004003	1	78000	44.8146934	-106.9755184
56623899	560330004003	1	15600	44.8141041	-106.9857641
56623900	560330004003	1	27000	44.8152295	-106.9868808
56623901	560330004003	1	81000	44.8110460	-106.9743787
56623902	560330004003	1	40500	44.8144491	-106.9862838
56623903	560330004003	1	33200	44.8137241	-106.9853562
56623904	560330004003	1	75000	44.8153461	-106.9862915
56623905	560330004003	1	136600	44.8175647	-106.9728256
56623906	560330004003	8	77100	44.8174378	-106.9731513
56623907	560330004003	1	39000	44.8108894	-106.9739701
56623908	560330004003	1	50600	44.8106893	-106.9746026
56623909	560330004003	1	30000	44.8160127	-106.9822150
56623910	560330004003	1	122000	44.8160955	-106.9810725
56623911	560330004003	1	31900	44.8156673	-106.9818258
56623912	560330004003	1	69600	44.8152125	-106.9819335
56623913	560330004003	8	42000	44.8157471	-106.9819431
56623914	560330004003	1	33000	44.8152329	-106.9820239
56623915	560330004003	1	82750	44.8111801	-106.9744777
56623916	560330004003	1	83900	44.8111011	-106.9739498
56623917	560330004003	1	30000	44.8112671	-106.9743968
56623918	560330004003	1	69060	44.8107587	-106.9740322
56623919	560330004003	1	117200	44.8106501	-106.9740932
56623920	560330004003	1	83000	44.8108932	-106.9748857
56623921	560330004003	1	132000	44.8106342	-106.9744372
56623922	560330004003	1	49000	44.8145460	-106.9752422
56623923	560330004003	1	3300	44.8129479	-106.9736774
56623924	560330004003	1	79800	44.8116579	-106.9743068
56623925	560330004003	1	79200	44.8117296	-106.9741874
56623926	560330004003	1	22800	44.8110900	-106.9744353
56623927	560330004003	1	55000	44.8116947	-106.9747824
56623928	560330004003	1	80000	44.8120851	-106.9740974
56623929	560330004003	1	30000	44.8119707	-106.9750148
56623930	560330004003	1	70000	44.8115239	-106.9744021
56623931	560330004003	1	60000	44.8129178	-106.9734471
56623932	560330004003	1	27000	44.8120685	-106.9749638
56623933	560330004003	1	7900	44.8116815	-106.9740389
56623934	560330004003	1	43500	44.8119635	-106.9741472
56623935	560330004003	1	40000	44.8126928	-106.9737276
56623936	560330004003	1	23700	44.8118115	-106.9746963
56623937	560330004003	1	50000	44.8113055	-106.9747879
56623938	560330004003	1	69000	44.8142947	-106.9746722
56623939	560330004003	1	36900	44.8138031	-106.9738339
56623940	560330004003	1	155530	44.8127718	-106.9737722
56623941	560330004003	1	83910	44.8123104	-106.9736705
56623942	560330004003	1	80000	44.8125870	-106.9736664
56623943	560330004003	1	78400	44.8132904	-106.9738195
56623944	560330004003	1	26000	44.8139953	-106.9738089
56623945	560330004003	1	102000	44.8133644	-106.9734019
56623946	560330004003	1	103000	44.8141910	-106.9755405
56623947	560330004003	1	8500	44.8145148	-106.9749051
56623948	560330004003	1	32000	44.8133055	-106.9734514
56623949	560330004003	1	32300	44.8139133	-106.9733314
56623950	560330004003	1	21710	44.8145394	-106.9748912
56623951	560330004003	1	35000	44.8141694	-106.9746916
56623952	560330004003	1	18000	44.8143029	-106.9750251
56623953	560330004003	1	41000	44.8157106	-106.9860439
56623954	560330004003	1	113000	44.8143167	-106.9860638
56623955	560330004003	1	117000	44.8141155	-106.9867058
56623956	560330004003	1	32000	44.8145017	-106.9735800
56623957	560330004003	1	167200	44.8126556	-106.9756951
56623958	560330004003	1	53200	44.8134350	-106.9756025
56623959	560330004003	1	103000	44.8144306	-106.9737639
56623960	560330004003	1	70360	44.8128132	-106.9761068
56623961	560330004003	1	70000	44.8147949	-106.9744788
56623962	560330004003	1	13980	44.8124822	-106.9753720
56623963	560330004003	1	106700	44.8129141	-106.9758159
56623964	560330004003	1	128000	44.8120144	-106.9764227
56623965	560330004003	1	11400	44.8129085	-106.9761144
56623966	560330004003	1	55000	44.8125144	-106.9752998
56623967	560330004003	8	34530	44.8123330	-106.9763610
56623968	560330004003	1	853500	44.8127033	-106.9756053
56623969	560330004003	1	26700	44.8141672	-106.9862507
56623970	560330004003	1	57000	44.8145253	-106.9738258
56623971	560330004003	1	50000	44.8133056	-106.9763450
56623972	560330004003	1	32400	44.8137013	-106.9756860
56623973	560330004003	1	134000	44.8137000	-106.9766399
56623974	560330004003	1	139000	44.8132889	-106.9766521
56623975	560330004003	1	126000	44.8130470	-106.9763144
56623976	560330004003	1	12600	44.8132734	-106.9760398
56623977	560330004003	1	99800	44.8144928	-106.9863101
56623978	560330004003	1	8060	44.8141434	-106.9734206
56623979	560330004003	1	62000	44.8132165	-106.9765748
56623980	560330004003	1	84700	44.8137956	-106.9763875
56623981	560330004003	1	78000	44.8148793	-106.9742011
56623982	560330004003	1	50000	44.8145843	-106.9739425
56623983	560330004003	1	80000	44.8144490	-106.9737747
56623984	560330004003	1	39400	44.8148543	-106.9866874
56623985	560330004003	1	95000	44.8154582	-106.9861864
56623986	560330004003	1	147000	44.8145651	-106.9861426
56623987	560330004003	1	47700	44.8149779	-106.9861499
56623988	560330004003	1	66800	44.8154092	-106.9867039
56623989	560330004003	1	50000	44.8139336	-106.9867885
56623990	560330004003	1	5200	44.8146965	-106.9870443
56623991	560330004003	1	8200	44.8155994	-106.9863219
56623992	560330004003	1	53800	44.8154026	-106.9860670
56623993	560330004003	1	54200	44.8154569	-106.9862948
56623994	560330004003	1	85030	44.8106946	-106.9736089
56623995	560330004003	1	11000	44.8154229	-106.9861124
56623996	560330004003	1	70000	44.8148734	-106.9871073
56623997	560330004003	1	30800	44.8133972	-106.9850405
56623998	560330004003	1	47700	44.8172812	-106.9734645
56623999	560330004003	1	205700	44.8136116	-106.9783606
56624000	560330004003	1	40600	44.8106170	-106.9734095
56624001	560330004003	1	100800	44.8171135	-106.9731615
56624002	560330004003	1	28600	44.8173281	-106.9734306
56624003	560330004003	1	38000	44.8152629	-106.9751201
56624004	560330004003	1	57000	44.8170517	-106.9726983
56624005	560330004003	1	137000	44.8177756	-106.9707086
56624006	560330004003	1	74200	44.8133479	-106.9787857
56624007	560330004003	1	71000	44.8171482	-106.9723288
56624008	560330004003	1	14200	44.8169204	-106.9730433
56624009	560330004003	3	77000	44.8178759	-106.9701724
56624010	560330004003	1	60000	44.8171246	-106.9697461
56624011	560330004003	1	40900	44.8151045	-106.9749696
56624012	560330004003	1	85000	44.8173493	-106.9634105
56624013	560330004003	1	140100	44.8175209	-106.9703782
56624014	560330004003	1	51000	44.8179161	-106.9699285
56624015	560330004003	1	58300	44.8173515	-106.9697686
56624016	560330004003	1	55730	44.8171809	-106.9637520
56624017	560330004003	1	90000	44.8179014	-106.9700419
56624018	560330004003	1	29150	44.8171873	-106.9696945
56624019	560330004003	1	59200	44.8153421	-106.9757210
56624020	560330004003	1	57000	44.8170459	-106.9635836
56624021	560330004003	1	58000	44.8168010	-106.9642823
56624022	560330004003	1	13200	44.8168166	-106.9644207
56624023	560330004003	1	62100	44.8172901	-106.9634203
56624024	560330004003	1	340700	44.8172497	-106.9641365
56624025	560330004003	1	17100	44.8175464	-106.9637203
56624026	560330004003	1	104000	44.8136364	-106.9781205
56624027	560330004003	1	33900	44.8160360	-106.9750891
56624028	560330004003	1	97000	44.8144440	-106.9768176
56624029	560330004003	1	37700	44.8154172	-106.9745062
56624030	560330004003	1	55800	44.8151975	-106.9754239
56624031	560330004003	1	30000	44.8155193	-106.9747754
56624032	560330004003	1	98000	44.8144265	-106.9761802
56624033	560330004003	1	72300	44.8157229	-106.9749551
56624034	560330004003	1	57200	44.8151446	-106.9748078
56624035	560330004003	8	24000	44.8162085	-106.9748132
56624036	560330004003	1	40000	44.8141240	-106.9761479
56624037	560330004003	1	85600	44.8139881	-106.9757184
56624038	560330004003	1	74000	44.8144361	-106.9756549
56624039	560330004003	1	73000	44.8160497	-106.9747006
56624040	560330004003	1	115000	44.8140441	-106.9764342
56624041	560330004003	3	92200	44.8140142	-106.9764420
56624042	560330004003	1	37000	44.8132466	-106.9779953
56624043	560330004003	1	125000	44.8114428	-106.9792654
56624044	560330004003	1	154100	44.8164147	-106.9751816
56624045	560330004003	1	82600	44.8165341	-106.9746928
56624046	560330004003	1	95000	44.8164452	-106.9749464
56624047	560330004003	1	55020	44.8111156	-106.9794150
56624048	560330004003	1	45600	44.8159454	-106.9753761
56624049	560330004003	1	33000	44.8109549	-106.9791922
56624050	560330004003	1	38000	44.8133051	-106.9780914
56624051	560330004003	1	12000	44.8110873	-106.9798804
56624052	560330004003	1	80000	44.8113347	-106.9801714
56624053	560330004003	1	127600	44.8117532	-106.9792914
56624054	560330004003	1	30000	44.8131832	-106.9782818
56624055	560330004003	1	30000	44.8112902	-106.9798085
56624056	560330004003	1	30000	44.8132694	-106.9785323
56624057	560330004003	1	31900	44.8141920	-106.9829801
56624058	560330004003	1	114700	44.8143379	-106.9787762
56624059	560330004003	1	62100	44.8144812	-106.9823210
56624060	560330004003	1	106000	44.8147530	-106.9870988
56624061	560330004003	1	32000	44.8137693	-106.9849895
56624062	560330004003	1	93001	44.8114227	-106.9808578
56624063	560330004003	1	54180	44.8114285	-106.9812369
56624064	560330004003	1	77000	44.8108375	-106.9808019
56624065	560330004003	1	44000	44.8108971	-106.9811283
56624066	560330004003	1	64300	44.8109298	-106.9807158
56624067	560330004003	1	8200	44.8115859	-106.9808882
56624068	560330004003	1	60000	44.8111959	-106.9808936
56624069	560330004003	1	60000	44.8145888	-106.9822933
56624070	560330004003	1	6500	44.8137771	-106.9787389
56624071	560330004003	1	124600	44.8136324	-106.9788105
56624072	560330004003	1	13000	44.8136560	-106.9789506
56624073	560330004003	1	32800	44.8141345	-106.9783563
56624074	560330004003	1	119000	44.8138899	-106.9786694
56624075	560330004003	1	135450	44.8140867	-106.9786014
56624076	560330004003	1	11300	44.8154372	-106.9784502
56624077	560330004003	1	32000	44.8148014	-106.9791102
56624078	560330004003	1	78400	44.8146647	-106.9791748
56624079	560330004003	1	87560	44.8151008	-106.9793833
56624080	560330004003	1	71000	44.8150269	-106.9789691
56624081	560330004003	1	58000	44.8150049	-106.9783826
56624082	560330004003	1	149100	44.8148287	-106.9793207
56624083	560330004003	1	2500	44.8107486	-106.9836297
56624084	560330004003	1	161000	44.8147003	-106.9828780
56624085	560330004003	1	360	44.8149273	-106.9832959
56624086	560330004003	1	26900	44.8136623	-106.9851673
56624087	560330004003	1	120000	44.8105300	-106.9833679
56624088	560330004003	1	119920	44.8141753	-106.9828451
56624089	560330004003	1	32100	44.8140113	-106.9829729
56624090	560330004003	1	39000	44.8148164	-106.9822263
56624091	560330004003	1	115000	44.8147853	-106.9828580
56624092	560330004003	1	116000	44.8135475	-106.9829963
56624093	560330004003	1	62000	44.8137074	-106.9820784
56624094	560330004003	1	0	44.8141173	-106.9831962
56624095	560330004003	1	56400	44.8109231	-106.9827195
56624096	560330004003	1	165010	44.8108286	-106.9826680
56624097	560330004003	1	16700	44.8137291	-106.9821213
56624098	560330004003	1	37700	44.8135166	-106.9826334
56624099	560330004003	1	82200	44.8112437	-106.9839486
56624100	560330004003	1	65000	44.8111979	-106.9837251
56624101	560330004003	1	53300	44.8114068	-106.9831954
56624102	560330004003	1	74500	44.8135623	-106.9854153
56624103	560330004003	1	32400	44.8162087	-106.9785885
56624104	560330004003	1	54400	44.8118640	-106.9837597
56624105	560330004003	1	40100	44.8120952	-106.9836324
56624106	560330004003	1	8000	44.8119712	-106.9833144
56624107	560330004003	1	28800	44.8121928	-106.9829827
56624108	560330004003	1	22730	44.8123415	-106.9832788
56624109	560330004003	1	198700	44.8117652	-106.9838368
56624110	560330004003	1	67740	44.8117115	-106.9831825
56624111	560330004003	1	24701	44.8120725	-106.9846378
56624112	560330004003	1	27400	44.8122298	-106.9842827
56624113	560330004003	1	58200	44.8118938	-106.9848532
56624114	560330004003	1	56600	44.8117261	-106.9844083
56624115	560330004003	1	25600	44.8121101	-106.9848996
56624116	560330004003	1	15500	44.8118031	-106.9851324
56624117	560330004003	1	0	44.8115814	-106.9841675
56624118	560330004003	1	24300	44.8138886	-106.9851390
56624119	560330004003	1	43200	44.8132973	-106.9837416
56624120	560330004003	1	65000	44.8161447	-106.9792901
56624121	560330004003	1	123800	44.8158403	-106.9795480
56624122	560330004003	1	19800	44.8154201	-106.9790374
56624123	560330004003	1	64000	44.8163042	-106.9786899
56624124	560330004003	1	93600	44.8159156	-106.9786916
56624125	560330004003	1	56800	44.8158137	-106.9793405
56624126	560330004003	1	268000	44.8134735	-106.9843880
56624127	560330004003	1	50000	44.8137756	-106.9840261
56624128	560330004003	1	51000	44.8140092	-106.9838594
56624129	560330004003	1	41300	44.8134359	-106.9834248
56624130	560330004003	1	59200	44.8138025	-106.9834879
56624131	560330004003	1	74000	44.8136291	-106.9841653
56624132	560330004003	1	39000	44.8132763	-106.9840616
56624133	560330005001	1	58500	44.7694538	-106.9262201
56624134	560330005001	1	117000	44.7628757	-106.9190477
56624135	560330005001	1	28000	44.7630118	-106.9227214
56624136	560330005001	1	72000	44.7839826	-106.9240490
56624137	560330005001	1	65400	44.7843914	-106.9224942
56624138	560330005001	1	224700	44.7813898	-106.9297064
56624139	560330005001	1	53000	44.7710653	-106.9283869
56624140	560330005001	1	80050	44.7858961	-106.9363189
56624141	560330005001	1	44900	44.6504585	-106.1328458
56624142	560330005001	1	60000	44.7661491	-106.9256507
56624143	560330005001	1	137100	44.7614543	-106.9125211
56624144	560330005001	1	222080	44.7866841	-106.9298021
56624145	560330005001	1	45000	44.7638144	-106.9198329
56624146	560330005001	1	50000	44.7614882	-106.9117602
56624147	560330005001	1	80000	44.7867358	-106.9279785
56624148	560330005001	1	28000	44.7809540	-106.9357733
56624149	560330005001	1	46500	44.7836369	-106.9232096
56624150	560330005001	1	29700	44.7836282	-106.9239595
56624151	560330005001	1	45940	44.6334990	-106.3847151
56624152	560330005001	1	51000	44.7853463	-106.9229679
56624153	560330005001	1	46700	44.7854886	-106.9288080
56624154	560330005001	1	84250	44.7854435	-106.9300601
56624155	560330005001	1	68640	44.7209359	-106.9167328
56624156	560330005001	1	64860	44.7851673	-106.9238727
56624157	560330005001	1	66600	44.6962814	-106.9017054
56624158	560330005001	1	26000	44.7846848	-106.9260742
56624159	560330005001	1	25100	44.7871489	-106.9295492
56624160	560330005001	1	13970	44.7615836	-106.9103857
56624161	560330005001	1	75000	44.7686537	-106.9221140
56624162	560330005001	1	5050	44.7622677	-106.9085854
56624163	560330005001	1	58000	44.7878968	-106.9286568
56624164	560330005001	1	101500	44.7882780	-106.9304242
56624165	560330005001	1	100000	44.7884559	-106.9292550
56624166	560330005001	1	16700	44.7636040	-106.9231219
56624167	560330005001	1	70000	44.7805256	-106.9171301
56624168	560330005001	1	30000	44.7801157	-106.9355441
56624169	560330005001	1	85000	44.7905709	-106.9339634
56624170	560330005001	1	63100	44.7814727	-106.9327091
56624171	560330005001	1	27000	44.7796528	-106.9348380
56624172	560330005001	1	76300	44.7653439	-106.9256316
56624173	560330005001	1	54500	44.6718062	-106.8853244
56624174	560330005001	1	49200	44.7276989	-106.9185885
56624175	560330005001	1	125000	44.7825577	-106.9364534
56624176	560330005001	1	85030	44.7788873	-106.9196987
56624177	560330005001	1	31500	44.7796543	-106.9194752
56624178	560330005001	1	60000	44.7795352	-106.9205956
56624179	560330005001	1	80000	44.7665047	-106.9173330
56624180	560330005001	1	97100	44.7794271	-106.9208697
56624181	560330005001	1	23600	44.5669245	-106.5661373
56624182	560330005001	1	28390	44.7635837	-106.9207892
56624183	560330005001	1	32000	44.7810714	-106.9216824
56624184	560330005001	1	97000	44.7790187	-106.9180130
56624185	560330005001	1	85000	44.7804562	-106.9189202
56624186	560330005001	1	35150	44.7792068	-106.9164702
56624187	560330005001	1	52000	44.8363710	-106.9654417
56624188	560330005001	1	77000	44.6324804	-106.3859729
56624189	560330005001	1	28800	44.7643425	-106.9233634
56624190	560330005001	1	48000	44.8736507	-106.9842047
56624191	560330005001	1	27750	44.8378272	-106.8396029
56624192	560330005001	1	36000	44.8821892	-106.8438161
56624193	560330005001	1	26000	44.7811158	-106.9193518
56624194	560330005001	1	32000	44.7714477	-106.9275034
56624195	560330005001	1	52800	44.7771274	-106.9288838
56624196	560330005001	1	84000	44.8755416	-106.9905698
56624197	560330005001	1	30000	44.7608147	-106.9165047
56624198	560330005001	1	31200	44.7626030	-106.9213489
56624199	560330005001	1	70000	44.8001177	-106.9298035
56624200	560330005001	1	28000	44.7600424	-106.9186520
56624201	560330005001	1	7600	44.7630266	-106.9201638
56624202	560330005001	1	80000	44.7642015	-106.9141053
56624203	560330005001	1	65400	44.7616168	-106.9229152
56624204	560330005001	1	52200	44.7638690	-106.9180481
56624205	560330005001	1	112800	44.7616918	-106.9204333
56624206	560330005001	1	82840	44.7623855	-106.9195714
56624207	560330005001	1	58100	44.7643387	-106.9170343
56624208	560330005001	1	78000	44.7813151	-106.9175125
56624209	560330005001	1	167200	44.7615916	-106.9211989
56624210	560330005001	1	27000	44.7813269	-106.9184586
56624211	560330005001	1	55000	44.7637664	-106.9155937
56624212	560330005001	1	81400	44.7883558	-106.9364048
56624213	560330005001	1	288800	44.7627743	-106.9143558
56624214	560330005001	1	107800	44.7604058	-106.9207009
56624215	560330005001	1	83000	44.7695857	-106.9183122
56624216	560330005001	1	132360	44.7621595	-106.9155313
56624217	560330005001	1	69500	44.7635366	-106.9152630
56624218	560330005001	1	65900	44.7635827	-106.9138915
56624219	560330005001	1	111000	44.7620927	-106.9168379
56624220	560330005001	1	165000	44.7626715	-106.9181066
56624221	560330005001	1	100000	44.7627103	-106.9164435
56624222	560330005001	1	89300	44.8382290	-106.9614930
56624223	560330005001	1	25200	44.7818631	-106.9196144
56624224	560330005001	1	28400	44.7617072	-106.9177901
56624225	560330005001	1	116500	44.7819627	-106.9344192
56624226	560330005001	1	8400	44.7817335	-106.9191700
56624227	560330005001	1	64340	44.7814398	-106.9211030
56624228	560330005001	1	70400	44.7824949	-106.9172233
56624229	560330005001	1	82000	44.7602582	-106.9173487
56624230	560330005001	1	54300	44.7610427	-106.9218507
56624231	560330005001	1	29000	44.7678960	-106.9192228
56624232	560330005001	1	145200	44.8392552	-106.8315967
56624233	560330005001	1	94000	44.7609227	-106.9232083
56624234	560330005001	1	46900	44.8385031	-106.8305682
56624235	560330005001	1	157000	44.7608675	-106.9198850
56624236	560330005001	1	9000	44.7596335	-106.9224595
56624237	560330005001	1	75000	44.7612150	-106.9197385
56624238	560330005001	1	86470	44.7615281	-106.9171976
56624239	560330005001	1	75000	44.7601137	-106.9213255
56624240	560330005001	1	25300	44.7609566	-106.9173786
56624241	560330005001	1	67200	44.7584416	-106.9178852
56624242	560330005001	1	90120	44.6410052	-106.3797470
56624243	560330005001	1	62400	44.6515931	-106.1320771
56624244	560330005001	1	50600	44.6409735	-106.3800706
56624245	560330005001	1	136600	44.6411492	-106.3780336
56624246	560330005001	1	37000	44.6376260	-106.3848349
56624247	560330005001	9	30400	44.6404969	-106.3787384
56624248	560330005001	1	71600	44.6408745	-106.3784636
56624249	560330005001	1	86040	44.6409111	-106.3787654
56624250	560330005001	1	100040	44.6409277	-106.3779694
56624251	560330005001	1	123800	44.6408764	-106.3787281
56624252	560330005001	1	95100	44.6406293	-106.3784663
56624253	560330005001	1	60000	44.6380005	-106.3839445
56624254	560330005001	1	75400	44.6374448	-106.3839185
56624255	560330005001	1	80000	44.6406480	-106.3779907
56624256	560330005001	1	30400	44.6405327	-106.3780010
56624257	560330005001	1	80700	44.6404783	-106.3787991
56624258	560330005001	1	64000	44.6406783	-106.3787743
56624259	560330005001	1	57650	44.6406584	-106.3786306
56624260	560330005001	1	49000	44.6411123	-106.3778805
56624261	560330005001	1	28500	44.6372269	-106.3847292
56624262	560330005001	1	104000	44.6371330	-106.3844493
56624263	560330005001	1	126900	44.6376249	-106.3847677
56624264	560330005001	1	87000	44.6374517	-106.3841858
56624265	560330005001	1	70000	44.6376734	-106.3837243
56624266	560330005001	1	35960	44.6376881	-106.3836563
56624267	560330005001	1	64000	44.6375399	-106.3840212
56624268	560330005001	1	60000	44.7588443	-106.9165276
56624269	560330005001	1	76000	44.6493100	-106.1336288
56624270	560330005001	1	63500	44.6520551	-106.1314985
56624271	560330005001	1	57000	44.6385040	-106.3812319
56624272	560330005001	1	95000	44.6391734	-106.3835684
56624273	560330005001	1	28600	44.6518958	-106.1298966
56624274	560330005001	1	32100	44.6406957	-106.3802403
56624275	560330005001	1	26360	44.6402450	-106.3796486
56624276	560330005001	1	178000	44.6409399	-106.3803114
56624277	560330005001	1	32800	44.6405360	-106.3796870
56624278	560330005001	1	55000	44.6402056	-106.3796356
56624279	560330005001	1	78400	44.6511183	-106.1300970
56624280	560330005001	1	141400	44.6508587	-106.1295168
56624281	560330005001	1	53150	44.6513037	-106.1297702
56624282	560330005001	1	73900	44.6513111	-106.1294623
56624283	560330005001	1	99010	44.6505999	-106.1292870
56624284	560330005001	1	80000	44.6509982	-106.1294589
56624285	560330005001	1	39700	44.6508704	-106.1290110
56624286	560330005001	1	117600	44.6396725	-106.3838593
56624287	560330005001	1	5050	44.6399136	-106.3780961
56624288	560330005001	1	64600	44.6522382	-106.1292524
56624289	560330005001	1	54100	44.6514182	-106.1299942
56624290	560330005001	1	25300	44.6517310	-106.1293306
56624291	560330005001	1	49550	44.6399280	-106.3787547
56624292	560330005001	1	63300	44.6515909	-106.1296627
56624293	560330005001	1	16900	44.6399058	-106.3784622
56624294	560330005001	1	80000	44.6387177	-106.3832668
56624295	560330005001	1	60000	44.6387261	-106.3832825
56624296	560330005001	1	103000	44.6394728	-106.3783880
56624297	560330005001	1	48000	44.6394929	-106.3782866
56624298	560330005001	1	99100	44.6387794	-106.3836695
56624299	560330005001	1	58300	44.6387506	-106.3830384
56624300	560330005001	1	29300	44.6385520	-106.3827405
56624301	560330005001	1	57500	44.7675544	-106.9241841
56624302	560330005001	1	112600	44.6530175	-106.1293764
56624303	560330005001	1	14200	44.6426912	-106.3782088
56624304	560330005001	1	103400	44.6392372	-106.3826512
56624305	560330005001	1	26800	44.6398001	-106.3834643
56624306	560330005001	1	121800	44.6397226	-106.3830081
56624307	560330005001	1	30300	44.6424886	-106.3786527
56624308	560330005001	1	31000	44.6428575	-106.3783047
56624309	560330005001	1	25600	44.6424975	-106.3785137
56624310	560330005001	1	68000	44.6523202	-106.1299006
56624311	560330005001	1	50060	44.6379803	-106.3797585
56624312	560330005001	1	111000	44.6377827	-106.3795686
56624313	560330005001	1	79680	44.6377764	-106.3794622
56624314	560330005001	1	70000	44.6525588	-106.1301748
56624315	560330005001	1	71000	44.6379751	-106.3792416
56624316	560330005001	1	85500	44.6524345	-106.1299329
56624317	560330005001	1	59200	44.7681028	-106.9244752
56624318	560330005001	1	6200	44.6391094	-106.3775383
56624319	560330005001	1	24300	44.6531730	-106.1300468
56624320	560330005001	1	41000	44.6535793	-106.1302889
56624321	560330005001	1	51500	44.6539790	-106.1298682
56624322	560330005001	1	174000	44.6389215	-106.3778424
56624323	560330005001	1	78000	44.6533859	-106.1294841
56624324	560330005001	1	138100	44.6390334	-106.3776154
56624325	560330005001	1	89000	44.7676956	-106.9242802
56624326	560330005001	1	116200	44.6400011	-106.3798475
56624327	560330005001	1	45860	44.6393663	-106.3789212
56624328	560330005001	1	102600	44.6396420	-106.3794642
56624329	560330005001	1	26100	44.6378324	-106.3778472
56624330	560330005001	1	60000	44.6383008	-106.3776663
56624331	560330005001	1	28300	44.6383195	-106.3774871
56624332	560330005001	1	83000	44.7596396	-106.9164628
56624333	560330005001	1	6800	44.7614212	-106.9153448
56624334	560330005001	1	75150	44.6509167	-106.1318697
56624335	560330005001	1	119920	44.6366910	-106.3805201
56624336	560330005001	1	31900	44.6547344	-106.1318618
56624337	560330005001	1	85000	44.6389797	-106.3805085
56624338	560330005001	1	53000	44.6414537	-106.3789861
56624339	560330005001	1	80000	44.6414632	-106.3781067
56624340	560330005001	1	89300	44.6388867	-106.3804175
56624341	560330005001	1	122000	44.6418522	-106.3787835
56624342	560330005001	1	81490	44.6541310	-106.1310294
56624343	560330005001	1	51000	44.6369850	-106.3817353
56624344	560330005001	1	84000	44.6366620	-106.3793049
56624345	560330005001	1	68280	44.6373576	-106.3793465
56624346	560330005001	1	108200	44.6538834	-106.1307879
56624347	560330005001	1	53150	44.6366346	-106.3814218
56624348	560330005001	1	5750	44.6534873	-106.1314783
56624349	560330005001	1	8000	44.6373239	-106.3807575
56624350	560330005001	1	73400	44.6442863	-106.3779478
56624351	560330005001	1	30200	44.7699198	-106.9239874
56624352	560330005001	1	30000	44.6372602	-106.3772847
56624353	560330005001	1	83000	44.6375466	-106.3784658
56624354	560330005001	1	26360	44.7684669	-106.9244563
56624355	560330005001	1	32200	44.7697291	-106.9241053
56624356	560330005001	1	85000	44.7683775	-106.9243677
56624357	560330005001	1	132000	44.6377839	-106.3802137
56624358	560330005001	1	66700	44.7721856	-106.9312222
56624359	560330005001	1	10600	44.6444882	-106.3777599
56624360	560330005001	1	7200	44.7721462	-106.9311914
56624361	560330005001	1	268000	44.6374401	-106.3803149
56624362	560330005001	1	146600	44.6361734	-106.3854105
56624363	560330005001	1	105300	44.6367985	-106.3859754
56624364	560330005001	1	28200	44.7593089	-106.9170599
56624365	560330005001	1	16700	44.7740985	-106.9133115
56624366	560330005001	1	113400	44.7617140	-106.9146088
56624367	560330005001	1	54600	44.6509868	-106.1315159
56624368	560330005001	1	30000	44.8342082	-106.9638514
56624369	560330005001	1	84700	44.8345434	-106.9633449
56624370	560330005001	1	81000	44.8345253	-106.9647346
56624371	560330005001	1	80800	44.6366005	-106.3841751
56624372	560330005001	1	84000	44.6364388	-106.3845343
56624373	560330005001	1	80000	44.7904848	-106.9364382
56624374	560330005001	1	103300	44.7606604	-106.9130795
56624375	560330005001	1	100660	44.7713160	-106.9323967
56624376	560330005001	1	40400	44.7720789	-106.9320663
56624377	560330005001	1	80000	44.7605224	-106.9108367
56624378	560330005001	1	55000	44.7603894	-106.9139693
56624379	560330005001	1	29100	44.7604743	-106.9154970
56624380	560330005001	1	91550	44.7595804	-106.9200371
56624381	560330005001	1	111000	44.7673612	-106.9160868
56624382	560330005001	1	74600	44.7724006	-106.9134756
56624383	560330005001	1	132000	44.7741310	-106.9145523
56624384	560330005001	1	70000	44.7737151	-106.9131991
56624385	560330005001	1	80000	44.7696815	-106.9128626
56624386	560330005001	1	60000	44.7718474	-106.9136023
56624387	560330005001	1	82300	44.7704538	-106.9130816
56624388	560330005001	1	116000	44.7593187	-106.9192299
56624389	560330005001	1	84390	44.7614889	-106.9071436
56624390	560330005001	1	103000	44.7607204	-106.9092085
56624391	560330005001	1	88500	44.7608111	-106.9099498
56624392	560330005001	1	85000	44.7586160	-106.9220534
56624393	560330005001	1	88300	44.7611819	-106.9059936
56624394	560330005001	1	6000	44.7586903	-106.9217962
56624395	560330005001	1	25000	44.7584942	-106.9184980
56624396	560330005001	1	288800	44.7752891	-106.9151190
56624397	560330005001	1	32000	44.7755072	-106.9132408
56624398	560330005001	1	51800	44.7579433	-106.9213973
56624399	560330005001	1	141700	44.7580427	-106.9195848
56624400	560330005001	1	23900	44.7580954	-106.9218357
56624401	560330005001	1	15200	44.7759153	-106.9134858
56624402	560330005001	1	63400	44.6897776	-106.9010399
56624403	560330005001	1	102000	44.7759446	-106.9150832
56624404	560330005001	1	40000	44.7698275	-106.9103157
56624405	560330005001	1	104600	44.7714212	-106.9118341
56624406	560330005001	1	11300	44.7726917	-106.9115528
56624407	560330005001	1	79000	44.7726197	-106.9109675
56624408	560330005001	1	85000	44.7704439	-106.9101898
56624409	560330005001	1	25500	44.7721595	-106.9103011
56624410	560330005001	1	72000	44.7704081	-106.9112083
56624411	560330005001	1	410000	44.7869533	-106.9362633
56624412	560330005001	9	75000	44.6483320	-106.1347601
56624413	560330005001	1	114050	44.8812322	-106.8414454
56624414	560330005001	1	80000	44.6473724	-106.1342737
56624415	560330005001	1	148000	44.7991019	-106.9363263
56624416	560330005001	1	32100	44.7763663	-106.9207729
56624417	560330005001	1	32700	44.7817356	-106.9318701
56624418	560330005001	1	126800	44.7755552	-106.9365713
56624419	560330005001	1	75400	44.8322716	-106.9605096
56624420	560330005001	1	27000	44.8319716	-106.9591267
56624421	560330005001	1	189000	44.7682063	-106.9363104
56624422	560330005001	1	50000	44.7994090	-106.9339118
56624423	560330005001	1	31000	44.8003828	-106.9282854
56624424	560330005001	1	54950	44.7090491	-106.7522491
56624425	560330005001	1	8000	44.8324027	-106.9597656
56624426	560330005001	1	115000	44.7081388	-106.7532529
56624427	560330005001	1	148000	44.8040394	-106.9330922
56624428	560330005001	1	72000	44.7721287	-106.9270234
56624429	560330005001	1	27000	44.7768490	-106.9340370
56624430	560330005001	1	110000	44.7986013	-106.9362630
56624431	560330005001	1	29200	44.8006201	-106.9278780
56624432	560330005001	1	88000	44.7351443	-106.2637180
56624433	560330005001	1	32000	44.7341366	-106.2661738
56624434	560330005001	1	108000	44.8328710	-106.9614252
56624435	560330005001	1	549200	44.8326790	-106.9584715
56624436	560330005001	1	9200	44.5606165	-106.5393482
56624437	560330005001	1	80000	44.7779342	-106.9350023
56624438	560330005001	1	47500	44.7727834	-106.9305041
56624439	560330005001	1	21000	44.7333839	-106.2684292
56624440	560330005001	1	62000	44.7993827	-106.9275936
56624441	560330005001	1	7500	44.7763381	-106.9343147
56624442	560330005001	1	30000	44.7740301	-106.9279702
56624443	560330005001	1	52500	44.7748522	-106.9346271
56624444	560330005001	1	60000	44.8026760	-106.9282699
56624445	560330005001	1	6000	44.7668627	-106.9233196
56624446	560330005001	1	90400	44.7671091	-106.9362265
56624447	560330005001	1	80800	44.7735722	-106.9361531
56624448	560330005001	1	122300	44.7718868	-106.9297552
56624449	560330005001	1	104100	44.7985539	-106.9355264
56624450	560330005001	1	8500	44.7660971	-106.9366380
56624451	560330005001	1	5750	44.7994644	-106.9350144
56624452	560330005001	1	12400	44.7723046	-106.9284712
56624453	560330005001	1	110700	44.7984207	-106.9333138
56624454	560330005001	1	51000	44.7755343	-106.9324753
56624455	560330005001	1	69000	44.7727619	-106.9358460
56624456	560330005001	1	45700	44.7777309	-106.9352812
56624457	560330005001	1	28800	44.6386052	-106.3793277
56624458	560330005001	1	85000	44.7733131	-106.9304362
56624459	560330005001	1	75000	44.8817665	-106.8431896
56624460	560330005001	1	40000	44.5605201	-106.5458390
56624461	560330005001	1	74500	44.7733639	-106.9345580
56624462	560330005001	1	100000	44.7682102	-106.9158264
56624463	560330005001	1	56000	44.7698768	-106.9227248
56624464	560330005001	1	55000	44.7748626	-106.9281306
56624465	560330005001	1	91550	44.7735461	-106.9285650
56624466	560330005001	1	48000	44.7699163	-106.9261229
56624467	560330005001	1	69900	44.7772888	-106.9358364
56624468	560330005001	1	7570	44.8023714	-106.9281154
56624469	560330005001	1	133100	44.8324968	-106.9572977
56624470	560330005001	1	179300	44.7731108	-106.9280511
56624471	560330005001	1	48400	44.7654747	-106.9360053
56624472	560330005001	1	115020	44.8311412	-106.9568003
56624473	560330005001	1	64000	44.7732408	-106.9290578
56624474	560330005001	1	225600	44.7791085	-106.9345599
56624475	560330005001	1	63000	44.7724595	-106.9309738
56624476	560330005001	1	160000	44.7639155	-106.9357509
56624477	560330005001	1	146200	44.8006600	-106.9345678
56624478	560330005001	1	70000	44.7690202	-106.9252997
56624479	560330005001	1	170700	44.7670417	-106.9265128
56624480	560330005001	1	58900	44.7718151	-106.9251798
56624481	560330005001	1	74000	44.7718957	-106.9357173
56624482	560330005001	1	77860	44.7672268	-106.9247542
56624483	560330005001	1	32000	44.7712131	-106.9319713
56624484	560330005001	1	24800	44.5606778	-106.5454654
56624485	560330005001	1	125000	44.5603330	-106.5432079
56624486	560330005001	1	62600	44.8344423	-106.9599904
56624487	560330005001	1	32670	44.5604567	-106.5418063
56624488	560330005001	1	30400	44.6352648	-106.3836272
56624489	560330005001	1	56400	44.5602070	-106.5421810
56624490	560330005001	1	134000	44.6357691	-106.3825506
56624491	560330005001	1	6350	44.8834024	-106.8429200
56624492	560330005001	1	25000	44.8019917	-106.9330106
56624493	560330005001	1	151500	44.5654875	-106.5497527
56624494	560330005001	1	90000	44.7738657	-106.9353140
56624495	560330005001	1	50000	44.8344504	-106.9621038
56624496	560330005001	1	138000	44.5619008	-106.5463778
56624497	560330005001	1	57300	44.8025493	-106.9356818
56624498	560330005001	1	63010	44.5640446	-106.5471990
56624499	560330005001	1	75600	44.5608468	-106.5431038
56624500	560330005001	1	140000	44.8025877	-106.9343326
56624501	560330005001	1	73000	44.8334942	-106.9576319
56624502	560330005001	1	88500	44.5648241	-106.5484540
56624503	560330005001	1	55000	44.5651744	-106.5498798
56624504	560330005001	1	241500	44.8024691	-106.9332936
56624505	560330005001	1	119000	44.7682833	-106.9158188
56624506	560330005001	1	105000	44.8334506	-106.9584564
56624507	560330005001	1	40500	44.8821408	-106.8421094
56624508	560330005001	1	57290	44.8012668	-106.9303722
56624509	560330005001	1	54100	44.8028493	-106.9304332
56624510	560330005001	1	48000	44.8010770	-106.9331547
56624511	560330005001	1	24320	44.8027822	-106.9325524
56624512	560330005001	1	67000	44.8009852	-106.9319131
56624513	560330005001	1	112700	44.8013819	-106.9315331
56624514	560330005001	1	34500	44.8021894	-106.9302958
56624515	560330005001	1	63810	44.8840249	-106.8458568
56624516	560330005001	1	22400	44.7679709	-106.9261066
56624517	560330005001	1	39000	44.7703135	-106.9239679
56624518	560330005001	1	25000	44.7674570	-106.9256393
56624519	560330005001	1	25000	44.8838951	-106.8440735
56624520	560330005001	1	24100	44.8017457	-106.9350676
56624521	560330005001	1	65050	44.7657932	-106.9232250
56624522	560330005001	1	55000	44.7768640	-106.9205466
56624523	560330005001	1	40000	44.7741478	-106.9197672
56624524	560330005001	1	36000	44.7687956	-106.9176767
56624525	560330005001	1	71880	44.8326398	-106.9571144
56624526	560330005001	1	83910	44.8804424	-106.8402573
56624527	560330005001	1	89000	44.8800809	-106.8414426
56624528	560330005001	1	97000	44.8813619	-106.8426183
56624529	560330005001	1	122300	44.8805944	-106.8428396
56624530	560330005001	1	66900	44.8811877	-106.8404415
56624531	560330005001	1	83020	44.8793297	-106.8426151
56624532	560330005001	1	149000	44.8822102	-106.8411944
56624533	560330005001	1	33300	44.8339554	-106.9602615
56624534	560330005001	1	0	44.7705745	-106.9233943
56624535	560330005001	1	59000	44.5646321	-106.5459621
56624536	560330005001	1	157400	44.5607028	-106.5434459
56624537	560330005001	1	3000	44.7740585	-106.9345959
56624538	560330005001	1	153800	44.7748412	-106.9324605
56624539	560330005001	1	7600	44.8332981	-106.9614330
56624540	560330005001	1	28000	44.8018936	-106.9300457
56624541	560330005001	1	125100	44.8030873	-106.9294304
56624542	560330005001	1	83000	44.8028313	-106.9357910
56624543	560330005001	1	23900	44.7753571	-106.9315323
56624544	560330005001	1	89000	44.5783689	-106.6828907
56624545	560330005001	1	71100	44.8367719	-106.8318394
56624546	560330005001	1	85500	44.7708475	-106.9295820
56624547	560330005001	1	106700	44.8825204	-106.8446189
56624548	560330005001	1	25000	44.7713880	-106.9259334
56624549	560330005001	1	17000	44.6936905	-106.9000222
56624550	560330005001	1	52200	44.7677541	-106.9155625
56624551	560330005001	1	73400	44.8012755	-106.9363373
56624552	560330005001	1	66000	44.7912535	-106.9362489
56624553	560330005001	1	24000	44.8000747	-106.9310153
56624554	560330005001	1	73900	44.8762336	-106.9884465
56624555	560330005001	1	89600	44.7745366	-106.9240648
56624556	560330005001	1	144200	44.5617758	-106.5441546
56624557	560330005001	1	89000	44.8747702	-106.9856117
56624558	560330005001	1	78000	44.8372394	-106.8333602
56624559	560330005001	1	83900	44.5630877	-106.5463562
56624560	560330005001	1	24000	44.8812928	-106.8446382
56624561	560330005001	1	59050	44.8765215	-106.9881952
56624562	560330005001	1	58300	44.5615974	-106.5476368
56624563	560330005001	1	145000	44.8776066	-106.9891242
56624564	560330005001	1	62000	44.5660946	-106.5487020
56624565	560330005001	1	83910	44.7741291	-106.9316106
56624566	560330005001	1	138100	44.8600348	-106.9752958
56624567	560330005001	1	143000	44.8000916	-106.9323151
56624568	560330005001	1	60400	44.8357264	-106.9645159
56624569	560330005001	1	53200	44.5791644	-106.6583556
56624570	560330005001	1	59200	44.8829973	-106.8457700
56624571	560330005001	1	95000	44.7750256	-106.9243132
56624572	560330005001	1	58490	44.7737521	-106.9212480
56624573	560330005001	1	55600	44.7750966	-106.9250174
56624574	560330005001	1	28390	44.8012078	-106.9296132
56624575	560330005001	1	15200	44.7753879	-106.9266468
56624576	560330005001	1	70000	44.7736431	-106.9223524
56624577	560330005001	1	28390	44.7742141	-106.9252084
56624578	560330005001	1	64400	44.7740867	-106.9260047
56624579	560330005001	1	65200	44.6949316	-106.9001145
56624580	560330005001	1	85000	44.7716077	-106.9206715
56624581	560330005001	1	62110	44.7729673	-106.9210699
56624582	560330005001	1	102000	44.7722128	-106.9219116
56624583	560330005001	1	91000	44.7709668	-106.9223225
56624584	560330005001	1	98000	44.7713269	-106.9217549
56624585	560330005001	1	85000	44.7707353	-106.9208003
56624586	560330005001	1	73410	44.7774018	-106.9189159
56624587	560330005001	1	45234	44.7702936	-106.9282454
56624588	560330005001	1	354000	44.6975912	-106.9030976
56624589	560330005001	1	25460	44.7773247	-106.9252282
56624590	560330005001	1	103300	44.7725577	-106.9183887
56624591	560330005001	1	60000	44.7733783	-106.9187947
56624592	560330005001	1	104000	44.7724272	-106.9196314
56624593	560330005001	1	25600	44.7701688	-106.9189644
56624594	560330005001	1	67200	44.7723620	-106.9193733
56624595	560330005001	1	123000	44.7707987	-106.9190523
56624596	560330005001	1	13970	44.7744056	-106.9213111
56624597	560330005001	1	132000	44.7757101	-106.9260991
56624598	560330005001	1	58000	44.7764630	-106.9267797
56624599	560330005001	1	7200	44.7761115	-106.9256311
56624600	560330005001	1	40411	44.7748487	-106.9222995
56624601	560330005001	1	77800	44.7748815	-106.9229180
56624602	560330005001	1	72000	44.7755454	-106.9212623
56624603	560330005001	1	97000	44.7699787	-106.9300763
56624604	560330005001	1	63810	44.7756291	-106.9206513
56624605	560330005001	1	28800	44.7761725	-106.9239543
56624606	560330005001	1	23900	44.7769731	-106.9242958
56624607	560330005001	1	52000	44.5814378	-106.6545113
56624608	560330005001	1	101000	44.5788483	-106.6540236
56624609	560330005001	1	109600	44.5800389	-106.6541581
56624610	560330005001	1	61700	44.7758418	-106.9185516
56624611	560330005001	1	88400	44.7731814	-106.9174759
56624612	560330005001	1	155530	44.7741268	-106.9176821
56624613	560330005001	1	74800	44.7746333	-106.9205747
56624614	560330005001	1	30000	44.7746315	-106.9182723
56624615	560330005001	1	31200	44.7740837	-106.9164704
56624616	560330005001	1	65340	44.7734642	-106.9234505
56624617	560330005001	1	75900	44.7730738	-106.9257011
56624618	560330005001	1	98680	44.8608460	-106.9731782
56624619	560330005001	1	101000	44.7759175	-106.9234041
56624620	560330005001	1	71000	44.7687399	-106.9305304
56624621	560330005001	1	29300	44.7692179	-106.9300109
56624622	560330005001	1	58300	44.7690235	-106.9314460
56624623	560330005001	1	80800	44.7693715	-106.9281193
56624624	560330005001	1	76800	44.7681264	-106.9312182
56624625	560330005001	1	89000	44.7696202	-106.9289382
56624626	560330005001	1	31000	44.7686586	-106.9296273
56624627	560330005001	1	63400	44.7764712	-106.9212786
56624628	560330005001	1	354000	44.7767259	-106.9220621
56624629	560330005001	1	20000	44.7684793	-106.9273700
56624630	560330005001	1	90000	44.5795312	-106.6586548
56624631	560330005001	1	136400	44.5791813	-106.6569570
56624632	560330005001	1	117600	44.5786986	-106.6554123
56624633	560330005001	1	28200	44.7766498	-106.9230668
56624634	560330005001	1	33000	44.7786679	-106.9295896
56624635	560330005001	1	71200	44.7673626	-106.9313165
56624636	560330005001	1	72000	44.7750038	-106.9165067
56624637	560330005001	1	283630	44.7760802	-106.9168544
56624638	560330005001	1	52200	44.7758618	-106.9174999
56624639	560330005001	1	75100	44.7673344	-106.9296691
56624640	560330005001	1	85000	44.7744926	-106.9179289
56624641	560330005001	1	80600	44.7679018	-106.9228339
56624642	560330005001	1	84000	44.7793295	-106.9292811
56624643	560330005001	1	140000	44.7668492	-106.9220374
56624644	560330005001	1	85000	44.7675662	-106.9305748
56624645	560330005001	1	30700	44.7678471	-106.9273008
56624646	560330005001	1	4600	44.7794439	-106.9306186
56624647	560330005001	1	9600	44.7668851	-106.9286583
56624648	560330005001	1	67000	44.7663691	-106.9280437
56624649	560330005001	1	27800	44.7815891	-106.9299921
56624650	560330005001	1	104900	44.7650847	-106.9183181
56624651	560330005001	1	143400	44.7806967	-106.9248277
56624652	560330005001	1	93200	44.7657956	-106.9198015
56624653	560330005001	1	90000	44.7791183	-106.9282962
56624654	560330005001	1	34200	44.7671853	-106.9197128
56624655	560330005001	1	106500	44.7673931	-106.9208412
56624656	560330005001	1	58100	44.7765416	-106.9193790
56624657	560330005001	1	52500	44.7679800	-106.9210126
56624658	560330005001	1	64600	44.7793165	-106.9273016
56624659	560330005001	1	30600	44.7655007	-106.9231853
56624660	560330005001	1	76000	44.7661406	-106.9265583
56624661	560330005001	1	21710	44.7660713	-106.9218566
56624662	560330005001	1	68500	44.7797629	-106.9255122
56624663	560330005001	1	71300	44.7648909	-106.9229115
56624664	560330005001	1	225000	44.7799575	-106.9242634
56624665	560330005001	1	17400	44.7665048	-106.9210742
56624666	560330005001	1	83000	44.7777678	-106.9281635
56624667	560330005001	1	31200	44.7787940	-106.9284958
56624668	560330005001	1	49900	44.7784498	-106.9262722
56624669	560330005001	1	95100	44.7785535	-106.9267111
56624670	560330005001	1	74600	44.7776601	-106.9263428
56624671	560330005001	1	166000	44.7788381	-106.9251588
56624672	560330005001	1	51000	44.7781164	-106.9256844
56624673	560330005001	1	8200	44.7662349	-106.9205172
56624674	560330005001	1	25690	44.7774132	-106.9172153
56624675	560330005001	1	53000	44.7781695	-106.9241224
56624676	560330005001	1	63100	44.7776813	-106.9179919
56624677	560330005001	1	35000	44.7672837	-106.9183371
56624678	560330005001	1	78600	44.7763048	-106.9165330
56624679	560330005001	1	4800	44.7764243	-106.9179108
56624680	560330005001	1	75100	44.7805731	-106.9319740
56624681	560330005001	1	26100	44.7644048	-106.9225363
56624682	560330005001	1	72000	44.7785137	-106.9216353
56624683	560330005001	1	64500	44.7796047	-106.9224477
56624684	560330005001	1	56900	44.7653594	-106.9204616
56624685	560330005001	1	29200	44.7797797	-106.9326763
56624686	560330005001	1	79200	44.7791050	-106.9223833
56624687	560330005001	1	85000	44.7799278	-106.9240261
56624688	560330005001	1	90000	44.7792518	-106.9237519
56624689	560330005001	1	76500	44.7645885	-106.9255442
56624690	560330005001	1	80800	44.7691767	-106.9164623
56624691	560330005001	1	22940	44.7777294	-106.9230472
56624692	560330005001	1	8400	44.5613224	-106.5397925
56624693	560330005001	1	66000	44.7658227	-106.9176118
56624694	560330005001	1	70000	44.7661484	-106.9184167
56624695	560330005001	1	106000	44.7657549	-106.9185644
56624696	560330005001	1	125000	44.7805127	-106.9337320
56624697	560330005001	1	52500	44.7703778	-106.9262453
56624698	560330005001	1	112000	44.7778637	-106.9191508
56624699	560330005001	1	71200	44.7798892	-106.9295738
56624700	560330005001	1	61000	44.7804291	-106.9308067
56624701	560330005001	1	59000	44.7828792	-106.9352005
56624702	560330005001	1	24000	44.7782738	-106.9210162
56624703	560330005001	1	82750	44.8003557	-106.9353073
56624704	560330005001	1	81000	44.7822719	-106.9358706
56624705	560330005001	1	52700	44.7656374	-106.9163626
56624706	560330005001	1	12000	44.7686828	-106.9273195
56624707	560330005001	1	71500	44.7684796	-106.9201240
56624708	560330005001	1	100000	44.7647365	-106.9196674
56624709	560330005001	1	65000	44.7664095	-106.9143222
56624710	560330005001	1	47000	44.7645191	-106.9212212
56624711	560330005001	1	120000	44.7645914	-106.9167839
56624712	560330005001	1	45400	44.7657027	-106.9133489
56624713	560330005001	1	58100	44.7782099	-106.9305390
56624714	560330005001	1	39000	44.7996004	-106.9326703
56624715	560330005001	1	69060	44.7802831	-106.9282285
56624716	560330005001	1	26000	44.7800581	-106.9264868
56624717	560330005001	1	27500	44.7801990	-106.9270255
56624718	560330005001	1	110200	44.7843083	-106.9358069
56624719	560330005001	1	52700	44.7785028	-106.9176637
56624720	560330005001	1	29000	44.7787516	-106.9167841
56624721	560330005001	1	41400	44.5659592	-106.5599227
56624722	560330005001	1	87000	44.7731984	-106.9162363
56624723	560330005001	1	69000	44.7810051	-106.9308665
56624724	560330005001	1	46780	44.7828549	-106.9326749
56624725	560330005001	1	43600	44.7810706	-106.9225565
56624726	560330005001	1	118200	44.7724388	-106.9264226
56624727	560330005001	1	58800	44.7830954	-106.9342052
56624728	560330005001	1	63650	44.7699489	-106.9270393
56624729	560330005001	1	161000	44.7845810	-106.9362723
56624730	560330005001	1	26010	44.7806582	-106.9236506
56624731	560330005001	1	71300	44.7815096	-106.9269482
56624732	560330005001	1	56000	44.7847968	-106.9289152
56624733	560330005001	1	113000	44.7844427	-106.9272418
56624734	560330005001	1	8700	44.7823749	-106.9273674
56624735	560330005001	1	80650	44.7645871	-106.9161699
56624736	560330005001	1	138100	44.7817228	-106.9283902
56624737	560330005001	1	53000	44.7830844	-106.9331292
56624738	560330005001	1	86470	44.7825588	-106.9259001
56624739	560330005001	1	51000	44.7626265	-106.9246466
56624740	560330005001	1	77500	44.7820287	-106.9345765
56624741	560330005001	1	84390	44.7654074	-106.9150647
56624742	560330005001	1	45234	44.7636886	-106.9240983
56624743	560330005001	1	51280	44.7621786	-106.9277424
56624744	560330005001	1	106700	44.7631394	-106.9260869
56624745	560330005001	1	30100	44.7631412	-106.9268473
56624746	560330005001	1	30600	44.7817330	-106.9351046
56624747	560330005001	1	103300	44.7613752	-106.9276759
56624748	560330005001	1	30900	44.7624838	-106.9275582
56624749	560330005001	1	167300	44.7619737	-106.9259757
56624750	560330005001	1	70400	44.7617720	-106.9256507
56624751	560330005001	1	50000	44.7615910	-106.9236773
56624752	560330005001	1	62100	44.7612683	-106.9269589
56624753	560330005001	1	58500	44.7847179	-106.9286519
56624754	560330005001	1	67000	44.7679311	-106.9182871
56624755	560330005001	1	109000	44.7843530	-106.9266663
56624756	560330005001	1	41280	44.7649664	-106.9128215
56624757	560330005001	1	98600	44.7809179	-106.9283011
56624758	560330005001	1	127000	44.7839792	-106.9327523
56624759	560330005001	1	84900	44.7839227	-106.9336769
56624760	560330005001	1	115600	44.7812938	-106.9266502
56624761	560330005001	1	113700	44.5695199	-106.5664900
56624762	560330005001	1	125000	44.7663944	-106.9112535
56624763	560330005001	1	72800	44.7832315	-106.9316038
56624764	560330005001	1	109640	44.7704606	-106.9201897
56624765	560330005001	1	78000	44.7690389	-106.9234353
56624766	560330005001	1	56000	44.7660434	-106.9094428
56624767	560330005001	1	27500	44.7839933	-106.9309660
56624768	560330005001	1	87560	44.7652238	-106.9248812
56624769	560330005001	1	74500	44.7833906	-106.9296101
56624770	560330005001	1	109000	44.7860707	-106.9330389
56624771	560330005001	1	37000	44.7829524	-106.9316454
56624772	560330005001	1	108000	44.7654761	-106.9118173
56624773	560330005001	1	89700	44.7830614	-106.9297235
56624774	560330005001	1	97000	44.7858923	-106.9344189
56624775	560330005001	1	91900	44.7296248	-106.9184609
56624776	560330005001	1	57800	44.7824724	-106.9253746
56624777	560330005001	1	82750	44.7718378	-106.9187401
56624778	560330005001	1	7200	44.7855527	-106.9335622
56624779	560330005001	1	65200	44.7815052	-106.9251839
56624780	560330005001	1	241500	44.7851109	-106.9347138
56624781	560330005001	1	37000	44.7844949	-106.9312168
56624782	560330005001	1	29300	44.5651829	-106.5685137
56624783	560330005001	1	118100	44.7842226	-106.9302131
56624784	560330005001	1	166000	44.7840922	-106.9256890
56624785	560330005001	1	84700	44.7876752	-106.9346759
56624786	560330005001	1	85000	44.7633604	-106.9113370
56624787	560330005001	1	30000	44.7655044	-106.9111370
56624788	560330005001	1	74600	44.7839388	-106.9275732
56624789	560330005001	1	7100	44.7652753	-106.9094155
56624790	560330005001	1	32400	44.7631018	-106.9125008
56624791	560330005001	1	134000	44.7645622	-106.9115765
56624792	560330005001	1	104600	44.7642944	-106.9134587
56624793	560330005001	1	57000	44.7824520	-106.9222637
56624794	560330005001	1	55000	44.7827034	-106.9295454
56624795	560330005001	1	2500	44.7622843	-106.9126492
56624796	560330005001	8	77100	44.7622057	-106.9113212
56624797	560330005001	1	30000	44.7824632	-106.9241370
56624798	560330005001	1	73000	44.7833754	-106.9266591
56624799	560330005001	1	115000	44.7829125	-106.9278720
56624800	560330005001	1	130000	44.5656969	-106.5468544
56624801	560330005001	1	10000	44.7817280	-106.9243346
56624802	560330005001	1	9200	44.7871100	-106.9334230
56624803	560330005001	1	54000	44.7883703	-106.9333346
56624804	560330005001	1	35000	44.7866516	-106.9344875
56624805	560330005001	1	59200	44.7820033	-106.9230821
56624806	560330005001	1	32000	44.7867858	-106.9305648
56624807	560330005001	1	8060	44.7864316	-106.9326930
56624808	560330005001	1	80000	44.7891392	-106.9335203
56624809	560330005001	1	72400	44.7902286	-106.9357885
56624810	560330005001	1	132360	44.7857034	-106.9311495
56624811	560330005001	1	140000	44.7851918	-106.9315736
56624812	560330005001	1	108300	44.7885975	-106.9355294
56624813	560330005001	1	25800	44.7897250	-106.9344905
56624814	560330005001	1	104900	44.7895250	-106.9350305
56624815	560330005001	1	288800	44.7870743	-106.9316975
56624816	560330005001	1	50500	44.7871948	-106.9307644
56624817	560330005001	1	103650	44.7877638	-106.9321358
56624818	560330005001	1	70700	44.7646224	-106.9105505
56624819	560330005001	1	28300	44.7625053	-106.9103054
56624820	560330005001	1	71000	44.7636837	-106.9109828
56624821	560330005001	1	43200	44.7645795	-106.9094411
56624822	560330005001	1	105000	44.7638235	-106.9092900
56624823	560330005001	1	75500	44.7875628	-106.9362042
56624824	560330005001	1	71000	44.7602666	-106.9259013
56624825	560330005001	1	75400	44.7630713	-106.9093686
56624826	560330005001	1	98500	44.7603807	-106.9246638
56624827	560330005001	1	94004	44.7835389	-106.9252680
56624828	560330005001	1	47804	44.7601724	-106.9266986
56624829	560330005001	1	57510	44.7600237	-106.9275517
56624830	560330005001	1	95050	44.7885478	-106.9313676
56624831	560330005002	8	34530	44.7107767	-106.9499434
56624832	560330005002	1	67700	44.7089391	-106.9523347
56624833	560330005002	1	44200	44.7104715	-106.9489266
56624834	560330005002	1	85000	44.7092582	-106.9529751
56624835	560330005002	1	168000	44.7329794	-106.9467755
56624836	560330005002	1	30400	44.7082851	-106.9517156
56624837	560330005002	1	30000	44.7263029	-106.9848381
56624838	560330005002	1	50000	44.7126581	-106.9483580
56624839	560330005002	1	54000	44.7268226	-106.9472006
56624840	560330005002	1	42000	44.7096348	-106.9518427
56624841	560330005002	3	30600	44.7145578	-106.9579809
56624842	560330005002	8	24000	44.7325055	-106.9463904
56624843	560330005002	1	29700	44.7232695	-106.9585412
56624844	560330005002	1	100000	44.7111582	-106.9508573
56624845	560330005002	1	33200	44.7112601	-106.9486875
56624846	560330005002	1	30000	44.7259553	-106.9907388
56624847	560330005002	1	120300	44.7262764	-106.9628944
56624848	560330005002	1	57000	44.7315929	-106.9472746
56624849	560330005002	1	62200	44.7061628	-106.9468355
56624850	560330005002	1	105300	44.7324030	-106.9466050
56624851	560330005002	9	30400	44.7318533	-106.9461798
56624852	560330005002	1	100000	44.7317559	-106.9461410
56624853	560330005002	1	42000	44.7385546	-106.9720285
56624854	560330005002	1	26000	44.7279519	-106.9655785
56624855	560330005002	1	23900	44.7321180	-106.9768506
56624856	560330005002	1	16400	44.7313556	-106.9473907
56624857	560330005002	1	138000	44.7319372	-106.9472107
56624858	560330005002	8	31000	44.7319602	-106.9472500
56624859	560330005002	1	39000	44.7314552	-106.9472985
56624860	560330005002	5	77000	44.7317162	-106.9474318
56624861	560330005002	1	47210	44.7317782	-106.9470257
56624862	560330005002	9	38400	44.7314956	-106.9470562
56624863	560330005002	1	17100	44.7315429	-106.9470540
56624864	560330005002	1	115800	44.7317183	-106.9458212
56624865	560330005002	8	42000	44.7328307	-106.9478710
56624866	560330005002	1	26360	44.7318560	-106.9477027
56624867	560330005002	1	18000	44.7318507	-106.9477989
56624868	560330005002	1	27700	44.7321213	-106.9471348
56624869	560330005002	1	55000	44.7315486	-106.9468897
56624870	560330005002	1	64400	44.7314852	-106.9478408
56624871	560330005002	1	27800	44.7313079	-106.9476822
56624872	560330005002	1	41000	44.7321030	-106.9470965
56624873	560330005002	1	65000	44.7325492	-106.9479415
56624874	560330005002	1	113000	44.7321988	-106.9473352
56624875	560330005002	1	115000	44.7319621	-106.9473431
56624876	560330005002	1	100000	44.7314581	-106.9476450
56624877	560330005002	1	28600	44.7321844	-106.9481157
56624878	560330005002	1	79000	44.7325010	-106.9474628
56624879	560330005002	1	19000	44.7324766	-106.9476585
56624880	560330005002	1	33000	44.7316716	-106.9462022
56624881	560330005002	1	116500	44.7330103	-106.9472909
56624882	560330005002	1	23000	44.7321562	-106.9475962
56624883	560330005002	1	354000	44.7322445	-106.9469610
56624884	560330005002	1	57780	44.7329087	-106.9472263
56624885	560330005002	1	30600	44.7324469	-106.9473538
56624886	560330005002	1	50600	44.7327412	-106.9474680
56624887	560330005002	1	115000	44.7324645	-106.9479445
56624888	560330005002	1	175000	44.7321083	-106.9467540
56624889	560330005002	1	101000	44.7325381	-106.9473234
56624890	560330005002	1	55000	44.7324209	-106.9480552
56624891	560330005002	1	30000	44.7325137	-106.9471761
56624892	560330005002	1	32000	44.7321726	-106.9459691
56624893	560330005002	1	28400	44.7323635	-106.9475319
56624894	560330005002	1	98000	44.7322007	-106.9457404
56624895	560330005002	8	24000	44.7250659	-106.9648791
56624896	560330005002	1	41900	44.7344914	-106.9480795
56624897	560330005002	1	89700	44.7372245	-106.9460926
56624898	560330005002	1	73400	44.7101433	-106.9498833
56624899	560330005002	1	88000	44.7315560	-106.9457864
56624900	560330005002	1	34700	44.7321124	-106.9460395
56624901	560330005002	9	48500	44.7314277	-106.9460805
56624902	560330005002	1	55000	44.7315907	-106.9460392
56624903	560330005002	1	115000	44.7321377	-106.9460236
56624904	560330005002	1	83000	44.7321414	-106.9465121
56624905	560330005002	1	70000	44.7363406	-106.9451222
56624906	560330005002	1	31000	44.7316133	-106.9464008
56624907	560330005002	1	59500	44.7314063	-106.9464478
56624908	560330005002	1	80000	44.7315859	-106.9463501
56624909	560330005002	1	30200	44.7093871	-106.9485188
56624910	560330005002	1	42000	44.7088580	-106.9506083
56624911	560330005002	1	30400	44.7097457	-106.9486477
56624912	560330005002	1	50600	44.7384909	-106.9733604
56624913	560330005002	1	25000	44.7378435	-106.9675364
56624914	560330005002	5	25000	44.7285514	-106.9836346
56624915	560330005002	1	53000	44.7203272	-106.9491888
56624916	560330005002	1	115020	44.7262962	-106.9928218
56624917	560330005002	1	25000	44.7103138	-106.9715448
56624918	560330005002	1	52000	44.7133037	-106.9516489
56624919	560330005002	1	30400	44.7108663	-106.9479779
56624920	560330005002	1	20000	44.7158403	-106.9655512
56624921	560330005002	1	58490	44.7160073	-106.9609170
56624922	560330005002	1	40400	44.7084579	-106.9489923
56624923	560330005002	8	38500	44.7076012	-106.9501057
56624924	560330005002	1	74000	44.7355276	-106.9466410
56624925	560330005002	1	96900	44.7135869	-106.9709639
56624926	560330005002	1	27800	44.7298328	-106.9696886
56624927	560330005002	1	102600	44.7321132	-106.9831877
56624928	560330005002	1	80600	44.7267062	-106.9877703
56624929	560330005002	1	94300	44.7054908	-106.9454320
56624930	560330005002	1	30000	44.7302223	-106.9513020
56624931	560330005002	3	98300	44.7293250	-106.9505221
56624932	560330005002	1	37000	44.7078288	-106.9470488
56624933	560330005002	1	239000	44.7270903	-106.9849346
56624934	560330005002	1	58490	44.7314132	-106.9502232
56624935	560330005002	8	237800	44.7282004	-106.9684723
56624936	560330005002	1	47000	44.7319255	-106.9708363
56624937	560330005002	1	35150	44.7240673	-106.9576056
56624938	560330005002	1	97000	44.7374987	-106.9706366
56624939	560330005002	1	106000	44.7270711	-106.9858019
56624940	560330005002	1	122000	44.7318196	-106.9717557
56624941	560330005002	1	32000	44.7332206	-106.9730643
56624942	560330005002	1	102800	44.7390317	-106.9756928
56624943	560330005002	8	42000	44.7311642	-106.9768423
56624944	560330005002	1	116000	44.7279651	-106.9667987
56624945	560330005002	1	27500	44.7273313	-106.9732431
56624946	560330005002	1	42000	44.7323040	-106.9742609
56624947	560330005002	1	82000	44.7328331	-106.9742931
56624948	560330005002	1	24000	44.7274491	-106.9833858
56624949	560330005002	1	42800	44.7208021	-106.9606708
56624950	560330005002	1	100000	44.7141100	-106.9712575
56624951	560330005002	1	26800	44.7151589	-106.9492667
56624952	560330005002	1	15100	44.7335290	-106.9832515
56624953	560330005002	1	42300	44.7162378	-106.9544048
56624954	560330005002	1	103000	44.7322907	-106.9693060
56624955	560330005002	1	21400	44.7194681	-106.9662195
56624956	560330005002	1	24800	44.7123826	-106.9702859
56624957	560330005002	1	78400	44.7262744	-106.9770719
56624958	560330005002	1	20250	44.7253685	-106.9772588
56624959	560330005002	1	100000	44.7297107	-106.9637328
56624960	560330005002	1	140750	44.7265469	-106.9638864
56624961	560330005002	1	110000	44.7328745	-106.9648958
56624962	560330005002	1	29500	44.7167934	-106.9515457
56624963	560330005002	1	35000	44.7244345	-106.9668073
56624964	560330005002	1	94000	44.7123852	-106.9705007
56624965	560330005002	1	93200	44.7332403	-106.9663302
56624966	560330005002	1	27000	44.7303748	-106.9755745
56624967	560330005002	1	120000	44.7297737	-106.9755741
56624968	560330005002	1	122000	44.7287019	-106.9805642
56624969	560330005002	1	87560	44.7332565	-106.9644698
56624970	560330005002	8	34530	44.7375322	-106.9615434
56624971	560330005002	1	27000	44.7204048	-106.9880854
56624972	560330005002	1	122300	44.7281654	-106.9743247
56624973	560330005002	1	99100	44.7317586	-106.9662123
56624974	560330005002	1	288600	44.7321583	-106.9650697
56624975	560330005002	1	72000	44.7321349	-106.9636108
56624976	560330005002	1	52320	44.7267387	-106.9634871
56624977	560330005002	1	90400	44.7248716	-106.9645221
56624978	560330005002	1	25000	44.7116107	-106.9707612
56624979	560330005002	8	18000	44.7147829	-106.9732467
56624980	560330005002	1	43400	44.7254863	-106.9571543
56624981	560330005002	1	23130	44.7172357	-106.9675810
56624982	560330005002	1	132000	44.7170329	-106.9520651
56624983	560330005002	9	27000	44.7298128	-106.9526041
56624984	560330005002	3	98300	44.7320624	-106.9781242
56624985	560330005002	1	110000	44.7255681	-106.9658962
56624986	560330005002	1	35300	44.7286310	-106.9870009
56624987	560330005002	1	81000	44.7255372	-106.9645757
56624988	560330005002	1	34000	44.7279615	-106.9630116
56624989	560330005002	3	30600	44.7277719	-106.9652968
56624990	560330005002	1	51300	44.7276526	-106.9646108
56624991	560330005002	1	98000	44.7316026	-106.9691504
56624992	560330005002	1	45860	44.7248766	-106.9787143
56624993	560330005002	1	32100	44.7262076	-106.9663167
56624994	560330005002	1	84000	44.7173572	-106.9619294
56624995	560330005002	8	31000	44.7265302	-106.9662357
56624996	560330005002	1	116000	44.7165818	-106.9611556
56624997	560330005002	1	60000	44.7274465	-106.9758220
56624998	560330005002	8	52000	44.7289511	-106.9870997
56624999	560330005002	9	30400	44.7260926	-106.9899690
56625000	560330005002	1	99100	44.7179757	-106.9574047
56625001	560330005002	1	94900	44.7255240	-106.9665839
56625002	560330005002	1	42300	44.7269665	-106.9685363
56625003	560330005002	1	34004	44.7254843	-106.9681001
56625004	560330005002	1	53800	44.7263217	-106.9688395
56625005	560330005002	1	33400	44.7270272	-106.9672063
56625006	560330005002	3	30600	44.7295305	-106.9807159
56625007	560330005002	1	66700	44.7251921	-106.9689256
56625008	560330005002	8	34530	44.7194077	-106.9636095
56625009	560330005002	1	260100	44.7286566	-106.9638550
56625010	560330005002	1	25200	44.7245166	-106.9754061
56625011	560330005002	1	36400	44.7283382	-106.9648651
56625012	560330005002	1	42500	44.7470949	-106.9462001
56625013	560330005002	1	71500	44.7244635	-106.9769279
56625014	560330005002	1	42000	44.7379573	-106.9620975
56625015	560330005002	1	28600	44.7270723	-106.9712176
56625016	560330005002	1	82300	44.7259356	-106.9711901
56625017	560330005002	1	92700	44.7327482	-106.9677920
56625018	560330005002	1	106900	44.7249245	-106.9703339
56625019	560330005002	5	25000	44.7264321	-106.9781977
56625020	560330005002	1	18000	44.7271250	-106.9694951
56625021	560330005002	1	32000	44.7263983	-106.9694838
56625022	560330005002	1	81000	44.7258507	-106.9788173
56625023	560330005002	1	45000	44.7377983	-106.9658745
56625024	560330005002	1	41500	44.7303613	-106.9669754
56625025	560330005002	1	35400	44.7273658	-106.9768612
56625026	560330005002	1	26360	44.7290785	-106.9656016
56625027	560330005002	1	31200	44.7295092	-106.9644920
56625028	560330005002	1	174000	44.7142005	-106.9700464
56625029	560330005002	8	24000	44.7302711	-106.9634135
56625030	560330005002	1	14900	44.7299286	-106.9668257
56625031	560330005002	1	18000	44.7300432	-106.9646632
56625032	560330005002	1	130000	44.7301549	-106.9694596
56625033	560330005002	1	166000	44.7391030	-106.9736806
56625034	560330005002	8	24000	44.7202269	-106.9595051
56625035	560330005002	3	28500	44.7290762	-106.9763659
56625036	560330005002	1	30100	44.7287957	-106.9674857
56625037	560330005002	1	49550	44.7325066	-106.9764814
56625038	560330005002	1	19300	44.7332268	-106.9843446
56625039	560330005002	1	37800	44.7373130	-106.9653325
56625040	560330005002	1	79000	44.7199467	-106.9496933
56625041	560330005002	1	268000	44.7312911	-106.9635777
56625042	560330005002	1	17040	44.7288983	-106.9691503
56625043	560330005002	1	33940	44.7247416	-106.9726689
56625044	560330005002	1	30000	44.7252186	-106.9712334
56625045	560330005002	8	24000	44.7362240	-106.9584577
56625046	560330005002	1	103300	44.7308465	-106.9657876
56625047	560330005002	9	75000	44.7135470	-106.9574855
56625048	560330005002	1	335000	44.7272417	-106.9717949
56625049	560330005002	1	30480	44.7260992	-106.9730151
56625050	560330005002	1	17000	44.7181529	-106.9802064
56625051	560330005002	1	41060	44.7259896	-106.9717452
56625052	560330005002	1	107100	44.7311364	-106.9650131
56625053	560330005002	1	22600	44.7263740	-106.9734039
56625054	560330005002	1	20200	44.7180003	-106.9637428
56625055	560330005002	1	32800	44.7377742	-106.9668532
56625056	560330005002	1	28200	44.7312293	-106.9681892
56625057	560330005002	1	161000	44.7141979	-106.9730562
56625058	560330005002	1	28600	44.7160543	-106.9512195
56625059	560330005002	1	88000	44.7154222	-106.9740283
56625060	560330005002	1	52300	44.7310688	-106.9685017
56625061	560330005002	1	40750	44.7169863	-106.9568393
56625062	560330005002	1	40200	44.7127068	-106.9576332
56625063	560330005002	1	83200	44.7117820	-106.9728668
56625064	560330005002	1	38001	44.7296760	-106.9789758
56625065	560330005002	1	115000	44.7321730	-106.9681327
56625066	560330005002	3	28500	44.7313822	-106.9776362
56625067	560330005002	1	66400	44.7420691	-106.9914193
56625068	560330005002	1	26500	44.7176454	-106.9574561
56625069	560330005002	8	40000	44.7184550	-106.9596563
56625070	560330005002	1	55700	44.7287318	-106.9765403
56625071	560330005002	1	117600	44.7254456	-106.9760344
56625072	560330005002	8	38500	44.7263387	-106.9756290
56625073	560330005002	8	30200	44.7309223	-106.9702374
56625074	560330005002	1	33000	44.7268774	-106.9742002
56625075	560330005002	1	111000	44.7254638	-106.9743020
56625076	560330005002	1	174000	44.7248680	-106.9742101
56625077	560330005002	9	22004	44.7179947	-106.9660531
56625078	560330005002	9	109400	44.7164289	-106.9496871
56625079	560330005002	1	107100	44.7335421	-106.9824099
56625080	560330005002	3	72000	44.7333383	-106.9813384
56625081	560330005002	1	92500	44.7271824	-106.9751535
56625082	560330005002	1	133100	44.7269274	-106.9840215
56625083	560330005002	1	26500	44.7198262	-106.9607621
56625084	560330005002	1	105530	44.7300407	-106.9769619
56625085	560330005002	1	156000	44.7283577	-106.9787974
56625086	560330005002	1	239000	44.7186562	-106.9604283
56625087	560330005002	1	102000	44.7171671	-106.9608916
56625088	560330005002	1	105000	44.7222005	-106.9596854
56625089	560330005002	1	51000	44.7182470	-106.9602911
56625090	560330005002	1	27000	44.7327133	-106.9852520
56625091	560330005002	9	65600	44.7178018	-106.9586850
56625092	560330005002	8	30000	44.7268178	-106.9791140
56625093	560330005002	1	16000	44.7294627	-106.9738657
56625094	560330005002	1	134400	44.7250667	-106.9865621
56625095	560330005002	1	124000	44.7166283	-106.9497348
56625096	560330005002	1	83900	44.7167693	-106.9583931
56625097	560330005002	9	94000	44.7243488	-106.9888645
56625098	560330005002	1	30000	44.7285086	-106.9446233
56625099	560330005002	1	27000	44.7258736	-106.9543584
56625100	560330005002	1	69000	44.7292557	-106.9437510
56625101	560330005002	1	112600	44.7261271	-106.9541347
56625102	560330005002	1	57400	44.7323935	-106.9466454
56625103	560330005002	1	30000	44.7465959	-106.9469438
56625104	560330005002	1	184000	44.7327617	-106.9462536
56625105	560330005002	9	70140	44.7324222	-106.9465105
56625106	560330005002	1	118100	44.7330938	-106.9460802
56625107	560330005002	8	77100	44.7278157	-106.9476272
56625108	560330005002	1	27000	44.7324310	-106.9459385
56625109	560330005002	1	38500	44.7325020	-106.9466876
56625110	560330005002	3	98300	44.7329864	-106.9463554
56625111	560330005002	1	111000	44.7329384	-106.9468546
56625112	560330005002	1	30400	44.7326746	-106.9461636
56625113	560330005002	1	122000	44.7326053	-106.9469559
56625114	560330005002	8	24000	44.7327074	-106.9460470
56625115	560330005002	1	98600	44.7283176	-106.9478382
56625116	560330005002	1	24000	44.7307846	-106.9742802
56625117	560330005002	3	28500	44.7325121	-106.9459064
56625118	560330005002	1	38000	44.7407623	-106.9471027
56625119	560330005002	1	87560	44.7278282	-106.9483265
56625120	560330005002	1	36600	44.7299738	-106.9736498
56625121	560330005002	1	106700	44.7300238	-106.9740965
56625122	560330005002	1	24800	44.7227113	-106.9586617
56625123	560330005002	5	25000	44.7292053	-106.9475184
56625124	560330005002	1	95930	44.7299708	-106.9731469
56625125	560330005002	9	108802	44.7283170	-106.9535472
56625126	560330005002	1	104000	44.7256832	-106.9533394
56625127	560330005002	1	83000	44.7261072	-106.9528968
56625128	560330005002	1	91700	44.7358434	-106.9483830
56625129	560330005002	1	80000	44.7286683	-106.9537900
56625130	560330005002	1	109000	44.7357770	-106.9479812
56625131	560330005002	1	30400	44.7287296	-106.9467111
56625132	560330005002	1	224700	44.7291234	-106.9725733
56625133	560330005002	1	24900	44.7297600	-106.9726542
56625134	560330005002	1	56900	44.7285288	-106.9727754
56625135	560330005002	1	18800	44.7259540	-106.9559570
56625136	560330005002	1	81600	44.7257387	-106.9558092
56625137	560330005002	1	25000	44.7226483	-106.9586598
56625138	560330005002	9	15900	44.7283918	-106.9462845
56625139	560330005002	1	20400	44.7287185	-106.9735358
56625140	560330005002	1	43200	44.7289684	-106.9735408
56625141	560330005002	1	27800	44.7302410	-106.9722833
56625142	560330005002	1	124000	44.7281846	-106.9466486
56625143	560330005002	1	22400	44.7309403	-106.9722878
56625144	560330005002	1	76000	44.7212649	-106.9596054
56625145	560330005002	1	49000	44.7329771	-106.9721518
56625146	560330005002	8	38500	44.7136231	-106.9705541
56625147	560330005002	1	100400	44.7279922	-106.9713834
56625148	560330005002	1	21100	44.7326329	-106.9718210
56625149	560330005002	8	30000	44.7452745	-106.9468309
56625150	560330005002	1	131500	44.7137940	-106.9681166
56625151	560330005002	8	38500	44.7320745	-106.9717304
56625152	560330005002	1	109000	44.7137745	-106.9680799
56625153	560330005002	9	117000	44.7216268	-106.9396510
56625154	560330005002	1	24400	44.7286569	-106.9707569
56625155	560330005002	1	56004	44.7276550	-106.9709439
56625156	560330005002	7	126000	44.7285258	-106.9712334
56625157	560330005002	1	186000	44.7210210	-106.9397636
56625158	560330005002	1	56800	44.7278682	-106.9727038
56625159	560330005002	1	94300	44.7279878	-106.9723059
56625160	560330005002	1	18000	44.7246461	-106.9567008
56625161	560330005002	1	136600	44.7293030	-106.9713793
56625162	560330005002	7	120340	44.7126571	-106.9525307
56625163	560330005002	1	45000	44.7134115	-106.9700106
56625164	560330005002	8	30000	44.7122220	-106.9513342
56625165	560330005002	1	39500	44.7293524	-106.9710464
56625166	560330005002	1	72000	44.7278254	-106.9449574
56625167	560330005002	1	131000	44.7279151	-106.9454621
56625168	560330005002	1	28000	44.7242010	-106.9568276
56625169	560330005002	1	38300	44.7122596	-106.9566152
56625170	560330005002	8	24000	44.7233002	-106.9577860
56625171	560330005002	1	102400	44.7235547	-106.9577291
56625172	560330005002	1	33100	44.7253829	-106.9627452
56625173	560330005002	7	120340	44.7122793	-106.9574172
56625174	560330005002	1	47500	44.7250156	-106.9623728
56625175	560330005002	1	115000	44.7158974	-106.9582948
56625176	560330005002	1	88300	44.7276345	-106.9546707
56625177	560330005002	1	36000	44.7287418	-106.9459069
56625178	560330005002	1	117000	44.7330030	-106.9718727
56625179	560330005002	1	125000	44.7185171	-106.9615809
56625180	560330005002	1	82600	44.7163984	-106.9486574
56625181	560330005002	1	201800	44.7323942	-106.9500180
56625182	560330005002	1	94500	44.7291742	-106.9449177
56625183	560330005002	1	117000	44.7152353	-106.9591931
56625184	560330005002	1	32000	44.7287641	-106.9792533
56625185	560330005002	1	27400	44.7309526	-106.9736372
56625186	560330005002	1	28600	44.7324797	-106.9862331
56625187	560330005002	1	42500	44.7180149	-106.9668867
56625188	560330005002	1	30100	44.7294412	-106.9776794
56625189	560330005002	1	82000	44.7281706	-106.9776054
56625190	560330005002	1	77400	44.7164873	-106.9575630
56625191	560330005002	1	69000	44.7119200	-106.9546169
56625192	560330005002	1	71200	44.7217555	-106.9557929
56625193	560330005002	8	51000	44.7209615	-106.9439053
56625194	560330005002	3	63000	44.7275162	-106.9443396
56625195	560330005002	1	29150	44.7125580	-106.9496344
56625196	560330005002	1	178800	44.7350837	-106.9478760
56625197	560330005002	1	71900	44.7334356	-106.9623906
56625198	560330005002	1	20100	44.7185742	-106.9494884
56625199	560330005002	1	23600	44.7108811	-106.9712991
56625200	560330005002	1	67500	44.7198172	-106.9485608
56625201	560330005002	1	65000	44.7273468	-106.9423914
56625202	560330005002	1	24000	44.7266525	-106.9456775
56625203	560330005002	1	43000	44.7280656	-106.9424652
56625204	560330005002	8	24000	44.7315498	-106.9506396
56625205	560330005002	1	86000	44.7121958	-106.9507559
56625206	560330005002	1	100400	44.7266587	-106.9535904
56625207	560330005002	1	58000	44.7068109	-106.9464631
56625208	560330005002	1	42000	44.7287129	-106.9493490
56625209	560330005002	1	103300	44.7283951	-106.9523991
56625210	560330005002	1	32000	44.7261678	-106.9542989
56625211	560330005002	1	61700	44.7275340	-106.9533331
56625212	560330005002	1	150200	44.7285310	-106.9692794
56625213	560330005002	1	36000	44.7263482	-106.9436146
56625214	560330005002	1	60000	44.7079679	-106.9455966
56625215	560330005002	1	97200	44.7308895	-106.9733661
56625216	560330005002	1	153800	44.7324914	-106.9710740
56625217	560330005002	1	30600	44.7275715	-106.9450948
56625218	560330005002	1	81490	44.7290663	-106.9484683
56625219	560330005002	1	33400	44.7215863	-106.9415241
56625220	560330005002	8	37600	44.7105822	-106.9549140
56625221	560330005002	1	69200	44.7282648	-106.9488516
56625222	560330005002	1	78000	44.7377449	-106.9634627
56625223	560330005002	1	86900	44.7106248	-106.9461224
56625224	560330005002	1	39700	44.7268413	-106.9495274
56625225	560330005002	3	102000	44.7287902	-106.9502413
56625226	560330005002	1	64600	44.7272097	-106.9486215
56625227	560330005002	1	66000	44.7156028	-106.9578197
56625228	560330005002	1	25200	44.7363958	-106.9465595
56625229	560330005002	1	70000	44.7288215	-106.9852474
56625230	560330005002	1	105000	44.7225699	-106.9458967
56625231	560330005002	1	70900	44.7239143	-106.9489092
56625232	560330005002	8	20000	44.7217794	-106.9459868
56625233	560330005002	1	97000	44.7236201	-106.9484239
56625234	560330005002	1	65000	44.7244634	-106.9467633
56625235	560330005002	1	105000	44.7196127	-106.9443716
56625236	560330005002	1	37000	44.7207282	-106.9562233
56625237	560330005002	1	24100	44.7250656	-106.9483132
56625238	560330005002	1	40100	44.7212963	-106.9549798
56625239	560330005002	8	38500	44.7237560	-106.9625047
56625240	560330005002	8	24000	44.7266404	-106.9424224
56625241	560330005002	1	42000	44.7069377	-106.9467764
56625242	560330005002	1	239000	44.7227213	-106.9578306
56625243	560330005002	1	285000	44.7210467	-106.9430713
56625244	560330005002	8	38500	44.7227458	-106.9560562
56625245	560330005002	1	99000	44.7216520	-106.9624502
56625246	560330005002	1	127000	44.7203402	-106.9562856
56625247	560330005002	1	91900	44.7253534	-106.9471823
56625248	560330005002	1	78000	44.7195972	-106.9425008
56625249	560330005002	1	116000	44.7132038	-106.9556440
56625250	560330005002	1	61800	44.7093959	-106.9474743
56625251	560330005002	1	33940	44.7117298	-106.9466650
56625252	560330005002	1	32000	44.7163456	-106.9560109
56625253	560330005002	1	40000	44.7202908	-106.9592923
56625254	560330005002	1	26000	44.7237420	-106.9464147
56625255	560330005002	1	30000	44.7201693	-106.9539861
56625256	560330005002	1	194000	44.7197951	-106.9460380
56625257	560330005002	3	98300	44.7201198	-106.9448836
56625258	560330005002	1	27000	44.7215683	-106.9583924
56625259	560330005002	1	21000	44.7210484	-106.9589731
56625260	560330005002	1	27000	44.7234051	-106.9563501
56625261	560330005002	8	148800	44.7127245	-106.9550057
56625262	560330005002	9	44920	44.7205160	-106.9568387
56625263	560330005002	1	30000	44.7218091	-106.9577519
56625264	560330005002	1	32000	44.7203265	-106.9425749
56625265	560330005002	1	30600	44.7220894	-106.9547325
56625266	560330005002	1	47500	44.7243631	-106.9534863
56625267	560330005002	1	112600	44.7229779	-106.9532134
56625268	560330005002	1	33800	44.7198727	-106.9578116
56625269	560330005002	1	78400	44.7248617	-106.9539703
56625270	560330005002	1	92000	44.7231118	-106.9546213
56625271	560330005002	8	24000	44.7240915	-106.9552784
56625272	560330005002	1	96000	44.7182758	-106.9552213
56625273	560330005002	1	25900	44.7246317	-106.9554237
56625274	560330005002	1	131500	44.7225415	-106.9537250
56625275	560330005002	1	114100	44.7196023	-106.9565928
56625276	560330005002	1	24000	44.7188379	-106.9552594
56625277	560330005002	1	85030	44.7211457	-106.9539583
56625278	560330005002	1	29000	44.7199810	-106.9538066
56625279	560330005002	8	38500	44.7180638	-106.9538348
56625280	560330005002	1	109000	44.7114984	-106.9519964
56625281	560330005002	1	26100	44.7114080	-106.9525872
56625282	560330005002	1	162000	44.7238861	-106.9528275
56625283	560330005002	1	80000	44.7326876	-106.9731203
56625284	560330005002	1	44500	44.7248435	-106.9509250
56625285	560330005002	1	29500	44.7247159	-106.9525081
56625286	560330005002	1	99000	44.7230210	-106.9623607
56625287	560330005002	8	38500	44.7283272	-106.9692485
56625288	560330005002	1	123800	44.7218162	-106.9519649
56625289	560330005002	8	77100	44.7243791	-106.9518934
56625290	560330005002	1	122000	44.7195068	-106.9533707
56625291	560330005002	3	54000	44.7192097	-106.9538724
56625292	560330005002	8	27600	44.7227278	-106.9489199
56625293	560330005002	1	32000	44.7234663	-106.9512163
56625294	560330005002	1	35600	44.7213709	-106.9478121
56625295	560330005002	1	36000	44.7195720	-106.9518126
56625296	560330005002	9	27000	44.7180621	-106.9519176
56625297	560330005002	1	25200	44.7208497	-106.9482575
56625298	560330005002	1	30000	44.7201020	-106.9508724
56625299	560330005002	1	168400	44.7196635	-106.9508828
56625300	560330005002	1	62200	44.7190592	-106.9519508
56625301	560330005002	1	40000	44.7185574	-106.9498627
56625302	560330005002	1	55020	44.7144780	-106.9560417
56625303	560330005002	1	54200	44.7100763	-106.9710239
56625304	560330005002	1	32200	44.7225344	-106.9495749
56625305	560330005002	1	81200	44.7225114	-106.9629659
56625306	560330005002	1	208790	44.7241110	-106.9479644
56625307	560330005002	1	47200	44.7214662	-106.9498470
56625308	560330005002	8	53000	44.7236128	-106.9467792
56625309	560330005002	8	34530	44.7202424	-106.9617938
56625310	560330005002	1	25100	44.7152282	-106.9558154
56625311	560330005002	1	54350	44.7192414	-106.9410592
56625312	560330005002	1	28300	44.7229335	-106.9478367
56625313	560330005002	1	28250	44.7216907	-106.9465176
56625314	560330005002	1	20800	44.7208835	-106.9456864
56625315	560330005002	8	48000	44.7201333	-106.9420395
56625316	560330005002	1	85000	44.7205310	-106.9473232
56625317	560330005002	1	77400	44.7105876	-106.9514050
56625318	560330005002	1	34000	44.7278483	-106.9849377
56625319	560330005002	1	22400	44.7098100	-106.9718423
56625320	560330005002	1	41000	44.7120341	-106.9536502
56625321	560330005002	1	178800	44.7309009	-106.9711840
56625322	560330005002	1	51000	44.7118999	-106.9477139
56625323	560330005002	1	53500	44.7099928	-106.9533523
56625324	560330005002	1	48000	44.7108341	-106.9539136
56625325	560330005002	1	64800	44.7102670	-106.9544939
56625326	560330005002	1	74300	44.7111268	-106.9550517
56625327	560330005002	1	55000	44.7116696	-106.9699476
56625328	560330005002	1	25000	44.7117818	-106.9554406
56625329	560330005002	1	37800	44.7098469	-106.9477246
56625330	560330005003	1	8500	44.5625275	-106.8905004
56625331	560330005003	1	55020	44.5738628	-106.8921968
56625332	560330005003	1	27500	44.5637298	-106.8920248
56625333	560330005003	1	103120	44.5656269	-106.8800769
56625334	560330005003	1	19300	44.5785109	-106.9088903
56625335	560330005003	1	67700	44.5649909	-106.8799432
56625336	560330005003	1	106100	44.5682307	-106.8776401
56625337	560330005003	1	28300	44.5645362	-106.8813386
56625338	560330005003	1	27000	44.5658060	-106.8807066
56625339	560330005003	1	20400	44.5642763	-106.8829086
56625340	560330005003	1	53700	44.5674352	-106.8805042
56625341	560330005003	1	136900	44.5669273	-106.8818339
56625342	560330005003	1	26360	44.5763920	-106.8878433
56625343	560330005003	1	66400	44.5643374	-106.8857335
56625344	560330005003	1	71200	44.5642015	-106.8819944
56625345	560330005003	1	17200	44.5691044	-106.8788227
56625346	560330005003	1	17400	44.5665942	-106.8806722
56625347	560330005003	1	15900	44.5681438	-106.8784276
56625348	560330005003	1	35000	44.5649540	-106.8839322
56625349	560330005003	1	34400	44.5645569	-106.8912983
56625350	560330005003	1	0	44.5648008	-106.8825614
56625351	560330005003	1	19300	44.5653395	-106.8917833
56625352	560330005003	1	18000	44.5690542	-106.8804286
56625353	560330005003	1	15000	44.5668111	-106.8768166
56625354	560330005003	1	43300	44.5672906	-106.8793565
56625355	560330005003	1	32000	44.5660868	-106.8799991
56625356	560330005003	1	36000	44.5676339	-106.8780594
56625357	560330005003	1	18000	44.5702989	-106.8821092
56625358	560330005003	1	52320	44.5784235	-106.9087355
56625359	560330005003	1	99000	44.5782708	-106.9084035
56625360	560330005003	1	162000	44.5716546	-106.8916647
56625361	560330005003	1	33200	44.5720439	-106.8922270
56625362	560330005003	1	16000	44.5714617	-106.8924237
56625363	560330005003	1	31400	44.5732881	-106.8848752
56625364	560330005003	1	86000	44.5734426	-106.8863449
56625365	560330005003	1	50100	44.5732855	-106.8856158
56625366	560330005003	1	7900	44.5735558	-106.8846628
56625367	560330005003	1	8400	44.5735420	-106.8856846
56625368	560330005003	1	23000	44.5728952	-106.8864023
56625369	560330005003	1	25000	44.5716363	-106.8924214
56625370	560330005003	1	6800	44.5769848	-106.9104526
56625371	560330005003	1	17600	44.5732384	-106.8854643
56625372	560330005003	1	38840	44.5728798	-106.8847024
56625373	560330005003	1	2400	44.5777070	-106.9112102
56625374	560330005003	1	16500	44.5771307	-106.9102989
56625375	560330005003	1	23000	44.5770486	-106.9109653
56625376	560330005003	1	21000	44.5623094	-106.8863577
56625377	560330005003	1	7200	44.5775256	-106.8875389
56625378	560330005003	1	20980	44.5792189	-106.8932959
56625379	560330005003	1	39000	44.5732407	-106.9013552
56625380	560330005003	1	32100	44.5762169	-106.8980956
56625381	560330005003	1	110100	44.5755208	-106.8881040
56625382	560330005003	1	63200	44.5767767	-106.8823445
56625383	560330005003	1	33400	44.5737270	-106.8879244
56625384	560330005003	1	47210	44.5763587	-106.8977537
56625385	560330005003	1	16000	44.5741684	-106.8794222
56625386	560330005003	1	22100	44.5732481	-106.8924986
56625387	560330005003	1	111000	44.5734457	-106.8924469
56625388	560330005003	1	85000	44.5766974	-106.8976275
56625389	560330005003	1	57000	44.5746758	-106.8798241
56625390	560330005003	1	383000	44.5745242	-106.8804384
56625391	560330005003	1	12600	44.5735727	-106.9015320
56625392	560330005003	1	45800	44.5742526	-106.8938415
56625393	560330005003	1	55000	44.5763205	-106.8991144
56625394	560330005003	1	110700	44.5767506	-106.8991794
56625395	560330005003	1	30000	44.5762218	-106.8994987
56625396	560330005003	1	75600	44.5758844	-106.8989722
56625397	560330005003	1	7800	44.5754084	-106.8990147
56625398	560330005003	1	11300	44.5760419	-106.8992274
56625399	560330005003	1	24800	44.5737341	-106.8995278
56625400	560330005003	1	40000	44.5740717	-106.8976854
56625401	560330005003	1	22800	44.5738351	-106.8935892
56625402	560330005003	1	75600	44.5737232	-106.8972849
56625403	560330005003	1	35560	44.5735057	-106.8998597
56625404	560330005003	1	18000	44.5734855	-106.8990751
56625405	560330005003	1	26500	44.5737803	-106.8990977
56625406	560330005003	1	24000	44.5737272	-106.8869691
56625407	560330005003	1	22000	44.5731932	-106.8974880
56625408	560330005003	1	24000	44.5732804	-106.8901787
56625409	560330005003	1	71880	44.5738504	-106.8917936
56625410	560330005003	1	120000	44.5736275	-106.8941875
56625411	560330005003	1	224700	44.5736399	-106.8941126
56625412	560330005003	1	85000	44.5725515	-106.8912023
56625413	560330005003	1	31900	44.5736403	-106.8917740
56625414	560330005003	1	8500	44.5729758	-106.8907227
56625415	560330005003	1	56000	44.5729989	-106.8890449
56625416	560330005003	1	67600	44.5739155	-106.8884889
56625417	560330005003	1	10100	44.5732673	-106.8900634
56625418	560330005003	1	22800	44.5740921	-106.8890217
56625419	560330005003	1	231300	44.5724903	-106.8888146
56625420	560330005003	1	97200	44.5723284	-106.8903972
56625421	560330005003	1	114000	44.5729265	-106.8903865
56625422	560330005003	1	50000	44.5718746	-106.8997884
56625423	560330005003	1	25100	44.5738930	-106.8791428
56625424	560330005003	1	24500	44.5722529	-106.8972905
56625425	560330005003	1	22800	44.5732762	-106.8972471
56625426	560330005003	1	115500	44.5725921	-106.8974432
56625427	560330005003	1	38300	44.5738147	-106.8786224
56625428	560330005003	1	7200	44.5746378	-106.8909651
56625429	560330005003	1	20000	44.5745973	-106.8917504
56625430	560330005003	1	39000	44.5717479	-106.8993715
56625431	560330005003	1	48000	44.5728710	-106.9002223
56625432	560330005003	1	43100	44.5729332	-106.8984750
56625433	560330005003	1	51000	44.5725733	-106.8982785
56625434	560330005003	1	9600	44.5723504	-106.8992148
56625435	560330005003	1	28800	44.5727306	-106.8997674
56625436	560330005003	1	54000	44.5723124	-106.8985279
56625437	560330005003	1	55700	44.5771397	-106.8829521
56625438	560330005003	1	30500	44.5727696	-106.8942804
56625439	560330005003	1	354000	44.5745279	-106.8903451
56625440	560330005003	1	24100	44.5774747	-106.8869784
56625441	560330005003	1	86000	44.5777542	-106.9251163
56625442	560330005003	1	8060	44.5731402	-106.8876403
56625443	560330005003	1	83300	44.5727054	-106.8866844
56625444	560330005003	1	4720	44.5779987	-106.9261255
56625445	560330005003	1	8000	44.5783594	-106.9246318
56625446	560330005003	1	67600	44.5783110	-106.9258705
56625447	560330005003	1	63400	44.5744079	-106.8890260
56625448	560330005003	1	71500	44.5781324	-106.9027169
56625449	560330005003	1	52000	44.5777300	-106.8866875
56625450	560330005003	1	24000	44.5779647	-106.9014949
56625451	560330005003	1	119920	44.5742300	-106.8890028
56625452	560330005003	1	80000	44.5778129	-106.9013610
56625453	560330005003	1	21500	44.5785912	-106.9009780
56625454	560330005003	1	102600	44.5758351	-106.9007794
56625455	560330005003	1	97000	44.5721166	-106.9015164
56625456	560330005003	1	78000	44.5728225	-106.9009674
56625457	560330005003	1	22000	44.5746694	-106.8900056
56625458	560330005003	1	370	44.5727940	-106.9016717
56625459	560330005003	1	185700	44.5714069	-106.9010870
56625460	560330005003	1	53200	44.5727405	-106.9021531
56625461	560330005003	1	21400	44.5727656	-106.9026737
56625462	560330005003	1	69900	44.5755438	-106.9003937
56625463	560330005003	1	40000	44.5745595	-106.9020174
56625464	560330005003	1	225000	44.6617927	-106.8992411
56625465	560330005003	1	21500	44.6614394	-106.8990815
56625466	560330005003	1	32000	44.5759745	-106.9009467
56625467	560330005003	1	69000	44.5742294	-106.9021024
56625468	560330005003	1	354000	44.5764443	-106.9003480
56625469	560330005003	1	42700	44.5771814	-106.8995579
56625470	560330005003	1	21960	44.5743504	-106.8881495
56625471	560330005003	1	118000	44.5788803	-106.9268778
56625472	560330005003	1	54200	44.5722103	-106.8945016
56625473	560330005003	1	24800	44.5721973	-106.8935740
56625474	560330005003	1	59200	44.5721315	-106.8948323
56625475	560330005003	1	27400	44.5784948	-106.9267623
56625476	560330005003	1	178800	44.5725368	-106.8779673
56625477	560330005003	1	125000	44.5726699	-106.8778210
56625478	560330005003	1	16500	44.5745121	-106.8881152
56625479	560330005003	1	63000	44.5728658	-106.8952758
56625480	560330005003	1	18000	44.5755080	-106.9023225
56625481	560330005003	1	111000	44.5750782	-106.9022125
56625482	560330005003	1	54300	44.5720039	-106.8954564
56625483	560330005003	1	8000	44.5736329	-106.8952008
56625484	560330005003	1	30500	44.5723264	-106.8959870
56625485	560330005003	1	7804	44.5777707	-106.9000627
56625486	560330005003	1	42800	44.5712694	-106.9028264
56625487	560330005003	1	33400	44.5764839	-106.8837532
56625488	560330005003	1	115000	44.5776330	-106.8859762
56625489	560330005003	1	46000	44.5777619	-106.8858359
56625490	560330005003	1	24400	44.5766889	-106.8849081
56625491	560330005003	1	53000	44.5769802	-106.8835958
56625492	560330005003	1	70400	44.5770864	-106.8858221
56625493	560330005003	1	252600	44.5751623	-106.8808060
56625494	560330005003	1	22700	44.5734921	-106.8965844
56625495	560330005003	1	9500	44.5713520	-106.9029485
56625496	560330005003	1	16400	44.5727781	-106.8959821
56625497	560330005003	1	68000	44.5755404	-106.8817293
56625498	560330005003	1	130000	44.5776335	-106.8986915
56625499	560330005003	1	106000	44.5777787	-106.8978426
56625500	560330005003	1	13530	44.5671217	-106.8756889
56625501	560330005003	1	20200	44.5763408	-106.8958609
56625502	560330005003	1	20000	44.5765198	-106.9025096
56625503	560330005003	1	2400	44.5730860	-106.9049620
56625504	560330005003	1	91100	44.5791825	-106.9241274
56625505	560330005003	1	24000	44.5725335	-106.8917357
56625506	560330005003	1	225000	44.5765251	-106.8823995
56625507	560330005003	1	16100	44.5764213	-106.8824822
56625508	560330005003	1	15100	44.5724724	-106.8920366
56625509	560330005003	1	111000	44.5718020	-106.8931464
56625510	560330005003	1	46700	44.5718861	-106.8936877
56625511	560330005003	1	20000	44.5793723	-106.9242988
56625512	560330005003	1	22500	44.5777265	-106.9027826
56625513	560330005003	1	41280	44.5779123	-106.9238001
56625514	560330005003	1	109000	44.5781808	-106.9239897
56625515	560330005003	1	20800	44.5779509	-106.8881263
56625516	560330005003	1	45234	44.5776954	-106.9035423
56625517	560330005003	1	23130	44.5781697	-106.8875679
56625518	560330005003	1	22400	44.5733387	-106.9050765
56625519	560330005003	1	37900	44.5754862	-106.9034961
56625520	560330005003	1	18600	44.5746427	-106.9033401
56625521	560330005003	1	92700	44.5789090	-106.9224265
56625522	560330005003	1	71000	44.5790757	-106.9220497
56625523	560330005003	1	137100	44.5733356	-106.9023110
56625524	560330005003	1	113000	44.5747586	-106.9030316
56625525	560330005003	1	39000	44.5737408	-106.9026846
56625526	560330005003	1	167200	44.5743298	-106.8866984
56625527	560330005003	1	47800	44.5727966	-106.9055909
56625528	560330005003	1	21710	44.5753532	-106.9027654
56625529	560330005003	1	24000	44.5728004	-106.9057198
56625530	560330005003	1	38001	44.5741325	-106.8859789
56625531	560330005003	1	20800	44.5724540	-106.9042461
56625532	560330005003	1	37700	44.5721439	-106.9041721
56625533	560330005003	1	39000	44.5758740	-106.9024075
56625534	560330005003	1	16800	44.5713911	-106.9033605
56625535	560330005003	1	17900	44.5688072	-106.9085673
56625536	560330005003	1	4290	44.5752851	-106.8865883
56625537	560330005003	1	5050	44.5735355	-106.9036220
56625538	560330005003	1	65720	44.5737655	-106.9038368
56625539	560330005003	1	95000	44.5696962	-106.9088435
56625540	560330005003	1	23000	44.5752479	-106.8861067
56625541	560330005003	1	65604	44.5694856	-106.9080893
56625542	560330005003	1	31000	44.5750544	-106.8850615
56625543	560330005003	1	21600	44.5744037	-106.8853900
56625544	560330005003	1	80000	44.5683283	-106.9083779
56625545	560330005003	1	58000	44.5740605	-106.8846193
56625546	560330005003	1	103650	44.5746301	-106.8856878
56625547	560330005003	1	29200	44.5760803	-106.8809764
56625548	560330005003	1	32100	44.5762230	-106.8821432
56625549	560330005003	1	20800	44.5762461	-106.9034116
56625550	560330005003	1	76000	44.5761681	-106.8961892
56625551	560330005003	1	65100	44.5746223	-106.8967478
56625552	560330005003	1	67200	44.5716177	-106.9032412
56625553	560330005003	1	0	44.5748927	-106.8961742
56625554	560330005003	1	39000	44.5755874	-106.8965557
56625555	560330005003	1	37000	44.5739493	-106.8926997
56625556	560330005003	1	21500	44.5739697	-106.8931248
56625557	560330005003	1	79000	44.5765226	-106.9026616
56625558	560330005003	1	20000	44.5748907	-106.8949739
56625559	560330005003	1	84700	44.5712979	-106.9054456
56625560	560330005003	1	24000	44.5717741	-106.9054438
56625561	560330005003	1	17400	44.5742752	-106.8954816
56625562	560330005003	1	31200	44.5751802	-106.8950508
56625563	560330005003	1	102800	44.5743515	-106.8949743
56625564	560330005003	1	24000	44.5689734	-106.8780122
56625565	560330005003	1	120000	44.5761377	-106.8900469
56625566	560330005003	1	22600	44.5774816	-106.8973944
56625567	560330005003	1	20000	44.5753072	-106.9048943
56625568	560330005003	1	87100	44.5740553	-106.9049460
56625569	560330005003	1	69900	44.5771157	-106.8963092
56625570	560330005003	1	46700	44.5765484	-106.8968227
56625571	560330005003	1	38000	44.5745925	-106.9056920
56625572	560330005003	1	572000	44.5738913	-106.9041658
56625573	560330005003	1	20400	44.5746657	-106.9047455
56625574	560330005003	1	178800	44.5753696	-106.9053029
56625575	560330005003	1	136600	44.5763412	-106.9048079
56625576	560330005003	1	23000	44.5743449	-106.8967925
56625577	560330005003	1	100000	44.5744156	-106.8969758
56625578	560330005003	1	44000	44.5751264	-106.9041849
56625579	560330005003	1	40500	44.5764155	-106.9042837
56625580	560330005003	1	186000	44.5755267	-106.9042449
56625581	560330005003	1	28900	44.5756190	-106.8915121
56625582	560330005003	1	40000	44.5750034	-106.8944197
56625583	560330005003	1	17000	44.5731345	-106.9066802
56625584	560330005003	1	51000	44.5727967	-106.9059259
56625585	560330005003	1	67500	44.5721759	-106.9063110
56625586	560330005003	1	21500	44.5716433	-106.9060405
56625587	560330005003	1	7300	44.5733376	-106.9068029
56625588	560330005003	1	2760	44.5711964	-106.9061527
56625589	560330005003	1	25100	44.5772241	-106.9015871
56625590	560330005003	1	106000	44.5772246	-106.9008844
56625591	560330005003	1	103120	44.5750136	-106.8946470
56625592	560330005003	1	79000	44.5769217	-106.9009964
56625593	560330005003	1	14000	44.5773777	-106.9028784
56625594	560330005003	1	104100	44.5772875	-106.8951421
56625595	560330005003	1	50000	44.5751487	-106.8930687
56625596	560330005003	1	2000	44.5636499	-106.8805039
56625597	560330005003	1	32300	44.5763221	-106.8947895
56625598	560330005003	1	46700	44.5786617	-106.8895970
56625599	560330005003	1	50100	44.5759860	-106.8932575
56625600	560330005003	1	4700	44.5775648	-106.8928746
56625601	560330005003	1	37900	44.5771297	-106.9041640
56625602	560330005003	1	108000	44.5768560	-106.8934515
56625603	560330005003	1	88000	44.5781694	-106.8951083
56625604	560330005003	1	146200	44.5769541	-106.8940304
56625605	560330005003	1	82000	44.5782725	-106.8997000
56625606	560330005003	1	36000	44.5776967	-106.8921293
56625607	560330005003	1	35600	44.5753326	-106.8887018
56625608	560330005003	1	24000	44.5759024	-106.8899987
56625609	560330005003	1	24000	44.5781370	-106.8955984
56625610	560330005003	1	8400	44.5768832	-106.8919049
56625611	560330005003	1	65000	44.5763492	-106.8921647
56625612	560330005003	1	65720	44.5638659	-106.8796286
56625613	560330005003	1	100660	44.5626583	-106.8874600
56625614	560330005003	1	65000	44.5761966	-106.8895899
56625615	560330005003	1	81000	44.5781933	-106.8910045
56625616	560330005003	1	10600	44.5769611	-106.8896074
56625617	560330005003	1	86000	44.5625120	-106.8930239
56625618	560330005003	1	21700	44.5768297	-106.8906453
56625619	560330005003	1	37800	44.5627576	-106.8914088
56625620	560330005003	1	102600	44.5658409	-106.8774034
56625621	560330005003	1	18300	44.5637940	-106.8817923
56625622	560330005003	1	23200	44.5630302	-106.8842788
56625623	560330005003	1	27480	44.5633821	-106.8853593
56625624	560330005003	1	15780	44.5728751	-106.8797997
56625625	560330005003	1	8000	44.5637863	-106.8834082
56625626	560330005003	1	31000	44.5735910	-106.8793135
56625627	560330005003	1	53000	44.5612858	-106.8709668
56625628	560330005003	1	8000	44.5685989	-106.9019018
56625629	560330005003	1	38000	44.5692089	-106.8937919
56625630	560330005003	1	20100	44.5625417	-106.8888471
56625631	560330005003	1	117000	44.5645429	-106.8756400
56625632	560330005003	1	32000	44.5617313	-106.8895332
56625633	560330005003	1	29000	44.5624011	-106.8885669
56625634	560330005003	1	77000	44.5704298	-106.8784622
56625635	560330005003	1	44900	44.5647016	-106.8743368
56625636	560330005003	1	45200	44.5660443	-106.8780035
56625637	560330005003	1	58800	44.5660384	-106.8760967
56625638	560330005003	1	42100	44.5634169	-106.8785849
56625639	560330005003	1	87100	44.5626674	-106.8860088
56625640	560330005003	1	18000	44.5647682	-106.8775825
56625641	560330005003	1	24800	44.5624349	-106.8842910
56625642	560330005003	1	78700	44.5634263	-106.8772825
56625643	560330005003	1	32000	44.5615896	-106.8845332
56625644	560330005003	1	18700	44.5610164	-106.8838960
56625645	560330005003	1	22800	44.5687013	-106.8934007
56625646	560330005003	1	8400	44.5710032	-106.8777752
56625647	560330005003	1	52700	44.5614963	-106.8822504
56625648	560330005003	1	53000	44.5623117	-106.8815092
56625649	560330005003	1	8400	44.5628835	-106.8825381
56625650	560330005003	1	42000	44.5611723	-106.8824924
56625651	560330005003	1	52500	44.5611161	-106.8833281
56625652	560330005003	1	22000	44.5608823	-106.8818078
56625653	560330005003	1	16900	44.5701890	-106.8921792
56625654	560330005003	1	12000	44.5703192	-106.8945691
56625655	560330005003	1	6000	44.5662017	-106.8753161
56625656	560330005003	1	71000	44.5708723	-106.8927401
56625657	560330005003	1	8000	44.5693093	-106.8941402
56625658	560330005003	1	95000	44.5709996	-106.8919365
56625659	560330005003	1	27700	44.5696610	-106.8927012
56625660	560330005003	1	21000	44.5679783	-106.9009802
56625661	560330005003	1	4600	44.5696935	-106.8989657
56625662	560330005003	1	87560	44.5706654	-106.8954778
56625663	560330005003	1	47000	44.5630672	-106.8809527
56625664	560330005003	1	27000	44.5693848	-106.8918576
56625665	560330005003	1	370	44.5628453	-106.8789587
56625666	560330005003	1	21200	44.5582694	-106.8886732
56625667	560330005003	1	100400	44.5619718	-106.8791600
56625668	560330005003	1	27500	44.5616672	-106.8803432
56625669	560330005003	1	82750	44.5690546	-106.8975256
56625670	560330005003	1	47210	44.5700482	-106.8951355
56625671	560330005003	1	8060	44.5705947	-106.8974241
56625672	560330005003	1	27000	44.5696651	-106.8971717
56625673	560330005003	1	18000	44.5703086	-106.8991016
56625674	560330005003	1	57000	44.5689936	-106.8956471
56625675	560330005003	1	29100	44.5699166	-106.8985562
56625676	560330005003	1	43000	44.5686530	-106.9022497
56625677	560330005003	1	85200	44.5707757	-106.9045542
56625678	560330005003	1	114700	44.5636912	-106.8751176
56625679	560330005003	1	115000	44.5683562	-106.8986646
56625680	560330005003	1	29200	44.5701262	-106.8813501
56625681	560330005003	1	185700	44.5603216	-106.8848773
56625682	560330005003	1	40000	44.5640963	-106.8741470
56625683	560330005003	1	50100	44.5601484	-106.8875549
56625684	560330005003	1	20000	44.5688728	-106.9011061
56625685	560330005003	1	57500	44.5629081	-106.8766335
56625686	560330005003	1	10600	44.5621851	-106.8913730
56625687	560330005003	1	15120	44.5614578	-106.8932237
56625688	560330005003	1	101600	44.5696031	-106.9023840
56625689	560330005003	1	78700	44.5625061	-106.8783437
56625690	560330005003	1	74700	44.5700612	-106.9011817
56625691	560330005003	1	5050	44.5623063	-106.8718864
56625692	560330005003	1	106970	44.5617264	-106.8751046
56625693	560330005003	1	44800	44.5670525	-106.8961465
56625694	560330005003	1	48000	44.5589808	-106.8801078
56625695	560330005003	1	114100	44.5595463	-106.8882379
56625696	560330005003	1	113000	44.5631518	-106.8888100
56625697	560330005003	1	33900	44.5609601	-106.8937869
56625698	560330005003	1	323800	44.5592161	-106.8792378
56625699	560330005003	1	40000	44.5709823	-106.9033143
56625700	560330005003	1	85000	44.5591052	-106.8891726
56625701	560330005003	1	58500	44.5783931	-106.9045259
56625702	560330005003	1	71000	44.5682919	-106.8944983
56625703	560330005003	1	176000	44.5668458	-106.8927175
56625704	560330005003	1	56000	44.5672185	-106.8935957
56625705	560330005003	1	41900	44.5782175	-106.9064057
56625706	560330005003	1	41200	44.5682628	-106.8924228
56625707	560330005003	1	298800	44.5685107	-106.8911422
56625708	560330005003	1	58470	44.5619070	-106.8745309
56625709	560330005003	1	27000	44.5699704	-106.9048545
56625710	560330005003	1	21710	44.5674285	-106.8961312
56625711	560330005003	1	23700	44.5672628	-106.8949659
56625712	560330005003	1	353000	44.5647336	-106.8733200
56625713	560330005003	1	18800	44.5702187	-106.9031555
56625714	560330005003	1	5204	44.5675322	-106.8949088
56625715	560330005003	1	18300	44.5709635	-106.9061047
56625716	560330005003	1	27400	44.5635859	-106.8746697
56625717	560330005003	1	32000	44.5678318	-106.9030137
56625718	560330005003	1	75900	44.5692463	-106.9032278
56625719	560330005003	1	90000	44.5687829	-106.9038579
56625720	560330005003	1	22800	44.5638386	-106.8734134
56625721	560330005003	1	56400	44.5678648	-106.9045257
56625722	560330005003	1	94300	44.5641236	-106.8713409
56625723	560330005003	1	14900	44.5623709	-106.8735371
56625724	560330005003	1	14800	44.5663854	-106.9010928
56625725	560330005003	1	18000	44.5663174	-106.8792730
56625726	560330005003	1	24000	44.5597612	-106.8765117
56625727	560330005003	1	135000	44.5663677	-106.8983927
56625728	560330005003	1	16700	44.5669467	-106.8983685
56625729	560330005003	1	27000	44.5673395	-106.8976157
56625730	560330005003	1	27000	44.5596507	-106.8769481
56625731	560330005003	1	124600	44.5676903	-106.8987210
56625732	560330005003	1	21000	44.5668202	-106.9003182
56625733	560330005003	1	38000	44.5603390	-106.8771610
56625734	560330005003	1	17100	44.5601947	-106.8890047
56625735	560330005003	1	43000	44.5617330	-106.8853619
56625736	560330005003	1	65000	44.5711681	-106.9027168
56625737	560330005003	1	25600	44.5600159	-106.8768221
56625738	560330005003	1	59150	44.5794050	-106.9071583
56625739	560330005003	1	17600	44.5633369	-106.8718535
56625740	560330005003	1	27000	44.5698033	-106.9076620
56625741	560330005003	1	15500	44.5672032	-106.9000304
56625742	560330005003	1	29700	44.5623935	-106.8773097
56625743	560330005003	1	67700	44.5671654	-106.9019246
56625744	560330005003	1	18700	44.5695787	-106.9054251
56625745	560330005003	1	15780	44.5584205	-106.8790148
56625746	560330005003	1	18000	44.5586200	-106.8793786
56625747	560330005003	1	239000	44.5633695	-106.8729591
56625748	560330005003	1	155220	44.5594003	-106.8736722
56625749	560330005003	1	23000	44.5688261	-106.9066392
56625750	560330005003	1	22800	44.5686558	-106.9059033
56625751	560330005003	1	109000	44.5678149	-106.9073736
56625752	560330005003	1	17400	44.5597229	-106.8744108
56625753	560330005003	1	134400	44.5680494	-106.9056693
56625754	560330005003	1	100000	44.5656024	-106.8931781
56625755	560330005003	1	85200	44.5658183	-106.9034010
56625756	560330005003	1	18600	44.5707289	-106.8992104
56625757	560330005003	1	38000	44.5702504	-106.9094876
56625758	560330005003	1	15100	44.6559963	-106.9993653
56625759	560330005003	1	62470	44.5582848	-106.8766538
56625760	560330005003	1	23000	44.5712766	-106.8986583
56625761	560330005003	1	124000	44.5606282	-106.8748742
56625762	560330005003	1	95000	44.5661184	-106.8930213
56625763	560330005003	1	86000	44.5669864	-106.9035362
56625764	560330005003	1	23000	44.5662314	-106.9022082
56625765	560330005003	1	60200	44.5667646	-106.9025401
56625766	560330005003	1	20400	44.5664803	-106.8934338
56625767	560330005003	1	43600	44.5715715	-106.8943936
56625768	560330005003	1	46700	44.5709321	-106.8965843
56625769	560330005003	1	161000	44.5618492	-106.8741125
56625770	560330005003	1	30600	44.5661170	-106.8969733
56625771	560330005003	1	19400	44.5657777	-106.8919995
56625772	560330005003	1	8600	44.5662569	-106.8952573
56625773	560330005003	1	29000	44.5649106	-106.8967610
56625774	560330005003	1	23000	44.5633395	-106.8757178
56625775	560330005003	1	52000	44.5650911	-106.8949725
56625776	560330005003	1	30000	44.5587962	-106.8735212
56625777	560330005003	1	52900	44.5691421	-106.9091903
56625778	560330005003	1	106500	44.5687643	-106.9088994
56625779	560330005003	1	45000	44.5705112	-106.9010222
56625780	560330005003	1	19600	44.5584675	-106.8751622
56625781	560330005003	1	2400	44.5716079	-106.8786859
56625782	560330005003	1	94000	44.5709409	-106.8799050
56625783	560330005003	1	32000	44.5771435	-106.9073649
56625784	560330005003	1	78000	44.5700508	-106.8796956
56625785	560330005003	1	298800	44.5735148	-106.9081881
56625786	560330005003	1	28250	44.5740599	-106.9060287
56625787	560330005003	1	8200	44.5743334	-106.9081944
56625788	560330005003	1	37000	44.5725227	-106.9073730
56625789	560330005003	1	37200	44.5770694	-106.9054244
56625790	560330005003	1	95700	44.5796642	-106.9126522
56625791	560330005003	1	48000	44.5672191	-106.9087415
56625792	560330005003	1	20000	44.5759950	-106.9049887
56625793	560330005003	1	134000	44.5676171	-106.9079084
56625794	560330005003	1	51000	44.5719392	-106.8792835
56625795	560330005003	1	120000	44.5738240	-106.8808341
56625796	560330005003	1	12600	44.5695975	-106.9145518
56625797	560330005003	1	115000	44.5778707	-106.9129445
56625798	560330005003	1	8000	44.5748415	-106.9070611
56625799	560330005003	1	23000	44.5763610	-106.9096968
56625800	560330005003	1	16700	44.5754636	-106.9081556
56625801	560330005003	1	18000	44.5766440	-106.9086065
56625802	560330005003	1	8500	44.5762336	-106.9063902
56625803	560330005003	1	80000	44.5731066	-106.9108384
56625804	560330005003	1	116000	44.5721563	-106.9101794
56625805	560330005003	1	94000	44.5751427	-106.9077762
56625806	560330005003	1	52700	44.5721150	-106.9085743
56625807	560330005003	1	25100	44.5729917	-106.9094390
56625808	560330005003	1	116000	44.5735359	-106.9085054
56625809	560330005003	1	8000	44.5740514	-106.9108935
56625810	560330005003	1	18600	44.5781352	-106.9122165
56625811	560330005003	1	27000	44.5793934	-106.9083281
56625812	560330005003	1	23000	44.5751528	-106.9096187
56625813	560330005003	1	45700	44.5753861	-106.9103868
56625814	560330005003	1	50000	44.5759909	-106.9092167
56625815	560330005003	1	26500	44.5767612	-106.9110824
56625816	560330005003	1	31880	44.5746876	-106.9101740
56625817	560330005003	1	17200	44.5780179	-106.9047822
56625818	560330005003	1	21500	44.5804941	-106.9080774
56625819	560330005003	1	49000	44.5793473	-106.9106633
56625820	560330005003	1	65100	44.5771175	-106.9138112
56625821	560330005003	1	63000	44.5795542	-106.9103178
56625822	560330005003	1	30400	44.5780706	-106.9057177
56625823	560330005003	1	74000	44.5785856	-106.9110855
56625824	560330005003	1	117000	44.5773917	-106.9119375
56625825	560330005003	1	14600	44.5724483	-106.9145846
56625826	560330005003	1	30000	44.5741942	-106.9143104
56625827	560330005003	1	79200	44.5726895	-106.9124116
56625828	560330005003	1	22000	44.5778791	-106.9098359
56625829	560330005003	1	58200	44.5777135	-106.9081558
56625830	560330005003	1	100000	44.5780390	-106.9077812
56625831	560330005003	1	23000	44.5740048	-106.9132841
56625832	560330005003	1	15600	44.5706205	-106.9073440
56625833	560330005003	1	105000	44.5715815	-106.8905406
56625834	560330005003	1	31900	44.5729462	-106.9139123
56625835	560330005003	1	43200	44.5747740	-106.9129942
56625836	560330005003	1	25700	44.5705319	-106.9080942
56625837	560330005003	1	16800	44.5752264	-106.9135961
56625838	560330005003	1	31900	44.5732591	-106.9135408
56625839	560330005003	1	144200	44.6606787	-106.9937827
56625840	560330005003	1	26360	44.5713803	-106.9136102
56625841	560330005003	1	13000	44.5721455	-106.9159319
56625842	560330005003	1	110000	44.5721138	-106.9109466
56625843	560330005003	1	75000	44.5714520	-106.9077122
56625844	560330005003	1	15500	44.5717922	-106.9125503
56625845	560330005003	1	63440	44.6592574	-106.9983056
56625846	560330005003	1	59400	44.5717174	-106.9144959
56625847	560330005003	1	24400	44.5715467	-106.9182083
56625848	560330005003	1	18000	44.5717746	-106.9165342
56625849	560330005003	1	80000	44.5724930	-106.9174284
56625850	560330005003	1	288600	44.5708106	-106.9180824
56625851	560330005003	1	22000	44.5708044	-106.9155398
56625852	560330005003	1	25100	44.5702767	-106.9162965
56625853	560330005003	1	15100	44.5729170	-106.9157616
56625854	560330005003	1	8400	44.5727904	-106.9172227
56625855	560330005003	1	100400	44.5733065	-106.9171136
56625856	560330005003	1	30000	44.5736830	-106.8818360
56625857	560330005003	1	12000	44.5784400	-106.9097240
56625858	560330005003	1	5050	44.6608675	-106.9928192
56625859	560330005003	1	33200	44.5705728	-106.9193761
56625860	560330005003	1	23100	44.5717712	-106.8882523
56625861	560330005003	1	65890	44.5699804	-106.9174183
56625862	560330005003	1	83020	44.5697204	-106.9155376
56625863	560330005003	1	28390	44.5713351	-106.9198142
56625864	560330005003	1	8000	44.5708831	-106.9081943
56625865	560330005003	1	33800	44.5715762	-106.9191604
56625866	560330005003	1	83900	44.5691577	-106.9179724
56625867	560330005003	1	4720	44.5740241	-106.9116621
56625868	560330005003	1	161000	44.5707870	-106.9187178
56625869	560330005003	1	64200	44.5765091	-106.9117325
56625870	560330005003	1	83900	44.5694382	-106.9199104
56625871	560330005003	1	20000	44.5725870	-106.9112469
56625872	560330005003	1	64000	44.5722092	-106.9189012
56625873	560330005003	1	70000	44.5753408	-106.8977409
56625874	560330005003	1	268000	44.5691775	-106.9228352
56625875	560330005003	1	39290	44.5782149	-106.9067392
56625876	560330005003	1	19000	44.5756658	-106.9113225
56625877	560330005003	1	43600	44.5747018	-106.9113905
56625878	560330005003	1	116500	44.5788188	-106.8971204
56625879	560330005003	1	24000	44.5703558	-106.9216249
56625880	560330005003	1	184000	44.5747435	-106.8982623
56625881	560330005003	1	51800	44.5770862	-106.9225654
56625882	560330005003	1	48200	44.5789508	-106.8963002
56625883	560330005003	1	24000	44.5693989	-106.9209371
56625884	560330005003	1	80000	44.5785586	-106.8946739
56625885	560330005003	1	22000	44.5782686	-106.9226906
56625886	560330005003	1	106100	44.5748945	-106.9007301
56625887	560330005003	1	24800	44.5749229	-106.8995236
56625888	560330005003	1	15200	44.5747097	-106.8821681
56625889	560330005003	1	25500	44.5704337	-106.8867712
56625890	560330005003	1	109000	44.5715043	-106.8885414
56625891	560330005003	1	103000	44.6606246	-106.9957718
56625892	560330005003	1	76000	44.5782957	-106.8981011
56625893	560330005003	1	18000	44.5721404	-106.8876336
56625894	560330005003	1	15200	44.5711843	-106.8910047
56625895	560330005003	1	239000	44.6606906	-106.9971872
56625896	560330005003	1	49100	44.5722225	-106.8894048
56625897	560330005003	1	60000	44.5699568	-106.8861396
56625898	560330005003	1	47100	44.5701362	-106.8891382
56625899	560330005003	1	48400	44.5712509	-106.8896834
56625900	560330005003	1	20400	44.5703056	-106.8884092
56625901	560330005003	1	67500	44.5712471	-106.8871390
56625902	560330005003	1	4600	44.5760892	-106.8866056
56625903	560330005003	1	6800	44.5715577	-106.8861260
56625904	560330005003	1	77000	44.5744503	-106.8814441
56625905	560330005003	1	184000	44.5759398	-106.8837047
56625906	560330005003	1	17400	44.5766056	-106.8861138
56625907	560330005003	1	20700	44.5693714	-106.8853317
56625908	560330005003	1	83600	44.5697118	-106.8861859
56625909	560330005003	1	70000	44.5756592	-106.8857608
56625910	560330005003	1	225000	44.5739005	-106.8841661
56625911	560330005003	1	24100	44.5736801	-106.8830836
56625912	560330005003	1	197900	44.5660684	-106.8907006
56625913	560330005003	1	88000	44.5718498	-106.8842218
56625914	560330005003	1	65190	44.5747561	-106.8840681
56625915	560330005003	1	30000	44.5715809	-106.8836215
56625916	560330005003	1	13000	44.5694816	-106.8834706
56625917	560330005003	1	18000	44.5702762	-106.8848253
56625918	560330005003	1	78000	44.5705632	-106.8826999
56625919	560330005003	1	15800	44.5640699	-106.8909239
56625920	560330005003	1	118000	44.5682076	-106.8831581
56625921	560330005003	1	55600	44.5726322	-106.8819670
56625922	560330005003	1	44000	44.6581311	-106.9985564
56625923	560330005003	1	7200	44.5782377	-106.9144486
56625924	560330005003	1	53800	44.5770930	-106.9142683
56625925	560330005003	1	24700	44.5751400	-106.8826768
56625926	560330005003	1	116500	44.5674519	-106.8844388
56625927	560330005003	1	98500	44.5685491	-106.8825158
56625928	560330005003	1	16800	44.5698646	-106.8806597
56625929	560330005003	1	14310	44.5719374	-106.8806801
56625930	560330005003	1	14800	44.5711484	-106.8805132
56625931	560330005003	1	38001	44.5723042	-106.8832373
56625932	560330005003	1	8060	44.5681988	-106.8797525
56625933	560330005003	1	14400	44.5784121	-106.9190589
56625934	560330005003	1	54000	44.6585371	-106.9985133
56625935	560330005003	1	65610	44.5724342	-106.8860193
56625936	560330005003	1	22000	44.6566641	-106.9997289
56625937	560330005003	1	95930	44.5781574	-106.9173196
56625938	560330005003	1	70000	44.5778359	-106.9189483
56625939	560330005003	1	81800	44.5718751	-106.8821623
56625940	560330005003	1	21030	44.5671157	-106.8831478
56625941	560330005003	1	13970	44.5678639	-106.8814608
56625942	560330005003	1	18000	44.5686097	-106.8809245
56625943	560330005003	1	28000	44.5664719	-106.8819567
56625944	560330005003	1	178800	44.5669087	-106.8832559
56625945	560330005003	1	19200	44.5662428	-106.8842397
56625946	560330005003	1	37000	44.5640809	-106.8898262
56625947	560330005003	1	100040	44.5773096	-106.9199773
56625948	560330005003	1	50000	44.5723063	-106.8806783
56625949	560330005003	1	22800	44.5787331	-106.9202255
56625950	560330005003	1	21030	44.5724028	-106.8843623
56625951	560330005003	1	14800	44.5643580	-106.8870204
56625952	560330005003	1	48000	44.5635696	-106.8878745
56625953	560330005004	1	77800	44.6147736	-107.1176032
56625954	560330005004	1	20000	44.6131303	-107.1171748
56625955	560330005004	1	75000	44.6142585	-107.1121698
56625956	560330005004	1	365700	44.6163887	-107.1160695
56625957	560330005004	1	35500	44.6113543	-107.1005999
56625958	560330005004	1	23900	44.6138926	-107.1161257
56625959	560330005004	1	145200	44.6158977	-107.1137301
56625960	560330005004	1	123800	44.6149719	-107.1177920
56625961	560330005004	1	106970	44.6122196	-107.1105038
56625962	560330005004	1	50070	44.6152943	-107.1172318
56625963	560330005004	1	79000	44.6150939	-107.1158398
56625964	560330005004	1	110000	44.6157751	-107.1125855
56625965	560330005004	1	33000	44.6157721	-107.1121951
56625966	560330005004	1	134800	44.6134573	-107.1180420
56625967	560330005004	1	107300	44.6148157	-107.1155959
56625968	560330005004	1	15200	44.6161980	-107.1055020
56625969	560330005004	1	80600	44.6136847	-107.1148482
56625970	560330005004	1	145000	44.6168092	-107.1116872
56625971	560330005004	1	62000	44.6157100	-107.1105583
56625972	560330005004	1	125610	44.6162089	-107.1087532
56625973	560330005004	1	112600	44.6148798	-107.1114675
56625974	560330005004	1	95000	44.6146901	-107.1132973
56625975	560330005004	1	104000	44.6143435	-107.1110584
56625976	560330005004	1	58300	44.6167590	-107.1144235
56625977	560330005004	1	67600	44.6118022	-107.1159113
56625978	560330005004	1	94000	44.6127076	-107.1137967
56625979	560330005004	1	27400	44.6129059	-107.1113971
56625980	560330005004	1	716000	44.6091520	-107.0968718
56625981	560330005004	1	137060	44.6149826	-107.1135986
56625982	560330005004	1	127400	44.6167611	-107.1164734
56625983	560330005004	1	54700	44.6165099	-107.1178242
56625984	560330005004	1	38500	44.6107058	-107.1159155
56625985	560330005004	1	74000	44.6099217	-107.1162101
56625986	560330005004	1	61700	44.6162582	-107.1065083
56625987	560330005004	1	122000	44.6163631	-107.1081559
56625988	560330005004	1	56800	44.6129626	-107.1154437
56625989	560330005004	1	13970	44.6169848	-107.1104022
56625990	560330005004	1	123800	44.6146238	-107.1160285
56625991	560330005004	1	45000	44.6141496	-107.1133962
56625992	560330005004	1	78000	44.6129159	-107.1119744
56625993	560330005004	1	47000	44.6066975	-107.0999139
56625994	560330005004	1	141400	44.6110646	-107.0940440
56625995	560330005004	1	40000	44.7478326	-107.1280564
56625996	560330005004	1	33940	44.6171280	-107.1127038
56625997	560330005004	1	65340	44.6127850	-107.1167107
56625998	560330005004	1	102100	44.6117010	-107.0958639
56625999	560330005004	1	224700	44.6068918	-107.1017994
56626000	560330005004	1	36000	44.7236685	-106.9931527
56626001	560330005004	1	225600	44.6106115	-107.0969370
56626002	560330005004	1	288800	44.6095565	-107.0959152
56626003	560330005004	1	62910	44.6057573	-107.1017122
56626004	560330005004	1	340700	44.6076262	-107.1006077
56626005	560330005004	1	43500	44.6055720	-107.0986005
56626006	560330005004	1	99370	44.6083662	-107.0982602
56626007	560330005004	1	120400	44.6085228	-107.0967527
56626008	560330005004	1	103050	44.7644691	-107.0712857
56626009	560330005004	1	115100	44.6067955	-107.0990135
56626010	560330005004	1	110000	44.6058232	-107.0996875
56626011	560330005004	1	109000	44.6095241	-107.0962830
56626012	560330005004	1	23000	44.6089244	-107.0952150
56626013	560330005004	1	124020	44.6080796	-107.0991973
56626014	560330005004	1	41600	44.6080749	-107.1009819
56626015	560330005004	1	134000	44.7497568	-107.1237837
56626016	560330005004	1	52200	44.6120981	-107.0943601
56626017	560330005004	1	56000	44.6069696	-107.0970901
56626018	560330005004	1	57900	44.6120924	-107.0968770
56626019	560330005004	1	58500	44.7493645	-107.1220884
56626020	560330005004	1	186000	44.6111217	-107.0950264
56626021	560330005004	1	128000	44.6059186	-107.0983966
56626022	560330005004	1	48000	44.7503095	-107.1229458
56626023	560330005004	1	64200	44.6088621	-107.1026339
56626024	560330005004	1	35000	44.7481547	-107.1262591
56626025	560330005004	1	17400	44.7659336	-107.0651838
56626026	560330005004	1	127000	44.7445304	-107.0744455
56626027	560330005004	1	95000	44.7611288	-107.0784916
56626028	560330005004	1	107300	44.7433508	-107.0742481
56626029	560330005004	1	117000	44.7437945	-107.0747958
56626030	560330005004	1	68600	44.7605623	-107.0749720
56626031	560330005004	1	37800	44.6075638	-107.2102128
56626032	560330005004	1	49200	44.6956976	-107.0196878
56626033	560330005004	1	94700	44.7617830	-107.0757761
56626034	560330005004	1	106300	44.7450281	-107.0738320
56626035	560330005004	1	70000	44.7612585	-107.0763198
56626036	560330005004	1	66300	44.7462457	-107.0754830
56626037	560330005004	1	49000	44.7452455	-107.0740955
56626038	560330005004	1	20200	44.7458298	-107.0751952
56626039	560330005004	1	116000	44.6067847	-107.2108408
56626040	560330005004	1	61400	44.6073090	-107.2093248
56626041	560330005004	1	19200	44.7463300	-107.0748050
56626042	560330005004	1	43500	44.7437113	-107.0752980
56626043	560330005004	1	81000	44.6084166	-107.2068596
56626044	560330005004	1	63400	44.6052358	-107.2077593
56626045	560330005004	1	54300	44.6082178	-107.2081234
56626046	560330005004	1	70000	44.7630618	-107.0748959
56626047	560330005004	1	18200	44.7430524	-107.0735245
56626048	560330005004	1	115600	44.6072462	-107.2092384
56626049	560330005004	1	32000	44.6069373	-107.2078918
56626050	560330005004	1	57500	44.6059053	-107.2085677
56626051	560330005004	1	140000	44.7623886	-107.0760327
56626052	560330005004	1	43600	44.6075724	-107.2071710
56626053	560330005004	1	49200	44.6093561	-107.2072133
56626054	560330005004	1	239000	44.7602414	-107.0737931
56626055	560330005004	1	47000	44.7418856	-107.0760067
56626056	560330005004	1	247500	44.7453298	-107.0756911
56626057	560330005004	1	24000	44.7433693	-107.0760819
56626058	560330005004	1	67000	44.7429760	-107.0768364
56626059	560330005004	1	39400	44.7444506	-107.0758976
56626060	560330005004	1	114000	44.7448029	-107.0773399
56626061	560330005004	1	30000	44.7620555	-107.0769535
56626062	560330005004	1	35400	44.7173018	-107.1504590
56626063	560330005004	1	112600	44.7577607	-107.0834715
56626064	560330005004	1	34600	44.7425012	-107.0752060
56626065	560330005004	1	71000	44.7565034	-107.0741774
56626066	560330005004	1	110000	44.7614229	-107.0745081
56626067	560330005004	1	52000	44.7611171	-107.0763746
56626068	560330005004	1	55050	44.6948200	-107.0193160
56626069	560330005004	1	103600	44.7585414	-107.0836738
56626070	560330005004	1	142000	44.7572836	-107.0843404
56626071	560330005004	1	340700	44.7552439	-107.0732678
56626072	560330005004	1	57000	44.7587193	-107.0840043
56626073	560330005004	1	366400	44.6817662	-107.1386240
56626074	560330005004	1	66500	44.7415176	-107.0750543
56626075	560330005004	1	87000	44.7399634	-107.1258064
56626076	560330005004	1	119500	44.7409787	-107.1284469
56626077	560330005004	1	18200	44.7404425	-107.1270247
56626078	560330005004	1	99000	44.7569042	-107.0854192
56626079	560330005004	1	25000	44.7171256	-107.1494830
56626080	560330005004	1	26500	44.7418235	-107.0733798
56626081	560330005004	1	111000	44.7451828	-107.0764379
56626082	560330005004	1	94000	44.7622680	-107.0767237
56626083	560330005004	1	13970	44.6940537	-107.0190771
56626084	560330005004	1	59050	44.7611736	-107.0796133
56626085	560330005004	1	18000	44.7545636	-107.0924901
56626086	560330005004	1	120000	44.7555997	-107.0721444
56626087	560330005004	1	146600	44.7601844	-107.0790771
56626088	560330005004	1	78100	44.6970916	-107.0181569
56626089	560330005004	1	99300	44.6967453	-107.0194390
56626090	560330005004	1	90000	44.7562815	-107.0725699
56626091	560330005004	1	115000	44.7471263	-107.1300447
56626092	560330005004	1	115000	44.7577606	-107.0732149
56626093	560330005004	1	136900	44.7310090	-106.9931518
56626094	560330005004	1	120000	44.7115228	-107.1598278
56626095	560330005004	1	165000	44.7567539	-107.0864867
56626096	560330005004	1	102000	44.7567975	-107.0848662
56626097	560330005004	1	62200	44.7160001	-107.1497287
56626098	560330005004	1	34300	44.7546159	-107.0709609
56626099	560330005004	1	239000	44.7574053	-107.0866601
56626100	560330005004	1	279500	44.7485801	-107.1283751
56626101	560330005004	1	41500	44.7568225	-107.0874302
56626102	560330005004	1	78900	44.7542722	-107.0955712
56626103	560330005004	1	100000	44.7603500	-107.0779564
56626104	560330005004	1	102600	44.7560843	-107.0881636
56626105	560330005004	1	103600	44.7550885	-107.0881339
56626106	560330005004	1	122000	44.7107204	-107.1600066
56626107	560330005004	1	20910	44.7557671	-107.0894044
56626108	560330005004	1	89600	44.7541427	-107.0937487
56626109	560330005004	1	107300	44.7541862	-107.0969127
56626110	560330005004	1	105304	44.6135091	-107.0929470
56626111	560330005004	1	145000	44.6128084	-107.0947059
56626112	560330005004	1	147200	44.7549020	-107.0935206
56626113	560330005004	1	45000	44.6130662	-107.0928893
56626114	560330005004	1	102600	44.7539239	-107.0905871
56626115	560330005004	1	181000	44.7538085	-107.0925347
56626116	560330005004	1	117000	44.6140977	-107.0946432
56626117	560330005004	1	103000	44.6142720	-107.0925951
56626118	560330005004	1	67700	44.7013019	-107.1818412
56626119	560330005004	1	116200	44.7661765	-107.0640188
56626120	560330005004	1	107000	44.6120221	-107.0936983
56626121	560330005004	1	137500	44.6146653	-107.0919485
56626122	560330005004	1	36000	44.6161088	-107.0927901
56626123	560330005004	1	97000	44.7011708	-107.1808781
56626124	560330005004	1	45700	44.6140457	-107.0972112
56626125	560330005004	1	38001	44.7608588	-107.0765184
56626126	560330005004	1	85000	44.6090794	-107.1008990
56626127	560330005004	1	105000	44.6054685	-107.1025558
56626128	560330005004	1	53150	44.6079387	-107.1032927
56626129	560330005004	1	50000	44.6070779	-107.1024037
56626130	560330005004	1	62500	44.7500672	-107.1238776
56626131	560330005004	1	44200	44.7600229	-107.0778759
56626132	560330005004	1	32000	44.7600181	-107.0768091
56626133	560330005004	1	48200	44.7076573	-107.1631444
56626134	560330005004	1	716000	44.7595806	-107.0758546
56626135	560330005004	1	127000	44.6100731	-107.0990451
56626136	560330005004	1	67200	44.7502499	-107.1247207
56626137	560330005004	1	20500	44.7488880	-107.1275635
56626138	560330005004	1	56000	44.7593299	-107.0798352
56626139	560330005004	1	150000	44.7592293	-107.0805523
56626140	560330005004	1	108000	44.7492506	-107.1252087
56626141	560330005004	1	104200	44.7489478	-107.1265396
56626142	560330005004	1	116500	44.7594427	-107.0825317
56626143	560330005004	1	61460	44.6129464	-107.0973764
56626144	560330005004	1	572000	44.7044859	-107.1696937
56626145	560330005004	1	100000	44.7483205	-107.1234607
56626146	560330005004	1	30000	44.7038719	-107.1707261
56626147	560330005004	1	38000	44.6089132	-107.0974121
56626148	560330005004	1	140000	44.7031631	-107.1763635
56626149	560330005004	1	15800	44.6108321	-107.0993298
56626150	560330005004	1	74000	44.6130006	-107.0987590
56626151	560330005004	1	81000	44.6112065	-107.1015588
56626152	560330005004	1	105000	44.6098824	-107.1004617
56626153	560330005004	1	79000	44.6092804	-107.0984978
56626154	560330005004	1	116500	44.6083742	-107.1009461
56626155	560330005004	1	46300	44.6096304	-107.1017398
56626156	560330005004	1	70000	44.6104517	-107.0977059
56626157	560330005004	1	79300	44.6097579	-107.0983062
56626158	560330005004	1	35400	44.6093816	-107.1032180
56626159	560330005004	1	24000	44.6118075	-107.0991215
56626160	560330005004	1	71300	44.6127115	-107.0959594
56626161	560330005004	1	97000	44.6147677	-107.0932945
56626162	560330005004	1	104400	44.6128076	-107.0992738
56626163	560330005004	1	114100	44.6110729	-107.1031507
56626164	560330005004	1	55700	44.6103873	-107.1004759
56626165	560330005004	1	47100	44.6139408	-107.0998722
56626166	560330005004	1	45000	44.6133699	-107.0970920
56626167	560330005004	1	35100	44.6135774	-107.0959291
56626168	560330005004	1	69250	44.6148411	-107.0949802
56626169	560330005004	1	110000	44.6120149	-107.1004328
56626170	560330005004	1	14900	44.6131628	-107.0994333
56626171	560330005004	1	120000	44.6149189	-107.0960205
56626172	560330005004	1	108200	44.6119588	-107.0980734
56626173	560330005004	1	82400	44.6139668	-107.0981310
56626174	560330005004	1	16800	44.6121542	-107.0977108
56626175	560330005004	1	24200	44.6104100	-107.1036952
56626176	560330005004	1	74800	44.6090990	-107.1038145
56626177	560330005004	1	40400	44.6099876	-107.1047798
56626178	560330005004	1	80000	44.6115993	-107.1057707
56626179	560330005004	1	98000	44.6167912	-107.1004520
56626180	560330005004	1	27300	44.6117822	-107.1021286
56626181	560330005004	1	40000	44.6099952	-107.1018726
56626182	560330005004	1	28200	44.6118511	-107.1037003
56626183	560330005004	1	137100	44.6148898	-107.1078872
56626184	560330005004	1	104900	44.6089186	-107.1048862
56626185	560330005004	1	43300	44.6098560	-107.1068396
56626186	560330005004	1	31800	44.6150121	-107.1101067
56626187	560330005004	1	69600	44.6098668	-107.1086357
56626188	560330005004	1	52300	44.6130508	-107.1033343
56626189	560330005004	1	105304	44.6108494	-107.1060863
56626190	560330005004	1	88610	44.6152609	-107.1057996
56626191	560330005004	1	100000	44.6155773	-107.1007177
56626192	560330005004	1	340700	44.6160322	-107.1015179
56626193	560330005004	1	37000	44.6162181	-107.1038822
56626194	560330005004	1	77000	44.6113205	-107.1075731
56626195	560330005004	1	90000	44.6137527	-107.1017986
56626196	560330005004	1	71000	44.6092769	-107.1089888
56626197	560330005004	1	115300	44.6154624	-107.0942985
56626198	560330005004	1	108000	44.6128872	-107.1044800
56626199	560330005004	1	14200	44.6125447	-107.1063215
56626200	560330005004	1	150000	44.6156830	-107.0966649
56626201	560330005004	1	88500	44.6147593	-107.1092261
56626202	560330005004	1	70000	44.6142256	-107.1067149
56626203	560330005004	1	86040	44.6098935	-107.1092962
56626204	560330005004	1	70000	44.6090984	-107.1082263
56626205	560330005004	1	43000	44.6111064	-107.1064978
56626206	560330005004	1	120000	44.6056541	-107.1063470
56626207	560330005004	1	17400	44.6065185	-107.1035988
56626208	560330005004	1	65900	44.6120616	-107.1045532
56626209	560330005004	1	22800	44.6154258	-107.1059428
56626210	560330005004	1	38001	44.6131109	-107.1028082
56626211	560330005004	1	121000	44.6135765	-107.1091571
56626212	560330005004	1	35800	44.6051078	-107.1036057
56626213	560330005004	1	65340	44.6120261	-107.1092491
56626214	560330005004	1	61100	44.6058132	-107.1080314
56626215	560330005004	1	85000	44.6149688	-107.0991322
56626216	560330005004	1	716000	44.6144203	-107.1073267
56626217	560330005004	1	37400	44.6142895	-107.1046204
56626218	560330005004	1	98000	44.6166253	-107.1019982
56626219	560330005004	1	110000	44.6070392	-107.1045335
56626220	560330005004	1	247500	44.6142428	-107.1092585
56626221	560330005004	1	33200	44.6157720	-107.0946193
56626222	560330005004	1	103400	44.6147561	-107.1038377
56626223	560330005004	1	14000	44.6116714	-107.1081396
56626224	560330005004	1	77000	44.6145813	-107.1015976
56626225	560330005004	1	110700	44.6161697	-107.0959357
56626226	560330005004	1	40270	44.6058902	-107.1045987
56626227	560330005004	1	52700	44.6136909	-107.1010367
56626228	560330005004	1	130500	44.6152774	-107.1004465
56626229	560330005004	1	145000	44.6070453	-107.1080161
56626230	560330005004	1	32700	44.6078511	-107.1075133
56626231	560330005004	1	260100	44.6076105	-107.1038868
56626232	560330005004	1	42000	44.6158512	-107.0984471
56626233	560330005004	1	100660	44.6072391	-107.1061727
56626234	560330005004	1	108000	44.6100273	-107.1052374
56626235	560330005004	1	45000	44.6144333	-107.1106619
56626236	560330005004	1	43300	44.6137571	-107.1053286
56626237	560330005004	1	94000	44.6072570	-107.1095693
56626238	560330005004	1	120000	44.6135631	-107.1039022
56626239	560330005004	1	109000	44.6139766	-107.1061103
56626240	560330005004	1	27800	44.6129609	-107.1101308
56626241	560330005004	1	260100	44.6131744	-107.1068849
56626242	560330005004	1	56010	44.6118599	-107.1093878
56626243	560330005004	1	65610	44.6146912	-107.1019780
56626244	560330005004	1	106000	44.6091399	-107.1062070
56626245	560330005004	1	71300	44.6059556	-107.1093696
56626246	560330005004	1	134000	44.6131947	-107.1012975
56626247	560330005004	1	42000	44.6082247	-107.1097230
56626248	560330005004	1	40000	44.6065442	-107.1057549
56626249	560330005004	1	59000	44.6086420	-107.1035434
56626250	560330005004	1	42500	44.6111971	-107.1048456
56626251	560330005004	1	130000	44.6054500	-107.1039694
56626252	560330005004	1	107800	44.6069530	-107.1049484
56626253	560330005004	1	89000	44.6128662	-107.1092196
56626254	560330005004	1	17100	44.6130708	-107.1072888
56626255	560330005004	1	23200	44.6083051	-107.1053537
56626256	560330005004	1	65000	44.6165091	-107.1030537
56626257	560330005004	1	31200	44.6160359	-107.1042169
56626258	560330005004	1	216900	44.6108020	-107.1080847
56626259	560330005004	1	57000	44.6162678	-107.0983693
56626260	560330005004	1	63010	44.6162236	-107.1022333
56626261	560330005004	1	65000	44.6079917	-107.1064311
56626262	560330005004	1	65000	44.6148632	-107.0969203
56626263	560330005005	1	75000	44.6994128	-106.9770268
56626264	560330005005	1	162000	44.6772419	-107.0001625
56626265	560330005005	1	43000	44.7036672	-106.9613851
56626266	560330005005	1	31500	44.6993484	-106.9759039
56626267	560330005005	1	30550	44.6799303	-106.9887392
56626268	560330005005	1	30000	44.6997124	-106.9765509
56626269	560330005005	1	94004	44.6812063	-106.9927734
56626270	560330005005	1	96200	44.6812317	-106.9931263
56626271	560330005005	1	141200	44.6804915	-106.9927572
56626272	560330005005	1	117300	44.6806336	-106.9929512
56626273	560330005005	1	12700	44.6993923	-106.9753494
56626274	560330005005	1	101000	44.6991718	-106.9753788
56626275	560330005005	1	30000	44.6993468	-106.9753005
56626276	560330005005	1	40270	44.6995137	-106.9750450
56626277	560330005005	1	97000	44.6990630	-106.9755639
56626278	560330005005	1	6000	44.6992932	-106.9748535
56626279	560330005005	1	68090	44.6805855	-106.9925106
56626280	560330005005	1	24500	44.6998924	-106.9754691
56626281	560330005005	1	62500	44.6995872	-106.9752556
56626282	560330005005	1	24800	44.6807147	-106.9922191
56626283	560330005005	1	117600	44.6810850	-106.9929872
56626284	560330005005	1	85000	44.6809993	-106.9925570
56626285	560330005005	1	125000	44.6803200	-106.9882516
56626286	560330005005	1	169000	44.6806019	-106.9890613
56626287	560330005005	1	90000	44.6997170	-106.9764893
56626288	560330005005	1	37900	44.6806420	-106.9882637
56626289	560330005005	1	155000	44.6790557	-106.9924042
56626290	560330005005	1	31880	44.6998440	-106.9769043
56626291	560330005005	1	47700	44.6991934	-106.9764454
56626292	560330005005	1	30500	44.6998753	-106.9765552
56626293	560330005005	1	366400	44.6794868	-106.9924909
56626294	560330005005	1	178000	44.6823020	-106.9900001
56626295	560330005005	1	134000	44.6795236	-106.9920405
56626296	560330005005	1	42300	44.6791912	-106.9920049
56626297	560330005005	1	177000	44.6820053	-106.9904229
56626298	560330005005	1	45900	44.6818586	-106.9899586
56626299	560330005005	1	124020	44.6823815	-106.9908023
56626300	560330005005	1	49900	44.6823860	-106.9902816
56626301	560330005005	1	26600	44.6822345	-106.9901443
56626302	560330005005	1	69600	44.6787239	-106.9941062
56626303	560330005005	1	37900	44.6810398	-106.9905714
56626304	560330005005	1	44800	44.6795847	-106.9889371
56626305	560330005005	1	27000	44.6801959	-106.9904062
56626306	560330005005	1	87200	44.6802152	-106.9903400
56626307	560330005005	1	113000	44.6795295	-106.9927020
56626308	560330005005	1	28800	44.6793871	-106.9927082
56626309	560330005005	1	70000	44.6798748	-106.9895407
56626310	560330005005	1	192900	44.6805252	-106.9896214
56626311	560330005005	1	87000	44.6800949	-106.9901600
56626312	560330005005	1	25600	44.6793972	-106.9888620
56626313	560330005005	1	30400	44.6817931	-106.9941438
56626314	560330005005	1	188000	44.6802306	-106.9901499
56626315	560330005005	1	25900	44.6820962	-106.9934596
56626316	560330005005	1	69160	44.6815065	-106.9945531
56626317	560330005005	1	67200	44.6817455	-106.9938997
56626318	560330005005	1	117300	44.6815893	-106.9939380
56626319	560330005005	1	152000	44.6812160	-106.9900457
56626320	560330005005	1	29100	44.7002433	-106.9785873
56626321	560330005005	1	78600	44.6797378	-106.9888820
56626322	560330005005	1	70000	44.6794678	-106.9880750
56626323	560330005005	1	116000	44.6791217	-106.9883169
56626324	560330005005	1	26360	44.7001336	-106.9780099
56626325	560330005005	1	75000	44.6998583	-106.9777399
56626326	560330005005	1	128500	44.7006269	-106.9778523
56626327	560330005005	1	39000	44.6810638	-106.9902633
56626328	560330005005	1	323800	44.6817969	-106.9931038
56626329	560330005005	1	98000	44.7001283	-106.9774192
56626330	560330005005	1	30500	44.6821290	-106.9933263
56626331	560330005005	1	48300	44.6814175	-106.9930994
56626332	560330005005	1	125000	44.6821082	-106.9928125
56626333	560330005005	1	101600	44.6813634	-106.9932794
56626334	560330005005	1	86900	44.6786366	-106.9939764
56626335	560330005005	1	31400	44.6787974	-106.9942085
56626336	560330005005	1	46500	44.6810919	-106.9914122
56626337	560330005005	1	122000	44.6807524	-106.9911665
56626338	560330005005	1	25800	44.6813277	-106.9906943
56626339	560330005005	1	100000	44.6810000	-106.9900143
56626340	560330005005	1	122300	44.6807157	-106.9910985
56626341	560330005005	1	11800	44.6807984	-106.9914093
56626342	560330005005	1	136600	44.6813266	-106.9918879
56626343	560330005005	1	110700	44.6791321	-106.9952888
56626344	560330005005	1	27000	44.6822973	-106.9921079
56626345	560330005005	1	110700	44.6819777	-106.9915334
56626346	560330005005	1	103300	44.6821107	-106.9915724
56626347	560330005005	1	62000	44.6788017	-106.9951926
56626348	560330005005	1	67000	44.6815792	-106.9913943
56626349	560330005005	1	26600	44.6820750	-106.9921445
56626350	560330005005	1	78600	44.6786374	-106.9930192
56626351	560330005005	1	135000	44.6795999	-106.9940632
56626352	560330005005	1	70360	44.6800794	-106.9938965
56626353	560330005005	1	13700	44.6784911	-106.9951415
56626354	560330005005	1	119500	44.6791186	-106.9954213
56626355	560330005005	1	57500	44.6800388	-106.9934923
56626356	560330005005	1	116000	44.6802586	-106.9932247
56626357	560330005005	1	63400	44.6795828	-106.9931185
56626358	560330005005	1	74300	44.6792951	-106.9942200
56626359	560330005005	1	56900	44.6800917	-106.9951553
56626360	560330005005	1	33100	44.6799525	-106.9954146
56626361	560330005005	1	248000	44.6799833	-106.9947103
56626362	560330005005	1	25200	44.6787226	-106.9933080
56626363	560330005005	1	74300	44.6802335	-106.9948920
56626364	560330005005	1	86000	44.6799964	-106.9944702
56626365	560330005005	1	55020	44.6807825	-106.9883274
56626366	560330005005	1	89200	44.6812819	-106.9893425
56626367	560330005005	1	50060	44.7018724	-106.9563829
56626368	560330005005	1	141200	44.7143326	-106.9638053
56626369	560330005005	1	32700	44.7015179	-106.9596635
56626370	560330005005	1	79000	44.6815742	-106.9886161
56626371	560330005005	1	26000	44.6823606	-106.9896265
56626372	560330005005	1	139000	44.7136551	-106.9619429
56626373	560330005005	1	95000	44.6807849	-106.9953197
56626374	560330005005	1	114530	44.7033129	-106.9604282
56626375	560330005005	1	99100	44.6808757	-106.9891128
56626376	560330005005	1	260100	44.6815835	-106.9886972
56626377	560330005005	1	28000	44.6822221	-106.9884640
56626378	560330005005	1	186000	44.6809318	-106.9936324
56626379	560330005005	1	70000	44.6810295	-106.9938382
56626380	560330005005	1	115000	44.6809269	-106.9937755
56626381	560330005005	1	122300	44.7138020	-106.9671649
56626382	560330005005	1	42700	44.7018326	-106.9594180
56626383	560330005005	1	35400	44.6777017	-107.0123646
56626384	560330005005	1	59150	44.7147941	-106.9661939
56626385	560330005005	1	32400	44.6803301	-106.9930250
56626386	560330005005	1	7200	44.6788204	-106.9913310
56626387	560330005005	1	124000	44.6819223	-106.9891570
56626388	560330005005	1	40000	44.6789909	-106.9908564
56626389	560330005005	1	80000	44.6803601	-106.9928882
56626390	560330005005	1	88900	44.6790929	-106.9913659
56626391	560330005005	1	122300	44.6804727	-106.9923489
56626392	560330005005	1	82300	44.6801032	-106.9905924
56626393	560330005005	1	60000	44.6780146	-106.9916074
56626394	560330005005	1	50000	44.6779857	-106.9917895
56626395	560330005005	1	0	44.6780561	-106.9921854
56626396	560330005005	1	32700	44.6796671	-106.9916999
56626397	560330005005	1	24701	44.6614656	-106.8994555
56626398	560330005005	1	104800	44.6798916	-106.9905516
56626399	560330005005	1	74000	44.7006074	-106.9792169
56626400	560330005005	1	116200	44.6789077	-106.9900056
56626401	560330005005	1	25500	44.6827240	-106.9886699
56626402	560330005005	1	144200	44.7150702	-106.9661513
56626403	560330005005	1	68800	44.6829108	-106.9885954
56626404	560330005005	1	35100	44.6792912	-106.9903000
56626405	560330005005	1	26100	44.6834843	-106.9882873
56626406	560330005005	1	121000	44.6826302	-106.9884282
56626407	560330005005	1	11000	44.7013090	-106.9794802
56626408	560330005005	1	94004	44.6910678	-106.9713464
56626409	560330005005	1	80000	44.6761504	-106.9916176
56626410	560330005005	1	37900	44.6764427	-106.9918315
56626411	560330005005	1	74200	44.6777486	-106.9920534
56626412	560330005005	1	94000	44.6908727	-106.9707342
56626413	560330005005	1	122500	44.6769865	-106.9914007
56626414	560330005005	1	32000	44.6975791	-106.9825600
56626415	560330005005	1	32000	44.6640818	-106.9939560
56626416	560330005005	1	60000	44.6824054	-106.9882905
56626417	560330005005	1	153200	44.6697211	-106.9891273
56626418	560330005005	1	60400	44.6777414	-107.0125156
56626419	560330005005	1	130500	44.6694182	-106.9892377
56626420	560330005005	1	51280	44.6820793	-106.9880655
56626421	560330005005	1	6000	44.6652398	-106.9920288
56626422	560330005005	1	24600	44.6656925	-106.9922632
56626423	560330005005	1	98400	44.7032682	-106.9673935
56626424	560330005005	1	76000	44.7118373	-106.9689942
56626425	560330005005	1	39290	44.7026724	-106.9762638
56626426	560330005005	1	26000	44.7027092	-106.9761301
56626427	560330005005	1	102800	44.7031867	-106.9673173
56626428	560330005005	1	96000	44.6766602	-106.9904720
56626429	560330005005	1	55600	44.6761700	-106.9904532
56626430	560330005005	1	69250	44.6978248	-106.9831426
56626431	560330005005	1	146200	44.6753267	-106.9909385
56626432	560330005005	1	127600	44.6921408	-106.9710497
56626433	560330005005	1	71000	44.6634458	-106.9933152
56626434	560330005005	1	7100	44.7118692	-106.9574668
56626435	560330005005	1	260100	44.7024342	-106.9686104
56626436	560330005005	1	165000	44.6912446	-106.9719593
56626437	560330005005	1	44700	44.7026072	-106.9687915
56626438	560330005005	1	35400	44.6614289	-106.9958153
56626439	560330005005	1	110200	44.6756610	-106.9913974
56626440	560330005005	1	27000	44.6759032	-106.9903406
56626441	560330005005	1	25600	44.6753600	-106.9913979
56626442	560330005005	1	30000	44.6617172	-106.9962981
56626443	560330005005	1	26600	44.6725026	-106.9922182
56626444	560330005005	1	25300	44.6732584	-106.9920544
56626445	560330005005	1	126900	44.7139035	-106.9664191
56626446	560330005005	1	112600	44.6770428	-106.9892531
56626447	560330005005	1	7000	44.6742973	-106.9910789
56626448	560330005005	1	186000	44.7030518	-106.9774721
56626449	560330005005	1	37400	44.6996642	-106.9636296
56626450	560330005005	1	91500	44.6641143	-106.9939164
56626451	560330005005	1	166000	44.6937758	-106.9865569
56626452	560330005005	1	175000	44.6935878	-106.9872052
56626453	560330005005	1	31500	44.6999154	-106.9650127
56626454	560330005005	1	186000	44.6641927	-106.9933769
56626455	560330005005	1	111000	44.6993677	-106.9666675
56626456	560330005005	1	193000	44.7031974	-106.9580027
56626457	560330005005	1	73000	44.6954015	-106.9855659
56626458	560330005005	1	141700	44.7081537	-106.9710279
56626459	560330005005	1	26360	44.7041144	-106.9782949
56626460	560330005005	1	25000	44.7020164	-106.9576133
56626461	560330005005	1	117600	44.7035409	-106.9582138
56626462	560330005005	1	26100	44.6784598	-106.9901810
56626463	560330005005	1	38100	44.6818616	-106.9860639
56626464	560330005005	1	47000	44.6780751	-106.9903540
56626465	560330005005	1	716000	44.7014827	-106.9798531
56626466	560330005005	1	114530	44.7125143	-106.9675404
56626467	560330005005	1	172500	44.7010499	-106.9803079
56626468	560330005005	1	30400	44.6780045	-106.9871033
56626469	560330005005	1	55700	44.6780612	-106.9881241
56626470	560330005005	1	110100	44.6790015	-106.9876738
56626471	560330005005	1	107100	44.6813136	-106.9962486
56626472	560330005005	1	37000	44.6789617	-106.9856575
56626473	560330005005	1	147000	44.6770919	-106.9883594
56626474	560330005005	1	11700	44.6755444	-106.9875478
56626475	560330005005	1	168400	44.6818868	-106.9950586
56626476	560330005005	1	32100	44.6803510	-106.9957591
56626477	560330005005	1	151400	44.6714600	-106.9928814
56626478	560330005005	1	57900	44.6785781	-106.9890362
56626479	560330005005	1	92700	44.6592293	-106.9985487
56626480	560330005005	1	27300	44.6970473	-106.9843856
56626481	560330005005	1	95700	44.7032384	-106.9832954
56626482	560330005005	1	51000	44.6758400	-106.9897559
56626483	560330005005	1	40900	44.6988206	-106.9813298
56626484	560330005005	1	82410	44.6613185	-106.9941310
56626485	560330005005	1	104000	44.6715812	-106.9889402
56626486	560330005005	1	175000	44.6720281	-106.9872222
56626487	560330005005	1	148000	44.6683129	-106.9932877
56626488	560330005005	1	100660	44.6796739	-106.9842554
56626489	560330005005	1	143000	44.6739700	-106.9920680
56626490	560330005005	1	122000	44.6733149	-106.9916558
56626491	560330005005	1	58800	44.7063820	-106.9720331
56626492	560330005005	1	95600	44.7012904	-106.9785847
56626493	560330005005	1	155000	44.6714464	-106.9895575
56626494	560330005005	1	110510	44.6721851	-106.9883838
56626495	560330005005	1	25200	44.7098237	-106.9553930
56626496	560330005005	1	139000	44.7032791	-106.9843264
56626497	560330005005	1	6000	44.6718167	-106.9905638
56626498	560330005005	1	31400	44.6707779	-106.9917551
56626499	560330005005	1	107300	44.6617179	-106.9948701
56626500	560330005005	1	31200	44.6672736	-106.9956452
56626501	560330005005	1	97600	44.6617893	-106.9934038
56626502	560330005005	1	114700	44.7012871	-106.9679424
56626503	560330005005	1	70700	44.6703615	-106.9899290
56626504	560330005005	1	94700	44.6610370	-106.9926825
56626505	560330005005	1	115000	44.7106016	-106.9564936
56626506	560330005005	1	71500	44.6815676	-106.9975258
56626507	560330005005	1	144000	44.7007591	-106.9761988
56626508	560330005005	1	39000	44.6993805	-106.9704252
56626509	560330005005	1	25000	44.6988284	-106.9658480
56626510	560330005005	1	99000	44.7003506	-106.9675599
56626511	560330005005	1	67600	44.6985295	-106.9623945
56626512	560330005005	1	101600	44.7000915	-106.9756362
56626513	560330005005	1	80000	44.6742879	-106.9890934
56626514	560330005005	1	13200	44.6791751	-106.9865426
56626515	560330005005	1	10970	44.7002364	-106.9664041
56626516	560330005005	1	23900	44.7002612	-106.9647279
56626517	560330005005	1	33900	44.6634503	-106.9950059
56626518	560330005005	1	247500	44.6691386	-106.9904926
56626519	560330005005	1	28500	44.6987537	-106.9654083
56626520	560330005005	1	153800	44.6630230	-106.9939578
56626521	560330005005	1	32000	44.6773868	-106.9889625
56626522	560330005005	1	40400	44.7023714	-106.9597285
56626523	560330005005	1	36400	44.7120088	-106.9676650
56626524	560330005005	1	97600	44.6950986	-106.9868078
56626525	560330005005	1	119500	44.6627608	-106.9946147
56626526	560330005005	1	27000	44.6748753	-106.9887276
56626527	560330005005	1	35400	44.6722147	-106.9904756
56626528	560330005005	1	85500	44.7039762	-106.9665732
56626529	560330005005	1	28200	44.6983326	-106.9633246
56626530	560330005005	1	117500	44.7034432	-106.9680551
56626531	560330005005	1	77400	44.6610395	-106.9966774
56626532	560330005005	1	239000	44.7034627	-106.9692559
56626533	560330005005	1	55000	44.6843883	-106.9880046
56626534	560330005005	1	149100	44.7000862	-106.9686886
56626535	560330005005	1	157000	44.6978797	-106.9655055
56626536	560330005005	1	6200	44.6960331	-106.9701063
56626537	560330005005	1	119000	44.6963186	-106.9679033
56626538	560330005005	1	43000	44.6971953	-106.9618551
56626539	560330005005	1	62600	44.6977927	-106.9642912
56626540	560330005005	1	101700	44.6968985	-106.9638126
56626541	560330005005	1	25900	44.7042414	-106.9721943
56626542	560330005005	1	28300	44.6819518	-106.9983224
56626543	560330005005	1	122000	44.6802187	-106.9864864
56626544	560330005005	1	239000	44.6980923	-106.9606290
56626545	560330005005	1	186000	44.6976814	-106.9640763
56626546	560330005005	1	144000	44.6974724	-106.9628639
56626547	560330005005	1	60000	44.7035182	-106.9826132
56626548	560330005005	1	114050	44.6662687	-106.9959414
56626549	560330005005	1	88000	44.6950921	-106.9695445
56626550	560330005005	1	155530	44.6685189	-106.9923961
56626551	560330005005	1	48000	44.7165917	-106.9637161
56626552	560330005005	1	178000	44.6942642	-106.9701674
56626553	560330005005	1	27400	44.7026670	-106.9841538
56626554	560330005005	1	103600	44.6683428	-106.9911021
56626555	560330005005	1	172500	44.6979247	-106.9670179
56626556	560330005005	1	163100	44.7026453	-106.9600701
56626557	560330005005	1	71090	44.7052588	-106.9732981
56626558	560330005005	1	61800	44.6696903	-106.9917234
56626559	560330005005	1	36500	44.6729077	-106.9884722
56626560	560330005005	1	9500	44.7173785	-106.9633270
56626561	560330005005	1	231300	44.6725561	-106.9902940
56626562	560330005005	1	93001	44.7029618	-106.9780750
56626563	560330005005	1	35560	44.6715626	-106.9820224
56626564	560330005005	1	28300	44.7004385	-106.9794893
56626565	560330005005	1	31200	44.6957757	-106.9855934
56626566	560330005005	1	179600	44.6733310	-106.9824500
56626567	560330005005	1	100000	44.6674688	-106.9918292
56626568	560330005005	1	118100	44.7013651	-106.9605635
56626569	560330005005	1	25800	44.7054452	-106.9723407
56626570	560330005005	1	100660	44.7101783	-106.9702909
56626571	560330005005	1	115000	44.6861885	-106.9767756
56626572	560330005005	1	71000	44.7120980	-106.9620957
56626573	560330005005	1	31500	44.6764351	-106.9999090
56626574	560330005005	1	100800	44.6879088	-106.9762707
56626575	560330005005	1	40800	44.7058353	-106.9473469
56626576	560330005005	1	283630	44.6973620	-106.9597627
56626577	560330005005	1	130100	44.7009366	-106.9585441
56626578	560330005005	1	117500	44.6996842	-106.9594844
56626579	560330005005	1	24800	44.7096236	-106.9571949
56626580	560330005005	1	101600	44.6958163	-106.9845126
56626581	560330005005	1	25300	44.6899937	-106.9721893
56626582	560330005005	1	26800	44.6796070	-106.9963496
56626583	560330005005	1	30000	44.6784308	-106.9947305
56626584	560330005005	1	100000	44.7010935	-106.9578420
56626585	560330005005	1	194000	44.6969447	-106.9686961
56626586	560330005005	1	101000	44.6886254	-106.9870781
56626587	560330005005	1	52500	44.7100446	-106.9689759
56626588	560330005005	1	29200	44.7110922	-106.9692817
56626589	560330005005	1	23900	44.6971976	-106.9584471
56626590	560330005005	1	285000	44.6719677	-106.9806092
56626591	560330005005	1	25000	44.6986789	-106.9584501
56626592	560330005005	1	161000	44.6986432	-106.9614715
56626593	560330005005	1	60000	44.6991644	-106.9595533
56626594	560330005005	1	109600	44.6773868	-106.9905698
56626595	560330005005	1	31500	44.6903915	-106.9708314
56626596	560330005005	1	24300	44.6728928	-106.9809751
56626597	560330005005	1	168000	44.6979198	-106.9585600
56626598	560330005005	1	75000	44.6739413	-106.9803540
56626599	560330005005	1	94000	44.6725074	-106.9817859
56626600	560330005005	1	40200	44.6821684	-106.9970992
56626601	560330005005	1	27400	44.6977278	-106.9593503
56626602	560330005005	1	25000	44.7027359	-106.9863575
56626603	560330005005	1	45860	44.6799079	-106.9877275
56626604	560330005005	1	157000	44.7065107	-106.9485734
56626605	560330005005	1	82410	44.6742678	-106.9897941
56626606	560330005005	1	102000	44.7037471	-106.9795119
56626607	560330005005	1	105530	44.6744806	-106.9905784
56626608	560330005005	1	29200	44.6592670	-107.0003379
56626609	560330005005	1	145000	44.6583666	-107.0005679
56626610	560330005005	1	165010	44.6933413	-106.9705801
56626611	560330005005	1	35800	44.6590129	-106.9995171
56626612	560330005005	1	112800	44.6599739	-106.9990629
56626613	560330005005	1	11300	44.6822036	-107.0009209
56626614	560330005005	1	25700	44.6816442	-106.9874382
56626615	560330005005	1	35001	44.6950117	-106.9694530
56626616	560330005005	1	53000	44.6803251	-106.9880326
56626617	560330005005	1	55600	44.6572235	-106.9999417
56626618	560330005005	1	27400	44.7000363	-106.9575696
56626619	560330005005	1	82200	44.7032648	-106.9808682
56626620	560330005005	1	178800	44.6758929	-106.9852008
56626621	560330005005	1	84000	44.6761682	-106.9861677
56626622	560330005005	1	112600	44.6694779	-106.9932263
56626623	560330005005	1	55010	44.7091223	-106.9538372
56626624	560330005005	1	38000	44.6996454	-106.9589181
56626625	560330005005	1	32100	44.6747703	-106.9882059
56626626	560330005005	1	120000	44.6752830	-106.9871051
56626627	560330005005	1	120000	44.6765648	-106.9866527
56626628	560330005005	1	45000	44.6752149	-106.9850581
56626629	560330005005	1	166000	44.6775686	-106.9858033
56626630	560330005005	1	14000	44.7039651	-106.9596051
56626631	560330005005	1	30000	44.6957335	-106.9707760
56626632	560330005005	1	51000	44.7045310	-106.9448129
56626633	560330005005	1	31900	44.6784819	-106.9851823
56626634	560330005005	1	116000	44.6778879	-106.9849713
56626635	560330005005	1	25300	44.6872126	-106.9760147
56626636	560330005005	1	25600	44.7197434	-106.9617891
56626637	560330005005	1	107100	44.7022581	-106.9854681
56626638	560330005005	1	166000	44.7039653	-106.9729356
56626639	560330005005	1	97000	44.6739155	-106.9875344
56626640	560330005005	1	30550	44.6731613	-106.9870739
56626641	560330005005	1	52020	44.6774061	-106.9846522
56626642	560330005005	1	79600	44.6772000	-106.9852108
56626643	560330005005	1	27000	44.7005615	-106.9607562
56626644	560330005005	1	39900	44.7031903	-106.9637158
56626645	560330005005	1	26360	44.6743206	-106.9863543
56626646	560330005005	1	186000	44.6734725	-106.9864320
56626647	560330005005	1	90100	44.6782883	-106.9818355
56626648	560330005005	1	74000	44.6777095	-106.9832497
56626649	560330005005	1	216900	44.6790683	-106.9829070
56626650	560330005005	1	12500	44.7014794	-106.9817045
56626651	560330005005	1	61000	44.6868716	-106.9866481
56626652	560330005005	1	39300	44.6869274	-106.9776087
56626653	560330005005	1	152004	44.7024585	-106.9877297
56626654	560330005005	1	137500	44.7074194	-106.9511734
56626655	560330005005	1	75200	44.6885262	-106.9724615
56626656	560330005005	1	30500	44.6966785	-106.9704865
56626657	560330005005	1	11300	44.6897108	-106.9877218
56626658	560330005005	1	188000	44.6995441	-106.9578929
56626659	560330005005	1	101500	44.6688502	-106.9938673
56626660	560330005005	1	115000	44.7156901	-106.9646339
56626661	560330005005	1	115020	44.7072669	-106.9509446
56626662	560330005005	1	112800	44.7024051	-106.9643512
56626663	560330005005	1	110100	44.6902800	-106.9725862
56626664	560330005005	1	27400	44.6820202	-106.9990620
56626665	560330005005	1	115000	44.6821273	-107.0080856
56626666	560330005005	1	143400	44.7084571	-106.9705739
56626667	560330005005	1	208790	44.6818682	-107.0095957
56626668	560330005005	1	142300	44.6719811	-106.9800226
56626669	560330005005	1	143400	44.6801868	-106.9980323
56626670	560330005005	1	138000	44.6996558	-106.9843515
56626671	560330005005	1	110000	44.6987742	-106.9752080
56626672	560330005005	1	111000	44.7017324	-106.9855742
56626673	560330005005	1	340500	44.7017078	-106.9865744
56626674	560330005005	1	30000	44.6986441	-106.9874717
56626675	560330005005	1	58900	44.7147186	-106.9649846
56626676	560330005005	1	31200	44.6731797	-106.9801857
56626677	560330005005	1	100500	44.6992377	-106.9676058
56626678	560330005005	1	185000	44.6783582	-107.0012406
56626679	560330005005	1	10400	44.6780474	-106.9771435
56626680	560330005005	1	35000	44.7038580	-106.9552744
56626681	560330005005	1	30500	44.7000389	-106.9827055
56626682	560330005005	1	25600	44.6960164	-106.9580329
56626683	560330005005	1	24700	44.6736889	-106.9811675
56626684	560330005005	1	69000	44.7114855	-106.9642955
56626685	560330005005	1	32000	44.6963937	-106.9649731
56626686	560330005005	1	31500	44.7019872	-106.9614502
56626687	560330005005	1	117530	44.7027434	-106.9801015
56626688	560330005005	1	0	44.6917559	-106.9727516
56626689	560330005005	1	33300	44.6953346	-106.9725262
56626690	560330005005	1	136600	44.7123668	-106.9664340
56626691	560330005005	1	111000	44.7026699	-106.9615766
56626692	560330005005	1	107300	44.7019002	-106.9634146
56626693	560330005005	1	135000	44.7099857	-106.9680304
56626694	560330005005	1	160000	44.7016055	-106.9642758
56626695	560330005005	1	92200	44.7035727	-106.9572772
56626696	560330005005	1	130800	44.7016985	-106.9632897
56626697	560330005005	1	122300	44.7121035	-106.9584188
56626698	560330005005	1	97000	44.6968221	-106.9663955
56626699	560330005005	1	57500	44.6784917	-106.9935727
56626700	560330005005	1	143000	44.6876027	-106.9736625
56626701	560330005005	1	124600	44.6977601	-106.9749773
56626702	560330005005	1	410000	44.6876313	-106.9745127
56626703	560330005005	1	37000	44.7052821	-106.9695409
56626704	560330005005	1	37500	44.6872874	-106.9742901
56626705	560330005005	1	65050	44.7018465	-106.9836927
56626706	560330005005	1	71000	44.6988959	-106.9834647
56626707	560330005005	1	97600	44.6886969	-106.9744450
56626708	560330005005	1	254800	44.6910769	-106.9734930
56626709	560330005005	1	12500	44.6885876	-106.9737626
56626710	560330005005	1	118300	44.6983334	-106.9670033
56626711	560330005005	1	45200	44.7031000	-106.9812285
56626712	560330005005	1	42000	44.6898414	-106.9740372
56626713	560330005005	1	100500	44.6549906	-107.0016132
56626714	560330005005	1	104800	44.6994966	-106.9780697
56626715	560330005005	1	32400	44.7001370	-106.9706708
56626716	560330005005	1	39000	44.6574408	-107.0009777
56626717	560330005005	1	112000	44.6576298	-107.0004742
56626718	560330005005	1	124000	44.6976135	-106.9871539
56626719	560330005005	1	75000	44.6972132	-106.9612364
56626720	560330005005	1	93300	44.7047044	-106.9577024
56626721	560330005005	1	165000	44.7014236	-106.9807143
56626722	560330005005	1	28700	44.7075904	-106.9698795
56626723	560330005005	1	35000	44.7015633	-106.9844848
56626724	560330005005	1	37000	44.7029179	-106.9832591
56626725	560330005005	1	103120	44.7027872	-106.9817096
56626726	560330005005	1	29200	44.6856375	-106.9867355
56626727	560330005005	1	105970	44.6772469	-106.9938158
56626728	560330005005	1	137000	44.6998474	-106.9609069
56626729	560330005005	1	47000	44.6975659	-106.9700169
56626730	560330005005	1	100000	44.6977831	-106.9733118
56626731	560330005005	1	78000	44.7004927	-106.9814464
56626732	560330005005	1	185000	44.6567660	-107.0009971
56626733	560330005005	1	172700	44.7026075	-106.9450236
56626734	560330005005	1	168400	44.6569450	-107.0030541
56626735	560330005005	1	716000	44.6997480	-106.9629645
56626736	560330005005	1	28000	44.7007421	-106.9692835
56626737	560330005005	1	39500	44.6985234	-106.9838731
56626738	560330005005	1	45600	44.6892847	-106.9708126
56626739	560330005005	1	126200	44.6999342	-106.9812829
56626740	560330005005	1	63500	44.7008870	-106.9826377
56626741	560330005005	1	32200	44.7007411	-106.9840032
56626742	560330005005	1	130000	44.7061699	-106.9559545
56626743	560330005005	1	50000	44.7032427	-106.9872200
56626744	560330005005	1	26100	44.7088258	-106.9557665
56626745	560330005005	1	25000	44.6547798	-107.0024149
56626746	560330005005	1	31000	44.6881535	-106.9868897
56626747	560330005005	1	141600	44.7001853	-106.9857345
56626748	560330005005	1	75500	44.6879344	-106.9703921
56626749	560330005005	1	115000	44.6989254	-106.9738085
56626750	560330005005	1	25800	44.6976153	-106.9845159
56626751	560330005005	1	100000	44.6979876	-106.9574438
56626752	560330005005	1	77500	44.6882123	-106.9717400
56626753	560330005005	1	121800	44.6997998	-106.9857086
56626754	560330005005	1	31900	44.6979080	-106.9700897
56626755	560330005005	1	76000	44.6985728	-106.9859623
56626756	560330005005	1	28300	44.7008373	-106.9867581
56626757	560330005005	1	80430	44.6989161	-106.9849043
56626758	560330005005	1	48000	44.6989416	-106.9683078
56626759	560330005005	1	122300	44.6995621	-106.9863509
56626760	560330005005	1	151400	44.7026962	-106.9569707
56626761	560330005005	1	28500	44.6964058	-106.9874543
56626762	560330005005	1	32000	44.6967308	-106.9857092
56626763	560330005005	1	197400	44.6980894	-106.9767560
56626764	560330005005	1	26920	44.7050859	-106.9565650
56626765	560330005005	1	402000	44.6560356	-107.0016527
56626766	560330005005	1	153800	44.6955454	-106.9871293
56626767	560330005005	1	41500	44.6557153	-107.0025483
56626768	560330005005	1	85000	44.6980903	-106.9848752
56626769	560330005005	1	25700	44.6538546	-107.0025351
56626770	560330005005	1	32400	44.6966146	-106.9598702
56626771	560330005005	1	27300	44.6979667	-106.9869227
56626772	560330005005	1	46820	44.6965688	-106.9855646
56626773	560330005005	1	2760	44.6994235	-106.9745407
56626774	560330005005	1	104000	44.6964470	-106.9605305
56626775	560330005005	1	122300	44.7015511	-106.9783010
56626776	560330005005	1	27400	44.6881775	-106.9867469
56626777	560330005005	1	28600	44.6986373	-106.9713458
56626778	560330005005	1	42100	44.6789454	-106.9974021
56626779	560330005005	1	102600	44.6795916	-106.9998066
56626780	560330005005	1	65050	44.7010841	-106.9565191
56626781	560330005005	1	152300	44.7140031	-106.9616728
56626782	560330005005	1	27400	44.6964719	-106.9718302
56626783	560330005005	1	87000	44.6998220	-106.9713505
56626784	560330005005	1	30000	44.6791143	-106.9982615
56626785	560330005005	1	81490	44.7110715	-106.9577631
56626786	560330005005	1	38900	44.6974842	-106.9714034
56626787	560330005005	1	112000	44.7063773	-106.9694593
56626788	560330005005	1	75900	44.7052128	-106.9546273
56626789	560330005005	1	67000	44.6782901	-106.9988176
56626790	560330005005	1	115000	44.6902637	-106.9875516
56626791	560330005005	1	25000	44.6884139	-106.9862288
56626792	560330005005	1	46010	44.6787914	-106.9993887
56626793	560330005005	1	93001	44.6788917	-106.9962087
56626794	560330005005	1	241500	44.6729710	-106.9950808
56626795	560330005005	1	26100	44.7141659	-106.9622668
56626796	560330005005	1	95050	44.7134137	-106.9640170
56626797	560330005005	1	50060	44.7063535	-106.9686733
56626798	560330005005	1	51000	44.7176277	-106.9622989
56626799	560330005005	1	42000	44.6789367	-107.0044615
56626800	560330005005	1	78800	44.7153358	-106.9637861
56626801	560330005005	1	28000	44.6808397	-107.0020833
56626802	560330005005	1	10900	44.7170761	-106.9631390
56626803	560330005005	1	40000	44.6796546	-107.0041271
56626804	560330005005	1	41900	44.6792346	-107.0030036
56626805	560330005005	1	59200	44.6812521	-107.0024918
56626806	560330005005	1	141400	44.6793623	-106.9816111
56626807	560330005005	1	98680	44.6793707	-107.0035527
56626808	560330005005	1	31200	44.6815378	-106.9999115
56626809	560330005005	1	105000	44.6759187	-106.9820035
56626810	560330005005	1	60000	44.6815216	-107.0041646
56626811	560330005005	1	134000	44.6808990	-107.0040212
56626812	560330005005	1	174000	44.7006002	-106.9741510
56626813	560330005005	1	69000	44.6979440	-106.9684151
56626814	560330005005	1	27400	44.6776735	-106.9822080
56626815	560330005005	1	50600	44.6766459	-106.9814511
56626816	560330005005	1	52900	44.6797975	-107.0053987
56626817	560330005005	1	177000	44.7125566	-106.9600847
56626818	560330005005	1	410000	44.6978702	-106.9715033
56626819	560330005005	1	127600	44.6961717	-106.9619252
56626820	560330005005	1	8200	44.6797819	-107.0065670
56626821	560330005005	1	67500	44.6805768	-107.0004036
56626822	560330005005	1	24300	44.6742563	-106.9815958
56626823	560330005005	1	24500	44.7001440	-106.9628967
56626824	560330005005	1	115000	44.6816071	-107.0060788
56626825	560330005005	1	48000	44.6769069	-106.9773842
56626826	560330005005	1	135000	44.6781223	-106.9808436
56626827	560330005005	1	45600	44.6895111	-106.9864808
56626828	560330005005	1	147200	44.6852926	-106.9855691
56626829	560330005005	1	68500	44.6759672	-106.9783310
56626830	560330005005	1	176800	44.6780252	-106.9794984
56626831	560330005005	1	83200	44.6758320	-106.9791298
56626832	560330005005	1	28300	44.6809973	-107.0065638
56626833	560330005005	1	48200	44.6776422	-106.9775699
56626834	560330005005	1	79900	44.6762077	-106.9794005
56626835	560330005005	1	60200	44.6765774	-106.9808484
56626836	560330005005	1	236100	44.6804276	-107.0058859
56626837	560330005005	1	102000	44.6775217	-106.9790359
56626838	560330005005	1	41000	44.6771002	-106.9800919
56626839	560330005005	1	107100	44.7117160	-106.9632856
56626840	560330005005	1	87400	44.6744980	-106.9790643
56626841	560330005005	1	46500	44.6968586	-106.9727932
56626842	560330005005	1	27600	44.6755270	-106.9806150
56626843	560330005005	1	239000	44.7063009	-106.9516771
56626844	560330005005	1	54400	44.7064066	-106.9577093
56626845	560330005005	1	45000	44.6821684	-107.0110600
56626846	560330005005	1	39000	44.7160275	-106.9628234
56626847	560330005005	1	125610	44.6790552	-107.0058289
56626848	560330005005	1	25700	44.6865451	-106.9862498
56626849	560330005005	1	0	44.6747826	-106.9805791
56626850	560330005005	1	151400	44.6791566	-107.0015762
56626851	560330005005	1	57900	44.7037757	-106.9472355
56626852	560330005005	1	26900	44.7011173	-106.9610960
56626853	560330005005	1	186000	44.7063645	-106.9495113
56626854	560330005005	1	120000	44.6937046	-106.9617580
56626855	560330005005	1	40000	44.7157908	-106.9642732
56626856	560330005005	1	26000	44.7148656	-106.9629550
56626857	560330005005	1	29000	44.6863144	-106.9847587
56626858	560330005005	1	74000	44.7089181	-106.9706415
56626859	560330005005	1	112000	44.7135058	-106.9612989
56626860	560330005005	1	53700	44.7072809	-106.9720980
56626861	560330005005	1	98000	44.6977515	-106.9497316
56626862	560330005005	1	25500	44.6973849	-106.9574922
56626863	560330005005	1	25000	44.6741208	-106.9784885
56626864	560330005005	1	95000	44.6754267	-106.9945264
56626865	560330005005	1	197000	44.6850609	-106.9865182
56626866	560330005005	1	62000	44.6765866	-106.9988963
56626867	560330005005	1	40000	44.6776071	-106.9984588
56626868	560330005005	1	104910	44.7117370	-106.9595971
56626869	560330006001	1	87100	44.8750298	-107.2599432
56626870	560330006001	1	75000	44.8746800	-107.2611516
56626871	560330006001	1	93200	44.8751485	-107.2601798
56626872	560330006001	1	77500	44.8749894	-107.2626206
56626873	560330006001	1	43200	44.8747116	-107.2607351
56626874	560330006001	1	17100	44.8744593	-107.2656130
56626875	560330006001	1	112000	44.8751458	-107.2633094
56626876	560330006001	1	45000	44.8749681	-107.2628833
56626877	560330006001	1	163000	44.8744327	-107.2653148
56626878	560330006001	1	68000	44.8745411	-107.2649769
56626879	560330006001	1	60400	44.8741157	-107.2659273
56626880	560330006001	1	29200	44.8739150	-107.2651394
56626881	560330006001	1	78000	44.8746408	-107.2662062
56626882	560330006001	1	65000	44.8741810	-107.2660190
56626883	560330006001	1	52300	44.8751873	-107.2628590
56626884	560330006001	1	59000	44.8763591	-107.2651014
56626885	560330006001	1	47500	44.8746125	-107.2654419
56626886	560330006001	1	32800	44.8739306	-107.2657835
56626887	560330006001	1	11800	44.8746379	-107.2655397
56626888	560330006001	1	53000	44.8764222	-107.2645656
56626889	560330006001	1	106500	44.8745214	-107.2652198
56626890	560330006001	1	17600	44.8759759	-107.2639668
56626891	560330006001	1	32400	44.8765572	-107.2649685
56626892	560330006001	1	76500	44.8762955	-107.2648625
56626893	560330006001	1	28000	44.8763252	-107.2640217
56626894	560330006001	1	57900	44.8761766	-107.2640228
56626895	560330006001	1	57510	44.8761025	-107.2642393
56626896	560330006001	1	100000	44.8759927	-107.2650942
56626897	560330006001	1	39000	44.8759276	-107.2644158
56626898	560330006001	1	22500	44.7478367	-107.5052660
56626899	560330006001	1	225600	44.8791367	-107.2660024
56626900	560330006001	1	30000	44.8764872	-107.2602370
56626901	560330006001	1	18000	44.8719717	-107.2582250
56626902	560330006001	1	27000	44.8724070	-107.2604653
56626903	560330006001	1	83200	44.8752441	-107.2626478
56626904	560330006001	1	54400	44.8755118	-107.2637309
56626905	560330006001	1	48000	44.8750197	-107.2628295
56626906	560330006001	1	29200	44.8724822	-107.2599653
56626907	560330006001	9	48500	44.8750071	-107.2627086
56626908	560330006001	1	30300	44.8722476	-107.2606989
56626909	560330006001	1	15300	44.8720435	-107.2589652
56626910	560330006001	1	72000	44.8716460	-107.2599639
56626911	560330006001	1	39000	44.8718937	-107.2598677
56626912	560330006001	1	279500	44.8717884	-107.2602963
56626913	560330006001	1	66700	44.8722678	-107.2594275
56626914	560330006001	1	32000	44.8723081	-107.2599469
56626915	560330006001	1	39000	44.8718613	-107.2606605
56626916	560330006001	1	53400	44.8764132	-107.2614092
56626917	560330006001	1	64000	44.8756721	-107.2645783
56626918	560330006001	1	266000	44.8724048	-107.2593879
56626919	560330006001	1	52908	44.8717100	-107.2588553
56626920	560330006001	1	80700	44.8718675	-107.2582017
56626921	560330006001	1	65200	44.8753212	-107.2641956
56626922	560330006001	1	49330	44.8724972	-107.2589640
56626923	560330006001	1	95740	44.8721483	-107.2583332
56626924	560330006001	1	140000	44.8766747	-107.2608158
56626925	560330006001	1	79300	44.8755324	-107.2646975
56626926	560330006001	1	65050	44.8749130	-107.2644287
56626927	560330006001	9	70140	44.8754873	-107.2647799
56626928	560330006001	1	31900	44.8765859	-107.2610507
56626929	560330006001	1	35780	44.8757359	-107.2641198
56626930	560330006001	1	101000	44.8755881	-107.2643855
56626931	560330006001	1	46540	44.8790845	-107.2660834
56626932	560330006001	1	37880	44.8736823	-107.2597241
56626933	560330006001	1	154100	44.8751204	-107.2674530
56626934	560330006001	1	8200	44.8760789	-107.2604408
56626935	560330006001	1	86470	44.8768489	-107.2608904
56626936	560330006001	1	96000	44.8765699	-107.2607343
56626937	560330006001	1	27000	44.8754030	-107.2674857
56626938	560330006001	1	18400	44.8751753	-107.2670040
56626939	560330006001	9	22004	44.8747856	-107.2669572
56626940	560330006001	1	43200	44.8737304	-107.2605682
56626941	560330006001	1	64300	44.8734900	-107.2607173
56626942	560330006001	1	28900	44.8749191	-107.2675740
56626943	560330006001	1	64000	44.8749113	-107.2671231
56626944	560330006001	1	32000	44.8738296	-107.2605085
56626945	560330006001	1	73000	44.8740410	-107.2606564
56626946	560330006001	1	53000	44.8739931	-107.2597639
56626947	560330006001	1	65000	44.8786292	-107.2656511
56626948	560330006001	1	32400	44.8714797	-107.2595713
56626949	560330006001	1	34500	44.8713704	-107.2618058
56626950	560330006001	1	20000	44.8710559	-107.2607274
56626951	560330006001	1	102600	44.8709437	-107.2615653
56626952	560330006001	1	67700	44.8712193	-107.2609329
56626953	560330006001	1	45600	44.8710610	-107.2612637
56626954	560330006001	1	80000	44.8714019	-107.2611837
56626955	560330006001	1	53000	44.8786648	-107.2665190
56626956	560330006001	9	48500	44.8710277	-107.2603402
56626957	560330006001	1	57290	44.8714043	-107.2602486
56626958	560330006001	1	23000	44.8712309	-107.2602837
56626959	560330006001	1	248000	44.8787719	-107.2668239
56626960	560330006001	1	70500	44.8711399	-107.2595381
56626961	560330006001	1	79900	44.8713742	-107.2603638
56626962	560330006001	1	70000	44.7483513	-107.5051844
56626963	560330006001	1	25500	44.8731933	-107.2661058
56626964	560330006001	1	25700	44.8747813	-107.2647732
56626965	560330006001	1	95050	44.8715991	-107.2615762
56626966	560330006001	1	90000	44.8728015	-107.2603585
56626967	560330006001	1	22500	44.8732084	-107.2605415
56626968	560330006001	1	38300	44.8731605	-107.2598387
56626969	560330006001	1	39000	44.8718230	-107.2607605
56626970	560330006001	1	40000	44.8725767	-107.2600006
56626971	560330006001	1	75500	44.8728296	-107.2607750
56626972	560330006001	9	75000	44.8740225	-107.2646343
56626973	560330006001	1	45800	44.8721950	-107.2608892
56626974	560330006001	1	64000	44.8719056	-107.2607371
56626975	560330006001	1	140000	44.8721681	-107.2612800
56626976	560330006001	1	30000	44.8742265	-107.2643894
56626977	560330006001	1	40000	44.8748232	-107.2642962
56626978	560330006001	1	34200	44.8747113	-107.2645679
56626979	560330006001	1	25180	44.8732910	-107.2668959
56626980	560330006001	1	43200	44.8752056	-107.2655682
56626981	560330006001	1	28000	44.8738698	-107.2671637
56626982	560330006001	1	41000	44.8740964	-107.2674058
56626983	560330006001	1	23130	44.8745298	-107.2664706
56626984	560330006001	1	84000	44.8748963	-107.2659709
56626985	560330006001	1	69000	44.8744284	-107.2672020
56626986	560330006001	1	86000	44.8739614	-107.2670555
56626987	560330006001	1	45000	44.8736739	-107.2669229
56626988	560330006001	1	81800	44.8765466	-107.2635975
56626989	560330006001	1	36000	44.8752283	-107.2658774
56626990	560330006001	1	71004	44.8756183	-107.2652221
56626991	560330006001	1	52000	44.8760401	-107.2629587
56626992	560330006001	1	29000	44.8766491	-107.2631511
56626993	560330006001	1	6000	44.8758883	-107.2628991
56626994	560330006001	1	41280	44.7478352	-107.5056564
56626995	560330006001	1	18000	44.8724462	-107.2578127
56626996	560330006001	1	14000	44.8724723	-107.2687559
56626997	560330006001	1	50000	44.8712282	-107.2581118
56626998	560330006001	1	70000	44.8735529	-107.2660859
56626999	560330006001	1	249930	44.8709244	-107.2589938
56627000	560330006001	1	55000	44.8720115	-107.2691010
56627001	560330006001	1	58300	44.8710414	-107.2580114
56627002	560330006001	1	40750	44.8710360	-107.2583632
56627003	560330006001	1	73400	44.8725576	-107.2571973
56627004	560330006001	1	133000	44.8712277	-107.2688644
56627005	560330006001	1	84000	44.8723935	-107.2685718
56627006	560330006001	1	40750	44.8719567	-107.2686937
56627007	560330006001	1	42960	44.8715564	-107.2689364
56627008	560330006001	1	62600	44.8710671	-107.2693476
56627009	560330006001	1	42000	44.8716155	-107.2689985
56627010	560330006001	1	54400	44.7479682	-107.5059283
56627011	560330006001	1	15800	44.8749563	-107.2678410
56627012	560330006001	1	54600	44.8734189	-107.2641557
56627013	560330006001	1	38400	44.8720411	-107.2579620
56627014	560330006001	1	22500	44.8721116	-107.2575527
56627015	560330006001	1	22800	44.8731137	-107.2638254
56627016	560330006001	1	41280	44.8734977	-107.2637945
56627017	560330006001	1	55000	44.8734964	-107.2639922
56627018	560330006001	1	51000	44.7479727	-107.5072002
56627019	560330006001	1	76000	44.8751400	-107.2677381
56627020	560330006001	1	48000	44.8751661	-107.2678272
56627021	560330006001	8	24000	44.8749904	-107.2686822
56627022	560330006001	1	81000	44.7478081	-107.5063694
56627023	560330006001	1	7400	44.7474405	-107.5061510
56627024	560330006001	1	32600	44.7478281	-107.5062877
56627025	560330006001	1	8000	44.7587620	-107.5066058
56627026	560330006001	1	31000	44.8694963	-107.2635477
56627027	560330006001	1	24000	44.8704533	-107.2583158
56627028	560330006001	1	81000	44.8725659	-107.2708270
56627029	560330006001	1	43000	44.8727975	-107.2699709
56627030	560330006001	1	48000	44.8706293	-107.2586858
56627031	560330006001	1	32000	44.8701705	-107.2642534
56627032	560330006001	1	89000	44.8731447	-107.2706084
56627033	560330006001	9	4120	44.8697621	-107.2644534
56627034	560330006001	1	55020	44.8694854	-107.2647706
56627035	560330006001	1	102600	44.8697120	-107.2649151
56627036	560330006001	1	82000	44.8780657	-107.2646965
56627037	560330006001	1	80000	44.8706494	-107.2600047
56627038	560330006001	1	22000	44.8785675	-107.2635886
56627039	560330006001	9	75000	44.8789163	-107.2646961
56627040	560330006001	1	42800	44.8729171	-107.2698418
56627041	560330006001	1	65340	44.8787808	-107.2648306
56627042	560330006001	1	92000	44.8791085	-107.2643897
56627043	560330006001	1	81000	44.8788584	-107.2652751
56627044	560330006001	1	67500	44.8791375	-107.2633097
56627045	560330006001	1	112000	44.8698973	-107.2593041
56627046	560330006001	1	88400	44.8762284	-107.2621455
56627047	560330006001	1	54600	44.8764490	-107.2624139
56627048	560330006001	1	58300	44.8761786	-107.2616010
56627049	560330006001	1	23000	44.8724373	-107.2617702
56627050	560330006001	1	62200	44.8730942	-107.2617258
56627051	560330006001	1	81000	44.8724954	-107.2611531
56627052	560330006001	1	49000	44.8776083	-107.2649111
56627053	560330006001	1	45400	44.8739514	-107.2674523
56627054	560330006001	1	35000	44.8697333	-107.2619429
56627055	560330006001	1	85000	44.8700631	-107.2601786
56627056	560330006001	1	91700	44.8703030	-107.2625257
56627057	560330006001	1	41600	44.8742782	-107.2678471
56627058	560330006001	1	33800	44.8696222	-107.2624076
56627059	560330006001	1	89000	44.8738664	-107.2678361
56627060	560330006001	1	79700	44.8781721	-107.2646216
56627061	560330006001	1	52000	44.8722376	-107.2665677
56627062	560330006001	1	42300	44.8721681	-107.2661524
56627063	560330006001	1	46010	44.8725273	-107.2660202
56627064	560330006001	1	37900	44.8736438	-107.2611210
56627065	560330006001	1	40270	44.8740075	-107.2611328
56627066	560330006001	1	104000	44.8738009	-107.2620842
56627067	560330006001	1	82000	44.7598436	-107.5133987
56627068	560330006001	1	5600	44.8461471	-107.2609339
56627069	560330006001	1	83900	44.8746329	-107.2633375
56627070	560330006001	1	118200	44.8715831	-107.2628892
56627071	560330006001	1	50060	44.8701294	-107.2640284
56627072	560330006001	1	14600	44.8696301	-107.2636089
56627073	560330006001	1	41300	44.8778174	-107.2610283
56627074	560330006001	1	37900	44.8776311	-107.2613645
56627075	560330006001	1	42960	44.8777155	-107.2616486
56627076	560330006001	1	40600	44.8743908	-107.2636492
56627077	560330006001	1	60000	44.8711851	-107.2625244
56627078	560330006001	1	37000	44.8714655	-107.2629174
56627079	560330006001	1	42700	44.8719783	-107.2621515
56627080	560330006001	1	86470	44.8742583	-107.2623634
56627081	560330006001	1	32000	44.8710285	-107.2625688
56627082	560330006001	1	13970	44.8707437	-107.2624974
56627083	560330006001	1	76000	44.8705965	-107.2605550
56627084	560330006001	1	80000	44.8796198	-107.2642808
56627085	560330006001	1	73000	44.8735295	-107.2674754
56627086	560330006001	1	38000	44.8733323	-107.2685416
56627087	560330006001	1	32000	44.8731542	-107.2676697
56627088	560330006001	1	77300	44.8802844	-107.2658685
56627089	560330006001	1	95000	44.8802659	-107.2656551
56627090	560330006001	1	25500	44.8804030	-107.2651167
56627091	560330006001	1	56004	44.8703780	-107.2608481
56627092	560330006001	1	138100	44.8781410	-107.2668081
56627093	560330006001	1	42300	44.8797491	-107.2640192
56627094	560330006001	1	38300	44.8796494	-107.2640154
56627095	560330006001	1	34400	44.8701640	-107.2607332
56627096	560330006001	1	52000	44.8777522	-107.2666821
56627097	560330006001	1	89000	44.8778561	-107.2661578
56627098	560330006001	9	15900	44.8711264	-107.2641947
56627099	560330006001	1	58000	44.8752363	-107.2620512
56627100	560330006001	1	88400	44.8716935	-107.2698931
56627101	560330006001	1	22400	44.8734515	-107.2655278
56627102	560330006001	1	248000	44.8454126	-107.2604761
56627103	560330006001	1	96000	44.8775284	-107.2618370
56627104	560330006001	1	47000	44.8735492	-107.2648522
56627105	560330006001	1	21100	44.8773924	-107.2620008
56627106	560330006001	1	47000	44.8782350	-107.2639306
56627107	560330006001	1	37700	44.8745647	-107.2618158
56627108	560330006001	1	71000	44.8717415	-107.2708556
56627109	560330006001	1	28300	44.8745302	-107.2618513
56627110	560330006001	1	43000	44.8781334	-107.2642350
56627111	560330006001	1	78000	44.8713687	-107.2576595
56627112	560330006001	1	59800	44.8716635	-107.2569516
56627113	560330006001	1	95001	44.8705374	-107.2636344
56627114	560330006001	1	101000	44.8725931	-107.2635021
56627115	560330006001	1	61700	44.8757705	-107.2617604
56627116	560330006001	1	42000	44.8736784	-107.2632585
56627117	560330006001	1	150000	44.8739640	-107.2624101
56627118	560330006001	1	177000	44.8725448	-107.2631069
56627119	560330006001	1	35000	44.8728456	-107.2622528
56627120	560330006001	1	40000	44.8729385	-107.2641834
56627121	560330006001	1	0	44.8721239	-107.2682597
56627122	560330006001	1	24450	44.8726758	-107.2691756
56627123	560330006001	1	34200	44.8728022	-107.2693264
56627124	560330006001	1	78000	44.8727166	-107.2582856
56627125	560330006001	1	63810	44.8723046	-107.2679113
56627126	560330006001	1	75000	44.8733835	-107.2586555
56627127	560330006001	1	50000	44.7590511	-107.5051434
56627128	560330006001	1	85000	44.7583374	-107.5065026
56627129	560330006001	1	132000	44.7562431	-107.5060230
56627130	560330006001	1	15200	44.8793109	-107.2668771
56627131	560330006001	1	69060	44.7593266	-107.5140645
56627132	560330006001	1	42000	44.7556710	-107.5058673
56627133	560330006001	1	8000	44.7538768	-107.5053861
56627134	560330006001	1	76300	44.7595403	-107.5064205
56627135	560330006001	1	78000	44.7599802	-107.5061335
56627136	560330006001	1	90000	44.7558594	-107.5049287
56627137	560330006001	1	1100	44.7542912	-107.5059509
56627138	560330006001	1	32000	44.7561381	-107.5045676
56627139	560330006001	1	45500	44.8051446	-107.4952334
56627140	560330006001	1	30000	44.7568946	-107.5062895
56627141	560330006001	1	56400	44.7621793	-107.5042691
56627142	560330006001	1	370	44.7586639	-107.5050845
56627143	560330006001	1	29780	44.7567116	-107.5052407
56627144	560330006001	1	70000	44.7612717	-107.5065065
56627145	560330006001	1	22500	44.7601673	-107.5053037
56627146	560330006001	1	18000	44.7630279	-107.5044200
56627147	560330006001	1	24000	44.7597669	-107.5049734
56627148	560330006001	1	76000	44.7572698	-107.5076717
56627149	560330006001	1	23000	44.7575362	-107.5074566
56627150	560330006001	1	8400	44.7629332	-107.5048378
56627151	560330006001	1	38000	44.7608696	-107.5070240
56627152	560330006001	1	35400	44.7611891	-107.5047777
56627153	560330006001	1	82000	44.7614632	-107.5049101
56627154	560330006001	1	52000	44.7626444	-107.5052830
56627155	560330006001	1	370	44.7605987	-107.5059226
56627156	560330006001	1	68600	44.7619914	-107.5055814
56627157	560330006001	1	35000	44.7616864	-107.5071160
56627158	560330006001	1	90000	44.7579960	-107.5065464
56627159	560330006001	1	110850	44.7647001	-107.5041078
56627160	560330006001	1	64000	44.7633725	-107.5061112
56627161	560330006001	1	6600	44.7633259	-107.5056350
56627162	560330006001	1	2400	44.7586003	-107.5076310
56627163	560330006001	9	17250	44.7638791	-107.5048128
56627164	560330006001	1	40000	44.7587567	-107.5069361
56627165	560330006001	1	19600	44.7606304	-107.5053589
56627166	560330006001	1	30550	44.7555243	-107.5057269
56627167	560330006001	1	127400	44.7574292	-107.5059806
56627168	560330006001	1	8900	44.7550559	-107.5051816
56627169	560330006001	1	32000	44.7603122	-107.5052973
56627170	560330006001	1	42000	44.7569202	-107.5048874
56627171	560330006001	1	41280	44.7572066	-107.5047260
56627172	560330006001	1	91550	44.8040477	-107.4964924
56627173	560330006001	1	33100	44.7673944	-107.2420688
56627174	560330006001	1	83200	44.8741785	-107.2595113
56627175	560330006001	1	81000	44.7532097	-107.5048090
56627176	560330006001	1	40600	44.7626644	-107.5069415
56627177	560330006001	1	40000	44.7624529	-107.5038233
56627178	560330006001	1	52000	44.7618982	-107.5073453
56627179	560330006001	1	9200	44.7537153	-107.5053461
56627180	560330006001	1	73000	44.7582131	-107.5045669
56627181	560330006001	1	20000	44.7582109	-107.5049467
56627182	560330006001	1	23100	44.8735477	-107.2592252
56627183	560330006001	1	60000	44.7569375	-107.5070021
56627184	560330006001	1	37000	44.8774876	-107.2677570
56627185	560330006001	1	40000	44.8776762	-107.2678403
56627186	560330006001	1	152130	44.8715369	-107.2701802
56627187	560330006001	1	57000	44.7563686	-107.5075197
56627188	560330006001	1	71900	44.8712256	-107.2698447
56627189	560330006001	1	4290	44.8684764	-107.2614692
56627190	560330006001	9	17250	44.8731027	-107.2578511
56627191	560330006001	1	62000	44.8741016	-107.2582955
56627192	560330006001	1	35000	44.8728245	-107.2567435
56627193	560330006001	9	44920	44.8729591	-107.2567868
56627194	560330006001	1	8000	44.8744686	-107.2564620
56627195	560330006001	1	97000	44.8743050	-107.2583794
56627196	560330006001	1	51030	44.8741377	-107.2567465
56627197	560330006001	1	6800	44.8793303	-107.2651550
56627198	560330006001	9	38700	44.7522933	-107.5056605
56627199	560330006001	1	55000	44.8731651	-107.2582072
56627200	560330006001	1	75600	44.7523142	-107.5047954
56627201	560330006001	1	74300	44.8800700	-107.2650248
56627202	560330006001	1	73900	44.8753367	-107.2601800
56627203	560330006001	1	23000	44.8756608	-107.2608982
56627204	560330006001	1	40000	44.8060162	-107.4959309
56627205	560330006001	1	22400	44.8696965	-107.2579173
56627206	560330006001	1	40270	44.9611964	-107.3346409
56627207	560330006001	1	19300	44.8782833	-107.2609072
56627208	560330006001	1	24000	44.8994473	-107.3269216
56627209	560330006001	9	30400	44.8743288	-107.2695691
56627210	560330006001	1	32000	44.8713305	-107.2671001
56627211	560330006001	1	50500	44.8711289	-107.2659529
56627212	560330006001	1	51000	44.8704865	-107.2668334
56627213	560330006001	1	75900	44.8778006	-107.2618558
56627214	560330006001	1	60000	44.8714241	-107.2632458
56627215	560330006001	1	95000	44.7517554	-107.5043994
56627216	560330006001	1	50000	44.8729126	-107.2656144
56627217	560330006001	1	266000	44.8745342	-107.2699324
56627218	560330006001	9	75000	44.8703607	-107.2666229
56627219	560330006001	1	23700	44.8763803	-107.2656445
56627220	560330006001	1	107100	44.8058898	-107.4950170
56627221	560330006001	1	40400	44.8698370	-107.2662055
56627222	560330006001	1	20000	44.8675176	-107.2592360
56627223	560330006001	1	32800	44.8686627	-107.2586298
56627224	560330006001	1	32000	44.8677495	-107.2577394
56627225	560330006001	1	97200	44.8705916	-107.2544022
56627226	560330006001	1	77500	44.8693711	-107.2576705
56627227	560330006001	1	104100	44.8703578	-107.2534373
56627228	560330006001	1	42000	44.8037837	-107.4945554
56627229	560330006001	1	323800	44.8705886	-107.2523688
56627230	560330006001	1	32700	44.8694732	-107.2674466
56627231	560330006001	1	18000	44.8711072	-107.2512969
56627232	560330006001	1	74000	44.8031879	-107.4949030
56627233	560330006001	1	109640	44.8768766	-107.2669128
56627234	560330006001	1	0	44.8056031	-107.4977005
56627235	560330006001	1	8200	44.8762972	-107.2689582
56627236	560330006001	1	45860	44.7629893	-107.5097094
56627237	560330006001	1	32800	44.7895171	-107.2151914
56627238	560330006001	1	14800	44.7767586	-107.2320002
56627239	560330006001	1	100000	44.8037631	-107.4979902
56627240	560330006001	1	63650	44.8048987	-107.4989454
56627241	560330006001	1	80000	44.8057664	-107.4943689
56627242	560330006001	9	21600	44.8048423	-107.4967681
56627243	560330006001	1	56600	44.8052115	-107.4942020
56627244	560330006001	1	36000	44.8050268	-107.4969828
56627245	560330006001	1	37000	44.8036707	-107.4973415
56627246	560330006001	1	43000	44.8777200	-107.2690108
56627247	560330006001	1	25000	44.9595814	-107.3352161
56627248	560330006001	1	33200	44.8044294	-107.4930911
56627249	560330006001	1	85000	44.8031851	-107.4927928
56627250	560330006001	1	77400	44.8704162	-107.2560507
56627251	560330006001	1	130400	44.9610928	-107.3346274
56627252	560330006001	1	67740	44.8693308	-107.2596804
56627253	560330006001	1	58000	44.9549610	-107.3299409
56627254	560330006001	1	30400	44.8707448	-107.2573853
56627255	560330006001	1	16900	44.9553761	-107.3314556
56627256	560330006001	1	35000	44.8724562	-107.2718109
56627257	560330006001	1	32000	44.8770496	-107.2642245
56627258	560330006001	1	22000	44.8681207	-107.2602369
56627259	560330006001	8	77100	44.8684780	-107.2597889
56627260	560330006001	1	80000	44.8693996	-107.2614716
56627261	560330006001	1	29100	44.9554958	-107.3300947
56627262	560330006001	8	24000	44.9534899	-107.3272230
56627263	560330006001	1	2500	44.8758329	-107.2668802
56627264	560330006001	1	335000	44.9532232	-107.3285915
56627265	560330006001	1	71100	44.9569631	-107.3324590
56627266	560330006001	1	23000	44.8674630	-107.2613335
56627267	560330006001	1	53500	44.8689342	-107.2631362
56627268	560330006001	1	71000	44.7617716	-107.5084631
56627269	560330006001	1	45200	44.7663449	-107.5142254
56627270	560330006001	1	27400	44.8775725	-107.2634625
56627271	560330006001	1	77000	44.9885048	-107.4260571
56627272	560330006001	1	89700	44.9894428	-107.4253078
56627273	560330006001	1	52000	44.7898133	-107.2143641
56627274	560330006001	1	8400	44.8773264	-107.2663571
56627275	560330006001	1	42800	44.7943887	-107.2108417
56627276	560330006001	1	47000	44.7940486	-107.2112855
56627277	560330006001	1	30500	44.7672574	-107.5123142
56627278	560330006001	1	63000	44.7699252	-107.5126318
56627279	560330006001	1	41000	44.7686614	-107.5132700
56627280	560330006001	1	57000	44.7704093	-107.5119121
56627281	560330006001	1	18400	44.7664940	-107.5110028
56627282	560330006001	1	5750	44.7692306	-107.5117876
56627283	560330006001	1	65000	44.7654088	-107.5132637
56627284	560330006001	1	46900	44.7610649	-107.5091617
56627285	560330006001	1	80000	44.7692165	-107.5107109
56627286	560330006001	9	17250	44.7662640	-107.5128215
56627287	560330006001	1	82500	44.7677398	-107.5114144
56627288	560330006001	1	31400	44.7678857	-107.5116666
56627289	560330006001	1	95900	44.7689752	-107.5060937
56627290	560330006001	1	35001	44.7642094	-107.5129573
56627291	560330006001	1	32000	44.7680428	-107.5128280
56627292	560330006001	1	63810	44.7609990	-107.5108355
56627293	560330006001	1	50000	44.7596104	-107.5075210
56627294	560330006001	1	34200	44.7686797	-107.5075722
56627295	560330006001	1	64800	44.7692851	-107.5077891
56627296	560330006001	1	40500	44.7606313	-107.5101795
56627297	560330006001	1	118200	44.7590606	-107.5084166
56627298	560330006001	1	32100	44.7603824	-107.5093655
56627299	560330006001	1	39000	44.8779784	-107.2597002
56627300	560330006001	1	58900	44.7640359	-107.5081757
56627301	560330006001	1	16800	44.7683479	-107.5107626
56627302	560330006001	1	45000	44.7654316	-107.5060562
56627303	560330006001	1	83000	44.7628063	-107.5116071
56627304	560330006001	1	22500	44.7642509	-107.5062291
56627305	560330006001	1	84900	44.7634710	-107.5101967
56627306	560330006001	1	31500	44.7656632	-107.5051515
56627307	560330006001	1	48000	44.7622925	-107.5092993
56627308	560330006001	1	38000	44.7652969	-107.5075353
56627309	560330006001	1	24400	44.7673258	-107.5092288
56627310	560330006001	1	67500	44.7659998	-107.5079059
56627311	560330006001	1	84600	44.7641333	-107.5123772
56627312	560330006001	1	7800	44.7652264	-107.5111469
56627313	560330006001	1	61100	44.7673962	-107.5068058
56627314	560330006001	1	50000	44.7669979	-107.5072584
56627315	560330006001	1	33400	44.7680362	-107.5075661
56627316	560330006001	1	21000	44.7640398	-107.5118852
56627317	560330006001	1	68640	44.7640118	-107.5068658
56627318	560330006001	9	17250	44.7660432	-107.5099754
56627319	560330006001	1	38000	44.7683757	-107.5087042
56627320	560330006001	1	50000	44.7676614	-107.5107004
56627321	560330006001	1	110700	44.7635882	-107.5064952
56627322	560330006001	1	36000	44.7649952	-107.5125989
56627323	560330006001	1	42800	44.7649927	-107.5083223
56627324	560330006001	1	33000	44.7635286	-107.5092775
56627325	560330006001	1	43200	44.7665646	-107.5104910
56627326	560330006001	1	87300	44.7626961	-107.5077829
56627327	560330006001	1	37900	44.7664193	-107.5088394
56627328	560330006001	1	23900	44.7604109	-107.5073146
56627329	560330006001	1	129400	44.7656244	-107.5042598
56627330	560330006001	1	58610	44.7693839	-107.5095456
56627331	560330006001	1	49000	44.8693004	-107.2619532
56627332	560330006001	1	225000	44.7679345	-107.5053393
56627333	560330006001	1	71500	44.7614141	-107.5122372
56627334	560330006001	1	60000	44.7670170	-107.5060343
56627335	560330006001	1	25800	44.7648928	-107.5113208
56627336	560330006001	1	29100	44.7662224	-107.5063950
56627337	560330006001	1	120000	44.7651070	-107.5101161
56627338	560330006001	1	23700	44.7634728	-107.5129591
56627339	560330006001	1	16000	44.7659279	-107.5090040
56627340	560330006001	1	57300	44.7680952	-107.5033921
56627341	560330006001	1	80000	44.7625618	-107.5111609
56627342	560330006001	1	48000	44.7613943	-107.5073483
56627343	560330006001	1	83200	44.7616014	-107.5107790
56627344	560330006001	9	30400	44.7687943	-107.5049130
56627345	560330006001	1	85000	44.7693972	-107.5073322
56627346	560330006001	1	8200	44.7692200	-107.5037863
56627347	560330006001	1	64400	44.7760099	-107.2337166
56627348	560330006001	1	21500	44.7821457	-107.2274827
56627349	560330006001	1	44000	44.7692901	-107.5054724
56627350	560330006001	1	39000	44.7671015	-107.5055487
56627351	560330006001	1	82000	44.7697041	-107.5043941
56627352	560330006001	1	19200	44.7587842	-107.5081011
56627353	560330006001	1	47000	44.8713703	-107.2656031
56627354	560330006001	1	95000	44.9538305	-107.3288243
56627355	560330006001	1	119000	44.7782792	-107.2303190
56627356	560330006001	1	49050	44.9583208	-107.3336718
56627357	560330006001	1	57000	44.9561872	-107.3314023
56627358	560330006001	1	122000	44.8785144	-107.3388585
56627359	560330006001	1	47700	44.8689943	-107.2689467
56627360	560330006001	1	115000	44.8705052	-107.2652618
56627361	560330006001	1	60000	44.8771258	-107.2588485
56627362	560330006001	1	76200	44.7488218	-107.5108818
56627363	560330006001	1	74000	44.9573029	-107.3334336
56627364	560330006001	8	48000	44.8788596	-107.2581752
56627365	560330006001	1	97600	44.7583823	-107.5132203
56627366	560330006001	1	35734	44.7552365	-107.5138045
56627367	560330006001	1	45600	44.7571068	-107.5134824
56627368	560330006001	1	47900	44.8780735	-107.2572963
56627369	560330006001	1	6200	44.8672379	-107.2695911
56627370	560330006001	1	93200	44.7591426	-107.5100654
56627371	560330006001	1	87100	44.7611736	-107.5119143
56627372	560330006001	1	71000	44.8773919	-107.2593251
56627373	560330006001	1	153800	44.9586641	-107.3329175
56627374	560330006001	1	158000	44.8802003	-107.2670340
56627375	560330006001	1	17000	44.7486377	-107.5073393
56627376	560330006001	1	21100	44.8780802	-107.3420062
56627377	560330006001	1	81500	44.8767241	-107.2562954
56627378	560330006001	1	90750	44.8785493	-107.2570817
56627379	560330006001	1	32000	44.8777179	-107.2555881
56627380	560330006001	1	29200	44.7827953	-107.2261709
56627381	560330006001	1	42000	44.8784016	-107.2561640
56627382	560330006001	1	9200	44.7776582	-107.2316577
56627383	560330006001	1	96200	44.7482352	-107.5078835
56627384	560330006001	1	35960	44.8715870	-107.2562116
56627385	560330006001	1	8400	44.8785341	-107.2681761
56627386	560330006001	1	75000	44.8674624	-107.2605467
56627387	560330006001	1	84000	44.7503402	-107.5077054
56627388	560330006001	1	91370	44.7471896	-107.5116308
56627389	560330006001	1	106400	44.7472265	-107.5099399
56627390	560330006001	3	72000	44.7580847	-107.5123035
56627391	560330006001	1	37700	44.7527858	-107.5074039
56627392	560330006001	1	61200	44.7522255	-107.5070740
56627393	560330006001	1	79200	44.7493256	-107.5073432
56627394	560330006001	1	48200	44.7494665	-107.5092910
56627395	560330006001	1	60400	44.7509021	-107.5062597
56627396	560330006001	1	25000	44.7494737	-107.5106793
56627397	560330006001	1	38100	44.7500315	-107.5082145
56627398	560330006001	1	47700	44.7529131	-107.5111546
56627399	560330006001	1	92000	44.7531261	-107.5058583
56627400	560330006001	8	37600	44.7513707	-107.5077363
56627401	560330006001	1	30400	44.7524822	-107.5085431
56627402	560330006001	1	47000	44.7532618	-107.5086907
56627403	560330006001	1	38000	44.7522012	-107.5102115
56627404	560330006001	1	42500	44.7509140	-107.5124595
56627405	560330006001	1	97100	44.7562039	-107.5103990
56627406	560330006001	1	40270	44.7547639	-107.5092694
56627407	560330006001	1	92000	44.7568333	-107.5102831
56627408	560330006001	1	40000	44.7515302	-107.5132523
56627409	560330006001	1	70000	44.7537716	-107.5135798
56627410	560330006001	1	89000	44.7539471	-107.5075812
56627411	560330006001	1	87100	44.7539837	-107.5085614
56627412	560330006001	1	99100	44.7559388	-107.5118800
56627413	560330006001	1	73100	44.7548574	-107.5127958
56627414	560330006001	1	28700	44.7538144	-107.5103552
56627415	560330006001	1	87150	44.7545376	-107.5137956
56627416	560330006001	1	35001	44.7476555	-107.5097330
56627417	560330006001	9	85000	44.7528057	-107.5122881
56627418	560330006001	1	63650	44.7497783	-107.5119314
56627419	560330006001	1	40000	44.7514857	-107.5091367
56627420	560330006001	1	53500	44.7575333	-107.5121076
56627421	560330006001	1	43000	44.7551353	-107.5077960
56627422	560330006001	1	47210	44.7503197	-107.5140495
56627423	560330006001	1	70900	44.7513724	-107.5101590
56627424	560330006001	1	65610	44.7500719	-107.5063934
56627425	560330006001	1	20400	44.7565880	-107.5133978
56627426	560330006001	1	66600	44.7489992	-107.5057513
56627427	560330006001	1	38000	44.7523264	-107.5063176
56627428	560330006001	1	26800	44.7500126	-107.5115739
56627429	560330006001	1	41280	44.7532918	-107.5117131
56627430	560330006001	1	225600	44.7553802	-107.5091330
56627431	560330006001	1	82750	44.7558266	-107.5113055
56627432	560330006001	1	100800	44.7494247	-107.5125113
56627433	560330006001	1	32000	44.7533916	-107.5141565
56627434	560330006001	1	38000	44.7516466	-107.5059505
56627435	560330006001	1	45000	44.7550147	-107.5122224
56627436	560330006001	1	47000	44.7525638	-107.5143494
56627437	560330006001	1	73400	44.7573192	-107.5106141
56627438	560330006001	1	41280	44.7593975	-107.5130581
56627439	560330006001	1	41280	44.7481805	-107.5119152
56627440	560330006001	1	116500	44.7508879	-107.5110839
56627441	560330006001	1	27000	44.7517761	-107.5128852
56627442	560330006001	1	42000	44.7565408	-107.5118201
56627443	560330006001	1	81600	44.7545822	-107.5102837
56627444	560330006001	1	53000	44.7510619	-107.5139272
56627445	560330006001	1	8200	44.7518356	-107.5115391
56627446	560330006001	1	35000	44.7531788	-107.5106888
56627447	560330006001	1	101000	44.7454534	-107.5087506
56627448	560330006001	1	55700	44.7485398	-107.5089118
56627449	560330006001	1	96000	44.7503489	-107.5093561
56627450	560330006001	1	64400	44.7491986	-107.5080236
56627451	560330006001	1	89700	44.7487964	-107.5133378
56627452	560330006001	1	376500	44.7474492	-107.5077235
56627453	560330006001	1	53200	44.8675658	-107.2684246
56627454	560330006001	1	50000	44.7456905	-107.5102576
56627455	560330006002	1	28000	44.9099262	-107.1565239
56627456	560330006002	1	80000	44.9050532	-107.1665268
56627457	560330006002	1	145200	44.8331986	-106.9631068
56627458	560330006002	1	62100	44.9068808	-107.1736412
56627459	560330006002	1	39000	44.8132661	-106.9924613
56627460	560330006002	1	48400	44.8924586	-107.1745530
56627461	560330006002	1	58000	44.9087978	-107.1639418
56627462	560330006002	1	29500	44.9050435	-107.1655734
56627463	560330006002	1	26360	44.9088578	-107.1639719
56627464	560330006002	1	239000	44.9093688	-107.1636669
56627465	560330006002	1	231300	44.9087639	-107.1643213
56627466	560330006002	1	3601	44.9087420	-107.1642496
56627467	560330006002	1	94000	44.9054912	-107.1654751
56627468	560330006002	1	22800	44.9088229	-107.1684788
56627469	560330006002	1	22730	44.9052992	-107.1657176
56627470	560330006002	1	28300	44.9056256	-107.1666408
56627471	560330006002	1	85000	44.9055673	-107.1665811
56627472	560330006002	1	23100	44.9090719	-107.1682539
56627473	560330006002	1	99000	44.9060957	-107.1643402
56627474	560330006002	1	31900	44.9051335	-107.1704091
56627475	560330006002	1	28000	44.9034576	-107.1719498
56627476	560330006002	1	26360	44.9037248	-107.1716722
56627477	560330006002	1	84900	44.9052575	-107.1657628
56627478	560330006002	9	27000	44.9035299	-107.1725799
56627479	560330006002	9	22004	44.9040574	-107.1719867
56627480	560330006002	1	8400	44.9041825	-107.1722048
56627481	560330006002	1	45600	44.9037756	-107.1722977
56627482	560330006002	9	195000	44.9054802	-107.1708272
56627483	560330006002	1	64000	44.9054331	-107.1712550
56627484	560330006002	1	104800	44.9036476	-107.1716598
56627485	560330006002	1	148700	44.9057169	-107.1714480
56627486	560330006002	1	29000	44.9057790	-107.1713408
56627487	560330006002	1	13200	44.9057904	-107.1709714
56627488	560330006002	1	36000	44.9060276	-107.1713080
56627489	560330006002	1	115000	44.9060894	-107.1650533
56627490	560330006002	1	94000	44.8334357	-106.9640828
56627491	560330006002	1	54000	44.9046554	-107.1691729
56627492	560330006002	1	53200	44.9052426	-107.1693904
56627493	560330006002	1	103050	44.9045028	-107.1701015
56627494	560330006002	1	30480	44.8335736	-106.9635140
56627495	560330006002	1	30000	44.9049378	-107.1700124
56627496	560330006002	1	97000	44.9052312	-107.1692466
56627497	560330006002	1	64600	44.9059559	-107.1651959
56627498	560330006002	1	9700	44.8331838	-106.9635441
56627499	560330006002	1	81000	44.8332727	-106.9637347
56627500	560330006002	1	32700	44.8330028	-106.9635857
56627501	560330006002	1	28300	44.9059883	-107.1650126
56627502	560330006002	1	81490	44.8334069	-106.9644010
56627503	560330006002	1	55000	44.9064686	-107.1646047
56627504	560330006002	9	38700	44.9091670	-107.1679181
56627505	560330006002	1	27800	44.9040785	-107.1662127
56627506	560330006002	1	75000	44.9079460	-107.1682900
56627507	560330006002	1	26000	44.9057349	-107.1727868
56627508	560330006002	1	19910	44.9059233	-107.1653832
56627509	560330006002	1	54400	44.9052289	-107.1726879
56627510	560330006002	1	20100	44.9060112	-107.1719840
56627511	560330006002	1	117200	44.9054332	-107.1723564
56627512	560330006002	1	22600	44.9056340	-107.1726172
56627513	560330006002	1	50000	44.8231717	-106.9563002
56627514	560330006002	1	26360	44.9081942	-107.1682605
56627515	560330006002	9	29900	44.9081645	-107.1681394
56627516	560330006002	1	360	44.9075039	-107.1674097
56627517	560330006002	1	30500	44.8234936	-106.9565132
56627518	560330006002	1	74000	44.8235824	-106.9558410
56627519	560330006002	1	35960	44.8228157	-106.9557595
56627520	560330006002	1	33000	44.9057901	-107.1754451
56627521	560330006002	1	79500	44.9072750	-107.1644776
56627522	560330006002	1	27400	44.9044965	-107.1660554
56627523	560330006002	1	38400	44.9042391	-107.1655169
56627524	560330006002	1	14800	44.9039773	-107.1659958
56627525	560330006002	1	53800	44.9072700	-107.1676741
56627526	560330006002	1	34200	44.9073864	-107.1674009
56627527	560330006002	1	24000	44.9066456	-107.1670144
56627528	560330006002	1	8000	44.9053004	-107.1746876
56627529	560330006002	1	88000	44.9071403	-107.1665771
56627530	560330006002	1	107500	44.9069153	-107.1649947
56627531	560330006002	1	70000	44.9069385	-107.1650781
56627532	560330006002	1	64700	44.9055432	-107.1755695
56627533	560330006002	1	132400	44.9065734	-107.1666421
56627534	560330006002	9	70140	44.9073606	-107.1663258
56627535	560330006002	1	80900	44.8266625	-106.9598550
56627536	560330006002	1	75900	44.8215294	-106.9819421
56627537	560330006002	1	22700	44.9071297	-107.1608845
56627538	560330006002	1	87700	44.9095204	-107.1733299
56627539	560330006002	1	66000	44.9098916	-107.1727563
56627540	560330006002	9	94000	44.9107065	-107.1570946
56627541	560330006002	1	37700	44.9093720	-107.1560171
56627542	560330006002	1	93200	44.9096754	-107.1564000
56627543	560330006002	1	225000	44.9104247	-107.1738930
56627544	560330006002	1	45300	44.9102045	-107.1711483
56627545	560330006002	1	47804	44.9095656	-107.1729041
56627546	560330006002	1	0	44.9088587	-107.1735342
56627547	560330006002	1	104000	44.9100683	-107.1736227
56627548	560330006002	1	37000	44.9101995	-107.1703321
56627549	560330006002	9	30400	44.9101523	-107.1707760
56627550	560330006002	1	224700	44.9079065	-107.1630290
56627551	560330006002	1	27800	44.9075476	-107.1625393
56627552	560330006002	1	81000	44.9107655	-107.1735996
56627553	560330006002	1	29000	44.9109258	-107.1728901
56627554	560330006002	1	64300	44.9106377	-107.1736822
56627555	560330006002	1	50000	44.9080012	-107.1705247
56627556	560330006002	1	26360	44.9079834	-107.1699426
56627557	560330006002	1	55970	44.9075159	-107.1708244
56627558	560330006002	1	36000	44.9082805	-107.1629801
56627559	560330006002	1	30000	44.9096086	-107.1707313
56627560	560330006002	1	24100	44.9071599	-107.1621263
56627561	560330006002	1	85900	44.9077489	-107.1625168
56627562	560330006002	1	30000	44.9080616	-107.1626508
56627563	560330006002	1	24800	44.9091119	-107.1707072
56627564	560330006002	1	64000	44.9096195	-107.1711315
56627565	560330006002	1	79680	44.9102972	-107.1561132
56627566	560330006002	1	8200	44.9099696	-107.1688250
56627567	560330006002	1	11600	44.9039246	-107.1667858
56627568	560330006002	1	101000	44.9084980	-107.1655839
56627569	560330006002	1	49000	44.9070318	-107.1611917
56627570	560330006002	1	97000	44.9077389	-107.1616951
56627571	560330006002	1	74550	44.9038000	-107.1673692
56627572	560330006002	1	33200	44.9088113	-107.1651065
56627573	560330006002	9	27000	44.9085300	-107.1653620
56627574	560330006002	1	11500	44.9042163	-107.1692070
56627575	560330006002	1	52320	44.9102898	-107.1584976
56627576	560330006002	9	17250	44.9040888	-107.1674638
56627577	560330006002	1	31500	44.9105290	-107.1586130
56627578	560330006002	1	27000	44.9039893	-107.1697559
56627579	560330006002	1	26700	44.9101842	-107.1575229
56627580	560330006002	1	80600	44.9038734	-107.1701033
56627581	560330006002	1	50900	44.9107127	-107.1554628
56627582	560330006002	1	62470	44.9091745	-107.1716983
56627583	560330006002	1	74600	44.9073338	-107.1636063
56627584	560330006002	1	125210	44.9096852	-107.1687268
56627585	560330006002	1	20700	44.9071817	-107.1640781
56627586	560330006002	1	113000	44.9092080	-107.1718641
56627587	560330006002	1	105000	44.9080781	-107.1640364
56627588	560330006002	1	23600	44.9083238	-107.1638112
56627589	560330006002	1	37900	44.9106410	-107.1559520
56627590	560330006002	1	35700	44.9049870	-107.1714117
56627591	560330006002	1	23000	44.9050144	-107.1653270
56627592	560330006002	1	60000	44.9055389	-107.1654334
56627593	560330006002	1	366400	44.9092577	-107.1662876
56627594	560330006002	1	26170	44.9045937	-107.1707959
56627595	560330006002	1	93600	44.9089993	-107.1664805
56627596	560330006002	1	55100	44.8219117	-106.9820115
56627597	560330006002	1	33200	44.9103700	-107.1722930
56627598	560330006002	1	30400	44.9114978	-107.1607670
56627599	560330006002	1	10500	44.8324304	-106.9636868
56627600	560330006002	1	25800	44.9112213	-107.1601759
56627601	560330006002	1	27000	44.9111425	-107.1717513
56627602	560330006002	1	66100	44.9113656	-107.1721603
56627603	560330006002	1	145200	44.8322336	-106.9638578
56627604	560330006002	1	51000	44.9084428	-107.1695768
56627605	560330006002	1	63840	44.9046180	-107.1733461
56627606	560330006002	1	10500	44.9050574	-107.1734834
56627607	560330006002	1	28000	44.9071975	-107.1711812
56627608	560330006002	1	27000	44.9088497	-107.1696362
56627609	560330006002	1	54600	44.9079018	-107.1722220
56627610	560330006002	1	15100	44.9039112	-107.1678965
56627611	560330006002	1	77000	44.9112254	-107.1752121
56627612	560330006002	1	150000	44.9042387	-107.1684567
56627613	560330006002	1	27800	44.9112619	-107.1751624
56627614	560330006002	1	86050	44.8309401	-106.9585352
56627615	560330006002	1	31900	44.9100579	-107.1608454
56627616	560330006002	1	38500	44.9104167	-107.1599473
56627617	560330006002	1	43400	44.9104869	-107.1714145
56627618	560330006002	1	71100	44.8262262	-106.9585761
56627619	560330006002	1	74000	44.8220249	-106.9619010
56627620	560330006002	1	25800	44.8232685	-106.9808782
56627621	560330006002	1	58000	44.9114474	-107.1713980
56627622	560330006002	1	76800	44.7854201	-107.1631604
56627623	560330006002	1	30500	44.9068063	-107.1733174
56627624	560330006002	1	23900	44.9061405	-107.1727041
56627625	560330006002	1	90000	44.7856020	-107.1627482
56627626	560330006002	1	80000	44.9050944	-107.1721817
56627627	560330006002	1	95740	44.9048870	-107.1729403
56627628	560330006002	1	73000	44.7865403	-107.1633042
56627629	560330006002	1	65200	44.9050125	-107.1769965
56627630	560330006002	3	28500	44.9096429	-107.1742742
56627631	560330006002	1	21000	44.8317957	-106.9634861
56627632	560330006002	1	28400	44.9053438	-107.1730938
56627633	560330006002	1	62000	44.9101976	-107.1598162
56627634	560330006002	1	33200	44.9081736	-107.1699263
56627635	560330006002	1	58490	44.9064792	-107.1767312
56627636	560330006002	1	83910	44.9077641	-107.1724149
56627637	560330006002	1	32000	44.9088136	-107.1614481
56627638	560330006002	1	94600	44.9065306	-107.1613414
56627639	560330006002	1	27000	44.9072231	-107.1767520
56627640	560330006002	8	53000	44.9083405	-107.1650014
56627641	560330006002	1	85600	44.9047504	-107.1784039
56627642	560330006002	1	17700	44.9079370	-107.1661291
56627643	560330006002	1	22000	44.8218478	-106.9603418
56627644	560330006002	1	27800	44.8299244	-106.9567870
56627645	560330006002	9	48500	44.9095218	-107.1611031
56627646	560330006002	1	10000	44.9087648	-107.1737588
56627647	560330006002	1	24000	44.8220564	-106.9591399
56627648	560330006002	1	36000	44.8211294	-106.9602396
56627649	560330006002	1	32700	44.8210158	-106.9598570
56627650	560330006002	1	17900	44.8287924	-106.9851902
56627651	560330006002	1	74900	44.9084133	-107.1760167
56627652	560330006002	1	118100	44.8234973	-106.9573849
56627653	560330006002	1	176800	44.8212934	-106.9551996
56627654	560330006002	1	104900	44.8208561	-106.9571200
56627655	560330006002	1	73000	44.8208926	-106.9580673
56627656	560330006002	1	28800	44.8230627	-106.9607183
56627657	560330006002	1	56800	44.9078867	-107.1596671
56627658	560330006002	1	88000	44.8224189	-106.9579257
56627659	560330006002	1	2700	44.8228990	-106.9667658
56627660	560330006002	1	106970	44.8304653	-106.9912272
56627661	560330006002	1	30000	44.8220189	-106.9573917
56627662	560330006002	1	45000	44.8236843	-106.9573278
56627663	560330006002	9	75000	44.8252650	-106.9575040
56627664	560330006002	1	74000	44.8317970	-106.9865169
56627665	560330006002	1	54400	44.8233156	-106.9596893
56627666	560330006002	1	24336	44.9041589	-107.1643636
56627667	560330006002	1	102000	44.8305867	-106.9593287
56627668	560330006002	1	78000	44.8247253	-106.9588839
56627669	560330006002	1	39600	44.9088045	-107.1717299
56627670	560330006002	1	35000	44.8256553	-106.9599847
56627671	560330006002	1	26360	44.9061821	-107.1601587
56627672	560330006002	1	41900	44.9086410	-107.1731205
56627673	560330006002	1	32100	44.9100156	-107.1758407
56627674	560330006002	1	28300	44.9109658	-107.1760468
56627675	560330006002	1	29000	44.9022497	-107.0302477
56627676	560330006002	1	92000	44.8203917	-107.0354457
56627677	560330006002	1	28800	44.9066436	-107.1604408
56627678	560330006002	1	104100	44.9042915	-107.1585827
56627679	560330006002	1	28600	44.9046007	-107.1582829
56627680	560330006002	1	96000	44.8330550	-107.0556426
56627681	560330006002	1	28390	44.9008950	-107.0239121
56627682	560330006002	1	42800	44.8980824	-107.0282683
56627683	560330006002	1	86000	44.8211903	-106.9508212
56627684	560330006002	1	67700	44.9083694	-107.1554915
56627685	560330006002	1	25000	44.8987378	-107.0301083
56627686	560330006002	1	130000	44.8185671	-106.9883149
56627687	560330006002	1	28300	44.8066132	-107.0030762
56627688	560330006002	1	25500	44.9061293	-107.1752693
56627689	560330006002	1	39050	44.9090514	-107.1753054
56627690	560330006002	1	90000	44.9054930	-107.1612639
56627691	560330006002	1	38000	44.8293119	-106.9605972
56627692	560330006002	1	33000	44.8240286	-106.9590481
56627693	560330006002	1	35000	44.9048596	-107.1599638
56627694	560330006002	1	65880	44.9048536	-107.1614502
56627695	560330006002	9	17250	44.8275075	-106.9846986
56627696	560330006002	1	32400	44.8998140	-107.0296920
56627697	560330006002	1	26500	44.9078089	-107.1785013
56627698	560330006002	1	10550	44.9085471	-107.1745078
56627699	560330006002	1	72500	44.8094196	-107.2106984
56627700	560330006002	1	40000	44.9071544	-107.1744148
56627701	560330006002	1	26170	44.8090798	-107.2121157
56627702	560330006002	1	28800	44.8242957	-106.9598844
56627703	560330006002	1	70000	44.8290715	-106.9597253
56627704	560330006002	1	18400	44.8100321	-107.2122087
56627705	560330006002	1	54200	44.9072629	-107.1752739
56627706	560330006002	1	37200	44.8103464	-107.2117203
56627707	560330006002	1	65000	44.9081304	-107.1773086
56627708	560330006002	1	27600	44.8226346	-106.9627615
56627709	560330006002	1	26700	44.9073348	-107.1777145
56627710	560330006002	1	81500	44.8255994	-106.9611205
56627711	560330006002	1	114700	44.9037430	-107.1801216
56627712	560330006002	1	18200	44.8227354	-106.9659733
56627713	560330006002	9	117000	44.9089351	-107.1579722
56627714	560330006002	1	80680	44.8225153	-106.9589382
56627715	560330006002	1	95050	44.9083273	-107.1592071
56627716	560330006002	1	23000	44.9057923	-107.1780739
56627717	560330006002	1	85600	44.8065532	-106.9944414
56627718	560330006002	1	29200	44.9041090	-107.1728839
56627719	560330006002	1	84250	44.9056465	-107.1765036
56627720	560330006002	1	52500	44.9072208	-107.1590200
56627721	560330006002	1	68400	44.8282691	-106.9847654
56627722	560330006002	1	128000	44.8257650	-106.9489198
56627723	560330006002	1	144000	44.8238774	-106.9464424
56627724	560330006002	1	22000	44.8246332	-106.9472020
56627725	560330006002	1	25000	44.8228295	-106.9449094
56627726	560330006002	1	114100	44.8308772	-106.9932531
56627727	560330006002	1	18000	44.8266748	-106.9616168
56627728	560330006002	1	26360	44.8273075	-106.9608735
56627729	560330006002	5	25000	44.8065424	-107.0022537
56627730	560330006002	1	23000	44.8091781	-106.9885840
56627731	560330006002	1	26010	44.8255770	-106.9558100
56627732	560330006002	1	90120	44.8151944	-106.9877148
56627733	560330006002	1	27000	44.9084363	-107.1786520
56627734	560330006002	1	22800	44.9084967	-107.1772776
56627735	560330006002	1	70000	44.8120746	-106.9888149
56627736	560330006002	1	51800	44.8066052	-106.9911929
56627737	560330006002	1	73900	44.9045675	-107.1754362
56627738	560330006002	1	104000	44.9041542	-107.1827060
56627739	560330006002	1	27400	44.8262181	-106.9511326
56627740	560330006002	1	30000	44.8251020	-106.9497960
56627741	560330006002	1	22700	44.8065822	-107.0047774
56627742	560330006002	1	81400	44.8202083	-107.0396933
56627743	560330006002	1	25500	44.8211478	-106.9980401
56627744	560330006002	1	31200	44.8197392	-107.0386407
56627745	560330006002	1	20100	44.9091235	-107.1557990
56627746	560330006002	1	82000	44.8265142	-106.9498035
56627747	560330006002	1	52500	44.8266824	-106.9854832
56627748	560330006002	1	65001	44.8983155	-107.0280443
56627749	560330006002	1	23900	44.9095346	-107.1767129
56627750	560330006002	1	25600	44.9039514	-107.1775516
56627751	560330006002	1	26700	44.8909909	-107.1777680
56627752	560330006002	1	26100	44.8135560	-106.9894119
56627753	560330006002	1	109400	44.9103090	-107.1525532
56627754	560330006002	1	117200	44.8282563	-106.9543807
56627755	560330006002	1	29000	44.8907024	-107.1784323
56627756	560330006002	1	47800	44.8273963	-106.9524623
56627757	560330006002	1	74000	44.8270800	-106.9540546
56627758	560330006002	1	53200	44.8200437	-107.0372311
56627759	560330006002	1	94300	44.9100125	-107.1510768
56627760	560330006002	1	42000	44.8073102	-106.9893749
56627761	560330006002	1	79500	44.8211817	-107.0269823
56627762	560330006002	1	32000	44.9004972	-107.0217737
56627763	560330006002	9	22004	44.8242783	-106.9558744
56627764	560330006002	1	39000	44.9042764	-107.1808647
56627765	560330006002	1	92200	44.8307621	-106.9628121
56627766	560330006002	1	15120	44.8190992	-106.9929828
56627767	560330006002	1	84000	44.9010783	-107.0247330
56627768	560330006002	1	13970	44.8167940	-106.9922273
56627769	560330006002	1	85000	44.8163048	-106.9936603
56627770	560330006002	1	70000	44.8187635	-106.9930560
56627771	560330006002	1	21000	44.8170106	-106.9932041
56627772	560330006002	1	32100	44.8179529	-106.9918599
56627773	560330006002	1	65400	44.9100608	-107.1786716
56627774	560330006002	1	42500	44.8241139	-106.9594544
56627775	560330006002	1	78000	44.8184199	-106.9923454
56627776	560330006002	1	65000	44.9076031	-107.1567151
56627777	560330006002	1	354000	44.8249223	-106.9624638
56627778	560330006002	1	26000	44.8220162	-107.0049925
56627779	560330006002	1	69200	44.8236298	-106.9648365
56627780	560330006002	1	2400	44.9000328	-107.0265425
56627781	560330006002	1	26000	44.8210479	-107.0017322
56627782	560330006002	1	116000	44.8165745	-106.9911031
56627783	560330006002	1	27700	44.9107777	-107.1771934
56627784	560330006002	1	104100	44.8174917	-106.9903498
56627785	560330006002	1	100000	44.9109611	-107.1790025
56627786	560330006002	1	30000	44.9078190	-107.1578134
56627787	560330006002	1	64300	44.8174150	-106.9867945
56627788	560330006002	1	27300	44.8208744	-107.0287089
56627789	560330006002	1	40400	44.8180935	-106.9912385
56627790	560330006002	1	24000	44.9045552	-107.1784398
56627791	560330006002	1	50000	44.8219321	-106.9439551
56627792	560330006002	1	77000	44.8194462	-106.9926993
56627793	560330006002	1	28000	44.8181501	-106.9899155
56627794	560330006002	1	96000	44.8176812	-106.9882348
56627795	560330006002	1	25000	44.8314191	-106.9932788
56627796	560330006002	1	31000	44.8993372	-107.0267078
56627797	560330006002	1	122000	44.8180973	-106.9898997
56627798	560330006002	1	68700	44.8067784	-106.9908754
56627799	560330006002	9	17250	44.8219798	-107.0073460
56627800	560330006002	1	122000	44.8176328	-106.9864190
56627801	560330006002	1	82000	44.9098137	-107.1448027
56627802	560330006002	1	8400	44.8148468	-106.9895546
56627803	560330006002	1	75000	44.8166060	-106.9889888
56627804	560330006002	1	97600	44.9008772	-107.0277826
56627805	560330006002	1	95700	44.9036998	-107.1861680
56627806	560330006002	1	23900	44.8998016	-107.0281062
56627807	560330006002	1	26200	44.8199588	-107.0411427
56627808	560330006002	1	18000	44.9002159	-107.0255621
56627809	560330006002	1	166700	44.8197730	-106.9896067
56627810	560330006002	1	25000	44.9018882	-107.0261134
56627811	560330006002	1	28800	44.8189056	-107.0392112
56627812	560330006002	1	130000	44.8156104	-106.9897898
56627813	560330006002	1	28400	44.8245920	-106.9521776
56627814	560330006002	1	7800	44.8258076	-106.9533365
56627815	560330006002	1	85000	44.8161032	-106.9883616
56627816	560330006002	1	55660	44.8914499	-107.1747494
56627817	560330006002	1	105530	44.8219721	-106.9489724
56627818	560330006002	1	85000	44.9003400	-107.0238304
56627819	560330006002	1	84000	44.8277426	-106.9861127
56627820	560330006002	1	16200	44.9000062	-107.0251499
56627821	560330006002	1	81400	44.9099217	-107.1416801
56627822	560330006002	1	30100	44.8987751	-107.0270360
56627823	560330006002	1	60000	44.9087850	-107.1625527
56627824	560330006002	1	31400	44.9101174	-107.1617890
56627825	560330006002	1	79000	44.8227199	-106.9492478
56627826	560330006002	1	47800	44.8215323	-106.9504536
56627827	560330006002	1	32000	44.8255247	-106.9520511
56627828	560330006002	1	716000	44.8260154	-106.9530814
56627829	560330006002	1	67000	44.8229178	-106.9504104
56627830	560330006002	1	30000	44.9104839	-107.1642644
56627831	560330006002	1	38200	44.8212308	-106.9493550
56627832	560330006002	1	79900	44.8244775	-106.9493807
56627833	560330006002	1	74000	44.8318443	-106.9914297
56627834	560330006002	1	49200	44.8236066	-106.9499996
56627835	560330006002	1	51280	44.8253223	-106.9513141
56627836	560330006002	1	115000	44.8237965	-106.9507912
56627837	560330006002	1	65200	44.8153685	-106.9919689
56627838	560330006002	1	140000	44.8241156	-106.9516440
56627839	560330006002	1	43100	44.8158276	-106.9936225
56627840	560330006002	1	31600	44.8161490	-106.9902537
56627841	560330006002	1	93600	44.8231361	-106.9452212
56627842	560330006002	1	26360	44.8236744	-106.9469048
56627843	560330006002	1	53200	44.8134408	-106.9901164
56627844	560330006002	1	27900	44.9087306	-107.1634534
56627845	560330006002	1	15600	44.8132439	-106.9911237
56627846	560330006002	1	86000	44.8238294	-106.9620482
56627847	560330006002	1	58000	44.8301188	-106.9609207
56627848	560330006002	1	106000	44.9107574	-107.1660888
56627849	560330006002	1	103000	44.9384949	-107.2722542
56627850	560330006002	1	30600	44.8249134	-106.9638036
56627851	560330006002	1	25500	44.8246744	-106.9617190
56627852	560330006002	1	56004	44.8244329	-106.9634776
56627853	560330006002	1	68700	44.8245088	-106.9627725
56627854	560330006002	1	29000	44.8167850	-106.9882124
56627855	560330006002	1	15900	44.8071306	-106.9934148
56627856	560330006002	1	55000	44.8095581	-106.9922769
56627857	560330006002	1	31000	44.9034211	-107.1812019
56627858	560330006002	1	60000	44.8241960	-106.9649716
56627859	560330006002	1	30000	44.8237037	-106.9525110
56627860	560330006002	1	150300	44.8230889	-106.9641646
56627861	560330006002	1	145200	44.8238903	-106.9610878
56627862	560330006002	1	74000	44.8192485	-106.9907194
56627863	560330006002	1	21030	44.8080056	-106.9912808
56627864	560330006002	1	62000	44.8140357	-106.9887773
56627865	560330006002	1	40750	44.8239754	-106.9541804
56627866	560330006002	1	15450	44.9110370	-107.1616504
56627867	560330006002	1	69160	44.8247433	-106.9657907
56627868	560330006002	1	18000	44.9078244	-107.0559396
56627869	560330006002	1	29700	44.9016425	-107.1959395
56627870	560330006002	1	93600	44.9097561	-107.1398984
56627871	560330006002	1	62000	44.8249947	-106.9543051
56627872	560330006002	1	65880	44.8078770	-106.9901443
56627873	560330006002	1	46100	44.8098443	-106.9923544
56627874	560330006002	1	130000	44.8119457	-106.9914915
56627875	560330006002	1	32000	44.8226221	-106.9514643
56627876	560330006002	1	18600	44.8996554	-107.2014944
56627877	560330006002	1	117200	44.8115946	-106.9923913
56627878	560330006002	1	15600	44.8116705	-106.9925628
56627879	560330006002	1	54200	44.8088599	-106.9922409
56627880	560330006002	1	23000	44.8102828	-106.9911240
56627881	560330006002	1	29500	44.8098037	-106.9907917
56627882	560330006002	1	31000	44.8138446	-106.9902484
56627883	560330006002	1	28000	44.8138983	-106.9918627
56627884	560330006002	1	225000	44.8086041	-106.9907055
56627885	560330006002	1	173000	44.8134795	-106.9920580
56627886	560330006002	1	32400	44.8118777	-106.9893085
56627887	560330006002	1	30000	44.9034151	-107.1818785
56627888	560330006002	1	11800	44.8250562	-106.9483128
56627889	560330006002	1	38001	44.8168422	-106.9976674
56627890	560330006002	1	72000	44.8115162	-106.9896508
56627891	560330006002	1	25200	44.8147165	-106.9907524
56627892	560330006002	1	59800	44.8111260	-106.9912313
56627893	560330006002	1	55000	44.9041816	-107.1833014
56627894	560330006002	1	26100	44.9032503	-107.1938332
56627895	560330006002	1	30000	44.8152342	-106.9915135
56627896	560330006002	1	35700	44.8176834	-106.9983475
56627897	560330006002	1	20700	44.8171652	-106.9989273
56627898	560330006002	1	25700	44.8992159	-107.2024603
56627899	560330006002	1	131900	44.8181734	-106.9968945
56627900	560330006002	1	85000	44.8178158	-106.9946187
56627901	560330006002	1	14900	44.8151761	-106.9926340
56627902	560330006002	1	74200	44.8177969	-106.9955516
56627903	560330006002	1	161500	44.8228168	-106.9632828
56627904	560330006002	1	103000	44.8210279	-106.9514864
56627905	560330006002	1	105000	44.8192118	-106.9964076
56627906	560330006002	1	95050	44.8176202	-106.9952349
56627907	560330006002	1	26360	44.9086009	-107.1567923
56627908	560330006002	8	31000	44.8187706	-106.9983501
56627909	560330006002	1	50600	44.8220001	-106.9513471
56627910	560330006002	1	17400	44.8189929	-106.9972188
56627911	560330006002	1	85000	44.9209613	-107.2960813
56627912	560330006002	1	21200	44.8083361	-106.9895234
56627913	560330006002	1	52900	44.8898078	-107.1782681
56627914	560330006002	1	79680	44.8081964	-106.9893782
56627915	560330006002	1	58000	44.8107555	-106.9900854
56627916	560330006002	1	29300	44.8092535	-106.9888453
56627917	560330006002	1	58470	44.9348379	-107.2875170
56627918	560330006002	1	2400	44.9094644	-107.1498753
56627919	560330006002	1	31400	44.9101072	-107.1497003
56627920	560330006002	1	47000	44.9034760	-107.1844911
56627921	560330006002	1	73000	44.9106627	-107.1694336
56627922	560330006002	1	114900	44.9088740	-107.1645231
56627923	560330006002	1	12000	44.9064400	-107.1705615
56627924	560330006002	1	32100	44.9103024	-107.1700579
56627925	560330006002	1	55000	44.9100159	-107.1694417
56627926	560330006002	1	21030	44.9107315	-107.1697642
56627927	560330006002	1	6800	44.9107425	-107.1701345
56627928	560330006002	1	32100	44.9104190	-107.1692552
56627929	560330006002	1	93800	44.9108474	-107.1691978
56627930	560330006002	1	22700	44.9102076	-107.1692121
56627931	560330006002	1	80680	44.9106505	-107.1689818
56627932	560330006002	1	76000	44.9100903	-107.1691504
56627933	560330006002	9	15900	44.9107541	-107.1697169
56627934	560330006002	1	80000	44.9097697	-107.1683763
56627935	560330006002	1	124000	44.9095738	-107.1667347
56627936	560330006002	1	92000	44.9071227	-107.1707759
56627937	560330006002	1	60000	44.9068385	-107.1703394
56627938	560330006002	1	24000	44.9067130	-107.1700460
56627939	560330006002	1	45000	44.8156347	-106.9869850
56627940	560330006002	1	77000	44.9106429	-107.1699945
56627941	560330006002	1	75050	44.9107914	-107.1693850
56627942	560330006002	1	40000	44.9100524	-107.1698831
56627943	560330006002	9	29900	44.8153870	-106.9871966
56627944	560330006002	1	32100	44.9105096	-107.1698494
56627945	560330006002	1	99000	44.8154595	-106.9870700
56627946	560330006002	1	65880	44.9099405	-107.1687250
56627947	560330006002	1	82200	44.9098806	-107.1666012
56627948	560330006002	1	38001	44.9094062	-107.1663186
56627949	560330006002	1	121000	44.9093325	-107.1664877
56627950	560330006002	1	55010	44.9099916	-107.1671132
56627951	560330006002	1	27800	44.9098117	-107.1666459
56627952	560330006002	1	30300	44.9098966	-107.1663476
56627953	560330006002	1	21000	44.9097646	-107.1664670
56627954	560330006002	1	146000	44.9099987	-107.1682455
56627955	560330006002	1	148700	44.9098622	-107.1669308
56627956	560330006002	1	27500	44.9101397	-107.1671104
56627957	560330006002	1	64300	44.9100811	-107.1671876
56627958	560330006002	1	30600	44.9098903	-107.1682732
56627959	560330006002	1	62500	44.9096066	-107.1669597
56627960	560330006002	1	354000	44.9097446	-107.1674190
56627961	560330006002	1	33100	44.9068449	-107.1705380
56627962	560330006002	1	22800	44.9067939	-107.1686844
56627963	560330006002	1	122000	44.9097281	-107.1674507
56627964	560330006002	1	29200	44.9098710	-107.1680664
56627965	560330006002	1	8000	44.9097059	-107.1674838
56627966	560330006002	1	70000	44.9092590	-107.1674802
56627967	560330006002	1	38500	44.9095333	-107.1678487
56627968	560330006002	1	52200	44.9095242	-107.1681268
56627969	560330006002	1	70900	44.9068606	-107.1689629
56627970	560330006002	1	27000	44.9072148	-107.1692920
56627971	560330006002	1	48000	44.9094481	-107.1677628
56627972	560330006002	1	45000	44.9072309	-107.1688628
56627973	560330006002	1	31900	44.9069765	-107.1693443
56627974	560330006002	1	29700	44.9069036	-107.1687483
56627975	560330006002	1	57000	44.9069153	-107.1690797
56627976	560330006002	1	59000	44.9070484	-107.1707734
56627977	560330006002	1	27000	44.9081102	-107.1690988
56627978	560330006002	1	28600	44.9067117	-107.1693141
56627979	560330006002	9	69000	44.9071851	-107.1689837
56627980	560330006002	1	27800	44.9077746	-107.1696165
56627981	560330006002	1	30000	44.9069624	-107.1689638
56627982	560330006002	1	161000	44.9073221	-107.1693511
56627983	560330006002	9	70140	44.9078673	-107.1690505
56627984	560330006002	1	25800	44.9073460	-107.1686350
56627985	560330006002	1	70000	44.9077120	-107.1688131
56627986	560330006002	1	25100	44.9075977	-107.1689999
56627987	560330006002	1	27800	44.9075838	-107.1689657
56627988	560330006002	1	64170	44.9081138	-107.1693481
56627989	560330006002	1	18600	44.9081234	-107.1684432
56627990	560330006002	1	45000	44.9056113	-107.1698579
56627991	560330006002	1	103300	44.9067384	-107.1707470
56627992	560330006002	1	10000	44.9063727	-107.1706091
56627993	560330006002	1	136900	44.9068114	-107.1697243
56627994	560330006002	1	58100	44.9066631	-107.1706534
56627995	560330006002	1	12000	44.9045900	-107.1688929
56627996	560330006002	1	29300	44.9063962	-107.1683074
56627997	560330006002	1	55000	44.9056872	-107.1704910
56627998	560330006002	1	55000	44.9058030	-107.1664280
56627999	560330006002	1	53200	44.9060527	-107.1702798
56628000	560330006002	1	118800	44.9062061	-107.1683432
56628001	560330006002	1	27400	44.9059687	-107.1681666
56628002	560330006002	1	61000	44.9057497	-107.1680556
56628003	560330006002	1	77000	44.9056072	-107.1685244
56628004	560330006002	1	62000	44.9060552	-107.1684663
56628005	560330006002	1	29000	44.9049362	-107.1683711
56628006	560330006002	1	24500	44.9062903	-107.1675481
56628007	560330006002	1	20100	44.9056788	-107.1684135
56628008	560330006002	1	116000	44.9055442	-107.1687956
56628009	560330006002	1	20000	44.9061593	-107.1685930
56628010	560330006002	1	50000	44.9058649	-107.1668441
56628011	560330006002	1	28400	44.9061251	-107.1691323
56628012	560330006002	1	20700	44.9058476	-107.1678439
56628013	560330006002	1	63810	44.9058015	-107.1674415
56628014	560330006002	1	95000	44.9056219	-107.1679012
56628015	560330006002	1	55660	44.9061085	-107.1670967
56628016	560330006002	1	70000	44.9062889	-107.1678198
56628017	560330006002	1	25900	44.9057281	-107.1676641
56628018	560330006002	1	32400	44.9062312	-107.1674209
56628019	560330006002	1	61700	44.9057988	-107.1678278
56628020	560330006002	1	18280	44.9057506	-107.1659784
56628021	560330006002	1	93600	44.9053596	-107.1672182
56628022	560330006002	1	125000	44.9047657	-107.1684222
56628023	560330006002	1	122000	44.9054930	-107.1680256
56628024	560330006002	1	28600	44.9053150	-107.1687164
56628025	560330006002	1	90000	44.9047344	-107.1682024
56628026	560330006002	1	28390	44.9052216	-107.1687422
56628027	560330006002	1	67000	44.9047746	-107.1680713
56628028	560330006002	1	51000	44.9052960	-107.1689292
56628029	560330006002	1	23100	44.9054766	-107.1673162
56628030	560330006002	1	28300	44.9052102	-107.1668246
56628031	560330006002	1	26000	44.9053082	-107.1689497
56628032	560330006002	1	30000	44.9050507	-107.1666941
56628033	560330006002	1	108200	44.9048997	-107.1676228
56628034	560330006002	1	17000	44.9047120	-107.1678450
56628035	560330006002	1	50000	44.9050182	-107.1669407
56628036	560330006002	1	26200	44.9059101	-107.1665832
56628037	560330006002	1	70000	44.9064863	-107.1713688
56628038	560330006002	1	40000	44.9051137	-107.1677815
56628039	560330006002	1	61800	44.9047590	-107.1667669
56628040	560330006002	1	39000	44.9052587	-107.1673013
56628041	560330006002	1	8000	44.9062282	-107.1709690
56628042	560330006002	1	28600	44.9070511	-107.1713940
56628043	560330006002	1	47210	44.9069006	-107.1712486
56628044	560330006002	1	66400	44.9065342	-107.1660394
56628045	560330006002	1	26500	44.9061697	-107.1718865
56628046	560330006002	1	64000	44.9067920	-107.1718061
56628047	560330006002	1	30000	44.9062805	-107.1717583
56628048	560330006002	1	87100	44.9059752	-107.1663279
56628049	560330006002	1	88400	44.9062536	-107.1711104
56628050	560330006002	1	18200	44.9065212	-107.1718791
56628051	560330006002	1	83000	44.9056087	-107.1697813
56628052	560330006002	1	23000	44.9060737	-107.1660012
56628053	560330006002	1	55450	44.9059216	-107.1703907
56628054	560330006002	1	117600	44.9056631	-107.1697281
56628055	560330006002	1	17500	44.9058097	-107.1700052
56628056	560330006002	1	97000	44.9059293	-107.1663362
56628057	560330006002	1	30000	44.9058878	-107.1659911
56628058	560330006002	1	39050	44.9057843	-107.1702419
56628059	560330006002	1	73900	44.9058748	-107.1655433
56628060	560330006002	1	87150	44.9060031	-107.1697327
56628061	560330006003	1	56400	44.7888681	-106.9797417
56628062	560330006003	1	110100	44.7466762	-106.9852847
56628063	560330006003	1	572000	44.7904923	-106.9802900
56628064	560330006003	1	37900	44.7895359	-106.9798418
56628065	560330006003	1	99000	44.7829486	-107.0077132
56628066	560330006003	1	120000	44.7466045	-106.9907494
56628067	560330006003	1	58100	44.7443975	-106.9890051
56628068	560330006003	1	51000	44.7689207	-106.9652173
56628069	560330006003	1	97200	44.7910284	-106.9794704
56628070	560330006003	1	53000	44.7468847	-106.9862283
56628071	560330006003	1	146000	44.7448393	-106.9675517
56628072	560330006003	1	9600	44.7514225	-106.9899796
56628073	560330006003	1	40270	44.7513803	-106.9838223
56628074	560330006003	1	34600	44.7798441	-107.0170085
56628075	560330006003	1	64500	44.7425506	-106.9703185
56628076	560330006003	1	26010	44.7465001	-106.9840514
56628077	560330006003	1	363500	44.7875707	-106.9806331
56628078	560330006003	1	65000	44.7587085	-106.9625382
56628079	560330006003	1	124020	44.7464537	-106.9831546
56628080	560330006003	1	92700	44.7882775	-106.9805024
56628081	560330006003	1	12000	44.7853925	-107.0025914
56628082	560330006003	1	128000	44.7871288	-106.9903212
56628083	560330006003	1	40000	44.7787218	-107.0200302
56628084	560330006003	1	79300	44.7460101	-106.9752470
56628085	560330006003	3	98300	44.7845214	-107.0028475
56628086	560330006003	1	100000	44.7451221	-106.9917037
56628087	560330006003	1	110000	44.7405984	-106.9769507
56628088	560330006003	1	80800	44.7510964	-106.9855761
56628089	560330006003	1	99300	44.7901682	-106.9808799
56628090	560330006003	1	160000	44.7898875	-106.9844701
56628091	560330006003	1	61000	44.7459845	-106.9776900
56628092	560330006003	8	74030	44.7896206	-106.9813050
56628093	560330006003	1	216900	44.7466354	-106.9763031
56628094	560330006003	1	125000	44.7443328	-106.9701095
56628095	560330006003	1	83000	44.7916151	-106.9811114
56628096	560330006003	1	85500	44.7508968	-106.9863649
56628097	560330006003	1	45000	44.7519011	-106.9868837
56628098	560330006003	1	54400	44.7639089	-107.0736027
56628099	560330006003	1	107800	44.7514171	-106.9882197
56628100	560330006003	1	60000	44.7510966	-106.9869198
56628101	560330006003	1	73000	44.7523875	-106.9856608
56628102	560330006003	1	104200	44.7521152	-106.9838947
56628103	560330006003	1	65000	44.7543750	-106.9816734
56628104	560330006003	1	123800	44.7492318	-106.9836428
56628105	560330006003	1	119920	44.7535128	-106.9848038
56628106	560330006003	1	118100	44.7538840	-106.9885706
56628107	560330006003	1	628000	44.7503467	-106.9873283
56628108	560330006003	1	75200	44.7503326	-106.9838322
56628109	560330006003	1	165000	44.7518867	-106.9831357
56628110	560330006003	1	100400	44.7516500	-106.9825205
56628111	560330006003	1	132360	44.7535323	-106.9866399
56628112	560330006003	1	140000	44.7496404	-106.9845552
56628113	560330006003	1	103120	44.7527093	-106.9833579
56628114	560330006003	1	125610	44.7535459	-106.9845148
56628115	560330006003	1	130400	44.7528141	-106.9852051
56628116	560330006003	1	50060	44.7494355	-106.9862415
56628117	560330006003	1	78800	44.7522117	-106.9886373
56628118	560330006003	1	55000	44.7489124	-106.9869959
56628119	560330006003	1	363500	44.7519436	-106.9919260
56628120	560330006003	1	118500	44.7521770	-106.9894689
56628121	560330006003	1	201800	44.7486980	-106.9848858
56628122	560330006003	1	197000	44.7484177	-106.9870132
56628123	560330006003	1	150200	44.7485429	-106.9855936
56628124	560330006003	1	130000	44.7536018	-106.9897890
56628125	560330006003	1	155800	44.7488565	-106.9833832
56628126	560330006003	1	97600	44.7855262	-106.9905497
56628127	560330006003	1	103300	44.7530973	-106.9812940
56628128	560330006003	1	76000	44.7528218	-106.9825263
56628129	560330006003	1	93300	44.7539138	-106.9826516
56628130	560330006003	1	141000	44.7680801	-107.0621756
56628131	560330006003	1	130400	44.7554491	-106.9868114
56628132	560330006003	1	94000	44.7673758	-107.0617948
56628133	560330006003	1	150000	44.7447548	-106.9691999
56628134	560330006003	1	104800	44.7401206	-106.9636590
56628135	560330006003	1	127500	44.7844147	-107.0014376
56628136	560330006003	1	80000	44.7540398	-106.9893818
56628137	560330006003	1	141200	44.7436904	-106.9741546
56628138	560330006003	1	11000	44.7443074	-106.9897150
56628139	560330006003	1	66770	44.7505858	-106.9917905
56628140	560330006003	1	103000	44.7584874	-106.9869401
56628141	560330006003	1	444000	44.7787461	-107.0179570
56628142	560330006003	1	102400	44.7680686	-107.0604774
56628143	560330006003	1	58000	44.7461494	-106.9797263
56628144	560330006003	1	11500	44.7559673	-106.9860111
56628145	560330006003	1	74200	44.7782092	-107.0242844
56628146	560330006003	1	98000	44.7439604	-106.9724953
56628147	560330006003	1	94000	44.7557105	-106.9829809
56628148	560330006003	1	100000	44.7527502	-106.9921590
56628149	560330006003	1	101600	44.7529692	-106.9916820
56628150	560330006003	1	42400	44.7535614	-106.9906599
56628151	560330006003	1	69600	44.8063342	-107.0027948
56628152	560330006003	1	201800	44.7527251	-106.9904783
56628153	560330006003	1	30800	44.7561700	-106.9824674
56628154	560330006003	1	27500	44.7584266	-106.9882407
56628155	560330006003	1	100400	44.7696920	-107.0605897
56628156	560330006003	1	51800	44.7551148	-106.9815926
56628157	560330006003	1	13174	44.7552376	-106.9836274
56628158	560330006003	1	98000	44.7558740	-106.9808283
56628159	560330006003	1	178000	44.7445505	-106.9708523
56628160	560330006003	1	110510	44.7434779	-106.9731824
56628161	560330006003	8	40000	44.7502124	-106.9922896
56628162	560330006003	1	172700	44.7575800	-106.9821065
56628163	560330006003	1	80600	44.7554955	-106.9908248
56628164	560330006003	1	120000	44.7554536	-106.9803137
56628165	560330006003	1	122300	44.7443795	-106.9742807
56628166	560330006003	1	37000	44.7571865	-106.9883196
56628167	560330006003	1	101000	44.7567644	-106.9843845
56628168	560330006003	1	104400	44.7571674	-106.9875704
56628169	560330006003	1	84000	44.7569553	-106.9853908
56628170	560330006003	1	53700	44.7571396	-106.9899315
56628171	560330006003	1	231300	44.7542771	-106.9913207
56628172	560330006003	1	115000	44.7547118	-106.9919469
56628173	560330006003	1	107300	44.7541431	-106.9903166
56628174	560330006003	1	179600	44.7573278	-106.9839106
56628175	560330006003	1	85900	44.7570928	-106.9825482
56628176	560330006003	1	279500	44.7580460	-106.9901891
56628177	560330006003	1	124020	44.7556268	-106.9914787
56628178	560330006003	1	178800	44.7442040	-106.9641603
56628179	560330006003	1	145000	44.7450887	-106.9883286
56628180	560330006003	1	36000	44.7500841	-106.9888754
56628181	560330006003	1	82300	44.7562654	-106.9834958
56628182	560330006003	1	50200	44.7475449	-106.9883775
56628183	560330006003	1	99100	44.7492964	-106.9885893
56628184	560330006003	1	149100	44.7478559	-106.9885311
56628185	560330006003	1	99100	44.7562682	-106.9907115
56628186	560330006003	1	56000	44.7579247	-106.9910479
56628187	560330006003	1	37700	44.7714262	-107.0592297
56628188	560330006003	1	101000	44.7431386	-106.9650065
56628189	560330006003	1	26500	44.7567341	-106.9924992
56628190	560330006003	1	97000	44.7572319	-106.9803355
56628191	560330006003	1	12900	44.7568896	-106.9907388
56628192	560330006003	1	111000	44.7433468	-106.9652818
56628193	560330006003	1	154000	44.7838714	-106.9997543
56628194	560330006003	1	280800	44.7391252	-106.9644902
56628195	560330006003	1	90800	44.7525339	-106.9815677
56628196	560330006003	1	103650	44.7500932	-106.9902696
56628197	560330006003	1	11800	44.7507965	-106.9900673
56628198	560330006003	1	25100	44.7839870	-107.0030952
56628199	560330006003	1	103300	44.7498886	-106.9909019
56628200	560330006003	1	34400	44.7498286	-106.9923153
56628201	560330006003	1	97000	44.7469142	-106.9892170
56628202	560330006003	1	169000	44.7484941	-106.9901661
56628203	560330006003	1	117600	44.7489136	-106.9913352
56628204	560330006003	1	103000	44.7387323	-106.9644261
56628205	560330006003	1	88500	44.7476369	-106.9899276
56628206	560330006003	1	168000	44.7490856	-106.9921159
56628207	560330006003	1	33400	44.7483951	-106.9910968
56628208	560330006003	1	76200	44.7840611	-107.0006484
56628209	560330006003	1	100000	44.7826740	-107.0051829
56628210	560330006003	1	66900	44.7430901	-106.9694962
56628211	560330006003	1	88400	44.7874279	-106.9912144
56628212	560330006003	1	35000	44.7787089	-107.0185468
56628213	560330006003	1	106300	44.7831688	-107.0073537
56628214	560330006003	1	344200	44.7673693	-107.0696969
56628215	560330006003	1	45000	44.7670555	-107.0699640
56628216	560330006003	8	148800	44.7847928	-107.0005981
56628217	560330006003	1	131500	44.7816687	-107.0067479
56628218	560330006003	1	67500	44.7829664	-107.0036662
56628219	560330006003	1	10500	44.7816137	-107.0084316
56628220	560330006003	1	116000	44.7456884	-106.9766988
56628221	560330006003	1	69000	44.7815875	-107.0054679
56628222	560330006003	1	40000	44.7820609	-107.0042163
56628223	560330006003	1	46500	44.7429391	-106.9655848
56628224	560330006003	1	40500	44.7544261	-106.9803197
56628225	560330006003	1	70410	44.7819972	-107.0088729
56628226	560330006003	1	47100	44.7778465	-107.0223669
56628227	560330006003	1	111000	44.7834984	-107.0019744
56628228	560330006003	1	110000	44.7419400	-106.9801041
56628229	560330006003	1	100660	44.7834236	-107.0024722
56628230	560330006003	1	25200	44.7409904	-106.9639447
56628231	560330006003	1	52200	44.7422311	-106.9824141
56628232	560330006003	1	225600	44.7426414	-106.9910699
56628233	560330006003	1	110100	44.7381669	-106.9654011
56628234	560330006003	1	82700	44.7828072	-106.9966915
56628235	560330006003	8	30200	44.7649958	-107.0732954
56628236	560330006003	1	124020	44.7505239	-106.9825820
56628237	560330006003	1	115500	44.7385875	-106.9668565
56628238	560330006003	1	117300	44.7452003	-106.9806223
56628239	560330006003	1	153800	44.7742724	-107.0597457
56628240	560330006003	1	57500	44.7406951	-106.9677488
56628241	560330006003	1	85000	44.7865140	-106.9901466
56628242	560330006003	1	135000	44.7809086	-107.0051046
56628243	560330006003	1	82700	44.7390282	-106.9681068
56628244	560330006003	1	65610	44.7392832	-106.9655435
56628245	560330006003	1	33900	44.7882605	-106.9897432
56628246	560330006003	1	81600	44.7815140	-107.0059084
56628247	560330006003	1	160000	44.7388813	-106.9665018
56628248	560330006003	1	97000	44.7416694	-106.9638785
56628249	560330006003	1	145200	44.7834420	-107.0007396
56628250	560330006003	1	122700	44.7813885	-107.0077045
56628251	560330006003	1	64000	44.7839009	-106.9986875
56628252	560330006003	8	91000	44.7497053	-106.9820920
56628253	560330006003	1	60500	44.7399047	-106.9659212
56628254	560330006003	1	65340	44.7428492	-106.9710436
56628255	560330006003	1	54400	44.7668840	-107.0712831
56628256	560330006003	1	74000	44.7815653	-107.0042525
56628257	560330006003	1	88000	44.7461037	-106.9799881
56628258	560330006003	1	80000	44.7808517	-107.0095941
56628259	560330006003	1	69900	44.7456148	-106.9817907
56628260	560330006003	1	117200	44.7810428	-107.0104685
56628261	560330006003	1	62910	44.7409264	-106.9664541
56628262	560330006003	1	51000	44.7401119	-106.9661382
56628263	560330006003	1	50600	44.7462041	-106.9878512
56628264	560330006003	1	50500	44.7413629	-106.9660872
56628265	560330006003	1	65100	44.7450587	-106.9776600
56628266	560330006003	1	103000	44.7402130	-106.9683702
56628267	560330006003	1	79790	44.7455700	-106.9789964
56628268	560330006003	1	46900	44.7737910	-107.0619121
56628269	560330006003	1	141000	44.7391047	-106.9718920
56628270	560330006003	1	103300	44.7407187	-106.9691921
56628271	560330006003	1	135000	44.7426756	-106.9896438
56628272	560330006003	8	91000	44.7422553	-106.9739356
56628273	560330006003	1	130000	44.7822337	-106.9973730
56628274	560330006003	1	41900	44.7443765	-106.9752688
56628275	560330006003	1	65100	44.7424428	-106.9668572
56628276	560330006003	1	197400	44.7384853	-106.9696081
56628277	560330006003	1	42800	44.7387708	-106.9693475
56628278	560330006003	1	76000	44.7588130	-106.9847122
56628279	560330006003	1	58800	44.7420673	-106.9679950
56628280	560330006003	1	85500	44.7430049	-106.9680717
56628281	560330006003	1	72500	44.7432575	-106.9685606
56628282	560330006003	1	128000	44.7415593	-106.9652890
56628283	560330006003	8	51000	44.7435250	-106.9674222
56628284	560330006003	1	39000	44.7416773	-106.9670679
56628285	560330006003	1	82800	44.7793370	-107.0042106
56628286	560330006003	1	100000	44.7800638	-107.0052454
56628287	560330006003	1	60000	44.7801100	-107.0076010
56628288	560330006003	1	152130	44.7803040	-107.0083649
56628289	560330006003	1	33000	44.7402413	-106.9690802
56628290	560330006003	1	152130	44.7406660	-106.9705147
56628291	560330006003	1	61100	44.7398382	-106.9710132
56628292	560330006003	1	146200	44.7798709	-107.0057217
56628293	560330006003	1	87560	44.7796197	-107.0045402
56628294	560330006003	1	107300	44.7793106	-107.0102136
56628295	560330006003	1	137060	44.7794264	-107.0105380
56628296	560330006003	1	101600	44.7803285	-107.0041391
56628297	560330006003	1	102000	44.7788736	-107.0067045
56628298	560330006003	1	109640	44.7791861	-107.0088609
56628299	560330006003	1	97000	44.7793663	-107.0076301
56628300	560330006003	8	77100	44.7744566	-107.0586920
56628301	560330006003	1	118500	44.7793561	-107.0119986
56628302	560330006003	1	105000	44.7731191	-107.0586715
56628303	560330006003	1	135200	44.7463238	-106.9830383
56628304	560330006003	1	50000	44.7664242	-107.0668076
56628305	560330006003	1	176000	44.7587772	-106.9831611
56628306	560330006003	1	87100	44.7453625	-106.9843411
56628307	560330006003	1	120000	44.7459899	-106.9872231
56628308	560330006003	1	344200	44.7456907	-106.9848485
56628309	560330006003	1	70000	44.7395814	-106.9724449
56628310	560330006003	1	116500	44.7725936	-107.0573124
56628311	560330006003	1	102600	44.7735210	-107.0574582
56628312	560330006003	1	53300	44.7736615	-107.0563059
56628313	560330006003	1	127600	44.7801413	-107.0116820
56628314	560330006003	1	90000	44.7724757	-107.0558449
56628315	560330006003	1	30400	44.7396289	-106.9711163
56628316	560330006003	1	32100	44.7797161	-106.9972041
56628317	560330006003	1	103000	44.7407907	-106.9723302
56628318	560330006003	1	130500	44.7733013	-107.0544683
56628319	560330006003	1	60000	44.7790599	-107.0126426
56628320	560330006003	1	57780	44.7791734	-107.0107642
56628321	560330006003	1	98000	44.7726916	-107.0536982
56628322	560330006003	1	185700	44.7738738	-107.0541183
56628323	560330006003	1	136700	44.7773104	-107.0035538
56628324	560330006003	1	41000	44.7746820	-107.0618161
56628325	560330006003	1	74000	44.7746474	-107.0588942
56628326	560330006003	1	71100	44.7756552	-107.0621655
56628327	560330006003	1	145000	44.7425442	-106.9693170
56628328	560330006003	1	48000	44.7412190	-106.9691806
56628329	560330006003	1	131500	44.7400944	-106.9732138
56628330	560330006003	1	130400	44.7746070	-107.0598663
56628331	560330006003	1	82700	44.7741041	-107.0564265
56628332	560330006003	1	80000	44.7747673	-107.0569151
56628333	560330006003	1	86900	44.7893294	-106.9882198
56628334	560330006003	1	47000	44.7747480	-107.0572757
56628335	560330006003	1	62000	44.7743699	-107.0571541
56628336	560330006003	1	97600	44.7749866	-107.0548257
56628337	560330006003	1	52500	44.7755869	-107.0545769
56628338	560330006003	1	91550	44.7762459	-107.0177750
56628339	560330006003	1	77000	44.7745754	-107.0544902
56628340	560330006003	1	125100	44.7746422	-107.0537433
56628341	560330006003	1	133000	44.7636539	-107.0791731
56628342	560330006003	1	113000	44.7406898	-106.9740243
56628343	560330006003	1	112800	44.7640371	-107.0768380
56628344	560330006003	1	12000	44.7890786	-107.0058390
56628345	560330006003	1	9900	44.7632538	-107.0808345
56628346	560330006003	1	75600	44.8051707	-106.9858868
56628347	560330006003	1	39290	44.8025528	-106.9860943
56628348	560330006003	1	117900	44.8036816	-106.9860540
56628349	560330006003	1	51500	44.7770337	-106.9682866
56628350	560330006003	1	340700	44.8024588	-106.9862322
56628351	560330006003	1	285000	44.8027041	-106.9859610
56628352	560330006003	1	70000	44.8032431	-106.9863319
56628353	560330006003	1	161500	44.8026890	-106.9859753
56628354	560330006003	1	103000	44.8025928	-106.9861906
56628355	560330006003	1	100400	44.8024150	-106.9860386
56628356	560330006003	1	101500	44.8026998	-106.9860558
56628357	560330006003	1	366400	44.8022398	-106.9859448
56628358	560330006003	1	85200	44.8022976	-106.9860937
56628359	560330006003	1	248000	44.8052026	-106.9858393
56628360	560330006003	1	106200	44.7767114	-106.9653115
56628361	560330006003	3	92200	44.8035418	-106.9859439
56628362	560330006003	1	122000	44.8034898	-106.9858735
56628363	560330006003	1	143000	44.8033188	-106.9861117
56628364	560330006003	1	35700	44.7761059	-106.9652727
56628365	560330006003	1	85000	44.8035798	-106.9860967
56628366	560330006003	1	115000	44.7753356	-106.9651360
56628367	560330006003	1	120000	44.7920202	-106.9828628
56628368	560330006003	1	25640	44.8008622	-106.9835394
56628369	560330006003	1	104000	44.7772377	-106.9652458
56628370	560330006003	1	103120	44.8003643	-106.9834972
56628371	560330006003	1	66600	44.7919313	-106.9832909
56628372	560330006003	1	84850	44.7916161	-106.9837744
56628373	560330006003	1	32000	44.7915894	-106.9837737
56628374	560330006003	1	112000	44.7765232	-106.9689985
56628375	560330006003	1	133000	44.7459620	-106.9993924
56628376	560330006003	1	56900	44.7922411	-106.9882135
56628377	560330006003	1	125210	44.7967044	-106.9835224
56628378	560330006003	1	85200	44.8049367	-106.9867692
56628379	560330006003	1	81000	44.7963985	-106.9837513
56628380	560330006003	1	12000	44.7921914	-106.9815058
56628381	560330006003	1	97000	44.7923558	-106.9818227
56628382	560330006003	1	27400	44.7924429	-106.9810538
56628383	560330006003	1	114700	44.7464527	-107.0000064
56628384	560330006003	1	137100	44.7451318	-106.9975062
56628385	560330006003	1	153200	44.7982731	-106.9840169
56628386	560330006003	1	74600	44.7983907	-106.9838793
56628387	560330006003	1	283630	44.7449425	-106.9967438
56628388	560330006003	1	67400	44.7449322	-106.9981932
56628389	560330006003	1	62600	44.7449802	-106.9971697
56628390	560330006003	1	38700	44.7931551	-106.9794409
56628391	560330006003	1	113000	44.7714755	-107.0567269
56628392	560330006003	1	61400	44.7970943	-106.9835255
56628393	560330006003	1	86000	44.7728323	-107.0680521
56628394	560330006003	1	70500	44.7732361	-107.0673612
56628395	560330006003	1	49000	44.7711231	-107.0565018
56628396	560330006003	1	53200	44.7973264	-106.9842001
56628397	560330006003	1	136700	44.8020363	-106.9834892
56628398	560330006003	1	46010	44.7929864	-106.9791420
56628399	560330006003	1	225000	44.7771127	-106.9661086
56628400	560330006003	1	30000	44.7959296	-106.9837153
56628401	560330006003	1	104900	44.7768961	-106.9665421
56628402	560330006003	1	117200	44.7915698	-106.9881609
56628403	560330006003	1	354000	44.7866342	-106.9790133
56628404	560330006003	1	177000	44.7920324	-106.9881989
56628405	560330006003	1	113700	44.7927422	-106.9793332
56628406	560330006003	1	35000	44.7894627	-107.0108977
56628407	560330006003	1	118000	44.7451971	-106.9984863
56628408	560330006003	1	101600	44.7609161	-106.9592519
56628409	560330006003	1	116000	44.7726896	-107.0615036
56628410	560330006003	8	12000	44.7763509	-106.9712423
56628411	560330006003	1	28300	44.7522276	-106.9626235
56628412	560330006003	1	106200	44.7765231	-106.9716189
56628413	560330006003	1	54200	44.7764027	-106.9702210
56628414	560330006003	1	102000	44.7460609	-106.9963415
56628415	560330006003	1	74700	44.7729590	-107.0602173
56628416	560330006003	1	53200	44.7715013	-107.0561470
56628417	560330006003	1	118600	44.7900481	-106.9998458
56628418	560330006003	1	38000	44.7637011	-107.0767972
56628419	560330006003	1	105300	44.7460447	-106.9927534
56628420	560330006003	1	414360	44.7863969	-107.0040216
56628421	560330006003	1	73000	44.7502559	-106.9624164
56628422	560330006003	1	25000	44.7879509	-107.0028486
56628423	560330006003	3	47980	44.7869524	-107.0070132
56628424	560330006003	1	83000	44.7717373	-107.0595803
56628425	560330006003	1	108000	44.7865450	-107.0075955
56628426	560330006003	1	222080	44.7564968	-106.9880683
56628427	560330006003	1	110000	44.7815656	-107.0103218
56628428	560330006003	1	75600	44.7863011	-107.0041800
56628429	560330006003	1	152130	44.7402325	-106.9756247
56628430	560330006003	1	96000	44.7457040	-106.9941697
56628431	560330006003	1	50000	44.7874389	-107.0089681
56628432	560330006003	1	104200	44.7900102	-107.0083342
56628433	560330006003	1	106200	44.7445337	-106.9825027
56628434	560330006003	8	27600	44.7702733	-107.0564734
56628435	560330006003	1	65000	44.7663741	-107.0760256
56628436	560330006003	1	35000	44.7874961	-106.9872110
56628437	560330006003	1	241500	44.7453072	-106.9926093
56628438	560330006003	1	64400	44.7657732	-107.0770299
56628439	560330006003	1	136600	44.7696928	-107.0564391
56628440	560330006003	1	29000	44.7639490	-107.0802067
56628441	560330006003	1	109640	44.7476766	-106.9925495
56628442	560330006003	1	108000	44.7839872	-106.9771594
56628443	560330006003	1	122000	44.7710077	-107.0561456
56628444	560330006003	1	49000	44.7463630	-106.9984872
56628445	560330006003	1	241500	44.7478236	-106.9854149
56628446	560330006003	1	76000	44.7512711	-106.9887175
56628447	560330006003	1	94600	44.7398679	-106.9625916
56628448	560330006003	1	25000	44.7656464	-107.0777322
56628449	560330006003	1	146200	44.7860288	-107.0049742
56628450	560330006003	1	11200	44.7513250	-106.9626545
56628451	560330006003	1	114530	44.7876478	-106.9951626
56628452	560330006003	1	63100	44.7874208	-107.0041654
56628453	560330006003	1	153200	44.7631684	-107.0768592
56628454	560330006003	1	366400	44.7878394	-107.0081662
56628455	560330006003	1	82000	44.7807191	-106.9751102
56628456	560330006003	1	110000	44.7688175	-107.0569407
56628457	560330006003	1	410000	44.7709756	-107.0583419
56628458	560330006003	1	71000	44.7631607	-107.0794330
56628459	560330006003	1	129649	44.7450148	-106.9943713
56628460	560330006003	1	122000	44.7527833	-106.9882556
56628461	560330006003	1	95920	44.7469921	-106.9920058
56628462	560330006003	1	60550	44.7826637	-106.9763175
56628463	560330006003	1	184000	44.7456182	-106.9988561
56628464	560330006003	1	52200	44.7449239	-106.9950660
56628465	560330006003	1	150000	44.7698734	-107.0554048
56628466	560330006003	1	56000	44.7876290	-106.9935606
56628467	560330006003	1	81600	44.7646010	-107.0781084
56628468	560330006003	1	285000	44.7461835	-106.9953098
56628469	560330006003	1	66000	44.7671937	-107.0765884
56628470	560330006003	1	74000	44.7673496	-107.0761224
56628471	560330006003	1	127000	44.7649187	-107.0792343
56628472	560330006003	1	53000	44.7506742	-106.9848655
56628473	560330006003	1	104000	44.7850284	-107.0048830
56628474	560330006003	1	61700	44.7436750	-106.9639106
56628475	560330006003	1	130000	44.7433332	-106.9638309
56628476	560330006003	1	105400	44.7424370	-106.9627209
56628477	560330006003	1	66600	44.7398953	-106.9627042
56628478	560330006003	1	95050	44.7414392	-106.9628382
56628479	560330006003	1	123800	44.7849793	-106.9890480
56628480	560330006003	1	122300	44.7766930	-106.9724158
56628481	560330006003	1	82800	44.7763391	-106.9743619
56628482	560330006003	1	10000	44.7860159	-107.0086051
56628483	560330006003	1	141000	44.7643601	-107.0748313
56628484	560330006003	1	64600	44.7897904	-107.0096845
56628485	560330006003	8	48000	44.7592461	-106.9685227
56628486	560330006003	1	56440	44.7619941	-107.0784620
56628487	560330006003	1	109000	44.7554418	-106.9888299
56628488	560330006003	1	116000	44.7699600	-107.0598267
56628489	560330006003	1	67100	44.7840562	-106.9885008
56628490	560330006003	1	133000	44.7858444	-106.9783901
56628491	560330006003	1	62600	44.7445873	-106.9623117
56628492	560330006003	1	344200	44.7701861	-107.0588313
56628493	560330006003	1	154600	44.7468831	-106.9817686
56628494	560330006003	1	96000	44.7572833	-106.9843476
56628495	560330006003	1	78600	44.7652164	-107.0742496
56628496	560330006003	1	109400	44.7545672	-106.9879595
56628497	560330006003	1	60000	44.7549539	-106.9856170
56628498	560330006003	5	77000	44.7576741	-106.9864305
56628499	560330006003	1	66400	44.7677294	-107.0739800
56628500	560330006003	1	13500	44.7663745	-107.0741204
56628501	560330006003	1	138000	44.7900080	-106.9781280
56628502	560330006003	3	72000	44.7477182	-106.9865318
56628503	560330006003	1	192900	44.7862832	-106.9990216
56628504	560330006003	1	74000	44.7813860	-107.0131603
56628505	560330006003	1	39000	44.7482513	-106.9816233
56628506	560330006003	1	42300	44.7655139	-107.0748848
56628507	560330006003	1	130500	44.7652966	-107.0764562
56628508	560330006003	1	45000	44.7621678	-107.0802394
56628509	560330006003	1	133100	44.7613019	-107.0802186
56628510	560330006003	1	71000	44.7642277	-107.0793645
56628511	560330006003	1	106100	44.7852255	-107.0074763
56628512	560330006003	1	105000	44.7692706	-107.0585298
56628513	560330006003	1	104000	44.7581078	-106.9863477
56628514	560330006003	1	50000	44.7661323	-107.0779988
56628515	560330006003	1	85000	44.7876709	-107.0054534
56628516	560330006003	3	28500	44.7888862	-107.0061388
56628517	560330006003	1	288600	44.7881059	-107.0054618
56628518	560330006003	1	70000	44.7864599	-106.9999064
56628519	560330006003	1	63650	44.7882757	-107.0039501
56628520	560330006003	1	75600	44.7906396	-106.9839211
56628521	560330006003	1	109400	44.7548808	-106.9874713
56628522	560330006003	1	444000	44.7551991	-106.9837790
56628523	560330006003	1	58000	44.7894620	-107.0022045
56628524	560330006003	1	49100	44.7901889	-107.0057081
56628525	560330006003	1	110100	44.7893441	-107.0038302
56628526	560330006003	1	50000	44.7810364	-107.0116033
56628527	560330006003	1	141000	44.7477423	-106.9837025
56628528	560330006003	1	247500	44.7889257	-107.0023823
56628529	560330006003	1	52700	44.7565480	-106.9892937
56628530	560330006003	1	353000	44.7487437	-106.9814595
56628531	560330006003	1	114050	44.7894493	-107.0008549
56628532	560330006003	1	45800	44.7457866	-106.9913768
56628533	560330006003	1	71700	44.7806602	-106.9974757
56628534	560330006003	1	33400	44.7891931	-107.0076399
56628535	560330006003	1	120020	44.7879778	-106.9920968
56628536	560330006003	1	12000	44.7828905	-107.0091567
56628537	560330006003	1	104000	44.7805486	-107.0141158
56628538	560330006003	1	90800	44.7814367	-107.0121760
56628539	560330006003	1	104800	44.7682496	-106.9654491
56628540	560330006003	1	58000	44.7846548	-107.0060411
56628541	560330006003	1	110000	44.7804353	-107.0125737
56628542	560330006003	1	112000	44.7462696	-106.9895315
56628543	560330006003	1	55000	44.7707318	-107.0613769
56628544	560330006003	1	64000	44.7661894	-106.9627374
56628545	560330006003	1	125000	44.7857843	-107.0004134
56628546	560330006003	1	136900	44.7531896	-106.9861428
56628547	560330006003	1	100660	44.7702648	-107.0603617
56628548	560330006003	1	56000	44.7505261	-106.9858336
56628549	560330006003	1	716000	44.7566776	-106.9873279
56628550	560330006003	1	41200	44.7905187	-107.0065301
56628551	560330006003	1	45800	44.7866894	-107.0056492
56628552	560330006003	1	33400	44.7881142	-107.0057777
56628553	560330006003	1	125000	44.7877841	-107.0069309
56628554	560330006003	1	52300	44.7718918	-107.0615098
56628555	560330006003	1	115000	44.7857422	-107.0055131
56628556	560330006003	1	70000	44.7856203	-107.0086800
56628557	560330006003	1	120000	44.7855995	-107.0020372
56628558	560330006003	1	115600	44.7863035	-107.0030004
56628559	560330006003	3	77000	44.7559872	-106.9843906
56628560	560330006003	1	70000	44.7869440	-107.0027373
56628561	560330006003	1	249930	44.7550375	-106.9894565
56628562	560330006003	1	160000	44.7846263	-107.0087158
56628563	560330006003	1	117300	44.7842634	-107.0065277
56628564	560330006003	1	106970	44.7901591	-106.9786939
56628565	560330006003	1	145000	44.7913755	-106.9787217
56628566	560330006003	1	50500	44.7675208	-107.0716560
56628567	560330006003	1	143400	44.7476091	-106.9849139
56628568	560330006003	1	49010	44.7416354	-106.9710203
56628569	560330006003	1	110850	44.7836705	-107.0065287
56628570	560330006003	1	58810	44.7834403	-107.0049823
56628571	560330006003	1	100000	44.7451694	-106.9818312
56628572	560330006003	1	41800	44.7420632	-106.9806860
56628573	560330006003	1	110100	44.7453475	-106.9902605
56628574	560330006003	1	150200	44.7448653	-106.9820837
56628575	560330006003	1	70000	44.7688189	-107.0623483
56628576	560330006003	1	156000	44.7561559	-107.0908652
56628577	560330006003	1	114200	44.7860533	-106.9895069
56628578	560330006003	1	119500	44.7676505	-107.0706962
56628579	560330006003	1	12000	44.7426876	-106.9718226
56628580	560330006003	1	46500	44.7550929	-107.0943217
56628581	560330006003	1	70000	44.7471187	-106.9902687
56628582	560330006003	1	55000	44.7839970	-107.0045260
56628583	560330006003	1	80000	44.7559309	-107.0917660
56628584	560330006003	1	96800	44.7382889	-106.9693682
