sp_id	stcotrbg	hh_race	hh_income	latitude	longitude
56612387	560319591001	1	20000	42.4993248	-105.0197805
56612388	560319591001	1	33900	42.4996394	-105.0186732
56612389	560319591001	1	22000	42.5003755	-105.0245550
56612390	560319591001	1	39000	42.5003066	-105.0241643
56612391	560319591001	1	45300	42.5016794	-105.0229840
56612392	560319591001	1	49100	42.5003379	-105.0228066
56612393	560319591001	1	30500	42.5013175	-105.0227978
56612394	560319591001	9	30400	42.5005670	-105.0228299
56612395	560319591001	1	66000	42.5004052	-105.0230185
56612396	560319591001	1	18800	42.5008680	-105.0227294
56612397	560319591001	1	17400	42.5004521	-105.0226863
56612398	560319591001	1	30900	42.5015933	-105.0227389
56612399	560319591001	1	47100	42.5061351	-105.0248345
56612400	560319591001	1	30800	42.5004663	-105.0226572
56612401	560319591001	1	12600	42.5009242	-105.0229272
56612402	560319591001	1	13500	42.5001663	-105.0234503
56612403	560319591001	1	17400	42.5055483	-105.0249609
56612404	560319591001	1	10000	42.5054650	-105.0242778
56612405	560319591001	1	65000	42.5058861	-105.0252175
56612406	560319591001	1	64500	42.5013305	-105.0236068
56612407	560319591001	1	37500	42.5062164	-105.0246730
56612408	560319591001	1	0	42.5058768	-105.0249115
56612409	560319591001	1	32100	42.5055167	-105.0249240
56612410	560319591001	1	70000	42.5012358	-105.0226482
56612411	560319591001	1	65050	42.5014039	-105.0224884
56612412	560319591001	1	36900	42.5016197	-105.0227094
56612413	560319591001	1	28800	42.4999142	-105.0207775
56612414	560319591001	1	10000	42.5080313	-105.0201241
56612415	560319591001	1	33940	42.5042172	-105.0241499
56612416	560319591001	1	40750	42.5028236	-105.0245961
56612417	560319591001	1	1000	42.5043927	-105.0238546
56612418	560319591001	1	25300	42.5019147	-105.0220997
56612419	560319591001	1	33400	42.5007190	-105.0247222
56612420	560319591001	1	27480	42.5003704	-105.0242443
56612421	560319591001	1	60000	42.5001261	-105.0244304
56612422	560319591001	1	23900	42.5006015	-105.0240005
56612423	560319591001	1	26800	42.5001481	-105.0238574
56612424	560319591001	1	20000	42.5039488	-105.0235680
56612425	560319591001	1	81000	42.5012345	-105.0224141
56612426	560319591001	1	84000	42.5013178	-105.0222936
56612427	560319591001	1	42000	42.5018961	-105.0220181
56612428	560319591001	1	25200	42.5040247	-105.0231123
56612429	560319591001	1	38700	42.5011069	-105.0221634
56612430	560319591001	1	52800	42.5010792	-105.0215770
56612431	560319591001	1	30400	42.5028798	-105.0245210
56612432	560319591001	1	59000	42.5053322	-105.0243458
56612433	560319591001	1	34300	42.5048423	-105.0243911
56612434	560319591001	1	55000	42.5039943	-105.0231699
56612435	560319591001	1	130000	42.5037545	-105.0236020
56612436	560319591001	1	57300	42.5047590	-105.0246151
56612437	560319591001	1	57000	42.5049014	-105.0241631
56612438	560319591001	1	85000	42.5050551	-105.0253086
56612439	560319591001	9	48500	42.5031184	-105.0250795
56612440	560319591001	1	88000	42.5048416	-105.0229588
56612441	560319591001	1	25000	42.5045303	-105.0237163
56612442	560319591001	1	74900	42.5051617	-105.0238382
56612443	560319591001	1	65400	42.5027578	-105.0248815
56612444	560319591001	1	27500	42.5047276	-105.0229360
56612445	560319591001	1	16500	42.5051057	-105.0237058
56612446	560319591001	1	8000	42.5035953	-105.0242568
56612447	560319591001	1	46100	42.3265795	-104.7255888
56612448	560319591001	1	20000	42.3261227	-104.7280768
56612449	560319591001	1	72000	42.5064754	-105.0254012
56612450	560319591001	1	32700	42.5033354	-105.0244233
56612451	560319591001	1	32400	42.5065776	-105.0252027
56612452	560319591001	1	15400	42.5070469	-105.0249745
56612453	560319591001	1	52700	42.5064585	-105.0245175
56612454	560319591001	1	64800	42.5066092	-105.0255687
56612455	560319591001	1	104000	42.5034907	-105.0254725
56612456	560319591001	1	20000	42.3258939	-104.7273391
56612457	560319591001	1	15100	42.3260159	-104.7274503
56612458	560319591001	1	25640	42.3261498	-104.7278738
56612459	560319591001	1	266000	42.5028175	-105.0257097
56612460	560319591001	1	33200	42.5028855	-105.0262810
56612461	560319591001	1	50000	42.5027629	-105.0260740
56612462	560319591001	1	12500	42.5019023	-105.0202609
56612463	560319591001	1	80600	42.5030102	-105.0230009
56612464	560319591001	1	90200	42.3264771	-104.7255581
56612465	560319591001	1	45700	42.3264801	-104.7259759
56612466	560319591001	1	56000	42.3268840	-104.7251027
56612467	560319591001	1	139000	42.5035372	-105.0229321
56612468	560319591001	1	42000	42.5031142	-105.0229343
56612469	560319591001	1	79500	42.5034695	-105.0236031
56612470	560319591001	1	35000	42.5016495	-105.0208666
56612471	560319591001	1	50400	42.3319823	-104.7090517
56612472	560319591001	1	58800	42.3317202	-104.7088006
56612473	560319591001	3	72000	42.3314275	-104.7084537
56612474	560319591001	1	56300	42.5019285	-105.0203013
56612475	560319591001	1	150000	42.3316717	-104.7086166
56612476	560319591001	1	79500	42.5011866	-105.0207815
56612477	560319591001	1	15500	42.5057233	-105.0198835
56612478	560319591001	1	52500	42.5017655	-105.0239223
56612479	560319591001	1	29000	42.5050443	-105.0258799
56612480	560319591001	1	32000	42.3282541	-104.7233351
56612481	560319591001	1	17500	42.5055052	-105.0232281
56612482	560319591001	1	28100	42.5039496	-105.0246345
56612483	560319591001	1	82700	42.5057162	-105.0233089
56612484	560319591001	1	6200	42.3280495	-104.7228027
56612485	560319591001	1	64800	42.5059775	-105.0241378
56612486	560319591001	1	24800	42.3282602	-104.7228475
56612487	560319591001	1	31880	42.5045539	-105.0255347
56612488	560319591001	1	74600	42.5070624	-105.0244038
56612489	560319591001	1	43600	42.5067335	-105.0233587
56612490	560319591001	1	141130	42.5064188	-105.0242950
56612491	560319591001	1	23900	42.3279029	-104.7220846
56612492	560319591001	1	64000	42.3282944	-104.7215356
56612493	560319591001	1	12800	42.3283852	-104.7216474
56612494	560319591001	1	27400	42.5012412	-105.0238419
56612495	560319591001	1	100040	42.5061961	-105.0220301
56612496	560319591001	1	91550	42.3266616	-104.7266474
56612497	560319591001	1	68700	42.5022438	-105.0235332
56612498	560319591001	1	60550	42.5026158	-105.0232057
56612499	560319591001	1	81200	42.5022872	-105.0245493
56612500	560319591001	9	38700	42.3269201	-104.7271273
56612501	560319591001	1	23900	42.5021550	-105.0249080
56612502	560319591001	1	50000	42.5073752	-105.0228881
56612503	560319591001	1	38200	42.5052240	-105.0224971
56612504	560319591001	1	25700	42.5060354	-105.0220356
56612505	560319591001	1	61000	42.5047897	-105.0218147
56612506	560319591001	1	22000	42.5077192	-105.0227046
56612507	560319591001	1	54200	42.4999077	-105.0256768
56612508	560319591001	1	2400	42.5003488	-105.0248344
56612509	560319591001	1	45860	42.5057574	-105.0213556
56612510	560319591001	1	69060	42.2859418	-105.0729427
56612511	560319591001	1	99000	42.3292322	-104.7232687
56612512	560319591001	1	43000	42.3256425	-104.7285559
56612513	560319591001	1	23100	42.5066487	-105.0221350
56612514	560319591001	1	64400	42.5070097	-105.0225400
56612515	560319591001	1	25000	42.3290751	-104.7246046
56612516	560319591001	1	42000	42.3260254	-104.7295180
56612517	560319591001	1	29000	42.3259865	-104.7267119
56612518	560319591001	1	25000	42.5017514	-105.0252885
56612519	560319591001	1	36900	42.3266423	-104.7282517
56612520	560319591001	1	53300	42.3280605	-104.7262610
56612521	560319591001	1	45000	42.3274776	-104.7238749
56612522	560319591001	1	103050	42.5011039	-105.0258901
56612523	560319591001	1	4720	42.5040294	-105.0258281
56612524	560319591001	1	67500	42.3319484	-104.7151340
56612525	560319591001	1	80050	42.5048537	-105.0200750
56612526	560319591001	1	46500	42.4805632	-105.0831168
56612527	560319591001	1	28400	42.3266708	-104.7248897
56612528	560319591001	1	16130	42.3276664	-104.7264713
56612529	560319591001	1	35500	42.5041095	-105.0219752
56612530	560319591001	1	18400	42.5021292	-105.0217894
56612531	560319591001	1	127500	42.3258332	-104.7306406
56612532	560319591001	1	45000	42.5028328	-105.0273163
56612533	560319591001	1	42000	42.5070867	-105.0196829
56612534	560319591001	1	92000	42.5045605	-105.0199428
56612535	560319591001	1	20200	42.4782050	-105.0788882
56612536	560319591001	1	33000	42.5023198	-105.0194169
56612537	560319591001	1	85000	42.5054221	-105.0208830
56612538	560319591001	1	17000	42.5031240	-105.0195060
56612539	560319591001	1	92000	42.5067900	-105.0209575
56612540	560319591001	1	58100	42.5009178	-105.0189826
56612541	560319591001	1	77000	42.3045992	-104.7544617
56612542	560319591001	1	48000	42.3257918	-104.7211762
56612543	560319591001	1	40411	42.3268944	-104.7177453
56612544	560319591001	1	30000	42.5087500	-105.0212472
56612545	560319591001	1	42000	42.5077961	-105.0216149
56612546	560319591001	1	70000	42.5065516	-105.0190991
56612547	560319591001	1	35600	42.5086758	-105.0197884
56612548	560319591001	1	69160	42.5075203	-105.0191941
56612549	560319591001	1	30000	42.5091329	-105.0189508
56612550	560319591001	1	20000	42.3285389	-104.7198861
56612551	560319591001	1	94000	42.5082190	-105.0230197
56612552	560319591001	1	11500	42.5076818	-105.0189263
56612553	560319591001	1	60000	42.5039065	-105.0212267
56612554	560319591001	1	28600	42.3285711	-104.7186139
56612555	560319591001	1	95001	42.3289796	-104.7181018
56612556	560319591001	1	52200	42.3270424	-104.7182577
56612557	560319591001	1	72500	42.3249061	-104.7267127
56612558	560319591001	1	33400	42.3261182	-104.7195350
56612559	560319591001	1	26920	42.3269781	-104.7192739
56612560	560319591001	1	55400	42.3253102	-104.7179796
56612561	560319591001	1	25900	42.3276035	-104.7203745
56612562	560319591001	1	31400	42.3261494	-104.7253093
56612563	560319591001	1	8500	42.3270137	-104.7214382
56612564	560319591001	1	14400	42.3264947	-104.7226032
56612565	560319591001	1	8400	42.3245233	-104.7277977
56612566	560319591001	1	78800	42.3255910	-104.7215149
56612567	560319591001	1	37700	42.3263783	-104.7214683
56612568	560319591001	1	54000	42.3259298	-104.7207883
56612569	560319591001	1	63000	42.3250654	-104.7251281
56612570	560319591001	1	79600	42.3252635	-104.7234797
56612571	560319591001	1	0	42.3252159	-104.7247024
56612572	560319591001	1	75500	42.3041736	-104.7537606
56612573	560319591001	1	14600	42.2978882	-104.7560692
56612574	560319591001	1	35000	42.3264279	-104.7240325
56612575	560319591001	1	70000	42.3249429	-104.7186037
56612576	560319591001	1	35200	42.3258225	-104.7192198
56612577	560319591001	1	45500	42.3244507	-104.7186749
56612578	560319591001	1	82840	42.4722239	-105.0290380
56612579	560319591001	1	20000	42.3251594	-104.7301179
56612580	560319591001	1	57300	42.3279496	-104.7205932
56612581	560319591001	1	70000	42.2989772	-104.7562980
56612582	560319591001	1	130500	42.5035642	-105.0214751
56612583	560319591001	1	26600	42.4994456	-105.0251898
56612584	560319591001	9	27000	42.5093332	-105.0275747
56612585	560319591001	1	11800	42.2972132	-104.7566472
56612586	560319591001	1	56000	42.5040296	-105.0274406
56612587	560319591001	1	33000	42.2989641	-104.7548324
56612588	560319591001	1	26500	42.3055928	-104.7542318
56612589	560319591001	1	75100	42.2995660	-104.7552683
56612590	560319591001	1	41000	42.3004045	-104.7527443
56612591	560319591001	1	82600	42.3017258	-104.7548741
56612592	560319591001	1	77000	42.3018367	-104.7532786
56612593	560319591001	1	8500	42.3010014	-104.7551437
56612594	560319591001	8	30000	42.3012700	-104.7560472
56612595	560319591001	1	45900	42.3007556	-104.7546065
56612596	560319591001	1	54950	42.3023585	-104.7552590
56612597	560319591001	1	22200	42.3032520	-104.7527343
56612598	560319591001	1	26800	42.2995136	-104.7541842
56612599	560319591001	1	50100	42.2998469	-104.7522651
56612600	560319591001	1	53600	42.3021740	-104.7539860
56612601	560319591001	1	8400	42.3030508	-104.7549017
56612602	560319591001	1	42000	42.3030168	-104.7526640
56612603	560319591001	1	42000	42.2711854	-104.7338819
56612604	560319591001	1	38900	42.4986044	-105.0217650
56612605	560319591001	1	47000	42.4975709	-105.0253135
56612606	560319591001	1	33400	42.4996365	-105.0244664
56612607	560319591001	1	37000	42.5023661	-105.0205100
56612608	560319591001	1	109000	42.5029130	-105.0281403
56612609	560319591001	1	24000	42.3246081	-104.7295217
56612610	560319591001	1	5050	42.3266127	-104.7232848
56612611	560319591001	1	31600	42.2705983	-104.7327221
56612612	560319591001	1	101000	42.5003324	-105.0203850
56612613	560319591001	1	39150	42.5007058	-105.0217210
56612614	560319591001	1	68400	42.4722016	-105.0298932
56612615	560319591001	1	61000	42.4895319	-105.0344156
56612616	560319591001	1	27400	42.4728765	-105.0299692
56612617	560319591001	1	37800	42.4568422	-104.8065455
56612618	560319591001	1	40000	42.4987228	-105.0224347
56612619	560319591001	1	114050	42.4976449	-105.0238896
56612620	560319591001	1	8000	42.4983337	-105.0211258
56612621	560319591001	1	55100	42.4979888	-105.0227873
56612622	560319591001	1	8900	42.4988774	-105.0249876
56612623	560319591001	1	51800	42.4984071	-105.0240214
56612624	560319591001	1	27300	42.4983646	-105.0204331
56612625	560319591001	1	55000	42.4982127	-105.0314103
56612626	560319591001	1	14000	42.5015912	-105.0196544
56612627	560319591001	1	70050	42.4957145	-105.0317842
56612628	560319591001	1	24000	42.5121272	-105.0238437
56612629	560319591001	1	10000	42.5129621	-105.0231754
56612630	560319591001	1	54800	42.5135597	-105.0231665
56612631	560319591001	1	119000	42.4886056	-105.0326020
56612632	560319591001	1	24400	42.4996706	-105.0223104
56612633	560319591001	1	7800	42.5086705	-105.0283094
56612634	560319591001	1	51000	42.5146321	-105.0230482
56612635	560319591001	1	95050	42.5115591	-105.0226385
56612636	560319591001	1	6350	42.4910713	-105.0320804
56612637	560319591001	1	155000	42.5838497	-105.0694838
56612638	560319591001	1	23900	42.5856149	-105.0638646
56612639	560319591001	1	49550	42.4919088	-105.0329387
56612640	560319591001	1	72000	42.5064961	-105.0275045
56612641	560319591001	1	13700	42.4985701	-105.0290637
56612642	560319591001	1	33000	42.2707898	-104.7319334
56612643	560319591001	9	38700	42.4998913	-105.0219020
56612644	560319591001	1	12400	42.5046556	-105.0269188
56612645	560319591001	1	93000	42.5052066	-105.0273773
56612646	560319591001	1	13100	42.5859323	-105.0663211
56612647	560319591001	1	37000	42.5870834	-105.0659250
56612648	560319591001	1	90200	42.4887893	-105.0339932
56612649	560319591001	1	151500	42.5071533	-105.0275092
56612650	560319591001	1	95050	42.5853589	-105.0642328
56612651	560319591001	1	41900	42.5865717	-105.0648813
56612652	560319591001	1	62910	42.5865323	-105.0666127
56612653	560319591001	9	9600	42.3095299	-104.8942417
56612654	560319591001	1	95050	42.6009022	-104.9479040
56612655	560319591001	1	40430	42.2745086	-104.7439512
56612656	560319591001	1	24500	42.4946568	-105.0315749
56612657	560319591001	1	56010	42.4908071	-105.0331952
56612658	560319591001	1	9200	42.4972760	-105.0281428
56612659	560319591001	1	18700	42.4884956	-105.0331176
56612660	560319591001	1	67160	42.4871412	-105.0329156
56612661	560319591001	1	5600	42.4972764	-105.0257577
56612662	560319591001	1	47804	42.6020698	-104.9449647
56612663	560319591001	1	94004	42.6010151	-104.9456028
56612664	560319591001	1	74000	42.5854923	-105.0670438
56612665	560319591001	1	116500	42.2721509	-104.7306860
56612666	560319591001	1	13100	42.6016999	-104.9461163
56612667	560319591001	1	40200	42.5848228	-105.0678385
56612668	560319591001	1	27600	42.3470778	-104.7691206
56612669	560319591001	1	0	42.4968058	-105.0304434
56612670	560319591001	1	31500	42.5302373	-105.1378472
56612671	560319591001	1	104900	42.4977070	-105.0305933
56612672	560319591001	1	29000	42.2717468	-104.7322295
56612673	560319591001	1	126800	42.4983976	-105.0266882
56612674	560319591001	1	51000	42.5302933	-105.1360443
56612675	560319591001	1	17500	42.5449665	-105.1082832
56612676	560319591001	1	21400	42.5439607	-105.1086944
56612677	560319591001	1	102600	42.4726052	-104.7158547
56612678	560319591001	1	100000	42.4784542	-105.0116677
56612679	560319591001	1	36400	42.5289627	-105.1387698
56612680	560319591001	1	55660	42.5291515	-105.1373041
56612681	560319591001	1	89000	42.4976284	-105.0303906
56612682	560319591001	1	56000	42.4979804	-105.0293979
56612683	560319591001	1	29500	42.4726979	-104.7167598
56612684	560319591001	1	17600	42.4919224	-105.0317754
56612685	560319591001	1	91900	42.4711680	-104.7174602
56612686	560319591001	8	31000	42.4729504	-104.7177312
56612687	560319591001	1	17200	42.4721461	-104.7152076
56612688	560319591001	1	35810	42.4717119	-104.7167498
56612689	560319591001	1	93000	42.4715017	-104.7170800
56612690	560319591001	1	58300	42.4721831	-104.7186594
56612691	560319591001	1	18700	42.4712179	-104.7159728
56612692	560319591001	1	32400	42.4934224	-105.0305429
56612693	560319591001	1	26800	42.4698950	-104.7164964
56612694	560319591001	1	82000	42.4708383	-104.7192894
56612695	560319591001	1	70000	42.4697782	-104.7175448
56612696	560319591001	1	50000	42.4945131	-105.0304272
56612697	560319591001	1	74000	42.4703939	-104.7159581
56612698	560319591001	1	4720	42.4956690	-105.0312683
56612699	560319591001	1	151400	42.5593662	-105.0143480
56612700	560319591001	1	81490	42.5279107	-105.1541550
56612701	560319591001	1	113000	42.4886931	-105.0329080
56612702	560319591001	1	116500	42.4741269	-104.7168649
56612703	560319591001	1	4600	42.3479754	-104.7657432
56612704	560319591001	1	95740	42.3483786	-104.7654463
56612705	560319591001	1	25700	42.3473064	-104.7671368
56612706	560319591001	1	41000	42.5428842	-105.1088241
56612707	560319591001	1	92000	42.3478793	-104.7653230
56612708	560319591001	1	82600	42.3476525	-104.7661572
56612709	560319591001	1	7200	42.4902549	-105.0324426
56612710	560319591001	1	23900	42.4960935	-105.0309549
56612711	560319591001	1	19200	42.4903081	-105.0316159
56612712	560319591001	1	45000	42.4738426	-104.7184628
56612713	560319591001	1	7800	42.4955649	-105.0294260
56612714	560319591001	1	20400	42.4924238	-105.0311366
56612715	560319591001	1	24000	42.4796629	-105.0118070
56612716	560319591001	1	45610	42.4991689	-105.0388867
56612717	560319591001	1	51000	42.4891692	-105.0313619
56612718	560319591001	1	28250	42.5449829	-105.1071656
56612719	560319591001	1	32400	42.5466596	-105.1074040
56612720	560319591001	1	96000	42.5458681	-105.1075726
56612721	560319591001	1	84400	42.4985490	-105.0272687
56612722	560319591001	1	17800	42.4924475	-105.0304372
56612723	560319591001	8	85500	42.4916052	-105.0305185
56612724	560319591001	1	70000	42.4991279	-105.0397959
56612725	560319591001	1	17200	42.5000711	-105.0407990
56612726	560319591001	1	56410	42.3749727	-104.6556606
56612727	560319591001	1	52200	42.5285822	-105.1478053
56612728	560319591001	1	55000	42.4990684	-105.0375704
56612729	560319591001	1	24800	42.4994348	-105.0408202
56612730	560319591001	8	31000	42.4992585	-105.0420449
56612731	560319591001	1	40000	42.5584821	-105.0174294
56612732	560319591001	1	54950	42.4912834	-105.0309478
56612733	560319591001	1	40000	42.5299118	-105.1393289
56612734	560319591001	1	6200	42.4959089	-105.0322005
56612735	560319591001	1	72000	42.4999424	-105.0422719
56612736	560319591001	1	16800	42.4932841	-105.0321196
56612737	560319591001	1	33800	42.5315951	-105.1361476
56612738	560319591001	1	23200	42.4877350	-105.0320213
56612739	560319591001	1	53400	42.4821746	-105.0118619
56612740	560319591001	1	59400	42.4816629	-105.0124499
56612741	560319591001	1	22500	42.4985968	-105.0387884
56612742	560319591001	1	52900	42.4982417	-105.0371484
56612743	560319591001	1	20000	42.4986206	-105.0396699
56612744	560319591001	1	86300	42.5281489	-105.1584888
56612745	560319591001	1	0	42.4973050	-105.0276609
56612746	560319591001	1	43130	42.4967839	-105.0290638
56612747	560319591001	1	16800	42.5589736	-105.0156013
56612748	560319591001	1	46000	42.5597602	-105.0168774
56612749	560319591001	1	50000	42.4984680	-105.0418665
56612750	560319591001	1	40411	42.5607586	-105.0131054
56612751	560319591001	1	43000	42.5592842	-105.0137961
56612752	560319591001	1	46500	42.5594148	-105.0153786
56612753	560319591001	1	37400	42.4902853	-105.0305420
56612754	560319591001	1	33070	42.4885822	-105.0310761
56612755	560319591001	1	146500	42.5602721	-105.0142073
56612756	560319591001	1	82000	42.5611970	-105.0153490
56612757	560319591001	1	38000	42.5611789	-105.0158473
56612758	560319591001	1	4720	42.5610983	-105.0167103
56612759	560319591001	1	2400	42.5606467	-105.0175636
56612760	560319591001	1	86000	42.5613807	-105.0130561
56612761	560319591001	1	100000	42.5600162	-105.0157039
56612762	560319591001	1	41280	42.4418107	-105.1615271
56612763	560319591001	1	54350	42.4398206	-105.1668372
56612764	560319591001	1	114060	42.5423617	-105.1073883
56612765	560319591001	1	9000	42.5576288	-105.0178055
56612766	560319591001	1	70000	42.5426646	-105.1078582
56612767	560319591001	1	70000	42.4706491	-104.7146368
56612768	560319591001	1	24000	42.4711154	-104.7138998
56612769	560319591001	1	11100	42.4414772	-105.1608215
56612770	560319591001	1	61400	42.4419528	-105.1631253
56612771	560319591001	1	88400	42.4405841	-105.1576392
56612772	560319591001	1	47500	42.4404622	-105.1568433
56612773	560319591001	1	43000	42.4402273	-105.1612233
56612774	560319591001	1	70000	42.4415058	-105.1656706
56612775	560319591001	1	70000	42.4415649	-105.1629684
56612776	560319591001	1	87400	42.4409913	-105.1641699
56612777	560319591001	1	41400	42.4401573	-105.1591799
56612778	560319591001	1	61000	42.4944723	-105.0294707
56612779	560319591001	1	2000	42.4409812	-105.1551585
56612780	560319591001	1	65000	42.4386013	-105.1609782
56612781	560319591001	1	12000	42.4375393	-105.1724626
56612782	560319591001	1	17000	42.4385328	-105.1602863
56612783	560319591002	1	87400	42.2673485	-104.7499965
56612784	560319591002	1	75000	42.2631103	-104.7417231
56612785	560319591002	1	4600	42.2702627	-104.7512207
56612786	560319591002	1	94300	42.2648404	-104.7469459
56612787	560319591002	1	65340	42.2678300	-104.7500378
56612788	560319591002	1	61000	42.2631884	-104.7420202
56612789	560319591002	1	80000	42.2625401	-104.7419889
56612790	560319591002	1	25500	42.2631268	-104.7427004
56612791	560319591002	1	45000	42.2625052	-104.7425720
56612792	560319591002	1	4600	42.2627210	-104.7415309
56612793	560319591002	8	31000	42.2665668	-104.7440077
56612794	560319591002	1	47000	42.2660026	-104.7438525
56612795	560319591002	1	27880	42.2664922	-104.7436860
56612796	560319591002	1	-4199	42.2661630	-104.7441722
56612797	560319591002	1	48400	42.2666117	-104.7433738
56612798	560319591002	1	50000	42.2659764	-104.7436216
56612799	560319591002	1	18280	42.2663361	-104.7425598
56612800	560319591002	1	50000	42.2652795	-104.7468898
56612801	560319591002	1	56440	42.2664951	-104.7421318
56612802	560319591002	1	500	42.2663150	-104.7431071
56612803	560319591002	1	31500	42.2662309	-104.7420462
56612804	560319591002	1	34100	42.2654096	-104.7478547
56612805	560319591002	1	0	42.2663563	-104.7475392
56612806	560319591002	1	47210	42.2642889	-104.7482312
56612807	560319591002	1	20500	42.2731954	-104.7510231
56612808	560319591002	1	73700	42.2728907	-104.7503635
56612809	560319591002	1	66800	42.2664515	-104.7423664
56612810	560319591002	1	47700	42.2664888	-104.7429079
56612811	560319591002	1	63400	42.2734323	-104.7512713
56612812	560319591002	1	74300	42.2729683	-104.7504708
56612813	560319591002	1	52000	42.2730577	-104.7512058
56612814	560319591002	1	7200	42.2730570	-104.7488114
56612815	560319591002	1	37200	42.2731284	-104.7477149
56612816	560319591002	1	62600	42.2731668	-104.7513464
56612817	560319591002	1	47304	42.2729388	-104.7479301
56612818	560319591002	1	87000	42.2728858	-104.7482488
56612819	560319591002	3	92200	42.2730603	-104.7479284
56612820	560319591002	1	59800	42.2733457	-104.7488197
56612821	560319591002	1	75000	42.2662943	-104.7491842
56612822	560319591002	1	60000	42.2676446	-104.7491372
56612823	560319591002	1	62000	42.2645497	-104.7479957
56612824	560319591002	1	74800	42.2640662	-104.7480953
56612825	560319591002	1	39310	42.2645880	-104.7490104
56612826	560319591002	9	26000	42.2675613	-104.7493371
56612827	560319591002	1	93600	42.2642680	-104.7487688
56612828	560319591002	1	231600	42.2640430	-104.7487706
56612829	560319591002	1	78000	42.2663451	-104.7490154
56612830	560319591002	1	26000	42.2682015	-104.7490336
56612831	560319591002	1	43500	42.2676156	-104.7483027
56612832	560319591002	1	31000	42.2680152	-104.7482670
56612833	560319591002	1	5050	42.2662569	-104.7482495
56612834	560319591002	1	47000	42.2656895	-104.7491619
56612835	560319591002	1	37900	42.2656521	-104.7489054
56612836	560319591002	1	97000	42.2651848	-104.7478923
56612837	560319591002	1	354000	42.2669960	-104.7451639
56612838	560319591002	1	32100	42.2701895	-104.7412859
56612839	560319591002	1	68640	42.2664428	-104.7477591
56612840	560319591002	1	33200	42.2660248	-104.7478677
56612841	560319591002	1	167200	42.2665385	-104.7472031
56612842	560319591002	1	11800	42.2700358	-104.7415652
56612843	560319591002	1	8000	42.2660300	-104.7473805
56612844	560319591002	1	28100	42.2701247	-104.7421550
56612845	560319591002	1	60000	42.2683170	-104.7459536
56612846	560319591002	1	24336	42.2678059	-104.7459696
56612847	560319591002	1	67600	42.2704494	-104.7416109
56612848	560319591002	1	0	42.2696636	-104.7420115
56612849	560319591002	1	37000	42.2680704	-104.7460706
56612850	560319591002	1	79200	42.2675622	-104.7467140
56612851	560319591002	1	12000	42.2675448	-104.7465053
56612852	560319591002	1	83000	42.2652854	-104.7468294
56612853	560319591002	1	65200	42.2672430	-104.7434508
56612854	560319591002	1	38000	42.2676016	-104.7451609
56612855	560319591002	1	32000	42.2671973	-104.7449309
56612856	560319591002	1	8400	42.2670348	-104.7447570
56612857	560319591002	8	12000	42.2668592	-104.7437491
56612858	560319591002	1	15000	42.2675761	-104.7454748
56612859	560319591002	1	7200	42.2671616	-104.7439847
56612860	560319591002	1	70410	42.2626057	-104.7486451
56612861	560319591002	1	32000	42.2621984	-104.7480676
56612862	560319591002	1	80000	42.2672657	-104.7437040
56612863	560319591002	1	51000	42.2675882	-104.7440892
56612864	560319591002	1	26480	42.2620788	-104.7477682
56612865	560319591002	1	35000	42.2626718	-104.7485959
56612866	560319591002	1	77000	42.2624880	-104.7484715
56612867	560319591002	1	72000	42.2702046	-104.7514858
56612868	560319591002	1	110200	42.2715413	-104.7437729
56612869	560319591002	1	14400	42.2668144	-104.7412023
56612870	560319591002	9	8000	42.2642054	-104.7463181
56612871	560319591002	1	86000	42.2688821	-104.7427538
56612872	560319591002	1	11000	42.2697175	-104.7490278
56612873	560319591002	1	51000	42.2640279	-104.7459624
56612874	560319591002	1	31000	42.2640873	-104.7458983
56612875	560319591002	1	95000	42.2706731	-104.7469249
56612876	560319591002	1	8400	42.2705301	-104.7464722
56612877	560319591002	1	30000	42.2647000	-104.7459592
56612878	560319591002	1	70500	42.2647777	-104.7456398
56612879	560319591002	1	22700	42.2709866	-104.7468840
56612880	560319591002	1	46100	42.2709489	-104.7473088
56612881	560319591002	1	11750	42.2704558	-104.7472037
56612882	560319591002	1	21030	42.2661605	-104.7409842
56612883	560319591002	1	186000	42.2680923	-104.7430574
56612884	560319591002	1	67000	42.2691559	-104.7430944
56612885	560319591002	1	21200	42.2691456	-104.7433983
56612886	560319591002	1	52020	42.2688035	-104.7425469
56612887	560319591002	1	224700	42.2678127	-104.7430880
56612888	560319591002	1	27000	42.2687370	-104.7426282
56612889	560319591002	1	39400	42.2679447	-104.7425911
56612890	560319591002	1	122000	42.2706373	-104.7455225
56612891	560319591002	1	49000	42.2711008	-104.7453878
56612892	560319591002	1	40000	42.2684556	-104.7429624
56612893	560319591002	1	79000	42.2678929	-104.7430965
56612894	560319591002	1	98000	42.2704240	-104.7460515
56612895	560319591002	1	25000	42.2709285	-104.7455480
56612896	560319591002	8	24000	42.2708501	-104.7452023
56612897	560319591002	1	6200	42.2675790	-104.7518240
56612898	560319591002	3	72000	42.2638749	-104.7504326
56612899	560319591002	1	60000	42.2660531	-104.7411468
56612900	560319591002	1	38000	42.2666522	-104.7408177
56612901	560319591002	1	67500	42.2664139	-104.7411332
56612902	560319591002	1	41200	42.2669769	-104.7408370
56612903	560319591002	1	18000	42.2652197	-104.7410334
56612904	560319591002	1	500	42.2656269	-104.7417876
56612905	560319591002	1	37200	42.2654074	-104.7408386
56612906	560319591002	1	15100	42.2640082	-104.7506763
56612907	560319591002	8	30000	42.2641282	-104.7518181
56612908	560319591002	3	72000	42.2659147	-104.7408806
56612909	560319591002	1	49050	42.2639284	-104.7524920
56612910	560319591002	1	71300	42.2642178	-104.7518594
56612911	560319591002	1	70000	42.2639473	-104.7524287
56612912	560319591002	1	95000	42.2637262	-104.7523294
56612913	560319591002	5	25000	42.2672758	-104.7515267
56612914	560319591002	1	20700	42.2694527	-104.7477386
56612915	560319591002	1	88000	42.2640978	-104.7509396
56612916	560319591002	1	12830	42.2640058	-104.7511572
56612917	560319591002	1	39000	42.2637894	-104.7506619
56612918	560319591002	1	55000	42.2698288	-104.7476832
56612919	560319591002	1	10000	42.2696350	-104.7475215
56612920	560319591002	8	20000	42.2696755	-104.7483897
56612921	560319591002	1	88000	42.2679031	-104.7515296
56612922	560319591002	1	24200	42.2637450	-104.7454912
56612923	560319591002	1	28000	42.2695633	-104.7476861
56612924	560319591002	1	32000	42.2636971	-104.7464434
56612925	560319591002	1	55450	42.2679333	-104.7516757
56612926	560319591002	1	94000	42.2639438	-104.7460727
56612927	560319591002	1	25800	42.2635771	-104.7462394
56612928	560319591002	1	8200	42.2713189	-104.7437091
56612929	560319591002	1	2300	42.2712327	-104.7510218
56612930	560319591002	1	47600	42.2709820	-104.7487187
56612931	560319591002	1	42960	42.2705136	-104.7485116
56612932	560319591002	1	70900	42.2693276	-104.7491852
56612933	560319591002	1	63100	42.2699973	-104.7489631
56612934	560319591002	1	125000	42.2694606	-104.7494652
56612935	560319591002	1	31400	42.2718147	-104.7472932
56612936	560319591002	1	8400	42.2712192	-104.7488383
56612937	560319591002	1	67500	42.2713935	-104.7488339
56612938	560319591002	1	17500	42.2713458	-104.7495723
56612939	560319591002	1	8500	42.2712797	-104.7466459
56612940	560319591002	1	50600	42.2716600	-104.7472067
56612941	560319591002	1	71400	42.2715735	-104.7474587
56612942	560319591002	1	18000	42.2711692	-104.7507105
56612943	560319591002	1	31900	42.2703936	-104.7477613
56612944	560319591002	1	64400	42.2702555	-104.7476042
56612945	560319591002	8	31000	42.2707350	-104.7478727
56612946	560319591002	1	354000	42.2719567	-104.7436371
56612947	560319591002	1	34500	42.2718319	-104.7432650
56612948	560319591002	1	77500	42.2714701	-104.7502961
56612949	560319591002	1	176800	42.2712605	-104.7501777
56612950	560319591002	1	104100	42.2628234	-104.7488298
56612951	560319591002	1	67500	42.2626004	-104.7493771
56612952	560319591002	1	39000	42.2670034	-104.7494828
56612953	560319591002	1	44800	42.2721733	-104.7481423
56612954	560319591002	1	16700	42.2712144	-104.7453700
56612955	560319591002	1	40500	42.2696331	-104.7392538
56612956	560319591002	1	6800	42.2713839	-104.7460240
56612957	560319591002	1	19200	42.2714926	-104.7451905
56612958	560319591002	1	31500	42.2711751	-104.7459252
56612959	560319591002	1	79680	42.2722046	-104.7461618
56612960	560319591002	1	85000	42.2696068	-104.7396012
56612961	560319591002	1	55000	42.2690039	-104.7391136
56612962	560319591002	1	34400	42.2691937	-104.7392241
56612963	560319591002	1	70000	42.2729399	-104.7455254
56612964	560319591002	1	41900	42.2723401	-104.7454954
56612965	560319591002	1	59200	42.2724507	-104.7460209
56612966	560319591002	1	42500	42.2650057	-104.7481938
56612967	560319591002	1	98400	42.2721705	-104.7470101
56612968	560319591002	1	126000	42.2728190	-104.7478380
56612969	560319591002	1	40000	42.2724343	-104.7476896
56612970	560319591002	1	14400	42.2727125	-104.7484484
56612971	560319591002	1	39000	42.2724324	-104.7467133
56612972	560319591002	1	11600	42.2726300	-104.7464378
56612973	560319591002	1	8000	42.2721249	-104.7471476
56612974	560319591002	1	8300	42.2652443	-104.7481325
56612975	560319591002	1	15780	42.2667684	-104.7513903
56612976	560319591002	1	32000	42.2671817	-104.7514668
56612977	560319591002	1	15000	42.2669871	-104.7514182
56612978	560319591002	1	87000	42.2651800	-104.7485632
56612979	560319591002	1	70700	42.2663197	-104.7510053
56612980	560319591002	1	69900	42.2654806	-104.7481527
56612981	560319591002	1	18000	42.2659083	-104.7495116
56612982	560319591002	1	42400	42.2621524	-104.7499058
56612983	560319591002	1	44100	42.2652145	-104.7512775
56612984	560319591002	1	67500	42.2655951	-104.7524547
56612985	560319591002	1	79300	42.2670374	-104.7498744
56612986	560319591002	1	52000	42.2666138	-104.7494394
56612987	560319591002	1	83020	42.2654502	-104.7519699
56612988	560319591002	1	60400	42.2668397	-104.7502962
56612989	560319591002	1	30000	42.2658042	-104.7523854
56612990	560319591002	1	32700	42.2649655	-104.7508290
56612991	560319591002	1	48800	42.2693500	-104.7502278
56612992	560319591002	1	13200	42.2699305	-104.7503988
56612993	560319591002	1	40000	42.2698643	-104.7503137
56612994	560319591002	1	26200	42.2651165	-104.7492250
56612995	560319591002	1	90000	42.2648432	-104.7497100
56612996	560319591002	8	91000	42.2649567	-104.7495287
56612997	560319591002	1	12830	42.2623577	-104.7504293
56612998	560319591002	1	60000	42.2717698	-104.7482691
56612999	560319591002	1	39600	42.2717400	-104.7513606
56613000	560319591002	1	13000	42.2650599	-104.7515467
56613001	560319591002	1	58600	42.2719740	-104.7515136
56613002	560319591002	1	50600	42.2661709	-104.7511784
56613003	560319591002	1	76000	42.2663046	-104.7509286
56613004	560319591002	1	6000	42.2660753	-104.7508348
56613005	560319591002	9	26000	42.2627522	-104.7504034
56613006	560319591002	1	32800	42.2677751	-104.7453273
56613007	560319591002	1	42000	42.2718181	-104.7477196
56613008	560319591002	1	32800	42.2713413	-104.7477388
56613009	560319591002	1	8000	42.2621104	-104.7508885
56613010	560319591002	1	20000	42.2681897	-104.7446073
56613011	560319591002	1	96200	42.2685406	-104.7446592
56613012	560319591002	1	55000	42.2658489	-104.7494402
56613013	560319591002	1	7200	42.2657172	-104.7447605
56613014	560319591002	1	64000	42.2655282	-104.7444204
56613015	560319591002	1	55400	42.2658571	-104.7501059
56613016	560319591002	1	74200	42.2670180	-104.7394747
56613017	560319591002	1	46780	42.2682653	-104.7510326
56613018	560319591002	1	6000	42.2745546	-104.7457334
56613019	560319591002	1	21600	42.2651473	-104.7525109
56613020	560319591002	8	31000	42.2727588	-104.7428430
56613021	560319591002	3	63000	42.2654499	-104.7452012
56613022	560319591002	1	40000	42.2726726	-104.7428867
56613023	560319591002	1	55000	42.2650315	-104.7517755
56613024	560319591002	1	65050	42.2727062	-104.7433921
56613025	560319591002	1	19200	42.2648544	-104.7526290
56613026	560319591002	1	41800	42.2739979	-104.7463534
56613027	560319591002	1	74000	42.2680379	-104.7443077
56613028	560319591002	1	59000	42.2693153	-104.7440415
56613029	560319591002	1	60000	42.2688930	-104.7444741
56613030	560319591002	1	12200	42.2701163	-104.7493343
56613031	560319591002	1	43400	42.2685985	-104.7434960
56613032	560319591002	1	87000	42.2707301	-104.7487887
56613033	560319591002	1	41400	42.2686638	-104.7518726
56613034	560319591002	1	14900	42.2735277	-104.7450289
56613035	560319591002	1	7900	42.2738315	-104.7497026
56613036	560319591002	1	13200	42.2639710	-104.7452170
56613037	560319591002	1	38000	42.2639648	-104.7448380
56613038	560319591002	1	80000	42.2704976	-104.7505853
56613039	560319591002	1	53600	42.2743624	-104.7496993
56613040	560319591002	1	9600	42.2704901	-104.7500252
56613041	560319591002	9	21600	42.2626895	-104.7513149
56613042	560319591002	1	108000	42.2615631	-104.7497208
56613043	560319591002	1	86900	42.2737122	-104.7447642
56613044	560319591002	1	32000	42.2615780	-104.7494136
56613045	560319591002	1	84500	42.2626152	-104.7514665
56613046	560319591002	1	96000	42.2717643	-104.7511609
56613047	560319591002	1	35200	42.2725002	-104.7505552
56613048	560319591002	1	0	42.2686606	-104.7463724
56613049	560319591002	1	24800	42.2742577	-104.7510819
56613050	560319591002	1	28800	42.2695576	-104.7462127
56613051	560319591002	1	12000	42.2726315	-104.7446777
56613052	560319591002	1	110200	42.2682952	-104.7499696
56613053	560319591002	1	21710	42.2681749	-104.7506191
56613054	560319591002	1	2100	42.2697037	-104.7450119
56613055	560319591002	1	37500	42.2723545	-104.7440228
56613056	560319591002	1	48000	42.2695816	-104.7458456
56613057	560319591002	1	7900	42.2686770	-104.7482215
56613058	560319591002	1	28500	42.2648399	-104.7443990
56613059	560319591002	1	80050	42.2694644	-104.7471096
56613060	560319591002	1	103500	42.2642725	-104.7442914
56613061	560319591002	9	22004	42.2689074	-104.7479873
56613062	560319591002	8	237800	42.2685931	-104.7491924
56613063	560319591002	3	92200	42.2683724	-104.7486575
56613064	560319591002	1	30300	42.2689940	-104.7398923
56613065	560319591002	1	42400	42.2662148	-104.7386371
56613066	560319591002	1	104000	42.2693424	-104.7508764
56613067	560319591002	1	71090	42.2743767	-104.7507854
56613068	560319591002	1	5050	42.2696171	-104.7509419
56613069	560319591002	1	146600	42.2656497	-104.7392124
56613070	560319591002	1	96000	42.2679021	-104.7393882
56613071	560319591002	1	64200	42.2674435	-104.7389244
56613072	560319591002	1	86300	42.2743321	-104.7516101
56613073	560319591002	1	97000	42.2735487	-104.7460632
56613074	560319591002	1	11000	42.2668973	-104.7522613
56613075	560319591002	1	46820	42.2729604	-104.7459652
56613076	560319591002	1	85000	42.2739391	-104.7467452
56613077	560319591002	1	31900	42.2722291	-104.7491849
56613078	560319591002	1	60000	42.2741958	-104.7482768
56613079	560319591002	8	25000	42.2647645	-104.7398733
56613080	560319591002	1	5000	42.2689848	-104.7362090
56613081	560319591002	1	116000	42.2675630	-104.7495231
56613082	560319591002	1	7800	42.2706949	-104.7428905
56613083	560319591002	1	70000	42.2674710	-104.7504099
56613084	560319591002	1	27800	42.2708864	-104.7433535
56613085	560319591002	1	10500	42.2710788	-104.7432047
56613086	560319591002	1	64000	42.2680990	-104.7382467
56613087	560319591002	9	400	42.2706640	-104.7429789
56613088	560319591002	1	83000	42.2686933	-104.7373118
56613089	560319591002	1	58800	42.2682806	-104.7379214
56613090	560319591002	1	0	42.2682994	-104.7376538
56613091	560319591002	1	35500	42.2683366	-104.7380331
56613092	560319591002	1	268000	42.2682740	-104.7378267
56613093	560319591002	1	41280	42.2682423	-104.7375984
56613094	560319591002	1	94000	42.2683231	-104.7373063
56613095	560319591002	1	96700	42.2687196	-104.7380044
56613096	560319591002	1	33400	42.2687115	-104.7384343
56613097	560319591002	1	74600	42.2705615	-104.7425523
56613098	560319591002	1	62000	42.2732255	-104.7489559
56613099	560319591002	1	85500	42.2733873	-104.7501103
56613100	560319591002	1	5000	42.2687798	-104.7376426
56613101	560319591002	1	35100	42.2688050	-104.7379786
56613102	560319591002	1	82600	42.2687519	-104.7378419
56613103	560319591002	1	26010	42.2735424	-104.7498391
56613104	560319591002	1	42000	42.2689456	-104.7375864
56613105	560319591002	1	120000	42.2731236	-104.7489420
56613106	560319591002	1	85000	42.2733714	-104.7497030
56613107	560319591002	1	92000	42.2729983	-104.7500802
56613108	560319591002	1	88400	42.2733478	-104.7499758
56613109	560319591002	1	7800	42.2732001	-104.7489825
56613110	560319591002	1	64600	42.2733712	-104.7497830
56613111	560319591002	1	76000	42.2727747	-104.7498254
56613112	560319591002	1	8900	42.2728234	-104.7499768
56613113	560319591002	1	18600	42.2705695	-104.7432875
56613114	560319591002	1	93900	42.2673594	-104.7408228
56613115	560319591002	1	42000	42.2669914	-104.7418228
56613116	560319591002	1	28000	42.2731087	-104.7491661
56613117	560319591002	1	80900	42.2730026	-104.7497077
56613118	560319591002	1	21600	42.2671741	-104.7415783
56613119	560319591002	1	88900	42.2677694	-104.7419959
56613120	560319591002	1	63000	42.2670428	-104.7408101
56613121	560319591002	1	86000	42.2672790	-104.7417939
56613122	560319591002	1	26500	42.2671232	-104.7412232
56613123	560319591002	1	39000	42.2670511	-104.7419459
56613124	560319591002	1	29300	42.2678133	-104.7419252
56613125	560319591002	1	13300	42.2674262	-104.7420355
56613126	560319591002	1	20200	42.2677107	-104.7416585
56613127	560319591002	1	11500	42.2673352	-104.7417208
56613128	560319591002	1	87560	42.2636369	-104.7488822
56613129	560319591002	1	56900	42.2672872	-104.7499905
56613130	560319591002	1	17600	42.2695037	-104.7443014
56613131	560319591002	1	27400	42.2721735	-104.7439481
56613132	560319591002	1	109640	42.2709315	-104.7430984
56613133	560319591002	1	30000	42.2698973	-104.7444847
56613134	560319591002	1	56800	42.2704593	-104.7429849
56613135	560319591002	1	24800	42.2719283	-104.7443427
56613136	560319591002	1	31400	42.2674978	-104.7402061
56613137	560319591002	1	45600	42.2707328	-104.7430433
56613138	560319591002	1	8000	42.2709296	-104.7432279
56613139	560319591002	1	53000	42.2709428	-104.7428918
56613140	560319591002	1	84600	42.2671886	-104.7404169
56613141	560319591002	5	25000	42.2678476	-104.7400232
56613142	560319591002	1	69000	42.2678737	-104.7406826
56613143	560319591002	1	106200	42.2673849	-104.7405223
56613144	560319591002	1	70000	42.2672852	-104.7396908
56613145	560319591002	1	45200	42.2677883	-104.7401998
56613146	560319591002	3	14000	42.2674711	-104.7400313
56613147	560319591002	1	35960	42.2676015	-104.7398033
56613148	560319591002	1	51000	42.2673714	-104.7399709
56613149	560319591002	1	63650	42.2679608	-104.7397433
56613150	560319591002	1	43200	42.2637039	-104.7485611
56613151	560319591002	9	94000	42.2675132	-104.7458434
56613152	560319591002	1	35200	42.2719722	-104.7444585
56613153	560319591002	9	56000	42.2714895	-104.7438770
56613154	560319591002	1	73400	42.2717847	-104.7446901
56613155	560319591002	1	69160	42.2719902	-104.7444308
56613156	560319591002	8	148800	42.2718477	-104.7447420
56613157	560319591002	1	25800	42.2713504	-104.7441422
56613158	560319591002	1	56400	42.2712326	-104.7447653
56613159	560319591002	8	38500	42.2670322	-104.7468962
56613160	560319591002	1	80000	42.2674748	-104.7464974
56613161	560319591002	5	25000	42.2713931	-104.7443780
56613162	560319591002	1	36000	42.2669919	-104.7465794
56613163	560319591002	1	193000	42.2668236	-104.7457782
56613164	560319591002	1	49050	42.2669389	-104.7459618
56613165	560319591002	1	12600	42.2672166	-104.7457876
56613166	560319591002	1	31400	42.2636489	-104.7483954
56613167	560319591002	1	74600	42.2629931	-104.7499763
56613168	560319591002	1	14000	42.2670263	-104.7468711
56613169	560319591002	1	46500	42.2668208	-104.7462957
56613170	560319591002	1	10400	42.2675330	-104.7462884
56613171	560319591002	1	50000	42.2635789	-104.7492608
56613172	560319591002	1	34900	42.2634489	-104.7498598
56613173	560319591002	1	8590	42.2631858	-104.7494042
56613174	560319591002	1	45234	42.2632722	-104.7477524
56613175	560319591002	1	54300	42.2635363	-104.7489151
56613176	560319591002	1	18800	42.2633602	-104.7493558
56613177	560319591002	1	26170	42.2636028	-104.7496917
56613178	560319591002	1	53400	42.2637478	-104.7484978
56613179	560319591002	1	37400	42.2635300	-104.7491263
56613180	560319591002	1	18000	42.2634647	-104.7500613
56613181	560319591002	1	58600	42.2699268	-104.7440996
56613182	560319591002	8	34530	42.2697057	-104.7439619
56613183	560319591002	5	77000	42.2636420	-104.7466869
56613184	560319591002	1	57300	42.2633548	-104.7482675
56613185	560319591002	1	15780	42.2637307	-104.7479865
56613186	560319591002	1	80000	42.2629989	-104.7477405
56613187	560319591002	1	21100	42.2630049	-104.7484406
56613188	560319591002	1	70000	42.2632599	-104.7467003
56613189	560319591002	1	134800	42.2630419	-104.7474252
56613190	560319591002	1	70000	42.2635318	-104.7468181
56613191	560319591002	1	12000	42.2633052	-104.7467844
56613192	560319591002	1	2500	42.2638132	-104.7466047
56613193	560319591002	1	34800	42.2631137	-104.7473846
56613194	560319591002	1	22400	42.2630469	-104.7466135
56613195	560319591002	1	82300	42.2630094	-104.7524732
56613196	560319591002	1	66900	42.2629875	-104.7523008
56613197	560319591002	1	81000	42.2635018	-104.7519411
56613198	560319591002	1	38000	42.2632379	-104.7468747
56613199	560319591002	1	63400	42.2627810	-104.7517398
56613200	560319591002	1	26000	42.2631368	-104.7523389
56613201	560319591002	1	14400	42.2627466	-104.7515235
56613202	560319591002	1	30600	42.2631764	-104.7522182
56613203	560319591002	1	88400	42.2633347	-104.7514826
56613204	560319591002	1	33000	42.2632365	-104.7525422
56613205	560319591002	1	15300	42.2677296	-104.7495247
56613206	560319591002	1	32100	42.2696774	-104.7438487
56613207	560319591002	1	22800	42.2655564	-104.7397170
56613208	560319591002	1	48400	42.2697036	-104.7442246
56613209	560319591002	1	45450	42.2698465	-104.7439037
56613210	560319591002	1	3900	42.2660864	-104.7452155
56613211	560319591002	1	65000	42.2707639	-104.7440862
56613212	560319591002	1	116000	42.2709910	-104.7442864
56613213	560319591002	1	70000	42.2652604	-104.7405126
56613214	560319591002	1	31000	42.2696035	-104.7437749
56613215	560319591002	1	5050	42.2700144	-104.7444253
56613216	560319591002	1	84250	42.2706016	-104.7438993
56613217	560319591002	1	42300	42.2711085	-104.7446835
56613218	560319591002	1	90100	42.2659867	-104.7451036
56613219	560319591002	9	15900	42.2649225	-104.7459836
56613220	560319591002	1	12000	42.2712007	-104.7446942
56613221	560319591002	1	60000	42.2711201	-104.7438049
56613222	560319591002	1	78000	42.2712270	-104.7446250
56613223	560319591002	1	8200	42.2655854	-104.7463450
56613224	560319591002	1	76000	42.2710678	-104.7446823
56613225	560319591002	1	35500	42.2708009	-104.7443638
56613226	560319591002	1	60000	42.2653907	-104.7459026
56613227	560319591002	1	42000	42.2655619	-104.7460737
56613228	560319591002	1	48000	42.2650589	-104.7466124
56613229	560319591002	1	42000	42.2652937	-104.7461187
56613230	560319591002	1	0	42.2649944	-104.7457049
56613231	560319591002	1	49500	42.2651297	-104.7465271
56613232	560319591002	1	39000	42.2655958	-104.7456194
56613233	560319591002	1	64000	42.2662178	-104.7404516
56613234	560319591002	3	92200	42.2681626	-104.7408368
56613235	560319591002	1	20200	42.2665787	-104.7451287
56613236	560319591002	1	370	42.2662927	-104.7449378
56613237	560319591002	1	16000	42.2663770	-104.7443809
56613238	560319591002	1	22000	42.2660094	-104.7451921
56613239	560319591002	1	35000	42.2663354	-104.7445894
56613240	560319591002	1	11600	42.2666695	-104.7455943
56613241	560319591002	1	15600	42.2660890	-104.7455517
56613242	560319591002	1	47000	42.2679248	-104.7408742
56613243	560319591002	1	54200	42.2683510	-104.7401509
56613244	560319591002	8	38500	42.2687318	-104.7400064
56613245	560319591002	1	28300	42.2682178	-104.7405105
56613246	560319591002	1	14600	42.2687394	-104.7401717
56613247	560319591002	1	50500	42.2684379	-104.7401393
56613248	560319591002	1	8300	42.2683019	-104.7406466
56613249	560319591002	1	57000	42.2670546	-104.7398411
56613250	560319591002	1	16900	42.2680656	-104.7388572
56613251	560319591002	1	65000	42.2683423	-104.7393821
56613252	560319591002	1	14700	42.2680580	-104.7392733
56613253	560319591002	1	8000	42.2686045	-104.7387015
56613254	560319591002	3	92200	42.2681908	-104.7389205
56613255	560319591002	1	25460	42.2682603	-104.7395412
56613256	560319591002	1	36000	42.2681339	-104.7392455
56613257	560319591002	1	21030	42.2669903	-104.7396480
56613258	560319591002	1	67900	42.2666592	-104.7397538
56613259	560319591002	1	85000	42.2684042	-104.7396957
56613260	560319591002	1	11500	42.2665112	-104.7396195
56613261	560319591002	1	54000	42.2668508	-104.7396686
56613262	560319591002	1	31500	42.2665921	-104.7397359
56613263	560319591002	1	103000	42.2661580	-104.7405750
56613264	560319591002	1	71500	42.2673174	-104.7483249
56613265	560319591002	1	91550	42.2729961	-104.7468204
56613266	560319591002	1	39000	42.2667382	-104.7486468
56613267	560319591002	1	76000	42.2675201	-104.7475234
56613268	560319591002	1	63500	42.2736703	-104.7473463
56613269	560319591002	1	52000	42.2655149	-104.7393853
56613270	560319591002	1	26000	42.2660136	-104.7401449
56613271	560319591002	1	59800	42.2659635	-104.7399053
56613272	560319591002	1	80000	42.2729743	-104.7475061
56613273	560319591002	1	11800	42.2658835	-104.7394744
56613274	560319591002	1	76000	42.2661085	-104.7403395
56613275	560319591002	1	66500	42.2671519	-104.7486176
56613276	560319591002	1	70250	42.2628067	-104.7508490
56613277	560319591002	1	4600	42.2730672	-104.7474712
56613278	560319591002	1	83200	42.2735318	-104.7472715
56613279	560319591002	1	41400	42.2629974	-104.7512367
56613280	560319591002	1	57000	42.2729348	-104.7470456
56613281	560319591002	1	13350	42.2730688	-104.7474893
56613282	560319591002	1	47000	42.2670366	-104.7488259
56613283	560319591002	1	45234	42.2636524	-104.7502791
56613284	560319591002	1	13200	42.2627862	-104.7508390
56613285	560319591002	1	24800	42.2634153	-104.7508838
56613286	560319591002	1	33900	42.2668920	-104.7486982
56613287	560319591002	1	35810	42.2635296	-104.7507170
56613288	560319591002	8	53000	42.2631427	-104.7510607
56613289	560319591002	1	79700	42.2676769	-104.7424482
56613290	560319591002	1	53000	42.2664582	-104.7492312
56613291	560319591002	1	186000	42.2669183	-104.7491440
56613292	560319591002	1	61200	42.2679891	-104.7479674
56613293	560319591002	1	10970	42.2675391	-104.7423345
56613294	560319591002	1	36500	42.2667848	-104.7474017
56613295	560319591002	1	58470	42.2666767	-104.7473267
56613296	560319591002	1	73000	42.2667903	-104.7479857
56613297	560319591002	1	64000	42.2667031	-104.7471311
56613298	560319591002	1	60000	42.2666395	-104.7471917
56613299	560319591002	1	36000	42.2673948	-104.7479110
56613300	560319591002	1	32000	42.2670579	-104.7479154
56613301	560319591002	1	26800	42.2670458	-104.7425541
56613302	560319591002	1	12790	42.2696651	-104.7432686
56613303	560319591002	1	45000	42.2702817	-104.7424797
56613304	560319591002	1	51280	42.2699864	-104.7427210
56613305	560319591002	1	30000	42.2702035	-104.7434594
56613306	560319591002	1	9600	42.2702786	-104.7435174
56613307	560319591002	1	35810	42.2701603	-104.7425270
56613308	560319591002	1	32800	42.2682328	-104.7471386
56613309	560319591002	1	120000	42.2625315	-104.7436037
56613310	560319591002	1	82500	42.2664522	-104.7461523
56613311	560319591002	1	10000	42.2670879	-104.7424984
56613312	560319591002	1	56000	42.2672722	-104.7432515
56613313	560319591002	1	65050	42.2673973	-104.7432666
56613314	560319591002	1	38001	42.2661090	-104.7457530
56613315	560319591002	1	20400	42.2664455	-104.7461130
56613316	560319591002	1	120000	42.2660469	-104.7457899
56613317	560319591002	1	29700	42.2630970	-104.7433102
56613318	560319591002	1	74500	42.2626454	-104.7433978
56613319	560319591002	1	50550	42.2659574	-104.7465929
56613320	560319591002	8	91000	42.2660635	-104.7464817
56613321	560319591002	1	75000	42.2627824	-104.7438477
56613322	560319591002	1	74000	42.2625957	-104.7436222
56613323	560319591002	1	0	42.2627070	-104.7427108
56613324	560319591002	1	85000	42.2683088	-104.7481147
56613325	560319591002	1	17000	42.2641076	-104.7476442
56613326	560319591002	1	57500	42.2640190	-104.7491584
56613327	560319591002	1	91550	42.2639449	-104.7493304
56613328	560319591002	1	28800	42.2643656	-104.7493807
56613329	560319591002	8	66400	42.2645557	-104.7493659
56613330	560319591002	1	7200	42.2641405	-104.7490881
56613331	560319591002	1	21500	42.2643316	-104.7501486
56613332	560319591002	1	112000	42.2680994	-104.7473165
56613333	560319591002	1	21000	42.2647483	-104.7470942
56613334	560319591002	1	444000	42.2641113	-104.7469058
56613335	560319591002	9	29900	42.2647267	-104.7471630
56613336	560319591002	1	54800	42.2676978	-104.7479902
56613337	560319591002	1	23600	42.2646052	-104.7474853
56613338	560319591002	1	47000	42.2640883	-104.7474441
56613339	560319594001	1	100000	42.0944478	-104.9848787
56613340	560319594001	1	70360	41.9726721	-105.0242964
56613341	560319594001	1	7900	42.1665035	-105.1954387
56613342	560319594001	1	46780	42.0741703	-105.0633945
56613343	560319594001	1	61000	42.0675552	-105.0608436
56613344	560319594001	1	12200	42.0700233	-105.0665395
56613345	560319594001	1	45700	42.0119750	-104.9617365
56613346	560319594001	1	94000	42.0075572	-105.0185789
56613347	560319594001	1	126900	42.0099314	-105.2164021
56613348	560319594001	1	169000	42.0095797	-105.2166796
56613349	560319594001	1	43600	42.0090695	-105.2153455
56613350	560319594001	1	76500	42.0095979	-105.2161266
56613351	560319594001	1	83200	42.0090763	-105.2156941
56613352	560319594001	1	65340	42.0057203	-104.9615848
56613353	560319594001	1	18800	42.0091358	-104.9616403
56613354	560319594001	1	40000	42.0075268	-105.0201956
56613355	560319594001	1	71500	42.0065548	-105.0197146
56613356	560319594001	1	34400	42.0063235	-104.9616793
56613357	560319594001	1	161500	42.0077320	-104.9618454
56613358	560319594001	1	102800	42.0069046	-104.9617878
56613359	560319594001	1	56000	42.0090039	-105.0203883
56613360	560319594001	1	60000	42.0014436	-105.0231132
56613361	560319594001	1	14400	42.0061172	-105.0204007
56613362	560319594001	1	37900	42.0087776	-105.2166266
56613363	560319594001	1	24500	42.0050362	-105.0207349
56613364	560319594001	1	79900	42.0060951	-105.0217606
56613365	560319594001	1	17100	42.0048630	-105.0200711
56613366	560319594001	1	59000	42.0069266	-105.0218225
56613367	560319594001	1	60000	42.0083128	-105.0205213
56613368	560319594001	1	176000	42.0023870	-105.0234361
56613369	560319594001	1	9600	42.0005816	-105.0233147
56613370	560319594001	1	27500	42.0138330	-104.9625556
56613371	560319594001	1	104900	42.0008446	-105.0217360
56613372	560319594001	1	7300	41.9994127	-105.0225673
56613373	560319594001	1	104600	42.0106153	-105.0210408
56613374	560319594001	1	55800	42.0707936	-105.0656635
56613375	560319594001	1	134000	42.0726312	-105.0657117
56613376	560319594001	1	58600	42.0705107	-105.0613710
56613377	560319594001	1	153000	42.0159565	-104.9631846
56613378	560319594001	1	43000	42.0104009	-104.9623223
56613379	560319594001	1	27000	42.0096475	-104.9620396
56613380	560319594001	1	60000	42.0894350	-104.9819020
56613381	560319594001	1	128000	42.0135004	-104.9613930
56613382	560319594001	1	57000	42.0151568	-104.9627782
56613383	560319594001	1	35400	42.0727787	-105.0663413
56613384	560319594001	1	13700	42.0726480	-105.0620670
56613385	560319594001	1	43000	42.0690865	-105.0609634
56613386	560319594001	1	85000	42.0730904	-105.0630273
56613387	560319594001	1	84250	42.0730316	-105.0647008
56613388	560319594001	1	24600	42.0736804	-105.0657645
56613389	560319594001	1	7800	42.0736634	-105.0643682
56613390	560319594001	1	92000	42.0715906	-105.0648114
56613391	560319594001	1	42500	42.0710670	-105.0677198
56613392	560319594001	1	5050	42.0710154	-105.0661211
56613393	560319594001	1	131000	42.0715618	-105.0662799
56613394	560319594001	1	70000	42.0738588	-105.0664827
56613395	560319594001	1	10000	41.8320032	-105.2327320
56613396	560319594001	1	148000	42.0128886	-104.9624571
56613397	560319594001	1	39000	42.0717251	-105.0679005
56613398	560319594001	1	63400	42.0701334	-105.0647444
56613399	560319594001	1	75600	42.0741135	-105.0645946
56613400	560319594001	1	100400	42.0733020	-105.0628382
56613401	560319594001	1	104900	41.8330564	-105.2332637
56613402	560319594001	1	82300	42.0722913	-105.0677226
56613403	560319594001	1	54180	42.0744853	-105.0662333
56613404	560319594001	1	11200	42.0748635	-105.0654476
56613405	560319594001	1	55600	42.0079974	-104.9682384
56613406	560319594001	1	105400	42.0110310	-104.9635903
56613407	560319594001	1	5204	42.0116930	-104.9726168
56613408	560319594001	1	32000	42.0115449	-104.9691705
56613409	560319594001	1	106000	42.0147650	-104.9633991
56613410	560319594001	1	13530	42.0145289	-104.9676909
56613411	560319594001	1	53200	42.0717305	-105.0601631
56613412	560319594001	1	8500	42.0739357	-105.0608818
56613413	560319594001	1	116000	42.0143626	-104.9695563
56613414	560319594001	1	65000	42.0157115	-104.9671021
56613415	560319594001	1	10400	42.0154385	-104.9686883
56613416	560319594001	1	52800	42.0145534	-104.9726896
56613417	560319594001	1	5050	42.0158333	-104.9703412
56613418	560319594001	1	353000	42.0151290	-104.9687657
56613419	560319594001	1	9700	42.0146939	-104.9657727
56613420	560319594001	1	29250	42.0143020	-104.9712053
56613421	560319594001	1	36000	42.0157992	-104.9711958
56613422	560319594001	1	70000	42.0150834	-104.9717511
56613423	560319594001	1	20400	42.0132001	-104.9647101
56613424	560319594001	1	186000	42.0144400	-104.9652682
56613425	560319594001	1	63450	42.0142313	-104.9632668
56613426	560319594001	1	7800	42.0148997	-104.9650563
56613427	560319594001	1	13300	42.0745421	-105.0610631
56613428	560319594001	1	148300	42.0142217	-104.9698062
56613429	560319594001	1	12000	42.0718620	-105.0617221
56613430	560319594001	1	12300	42.0134773	-104.9681328
56613431	560319594001	1	185700	42.0134246	-104.9633287
56613432	560319594001	1	127000	42.0134059	-104.9655603
56613433	560319594001	1	88400	42.0135693	-104.9667313
56613434	560319594001	1	23000	42.0136637	-104.9665298
56613435	560319594001	1	141130	42.0133734	-104.9684847
56613436	560319594001	1	115000	42.0127698	-104.9695451
56613437	560319594001	1	82200	42.0130700	-104.9670368
56613438	560319594001	1	69000	42.0105969	-104.9642050
56613439	560319594001	1	114000	42.0130189	-104.9722440
56613440	560319594001	1	127500	42.0146463	-104.9773226
56613441	560319594001	1	70000	42.0113447	-104.9671056
56613442	560319594001	1	41000	42.0117333	-104.9653659
56613443	560319594001	1	68640	42.0113253	-104.9684992
56613444	560319594001	1	20400	42.0154006	-104.9764760
56613445	560319594001	1	71000	42.0110873	-104.9650849
56613446	560319594001	1	70000	42.0152137	-104.9746389
56613447	560319594001	1	123000	42.0126063	-104.9712255
56613448	560319594001	1	101000	42.0144052	-104.9762539
56613449	560319594001	1	117600	42.0159359	-104.9768849
56613450	560319594001	1	30000	42.0144992	-104.9750936
56613451	560319594001	1	84500	42.0140652	-104.9706384
56613452	560319594001	1	12100	42.0144209	-104.9776463
56613453	560319594001	1	248500	42.0136187	-104.9725051
56613454	560319594001	1	20000	42.0110299	-104.9733211
56613455	560319594001	1	28300	42.0106513	-104.9656152
56613456	560319594001	1	41200	42.0118467	-104.9665854
56613457	560319594001	1	34400	42.0117922	-104.9685162
56613458	560319594001	1	51500	42.0120259	-104.9692137
56613459	560319594001	1	31000	42.0108157	-104.9719747
56613460	560319594001	1	42000	42.0125431	-104.9663967
56613461	560319594001	1	75000	42.0111864	-104.9709194
56613462	560319594001	1	92400	42.0122025	-104.9708929
56613463	560319594001	1	112600	42.0101444	-104.9685214
56613464	560319594001	1	20200	42.0102776	-104.9669168
56613465	560319594001	1	100400	42.0102730	-104.9696930
56613466	560319594001	1	88500	42.0122519	-104.9717210
56613467	560319594001	1	40100	42.0132124	-104.9735628
56613468	560319594001	1	10600	42.0125984	-104.9736162
56613469	560319594001	1	145200	42.0159260	-104.9766201
56613470	560319594001	1	16000	42.0157457	-104.9669050
56613471	560319594001	1	42500	42.0161443	-104.9791159
56613472	560319594001	1	17600	42.0128336	-104.9742144
56613473	560319594001	1	46700	42.0097204	-104.9666030
56613474	560319594001	1	34000	42.0096075	-104.9685315
56613475	560319594001	1	370	42.0089873	-104.9690996
56613476	560319594001	1	56440	42.0134789	-104.9743807
56613477	560319594001	1	88400	42.0137912	-104.9754399
56613478	560319594001	1	52320	42.0130984	-104.9774366
56613479	560319594001	1	37100	42.0072081	-104.9695292
56613480	560319594001	1	21500	42.0081570	-104.9708613
56613481	560319594001	1	155800	42.0094881	-104.9708568
56613482	560319594001	1	76000	42.0090435	-104.9719784
56613483	560319594001	1	11000	42.0073235	-104.9725575
56613484	560319594001	1	45200	42.0085336	-104.9697957
56613485	560319594001	1	46100	42.0071391	-104.9715781
56613486	560319594001	1	55450	42.0149126	-104.9816396
56613487	560319594001	1	98000	42.0126966	-104.9794503
56613488	560319594001	1	137500	42.0146247	-104.9799745
56613489	560319594001	1	92700	42.0154069	-104.9796199
56613490	560319594001	1	35000	42.0145871	-104.9782248
56613491	560319594001	1	104800	42.0134721	-104.9784270
56613492	560319594001	1	4700	42.0145500	-104.9780088
56613493	560319594001	1	11300	42.0143200	-104.9799379
56613494	560319594001	1	7100	42.0151567	-104.9813403
56613495	560319594001	1	15120	42.0067233	-104.9717525
56613496	560319594001	1	8000	41.8317001	-105.2336824
56613497	560319594001	1	75400	41.8290929	-105.2354944
56613498	560319594001	1	95000	42.0160842	-104.9817554
56613499	560319594001	1	37400	42.0062812	-104.9724431
56613500	560319594001	1	23000	42.0160671	-104.9815608
56613501	560319594001	1	46300	42.0158578	-104.9752554
56613502	560319594001	1	40900	42.0036942	-104.9805783
56613503	560319594001	1	123800	42.0110673	-104.9817649
56613504	560319594001	1	65000	42.0132543	-104.9822391
56613505	560319594001	1	48300	42.0136602	-104.9803997
56613506	560319594001	1	50500	42.0138681	-104.9816934
56613507	560319594001	1	74000	42.0119874	-104.9803970
56613508	560319594001	1	15200	42.0130337	-104.9807139
56613509	560319594001	1	55000	42.0123567	-104.9814848
56613510	560319594001	1	34000	42.0038477	-104.9795349
56613511	560319594001	1	208790	42.0041448	-104.9780492
56613512	560319594001	1	63000	42.0709670	-105.0606976
56613513	560319594001	1	114000	42.0050676	-104.9813440
56613514	560319594001	1	104600	42.0717098	-105.0640082
56613515	560319594001	1	75900	42.0703682	-105.0630654
56613516	560319594001	1	60000	42.0105198	-104.9707064
56613517	560319594001	1	11700	42.0069500	-104.9703568
56613518	560319594001	1	49000	42.0159314	-104.9638112
56613519	560319594001	1	120000	42.0101613	-104.9597925
56613520	560319594001	1	42400	42.0033692	-104.9803150
56613521	560319594001	1	95930	42.0029483	-104.9787116
56613522	560319594001	1	34400	42.0160866	-104.9703612
56613523	560319594001	1	12000	42.0033744	-104.9812497
56613524	560319594001	1	74700	42.0019570	-104.9822021
56613525	560319594001	1	73000	42.0143588	-104.9737913
56613526	560319594001	1	57510	42.0692802	-105.0658353
56613527	560319594001	1	57500	42.0159843	-104.9653684
56613528	560319594001	1	133100	42.0119198	-104.9748104
56613529	560319594001	1	116500	42.0150314	-104.9730251
56613530	560319594001	1	30000	42.0093226	-104.9731304
56613531	560319594001	1	30000	42.0158826	-104.9721346
56613532	560319594001	1	95000	41.9718703	-105.0256162
56613533	560319594001	1	38000	42.0077678	-104.9631197
56613534	560319594001	1	65640	42.0714206	-105.0620507
56613535	560319594001	1	15100	42.0086821	-104.9644847
56613536	560319594001	1	82000	42.0080393	-104.9723950
56613537	560319594001	1	18200	41.9938301	-104.9588167
56613538	560319594001	1	13300	41.8300541	-105.2342391
56613539	560319594001	1	14400	41.8307267	-105.2333562
56613540	560319594001	1	52000	42.0745979	-105.0614423
56613541	560319594001	1	37100	42.0120463	-104.9649937
56613542	560319594001	1	60000	42.0039671	-104.9814912
56613543	560319594001	1	55660	42.0685347	-105.0612635
56613544	560319594001	1	12790	42.0163122	-104.9732399
56613545	560319594001	1	33600	42.0680327	-105.0624337
56613546	560319594001	1	6800	42.0075862	-104.9663332
56613547	560319594001	1	40500	42.0094505	-104.9649322
56613548	560319594001	1	96500	42.0100431	-104.9646358
56613549	560319594001	1	34200	42.0091057	-104.9656332
56613550	560319594001	1	134000	42.0055951	-104.9815847
56613551	560319594001	1	69900	42.0161297	-104.9826273
56613552	560319594001	1	35200	42.0122053	-104.9795370
56613553	560319594001	1	28300	42.1324941	-104.9384114
56613554	560319594001	1	96900	42.0050284	-104.9732476
56613555	560319594001	1	3900	42.0064419	-104.9666387
56613556	560319594001	1	7200	42.0910255	-104.9838658
56613557	560319594001	1	39000	42.0082439	-104.9674959
56613558	560319594001	1	33900	42.0081683	-104.9692367
56613559	560319594001	1	45000	42.0030070	-104.9784560
56613560	560319594001	1	8400	42.0023527	-104.9832092
56613561	560319594001	1	56400	42.0100468	-104.9630022
56613562	560319594001	1	11100	41.9728728	-104.9804739
56613563	560319594001	1	25200	41.9726629	-104.9816527
56613564	560319594001	1	13200	42.0712234	-105.0627444
56613565	560319594001	1	103000	42.0692152	-105.0644853
56613566	560319594001	1	8590	42.0735228	-105.0613174
56613567	560319594001	1	116500	42.0049473	-104.9823420
56613568	560319594001	1	13200	42.0054006	-104.9795201
56613569	560319594001	1	75600	42.0698066	-105.0674580
56613570	560319594001	1	8200	42.0128160	-104.9758228
56613571	560319594001	1	24500	42.0096879	-104.9729033
56613572	560319594001	1	101000	42.0721611	-105.0627650
56613573	560319594001	1	53000	42.0698010	-105.0641373
56613574	560319594001	1	88500	42.0026149	-104.9774976
56613575	560319594001	1	57400	42.0091452	-104.9626767
56613576	560319594001	1	428300	42.0053404	-104.9749525
56613577	560319594001	1	119000	42.1668001	-105.1925788
56613578	560319594001	1	9600	42.0022360	-104.9768018
56613579	560319594001	1	8500	42.1093810	-104.9898466
56613580	560319594001	1	43500	42.0071509	-104.9691146
56613581	560319594001	1	50070	42.0690514	-105.0637010
56613582	560319594001	1	12000	42.0118543	-104.9636926
56613583	560319594001	1	35400	42.0060377	-104.9627108
56613584	560319594001	1	14410	41.9593045	-105.0592828
56613585	560319594001	1	52700	42.0023466	-104.9808727
56613586	560319594001	1	31900	41.9595966	-105.0447579
56613587	560319594001	1	25700	42.0097362	-104.9717060
56613588	560319594001	1	20400	42.0087454	-104.9667885
56613589	560319594001	1	89000	42.0112425	-104.9807165
56613590	560319594001	1	62600	42.0684788	-105.0634762
56613591	560319594001	1	42500	42.0683057	-105.0653931
56613592	560319594001	1	360	42.1664276	-105.1981312
56613593	560319594001	1	66100	42.1047961	-104.9893887
56613594	560319594001	1	32100	42.0707841	-105.0642818
56613595	560319594001	1	27000	42.0023874	-105.0246884
56613596	560319594001	1	43000	41.9716717	-105.0245125
56613597	560319594001	1	0	42.0025045	-105.0256759
56613598	560319594001	1	46700	42.0047307	-105.0283164
56613599	560319594001	1	65200	42.1232265	-104.9956502
56613600	560319594001	1	52320	41.9950494	-104.9584456
56613601	560319594001	1	24000	42.0040197	-105.0240237
56613602	560319594001	1	13100	42.0900286	-104.9832329
56613603	560319594001	1	57100	42.0068774	-104.9822744
56613604	560319594001	1	42000	42.0055456	-104.9722010
56613605	560319594001	1	57300	41.9636504	-105.0326745
56613606	560319594001	1	40500	42.0067385	-104.9731636
56613607	560319594001	1	73000	42.0068669	-104.9623588
56613608	560319594001	1	45200	42.0052579	-104.9770628
56613609	560319594001	1	12000	42.0073841	-104.9648008
56613610	560319594001	1	178000	42.0047574	-104.9785502
56613611	560319594001	1	48000	42.0038808	-105.0264146
56613612	560319594001	1	75000	41.9880099	-105.0032841
56613613	560319594001	1	65000	42.0111973	-104.9760057
56613614	560319594001	1	11800	42.0123056	-104.9770773
56613615	560319594001	1	76900	42.0015309	-104.9761273
56613616	560319594001	1	8000	42.0691547	-105.0626953
56613617	560319594001	1	132000	42.0020213	-104.9710603
56613618	560319594001	1	0	42.0684436	-105.0650465
56613619	560319594001	1	47600	41.9588128	-105.0563463
56613620	560319594001	1	13700	42.0985868	-104.9871945
56613621	560319594001	1	106500	42.0060034	-104.9803616
56613622	560319594001	1	8060	42.1682070	-105.1986258
56613623	560319594001	1	77000	42.1665252	-105.1966047
56613624	560319594001	1	85000	42.0081773	-104.9655293
56613625	560319594001	1	80000	41.9701379	-105.0551537
56613626	560319594001	1	52300	41.9955496	-104.9592108
56613627	560319594001	1	12200	42.0036346	-105.0237289
56613628	560319594001	1	41200	42.0057285	-104.9716318
56613629	560319594001	1	37900	42.1175003	-104.9917839
56613630	560319594001	1	46540	41.9583406	-105.0319081
56613631	560319594001	1	12000	41.9978928	-104.9587185
56613632	560319594001	1	34000	42.0072000	-104.9675164
56613633	560319594001	1	88400	41.9961876	-104.9593348
56613634	560319594001	1	370	42.0051109	-104.9756321
56613635	560319594001	1	50500	42.0035683	-105.0274805
56613636	560319594001	1	48300	42.0119729	-104.9637388
56613637	560319594001	1	33900	42.0055828	-104.9630343
56613638	560319594001	1	51800	41.9726815	-105.0418541
56613639	560319594001	1	51000	42.0047462	-105.0271938
56613640	560319594001	1	94004	42.0041549	-105.0252487
56613641	560319594001	1	17000	42.0041963	-105.0257829
56613642	560319594001	1	32000	42.1030364	-104.9889148
56613643	560319594001	1	102800	42.1022674	-104.9885615
56613644	560319594001	1	41400	42.0058699	-105.0371329
56613645	560319594001	1	156000	42.0049453	-105.0308537
56613646	560319594001	1	11500	42.0051802	-105.0316861
56613647	560319594001	1	78600	42.0046965	-105.0229982
56613648	560319594001	1	68090	42.1013248	-104.9880455
56613649	560319594001	1	14000	41.8328214	-105.2343368
56613650	560319594001	1	151700	42.0027143	-105.0234949
56613651	560319594001	1	30000	41.8306213	-105.2345848
56613652	560319594001	1	34000	42.1060963	-104.9890295
56613653	560319594001	1	98000	42.0058036	-105.0352966
56613654	560319594001	1	8060	42.0049444	-105.0333749
56613655	560319594001	1	15400	41.9709660	-105.0556357
56613656	560319594001	1	42500	41.9732264	-104.9908300
56613657	560319594001	1	56800	41.9586102	-104.9823607
56613658	560319594001	1	57300	42.0065780	-104.9781521
56613659	560319594001	1	148300	42.0118947	-104.9776430
56613660	560319594001	1	63440	41.9712168	-105.0253929
56613661	560319594001	1	80000	41.9650191	-105.0599047
56613662	560319594001	1	33900	42.1076895	-104.9893156
56613663	560319594001	1	192900	42.0072222	-105.0351778
56613664	560319594001	1	94000	42.0065090	-105.0349607
56613665	560319594001	1	38000	42.0072332	-104.9779856
56613666	560319594001	1	46540	42.0074612	-105.0375000
56613667	560319594001	1	102600	42.0076713	-105.0362552
56613668	560319594001	1	31200	42.0085594	-105.0361207
56613669	560319594001	1	29700	42.0077965	-105.0371447
56613670	560319594001	1	136900	42.0978159	-104.9871448
56613671	560319594001	1	5204	42.0090812	-105.0377717
56613672	560319594001	1	30550	42.0097267	-105.0398905
56613673	560319594001	1	103000	42.0061499	-105.0359430
56613674	560319594001	1	51000	42.0055998	-105.0394241
56613675	560319594001	1	37500	42.0054788	-105.0386704
56613676	560319594001	1	16800	42.0063550	-105.0366975
56613677	560319594001	1	11700	41.9629408	-105.0331200
56613678	560319594001	1	31900	42.0059814	-104.9659071
56613679	560319594001	1	21000	42.0025021	-105.0270749
56613680	560319594001	1	103800	42.0051082	-105.0290598
56613681	560319594001	1	29000	42.0052661	-104.9701504
56613682	560319594001	1	87700	42.0065841	-104.9682397
56613683	560319594002	1	70000	41.7630276	-104.8143068
56613684	560319594002	1	16800	41.7549185	-104.8032529
56613685	560319594002	1	76500	41.7553531	-104.8040281
56613686	560319594002	1	122300	41.7590389	-104.8227038
56613687	560319594002	1	8200	41.7588985	-104.8221165
56613688	560319594002	1	107300	41.7599993	-104.8217182
56613689	560319594002	1	31880	41.7603598	-104.8210834
56613690	560319594002	1	28300	41.7587052	-104.8236745
56613691	560319594002	1	75000	41.7574753	-104.8255923
56613692	560319594002	1	30600	41.7568979	-104.8244054
56613693	560319594002	1	34000	41.7568299	-104.8247315
56613694	560319594002	1	30900	41.7573555	-104.8245352
56613695	560319594002	1	185000	41.7569723	-104.8247566
56613696	560319594002	1	116500	41.7571434	-104.8253589
56613697	560319594002	1	58300	41.7570103	-104.8248558
56613698	560319594002	1	100000	41.7566313	-104.8262033
56613699	560319594002	1	102000	41.7569732	-104.8261759
56613700	560319594002	1	67500	41.7571272	-104.8245836
56613701	560319594002	1	92000	41.7567170	-104.8249912
56613702	560319594002	1	120000	41.7573892	-104.8259296
56613703	560319594002	1	87300	41.7567251	-104.8258655
56613704	560319594002	1	62000	41.7570165	-104.8255794
56613705	560319594002	1	48000	41.7606840	-104.8220841
56613706	560319594002	1	40600	41.7599953	-104.8238207
56613707	560319594002	1	57000	41.7573075	-104.8238786
56613708	560319594002	1	67200	41.7574041	-104.8230840
56613709	560319594002	1	27000	41.7574440	-104.8242638
56613710	560319594002	1	67500	41.7600794	-104.8237266
56613711	560319594002	1	32700	41.7571935	-104.8231778
56613712	560319594002	1	260100	41.7570964	-104.8241197
56613713	560319594002	1	91900	41.7611588	-104.8219769
56613714	560319594002	1	20100	41.7598242	-104.8241255
56613715	560319594002	1	29000	41.7598248	-104.8235759
56613716	560319594002	1	117600	41.7595844	-104.8245399
56613717	560319594002	1	12550	41.7606394	-104.8217769
56613718	560319594002	1	130400	41.7605344	-104.8215604
56613719	560319594002	1	7100	41.7609272	-104.8216887
56613720	560319594002	1	30000	41.7599327	-104.8211412
56613721	560319594002	1	25000	41.7561633	-104.8235282
56613722	560319594002	1	135000	41.7609557	-104.8261060
56613723	560319594002	1	31500	41.7592490	-104.8242297
56613724	560319594002	1	186000	41.7591868	-104.8234823
56613725	560319594002	1	189500	41.7587554	-104.8233647
56613726	560319594002	1	108000	41.7609368	-104.8259526
56613727	560319594002	1	30000	41.7604952	-104.8264191
56613728	560319594002	1	80000	41.7604268	-104.8269214
56613729	560319594002	1	24320	41.7559767	-104.8233062
56613730	560319594002	1	27400	41.7607502	-104.8255714
56613731	560319594002	1	24100	41.7610315	-104.8257684
56613732	560319594002	1	71000	41.7607902	-104.8247175
56613733	560319594002	1	292000	41.7561959	-104.8230143
56613734	560319594002	1	26100	41.7609746	-104.8253008
56613735	560319594002	1	81200	41.7567745	-104.8229845
56613736	560319594002	1	127600	41.7590067	-104.8255559
56613737	560319594002	1	146600	41.7578977	-104.8233971
56613738	560319594002	1	23700	41.7559724	-104.8247242
56613739	560319594002	1	26360	41.7560950	-104.8251070
56613740	560319594002	1	106200	41.7559318	-104.8241779
56613741	560319594002	1	16100	41.7581079	-104.8239555
56613742	560319594002	1	57000	41.7559000	-104.8242732
56613743	560319594002	1	32100	41.7585724	-104.8238282
56613744	560319594002	1	24600	41.7589650	-104.8255489
56613745	560319594002	1	25500	41.7580981	-104.8225951
56613746	560319594002	1	117500	41.7585013	-104.8240511
56613747	560319594002	1	0	41.7579999	-104.8230369
56613748	560319594002	1	71400	41.7585857	-104.8245401
56613749	560319594002	1	112600	41.7586808	-104.8222008
56613750	560319594002	1	85600	41.7584921	-104.8230226
56613751	560319594002	1	158000	41.7637727	-104.8124236
56613752	560319594002	1	32000	41.7556938	-104.8275287
56613753	560319594002	1	122300	41.7572141	-104.8224339
56613754	560319594002	1	122000	41.7683878	-104.8048112
56613755	560319594002	1	153800	41.7636135	-104.8131029
56613756	560319594002	1	62200	41.7558024	-104.8300552
56613757	560319594002	1	30600	41.7550538	-104.8240866
56613758	560319594002	1	37700	41.7550821	-104.8251935
56613759	560319594002	1	25900	41.7593553	-104.8230513
56613760	560319594002	1	20100	41.7558517	-104.8241983
56613761	560319594002	1	116	41.7560240	-104.8270118
56613762	560319594002	1	26000	41.8472432	-104.9415275
56613763	560319594002	1	57000	41.7578164	-104.8253345
56613764	560319594002	1	247500	41.7571814	-104.8224792
56613765	560319594002	1	17400	41.7574083	-104.8226304
56613766	560319594002	1	30480	41.8471621	-104.9405145
56613767	560319594002	1	24100	41.7578832	-104.8247531
56613768	560319594002	1	24600	41.7583267	-104.8246127
56613769	560319594002	1	22300	41.7564756	-104.8255023
56613770	560319594002	1	22500	41.7572018	-104.8270874
56613771	560319594002	1	66800	41.8469332	-104.9410522
56613772	560319594002	1	118500	41.7568576	-104.8275573
56613773	560319594002	1	67500	41.7562412	-104.8255091
56613774	560319594002	1	12550	41.7586663	-104.8210464
56613775	560319594002	1	172500	41.7584756	-104.8213550
56613776	560319594002	1	25900	41.7663512	-104.8059656
56613777	560319594002	1	51500	41.7559182	-104.8230943
56613778	560319594002	1	20500	41.7580876	-104.8268881
56613779	560319594002	1	20000	41.7597018	-104.8248502
56613780	560319594002	1	186000	41.7608315	-104.8238224
56613781	560319594002	1	67000	41.7611815	-104.8239444
56613782	560319594002	1	111000	41.7549938	-104.8261018
56613783	560319594002	1	31000	41.7598889	-104.8255684
56613784	560319594002	1	48000	41.7549092	-104.8262731
56613785	560319594002	1	116500	41.8140889	-104.8328691
56613786	560319594002	1	16800	41.7567712	-104.8219041
56613787	560319594002	1	73400	41.7576093	-104.8271938
56613788	560319594002	1	54000	41.7562209	-104.8228542
56613789	560319594002	1	71100	41.8140029	-104.8327418
56613790	560319594002	1	247500	41.7554351	-104.8225990
56613791	560319594002	1	68000	41.7551473	-104.8221351
56613792	560319594002	1	9900	41.7557683	-104.8279551
56613793	560319594002	1	33200	42.1283506	-104.8996350
56613794	560319594002	1	41400	41.7456080	-105.0521613
56613795	560319594002	1	58900	41.7555201	-104.8233149
56613796	560319594002	1	73400	41.7456214	-105.0521297
56613797	560319594002	1	26000	42.1277385	-104.9009260
56613798	560319594002	1	104200	42.1292823	-104.8988711
56613799	560319594002	1	75000	41.7546928	-104.8241313
56613800	560319594002	1	12500	41.7596958	-104.8262895
56613801	560319594002	1	27000	41.7596181	-104.8213247
56613802	560319594002	1	32100	42.1277585	-104.8971369
56613803	560319594002	1	184000	41.7611213	-104.8225738
56613804	560319594002	1	110000	41.7572208	-104.8283792
56613805	560319594002	1	12900	42.1279383	-104.8992565
56613806	560319594002	1	82500	41.7575341	-104.8267199
56613807	560319594002	1	144000	41.7615412	-104.8220272
56613808	560319594002	1	12100	41.7615636	-104.8227492
56613809	560319594002	1	28800	41.7588691	-104.8259624
56613810	560319594002	1	32000	41.7598175	-104.8297864
56613811	560319594002	1	130240	41.7632930	-104.8188567
56613812	560319594002	1	26000	42.1271935	-104.8992243
56613813	560319594002	1	28300	41.7605533	-104.8289697
56613814	560319594002	1	370	41.7583036	-104.8310761
56613815	560319594002	1	111000	41.7619568	-104.8260220
56613816	560319594002	1	95000	41.7555539	-104.8265881
56613817	560319594002	1	22600	41.7566890	-104.8216501
56613818	560319594002	1	8400	41.7566110	-104.8292502
56613819	560319594002	1	83900	41.7617145	-104.8236678
56613820	560319594002	1	130400	41.7654418	-104.8091430
56613821	560319594002	1	20000	41.7634166	-104.8169224
56613822	560319594002	1	70000	41.7627363	-104.8196451
56613823	560319594002	1	12900	41.7627894	-104.8206800
56613824	560319594002	1	11200	42.0902709	-104.9512780
56613825	560319594002	1	45000	41.7550431	-104.8014837
56613826	560319594002	1	37500	42.0913366	-104.9512475
56613827	560319594002	1	13970	42.0919053	-104.9512480
56613828	560319594002	1	29200	41.7494907	-104.8248123
56613829	560319594002	1	52200	41.7598462	-104.8270671
56613830	560319594002	1	13970	41.7577395	-104.8307231
56613831	560319594002	1	107100	41.7647600	-104.8104873
56613832	560319594002	1	20400	41.7549328	-104.8209885
56613833	560319594002	1	27900	41.7632395	-104.8162603
56613834	560319594002	1	72000	41.7651695	-104.8076843
56613835	560319594002	1	81200	41.7584913	-104.8298886
56613836	560319594002	1	129649	41.7644594	-104.8110852
56613837	560319594002	1	112600	41.7596955	-104.8287101
56613838	560319594002	1	4720	41.7604364	-104.8278318
56613839	560319594002	1	16300	41.7686345	-104.8027557
56613840	560319594002	1	137500	41.7585018	-104.8199504
56613841	560319594002	1	18000	41.7673303	-104.8056866
56613842	560319594002	1	152004	41.7567696	-104.8307758
56613843	560319594002	1	84390	41.7695801	-104.8032817
56613844	560319594002	1	49000	41.7580891	-104.8299925
56613845	560319594002	1	26100	41.7623717	-104.8115680
56613846	560319594002	1	2700	41.7608313	-104.8195320
56613847	560319594002	1	46500	41.7623403	-104.8145014
56613848	560319594002	1	14400	41.7571700	-104.8206201
56613849	560319594002	1	43200	41.7586502	-104.8284574
56613850	560319594002	1	150000	41.7609425	-104.8180260
56613851	560319594002	1	23000	41.7619917	-104.8152548
56613852	560319594002	1	225600	41.7620656	-104.8174593
56613853	560319594002	1	25500	41.7626750	-104.8136262
56613854	560319594002	1	131500	41.7599078	-104.8183224
56613855	560319594002	1	116000	41.7613880	-104.8165079
56613856	560319594002	1	49200	41.7615265	-104.8156286
56613857	560319594002	1	43200	41.7591249	-104.8207942
56613858	560319594002	1	155000	41.7602614	-104.8193637
56613859	560319594002	1	10000	41.7597806	-104.8185209
56613860	560319594002	1	6000	41.7493871	-104.8239214
56613861	560319594002	1	366400	41.8817577	-104.8803281
56613862	560319594002	1	150000	41.7619125	-104.8198719
56613863	560319594002	1	30800	41.7613693	-104.8207229
56613864	560319594002	1	29200	41.7607523	-104.8165311
56613865	560319594002	1	141400	41.7693271	-104.8014776
56613866	560319594002	1	11200	41.7621367	-104.8180528
56613867	560319594002	1	51500	41.7577288	-104.8286918
56613868	560319594002	1	109000	41.7679006	-104.8045997
56613869	560319594002	1	70000	41.7619188	-104.8143952
56613870	560319594002	3	30600	41.7593652	-104.8176126
56613871	560319594002	1	25100	41.7602441	-104.8208837
56613872	560319594002	1	44790	41.7616779	-104.8210934
56613873	560319594002	1	31880	41.7588544	-104.8280701
56613874	560319594002	1	18000	41.8310353	-105.2321918
56613875	560319594002	1	54950	41.7637608	-104.8112999
56613876	560319594002	1	31400	41.7541820	-104.8187813
56613877	560319594002	1	90000	42.1266646	-104.9156725
56613878	560319594002	1	18700	41.7624268	-104.8109257
56613879	560319594002	1	33040	41.7606037	-104.8156638
56613880	560319594002	1	26000	41.7587204	-104.8184942
56613881	560319594002	1	48000	41.7545721	-104.8162246
56613882	560319594002	1	11100	41.7649508	-104.8090871
56613883	560319594002	3	30600	41.7545196	-104.8146725
56613884	560319594002	1	13600	41.8830218	-104.8816806
56613885	560319594002	1	45000	41.8836828	-104.8811136
56613886	560319594002	1	65340	41.8839918	-104.8812023
56613887	560319594002	1	13530	41.7550373	-104.8181006
56613888	560319594002	1	25000	41.8826731	-104.8809868
56613889	560319594002	1	30500	41.7540908	-104.8173340
56613890	560319594002	1	76200	41.7544642	-104.8136387
56613891	560319594002	1	102800	41.7484726	-104.8243141
56613892	560319594002	1	9200	41.8218569	-105.2459241
56613893	560319594002	1	22000	41.7493525	-104.8262590
56613894	560319594002	1	103400	41.7560504	-104.7989591
56613895	560319594002	1	67500	41.7561850	-104.7997982
56613896	560319594002	3	98300	41.7561961	-104.8016890
56613897	560319594002	1	55000	42.1289970	-104.9089054
56613898	560319594002	1	79000	42.1287206	-104.9086555
56613899	560319594002	1	58490	42.1296135	-104.9188158
56613900	560319594002	1	46300	41.7495341	-104.8264703
56613901	560319594002	1	102600	42.0932629	-104.9513308
56613902	560319594002	1	31200	41.7485164	-104.8245726
56613903	560319594002	1	10600	42.1292113	-104.9192639
56613904	560319594002	1	80000	41.7538884	-104.8210331
56613905	560319594002	1	30000	41.8877146	-105.1239994
56613906	560319594002	8	31000	41.7525682	-104.8265605
56613907	560319594002	1	18600	41.7500450	-104.8251284
56613908	560319594002	1	28800	41.7533605	-104.8172028
56613909	560319594002	1	72000	42.0991061	-104.9455989
56613910	560319594002	1	259000	41.7562483	-104.8031919
56613911	560319594002	1	78600	41.7572418	-104.8020114
56613912	560319594002	1	25000	41.7596735	-104.8224924
56613913	560319594002	1	104910	41.7572574	-104.8001229
56613914	560319594002	1	63900	41.7549620	-104.8002812
56613915	560319594002	1	7200	41.7550679	-104.7988742
56613916	560319594002	1	85000	41.8697282	-104.9907173
56613917	560319594002	1	100000	42.0984657	-104.9457774
56613918	560319594002	1	66900	41.7582664	-104.7997649
56613919	560319594002	1	121000	41.8207701	-105.2466534
56613920	560319594002	1	104800	41.7509231	-104.8279999
56613921	560319594002	1	51300	41.7547265	-104.8193873
56613922	560319594002	1	57000	41.8875495	-105.1251206
56613923	560319594002	1	100000	42.0930456	-104.9498036
56613924	560319594002	1	40000	41.8839441	-105.1259602
56613925	560319594002	1	239000	41.7575712	-104.8006703
56613926	560319594002	1	102800	42.0982069	-104.9471948
56613927	560319594002	1	26000	42.0927147	-104.9490297
56613928	560319594002	1	160000	42.0943047	-104.9499634
56613929	560319594002	1	100000	41.7509823	-104.8251695
56613930	560319594002	1	40000	41.7522353	-104.8254595
56613931	560319594002	1	92000	41.7518988	-104.8267620
56613932	560319594002	1	32000	41.7715452	-104.9737470
56613933	560319594002	1	104000	41.7592278	-104.7995710
56613934	560319594002	1	18000	42.0454345	-104.8880261
56613935	560319594002	1	10800	42.0008569	-104.9428380
56613936	560319594002	1	22800	41.8842947	-105.1251969
56613937	560319594002	1	26700	41.7560883	-104.8041664
56613938	560319594002	1	8000	41.8891263	-105.1224170
56613939	560319594002	1	69060	42.0458997	-104.8874390
56613940	560319594002	1	283630	42.0976578	-104.9460275
56613941	560319594002	1	64700	41.8233890	-105.2419031
56613942	560319594002	1	23600	41.8226909	-105.2413060
56613943	560319594002	1	50500	41.7577117	-104.8018086
56613944	560319594002	1	24400	41.7572013	-104.8195440
56613945	560319594002	1	27000	41.7567284	-104.7993129
56613946	560319594002	1	23700	41.8252217	-105.2384679
56613947	560319594002	1	500	41.8706946	-104.9896025
56613948	560319594002	1	32400	41.9259297	-105.0625855
56613949	560319594002	1	74000	41.9286884	-105.0614327
56613950	560319594002	1	50000	42.0943875	-104.9485266
56613951	560319594002	1	16800	42.0973095	-104.9462707
56613952	560319594002	1	97100	41.8212540	-105.2423210
56613953	560319594002	1	52500	41.8222933	-105.2435439
56613954	560319594002	1	26170	41.8223640	-105.2411219
56613955	560319594002	1	28000	42.0933662	-104.9483794
56613956	560319594002	1	47500	41.8210760	-105.2441154
56613957	560319594002	3	72000	41.8224408	-105.2395937
56613958	560319594002	1	145000	41.8224194	-105.2418169
56613959	560319594002	1	70000	41.9278049	-105.0614447
56613960	560319594002	1	107000	41.9251837	-105.0627510
56613961	560319594002	1	27000	41.9268404	-105.0604278
56613962	560319594002	1	340700	41.8213910	-105.2435825
56613963	560319594002	1	94700	41.8696528	-104.9893247
56613964	560319594002	1	59000	41.8191293	-105.2453718
56613965	560319594002	1	65200	41.8216281	-105.2414439
56613966	560319594002	1	134800	41.8209954	-105.2458440
56613967	560319594002	1	70000	42.0994176	-104.9439440
56613968	560319594002	1	103000	41.7533440	-104.8236171
56613969	560319594002	1	29000	41.7567404	-104.8199543
56613970	560319594002	1	122300	41.8216659	-105.2396312
56613971	560319594002	1	23000	41.8701125	-104.9915847
56613972	560319594002	1	11600	41.8709747	-104.9903699
56613973	560319594002	1	115000	41.8200833	-105.2462595
56613974	560319594002	1	109400	41.8199023	-105.2446977
56613975	560319594002	1	100400	41.8706281	-104.9905736
56613976	560319594002	1	60000	41.8714534	-104.9886588
56613977	560319594002	1	75000	41.8714049	-104.9876089
56613978	560319594002	1	20000	42.1014925	-104.9384322
56613979	560319594002	1	13970	42.1023587	-104.9358392
56613980	560319594002	9	48500	41.8710501	-104.9915283
56613981	560319594002	1	25500	41.9247240	-105.0620408
56613982	560319594002	1	141400	42.0921054	-104.9475793
56613983	560319594002	1	98600	42.1265916	-104.9168346
56613984	560319594002	1	92200	41.7709025	-104.9733736
56613985	560319594002	1	60200	42.1272959	-104.9111959
56613986	560319594002	1	25000	41.9229602	-105.0626681
56613987	560319594002	1	11000	41.9236914	-105.0630683
56613988	560319594002	1	111000	41.9240223	-105.0623230
56613989	560319594002	1	95920	42.1272345	-104.9115835
56613990	560319594002	1	176800	41.9231060	-105.0613435
56613991	560319594002	1	110000	42.1011837	-104.9411664
56613992	560319594002	1	61100	42.1001786	-104.9469823
56613993	560319594002	1	17000	42.0899964	-104.9472714
56613994	560319594002	1	18700	42.1015890	-104.9398223
56613995	560319594002	1	43000	42.0921112	-104.9509799
56613996	560319594002	1	73400	42.0985643	-104.9460518
56613997	560319594002	1	15500	41.8871100	-105.1245163
56613998	560319594002	1	80600	41.7604266	-104.8227563
56613999	560319594002	1	145000	42.0674771	-104.8857998
56614000	560319594002	1	25800	42.1017818	-104.9390209
56614001	560319594002	1	49000	41.8883155	-105.1232843
56614002	560319594002	3	30600	41.8707758	-104.9930377
56614003	560319594002	1	169000	41.8244174	-105.2402308
56614004	560319594002	3	72000	42.0987921	-104.9473652
56614005	560319594002	1	24400	41.8242140	-105.2411492
56614006	560319594002	1	15400	41.8807189	-105.1280771
56614007	560319594002	1	117000	42.0585298	-104.8869414
56614008	560319594002	1	72000	41.9230989	-105.0641527
56614009	560319594002	1	17600	41.8217491	-105.2444121
56614010	560319594002	1	61400	41.7600637	-104.8233431
56614011	560319594002	1	22500	41.7600188	-104.8225503
56614012	560319594002	1	30600	41.7596291	-104.8228956
56614013	560319594002	1	114100	41.7603909	-104.8230848
56614014	560319594002	1	30000	41.7597186	-104.8226311
56614015	560319594002	1	53000	41.7604351	-104.8222987
56614016	560319594002	1	70000	41.7600702	-104.8224675
56614017	560319594003	1	35000	42.0576798	-104.9663342
56614018	560319594003	1	63650	42.0592371	-104.9611251
56614019	560319594003	1	40500	42.0597033	-104.9611543
56614020	560319594003	1	32800	42.0690146	-104.9641872
56614021	560319594003	1	6000	42.0592335	-104.9614675
56614022	560319594003	1	47900	42.0592616	-104.9613919
56614023	560319594003	1	143400	42.0576547	-104.9667811
56614024	560319594003	1	25000	42.0472518	-104.9826756
56614025	560319594003	1	47000	42.0736851	-104.9624505
56614026	560319594003	1	32000	42.0579952	-104.9656994
56614027	560319594003	1	17000	42.0577971	-104.9669278
56614028	560319594003	1	25100	42.0572833	-104.9626144
56614029	560319594003	1	32200	42.0573937	-104.9702412
56614030	560319594003	1	95000	42.0573780	-104.9643482
56614031	560319594003	1	58000	42.0583961	-104.9662942
56614032	560319594003	1	42000	42.0577486	-104.9648205
56614033	560319594003	1	64000	42.0583729	-104.9645289
56614034	560319594003	1	58800	42.0563900	-104.9651534
56614035	560319594003	1	23000	42.0578939	-104.9644447
56614036	560319594003	1	82000	42.0573402	-104.9647000
56614037	560319594003	1	17800	42.0567669	-104.9639901
56614038	560319594003	1	15300	42.0579294	-104.9642945
56614039	560319594003	1	18400	42.0564910	-104.9641198
56614040	560319594003	1	37200	42.0573356	-104.9641831
56614041	560319594003	1	100000	42.0563526	-104.9643529
56614042	560319594003	1	22700	42.0575868	-104.9647819
56614043	560319594003	1	83000	42.0574698	-104.9703187
56614044	560319594003	1	42000	42.0615879	-104.9608083
56614045	560319594003	1	7200	42.0722513	-104.9594066
56614046	560319594003	1	24000	42.0576940	-104.9628915
56614047	560319594003	1	44490	42.0570313	-104.9627173
56614048	560319594003	1	56010	42.0573443	-104.9632147
56614049	560319594003	1	78000	42.0717273	-104.9591720
56614050	560319594003	1	5204	42.0717180	-104.9585773
56614051	560319594003	1	6800	42.0723353	-104.9587738
56614052	560319594003	1	67500	42.0615343	-104.9616259
56614053	560319594003	1	54700	42.0562191	-104.9613205
56614054	560319594003	1	44000	42.0568444	-104.9614098
56614055	560319594003	1	127000	42.0564995	-104.9614889
56614056	560319594003	1	91700	42.0561912	-104.9628781
56614057	560319594003	1	65190	42.0569313	-104.9625378
56614058	560319594003	1	45300	42.0564467	-104.9635968
56614059	560319594003	1	28600	42.0573333	-104.9699750
56614060	560319594003	1	35400	42.0594653	-104.9620970
56614061	560319594003	1	65000	42.0574782	-104.9660373
56614062	560319594003	1	75600	42.0620573	-104.9613412
56614063	560319594003	1	75400	42.0574600	-104.9659751
56614064	560319594003	1	51000	42.0590108	-104.9618694
56614065	560319594003	1	32300	42.0574916	-104.9653014
56614066	560319594003	1	85000	42.0590280	-104.9626789
56614067	560319594003	1	22500	42.0582091	-104.9632632
56614068	560319594003	1	40000	42.0594828	-104.9634737
56614069	560319594003	1	75000	42.0719506	-104.9581800
56614070	560319594003	1	39400	42.0593669	-104.9628694
56614071	560319594003	1	37000	42.0585778	-104.9638327
56614072	560319594003	1	75200	42.0595398	-104.9636726
56614073	560319594003	1	85000	42.0581294	-104.9636919
56614074	560319594003	1	13000	42.0610359	-104.9651831
56614075	560319594003	1	3300	42.0574309	-104.9799416
56614076	560319594003	1	50000	42.0661195	-104.9595412
56614077	560319594003	1	37000	42.0650666	-104.9640815
56614078	560319594003	1	31000	42.0584826	-104.9651957
56614079	560319594003	1	38000	42.0656933	-104.9572775
56614080	560319594003	1	67500	42.0564736	-104.9699381
56614081	560319594003	1	172700	42.0726089	-104.9594205
56614082	560319594003	1	47700	42.0570817	-104.9700972
56614083	560319594003	1	30400	42.0634463	-104.9628427
56614084	560319594003	1	82000	42.0626637	-104.9591701
56614085	560319594003	1	55000	42.0657500	-104.9570883
56614086	560319594003	1	1100	42.0626338	-104.9592964
56614087	560319594003	1	75000	42.0639022	-104.9626988
56614088	560319594003	1	21000	42.0630468	-104.9624893
56614089	560319594003	1	15600	42.0623673	-104.9625563
56614090	560319594003	1	6000	42.0642631	-104.9641441
56614091	560319594003	1	39700	42.0619323	-104.9636459
56614092	560319594003	1	27500	42.0637062	-104.9644711
56614093	560319594003	1	93600	42.0654856	-104.9643628
56614094	560319594003	1	126000	42.0636988	-104.9639042
56614095	560319594003	1	47000	42.0619415	-104.9642523
56614096	560319594003	1	31900	42.0670059	-104.9640704
56614097	560319594003	1	3300	42.0672226	-104.9640060
56614098	560319594003	1	25640	42.0641096	-104.9636466
56614099	560319594003	1	366400	42.0610494	-104.9637014
56614100	560319594003	1	74000	42.0622576	-104.9637317
56614101	560319594003	1	65000	42.0629042	-104.9635809
56614102	560319594003	1	12600	42.0596853	-104.9631411
56614103	560319594003	1	118000	42.0609570	-104.9637470
56614104	560319594003	1	9200	42.0595802	-104.9632885
56614105	560319594003	1	9600	42.0585496	-104.9808066
56614106	560319594003	1	44500	42.0579556	-104.9716688
56614107	560319594003	1	72000	42.0684106	-104.9649458
56614108	560319594003	1	35200	42.0586721	-104.9821983
56614109	560319594003	1	31400	42.0653035	-104.9593076
56614110	560319594003	1	18400	42.0584993	-104.9810313
56614111	560319594003	1	33900	42.0680476	-104.9646307
56614112	560319594003	1	35300	42.0600936	-104.9650607
56614113	560319594003	1	74000	42.0599857	-104.9650574
56614114	560319594003	1	7800	42.0575532	-104.9716627
56614115	560319594003	1	27600	42.0681015	-104.9627208
56614116	560319594003	1	46000	42.0675582	-104.9631548
56614117	560319594003	1	42800	42.0670099	-104.9636534
56614118	560319594003	1	75000	42.0567862	-104.9710388
56614119	560319594003	1	125210	42.0678432	-104.9631305
56614120	560319594003	1	54200	42.0567509	-104.9720085
56614121	560319594003	1	42800	42.0577571	-104.9820075
56614122	560319594003	1	58900	42.0675481	-104.9542914
56614123	560319594003	1	36530	42.0663252	-104.9595432
56614124	560319594003	1	119920	42.0583557	-104.9703967
56614125	560319594003	1	36000	42.0586773	-104.9709649
56614126	560319594003	1	68640	42.0645995	-104.9594287
56614127	560319594003	1	42300	42.0586744	-104.9673852
56614128	560319594003	1	40000	42.0565125	-104.9724581
56614129	560319594003	1	25300	42.0641162	-104.9615434
56614130	560319594003	1	33200	42.0576455	-104.9681223
56614131	560319594003	1	46010	42.0594145	-104.9648304
56614132	560319594003	1	239000	42.0632904	-104.9648435
56614133	560319594003	1	27000	42.0585931	-104.9713634
56614134	560319594003	1	99010	42.0574500	-104.9678288
56614135	560319594003	1	17200	42.0668195	-104.9659519
56614136	560319594003	1	27000	42.0574520	-104.9728510
56614137	560319594003	1	32400	42.0591863	-104.9738297
56614138	560319594003	1	25460	42.0670622	-104.9570897
56614139	560319594003	1	46780	42.0639403	-104.9651687
56614140	560319594003	1	71000	42.0649510	-104.9647434
56614141	560319594003	1	121000	42.0614049	-104.9644952
56614142	560319594003	1	115000	42.0629847	-104.9617659
56614143	560319594003	1	18800	42.0628413	-104.9652278
56614144	560319594003	1	31000	42.0637024	-104.9582729
56614145	560319594003	1	104900	42.0642221	-104.9603642
56614146	560319594003	1	64340	42.0668118	-104.9559550
56614147	560319594003	1	104900	42.0666327	-104.9650540
56614148	560319594003	1	30600	42.0646152	-104.9584638
56614149	560319594003	1	46100	42.0630401	-104.9604474
56614150	560319594003	1	151000	42.0668196	-104.9586280
56614151	560319594003	1	46700	42.0581777	-104.9738970
56614152	560319594003	1	28700	42.0640124	-104.9586239
56614153	560319594003	1	37500	42.0567120	-104.9812016
56614154	560319594003	1	98000	42.0661451	-104.9586144
56614155	560319594003	1	133100	42.0577897	-104.9798366
56614156	560319594003	1	46300	42.0574720	-104.9787706
56614157	560319594003	1	98000	42.0575991	-104.9792416
56614158	560319594003	1	90000	42.0588175	-104.9791721
56614159	560319594003	1	36000	42.0573323	-104.9778802
56614160	560319594003	1	71090	42.0592506	-104.9774422
56614161	560319594003	1	64800	42.0571918	-104.9761065
56614162	560319594003	1	8200	42.0587511	-104.9767043
56614163	560319594003	1	24000	42.0566953	-104.9764282
56614164	560319594003	1	38000	42.0577649	-104.9781121
56614165	560319594003	1	141000	42.0582371	-104.9768298
56614166	560319594003	1	20000	42.0582666	-104.9734763
56614167	560319594003	1	38000	42.0567483	-104.9744430
56614168	560319594003	1	29000	42.0596030	-104.9733423
56614169	560319594003	1	83020	42.0562834	-104.9757753
56614170	560319594003	1	85000	42.0587155	-104.9755551
56614171	560319594003	1	40100	42.0594451	-104.9752393
56614172	560319594003	1	100000	42.0570275	-104.9744895
56614173	560319594003	1	186000	42.0578151	-104.9756455
56614174	560319594003	1	18400	42.0738713	-104.9614405
56614175	560319594003	1	43000	42.0730979	-104.9620957
56614176	560319594003	1	26000	42.0463553	-104.9845929
56614177	560319594003	1	37200	42.0555505	-104.9839054
56614178	560319594003	1	54200	42.0602955	-104.9818402
56614179	560319594003	1	51500	42.0479411	-104.9843129
56614180	560319594003	1	33400	42.0660146	-104.9641902
56614181	560319594003	1	8000	42.0588817	-104.9828977
56614182	560319594003	1	11000	42.0556610	-104.9829550
56614183	560319594003	1	97000	42.0593134	-104.9825791
56614184	560319594003	1	31900	42.0653590	-104.9624116
56614185	560319594003	1	97000	42.0531206	-104.9827171
56614186	560319594003	1	85000	42.0564450	-104.9788034
56614187	560319594003	1	40430	42.0553900	-104.9850334
56614188	560319594003	1	31000	42.0579979	-104.9829186
56614189	560319594003	1	45000	42.0691848	-104.9633638
56614190	560319594003	1	38000	42.0532643	-104.9831196
56614191	560319594003	1	32200	42.0785730	-104.9709994
56614192	560319594003	1	29000	42.0544628	-104.9867902
56614193	560319594003	1	11750	42.0827426	-104.9747120
56614194	560319594003	1	30000	42.0892583	-104.9820126
56614195	560319594003	1	31900	42.0751992	-104.9682705
56614196	560319594003	1	24000	42.0559179	-104.9875645
56614197	560319594003	1	46010	42.0764007	-104.9698176
56614198	560319594003	1	23700	42.0551458	-104.9865138
56614199	560319594003	1	90000	42.0514398	-104.9857333
56614200	560319594003	1	54200	42.0542021	-104.9871543
56614201	560319594003	1	13604	42.0559424	-104.9861631
56614202	560319594003	1	276000	42.0564145	-104.9862120
56614203	560319594003	1	86900	42.0525955	-104.9867342
56614204	560319594003	1	55800	42.0543078	-104.9858974
56614205	560319594003	1	20000	42.0532243	-104.9859602
56614206	560319594003	1	38001	42.0483066	-104.9869709
56614207	560319594003	1	37000	42.0570029	-104.9839523
56614208	560319594003	1	26100	42.0503769	-104.9838532
56614209	560319594003	1	43000	42.0516870	-104.9841330
56614210	560319594003	1	34300	42.0491373	-104.9843641
56614211	560319594003	1	86000	42.0532555	-104.9848892
56614212	560319594003	1	77000	42.0683070	-104.9555099
56614213	560319594003	1	2400	42.0760011	-104.9683781
56614214	560319594003	1	148300	42.0487875	-104.9875527
56614215	560319594003	1	40100	42.0864987	-104.9794674
56614216	560319594003	1	36000	42.0612148	-104.9826858
56614217	560319594003	1	100000	42.0584866	-104.9837777
56614218	560319594003	1	33100	42.0610546	-104.9842509
56614219	560319594003	1	64450	42.0494516	-104.9868274
56614220	560319594003	1	37500	42.0499181	-104.9848635
56614221	560319594003	1	56400	42.0478709	-104.9870175
56614222	560319594003	1	39000	42.0484009	-104.9844153
56614223	560319594003	1	29000	42.0596010	-104.9864191
56614224	560319594003	1	117530	42.0511086	-104.9831060
56614225	560319594003	1	5430	42.0466883	-104.9867151
56614226	560319594003	1	27000	42.0457427	-104.9863264
56614227	560319594003	1	26100	42.0570352	-104.9856004
56614228	560319594003	1	113500	42.0522432	-104.9844214
56614229	560319594003	1	44700	42.0553395	-104.9846848
56614230	560319594003	1	65340	42.0539230	-104.9843107
56614231	560319594003	1	26500	42.0474689	-104.9866495
56614232	560319594003	1	69250	42.0534190	-104.9885600
56614233	560319594003	1	66770	42.0543169	-104.9880875
56614234	560319594003	1	38800	42.0498097	-104.9830957
56614235	560319594003	1	53600	42.0591477	-104.9978315
56614236	560319594003	1	107000	42.0506466	-104.9853592
56614237	560319594003	1	93600	42.0458254	-104.9840527
56614238	560319594003	1	50500	42.0497025	-104.9883386
56614239	560319594003	1	41020	42.0641273	-104.9625607
56614240	560319594003	1	19200	42.0525304	-104.9833628
56614241	560319594003	1	35300	42.0521148	-104.9859386
56614242	560319594003	1	148700	42.0565825	-104.9878770
56614243	560319594003	1	33200	42.0598082	-104.9986609
56614244	560319594003	1	76000	42.0851335	-104.9780829
56614245	560319594003	1	85000	42.0471705	-104.9855804
56614246	560319594003	1	95001	42.0504903	-104.9864369
56614247	560319594003	1	47000	42.0714470	-105.0600443
56614248	560319594003	1	57500	42.0707051	-105.0599746
56614249	560319594003	1	20400	42.0839949	-104.9767962
56614250	560319594003	1	8400	42.0679114	-104.9626135
56614251	560319594003	1	48000	42.0531530	-104.9887318
56614252	560319594003	1	289550	42.0588863	-104.9907528
56614253	560319594003	1	29100	42.0821640	-104.9736583
56614254	560319594003	1	82500	42.0565679	-104.9827118
56614255	560319594003	1	37400	42.0580758	-104.9851335
56614256	560319594003	1	25100	42.0775356	-104.9696870
56614257	560319594003	1	110000	42.0595467	-104.9963685
56614258	560319594003	1	40400	42.0478933	-104.9846194
56614259	560319594003	1	9600	42.0589827	-104.9994724
56614260	560319594003	1	43200	42.0595372	-104.9884641
56614261	560319594003	1	43600	42.0522224	-104.9868968
56614262	560319594003	1	34100	42.0545182	-104.9838107
56614263	560319594003	1	25700	42.0599555	-104.9811093
56614264	560319594003	1	279500	42.0594340	-104.9940757
56614265	560319594003	1	41000	42.0511984	-104.9864298
56614266	560319594003	1	26800	42.0553253	-104.9836872
56614267	560319594003	1	100800	42.0673579	-104.9554491
56614268	560319594003	1	39000	42.0855106	-104.9786773
56614269	560319594003	1	43100	42.0583740	-104.9947262
56614270	560319594003	1	72000	42.0588324	-104.9924886
56614271	560319594003	1	60000	42.0463938	-104.9875714
56614272	560319594003	1	100000	42.0599066	-104.9950923
56614273	560319594003	1	42800	42.0594958	-104.9881629
56614274	560319594003	1	27500	42.0575545	-104.9836977
56614275	560319594003	1	31000	42.0878675	-104.9801899
56614276	560319594003	1	79300	42.0577730	-104.9847441
56614277	560319594003	1	27000	42.0596083	-104.9841681
56614278	560319594003	1	153800	42.0587687	-104.9911409
56614279	560319594003	1	40000	42.0704726	-104.9571094
56614280	560319594003	1	55050	42.0520877	-104.9884156
56614281	560319594003	1	26360	42.0594427	-104.9856419
56614282	560319594003	1	45000	42.0478128	-104.9831311
56614283	560319594003	1	42000	42.0792891	-104.9710344
56614284	560319594003	1	18600	42.0884598	-104.9806158
56614285	560319594003	1	81000	42.0614584	-104.9974928
56614286	560319594003	1	41020	42.0548559	-104.9925298
56614287	560319594003	1	114050	42.0662636	-104.9625297
56614288	560319594003	1	51300	42.0618868	-104.9815462
56614289	560319594003	1	37800	42.0698661	-104.9572481
56614290	560319594003	1	57100	42.0556159	-104.9887624
56614291	560319594003	1	26500	42.0773230	-104.9708348
56614292	560319594003	1	37800	42.0712679	-104.9588809
56614293	560319594003	1	80000	42.0528010	-104.9916793
56614294	560319594003	1	42000	42.0591466	-105.0010552
56614295	560319594003	1	53200	42.0758423	-104.9689018
56614296	560319594003	1	58800	42.0697851	-104.9592890
56614297	560319594003	1	35000	42.0672730	-104.9615554
56614298	560319594003	1	33200	42.0471018	-104.9831842
56614299	560319594003	1	13200	42.0881001	-104.9817005
56614300	560319594003	1	101600	42.0701915	-104.9586515
56614301	560319594003	1	428300	42.0602473	-104.9979300
56614302	560319594003	1	45860	42.0578411	-104.9923089
56614303	560319594003	1	81000	42.0576570	-104.9860948
56614304	560319594003	1	23000	42.0580048	-104.9864839
56614305	560319594003	1	77000	42.0574642	-104.9918474
56614306	560319594003	1	66900	42.0587548	-104.9976457
56614307	560319594003	1	14400	42.0566581	-104.9923293
56614308	560319594003	1	32400	42.0544024	-104.9914786
56614309	560319594003	1	37500	42.0694909	-104.9600555
56614310	560319594003	1	141600	42.0831334	-104.9768035
56614311	560319594003	1	65000	42.0519273	-104.9889205
56614312	560319594003	1	24000	42.0564932	-104.9883540
56614313	560319594003	1	40750	42.0713265	-104.9604395
56614314	560319594003	1	141200	42.0535647	-104.9917100
56614315	560319594003	1	172700	42.0586387	-104.9984243
56614316	560319594003	1	46780	42.0502691	-104.9923548
56614317	560319594003	1	38000	42.0714875	-104.9844737
56614318	560319594003	1	75000	42.0615445	-104.9986107
56614319	560319594003	1	20000	42.0594232	-104.9928089
56614320	560319594003	1	70700	42.0492601	-104.9926412
56614321	560319594003	1	52320	42.0488290	-104.9912059
56614322	560319594003	1	54200	42.0521755	-104.9946647
56614323	560319594003	1	46000	42.0833267	-104.9753838
56614324	560319594003	1	49000	42.0526378	-104.9930031
56614325	560319594003	1	45010	42.0728160	-104.9900202
56614326	560319594003	1	32400	42.0723570	-104.9877584
56614327	560319594003	1	100000	42.0503700	-104.9876775
56614328	560319594003	1	4700	42.0603811	-104.9990157
56614329	560319594003	1	27000	42.0724476	-104.9858223
56614330	560319594003	1	45000	42.0711446	-104.9860630
56614331	560319594003	1	61400	42.0726074	-104.9867004
56614332	560319594003	1	100500	42.0522775	-104.9968735
56614333	560319594003	1	85600	42.0591315	-104.9932767
56614334	560319594003	1	84000	42.0719326	-104.9934937
56614335	560319594003	1	43300	42.0521110	-104.9929092
56614336	560319594003	1	77000	42.0719468	-104.9940904
56614337	560319594003	1	141200	42.0519777	-104.9899814
56614338	560319594003	1	0	42.0506492	-104.9930650
56614339	560319594003	1	19200	42.0488991	-104.9852591
56614340	560319594003	1	20000	42.0528077	-104.9949403
56614341	560319594003	1	225000	42.0671465	-105.0012575
56614342	560319594003	1	25500	42.0692787	-105.0000458
56614343	560319594003	1	12200	42.0677721	-104.9999373
56614344	560319594003	1	68600	42.0721070	-104.9964100
56614345	560319594003	1	52500	42.0718470	-104.9996954
56614346	560319594003	1	75000	42.0722885	-104.9986226
56614347	560319594003	1	38000	42.0679161	-104.9993089
56614348	560319594003	1	15400	42.0456919	-104.9902607
56614349	560319594003	1	103050	42.0699638	-104.9988299
56614350	560319594003	1	13200	42.0591003	-104.9680496
56614351	560319594003	1	56800	42.0622165	-104.9626499
56614352	560319594003	1	103650	42.0616644	-104.9625031
56614353	560319594003	1	40270	42.0591517	-104.9684787
56614354	560319594003	1	87150	42.0620731	-104.9628620
56614355	560319594003	1	32000	42.0621954	-104.9631098
56614356	560319594003	1	136900	42.0620266	-104.9623837
56614357	560319594003	1	32700	42.0615418	-104.9623286
56614358	560319594003	1	114700	42.0615063	-104.9618724
56614359	560319594003	1	84500	42.0591010	-104.9682296
56614360	560319594003	1	42300	42.0587280	-104.9683307
56614361	560319594003	1	84250	42.0600057	-104.9624895
56614362	560319594003	1	26010	42.0614974	-104.9611397
56614363	560319594003	1	78000	42.0611443	-104.9613429
56614364	560319594003	1	22800	42.0617269	-104.9626881
56614365	560319594003	1	70000	42.0615979	-104.9620795
56614366	560319594003	1	24800	42.0618493	-104.9626656
56614367	560319594003	1	6000	42.0608417	-104.9615026
56614368	560319594003	1	78400	42.0563391	-104.9605324
56614369	560319594003	1	7100	42.0565065	-104.9605954
56614370	560319594003	1	113500	42.0621408	-104.9620536
56614371	560319594003	1	18400	42.0618851	-104.9629504
56614372	560319594003	1	37000	42.0568296	-104.9605154
56614373	560319594003	1	41200	42.0569304	-104.9609230
56614374	560319594003	1	137000	42.0563392	-104.9609453
56614375	560319594003	1	74000	42.0607191	-104.9613639
56614376	560319594003	1	7600	42.0613672	-104.9606332
56614377	560319594003	1	6000	42.0564467	-104.9604215
56614378	560319594003	1	130000	42.0564204	-104.9606466
56614379	560319594003	1	36530	42.0614241	-104.9611607
56614380	560319594003	1	27000	42.0613432	-104.9611287
56614381	560319594003	1	130000	42.0607117	-104.9612261
56614382	560319594003	1	38840	42.0602150	-104.9615021
56614383	560319594003	1	81490	42.0571052	-104.9691871
56614384	560319594003	1	10600	42.0574454	-104.9615163
56614385	560319594003	1	45000	42.0573700	-104.9603439
56614386	560319594003	1	72500	42.0597475	-104.9623756
56614387	560319594003	1	40000	42.0600305	-104.9616356
56614388	560319594003	1	25200	42.0598589	-104.9624646
56614389	560319594003	1	117600	42.0601870	-104.9620912
56614390	560319594003	1	27000	42.0603166	-104.9621017
56614391	560319594003	1	26480	42.0578820	-104.9607052
56614392	560319594003	1	18400	42.0576784	-104.9604959
56614393	560319594003	1	41060	42.0601841	-104.9624601
56614394	560319594003	1	34004	42.0599149	-104.9619665
56614395	560319594003	1	45000	42.0576876	-104.9609500
56614396	560319594003	1	24900	42.0574943	-104.9611529
56614397	560319594003	1	25000	42.0570950	-104.9610710
56614398	560319594003	1	75900	42.0564340	-104.9674769
56614399	560319594003	1	20600	42.0579145	-104.9620341
56614400	560319594003	1	16300	42.0584732	-104.9625692
56614401	560319594003	1	58600	42.0582279	-104.9619305
56614402	560319594003	1	30000	42.0580829	-104.9618543
56614403	560319594003	1	49000	42.0579433	-104.9619229
56614404	560319594003	1	0	42.0580684	-104.9616881
56614405	560319594003	1	39500	42.0585435	-104.9617016
56614406	560319594003	1	30000	42.0563808	-104.9675434
56614407	560319594003	1	43000	42.0573941	-104.9670482
56614408	560319594003	1	38000	42.0568651	-104.9661193
56614409	560319594003	1	16000	42.0568192	-104.9668730
56614410	560319594003	1	14800	42.0570144	-104.9671073
56614411	560319594003	1	116	42.0573537	-104.9661889
56614412	560319594003	1	11300	42.0572038	-104.9669645
56614413	560319594003	1	65340	42.0568018	-104.9685756
56614414	560319594003	1	366400	42.0628112	-104.9569112
56614415	560319594003	1	25100	42.0579968	-104.9608976
56614416	560319594003	1	47000	42.0578253	-104.9618529
56614417	560319594003	1	37800	42.0571438	-104.9613213
56614418	560319594003	1	48300	42.0570674	-104.9623042
56614419	560319594003	1	95000	42.0580056	-104.9610781
56614420	560319594003	1	41500	42.0575371	-104.9619802
56614421	560319594003	1	56400	42.0575107	-104.9621341
56614422	560319594003	1	25800	42.0629704	-104.9561357
56614423	560319594003	1	152130	42.0587243	-104.9613183
56614424	560319594003	1	42000	42.0587539	-104.9603553
56614425	560319594003	1	35000	42.0587819	-104.9607077
56614426	560319594003	1	86900	42.0632333	-104.9561835
56614427	560319594003	1	50100	42.0583410	-104.9608421
56614428	560319594003	1	33200	42.0625755	-104.9571231
56614429	560319594003	1	20980	42.0573739	-104.9686252
56614430	560319594003	1	33000	42.0613524	-104.9624571
56614431	560319594003	1	45000	42.0561929	-104.9660966
56614432	560319594003	1	25200	42.0631048	-104.9561104
56614433	560319594003	1	41000	42.0629016	-104.9568761
56614434	560319594003	1	103600	42.0614297	-104.9620814
56614435	560319594003	1	67000	42.0562506	-104.9665140
56614436	560319594003	1	24900	42.0607229	-104.9627166
56614437	560319594003	1	61000	42.0567131	-104.9691642
56614438	560319594003	1	25300	42.0579721	-104.9695306
56614439	560319594003	1	25900	42.0607602	-104.9628445
56614440	560319594003	1	9900	42.0607534	-104.9625896
56614441	560319594003	1	14000	42.0580633	-104.9687157
56614442	560319594003	1	75000	42.0574573	-104.9689318
56614443	560319594003	1	92000	42.0575572	-104.9690455
56614444	560319594003	1	54000	42.0606009	-104.9608152
56614445	560319594003	1	85000	42.0606043	-104.9613497
56614446	560319594003	1	84000	42.0586368	-104.9655097
56614447	560319594003	1	45200	42.0598657	-104.9609883
56614448	560319594003	1	40500	42.0590256	-104.9657709
56614449	560319594003	1	11800	42.0587024	-104.9655540
56614450	560319594003	1	4290	42.0588640	-104.9659058
56614451	560319594003	1	25100	42.0672763	-104.9542706
56614452	560319594003	1	43000	42.0643787	-104.9568341
56614453	560319594003	1	63000	42.0637993	-104.9565493
56614454	560319594003	1	28500	42.0638489	-104.9561665
56614455	560319594003	1	65340	42.0667193	-104.9548569
56614456	560319594003	1	155220	42.0644263	-104.9561514
56614457	560319594003	1	57000	42.0672614	-104.9550828
56614458	560319594004	1	45600	42.0304843	-104.9609875
56614459	560319594004	1	127600	42.0328627	-104.9653994
56614460	560319594004	1	141000	42.0416064	-104.9594960
56614461	560319594004	1	14000	42.0460459	-104.9823827
56614462	560319594004	1	47304	42.0465708	-104.9728812
56614463	560319594004	1	71000	42.0468613	-104.9733264
56614464	560319594004	1	16440	42.0470702	-104.9724335
56614465	560319594004	1	23120	42.0444418	-104.9589116
56614466	560319594004	1	110000	42.0458482	-104.9698370
56614467	560319594004	1	18000	42.0456672	-104.9703545
56614468	560319594004	1	86040	42.0458433	-104.9698644
56614469	560319594004	1	32000	42.0464278	-104.9707044
56614470	560319594004	1	6000	42.0457604	-104.9699441
56614471	560319594004	1	7300	42.0457397	-104.9700388
56614472	560319594004	1	35200	42.0461745	-104.9701250
56614473	560319594004	1	8400	42.0456879	-104.9705493
56614474	560319594004	1	19600	42.0458784	-104.9700738
56614475	560319594004	1	18280	42.0460153	-104.9704478
56614476	560319594004	1	58900	42.0459439	-104.9706039
56614477	560319594004	1	103300	42.0457144	-104.9706238
56614478	560319594004	8	24000	42.0442856	-104.9593562
56614479	560319594004	1	136700	42.0443468	-104.9593759
56614480	560319594004	1	45000	42.0462469	-104.9699830
56614481	560319594004	1	55000	42.0459808	-104.9700563
56614482	560319594004	1	61000	42.0458359	-104.9699540
56614483	560319594004	1	106400	42.0440745	-104.9583949
56614484	560319594004	1	70900	42.0463530	-104.9705003
56614485	560319594004	1	76000	42.0445913	-104.9588965
56614486	560319594004	1	45000	42.0441664	-104.9591728
56614487	560319594004	1	8500	42.0440899	-104.9587980
56614488	560319594004	1	150000	42.0440465	-104.9588619
56614489	560319594004	1	85000	42.0438885	-104.9585292
56614490	560319594004	1	33000	42.0438272	-104.9584120
56614491	560319594004	1	43000	42.0444436	-104.9586822
56614492	560319594004	1	3700	42.0445272	-104.9586620
56614493	560319594004	1	66900	42.0467474	-104.9722857
56614494	560319594004	1	36000	42.0447980	-104.9593620
56614495	560319594004	1	36500	42.0449067	-104.9605681
56614496	560319594004	1	19300	42.0440261	-104.9584280
56614497	560319594004	1	17200	42.0439069	-104.9594865
56614498	560319594004	1	60000	42.0443430	-104.9595789
56614499	560319594004	1	23100	42.0449625	-104.9598253
56614500	560319594004	1	20000	42.0449988	-104.9602012
56614501	560319594004	1	20000	42.0449797	-104.9605682
56614502	560319594004	1	37000	42.0450315	-104.9600973
56614503	560319594004	1	14800	42.0448530	-104.9602804
56614504	560319594004	1	103800	42.0446342	-104.9598621
56614505	560319594004	1	100000	42.0449286	-104.9601520
56614506	560319594004	1	0	42.0450275	-104.9604666
56614507	560319594004	1	75500	42.0447527	-104.9605910
56614508	560319594004	1	168000	42.0446349	-104.9605547
56614509	560319594004	1	32000	42.0451508	-104.9555137
56614510	560319594004	1	112000	42.0474883	-104.9732201
56614511	560319594004	1	77000	42.0449376	-104.9596359
56614512	560319594004	8	77100	42.0448526	-104.9592280
56614513	560319594004	1	208790	42.0449399	-104.9590781
56614514	560319594004	1	43000	42.0447828	-104.9593310
56614515	560319594004	1	60000	42.0451646	-104.9588787
56614516	560319594004	1	285000	42.0449601	-104.9591860
56614517	560319594004	1	2800	42.0470255	-104.9793088
56614518	560319594004	1	80000	42.0474839	-104.9792726
56614519	560319594004	1	23100	42.0474103	-104.9784302
56614520	560319594004	1	155220	42.0473707	-104.9785186
56614521	560319594004	1	7200	42.0475999	-104.9786283
56614522	560319594004	1	81000	42.0471501	-104.9788580
56614523	560319594004	1	46780	42.0476606	-104.9788606
56614524	560319594004	1	110000	42.0445586	-104.9554717
56614525	560319594004	1	247500	42.0315526	-104.9704577
56614526	560319594004	1	84500	42.0447099	-104.9572581
56614527	560319594004	1	7900	42.0467478	-104.9810599
56614528	560319594004	1	15000	42.0461835	-104.9713866
56614529	560319594004	1	21710	42.0462894	-104.9723276
56614530	560319594004	1	4600	42.0472251	-104.9726489
56614531	560319594004	1	8400	42.0471403	-104.9729289
56614532	560319594004	1	71000	42.0459537	-104.9724501
56614533	560319594004	1	61000	42.0467279	-104.9723324
56614534	560319594004	1	34200	42.0463611	-104.9723009
56614535	560319594004	1	24400	42.0462592	-104.9712304
56614536	560319594004	1	49500	42.0459451	-104.9729847
56614537	560319594004	1	105000	42.0458925	-104.9726299
56614538	560319594004	8	52000	42.0462981	-104.9727766
56614539	560319594004	1	122000	42.0461887	-104.9720530
56614540	560319594004	1	19300	42.0460295	-104.9726961
56614541	560319594004	8	77100	42.0458254	-104.9709087
56614542	560319594004	1	63100	42.0466433	-104.9716249
56614543	560319594004	1	8400	42.0447590	-104.9619746
56614544	560319594004	1	192900	42.0460967	-104.9710614
56614545	560319594004	1	71100	42.0463472	-104.9715894
56614546	560319594004	1	33400	42.0462815	-104.9708847
56614547	560319594004	1	83910	42.0450091	-104.9613837
56614548	560319594004	1	2400	42.0450237	-104.9612162
56614549	560319594004	1	20200	42.0449826	-104.9609301
56614550	560319594004	1	6000	42.0449252	-104.9546182
56614551	560319594004	1	21500	42.0449631	-104.9568772
56614552	560319594004	1	112800	42.0449738	-104.9614780
56614553	560319594004	1	65000	42.0445234	-104.9614049
56614554	560319594004	1	15900	42.0451330	-104.9547927
56614555	560319594004	1	122300	42.0451327	-104.9566631
56614556	560319594004	1	15300	42.0450089	-104.9546446
56614557	560319594004	1	124000	42.0437834	-104.9580939
56614558	560319594004	1	63900	42.0459849	-104.9792682
56614559	560319594004	1	35000	42.0473287	-104.9795983
56614560	560319594004	1	88400	42.0469123	-104.9810495
56614561	560319594004	1	23120	42.0473186	-104.9807984
56614562	560319594004	1	36000	42.0467281	-104.9814783
56614563	560319594004	1	81200	42.0469264	-104.9799617
56614564	560319594004	1	9600	42.0473419	-104.9819114
56614565	560319594004	1	4600	42.0470325	-104.9803914
56614566	560319594004	1	34400	42.0349598	-104.9688817
56614567	560319594004	1	34000	42.0354366	-104.9694940
56614568	560319594004	1	7200	42.0470157	-104.9805059
56614569	560319594004	1	43500	42.0356944	-104.9696490
56614570	560319594004	1	45300	42.0349715	-104.9692408
56614571	560319594004	1	75100	42.0357053	-104.9705749
56614572	560319594004	1	102000	42.0352501	-104.9684772
56614573	560319594004	1	84000	42.0446560	-104.9573132
56614574	560319594004	1	74000	42.0431505	-104.9604413
56614575	560319594004	1	27300	42.0430901	-104.9617171
56614576	560319594004	1	0	42.0459301	-104.9792227
56614577	560319594004	1	2100	42.0463563	-104.9784250
56614578	560319594004	1	50600	42.0435827	-104.9600625
56614579	560319594004	1	8400	42.0428462	-104.9609716
56614580	560319594004	1	23000	42.0435220	-104.9615307
56614581	560319594004	1	4600	42.0458574	-104.9807519
56614582	560319594004	1	38000	42.0443167	-104.9605139
56614583	560319594004	1	41000	42.0430651	-104.9599736
56614584	560319594004	1	139000	42.0440366	-104.9597689
56614585	560319594004	8	77100	42.0465658	-104.9810693
56614586	560319594004	1	35734	42.0439083	-104.9607461
56614587	560319594004	1	208790	42.0464875	-104.9809294
56614588	560319594004	1	21710	42.0454419	-104.9772713
56614589	560319594004	1	43300	42.0444278	-104.9614181
56614590	560319594004	1	43300	42.0321348	-104.9661620
56614591	560319594004	1	16700	42.0472866	-104.9737930
56614592	560319594004	1	8200	42.0456700	-104.9802052
56614593	560319594004	1	65880	42.0450315	-104.9799008
56614594	560319594004	1	74700	42.0451109	-104.9798679
56614595	560319594004	8	38500	42.0455589	-104.9752747
56614596	560319594004	1	45000	42.0459895	-104.9755035
56614597	560319594004	1	2760	42.0456187	-104.9747193
56614598	560319594004	1	51000	42.0323610	-104.9663996
56614599	560319594004	1	198700	42.0466150	-104.9738608
56614600	560319594004	1	110200	42.0468569	-104.9742275
56614601	560319594004	1	85500	42.0471194	-104.9739613
56614602	560319594004	1	102000	42.0456036	-104.9738403
56614603	560319594004	1	8000	42.0457562	-104.9744120
56614604	560319594004	8	24000	42.0455369	-104.9740456
56614605	560319594004	1	44300	42.0443407	-104.9609666
56614606	560319594004	8	24000	42.0313245	-104.9661958
56614607	560319594004	1	35960	42.0326574	-104.9661246
56614608	560319594004	1	87560	42.0320735	-104.9664443
56614609	560319594004	1	35000	42.0326788	-104.9660599
56614610	560319594004	1	81200	42.0309570	-104.9653913
56614611	560319594004	1	360	42.0331025	-104.9659736
56614612	560319594004	1	134000	42.0309322	-104.9657459
56614613	560319594004	1	82700	42.0443171	-104.9614150
56614614	560319594004	1	33800	42.0448759	-104.9810845
56614615	560319594004	1	139000	42.0452960	-104.9816669
56614616	560319594004	1	248000	42.0453792	-104.9811858
56614617	560319594004	1	39000	42.0456029	-104.9699142
56614618	560319594004	1	35560	42.0452199	-104.9695392
56614619	560319594004	1	50000	42.0449679	-104.9700956
56614620	560319594004	1	45000	42.0456607	-104.9776000
56614621	560319594004	1	29700	42.0458526	-104.9688089
56614622	560319594004	1	31500	42.0476274	-104.9817427
56614623	560319594004	1	39000	42.0456342	-104.9680234
56614624	560319594004	1	87560	42.0449084	-104.9676558
56614625	560319594004	1	69000	42.0456816	-104.9680287
56614626	560319594004	1	70000	42.0460804	-104.9682722
56614627	560319594004	1	64000	42.0465175	-104.9676804
56614628	560319594004	1	28800	42.0461798	-104.9682328
56614629	560319594004	1	41000	42.0358188	-104.9679499
56614630	560319594004	1	37000	42.0457111	-104.9757727
56614631	560319594004	1	41600	42.0464401	-104.9798239
56614632	560319594004	8	66400	42.0460008	-104.9795618
56614633	560319594004	1	29700	42.0358882	-104.9678160
56614634	560319594004	1	43000	42.0455457	-104.9767490
56614635	560319594004	1	124600	42.0345245	-104.9673975
56614636	560319594004	8	38400	42.0317433	-104.9692120
56614637	560319594004	1	67200	42.0458846	-104.9695362
56614638	560319594004	1	84000	42.0316926	-104.9700902
56614639	560319594004	1	97100	42.0344058	-104.9671182
56614640	560319594004	1	22000	42.0358134	-104.9701790
56614641	560319594004	1	21000	42.0360939	-104.9703110
56614642	560319594004	1	21710	42.0443820	-104.9561192
56614643	560319594004	1	249930	42.0312737	-104.9669780
56614644	560319594004	1	70000	42.0345608	-104.9697162
56614645	560319594004	1	8590	42.0342698	-104.9657099
56614646	560319594004	1	183200	42.0317061	-104.9685627
56614647	560319594004	1	35600	42.0314519	-104.9709386
56614648	560319594004	1	46500	42.0322586	-104.9687927
56614649	560319594004	1	32400	42.0320801	-104.9689159
56614650	560319594004	1	54000	42.0327307	-104.9679698
56614651	560319594004	1	8000	42.0336096	-104.9692251
56614652	560319594004	1	4600	42.0454616	-104.9789424
56614653	560319594004	1	42000	42.0345620	-104.9663259
56614654	560319594004	1	34640	42.0431046	-104.9593320
56614655	560319594004	1	67000	42.0333224	-104.9688327
56614656	560319594004	1	57000	42.0330685	-104.9691950
56614657	560319594004	1	1004	42.0310857	-104.9690923
56614658	560319594004	1	50000	42.0327070	-104.9668431
56614659	560319594004	1	72800	42.0421666	-104.9593537
56614660	560319594004	1	57400	42.0366973	-104.9685953
56614661	560319594004	1	45000	42.0340671	-104.9688097
56614662	560319594004	1	225000	42.0451921	-104.9694739
56614663	560319594004	1	38000	42.0367170	-104.9705489
56614664	560319594004	1	335000	42.0367942	-104.9684961
56614665	560319594004	1	57900	42.0324246	-104.9714622
56614666	560319594004	1	8700	42.0320589	-104.9671541
56614667	560319594004	1	20000	42.0445888	-104.9545100
56614668	560319594004	1	39400	42.0419859	-104.9613152
56614669	560319594004	1	99010	42.0422340	-104.9583541
56614670	560319594004	1	104800	42.0308582	-104.9680670
56614671	560319594004	1	36000	42.0420653	-104.9629442
56614672	560319594004	1	44100	42.0414570	-104.9592150
56614673	560319594004	1	60000	42.0376445	-104.9678980
56614674	560319594004	8	30000	42.0371206	-104.9663157
56614675	560319594004	1	22300	42.0337873	-104.9663270
56614676	560319594004	1	45000	42.0363880	-104.9673061
56614677	560319594004	1	38000	42.0352324	-104.9663480
56614678	560319594004	1	36280	42.0336334	-104.9672339
56614679	560319594004	1	0	42.0451518	-104.9622592
56614680	560319594004	1	8500	42.0361811	-104.9665756
56614681	560319594004	1	247500	42.0341658	-104.9721000
56614682	560319594004	1	43000	42.0319978	-104.9641984
56614683	560319594004	3	8000	42.0312791	-104.9648877
56614684	560319594004	1	131000	42.0351276	-104.9712725
56614685	560319594004	1	30000	42.0182468	-104.9624098
56614686	560319594004	1	43700	42.0363966	-104.9569288
56614687	560319594004	1	122700	42.0330282	-104.9636346
56614688	560319594004	1	28300	42.0429680	-104.9623429
56614689	560319594004	1	44100	42.0411393	-104.9617785
56614690	560319594004	1	9200	42.0302586	-104.9590993
56614691	560319594004	1	2000	42.0172829	-104.9624275
56614692	560319594004	1	39000	42.0375315	-104.9649176
56614693	560319594004	1	40600	42.0415698	-104.9605169
56614694	560319594004	1	2760	42.0355748	-104.9647813
56614695	560319594004	1	74000	42.0371291	-104.9602616
56614696	560319594004	1	167200	42.0358374	-104.9713936
56614697	560319594004	1	40000	42.0311368	-104.9739027
56614698	560319594004	1	21000	42.0141785	-104.9614431
56614699	560319594004	1	39200	42.0314509	-104.9736643
56614700	560319594004	1	141400	42.0371177	-104.9638652
56614701	560319594004	1	500	42.0362039	-104.9650774
56614702	560319594004	1	32000	42.0366538	-104.9635076
56614703	560319594004	1	8000	42.0353282	-104.9644706
56614704	560319594004	1	67200	42.0308403	-104.9583077
56614705	560319594004	1	8000	42.0464123	-104.9755366
56614706	560319594004	1	38200	42.0470487	-104.9762510
56614707	560319594004	1	23000	42.0343913	-104.9717049
56614708	560319594004	1	9600	42.0433540	-104.9572959
56614709	560319594004	1	40000	42.0162963	-104.9621040
56614710	560319594004	1	79000	42.0357285	-104.9560644
56614711	560319594004	1	41400	42.0345882	-104.9602588
56614712	560319594004	1	33900	42.0322264	-104.9721030
56614713	560319594004	1	33900	42.0353821	-104.9724137
56614714	560319594004	1	82500	42.0339168	-104.9573248
56614715	560319594004	1	45000	42.0323774	-104.9620780
56614716	560319594004	1	85000	42.0335456	-104.9710259
56614717	560319594004	1	55450	42.0321214	-104.9589462
56614718	560319594004	1	108000	42.0365233	-104.9822353
56614719	560319594004	1	18600	42.0330602	-104.9734037
56614720	560319594004	1	21000	42.0439077	-104.9624057
56614721	560319594004	1	71000	42.0336593	-104.9648881
56614722	560319594004	1	16000	42.0230518	-104.9667168
56614723	560319594004	1	94300	42.0312388	-104.9614465
56614724	560319594004	1	37000	42.0321276	-104.9735125
56614725	560319594004	1	34100	42.0281713	-104.9654481
56614726	560319594004	1	7800	42.0318950	-104.9614867
56614727	560319594004	1	35200	42.0365240	-104.9592251
56614728	560319594004	1	114530	42.0273560	-104.9647715
56614729	560319594004	1	8300	42.0335331	-104.9635516
56614730	560319594004	1	36000	42.0315095	-104.9716292
56614731	560319594004	1	137000	42.0449114	-104.9533732
56614732	560319594004	1	52908	42.0324841	-104.9596540
56614733	560319594004	1	6000	42.0320350	-104.9759504
56614734	560319594004	1	35200	42.0342945	-104.9582164
56614735	560319594004	1	57000	42.0429346	-104.9553185
56614736	560319594004	1	15300	42.0469343	-104.9772334
56614737	560319594004	1	37000	42.0372584	-104.9584985
56614738	560319594004	1	45700	42.0274581	-104.9638077
56614739	560319594004	1	24000	42.0216374	-104.9671053
56614740	560319594004	1	64300	42.0364164	-104.9574168
56614741	560319594004	1	34500	42.0256728	-104.9676374
56614742	560319594004	1	81200	42.0237547	-104.9675661
56614743	560319594004	1	94600	42.0327147	-104.9742520
56614744	560319594004	1	23000	42.0356664	-104.9601319
56614745	560319594004	1	14800	42.0246373	-104.9676647
56614746	560319594004	1	6800	42.0466993	-104.9760178
56614747	560319594004	1	21710	42.0343348	-104.9592093
56614748	560319594004	1	103000	42.0310415	-104.9630021
56614749	560319594004	1	78100	42.0148092	-104.9617349
56614750	560319594004	1	13970	42.0411395	-104.9552748
56614751	560319594004	1	23100	42.0329586	-104.9590326
56614752	560319594004	1	19000	42.0325953	-104.9634988
56614753	560319594004	1	28390	42.0334392	-104.9605206
56614754	560319594004	1	104400	42.0286293	-104.9645470
56614755	560319594004	8	38500	42.0308984	-104.9755302
56614756	560319594004	1	31500	42.0374422	-104.9715767
56614757	560319594004	1	20900	42.0354802	-104.9589200
56614758	560319594004	1	37700	42.0229460	-104.9662001
56614759	560319594004	1	19200	42.0242999	-104.9662522
56614760	560319594004	1	68100	42.0247333	-104.9661673
56614761	560319594004	1	16700	42.0258863	-104.9660901
56614762	560319594004	1	99010	42.0264217	-104.9635579
56614763	560319594004	1	140000	42.0306348	-104.9650653
56614764	560319594004	1	18000	42.0420288	-104.9547414
56614765	560319594004	1	23000	42.0368405	-104.9566826
56614766	560319594004	1	40000	42.0315185	-104.9793086
56614767	560319594004	1	35000	42.0220974	-104.9653772
56614768	560319594004	1	5750	42.0184568	-104.9626056
56614769	560319594004	1	85000	42.0373290	-104.9826977
56614770	560319594004	1	104400	42.0292390	-104.9641311
56614771	560319594004	1	8400	42.0174029	-104.9657620
56614772	560319594004	1	42400	42.0165217	-104.9698555
56614773	560319594004	1	35000	42.0318220	-104.9620906
56614774	560319594004	1	51000	42.0349147	-104.9826364
56614775	560319594004	1	137000	42.0165786	-104.9722277
56614776	560319594004	1	20000	42.0177816	-104.9641538
56614777	560319594004	8	18300	42.0407731	-104.9578011
56614778	560319594004	1	17400	42.0399584	-104.9567663
56614779	560319594004	1	43000	42.0305624	-104.9805639
56614780	560319594004	1	70500	42.0386712	-104.9637676
56614781	560319594004	1	103000	42.0381057	-104.9658191
56614782	560319594004	1	97000	42.0393873	-104.9586026
56614783	560319594004	1	176800	42.0376149	-104.9568355
56614784	560319594004	1	48300	42.0375462	-104.9581060
56614785	560319594004	1	46700	42.0307939	-104.9785233
56614786	560319594004	1	41000	42.0389266	-104.9569646
56614787	560319594004	1	14800	42.0384384	-104.9577102
56614788	560319594004	1	44000	42.0361257	-104.9724829
56614789	560319594004	1	67700	42.0407281	-104.9605761
56614790	560319594004	1	111000	42.0401362	-104.9626280
56614791	560319594004	1	33000	42.0409800	-104.9593999
56614792	560319594004	1	7100	42.0170430	-104.9636273
56614793	560319594004	1	45000	42.0413573	-104.9572331
56614794	560319594004	1	134600	42.0282219	-104.9822580
56614795	560319594004	1	35000	42.0408342	-104.9565002
56614796	560319594004	1	39000	42.0416429	-104.9559578
56614797	560319594004	1	6800	42.0407887	-104.9583411
56614798	560319594004	1	100000	42.0294168	-104.9661017
56614799	560319594004	1	185700	42.0420149	-104.9579486
56614800	560319594004	1	4600	42.0402143	-104.9560227
56614801	560319594004	1	37500	42.0336203	-104.9832503
56614802	560319594004	1	52200	42.0427043	-104.9566952
56614803	560319594004	1	20000	42.0378631	-104.9556660
56614804	560319594004	1	27000	42.0165419	-104.9648423
56614805	560319594004	1	18000	42.0436403	-104.9562989
56614806	560319594004	1	78000	42.0191413	-104.9684312
56614807	560319594004	1	106000	42.0193928	-104.9653091
56614808	560319594004	1	38000	42.0183872	-104.9681721
56614809	560319594004	1	13970	42.0437183	-104.9547366
56614810	560319594004	1	14600	42.0368162	-104.9616251
56614811	560319594004	1	41280	42.0387346	-104.9553918
56614812	560319594004	1	6900	42.0173113	-104.9670257
56614813	560319594004	1	35734	42.0203032	-104.9664023
56614814	560319594004	3	30600	42.0358817	-104.9590412
56614815	560319594004	1	116	42.0178706	-104.9673466
56614816	560319594004	1	41400	42.0190157	-104.9664218
56614817	560319594004	1	16400	42.0186037	-104.9655822
56614818	560319594004	1	24000	42.0169475	-104.9703669
56614819	560319594004	1	31600	42.0182449	-104.9661085
56614820	560319594005	1	14000	42.0512365	-104.9572587
56614821	560319594005	1	38400	42.0511620	-104.9575871
56614822	560319594005	1	280800	42.0511621	-104.9569203
56614823	560319594005	1	0	42.0457486	-104.9609155
56614824	560319594005	1	28300	42.0460115	-104.9606682
56614825	560319594005	1	8700	42.0554978	-104.9730956
56614826	560319594005	1	123800	42.0512172	-104.9572952
56614827	560319594005	1	35100	42.0469912	-104.9598982
56614828	560319594005	1	45200	42.0514981	-104.9577016
56614829	560319594005	1	20980	42.0512920	-104.9523907
56614830	560319594005	1	42800	42.0495305	-104.9733261
56614831	560319594005	1	40000	42.0510729	-104.9573259
56614832	560319594005	1	8900	42.0509554	-104.9568572
56614833	560319594005	1	23200	42.0459591	-104.9607349
56614834	560319594005	1	137500	42.0452950	-104.9597359
56614835	560319594005	1	20200	42.0503958	-104.9570611
56614836	560319594005	1	46200	42.0504586	-104.9568877
56614837	560319594005	1	19000	42.0515949	-104.9534963
56614838	560319594005	1	55800	42.0515725	-104.9536970
56614839	560319594005	1	35100	42.0557772	-104.9678847
56614840	560319594005	1	10000	42.0475712	-104.9723617
56614841	560319594005	1	43000	42.0501638	-104.9567395
56614842	560319594005	1	29000	42.0503507	-104.9570405
56614843	560319594005	1	38000	42.0504030	-104.9578122
56614844	560319594005	1	13970	42.0453298	-104.9593707
56614845	560319594005	1	50000	42.0509951	-104.9568115
56614846	560319594005	1	52020	42.0508028	-104.9569763
56614847	560319594005	1	16900	42.0560929	-104.9674248
56614848	560319594005	1	225000	42.0475531	-104.9728339
56614849	560319594005	1	36400	42.0478059	-104.9725516
56614850	560319594005	1	19000	42.0478787	-104.9727334
56614851	560319594005	1	69250	42.0478628	-104.9727429
56614852	560319594005	1	2400	42.0478189	-104.9723355
56614853	560319594005	1	85900	42.0480558	-104.9726554
56614854	560319594005	1	85000	42.0459776	-104.9600548
56614855	560319594005	1	25500	42.0465233	-104.9570023
56614856	560319594005	1	42400	42.0452280	-104.9551664
56614857	560319594005	1	93600	42.0495297	-104.9727155
56614858	560319594005	1	135000	42.0491718	-104.9735343
56614859	560319594005	1	35000	42.0498290	-104.9726231
56614860	560319594005	1	17500	42.0495840	-104.9725894
56614861	560319594005	1	29200	42.0493100	-104.9729850
56614862	560319594005	1	8400	42.0495080	-104.9726206
56614863	560319594005	1	27300	42.0459501	-104.9573299
56614864	560319594005	1	47210	42.0457465	-104.9552694
56614865	560319594005	1	89500	42.0457578	-104.9553538
56614866	560319594005	1	70000	42.0453988	-104.9553087
56614867	560319594005	1	98400	42.0458312	-104.9563337
56614868	560319594005	1	37000	42.0458804	-104.9563439
56614869	560319594005	1	180400	42.0463121	-104.9573245
56614870	560319594005	1	11800	42.0462125	-104.9595894
56614871	560319594005	1	104200	42.0482315	-104.9611792
56614872	560319594005	1	38000	42.0561173	-104.9667349
56614873	560319594005	1	49000	42.0457710	-104.9570876
56614874	560319594005	1	70000	42.0561743	-104.9660821
56614875	560319594005	1	19300	42.0482642	-104.9611109
56614876	560319594005	1	95100	42.0482745	-104.9605697
56614877	560319594005	1	12000	42.0489117	-104.9613755
56614878	560319594005	1	38300	42.0456285	-104.9594674
56614879	560319594005	1	45800	42.0459652	-104.9597345
56614880	560319594005	1	93200	42.0489431	-104.9608216
56614881	560319594005	1	30000	42.0485829	-104.9611932
56614882	560319594005	1	33000	42.0461714	-104.9595529
56614883	560319594005	1	52000	42.0457845	-104.9587157
56614884	560319594005	1	268000	42.0457600	-104.9585862
56614885	560319594005	1	70000	42.0471379	-104.9590995
56614886	560319594005	1	22600	42.0457155	-104.9602452
56614887	560319594005	1	18000	42.0465874	-104.9595830
56614888	560319594005	1	14000	42.0469289	-104.9589210
56614889	560319594005	1	24600	42.0461317	-104.9602432
56614890	560319594005	1	104900	42.0491374	-104.9587521
56614891	560319594005	1	7810	42.0452707	-104.9537154
56614892	560319594005	1	37000	42.0493312	-104.9579315
56614893	560319594005	1	44500	42.0453580	-104.9566987
56614894	560319594005	1	33400	42.0456578	-104.9567742
56614895	560319594005	1	56100	42.0471427	-104.9716219
56614896	560319594005	1	20400	42.0518488	-104.9686546
56614897	560319594005	1	65400	42.0455486	-104.9542095
56614898	560319594005	1	31000	42.0511443	-104.9685893
56614899	560319594005	1	13000	42.0517469	-104.9689384
56614900	560319594005	1	45000	42.0518632	-104.9691067
56614901	560319594005	1	23000	42.0518769	-104.9685587
56614902	560319594005	1	52700	42.0481438	-104.9591012
56614903	560319594005	1	30300	42.0489440	-104.9712520
56614904	560319594005	1	33300	42.0490896	-104.9601560
56614905	560319594005	1	17300	42.0494751	-104.9580796
56614906	560319594005	1	70500	42.0493032	-104.9585745
56614907	560319594005	1	39700	42.0497268	-104.9602094
56614908	560319594005	1	104000	42.0492203	-104.9579294
56614909	560319594005	1	8400	42.0492633	-104.9597278
56614910	560319594005	1	22000	42.0456483	-104.9574633
56614911	560319594005	1	69800	42.0462699	-104.9583580
56614912	560319594005	1	48300	42.0495200	-104.9594728
56614913	560319594005	1	42000	42.0497911	-104.9591912
56614914	560319594005	1	17600	42.0461160	-104.9582250
56614915	560319594005	1	26000	42.0458414	-104.9575549
56614916	560319594005	1	40270	42.0456348	-104.9583446
56614917	560319594005	1	78400	42.0476051	-104.9590062
56614918	560319594005	1	14600	42.0463643	-104.9556431
56614919	560319594005	1	12100	42.0487485	-104.9714131
56614920	560319594005	1	29200	42.0483210	-104.9720734
56614921	560319594005	1	28500	42.0460517	-104.9553876
56614922	560319594005	1	12800	42.0487175	-104.9719703
56614923	560319594005	1	88610	42.0484429	-104.9712286
56614924	560319594005	1	23000	42.0474148	-104.9589124
56614925	560319594005	1	8400	42.0464525	-104.9552655
56614926	560319594005	1	20980	42.0461584	-104.9560270
56614927	560319594005	1	26300	42.0477277	-104.9594357
56614928	560319594005	1	14000	42.0463943	-104.9549808
56614929	560319594005	1	107000	42.0505336	-104.9597922
56614930	560319594005	1	19300	42.0512596	-104.9525384
56614931	560319594005	1	31000	42.0496497	-104.9705220
56614932	560319594005	1	95000	42.0501757	-104.9599611
56614933	560319594005	1	130000	42.0492507	-104.9707961
56614934	560319594005	1	29100	42.0500769	-104.9595514
56614935	560319594005	1	193000	42.0505160	-104.9601414
56614936	560319594005	1	57600	42.0497075	-104.9709399
56614937	560319594005	1	47000	42.0514054	-104.9587861
56614938	560319594005	1	39000	42.0492728	-104.9707094
56614939	560319594005	1	45500	42.0515823	-104.9581698
56614940	560319594005	1	25000	42.0515515	-104.9584904
56614941	560319594005	1	160000	42.0510940	-104.9567277
56614942	560319594005	1	80000	42.0515300	-104.9587624
56614943	560319594005	1	71900	42.0480009	-104.9600760
56614944	560319594005	1	22400	42.0560467	-104.9659271
56614945	560319594005	1	61000	42.0498175	-104.9623076
56614946	560319594005	1	70000	42.0504329	-104.9625799
56614947	560319594005	1	57600	42.0502225	-104.9620303
56614948	560319594005	1	26000	42.0512419	-104.9550946
56614949	560319594005	1	366400	42.0499236	-104.9620510
56614950	560319594005	1	1100	42.0512057	-104.9552500
56614951	560319594005	1	13000	42.0472931	-104.9610870
56614952	560319594005	1	185000	42.0502614	-104.9585263
56614953	560319594005	1	40000	42.0504089	-104.9588875
56614954	560319594005	1	32000	42.0505642	-104.9583514
56614955	560319594005	1	103300	42.0474932	-104.9610421
56614956	560319594005	1	28300	42.0501401	-104.9582299
56614957	560319594005	1	41750	42.0472439	-104.9600259
56614958	560319594005	1	37900	42.0483912	-104.9743166
56614959	560319594005	1	12000	42.0482881	-104.9740380
56614960	560319594005	1	136600	42.0479342	-104.9584912
56614961	560319594005	1	13800	42.0469274	-104.9611450
56614962	560319594005	1	19200	42.0491496	-104.9620571
56614963	560319594005	1	29300	42.0507261	-104.9542242
56614964	560319594005	1	174000	42.0468371	-104.9600091
56614965	560319594005	1	34000	42.0467969	-104.9604457
56614966	560319594005	1	115000	42.0497417	-104.9626321
56614967	560319594005	1	14600	42.0490279	-104.9689929
56614968	560319594005	1	70250	42.0465279	-104.9601858
56614969	560319594005	1	172700	42.0487379	-104.9697038
56614970	560319594005	1	14400	42.0513644	-104.9605009
56614971	560319594005	1	130400	42.0488769	-104.9691268
56614972	560319594005	1	94500	42.0514285	-104.9595462
56614973	560319594005	1	65100	42.0479443	-104.9588349
56614974	560319594005	1	40000	42.0522585	-104.9688028
56614975	560319594005	1	64000	42.0491055	-104.9707120
56614976	560319594005	1	73700	42.0490254	-104.9618410
56614977	560319594005	1	35600	42.0491623	-104.9707030
56614978	560319594005	1	4900	42.0524445	-104.9685511
56614979	560319594005	1	25460	42.0491763	-104.9704469
56614980	560319594005	1	12500	42.0525218	-104.9686458
56614981	560319594005	1	7200	42.0482243	-104.9586246
56614982	560319594005	1	43200	42.0505594	-104.9687269
56614983	560319594005	1	49500	42.0507044	-104.9681292
56614984	560319594005	1	120000	42.0507052	-104.9681165
56614985	560319594005	1	15100	42.0502100	-104.9690170
56614986	560319594005	1	34500	42.0509913	-104.9701974
56614987	560319594005	1	85000	42.0506323	-104.9701700
56614988	560319594005	1	21000	42.0512450	-104.9636208
56614989	560319594005	1	124020	42.0508203	-104.9723955
56614990	560319594005	1	44900	42.0467122	-104.9574496
56614991	560319594005	1	96000	42.0485830	-104.9569501
56614992	560319594005	1	86000	42.0489918	-104.9567341
56614993	560319594005	1	279500	42.0485621	-104.9569219
56614994	560319594005	1	17500	42.0475573	-104.9569180
56614995	560319594005	1	161000	42.0474861	-104.9573047
56614996	560319594005	1	42100	42.0481282	-104.9566402
56614997	560319594005	1	36000	42.0501056	-104.9717423
56614998	560319594005	1	45800	42.0470940	-104.9586298
56614999	560319594005	1	23700	42.0471958	-104.9567750
56615000	560319594005	1	239000	42.0472827	-104.9566642
56615001	560319594005	1	16500	42.0504186	-104.9724744
56615002	560319594005	1	74800	42.0465782	-104.9577289
56615003	560319594005	1	19200	42.0470576	-104.9583526
56615004	560319594005	1	21000	42.0508569	-104.9631101
56615005	560319594005	1	16000	42.0482262	-104.9588690
56615006	560319594005	1	93600	42.0469456	-104.9547038
56615007	560319594005	1	23000	42.0467859	-104.9540899
56615008	560319594005	1	100000	42.0470952	-104.9542662
56615009	560319594005	1	31400	42.0489164	-104.9590458
56615010	560319594005	1	45600	42.0483817	-104.9593828
56615011	560319594005	1	34640	42.0483241	-104.9600038
56615012	560319594005	1	61400	42.0507596	-104.9638617
56615013	560319594005	1	21710	42.0508521	-104.9623368
56615014	560319594005	1	75900	42.0489427	-104.9583166
56615015	560319594005	1	241500	42.0489669	-104.9588408
56615016	560319594005	1	22100	42.0549859	-104.9657789
56615017	560319594005	1	63450	42.0507582	-104.9624422
56615018	560319594005	1	114100	42.0511509	-104.9625359
56615019	560319594005	1	110000	42.0481521	-104.9727192
56615020	560319594005	1	20000	42.0500823	-104.9556951
56615021	560319594005	1	90000	42.0501766	-104.9703727
56615022	560319594005	1	40000	42.0520675	-104.9528409
56615023	560319594005	1	81490	42.0511171	-104.9541039
56615024	560319594005	1	18000	42.0509293	-104.9534079
56615025	560319594005	1	44100	42.0506521	-104.9545882
56615026	560319594005	1	66004	42.0508633	-104.9550113
56615027	560319594005	1	37000	42.0509521	-104.9554712
56615028	560319594005	1	44490	42.0503968	-104.9709845
56615029	560319594005	1	66000	42.0479895	-104.9688444
56615030	560319594005	1	93001	42.0521787	-104.9527094
56615031	560319594005	1	25460	42.0521845	-104.9526133
56615032	560319594005	1	45700	42.0508032	-104.9607187
56615033	560319594005	1	81000	42.0476208	-104.9696983
56615034	560319594005	1	55400	42.0514080	-104.9606998
56615035	560319594005	1	21500	42.0472866	-104.9692214
56615036	560319594005	1	70000	42.0478616	-104.9741220
56615037	560319594005	1	63100	42.0466705	-104.9554274
56615038	560319594005	1	39000	42.0458812	-104.9537199
56615039	560319594005	1	283630	42.0462416	-104.9538024
56615040	560319594005	1	65640	42.0499763	-104.9575749
56615041	560319594005	1	35000	42.0469935	-104.9560285
56615042	560319594005	1	41300	42.0497041	-104.9573534
56615043	560319594005	1	49200	42.0466954	-104.9685554
56615044	560319594005	1	21710	42.0481563	-104.9810379
56615045	560319594005	1	70000	42.0498765	-104.9721447
56615046	560319594005	1	25700	42.0492451	-104.9718623
56615047	560319594005	1	38001	42.0518260	-104.9675877
56615048	560319594005	1	10000	42.0482552	-104.9818364
56615049	560319594005	1	82700	42.0514102	-104.9676939
56615050	560319594005	1	41600	42.0489641	-104.9732780
56615051	560319594005	1	19300	42.0487607	-104.9754156
56615052	560319594005	1	10000	42.0501910	-104.9558379
56615053	560319594005	1	52000	42.0501123	-104.9728943
56615054	560319594005	1	28390	42.0507750	-104.9733501
56615055	560319594005	1	50600	42.0501965	-104.9746760
56615056	560319594005	1	45600	42.0500637	-104.9743366
56615057	560319594005	1	39050	42.0482102	-104.9747870
56615058	560319594005	1	75000	42.0480734	-104.9780454
56615059	560319594005	1	20000	42.0482091	-104.9781635
56615060	560319594005	1	17600	42.0480365	-104.9771434
56615061	560319594005	1	20980	42.0483844	-104.9763261
56615062	560319594005	1	26700	42.0525556	-104.9733831
56615063	560319594005	1	20400	42.0501524	-104.9765790
56615064	560319594005	1	40500	42.0525985	-104.9675928
56615065	560319594005	1	26360	42.0557968	-104.9699922
56615066	560319594005	1	77000	42.0468211	-104.9700833
56615067	560319594005	1	17000	42.0515038	-104.9693445
56615068	560319594005	1	18000	42.0482766	-104.9701236
56615069	560319594005	1	52000	42.0487356	-104.9783328
56615070	560319594005	1	13000	42.0490348	-104.9774565
56615071	560319594005	1	122000	42.0492101	-104.9761485
56615072	560319594005	1	94000	42.0526058	-104.9657369
56615073	560319594005	1	60000	42.0527092	-104.9662702
56615074	560319594005	1	46820	42.0485438	-104.9560550
56615075	560319594005	1	128000	42.0559841	-104.9685990
56615076	560319594005	1	81200	42.0539020	-104.9657471
56615077	560319594005	1	14400	42.0548703	-104.9660427
56615078	560319594005	1	247500	42.0463431	-104.9534148
56615079	560319594005	1	16700	42.0515634	-104.9733205
56615080	560319594005	1	12400	42.0516459	-104.9657247
56615081	560319594005	1	37700	42.0562286	-104.9718555
56615082	560319594005	1	48000	42.0482205	-104.9715189
56615083	560319594005	1	16000	42.0496645	-104.9756629
56615084	560319594005	1	44300	42.0517435	-104.9725177
56615085	560319594005	1	106000	42.0497909	-104.9755753
56615086	560319594005	1	20000	42.0509496	-104.9714273
56615087	560319594005	1	14730	42.0492882	-104.9741248
56615088	560319594005	1	57650	42.0508792	-104.9741860
56615089	560319594005	1	47000	42.0523269	-104.9798810
56615090	560319594005	1	45800	42.0551742	-104.9782080
56615091	560319594005	1	75200	42.0498717	-104.9727437
56615092	560319594005	1	32700	42.0532996	-104.9781285
56615093	560319594005	1	14000	42.0561085	-104.9774228
56615094	560319594005	1	11700	42.0497509	-104.9547464
56615095	560319594005	1	65400	42.0522051	-104.9724140
56615096	560319594005	1	7400	42.0512355	-104.9755812
56615097	560319594005	1	134400	42.0560864	-104.9764414
56615098	560319594005	1	73100	42.0556630	-104.9739902
56615099	560319594005	1	26500	42.0521348	-104.9709350
56615100	560319594005	1	60000	42.0516457	-104.9814181
56615101	560319594005	1	108200	42.0554249	-104.9773932
56615102	560319594005	1	65001	42.0490877	-104.9818844
56615103	560319594005	1	47500	42.0497287	-104.9817190
56615104	560319594005	1	19600	42.0505883	-104.9769440
56615105	560319594005	1	50600	42.0540867	-104.9678187
56615106	560319594005	1	27800	42.0554711	-104.9694803
56615107	560319594005	1	78800	42.0554183	-104.9666217
56615108	560319594005	1	52300	42.0517923	-104.9799209
56615109	560319594005	1	16400	42.0550010	-104.9675591
56615110	560319594005	1	94610	42.0505428	-104.9803074
56615111	560319594005	1	82840	42.0541023	-104.9685568
56615112	560319594005	1	47000	42.0529771	-104.9808303
56615113	560319594005	1	29000	42.0534441	-104.9678076
56615114	560319594005	1	53400	42.0519817	-104.9743301
56615115	560319594005	1	45000	42.0525303	-104.9768183
56615116	560319594005	1	15900	42.0561979	-104.9809634
56615117	560319594005	1	8400	42.0532163	-104.9744817
56615118	560319594005	1	62110	42.0545474	-104.9811941
56615119	560319594005	1	75000	42.0526455	-104.9780125
56615120	560319594005	1	42700	42.0506989	-104.9812839
56615121	560319594005	1	53000	42.0514053	-104.9787937
56615122	560319594005	1	21000	42.0514689	-104.9808855
56615123	560319594005	1	6200	42.0526833	-104.9825154
56615124	560319594005	1	36000	42.0525741	-104.9697920
56615125	560319594005	1	11300	42.0520973	-104.9765983
56615126	560319594005	1	35400	42.0550025	-104.9811401
56615127	560319594005	1	27480	42.0526765	-104.9804799
56615128	560319594005	1	33940	42.0548546	-104.9773691
56615129	560319594005	1	92550	42.0531570	-104.9800201
56615130	560319594005	1	47804	42.0515765	-104.9753034
56615131	560319594005	1	108000	42.0532356	-104.9720410
56615132	560319594005	1	55000	42.0489250	-104.9635226
56615133	560319594005	1	75500	42.0501048	-104.9636856
56615134	560319594005	1	64700	42.0552275	-104.9763396
56615135	560319594005	1	45000	42.0508891	-104.9648540
56615136	560319594005	1	28300	42.0533276	-104.9737064
56615137	560319594005	1	16800	42.0501004	-104.9651662
56615138	560319594005	1	72500	42.0480126	-104.9639658
56615139	560319594005	1	16700	42.0529293	-104.9706616
56615140	560319594005	1	84500	42.0547459	-104.9726570
56615141	560319594005	1	42000	42.0486078	-104.9630473
56615142	560319594005	1	72500	42.0555328	-104.9751639
56615143	560319594005	1	26000	42.0536997	-104.9710151
56615144	560319594005	1	42300	42.0550545	-104.9718362
56615145	560319594005	1	61400	42.0535756	-104.9724096
56615146	560319594005	1	18000	42.0491333	-104.9728421
56615147	560319594005	1	90000	42.0514814	-104.9575182
56615148	560319594005	1	40500	42.0540702	-104.9733840
56615149	560319594005	1	15100	42.0549501	-104.9733098
56615150	560319594005	1	65000	42.0533302	-104.9685399
56615151	560319594005	1	183200	42.0537735	-104.9698024
56615152	560319594005	1	83200	42.0552431	-104.9699986
56615153	560319594005	1	54200	42.0477338	-104.9646997
56615154	560319594005	1	23000	42.0528924	-104.9694196
56615155	560319594005	1	14400	42.0549328	-104.9801546
56615156	560319594005	1	57300	42.0495221	-104.9825710
56615157	560319594005	1	40000	42.0538080	-104.9761337
56615158	560319594005	1	64800	42.0544515	-104.9763788
56615159	560319594005	1	85000	42.0547138	-104.9744180
56615160	560319594005	1	115600	42.0543970	-104.9823336
56615161	560319594005	1	136900	42.0480287	-104.9655684
56615162	560319594005	1	22150	42.0551468	-104.9818506
56615163	560319594005	1	22730	42.0515511	-104.9579654
56615164	560319594005	1	34800	42.0482772	-104.9821970
56615165	560319594005	1	12400	42.0541299	-104.9792132
56615166	560319594005	1	77800	42.0524374	-104.9760357
56615167	560319594005	1	11750	42.0473999	-104.9651483
56615168	560319594005	1	34200	42.0533233	-104.9772833
56615169	560319594005	1	22000	42.0548508	-104.9783909
56615170	560319594005	1	37500	42.0535695	-104.9746953
56615171	560319594005	1	108000	42.0513545	-104.9579560
56615172	560319594005	1	7200	42.0522637	-104.9525940
56615173	560319594005	1	36000	42.0466199	-104.9643508
56615174	560319594005	1	58000	42.0489979	-104.9525830
56615175	560319594005	1	65200	42.0515606	-104.9570528
56615176	560319594005	1	97600	42.0524005	-104.9527647
56615177	560319594005	1	57300	42.0510270	-104.9573084
56615178	560319594005	1	62110	42.0491915	-104.9734321
56615179	560319594005	1	81000	42.0503203	-104.9578512
56615180	560319594005	1	27500	42.0514030	-104.9540456
56615181	560319594005	1	27500	42.0510923	-104.9568591
56615182	560319594005	1	80000	42.0511714	-104.9570076
56615183	560319594005	1	11300	42.0513993	-104.9576989
56615184	560319594005	1	120000	42.0513710	-104.9531820
56615185	560319594005	1	10500	42.0513960	-104.9577125
56615186	560319594005	1	157000	42.0453800	-104.9603249
56615187	560319594005	1	80000	42.0509462	-104.9572157
56615188	560319594005	1	289550	42.0502865	-104.9575358
56615189	560319594005	1	33000	42.0504162	-104.9575969
56615190	560319594005	1	100000	42.0507848	-104.9579219
56615191	560319594005	1	135200	42.0507247	-104.9578150
56615192	560319594005	1	55000	42.0509156	-104.9578819
56615193	560319594005	1	12100	42.0505147	-104.9573929
56615194	560319594005	1	17400	42.0497502	-104.9736528
56615195	560319594005	1	48000	42.0480314	-104.9731200
56615196	560319594005	1	9600	42.0480999	-104.9726994
56615197	560319594005	1	58000	42.0452417	-104.9587947
56615198	560319594005	1	87000	42.0480969	-104.9724265
56615199	560319594005	1	32000	42.0478183	-104.9723618
56615200	560319594005	1	52300	42.0481392	-104.9726567
56615201	560319594005	1	26000	42.0479337	-104.9733149
56615202	560319594005	1	42000	42.0491742	-104.9734822
56615203	560319594005	1	86000	42.0559895	-104.9672399
56615204	560319594005	1	67720	42.0560529	-104.9672558
56615205	560319594005	1	75000	42.0561278	-104.9679213
56615206	560319594005	1	16900	42.0491343	-104.9730072
56615207	560319594005	1	71100	42.0558714	-104.9677034
56615208	560319594005	1	34400	42.0492007	-104.9733875
56615209	560319594005	1	5750	42.0462989	-104.9573261
56615210	560319594005	1	88000	42.0456858	-104.9560660
56615211	560319594005	1	40700	42.0456927	-104.9549151
56615212	560319594005	1	19300	42.0463965	-104.9561999
56615213	560319594005	1	35400	42.0453371	-104.9557485
56615214	560319594005	1	103120	42.0460878	-104.9567560
56615215	560319594005	1	105300	42.0462085	-104.9572003
56615216	560319594005	1	18800	42.0461133	-104.9567636
56615217	560319594005	1	18400	42.0460371	-104.9572720
56615218	560319594005	1	69000	42.0559239	-104.9667993
56615219	560319594005	1	23700	42.0482051	-104.9604298
56615220	560319594005	1	14900	42.0512943	-104.9568364
56615221	560319594005	1	29200	42.0522847	-104.9531149
56615222	560319594005	1	20400	42.0524452	-104.9522561
56615223	560319594005	1	101000	42.0522719	-104.9527800
56615224	560319594005	1	25000	42.0523342	-104.9524971
56615225	560319594006	1	81500	42.0637785	-104.9540432
56615226	560319594006	1	5750	42.0602942	-104.9573763
56615227	560319594006	1	87100	42.0627722	-104.9537834
56615228	560319594006	1	13600	42.0630335	-104.9546320
56615229	560319594006	1	25000	42.0655974	-104.9548631
56615230	560319594006	1	27230	42.0623638	-104.9544048
56615231	560319594006	1	57500	42.0570857	-104.9601932
56615232	560319594006	1	90000	42.0572163	-104.9579987
56615233	560319594006	1	40600	42.0636877	-104.9535451
56615234	560319594006	1	53600	42.0529246	-104.9600729
56615235	560319594006	1	13500	42.0569981	-104.9583747
56615236	560319594006	1	51000	42.0570591	-104.9582153
56615237	560319594006	1	60000	42.0530181	-104.9594337
56615238	560319594006	1	2400	42.0540392	-104.9597258
56615239	560319594006	1	12600	42.0608476	-104.9591558
56615240	560319594006	1	33200	42.0541268	-104.9603442
56615241	560319594006	1	10400	42.0581715	-104.9527810
56615242	560319594006	1	63000	42.0580561	-104.9525862
56615243	560319594006	1	49330	42.0543127	-104.9597232
56615244	560319594006	1	80000	42.0607416	-104.9538879
56615245	560319594006	1	70000	42.0525501	-104.9613573
56615246	560319594006	1	88000	42.0608716	-104.9583605
56615247	560319594006	1	7810	42.0614939	-104.9591953
56615248	560319594006	1	78800	42.0606347	-104.9537077
56615249	560319594006	1	11500	42.0526278	-104.9615288
56615250	560319594006	1	41750	42.0529556	-104.9608987
56615251	560319594006	1	35400	42.0586946	-104.9544063
56615252	560319594006	1	10500	42.0590943	-104.9537393
56615253	560319594006	1	12000	42.0606009	-104.9536121
56615254	560319594006	1	1100	42.0587000	-104.9536397
56615255	560319594006	1	28200	42.0586562	-104.9549715
56615256	560319594006	1	11000	42.0591528	-104.9541483
56615257	560319594006	1	0	42.0585617	-104.9546805
56615258	560319594006	1	10000	42.0534746	-104.9592128
56615259	560319594006	1	13100	42.0594197	-104.9586595
56615260	560319594006	1	34800	42.0551055	-104.9645060
56615261	560319594006	1	8200	42.0536856	-104.9614239
56615262	560319594006	1	78000	42.0618358	-104.9591634
56615263	560319594006	1	83000	42.0628083	-104.9555638
56615264	560319594006	1	56000	42.0533450	-104.9600510
56615265	560319594006	1	9600	42.0529904	-104.9601453
56615266	560319594006	1	1100	42.0622157	-104.9561094
56615267	560319594006	1	61700	42.0625448	-104.9547876
56615268	560319594006	1	25200	42.0623588	-104.9551162
56615269	560319594006	1	32300	42.0537816	-104.9610201
56615270	560319594006	1	82700	42.0556500	-104.9612758
56615271	560319594006	1	12800	42.0621640	-104.9582792
56615272	560319594006	1	96000	42.0623274	-104.9588309
56615273	560319594006	1	27400	42.0540586	-104.9611032
56615274	560319594006	1	86470	42.0554233	-104.9615443
56615275	560319594006	1	27500	42.0556145	-104.9620646
56615276	560319594006	1	54200	42.0557147	-104.9638305
56615277	560319594006	1	54500	42.0607125	-104.9597572
56615278	560319594006	1	32200	42.0532019	-104.9627189
56615279	560319594006	1	7200	42.0531300	-104.9622108
56615280	560319594006	1	63200	42.0530036	-104.9628018
56615281	560319594006	1	12000	42.0537915	-104.9622909
56615282	560319594006	1	8400	42.0536746	-104.9631178
56615283	560319594006	1	40000	42.0541139	-104.9623148
56615284	560319594006	1	37500	42.0545685	-104.9640314
56615285	560319594006	1	82300	42.0609582	-104.9601919
56615286	560319594006	1	85000	42.0603277	-104.9596135
56615287	560319594006	1	13300	42.0608836	-104.9599196
56615288	560319594006	1	10900	42.0550535	-104.9637978
56615289	560319594006	1	116700	42.0523205	-104.9622621
56615290	560319594006	1	45700	42.0523013	-104.9624154
56615291	560319594006	1	73000	42.0597544	-104.9586158
56615292	560319594006	1	95000	42.0546012	-104.9551403
56615293	560319594006	1	26000	42.0520015	-104.9638848
56615294	560319594006	1	76000	42.0526099	-104.9642583
56615295	560319594006	1	84000	42.0551559	-104.9651537
56615296	560319594006	1	8700	42.0553091	-104.9652576
56615297	560319594006	1	13500	42.0539268	-104.9642549
56615298	560319594006	1	122000	42.0529775	-104.9633064
56615299	560319594006	1	46500	42.0537258	-104.9641020
56615300	560319594006	1	10600	42.0552188	-104.9628364
56615301	560319594006	1	57000	42.0571587	-104.9527475
56615302	560319594006	1	11300	42.0520103	-104.9639783
56615303	560319594006	1	12200	42.0567685	-104.9533363
56615304	560319594006	1	58000	42.0554104	-104.9630094
56615305	560319594006	1	169000	42.0583064	-104.9535576
56615306	560319594006	1	28800	42.0581814	-104.9538779
56615307	560319594006	1	48400	42.0519698	-104.9644005
56615308	560319594006	1	47500	42.0524889	-104.9613374
56615309	560319594006	1	30500	42.0552208	-104.9545784
56615310	560319594006	1	11800	42.0544785	-104.9552145
56615311	560319594006	1	27500	42.0549882	-104.9548091
56615312	560319594006	1	155800	42.0544259	-104.9652229
56615313	560319594006	1	10000	42.0530441	-104.9566478
56615314	560319594006	1	13000	42.0535735	-104.9559458
56615315	560319594006	1	0	42.0535695	-104.9644931
56615316	560319594006	1	14000	42.0523390	-104.9602295
56615317	560319594006	1	26100	42.0518532	-104.9611511
56615318	560319594006	1	26480	42.0517530	-104.9599121
56615319	560319594006	1	13800	42.0532073	-104.9651850
56615320	560319594006	1	9600	42.0527639	-104.9649057
56615321	560319594006	1	75000	42.0525160	-104.9650524
56615322	560319594006	1	11000	42.0529024	-104.9591978
56615323	560319594006	1	75900	42.0568827	-104.9566426
56615324	560319594006	1	25700	42.0527683	-104.9532610
56615325	560319594006	1	4600	42.0662527	-104.9537181
56615326	560319594006	1	40000	42.0570350	-104.9519490
56615327	560319594006	1	11700	42.0596954	-104.9592130
56615328	560319594006	1	13000	42.0592916	-104.9592308
56615329	560319594006	1	36000	42.0653228	-104.9536267
56615330	560319594006	1	42500	42.0522076	-104.9655457
56615331	560319594006	1	110000	42.0542933	-104.9538970
56615332	560319594006	1	84900	42.0526182	-104.9526940
56615333	560319594006	1	22730	42.0526841	-104.9523555
56615334	560319594006	1	84000	42.0529913	-104.9526453
56615335	560319594006	1	30000	42.0527564	-104.9524172
56615336	560319594006	1	25690	42.0525998	-104.9529213
56615337	560319594006	1	38900	42.0528102	-104.9521985
56615338	560319594006	1	7400	42.0529484	-104.9527092
56615339	560319594006	1	100000	42.0569408	-104.9571754
56615340	560319594006	1	11800	42.0590443	-104.9560522
56615341	560319594006	1	8400	42.0588671	-104.9562068
56615342	560319594006	1	25000	42.0528571	-104.9531494
56615343	560319594006	1	13500	42.0530498	-104.9522428
56615344	560319594006	1	12400	42.0586851	-104.9562575
56615345	560319594006	1	27700	42.0586780	-104.9553975
56615346	560319594006	1	11500	42.0590169	-104.9557266
56615347	560319594006	1	28300	42.0570794	-104.9569965
56615348	560319594006	1	43700	42.0586260	-104.9557079
56615349	560319594006	1	28800	42.0584690	-104.9561612
56615350	560319594006	1	63840	42.0583828	-104.9560220
56615351	560319594006	1	13100	42.0589066	-104.9557822
56615352	560319594006	1	11800	42.0585202	-104.9556681
56615353	560319594006	1	12500	42.0583050	-104.9563249
56615354	560319594006	1	11500	42.0531387	-104.9585535
56615355	560319594006	1	78000	42.0578787	-104.9592398
56615356	560319594006	1	85000	42.0571158	-104.9574598
56615357	560319594006	1	1400	42.0566887	-104.9571133
56615358	560319594006	1	25200	42.0570183	-104.9571745
56615359	560319594006	1	24000	42.0569746	-104.9571217
56615360	560319594006	1	29700	42.0569145	-104.9569315
56615361	560319594006	1	35100	42.0564326	-104.9574787
56615362	560319594006	1	82700	42.0566219	-104.9574006
56615363	560319594006	1	4600	42.0579869	-104.9600655
56615364	560319594006	1	33400	42.0577349	-104.9590600
56615365	560319594006	1	25200	42.0576201	-104.9591653
56615366	560319594006	1	10000	42.0575801	-104.9589669
56615367	560319594006	1	41600	42.0572847	-104.9592245
56615368	560319594006	1	29100	42.0580580	-104.9593224
56615369	560319594006	1	57650	42.0574578	-104.9592566
56615370	560319594006	1	28800	42.0528345	-104.9594662
56615371	560319594006	1	0	42.0609129	-104.9571479
56615372	560319594006	1	13200	42.0616088	-104.9573498
56615373	560319594006	1	44300	42.0571834	-104.9594666
56615374	560319594006	1	55000	42.0616066	-104.9575823
56615375	560319594006	1	106300	42.0612312	-104.9569864
56615376	560319594006	1	56900	42.0614428	-104.9579873
56615377	560319594006	1	49000	42.0610988	-104.9570540
56615378	560319594006	1	13174	42.0535823	-104.9589844
56615379	560319594006	1	8600	42.0612395	-104.9569570
56615380	560319594006	1	22730	42.0613007	-104.9579223
56615381	560319594006	1	41280	42.0609434	-104.9574465
56615382	560319594006	1	89000	42.0527635	-104.9583174
56615383	560319594006	1	83600	42.0532627	-104.9586865
56615384	560319594006	1	12000	42.0529997	-104.9590535
56615385	560319594006	1	12400	42.0547862	-104.9600206
56615386	560319594006	1	31600	42.0600605	-104.9577525
56615387	560319594006	1	31200	42.0550330	-104.9598227
56615388	560319594006	1	56100	42.0606240	-104.9576277
56615389	560319594006	1	27000	42.0608775	-104.9571754
56615390	560319594006	1	116700	42.0551128	-104.9599884
56615391	560319594006	1	8300	42.0603329	-104.9576476
56615392	560319594006	1	26010	42.0603172	-104.9577599
56615393	560319594006	1	13174	42.0603928	-104.9575633
56615394	560319594006	1	76200	42.0548644	-104.9605905
56615395	560319594006	1	30000	42.0607621	-104.9569968
56615396	560319594006	1	13500	42.0547939	-104.9605811
56615397	560319594006	1	30100	42.0566752	-104.9593133
56615398	560319594006	1	44100	42.0656295	-104.9549324
56615399	560319594006	1	56300	42.0659791	-104.9546447
56615400	560319594006	1	12700	42.0530165	-104.9592169
56615401	560319594006	1	1100	42.0526727	-104.9527927
56615402	560319594006	1	27000	42.0587379	-104.9563398
56615403	560319594006	1	28500	42.0568021	-104.9595835
56615404	560319594006	1	10500	42.0525911	-104.9526362
56615405	560319594006	1	31200	42.0529317	-104.9530841
56615406	560319594006	1	46500	42.0590810	-104.9560948
56615407	560319594006	1	13800	42.0529463	-104.9528111
56615408	560319594006	1	60600	42.0529969	-104.9521959
56615409	560319594006	1	25000	42.0529220	-104.9529636
56615410	560319594006	1	30900	42.0527712	-104.9525107
56615411	560319594006	1	7500	42.0525178	-104.9527357
56615412	560319594006	1	81200	42.0528254	-104.9533129
56615413	560319594006	1	77500	42.0527526	-104.9532493
56615414	560319594006	1	25300	42.0586533	-104.9558721
56615415	560319594006	1	54200	42.0585077	-104.9560245
56615416	560319594006	1	41200	42.0586901	-104.9559198
56615417	560319594006	1	11000	42.0584792	-104.9557491
56615418	560319594006	1	7200	42.0591558	-104.9554567
56615419	560319594006	1	25000	42.0584589	-104.9553931
56615420	560319594006	1	25700	42.0584296	-104.9560868
56615421	560319594006	1	36000	42.0531479	-104.9585790
56615422	560319594006	1	40400	42.0578046	-104.9597108
56615423	560319594006	1	36650	42.0570071	-104.9563870
56615424	560319594006	1	25300	42.0565781	-104.9566746
56615425	560319594006	1	117200	42.0590295	-104.9565915
56615426	560319594006	1	48200	42.0591326	-104.9564792
56615427	560319594006	1	73000	42.0565994	-104.9574100
56615428	560319594006	1	77800	42.0571261	-104.9567433
56615429	560319594006	1	70000	42.0565967	-104.9565720
56615430	560319594006	1	22730	42.0576406	-104.9593967
56615431	560319594006	1	43000	42.0571024	-104.9565435
56615432	560319594006	1	30000	42.0569801	-104.9567447
56615433	560319594006	1	82600	42.0565298	-104.9565316
56615434	560319594006	1	42000	42.0575120	-104.9599222
56615435	560319594006	1	26000	42.0565871	-104.9572361
56615436	560319594006	1	78000	42.0566168	-104.9564340
56615437	560319594006	1	24800	42.0616712	-104.9576616
56615438	560319594006	1	24800	42.0609634	-104.9576893
56615439	560319594006	1	4900	42.0574020	-104.9596815
56615440	560319594006	1	47000	42.0574132	-104.9599788
56615441	560319594006	1	82700	42.0573191	-104.9592933
56615442	560319594006	1	29200	42.0572480	-104.9598569
56615443	560319594006	1	100000	42.0580194	-104.9597454
56615444	560319594006	1	8400	42.0571938	-104.9599595
56615445	560319594006	1	10000	42.0609021	-104.9573673
56615446	560319594006	1	75400	42.0613352	-104.9580474
56615447	560319594006	1	26000	42.0617732	-104.9572713
56615448	560319594006	1	12800	42.0613737	-104.9572597
56615449	560319594006	1	42000	42.0616531	-104.9576093
56615450	560319594006	1	572000	42.0611114	-104.9577831
56615451	560319594006	1	6000	42.0610218	-104.9571631
56615452	560319594006	1	11750	42.0563714	-104.9595823
56615453	560319594006	1	80000	42.0588431	-104.9576905
56615454	560319594006	1	4800	42.0606191	-104.9573467
56615455	560319594006	1	51900	42.0532670	-104.9585782
56615456	560319594006	1	67000	42.0535789	-104.9587430
56615457	560319594006	1	10100	42.0531901	-104.9587239
56615458	560319594006	1	1400	42.0530587	-104.9584380
56615459	560319594006	1	26500	42.0533553	-104.9589003
56615460	560319594006	1	186000	42.0532601	-104.9594604
56615461	560319594006	1	52500	42.0605151	-104.9568837
56615462	560319594006	1	75050	42.0601314	-104.9576231
56615463	560319594006	1	24800	42.0531188	-104.9590895
56615464	560319594006	1	47000	42.0570243	-104.9600299
56615465	560319594006	1	29000	42.0601802	-104.9571394
56615466	560319594006	1	29700	42.0608592	-104.9571552
56615467	560319594006	1	8200	42.0601924	-104.9577979
56615468	560319594006	1	12000	42.0584742	-104.9570230
56615469	560319594006	1	64500	42.0545952	-104.9605706
56615470	560319594006	1	45000	42.0545679	-104.9605547
56615471	560319594006	1	44700	42.0607614	-104.9578588
56615472	560319594006	1	31200	42.0602232	-104.9577576
56615473	560319594006	1	26000	42.0549298	-104.9608405
56615474	560319594006	1	110000	42.0552795	-104.9601787
56615475	560319594006	1	63000	42.0546154	-104.9597155
56615476	560319594006	1	77800	42.0585796	-104.9568734
56615477	560319594006	1	12830	42.0547716	-104.9603637
56615478	560319594006	1	12400	42.0546523	-104.9600826
56615479	560319594006	1	31900	42.0545645	-104.9607403
56615480	560319594006	1	110700	42.0582540	-104.9571519
56615481	560319594006	1	51000	42.0583903	-104.9572579
56615482	560319594006	1	26360	42.0586790	-104.9573246
56615483	560319594006	1	27000	42.0565891	-104.9597761
56615484	560319594006	1	80800	42.0528853	-104.9538642
56615485	560319594006	1	13100	42.0518745	-104.9569047
56615486	560319594006	1	39290	42.0585954	-104.9577226
56615487	560319594006	1	69000	42.0584226	-104.9575236
56615488	560319594006	1	103300	42.0518254	-104.9575612
56615489	560319594006	1	58100	42.0516396	-104.9575150
56615490	560319594006	1	12400	42.0517259	-104.9571500
56615491	560319594006	1	70000	42.0522592	-104.9540871
56615492	560319594006	1	13200	42.0527557	-104.9536424
56615493	560319594006	1	13500	42.0527531	-104.9544058
56615494	560319594006	1	54000	42.0527218	-104.9534344
56615495	560319594006	1	46000	42.0522232	-104.9543787
56615496	560319594006	1	70900	42.0525080	-104.9533283
56615497	560319594006	1	30900	42.0522576	-104.9533595
56615498	560319594006	1	53700	42.0566205	-104.9588026
56615499	560319594006	1	13200	42.0563258	-104.9588822
56615500	560319594006	1	93200	42.0565958	-104.9592472
56615501	560319594006	1	4700	42.0569168	-104.9596587
56615502	560319594006	1	80000	42.0656266	-104.9544602
56615503	560319594006	1	13600	42.0659772	-104.9548422
56615504	560319594006	1	64000	42.0660405	-104.9549015
56615505	560319594006	1	45200	42.0516489	-104.9541868
56615506	560319594006	1	85500	42.0653043	-104.9554513
56615507	560319594006	1	30000	42.0539727	-104.9530097
56615508	560319594006	1	25640	42.0537951	-104.9527124
56615509	560319594006	1	93900	42.0539442	-104.9532461
56615510	560319594006	1	12790	42.0531446	-104.9526362
56615511	560319594006	1	22700	42.0532058	-104.9525136
56615512	560319594006	1	69400	42.0660391	-104.9547065
56615513	560319594006	1	50060	42.0662786	-104.9542544
56615514	560319594006	1	25500	42.0533624	-104.9522963
56615515	560319594006	1	25300	42.0536494	-104.9524905
56615516	560319594006	1	77500	42.0534393	-104.9530911
56615517	560319594006	1	84850	42.0554141	-104.9581131
56615518	560319594006	1	81200	42.0562841	-104.9586810
56615519	560319594006	1	33000	42.0661525	-104.9556324
56615520	560319594006	1	108000	42.0580366	-104.9559726
56615521	560319594006	1	24800	42.0535720	-104.9577797
56615522	560319594006	1	13100	42.0518197	-104.9540100
56615523	560319594006	1	76000	42.0517039	-104.9538080
56615524	560319594006	1	11800	42.0533039	-104.9571354
56615525	560319594006	1	67700	42.0516939	-104.9543829
56615526	560319594006	1	27800	42.0518726	-104.9543210
56615527	560319594006	1	24300	42.0581321	-104.9562369
56615528	560319594006	1	13300	42.0529071	-104.9580112
56615529	560319594006	1	121000	42.0529803	-104.9573349
56615530	560319594006	1	83000	42.0531698	-104.9571260
56615531	560319594006	1	28800	42.0529014	-104.9572884
56615532	560319594006	1	13500	42.0535137	-104.9579273
56615533	560319594006	1	63000	42.0534796	-104.9572281
56615534	560319594006	1	10600	42.0662028	-104.9551926
56615535	560319594006	1	23700	42.0613864	-104.9544263
56615536	560319594006	1	39600	42.0578064	-104.9560779
56615537	560319594006	1	26200	42.0580780	-104.9560634
56615538	560319594006	1	13200	42.0577338	-104.9559975
56615539	560319594006	1	72000	42.0581554	-104.9556627
56615540	560319594006	1	26600	42.0578975	-104.9563269
56615541	560319594006	1	117500	42.0577553	-104.9553781
56615542	560319594006	1	30300	42.0655346	-104.9553452
56615543	560319594006	1	41800	42.0618046	-104.9534321
56615544	560319594006	1	23900	42.0614165	-104.9535989
56615545	560319594006	1	10500	42.0618865	-104.9534843
56615546	560319594006	1	60000	42.0657376	-104.9553941
56615547	560319594006	1	9900	42.0616048	-104.9542829
56615548	560319594006	1	13800	42.0611909	-104.9537747
56615549	560319594006	1	39000	42.0559926	-104.9583823
56615550	560319594006	1	36000	42.0598252	-104.9555645
56615551	560319594006	1	42300	42.0635660	-104.9549923
56615552	560319594006	1	94000	42.0655309	-104.9555551
56615553	560319594006	1	53000	42.0657008	-104.9556868
56615554	560319594006	1	26100	42.0657036	-104.9561857
56615555	560319594006	1	10000	42.0629243	-104.9547205
56615556	560319594006	1	11700	42.0633347	-104.9553213
56615557	560319594006	1	26800	42.0632619	-104.9554878
56615558	560319594006	1	24900	42.0596236	-104.9559960
56615559	560319594006	1	12100	42.0628551	-104.9555826
56615560	560319594006	1	72800	42.0634652	-104.9548825
56615561	560319594006	1	55000	42.0628671	-104.9552450
56615562	560319594006	1	32200	42.0594062	-104.9554947
56615563	560319594006	1	12600	42.0636230	-104.9558503
56615564	560319594006	1	7200	42.0598891	-104.9563463
56615565	560319594006	1	75000	42.0559880	-104.9577241
56615566	560319594006	1	27500	42.0557112	-104.9600018
56615567	560319594006	1	12400	42.0595940	-104.9558784
56615568	560319594006	1	24100	42.0595153	-104.9561974
56615569	560319594006	1	26100	42.0595962	-104.9555678
56615570	560319594006	1	11000	42.0561530	-104.9603289
56615571	560319594006	1	49000	42.0554186	-104.9604731
56615572	560319594006	1	43300	42.0559656	-104.9610838
56615573	560319594006	1	66004	42.0557318	-104.9574892
56615574	560319594006	1	27700	42.0556244	-104.9601004
56615575	560319594006	1	73410	42.0559689	-104.9601743
56615576	560319594006	1	11300	42.0554936	-104.9608930
56615577	560319594006	1	53150	42.0562884	-104.9583747
56615578	560319594006	1	62600	42.0571802	-104.9601347
56615579	560319594006	1	75900	42.0561504	-104.9580561
56615580	560319594006	1	39600	42.0551484	-104.9578417
56615581	560319594006	1	12500	42.0597478	-104.9551534
56615582	560319594006	1	80000	42.0576205	-104.9544662
56615583	560319594006	1	63200	42.0586767	-104.9590836
56615584	560319594006	1	7400	42.0585351	-104.9596272
56615585	560319594006	1	71000	42.0555558	-104.9581519
56615586	560319594006	1	121500	42.0581478	-104.9598613
56615587	560319594006	1	69000	42.0589593	-104.9590769
56615588	560319594006	1	91500	42.0586680	-104.9602029
56615589	560319594006	1	70000	42.0586341	-104.9600111
56615590	560319594006	1	12400	42.0640504	-104.9558665
56615591	560319594006	1	13200	42.0639645	-104.9552078
56615592	560319594006	1	8800	42.0588140	-104.9593449
56615593	560319594006	1	53200	42.0645064	-104.9551618
56615594	560319594006	1	11700	42.0645601	-104.9558651
56615595	560319594006	1	88500	42.0645491	-104.9553128
56615596	560319594006	1	27800	42.0641948	-104.9557824
56615597	560319594006	1	43100	42.0600362	-104.9552145
56615598	560319594006	1	25000	42.0525402	-104.9578193
56615599	560319594006	1	71090	42.0581055	-104.9551347
56615600	560319594006	1	160000	42.0583367	-104.9548267
56615601	560319594006	1	12550	42.0580190	-104.9549331
56615602	560319594006	1	7600	42.0523151	-104.9571925
56615603	560319594006	1	12000	42.0575655	-104.9549827
56615604	560319594006	1	35000	42.0577878	-104.9546393
56615605	560319594006	1	31400	42.0599662	-104.9554052
56615606	560319594006	1	90000	42.0521450	-104.9570500
56615607	560319594006	1	39500	42.0519095	-104.9579961
56615608	560319594006	1	56000	42.0526712	-104.9575168
56615609	560319594006	1	90800	42.0600634	-104.9550861
56615610	560319594006	1	13100	42.0523477	-104.9580398
56615611	560319594006	1	135200	42.0601472	-104.9546228
56615612	560319594006	1	69250	42.0551193	-104.9578305
56615613	560319594006	1	11600	42.0619973	-104.9579234
56615614	560319594006	1	51000	42.0556422	-104.9550252
56615615	560319594006	1	77400	42.0551711	-104.9558263
56615616	560319594006	1	74000	42.0596079	-104.9546925
56615617	560319594006	1	25690	42.0549253	-104.9553300
56615618	560319594006	1	37000	42.0548875	-104.9552427
56615619	560319594006	1	74000	42.0550386	-104.9555493
56615620	560319594006	1	95000	42.0552284	-104.9560449
56615621	560319594006	1	7200	42.0624880	-104.9574650
56615622	560319594006	1	82700	42.0598142	-104.9538145
56615623	560319594006	1	39000	42.0599451	-104.9538096
56615624	560319594006	1	31880	42.0600346	-104.9533154
56615625	560319594006	1	34640	42.0623735	-104.9576051
56615626	560319594006	1	54000	42.0600030	-104.9534296
56615627	560319594006	1	32000	42.0600373	-104.9537569
56615628	560319594006	1	54000	42.0617881	-104.9599364
56615629	560319594006	1	63650	42.0599615	-104.9572107
56615630	560319594006	1	35100	42.0592039	-104.9571826
56615631	560319594006	1	40000	42.0624883	-104.9580779
56615632	560319594006	1	12300	42.0621105	-104.9576334
56615633	560319594006	1	71000	42.0598815	-104.9571907
56615634	560319594006	1	12500	42.0597520	-104.9578374
56615635	560319594006	1	65190	42.0592871	-104.9573828
56615636	560319594006	1	40400	42.0619223	-104.9597065
56615637	560319594006	1	6000	42.0562056	-104.9590200
56615638	560319594006	1	84000	42.0556858	-104.9588802
56615639	560319594006	1	74800	42.0556235	-104.9593904
56615640	560319594006	1	31500	42.0620573	-104.9602315
56615641	560319594006	1	65190	42.0554809	-104.9589097
56615642	560319594006	1	72500	42.0561627	-104.9588622
56615643	560319594006	1	60000	42.0646666	-104.9558640
56615644	560319594006	1	52400	42.0538201	-104.9578974
56615645	560319594006	1	13100	42.0522726	-104.9559973
56615646	560319594006	1	77500	42.0570584	-104.9545797
56615647	560319594006	1	12000	42.0525599	-104.9558390
56615648	560319594006	1	26360	42.0554774	-104.9575343
56615649	560319594006	1	12830	42.0550047	-104.9575176
56615650	560319594006	1	65200	42.0568558	-104.9545492
56615651	560319594006	1	31200	42.0520426	-104.9561895
56615652	560319594006	1	31200	42.0524645	-104.9558781
56615653	560319594006	1	25200	42.0525239	-104.9567267
56615654	560319594006	1	23120	42.0567070	-104.9547390
56615655	560319594006	1	95000	42.0574430	-104.9545778
56615656	560319594006	1	78000	42.0568301	-104.9543860
56615657	560319594006	1	46000	42.0647804	-104.9549425
56615658	560319594006	1	279500	42.0540918	-104.9575237
56615659	560319594006	1	30000	42.0561420	-104.9537966
56615660	560319594006	1	8400	42.0523306	-104.9555800
56615661	560319594006	1	34004	42.0521120	-104.9547855
56615662	560319594006	1	10550	42.0521707	-104.9551108
56615663	560319594006	1	11300	42.0525352	-104.9549454
56615664	560319594006	1	113700	42.0525222	-104.9554059
56615665	560319594006	1	49900	42.0538085	-104.9571575
56615666	560319594006	1	32150	42.0565355	-104.9547214
56615667	560319594006	1	50000	42.0564166	-104.9541578
56615668	560319594006	1	65190	42.0562851	-104.9541248
56615669	560319594006	1	52300	42.0542260	-104.9574223
56615670	560319594006	1	14000	42.0564692	-104.9547338
56615671	560319594006	1	13300	42.0542999	-104.9584293
56615672	560319594006	1	65190	42.0646888	-104.9556214
56615673	560319594006	1	25100	42.0624831	-104.9535152
56615674	560319594006	1	11500	42.0653800	-104.9556117
56615675	560319594006	1	10000	42.0640957	-104.9547310
56615676	560319594006	1	148700	42.0638880	-104.9547096
56615677	560319594006	1	77500	42.0546224	-104.9612154
56615678	560319594006	1	30000	42.0615286	-104.9561045
56615679	560319594006	1	10900	42.0638829	-104.9536091
56615680	560319594006	1	28600	42.0546183	-104.9627928
56615681	560319594006	1	76000	42.0543071	-104.9565619
56615682	560319594006	1	8000	42.0541387	-104.9561108
56615683	560319594006	1	10400	42.0614157	-104.9566314
56615684	560319594006	1	13500	42.0539743	-104.9569796
56615685	560319594006	1	56440	42.0541241	-104.9569090
56615686	560319594006	1	11620	42.0545455	-104.9612534
56615687	560319594006	1	58470	42.0617847	-104.9560252
56615688	560319594006	1	12200	42.0615443	-104.9560694
56615689	560319594006	1	95000	42.0546522	-104.9632691
56615690	560319594006	1	65000	42.0605075	-104.9586558
56615691	560319594006	1	12400	42.0575347	-104.9583686
56615692	560319594006	1	13500	42.0548464	-104.9594640
56615693	560319594006	1	12300	42.0526626	-104.9587863
56615694	560319594006	1	47000	42.0544123	-104.9621093
56615695	560319594006	1	76800	42.0551013	-104.9616964
56615696	560319594006	1	10800	42.0521710	-104.9592268
56615697	560319594006	1	50300	42.0524347	-104.9588086
56615698	560319594006	1	54000	42.0524390	-104.9591503
56615699	560319594006	1	247500	42.0542150	-104.9589328
56615700	560319594006	1	27460	42.0551974	-104.9589505
56615701	560319594006	1	28500	42.0548960	-104.9589310
56615702	560319594006	1	80700	42.0549014	-104.9590509
56615703	560319594006	1	28300	42.0537753	-104.9584045
56615704	560319594006	1	25000	42.0539393	-104.9583986
56615705	560319594006	1	64600	42.0542005	-104.9591571
56615706	560319594006	1	31400	42.0603207	-104.9587275
56615707	560319594006	1	74000	42.0611852	-104.9548756
56615708	560319594006	1	10800	42.0572539	-104.9584614
56615709	560319594006	1	71500	42.0575534	-104.9588437
56615710	560319594006	1	12000	42.0576156	-104.9582548
56615711	560319594006	1	114530	42.0617784	-104.9555535
56615712	560319594006	1	85000	42.0616422	-104.9553540
56615713	560319594006	1	27400	42.0617841	-104.9555148
56615714	560319594006	1	32400	42.0517368	-104.9584859
56615715	560319594006	1	119920	42.0569896	-104.9551740
56615716	560319594006	1	30100	42.0664822	-104.9548810
56615717	560319594006	1	85000	42.0666463	-104.9541242
56615718	560319594006	1	53700	42.0569652	-104.9560481
56615719	560319594006	1	87100	42.0565638	-104.9562492
56615720	560319594006	1	28000	42.0570951	-104.9559378
56615721	560319594006	1	63400	42.0547281	-104.9621933
56615722	560319594006	1	26000	42.0592106	-104.9526762
56615723	560319594006	1	25700	42.0563647	-104.9560207
56615724	560319594006	1	12600	42.0534878	-104.9549372
56615725	560319594006	1	12000	42.0606052	-104.9583296
56615726	560319594006	1	52010	42.0606201	-104.9588484
56615727	560319594006	1	72400	42.0536888	-104.9548977
56615728	560319594006	1	63440	42.0535328	-104.9554098
56615729	560319594006	1	34000	42.0536134	-104.9548776
56615730	560319594006	1	11500	42.0518133	-104.9545994
56615731	560319594006	1	25200	42.0557880	-104.9561103
56615732	560319594006	1	10970	42.0561324	-104.9551421
56615733	560319594006	1	37900	42.0557372	-104.9555382
56615734	560319594006	1	87000	42.0516932	-104.9553079
56615735	560319594006	1	85000	42.0518155	-104.9554490
56615736	560319594006	1	84850	42.0517264	-104.9555175
56615737	560319594006	1	74200	42.0606202	-104.9546172
56615738	560319594006	1	55000	42.0560900	-104.9565595
56615739	560319594006	1	135000	42.0561063	-104.9644523
56615740	560319594006	1	13200	42.0592153	-104.9523936
56615741	560319594006	1	11860	42.0559887	-104.9640472
56615742	560319594006	1	25500	42.0605410	-104.9557444
56615743	560319594006	1	95000	42.0604901	-104.9564764
56615744	560319594006	1	27000	42.0609693	-104.9561079
56615745	560319594006	1	41500	42.0601948	-104.9548126
56615746	560319594006	1	27400	42.0554938	-104.9567073
56615747	560319594006	1	11500	42.0563963	-104.9568202
56615748	560319594006	1	71000	42.0559707	-104.9569931
56615749	560319594006	1	86000	42.0607385	-104.9546028
56615750	560319594006	1	42300	42.0553745	-104.9566745
56615751	560319594006	1	90800	42.0550687	-104.9571127
56615752	560319594006	1	87400	42.0652034	-104.9539571
56615753	560319594006	1	9900	42.0646604	-104.9548731
56615754	560319594006	1	85000	42.0651833	-104.9544855
56615755	560319594007	1	29300	42.0740492	-104.9581426
56615756	560319594007	1	48000	42.1015180	-104.9546120
56615757	560319594007	1	29700	42.0722710	-104.9546787
56615758	560319594007	1	28300	42.0720473	-104.9557837
56615759	560319594007	1	13300	42.0725340	-104.9552245
56615760	560319594007	1	36000	42.0725646	-104.9548215
56615761	560319594007	1	57900	42.0722012	-104.9552702
56615762	560319594007	1	37800	42.0720762	-104.9543642
56615763	560319594007	1	111000	42.0723775	-104.9538059
56615764	560319594007	1	26010	42.0720766	-104.9536772
56615765	560319594007	1	14410	42.0722216	-104.9546049
56615766	560319594007	1	19500	42.0720443	-104.9538961
56615767	560319594007	1	119500	42.0720377	-104.9538574
56615768	560319594007	1	13000	42.0723145	-104.9555867
56615769	560319594007	1	13200	42.0722462	-104.9541088
56615770	560319594007	1	30400	42.0721437	-104.9534926
56615771	560319594007	1	19300	42.0720679	-104.9536854
56615772	560319594007	1	50000	42.0726303	-104.9535986
56615773	560319594007	1	12000	42.0719245	-104.9538696
56615774	560319594007	1	25500	42.0723188	-104.9541683
56615775	560319594007	1	100800	42.0721110	-104.9551015
56615776	560319594007	1	22500	42.0724508	-104.9551738
56615777	560319594007	1	17000	42.0722558	-104.9548043
56615778	560319594007	1	100000	42.0722213	-104.9554847
56615779	560319594007	1	20600	42.0719792	-104.9547483
56615780	560319594007	1	112000	42.0721184	-104.9552810
56615781	560319594007	1	62000	42.0741500	-104.9584589
56615782	560319594007	1	12600	42.0742307	-104.9577408
56615783	560319594007	1	37000	42.1018533	-104.9531701
56615784	560319594007	1	45600	42.0294226	-104.9425233
56615785	560319594007	1	36000	42.0551144	-104.9449401
56615786	560319594007	1	30600	42.0554264	-104.9450643
56615787	560319594007	1	54000	42.0740188	-104.9568795
56615788	560319594007	1	28900	42.0738924	-104.9565492
56615789	560319594007	1	35700	42.0736305	-104.9578280
56615790	560319594007	1	36600	42.0736559	-104.9561773
56615791	560319594007	1	29000	42.0738958	-104.9575906
56615792	560319594007	1	100000	42.0737684	-104.9582049
56615793	560319594007	1	30500	42.0735947	-104.9567980
56615794	560319594007	1	80000	42.0620400	-104.9532205
56615795	560319594007	1	121780	42.0612908	-104.9531374
56615796	560319594007	1	52400	42.0614842	-104.9521776
56615797	560319594007	1	24900	42.0739692	-104.9562400
56615798	560319594007	1	74200	42.0613272	-104.9530250
56615799	560319594007	1	248500	42.0616780	-104.9522815
56615800	560319594007	1	11700	42.0301549	-104.9427592
56615801	560319594007	1	95120	42.0633996	-104.9525659
56615802	560319594007	1	11860	42.0331864	-104.9419325
56615803	560319594007	1	10600	42.0596003	-104.9457269
56615804	560319594007	1	74600	42.0539355	-104.9440554
56615805	560319594007	1	71100	42.0587042	-104.9517293
56615806	560319594007	1	57400	42.0595073	-104.9510247
56615807	560319594007	1	120000	42.0547232	-104.9445049
56615808	560319594007	1	43600	42.0551329	-104.9440133
56615809	560319594007	1	106000	42.0594034	-104.9506565
56615810	560319594007	1	69200	42.0590160	-104.9510324
56615811	560319594007	1	64800	42.0590047	-104.9511511
56615812	560319594007	1	12200	42.0539505	-104.9440060
56615813	560319594007	1	115300	42.0718088	-104.9558437
56615814	560319594007	1	103300	42.0588034	-104.9520320
56615815	560319594007	1	70000	42.0722841	-104.9583261
56615816	560319594007	1	22610	42.0720200	-104.9562099
56615817	560319594007	1	30000	42.0720270	-104.9558308
56615818	560319594007	1	50000	42.0724616	-104.9562579
56615819	560319594007	1	25200	42.0558448	-104.9458045
56615820	560319594007	1	51000	42.0723577	-104.9572459
56615821	560319594007	1	32400	42.0554915	-104.9446342
56615822	560319594007	1	43300	42.0542899	-104.9441847
56615823	560319594007	1	74800	42.0538421	-104.9448691
56615824	560319594007	1	260100	42.0560336	-104.9441309
56615825	560319594007	1	116500	42.0560336	-104.9448290
56615826	560319594007	1	33240	42.0555049	-104.9447764
56615827	560319594007	1	25600	42.0559714	-104.9452780
56615828	560319594007	1	34500	42.0720670	-104.9578970
56615829	560319594007	1	32000	42.0723920	-104.9579771
56615830	560319594007	1	43100	42.0721369	-104.9576443
56615831	560319594007	1	75600	42.0557224	-104.9456161
56615832	560319594007	1	28300	42.0579916	-104.9519002
56615833	560319594007	1	71500	42.0579800	-104.9517167
56615834	560319594007	1	45000	42.0327705	-104.9415805
56615835	560319594007	1	21030	42.0736651	-104.9537590
56615836	560319594007	1	57100	42.0732165	-104.9557808
56615837	560319594007	1	48000	42.0547034	-104.9452541
56615838	560319594007	1	39000	42.0598024	-104.9464932
56615839	560319594007	1	23100	42.0591574	-104.9466745
56615840	560319594007	1	85000	42.0732156	-104.9551006
56615841	560319594007	1	9700	42.0548982	-104.9462775
56615842	560319594007	1	24600	42.0550856	-104.9457123
56615843	560319594007	1	30300	42.0732294	-104.9568249
56615844	560319594007	1	9900	42.0726747	-104.9574611
56615845	560319594007	1	106000	42.0730884	-104.9548949
56615846	560319594007	1	118100	42.0729701	-104.9581629
56615847	560319594007	1	71700	42.0728010	-104.9568980
56615848	560319594007	1	23900	42.0727099	-104.9582330
56615849	560319594007	1	38400	42.0733455	-104.9569548
56615850	560319594007	1	57500	42.0731601	-104.9589115
56615851	560319594007	1	30500	42.0595572	-104.9446732
56615852	560319594007	1	58470	42.0737080	-104.9532963
56615853	560319594007	1	34200	42.0731409	-104.9546746
56615854	560319594007	1	135000	42.0735477	-104.9545067
56615855	560319594007	1	58610	42.0597496	-104.9447112
56615856	560319594007	1	101500	42.0732341	-104.9530172
56615857	560319594007	1	38960	42.0731477	-104.9528368
56615858	560319594007	1	110200	42.0537881	-104.9450262
56615859	560319594007	1	13800	42.0726130	-104.9522612
56615860	560319594007	1	34400	42.0599039	-104.9446335
56615861	560319594007	1	53000	42.0724556	-104.9525020
56615862	560319594007	1	16000	42.0544548	-104.9452237
56615863	560319594007	1	100000	42.0728630	-104.9529094
56615864	560319594007	1	17200	42.0542611	-104.9453667
56615865	560319594007	1	122300	42.0714433	-104.9539081
56615866	560319594007	1	14600	42.0465071	-104.9160163
56615867	560319594007	1	50300	42.0583027	-104.9509504
56615868	560319594007	1	55600	42.0741918	-104.9528757
56615869	560319594007	1	45300	42.0683292	-104.9546140
56615870	560319594007	1	31400	42.0331416	-104.9412052
56615871	560319594007	1	114200	42.0688421	-104.9551031
56615872	560319594007	1	117600	42.0746692	-104.9525111
56615873	560319594007	1	27800	42.0737541	-104.9594516
56615874	560319594007	1	22610	42.0742596	-104.9585706
56615875	560319594007	1	54600	42.0577403	-104.9511334
56615876	560319594007	1	17600	42.0736424	-104.9557549
56615877	560319594007	1	28700	42.0714298	-104.9521343
56615878	560319594007	1	37880	42.0717660	-104.9531567
56615879	560319594007	1	78400	42.0702740	-104.9525698
56615880	560319594007	1	13970	42.0743666	-104.9549978
56615881	560319594007	1	28500	42.0702446	-104.9521013
56615882	560319594007	1	37000	42.0464570	-104.9161007
56615883	560319594007	1	14800	42.0589849	-104.9452813
56615884	560319594007	1	71500	42.0737166	-104.9546948
56615885	560319594007	1	151000	42.0568000	-104.9441319
56615886	560319594007	1	94000	42.0565823	-104.9447074
56615887	560319594007	1	19410	42.0577522	-104.9450674
56615888	560319594007	1	40500	42.0739492	-104.9544888
56615889	560319594007	1	25700	42.0575355	-104.9447192
56615890	560319594007	1	197900	42.0530429	-104.9445919
56615891	560319594007	1	28000	42.0479586	-104.9172972
56615892	560319594007	1	83600	42.0583159	-104.9454828
56615893	560319594007	1	120020	42.0476898	-104.9169254
56615894	560319594007	1	31400	42.0535839	-104.9437560
56615895	560319594007	1	108000	42.0474632	-104.9169234
56615896	560319594007	1	27000	42.0467487	-104.9167391
56615897	560319594007	1	34400	42.0536739	-104.9471674
56615898	560319594007	1	73000	42.0704603	-104.9556198
56615899	560319594007	1	19300	42.0699557	-104.9555560
56615900	560319594007	1	15000	42.0527375	-104.9440572
56615901	560319594007	1	92200	42.0668361	-104.9533871
56615902	560319594007	1	39000	42.0665813	-104.9531824
56615903	560319594007	1	139000	42.0709619	-104.9549274
56615904	560319594007	1	61100	42.0527045	-104.9440913
56615905	560319594007	1	63000	42.0710180	-104.9547538
56615906	560319594007	1	22600	42.0475354	-104.9209693
56615907	560319594007	1	141700	42.0488589	-104.9183727
56615908	560319594007	1	106000	42.0699544	-104.9553833
56615909	560319594007	1	70500	42.0486816	-104.9176749
56615910	560319594007	1	42000	42.0473309	-104.9212308
56615911	560319594007	1	117000	42.0485444	-104.9204450
56615912	560319594007	1	58490	42.0490235	-104.9204656
56615913	560319594007	1	25100	42.0568290	-104.9462760
56615914	560319594007	1	35000	42.0652469	-104.9526310
56615915	560319594007	1	94500	42.0455979	-104.9232093
56615916	560319594007	1	21700	42.0707599	-104.9554464
56615917	560319594007	1	39400	42.0611586	-104.9520339
56615918	560319594007	1	20000	42.0643193	-104.9531222
56615919	560319594007	1	32300	42.0692877	-104.9535924
56615920	560319594007	1	13350	42.0555819	-104.9472660
56615921	560319594007	1	84390	42.1031352	-104.9555443
56615922	560319594007	1	52908	42.1007963	-104.9550194
56615923	560319594007	1	24000	42.0659341	-104.9530807
56615924	560319594007	1	57000	42.0325395	-104.9400777
56615925	560319594007	1	103000	42.1017086	-104.9563161
56615926	560319594007	1	298800	42.1027371	-104.9548512
56615927	560319594007	1	20500	42.1023051	-104.9556049
56615928	560319594007	1	21500	42.0510805	-104.9437355
56615929	560319594007	1	97000	42.0579799	-104.9491741
56615930	560319594007	1	22400	42.0347894	-104.9435837
56615931	560319594007	1	19300	42.0546555	-104.9433814
56615932	560319594007	1	51300	42.1037204	-104.9546669
56615933	560319594007	1	22200	42.0479283	-104.9226602
56615934	560319594007	1	13970	42.0686348	-104.9531675
56615935	560319594007	1	100040	42.0702032	-104.9537779
56615936	560319594007	1	90100	42.0530305	-104.9426344
56615937	560319594007	1	23000	42.0337048	-104.9416335
56615938	560319594007	1	16800	42.0343766	-104.9407577
56615939	560319594007	1	118500	42.0522223	-104.9433118
56615940	560319594007	1	21500	42.0462830	-104.9193958
56615941	560319594007	1	93600	42.0467604	-104.9191414
56615942	560319594007	1	78100	42.1039094	-104.9551722
56615943	560319594007	1	39000	42.0474052	-104.9178378
56615944	560319594007	1	23000	42.0336177	-104.9404839
56615945	560319594007	1	131500	42.0347252	-104.9419619
56615946	560319594007	1	15900	42.0332496	-104.9425368
56615947	560319594007	1	37800	42.0462385	-104.9171206
56615948	560319594007	1	151500	42.1001812	-104.9561145
56615949	560319594007	1	15450	42.0359451	-104.9395060
56615950	560319594007	1	14730	42.0998626	-104.9544313
56615951	560319594007	1	14000	42.1005615	-104.9567957
56615952	560319594007	1	60430	42.0988769	-104.9547793
56615953	560319594007	1	96000	42.1001183	-104.9547367
56615954	560319594007	1	86900	42.0564498	-104.9470890
56615955	560319594007	1	292000	42.0886321	-104.9512730
56615956	560319594007	1	32000	42.0469987	-104.9227384
56615957	560319594007	1	25900	42.0481128	-104.9181581
56615958	560319594007	1	54200	42.0478109	-104.9235060
56615959	560319594007	1	64340	42.0489055	-104.9228602
56615960	560319594007	1	29200	42.0497961	-104.9227307
56615961	560319594007	1	15780	42.0558407	-104.9496186
56615962	560319594007	1	25100	42.0492772	-104.9213191
56615963	560319594007	1	107000	42.0588112	-104.9489544
56615964	560319594007	1	20200	42.0477511	-104.9185773
56615965	560319594007	1	18700	42.0471260	-104.9205580
56615966	560319594007	1	12100	42.0491003	-104.9192464
56615967	560319594007	1	38000	42.0471928	-104.9212068
56615968	560319594007	1	103800	42.0351431	-104.9420336
56615969	560319594007	1	28600	42.0364997	-104.9384226
56615970	560319594007	1	97000	42.0591162	-104.9504519
56615971	560319594007	1	71500	42.0324681	-104.9425609
56615972	560319594007	1	21500	42.0595313	-104.9472532
56615973	560319594007	1	18000	42.1006015	-104.9577220
56615974	560319594007	1	78700	42.0717043	-104.9565339
56615975	560319594007	1	106000	42.0545443	-104.9469135
56615976	560319594007	1	91900	42.0607267	-104.9333782
56615977	560319594007	1	30500	42.0575763	-104.9496127
56615978	560319594007	1	51000	42.1002777	-104.9580497
56615979	560319594007	1	32800	42.0478735	-104.9200383
56615980	560319594007	1	45000	42.0493964	-104.9207557
56615981	560319594007	1	17600	42.0483065	-104.9219694
56615982	560319594007	1	33440	42.0499826	-104.9234078
56615983	560319594007	1	28000	42.0585527	-104.9426092
56615984	560319594007	1	17300	42.0498824	-104.9493147
56615985	560319594007	1	54000	42.0560405	-104.9496297
56615986	560319594007	1	39000	42.0317476	-104.9423188
56615987	560319594007	1	19400	42.0467387	-104.9233280
56615988	560319594007	1	28000	42.0354752	-104.9435985
56615989	560319594007	1	98000	42.0582993	-104.9465416
56615990	560319594007	1	31800	42.0509749	-104.9225807
56615991	560319594007	1	52500	42.0579676	-104.9463945
56615992	560319594007	1	289550	42.0308781	-104.9429882
56615993	560319594007	1	12900	42.0598506	-104.9354550
56615994	560319594007	1	65200	42.0452331	-104.9450084
56615995	560319594007	1	86050	42.0527796	-104.9457683
56615996	560319594007	1	43000	42.0585262	-104.9473885
56615997	560319594007	1	38000	42.0550880	-104.9421592
56615998	560319594007	1	18200	42.0354546	-104.9408826
56615999	560319594007	1	79680	42.0576853	-104.9475626
56616000	560319594007	1	26170	42.0584931	-104.9484239
56616001	560319594007	1	35700	42.0575318	-104.9484503
56616002	560319594007	1	57500	42.0599521	-104.9438044
56616003	560319594007	1	68600	42.0548620	-104.9482735
56616004	560319594007	1	716000	42.0544088	-104.9498239
56616005	560319594007	1	64000	42.0566254	-104.9485356
56616006	560319594007	1	153000	42.0492102	-104.9241421
56616007	560319594007	1	38400	42.0557097	-104.9482697
56616008	560319594007	1	27000	42.0581508	-104.9432106
56616009	560319594007	1	10300	42.0433991	-104.9506151
56616010	560319594007	1	58800	42.0362153	-104.9410238
56616011	560319594007	1	23100	42.0484699	-104.9246764
56616012	560319594007	1	106000	42.0678567	-104.9529714
56616013	560319594007	1	33000	42.0446082	-104.9510653
56616014	560319594007	1	66700	42.0456349	-104.9497438
56616015	560319594007	1	60600	42.0495905	-104.9199250
56616016	560319594007	1	136600	42.0549098	-104.9435848
56616017	560319594007	1	22500	42.0453781	-104.9451108
56616018	560319594007	1	96000	42.0600547	-104.9343934
56616019	560319594007	1	12000	42.0627385	-104.9526482
56616020	560319594007	1	136700	42.0518760	-104.9448917
56616021	560319594007	1	15100	42.0601206	-104.9389325
56616022	560319594007	1	69060	42.0362108	-104.9395833
56616023	560319594007	1	63400	42.0483120	-104.9452606
56616024	560319594007	1	21000	42.0452570	-104.9490605
56616025	560319594007	1	14400	42.0494908	-104.9450627
56616026	560319594007	1	46500	42.0702085	-104.9557473
56616027	560319594007	1	31500	42.0467825	-104.9440733
56616028	560319594007	1	51000	42.0599921	-104.9366577
56616029	560319594007	1	12400	42.0599489	-104.9377364
56616030	560319594007	1	90800	42.1005686	-104.9589821
56616031	560319594007	1	14000	42.0457933	-104.9441075
56616032	560319594007	1	99010	42.0566434	-104.9432340
56616033	560319594007	1	24000	42.0319917	-104.9374590
56616034	560319594007	1	29700	42.1015782	-104.9494853
56616035	560319594007	1	14000	42.0456557	-104.9459500
56616036	560319594007	1	26920	42.0583579	-104.9399572
56616037	560319594007	1	23200	42.0322417	-104.9389264
56616038	560319594007	1	13970	42.0334109	-104.9375546
56616039	560319594007	1	16600	42.0481581	-104.9449138
56616040	560319594007	1	19800	42.0446311	-104.9522562
56616041	560319594007	1	13000	42.0318969	-104.9360724
56616042	560319594007	1	15000	42.0527684	-104.9376564
56616043	560319594007	1	19410	42.0319957	-104.9400324
56616044	560319594007	1	12000	42.0738997	-104.9598442
56616045	560319594007	1	628000	42.0463052	-104.9482186
56616046	560319594007	1	70900	42.0484791	-104.9455643
56616047	560319594007	1	25000	42.0498235	-104.9459540
56616048	560319594007	1	18000	42.0471443	-104.9125735
56616049	560319594007	1	20100	42.0469613	-104.9145898
56616050	560319594007	1	32800	42.0587507	-104.9395929
56616051	560319594007	1	12200	42.0591342	-104.9410097
56616052	560319594007	1	103300	42.0562115	-104.9430413
56616053	560319594007	1	78000	42.0483222	-104.9153410
56616054	560319594007	1	34300	42.0481935	-104.9138347
56616055	560319594007	1	23000	42.1026811	-104.9500819
56616056	560319594007	1	14400	42.0979797	-104.9525275
56616057	560319594007	1	63100	42.0446147	-104.9479226
56616058	560319594007	1	22700	42.0488128	-104.9167851
56616059	560319594007	1	60000	42.0481781	-104.9461201
56616060	560319594007	1	37280	42.0972140	-104.9533728
56616061	560319594007	1	15000	42.0506936	-104.9453057
56616062	560319594007	1	67700	42.0598025	-104.9411745
56616063	560319594007	1	97000	42.0334928	-104.9373177
56616064	560319594007	1	28900	42.0487602	-104.9128829
56616065	560319594007	1	26500	42.0244050	-104.9426306
56616066	560319594007	1	25800	42.0591016	-104.9439379
56616067	560319594007	1	29000	42.0479330	-104.9121101
56616068	560319594007	1	93200	42.0483758	-104.9124727
56616069	560319594007	1	298800	42.0503200	-104.9192244
56616070	560319594007	1	12500	42.0492959	-104.9179900
56616071	560319594007	1	68400	42.0508180	-104.9464255
56616072	560319594007	1	21960	42.0733711	-104.9257513
56616073	560319594007	1	58610	42.0485557	-104.9155122
56616074	560319594007	1	25200	42.0326860	-104.9353495
56616075	560319594007	1	79900	42.0466905	-104.9461669
56616076	560319594007	1	344200	42.0807453	-104.9717424
56616077	560319594007	1	16800	42.0493531	-104.9166242
56616078	560319594007	1	39400	42.0481521	-104.9513608
56616079	560319594007	1	20000	42.0468887	-104.9499871
56616080	560319594007	1	71100	42.0893411	-104.9673679
56616081	560319594007	1	27800	42.0493246	-104.9141243
56616082	560319594007	1	12790	42.0445383	-104.9527770
56616083	560319594007	1	54350	42.0599151	-104.9399402
56616084	560319594007	1	38000	42.0534938	-104.9377862
56616085	560319594007	1	20200	42.0887641	-104.9525226
56616086	560319594007	1	75500	42.0494384	-104.9500665
56616087	560319594007	1	9900	42.0467324	-104.9469744
56616088	560319594007	1	23120	42.0500026	-104.9213973
56616089	560319594007	1	42000	42.0504116	-104.9211800
56616090	560319594007	1	69200	42.0510712	-104.9218070
56616091	560319594007	1	71000	42.0474798	-104.9474195
56616092	560319594007	1	38200	42.0874804	-104.9526077
56616093	560319594007	1	14400	42.0326824	-104.9342090
56616094	560319594007	1	85000	42.0489459	-104.9472352
56616095	560319594007	1	24000	42.0496276	-104.9475859
56616096	560319594007	1	19300	42.0507896	-104.9469866
56616097	560319594007	1	100660	42.0451031	-104.9467931
56616098	560319594007	1	62110	42.0510312	-104.9466116
56616099	560319594007	1	22400	42.0510811	-104.9470795
56616100	560319594007	1	64000	42.0459432	-104.9466775
56616101	560319594007	1	63100	42.0463644	-104.9517193
56616102	560319594007	1	137500	42.0482473	-104.9491572
56616103	560319594007	1	14800	42.0476288	-104.9495638
56616104	560319594007	1	24000	42.0456063	-104.9487581
56616105	560319594007	1	20000	42.0473472	-104.9488977
56616106	560319594007	1	11600	42.0507473	-104.9490738
56616107	560319594007	1	51000	42.0496525	-104.9492060
56616108	560319594007	1	15400	42.0504294	-104.9482499
56616109	560319594007	1	54000	42.0474520	-104.9503040
56616110	560319594007	1	22000	42.0459274	-104.9509811
56616111	560319594007	1	40000	42.0484563	-104.9491116
56616112	560319594007	1	46000	42.0920059	-104.9670904
56616113	560319594007	1	30400	42.0577285	-104.9379152
56616114	560319594007	1	21700	42.0469613	-104.9505450
56616115	560319594007	1	24000	42.0451197	-104.9519093
56616116	560319594007	1	102000	42.0970089	-104.9553138
56616117	560319594007	1	20200	42.0978146	-104.9556537
56616118	560319594007	1	40000	42.0327609	-104.9396556
56616119	560319594007	1	22000	42.0286759	-104.9427192
56616120	560319594007	1	74000	42.1293378	-104.9361549
56616121	560319594007	1	27500	42.0355320	-104.9368515
56616122	560319594007	1	24400	42.0592759	-104.9430450
56616123	560319594007	1	30200	42.0443428	-104.9447396
56616124	560319594007	1	37200	42.0715298	-104.9256926
56616125	560319594007	1	93600	42.0538561	-104.9396878
56616126	560319594007	1	33440	42.0901379	-104.9672301
56616127	560319594007	1	22800	42.0524985	-104.9393528
56616128	560319594007	1	128000	42.0099915	-104.9589183
56616129	560319594007	1	105400	42.0569331	-104.9425446
56616130	560319594007	1	56300	42.0540965	-104.9415721
56616131	560319594007	1	20200	42.0990481	-104.9556909
56616132	560319594007	1	59200	42.1013603	-104.9538342
56616133	560319594007	1	14000	42.0726240	-104.9265328
56616134	560319594007	1	57300	42.0395919	-104.9541707
56616135	560319594007	1	30000	42.0990381	-104.9527416
56616136	560319594007	1	38000	42.0580158	-104.9427747
56616137	560319594007	1	21710	42.1001751	-104.9526705
56616138	560319594007	1	14600	42.0985699	-104.9546047
56616139	560319594007	1	102600	42.0983791	-104.9525405
56616140	560319594007	1	106000	42.0994583	-104.9537386
56616141	560319594007	1	52500	42.0986409	-104.9558235
56616142	560319594007	1	42000	42.0983541	-104.9532446
56616143	560319594007	1	94300	42.1011791	-104.9524701
56616144	560319594007	1	15300	42.1033063	-104.9526330
56616145	560319594007	1	74000	42.0928105	-104.9673203
56616146	560319594007	1	82400	42.0962642	-104.9527667
56616147	560319594007	1	22000	42.0966679	-104.9552785
56616148	560319594007	1	121500	42.0966044	-104.9539118
56616149	560319594007	1	45500	42.0964137	-104.9564163
56616150	560319594007	1	30000	42.0435562	-104.9104162
56616151	560319594007	1	33000	42.0904802	-104.9558748
56616152	560319594007	1	49000	42.0956285	-104.9535179
56616153	560319594007	1	37800	42.0961585	-104.9525719
56616154	560319594007	1	96000	42.0958780	-104.9543379
56616155	560319594007	1	80000	42.0521533	-104.9246130
56616156	560319594007	1	102100	42.0954180	-104.9555622
56616157	560319594007	1	45000	42.0973093	-104.9568191
56616158	560319594007	1	37800	42.0965142	-104.9568052
56616159	560319594007	1	15100	42.0957884	-104.9566001
56616160	560319594007	1	58800	42.1029383	-104.9569748
56616161	560319594007	1	26500	42.0947626	-104.9570899
56616162	560319594007	1	16600	42.0950649	-104.9550201
56616163	560319594007	1	40700	42.0944009	-104.9554585
56616164	560319594007	1	70000	42.0432687	-104.9166735
56616165	560319594007	1	16130	42.0361103	-104.9348202
56616166	560319594007	1	25000	42.0410201	-104.9532878
56616167	560319594007	1	12400	42.1022624	-104.9578233
56616168	560319594007	1	38001	42.1019495	-104.9489527
56616169	560319594007	1	283630	42.0278008	-104.9418411
56616170	560319594007	1	24000	42.0732234	-104.9383943
56616171	560319594007	1	39000	42.0731204	-104.9372664
56616172	560319594007	1	26800	42.0913287	-104.9565198
56616173	560319594007	1	52700	42.0911469	-104.9554051
56616174	560319594007	1	76300	42.0941025	-104.9540768
56616175	560319594007	1	67000	42.0410511	-104.9525069
56616176	560319594007	1	72000	42.0447842	-104.9165501
56616177	560319594007	1	45000	42.0904873	-104.9548874
56616178	560319594007	1	85000	42.0912421	-104.9672095
56616179	560319594007	1	94000	42.0398190	-104.9123981
56616180	560319594007	1	22400	42.0908008	-104.9821985
56616181	560319594007	1	20250	42.0448346	-104.9121058
56616182	560319594007	1	44800	42.0978189	-104.9577713
56616183	560319594007	1	82700	42.0416714	-104.9533961
56616184	560319594007	1	14200	42.0446696	-104.9152179
56616185	560319594007	1	22000	42.0434920	-104.9139536
56616186	560319594007	1	53600	42.1029566	-104.9663662
56616187	560319594007	1	92000	42.1029237	-104.9649169
56616188	560319594007	1	21960	42.0418089	-104.9163583
56616189	560319594007	1	13200	42.1023612	-104.9596100
56616190	560319594007	1	31000	42.0435038	-104.9145089
56616191	560319594007	1	132360	42.0954415	-104.9580549
56616192	560319594007	1	28300	42.0423341	-104.9156125
56616193	560319594007	1	38000	42.1015771	-104.9582968
56616194	560319594007	1	22400	42.1024211	-104.9484047
56616195	560319594007	1	48000	42.0397240	-104.9182201
56616196	560319594007	1	74800	42.0423715	-104.9113974
56616197	560319594007	1	24400	42.0439597	-104.9107774
56616198	560319594007	1	21600	42.0932370	-104.9540551
56616199	560319594007	1	72500	42.0430446	-104.9143305
56616200	560319594007	1	70000	42.0400181	-104.9199317
56616201	560319594007	1	130240	42.0430198	-104.9138007
56616202	560319594007	1	40000	42.0449101	-104.9108699
56616203	560319594007	1	24000	42.0442874	-104.9498138
56616204	560319594007	1	25600	42.0445354	-104.9141215
56616205	560319594007	1	99000	42.0433085	-104.9115747
56616206	560319594007	1	47500	42.0393726	-104.9218688
56616207	560319594007	1	50000	42.0401894	-104.9165468
56616208	560319594007	1	13970	42.0400086	-104.9154540
56616209	560319594007	1	104000	42.0399523	-104.9211543
56616210	560319594007	1	74800	42.0431846	-104.9097394
56616211	560319594007	1	22600	42.0396922	-104.9138356
56616212	560319594007	1	23000	42.0394868	-104.9237519
56616213	560319594007	1	13174	42.0437143	-104.9083613
56616214	560319594007	1	40700	42.0392403	-104.9227477
56616215	560319594007	1	22500	42.0449880	-104.9099865
56616216	560319594007	1	58100	42.0407047	-104.9226802
56616217	560319594007	1	105530	42.0445579	-104.9089997
56616218	560319594007	1	65001	42.0384906	-104.9188519
56616219	560319594007	1	23600	42.1031362	-104.9506599
56616220	560319594007	1	43100	42.0399307	-104.9126876
56616221	560319594007	1	110000	42.0920256	-104.9565848
56616222	560319594007	1	39150	42.1033326	-104.9489611
56616223	560319594007	1	69200	42.0389098	-104.9182324
56616224	560319594007	1	51000	42.0413573	-104.9110132
